Geneid	RT	shape_category
OR4F5	0.3204061621815919	ac
OR4F29	0.5095835996276635	ac
OR4F16	0.30294185109209804	ac
SAMD11	0.2421042617623792	me3_domain
NOC2L	0.23312017350206604	me1
KLHL17	0.2288289003732773	me1
PLEKHN1	0.22593238342708366	me2
PERM1	0.22320082951555353	me3_domain
HES4	0.21824693532294137	ac
ISG15	0.217252384729537	ac
AGRN	0.21707236843252242	me1
RNF223	0.22134906350412675	me2
C1ORF159	0.225438686036598	me1
TTLL10	0.22439229605997835	me2
TNFRSF18	0.22023190724105557	me2
TNFRSF4	0.21840039897986474	me1
SDF4	0.21542177230051218	ac
B3GALT6	0.2132912264409108	ac
C1QTNF12	0.2101029528165509	me1
UBE2J2	0.20507450009102268	ac
SCNN1D	0.20005229417456505	me2
ACAP3	0.19698215187315626	ac
PUSL1	0.19559069386009953	ac
INTS11	0.19429406035768892	ac
CPTP	0.1933085354217131	ac
TAS1R3	0.1926001780414297	me1
DVL1	0.19170819529216165	ac
MXRA8	0.19073885322243356	ac
AURKAIP1	0.19011570521763388	ac
CCNL2	0.18984900012937378	ac
MRPL20	0.18974875266270042	ac
ANKRD65	0.18956179827109154	me1
TMEM88B	0.1894151379825234	me1
VWA1	0.18907598837546147	me1
ATAD3C	0.1879909183275713	me2
ATAD3B	0.18628916287876407	ac
ATAD3A	0.1846360030204255	ac
TMEM240	0.1850045242521281	ac
SSU72	0.1875383418567489	ac
FNDC10	0.19894336089892517	me1
MIB2	0.20869364434209003	me1
MMP23B	0.2133483570503817	me1
CDK11B	0.21765379333496104	ac
SLC35E2B	0.22878662698738017	ac
CDK11A	0.231316009575271	ac
NADK	0.21141739070309018	ac
GNB1	0.1821888479209932	me1
CALML6	0.19712880368739616	me2
TMEM52	0.19917031222205184	me1
CFAP74	0.22829819620884695	me3_domain
GABRD	0.25871169749326695	me3_domain
PRKCZ	0.25390598672042586	me3_domain
FAAP20	0.23498338106146266	ac
SKI	0.24708967027190765	me1
MORN1	0.2940875738908717	me3_domain
RER1	0.31134764311129626	ac
PEX10	0.3143578259188332	ac
PLCH2	0.3258399217793806	me3_domain
PANK4	0.34094678922112553	me1
HES5	0.3463342750673495	me3_domain
TNFRSF14	0.3648151999166095	me2
PRXL2B	0.38968195937393224	ac
MMEL1	0.4170201725362177	me3_domain
TTC34	0.526119097576255	me1
ACTRT2	0.5870154622249737	me3_domain
PRDM16	0.5253126658934186	me3_domain
ARHGEF16	0.3999949249475483	me3_domain
MEGF6	0.3374704501437852	me3_domain
TPRG1L	0.28379019075927525	me1
WRAP73	0.2761473234557773	me1
TP73	0.25274670445064673	me3_domain
CCDC27	0.20676464984881848	me2
SMIM1	0.19108896769945727	ac
LRRC47	0.17727190121224712	ac
CEP104	0.17193950636604716	me1
DFFB	0.23610794440180105	me1
C1ORF174	0.32911653220090253	ac
AJAP1	0.634071674084068	me3
NPHP4	0.3794335416723278	me1
KCNAB2	0.3266092051580576	me3
CHD5	0.27979303394756283	me3_domain
ENSG00000285629	0.2640725252232877	me3
RPL22	0.2575158209043269	ac
RNF207	0.2530850562992635	ac
ICMT	0.24926234715006046	ac
HES3	0.24642917696634925	me3_domain
GPR153	0.2449804844475335	me3_domain
ACOT7	0.23974524713020695	me1
HES2	0.2292846876913076	me3_domain
ESPN	0.2250454099203142	me3_domain
TNFRSF25	0.22157204182942702	me3_domain
PLEKHG5	0.21892539378796516	me3_domain
NOL9	0.21900840825781875	ac
TAS1R1	0.22228148377383405	ac
ZBTB48	0.22532670633014373	ac
KLHL21	0.2297946151662268	ac
PHF13	0.23402441047735978	ac
THAP3	0.2377017862876738	ac
DNAJC11	0.25460287501279155	me1
CAMTA1	0.45774032572573875	me3_domain
VAMP3	0.38220909332045216	ac
PER3	0.3737678985461854	ac
UTS2	0.3646499764116208	Unassigned
TNFRSF9	0.33109953214001964	me3_domain
PARK7	0.32134960574036864	ac
ERRFI1	0.3245811986327848	ac
SLC45A1	0.39355588208089476	me3_domain
RERE	0.3032737010172487	me1
ENO1	0.23562760113812586	ac
CA6	0.26254668126295255	me3_domain
SLC2A7	0.3026689887330565	me3_domain
SLC2A5	0.33555405620144174	me3_domain
GPR157	0.35869218705572437	me3_domain
H6PD	0.399207268447054	me3_domain
SPSB1	0.4143651528793041	me3_domain
SLC25A33	0.2958389899007179	ac
TMEM201	0.2864307625823227	me1
PIK3CD	0.2657466682005831	ac
CLSTN1	0.23248577589713804	me1
CTNNBIP1	0.20075490608224422	me1
LZIC	0.19559576130276923	ac
NMNAT1	0.20094895766642995	me1
RBP7	0.21675315029928166	me3_domain
UBE4B	0.26178873193025876	me1
KIF1B	0.2521443944524926	me1
PGD	0.24946613326081024	ac
CENPS-CORT	0.24602148758998954	me1
CENPS	0.24653747135372261	me1
CORT	0.2449101183292357	me1
DFFA	0.24377413712014373	ac
PEX14	0.2690462799188441	me1
CASZ1	0.34125113507999183	me3_domain
C1ORF127	0.255487727464504	me3_domain
TARDBP	0.2325155032677112	ac
MASP2	0.23171491676660105	me2
SRM	0.23346391637261943	ac
EXOSC10	0.23957073776004367	ac
MTOR	0.2601954034274989	me1
ANGPTL7	0.2637056643850012	me1
UBIAD1	0.2740280138188794	me1
DISP3	0.3217005369311552	me3_domain
FBXO2	0.2390031643600804	me3_domain
FBXO44	0.23274384672505444	me1
MAD2L2	0.2244434669064852	me1
FBXO6	0.2274894563272255	me1
DRAXIN	0.21094703893853772	me2
AGTRAP	0.19839368671134994	ac
C1ORF167	0.1901097378528277	me1
MTHFR	0.184939533953824	ac
CLCN6	0.17869117180597016	ac
NPPA	0.1749365458830654	me1
NPPB	0.17316718169895506	me3_domain
KIAA2013	0.16519611674992818	ac
PLOD1	0.16285192822323813	me1
MFN2	0.16137766080447447	ac
MIIP	0.1617443207921968	me1
TNFRSF8	0.16677028934823124	me1
TNFRSF1B	0.17567858458088592	me1
VPS13D	0.19109451926937593	ac
DHRS3	0.2018511973210153	ac
AADACL4	0.21408968963812203	me1
AADACL3	0.2480156774289186	me3_domain
CFAP107	0.2702327958739975	me3_domain
PRAMEF12	0.2858273699629996	me3_domain
PRAMEF1	0.29621509949996605	me2
PRAMEF11	0.3100524139404297	me2
HNRNPCL1	0.3184524454761284	me3_domain
PRAMEF2	0.3238943895725389	me2
PRAMEF4	0.34118139862928987	me2
PRAMEF10	0.3561569778513354	me2
PRAMEF7	0.390232945419848	me3
PRAMEF6	0.44168700782168724	me2
PRAMEF27		me2
HNRNPCL3		me3
PRAMEF25	0.6083729553222657	me2
HNRNPCL2	0.6259997548685445	me3
PRAMEF26	0.6814811400853047	me2
HNRNPCL4		me2
PRAMEF9		me2
PRAMEF13		me2
PRAMEF18		me2
PRAMEF5	0.7682966039252753	me2
PRAMEF8	0.7376173109151458	me2
PRAMEF33	0.6558841070500874	me2
PRAMEF15	0.6634313701678647	me2
PRAMEF14	0.5144870156643228	me2
PRAMEF19	0.4211539385670815	me3
PRAMEF17	0.5079425396043817	me3
PRAMEF20	0.46111959922874657	me2
LRRC38	0.5204433405227233	me3_domain
PDPN	0.5688155891779968	me3_domain
PRDM2	0.5562901842919865	me3
KAZN	0.4371534060726654	me2
TMEM51	0.356835792214678	me3_domain
FHAD1	0.3034823079072012	me3_domain
EFHD2	0.26675925915440857	me1
CTRC	0.2568110833909776	me2
CELA2A	0.24854841165162622	me2
CELA2B	0.24325884656970576	me2
CASP9	0.23307298716834668	me1
DNAJC16	0.21972105565715905	ac
AGMAT	0.2148816263957246	me2
DDI2	0.19789290060471354	ac
RSC1A1	0.1930915093242459	me1
PLEKHM2	0.182991937208966	me1
SLC25A34	0.17896074580135835	me1
TMEM82	0.17837261696497209	me3_domain
FBLIM1	0.17661677948348642	me3_domain
UQCRHL	0.17530489123842263	me2
SPEN	0.18245091634768296	ac
ZBTB17	0.20373811444838041	ac
SRARP	0.2224694172324504	me2
HSPB7	0.22638345170315133	ac
CLCNKA	0.2289621117513565	me2
CLCNKB	0.23390805541637338	me2
FAM131C	0.23576927145743465	me3_domain
EPHA2	0.22641829707171945	ac
ARHGEF19	0.21836252734663975	me1
CPLANE2	0.22128218689011847	me1
FBXO42	0.23600235643177325	me1
SZRD1	0.2453091888904122	me1
SPATA21	0.24487736748694489	me1
NECAP2	0.24502230258128033	ac
NBPF1	0.2659900517930385	me1
CROCC	0.2802615136993696	me2
MFAP2	0.24739617142966852	me3_domain
ATP13A2	0.25633514163853977	me1
ENSG00000288636	0.2613367291216112	me1
SDHB	0.2800555616895377	me1
PADI2	0.3213659436467714	me3_domain
PADI1	0.38051879959402446	me3_domain
PADI3	0.3883997603903949	me3_domain
PADI4	0.38792838685272424	me3_domain
PADI6	0.3867782666106645	me3_domain
RCC2	0.39234700251378396	ac
ARHGEF10L	0.4760633148810368	me3_domain
ACTL8	0.5703089530167497	me3_domain
IGSF21	0.6091187983745172	me2
KLHDC7A	0.5735775851430333	me3_domain
PAX7	0.4727109638419653	me3_domain
TAS1R2	0.3821714975623117	me3_domain
ALDH4A1	0.3691289858392858	me1
IFFO2	0.3558816669113294	me3_domain
UBR4	0.31580809753606376	ac
EMC1	0.309248462380182	ac
MRTO4	0.30717217768992755	ac
AKR7L	0.30524797275402027	me2
AKR7A3	0.30301070234251537	me1
AKR7A2	0.2995730031580708	me1
SLC66A1	0.2977806487739998	me1
CAPZB	0.2903488838703574	me1
MICOS10	0.29255543864695843	me2
NBL1	0.3016255573222172	me1
MICOS10-NBL1	0.30144432337438554	me1
HTR6	0.31777731693909705	me3_domain
TMCO4	0.34313923026082027	me3_domain
RNF186	0.36200416886357134	me3_domain
OTUD3	0.3827277503249831	me1
PLA2G2E	0.391938036916364	me3_domain
PLA2G2A	0.4139276177979535	me3_domain
PLA2G5	0.4311440451164502	me3_domain
PLA2G2D	0.4352575180273007	me3_domain
PLA2G2F	0.4376950673964478	me3_domain
PLA2G2C	0.44135701229101554	ac
UBXN10	0.44361056114973285	ac
VWA5B1	0.4528639807267446	me3_domain
CAMK2N1	0.4073576236898968	me3_domain
MUL1	0.39708228268902457	me1
FAM43B	0.3691907726916249	me3_domain
CDA	0.34166363516775433	me3_domain
PINK1	0.32436078802841306	me2
DDOST	0.3188196807510226	me1
KIF17	0.30939037569505334	me3_domain
SH2D5	0.30274115098615373	me3_domain
HP1BP3	0.3016336543735959	ac
EIF4G3	0.3219137283493374	me1
ECE1	0.27904167147124814	me2
NBPF3	0.2690379573768652	me2
ALPL	0.2514458196250815	me3_domain
ENSG00000289715	0.24941393566470438	me3_domain
RAP1GAP	0.22572626742675128	me1
USP48	0.2038956556045073	ac
LDLRAD2	0.18256130630277856	me1
HSPG2	0.17067549189957953	me1
CELA3B	0.16085646381313257	me3_domain
CELA3A	0.1610631105543967	me3_domain
ENSG00000289694	0.16879595992468577	ac
CDC42	0.17343955045469917	ac
WNT4	0.2004752639752302	me3_domain
ZBTB40	0.3995347546766429	me1
EPHA8	0.4346765768073567	me3_domain
C1QA	0.4466328590608247	me3_domain
ENSG00000289692	0.4471188073268535	me3_domain
C1QC	0.4479790186244619	me3_domain
C1QB	0.44966171540437605	me3_domain
EPHB2	0.4117516536032859	me3_domain
LACTBL1	0.3042933142006603	me3_domain
TEX46	0.2881936474099597	ac
KDM1A	0.28885910132299064	me1
LUZP1	0.2810216655897694	me1
HTR1D	0.2517596906936105	me3_domain
HNRNPR	0.22767860991396194	ac
ZNF436	0.22462234189590102	ac
TCEA3	0.22132106056902234	me2
ASAP3	0.22105504236653228	me1
E2F2	0.23145081269129208	me1
ID3	0.24215135912224472	ac
RPL11	0.2519477175195216	ac
ELOA	0.24358655157367382	ac
PITHD1	0.24111600739527117	ac
LYPLA2	0.2407490318234703	ac
GALE	0.24063668117927306	ac
HMGCL	0.2408885346914148	me1
FUCA1	0.24238046346632758	me1
CNR2	0.24484154775081668	me2
PNRC2	0.2559494981235372	ac
SRSF10	0.2606450729756338	ac
MYOM3	0.3384805335780634	me3_domain
IL22RA1	0.3788177238232687	me3_domain
IFNLR1	0.4038331924532196	me3_domain
GRHL3	0.4081407609652973	me3_domain
STPG1	0.3841512980159191	ac
NIPAL3	0.3746801276213526	me1
RCAN3	0.35913131019408606	me3_domain
NCMAP	0.33796603165460837	me3_domain
SRRM1	0.30523862275226166	ac
CLIC4	0.29492766960433026	me1
RUNX3	0.35329602280486416	me3_domain
SYF2	0.21639963679569774	ac
RSRP1	0.19116611036070752	ac
RHD	0.18770041843493857	ac
TMEM50A	0.18087602705754646	ac
RHCE	0.17728967590662592	ac
MACO1	0.1831211038520959	ac
LDLRAP1	0.23163426805180298	me1
MAN1C1	0.26739593805985185	me3_domain
SELENON	0.22759341179037174	me1
ENSG00000255054	0.22336610553403802	ac
MTFR1L	0.21945711993504313	ac
AUNIP	0.21065330684974304	ac
PAQR7	0.20300601276466612	ac
STMN1	0.1975541068419091	ac
PAFAH2	0.19674221370843892	me1
EXTL1	0.19707994651024163	me1
SLC30A2	0.19635031978784634	me1
TRIM63	0.1950032975676831	me1
PDIK1L	0.19047808689476564	ac
FAM110D	0.19073533481517513	ac
C1ORF232	0.19117692320496882	me1
ZNF593OS	0.19152898692423437	ac
ZNF593	0.19141595186561433	ac
CNKSR1	0.1927803879518596	me1
CATSPER4	0.19442422106613122	ac
CEP85	0.20451832896969535	ac
SH3BGRL3	0.2088647100599662	ac
UBXN11	0.21195171463320817	me1
CD52	0.21495076843278837	ac
CRYBG2	0.2182342191075235	me1
ZNF683	0.22144363995478655	me2
LIN28A	0.2221689119871576	ac
DHDDS	0.21736843337674716	me1
HMGN2	0.21215124659233087	ac
RPS6KA1	0.19114283614032146	me1
ARID1A	0.20282141578477075	ac
PIGV	0.19713163381861476	ac
ZDHHC18	0.18996336677265135	me1
SFN	0.18771780004121197	me1
GPN2	0.1868615127742731	ac
GPATCH3	0.18699578689269458	ac
NUDC	0.19022927459149264	ac
NR0B2	0.18824296315146416	ac
KDF1	0.197811709764653	me2
TRNP1	0.21609296185887383	me2
TENT5B	0.22295312365053632	me1
SLC9A1	0.2672421879064987	me1
WDTC1	0.23663944322132024	me1
TMEM222	0.2198109614067698	me1
SYTL1	0.2145856487169634	me1
MAP3K6	0.21075800483262963	me1
FCN3	0.20785393778104355	me1
CD164L2	0.20548347491493246	me2
GPR3	0.20244621242283922	me1
WASF2	0.1920935786732051	ac
AHDC1	0.19575989831853735	me1
FGR	0.212801888376294	me2
IFI6	0.23071879277113927	me1
FAM76A	0.24101647915451663	me1
STX12	0.22803821365505061	me1
PPP1R8	0.21450081572322488	ac
THEMIS2	0.20709378533009726	me1
RPA2	0.2059482940672568	ac
SMPDL3B	0.20886276985069596	me2
XKR8	0.2109021417532323	me1
EYA3	0.21701843809030275	ac
PTAFR	0.2105103294838826	me2
DNAJC8	0.19650339141072093	ac
ATP5IF1	0.18712751256306104	ac
SESN2	0.1759817488143588	me1
MED18	0.16107687282897543	ac
PHACTR4	0.1730922806721069	ac
RCC1	0.18906131504752688	ac
TRNAU1AP	0.18823461082011306	ac
TAF12	0.17820248503679048	ac
RAB42	0.183930770407284	me1
GMEB1	0.165199429622099	ac
YTHDF2	0.17290543740047426	ac
OPRD1	0.2148887558575001	me3_domain
EPB41	0.22910458030853054	me1
TMEM200B	0.23089706365158558	me1
SRSF4	0.23508185134980342	ac
MECR	0.24248877552057868	me1
PTPRU	0.27480694717382814	me3_domain
ENSG00000289710	0.2692492775465055	me2
MATN1	0.18018312978031537	ac
LAPTM5	0.17658226791610376	me1
SDC3	0.2150900951724758	me1
PUM1	0.2167748919128094	ac
NKAIN1	0.2772086829118592	me3_domain
SNRNP40	0.30472526401038325	me1
ZCCHC17	0.32326941887421257	me1
FABP3	0.34056962159346515	me1
SERINC2	0.3598829930101425	me3_domain
TINAGL1	0.34234452485686506	me3_domain
HCRTR1	0.32477828486060745	me3_domain
PEF1	0.31937923665308743	me1
COL16A1	0.30221228894280205	me3_domain
ADGRB2	0.2672697383865651	me3_domain
SPOCD1	0.22429923019733278	me2
PTP4A2	0.16559142382353198	ac
ENSG00000288678	0.16510599629862321	ac
KHDRBS1	0.19882962160651085	ac
TMEM39B	0.20913087057129698	me1
KPNA6	0.20927317680757374	ac
TXLNA	0.20694097968160774	ac
CCDC28B	0.20626261897167664	ac
IQCC	0.20609083569299425	me1
DCDC2B	0.20588866635818703	me1
TMEM234	0.20567219054344865	me1
EIF3I	0.20536499858359192	me1
FAM167B	0.20515415508697332	me1
LCK	0.20523875339360442	me2
HDAC1	0.20766676686392782	ac
MARCKSL1	0.21059634167947894	ac
TSSK3	0.21521168717652073	ac
FAM229A	0.21666490228909396	me1
BSDC1	0.22154268468943106	ac
ENSG00000254553	0.23877467949365383	me3_domain
ZBTB8B	0.24789662944670965	me3_domain
ZBTB8A	0.23202859016373845	me3_domain
ZBTB8OS	0.20829495128006825	ac
RBBP4	0.1901473895166963	ac
SYNC	0.18261048593390183	ac
KIAA1522	0.18537800844753194	ac
YARS1	0.20244818082799076	ac
S100PBP	0.226662755522397	ac
FNDC5	0.2440908372311842	me1
HPCA	0.2548854560670506	me3_domain
TMEM54	0.2574361130840237	me3_domain
RNF19B	0.2694926219896666	me1
AK2	0.2918132645527186	ac
AZIN2	0.32072281469939634	me3_domain
TRIM62	0.36663786577184565	me3_domain
ZNF362	0.41818655721983344	me3_domain
A3GALT2	0.4343025471485735	me3_domain
PHC2	0.4550265635494073	me1
ZSCAN20	0.4844183534727038	me2
CSMD2	0.6136358728113072	me2
HMGB4	0.6597470298036723	me2
C1ORF94	0.6381828787201249	me3
SMIM12	0.41908805396884585	me3_domain
GJB5	0.4336042847998517	me3_domain
GJB4	0.43093720248976153	me3_domain
GJB3	0.41711959403238175	me3_domain
GJA4	0.4110809222180928	me3_domain
DLGAP3	0.3726240714364979	me3_domain
ENSG00000284773	0.3523520751700471	me1
TMEM35B	0.3512811983418733	ac
ENSG00000271741	0.34372311441734893	me1
ZMYM6	0.34292227136565356	me1
ZMYM1	0.32352364994356164	Unassigned
SFPQ	0.29947767683410564	ac
ZMYM4	0.27997911447236457	me1
KIAA0319L	0.26670494185225313	me1
NCDN	0.25727568474020746	me1
TFAP2E	0.2573850592514393	me2
PSMB2	0.25791746639419444	ac
C1ORF216	0.25221977061471024	ac
CLSPN	0.2508193100037347	ac
AGO4	0.25301138228391684	me1
AGO1	0.24733203685114247	ac
AGO3	0.24454381815723603	me1
TEKT2	0.2510886283824454	me1
ADPRS	0.250682406691482	me1
COL8A2	0.2475096499627486	me2
TRAPPC3	0.23733963977357098	ac
MAP7D1	0.22987544109232227	ac
THRAP3	0.20830004508072464	ac
SH3D21	0.20792604467972542	ac
EVA1B	0.20839585146484385	ac
STK40	0.21419223650739294	ac
LSM10	0.2212101669918215	ac
OSCP1	0.2344913406901522	me1
MRPS15	0.24581595238034215	ac
CSF3R	0.2529017398179062	me2
GRIK3	0.49476447790513056	me3
ZC3H12A	0.2960682157632002	ac
MEAF6	0.29044315722653413	ac
SNIP1	0.28127441032923917	me1
DNALI1	0.2781905088102984	ac
GNL2	0.27504665532551253	ac
RSPO1	0.27055950618944424	me3_domain
C1ORF109	0.2682300038272387	ac
CDCA8	0.2676769293025827	ac
EPHA10	0.26381244757619116	me3_domain
MANEAL	0.25070211533599474	me1
YRDC	0.24750429171711996	ac
C1ORF122	0.24690169094072534	ac
MTF1	0.2357602315314884	me1
INPP5B	0.20958326826223772	ac
SF3A3	0.20453831898285668	ac
FHL3	0.2140709659056388	ac
UTP11	0.22204155134088088	ac
POU3F1	0.24146769246778443	me3_domain
RRAGC	0.3044838966378077	me1
MYCBP	0.296519934312789	me1
ENSG00000274944	0.2944267337927724	me1
GJA9	0.29248201776158156	Unassigned
RHBDL2	0.2771235182150127	me2
AKIRIN1	0.2329893316548305	ac
NDUFS5	0.2156267011445765	ac
MACF1	0.2603635285113549	ac
BMP8A	0.28223180772387424	me2
PABPC4	0.27659488103607754	ac
HEYL	0.2921229570956154	me3_domain
NT5C1A	0.30128854301840047	me3_domain
HPCAL4	0.30572448793321116	me3_domain
PPIE	0.302142010928402	me1
BMP8B	0.28877641907190876	me2
OXCT2	0.2898863836559774	me3
TRIT1	0.2672342304019648	me1
MYCL	0.27118472126712134	me1
MFSD2A	0.2854513178414788	me3_domain
CAP1	0.2792055069648116	ac
PPT1	0.274982437432981	me1
RLF	0.2769823100434665	ac
TMCO2	0.2722083250540023	me1
ZMPSTE24	0.2657897575618726	ac
COL9A2	0.2583546986120622	me2
SMAP2	0.26359364747663305	ac
ZFP69B	0.2892838042766098	me1
ZFP69	0.29917795306249784	me1
EXO5	0.30541246921247844	me2
ZNF684	0.3097607299596554	me1
RIMS3	0.3111957807732554	me3_domain
NFYC	0.29718880950368853	ac
KCNQ4	0.28368582402901044	me1
CITED4	0.2787678191610229	ac
CTPS1	0.305793023856876	ac
SLFNL1	0.3189170753513406	me1
SCMH1	0.34810300566094243	me1
FOXO6	0.42389340361613204	me3_domain
EDN2	0.47901536486845553	me3_domain
HIVEP3	0.5547079504080996	me3_domain
ENSG00000284895	0.5364636609775051	me3_domain
GUCA2B	0.5154813119848605	me3_domain
GUCA2A	0.5168579268330679	me3_domain
FOXJ3	0.5068045080441339	me1
RIMKLA	0.44247903524848997	me3_domain
ZMYND12	0.43584147882771473	me3_domain
PPCS	0.43208988353819666	Unassigned
CCDC30	0.37655037049723905	Unassigned
PPIH	0.3061257162046982	ac
YBX1	0.29657857203453764	ac
CLDN19	0.28501910984793655	me2
P3H1	0.2810766184348621	me1
C1ORF50	0.2782391852667315	ac
ENSG00000283580	0.2769544354936484	me1
TMEM269	0.27368406120265976	me1
SVBP	0.2717821397853659	ac
ERMAP	0.2694974443510324	ac
ZNF691	0.26765617203764247	ac
SLC2A1	0.2746045089014557	ac
CFAP144	0.32259714704212583	me3_domain
EBNA1BP2	0.3294974319986088	me3_domain
CFAP57	0.3284473644923732	me3_domain
TMEM125	0.3385359420472408	me3_domain
C1ORF210	0.34123020314536645	me3_domain
TIE1	0.346256369193529	me3_domain
MPL	0.3492692971401117	me2
CDC20	0.34895772051313656	ac
ELOVL1	0.34854713208788357	ac
MED8	0.3458610699831298	me1
SZT2	0.339058767111579	me1
HYI	0.3327411139234845	me1
PTPRF	0.33907350743278886	me3_domain
KDM4A	0.32525603716524776	me1
ENSG00000284989	0.285547086894543	me1
ST3GAL3	0.2758951135185028	me1
ARTN	0.22903450671116332	me1
IPO13	0.22360255647395832	me1
DPH2	0.22149690243090314	me1
ATP6V0B	0.2211144280230387	ac
B4GALT2	0.2207935921317471	me1
CCDC24	0.2208519202407021	me1
SLC6A9	0.2228705232889684	me1
KLF17	0.2593494246352903	me3_domain
KLF18	0.26613692913796794	me3_domain
DMAP1	0.31125013526479717	me1
ERI3	0.3396052068497025	me1
RNF220	0.2793603931631594	me3_domain
TMEM53	0.19694827706932405	me1
ARMH1	0.1765859313536151	me3_domain
KIF2C	0.16592585069198473	ac
RPS8	0.16580488447954556	ac
BEST4	0.166437625086013	me1
PLK3	0.1681946316520938	ac
DYNLT4	0.16882133409423328	ac
BTBD19	0.16950892886881297	ac
PTCH2	0.17357486670156919	me1
EIF2B3	0.2133874047823099	me1
HECTD3	0.26689195900957496	ac
UROD	0.2697654222636896	ac
ZSWIM5	0.28976894009099285	me2
HPDL	0.28248788746920495	me1
MUTYH	0.27972975993004734	ac
ENSG00000288208	0.247759135261288	me1
TOE1	0.277597818820276	ac
TESK2	0.24470497222199883	me1
CCDC163	0.21534856049083162	ac
MMACHC	0.21304367616926068	ac
PRDX1	0.20853743666594826	ac
AKR1A1	0.20350169368168536	ac
NASP	0.20199126964818392	ac
CCDC17	0.20312478803856038	ac
GPBP1L1	0.20886390809648747	ac
TMEM69	0.2155985136673495	ac
IPP	0.22317053573804468	ac
MAST2	0.25837630244227294	me1
PIK3R3	0.2572530967893578	me1
P3R3URF-PIK3R3	0.24436237344323086	me1
TSPAN1	0.2053010537907093	me2
P3R3URF	0.20751846724846812	me2
POMGNT1	0.19126181034180445	me1
LURAP1	0.18766182949721544	me2
RAD54L	0.1745707008637959	ac
LRRC41	0.1752085997861953	ac
UQCRH	0.1791342307501993	ac
NSUN4	0.19101064110794885	ac
FAAH	0.20361934808641524	me2
DMBX1	0.21319882309814264	me1
TMEM275	0.21637637739291748	me2
KNCN	0.21767385803719164	me1
MKNK1	0.22464408545335568	me1
MOB3C	0.23055792558799115	me1
ATPAF1	0.2454588462665046	me1
TEX38	0.25241971258502394	me1
EFCAB14	0.26629644132550956	me1
CYP4B1	0.3173369908581446	me2
CYP4A11	0.32751800202879067	me2
CYP4X1	0.2679909972362112	me3_domain
CYP4Z1	0.2297128854839776	me2
CYP4A22	0.19993975944751485	me3
PDZK1IP1	0.18055620837377817	me1
TAL1	0.1710146009961444	ac
STIL	0.17124204924376374	ac
CMPK1	0.19939134650867163	ac
FOXE3	0.2278031590632621	me3_domain
FOXD2	0.24034329046282854	me3_domain
TRABD2B	0.5038935651631363	me3_domain
SLC5A9	0.653909286299516	me2
SPATA6	0.706125943586222	Unassigned
AGBL4	0.7783957835435225	Unassigned
BEND5	0.7442974981143222	me2
ELAVL4	0.5994029833048788	me2
DMRTA2	0.4214565153484383	me3_domain
FAF1	0.40409502570008915	me1
CDKN2C	0.30457834096464087	ac
C1ORF185	0.31222739096066765	me3
RNF11	0.27047463782345305	me1
TTC39A	0.25853537376565516	me2
EPS15	0.26255763749130023	ac
OSBPL9	0.25719768093662565	ac
NRDC	0.27575168210203027	ac
RAB3B	0.2894101799690939	me2
TXNDC12	0.2976439554920447	ac
ENSG00000285839	0.29906433996943993	me1
KTI12	0.2985714536861268	ac
BTF3L4	0.29133076541477565	ac
ZFYVE9	0.29588166894341583	me1
CC2D1B	0.3092996710844892	me1
ORC1	0.30538417714974353	ac
PRPF38A	0.3013524261111621	ac
TUT4	0.28198683500842814	me1
GPX7	0.24970915965341123	me2
SHISAL2A	0.24766776768097987	me2
COA7	0.24740517349801328	ac
ZYG11B	0.23992778968134998	me1
ZYG11A	0.23710116547133164	ac
ECHDC2	0.25062243496595626	me1
SCP2	0.29033828865179356	me1
PODN	0.3052927189864021	me3_domain
SLC1A7	0.2888576233079092	me3_domain
CPT2	0.27127975918994607	ac
CZIB	0.2740408304036296	ac
MAGOH	0.27886363911509693	ac
LRP8	0.2985496181536321	me1
DMRTB1	0.34394244384765627	me3_domain
GLIS1	0.3758637472070767	me3_domain
NDC1	0.3292917452023755	ac
YIPF1	0.2923013515055476	me1
DIO1	0.2808295835610636	me1
IFT25	0.2748002533924371	ac
LRRC42	0.2739284452188161	ac
LDLRAD1	0.27943121303751184	me3_domain
TMEM59	0.2820883044461673	ac
TCEANC2	0.28309967354770105	me1
ENSG00000256407	0.2835525521101826	me1
CDCP2	0.2822617173432397	me3_domain
CYB5RL	0.2847951720217131	me1
MRPL37	0.2873442985152814	me1
SSBP3	0.2835083568130983	me1
ACOT11	0.3100302350068286	me3_domain
FAM151A	0.3220132458892251	me3_domain
MROH7	0.3468642723790726	me3_domain
MROH7-TTC4	0.3522982128005543	me3_domain
TTC4	0.36475520664416405	me1
PARS2	0.36974396930944875	me1
TTC22	0.3704260096692541	me3_domain
LEXM	0.36917105369295156	me3_domain
DHCR24	0.36916936923941546	me1
TMEM61	0.3772500113877496	me3_domain
BSND	0.37317072926638284	me3
PCSK9	0.3577847642182743	me1
USP24	0.3301992293408662	ac
ENSG00000284686	0.701689631859864	me2
PLPP3	0.6820550684285267	me2
PRKAA2	0.6783488259900743	me3
FYB2	0.676142297044235	me2
C8A	0.6810924419803714	me2
C8B	0.6924543284819377	me2
DAB1	0.6431308966267011	me2
OMA1	0.5051905462840602	me3
TACSTD2	0.4600278667017078	me3_domain
MYSM1	0.40733577762004713	ac
JUN	0.3727944300989591	ac
FGGY	0.5336843729998613	me2
HOOK1	0.5674143185741055	Unassigned
CYP2J2	0.5831522282359757	me3
C1ORF87	0.6274169060777359	me2
NFIA	0.3165171288773331	ac
TM2D1	0.4704158053038069	ac
PATJ	0.5536273743195645	me3
L1TD1	0.5870821496005698	me3
KANK4	0.573247269169636	me3_domain
USP1	0.5199362249908188	ac
DOCK7	0.47663108335058	Unassigned
ANGPTL3	0.46559916212530994	Unassigned
ATG4C	0.4650515563595746	ac
FOXD3	0.48338313942876565	ac
ALG6	0.4945910225482728	me1
ITGB3BP	0.5495031443896565	Unassigned
EFCAB7	0.5655613199038023	Unassigned
PGM1	0.6051992004504514	me3_domain
ROR1	0.6583490460377328	me3
UBE2U	0.6008763855186201	Unassigned
CACHD1	0.4929471549069102	me3
RAVER2	0.38519366746420036	Unassigned
JAK1	0.3003930463684772	me1
AK4	0.237778072695511	ac
DNAJC6	0.21611281121876913	ac
LEPROT	0.2119390393842494	ac
LEPR	0.21787369193324058	ac
PDE4B	0.5041246793897225	me2
SGIP1	0.4690467101600718	me3
DYNLT5	0.37871896002861183	ac
INSL5	0.37180281646035707	me3
DNAI4	0.37806327463685296	ac
MIER1	0.3842027632073485	ac
SLC35D1	0.3736063963234618	ac
C1ORF141	0.335764830463139	ac
IL23R	0.32615286702409074	ac
IL12RB2	0.2971446319664127	me2
SERBP1	0.28407903716673855	ac
GADD45A	0.2192219047749394	ac
GNG12	0.242355606607498	ac
DIRAS3	0.3868960328626968	me3_domain
WLS	0.4770216319170024	me3
RPE65	0.6380676321788792	me2
DEPDC1	0.6558011519586986	ac
LRRC7	0.5541984612790927	Unassigned
LRRC40	0.3970591320528045	ac
SRSF11	0.38557134226336787	ac
ANKRD13C	0.3633957838661981	me1
CTH	0.344551381589173	ac
PTGER3	0.49855196223183806	ac
ZRANB2	0.5319301548382629	ac
NEGR1	0.8029190947456895	Unassigned
LRRIQ3	0.8525160831619323	Unassigned
FPGT-TNNI3K	0.826983833044383	Unassigned
FPGT	0.8497845256132899	ac
TNNI3K	0.8243329038112513	Unassigned
LRRC53	0.8154141798614692	Unassigned
ERICH3	0.8030354618488179	Unassigned
CRYZ	0.7676691330939301	ac
TYW3	0.7607533291144316	ac
LHX8	0.7034087666334548	me3
SLC44A5	0.57236342472973	me2
ACADM	0.41235235287103167	ac
RABGGTB	0.4276423237244208	ac
MSH4	0.46019794182096363	me2
ASB17	0.5046370919571742	me2
ST6GALNAC3	0.6917521995604994	Unassigned
ST6GALNAC5	0.6362751995011984	me2
PIGK	0.5410499046115551	me1
AK5	0.42932012623731775	me3
ZZZ3	0.31945991950750696	ac
USP33	0.3007675656113663	ac
MIGA1	0.29198158088071613	me1
NEXN	0.3082023343816199	Unassigned
FUBP1	0.3246233745438032	ac
DNAJB4	0.3365467732206979	ac
GIPC2	0.35168102482509056	ac
PTGFR	0.6043042836162513	Unassigned
IFI44L	0.7100213180164499	Unassigned
IFI44	0.7205919416133455	Unassigned
ADGRL4	0.8538354374223782	Unassigned
ADGRL2	0.853351150873654	Unassigned
TTLL7	0.6073036499316906	Unassigned
PRKACB	0.5485965360729178	ac
SAMD13	0.47202891202311303	ac
DNASE2B	0.4493379079635441	me2
RPF1	0.41173101719237093	ac
GNG5	0.4029724296728856	ac
SPATA1	0.37986400832532485	ac
CTBS	0.3607895666416612	ac
SSX2IP	0.3100648722884456	ac
LPAR3	0.40812543142944835	me3
MCOLN2	0.4247091147358578	me3
DNAI3	0.4129214666867719	me3_domain
MCOLN3	0.4223175893041914	me3
SYDE2	0.3638475169525046	ac
C1ORF52	0.34111191057803025	ac
BCL10	0.3425335797920108	ac
DDAH1	0.4517634725983667	me2
CCN1	0.5421656541000811	ac
ZNHIT6	0.5794388666491993	ac
COL24A1	0.6582806442586738	Unassigned
ODF2L	0.5036298640468275	Unassigned
CLCA2	0.46631327550594404	me3_domain
CLCA1	0.44807783160740344	me3
CLCA4	0.404057513800563	me3
SH3GLB1	0.2766116595056919	ac
SELENOF	0.31362706505670135	ac
HS2ST1	0.36536201283471326	ac
ENSG00000267561	0.40111421656968727	me3
LMO4	0.5306659463158443	ac
PKN2	0.38626533624797266	ac
GTF2B	0.38533814422312607	ac
KYAT3	0.42578363666131014	ac
RBMXL1	0.4361939431617524	ac
GBP3	0.4472259329774566	me3
GBP1	0.45689986097671864	me3_domain
GBP2	0.4578929086126611	me2
GBP7	0.4583865687592187	me2
GBP4	0.4613063552132426	me3
GBP5	0.46445840517823755	me3
GBP6	0.397813511227585	me3
LRRC8B	0.2907803479649942	ac
ENSG00000288629	0.2861121555733882	me1
LRRC8C	0.27082060334106506	me2
ENSG00000271949	0.25135285312957234	ac
LRRC8D	0.22581100841550428	ac
ZNF326	0.2455870279129121	ac
BARHL2	0.4591436650272237	me3_domain
ZNF644	0.4985850003516962	ac
HFM1	0.4497869455209047	Unassigned
CDC7	0.3690251347591197	ac
TGFBR3	0.34339976660622673	me1
BRDT	0.3686352871220753	me3_domain
EPHX4	0.409310501594528	me3
SETSIP	0.42543751008590525	me2
BTBD8	0.4301266923250058	Unassigned
C1ORF146	0.3969418381821297	Unassigned
GLMN	0.38187644490007333	me1
RPAP2	0.36574859436811413	Unassigned
GFI1	0.3476506112761325	me2
EVI5	0.30639109082860017	me1
RPL5	0.23841642645447136	ac
DIPK1A	0.23679291331572883	Unassigned
MTF2	0.2794813601993924	ac
TMED5	0.3050640112756088	ac
CCDC18	0.3221344767700163	ac
DR1	0.3593445913270058	ac
FNBP1L	0.37910783656085134	Unassigned
BCAR3	0.39821845174529447	me3
DNTTIP2	0.40460858669874	ac
GCLM	0.4043023816147291	ac
ABCA4	0.47602590218940033	me3_domain
ARHGAP29	0.5703639039690209	me3
ABCD3	0.5381995096900094	Unassigned
F3	0.5486103645325269	me3_domain
SLC44A3	0.3631464413732527	me3_domain
CNN3	0.3258497217118882	me3_domain
ALG14	0.2705042808445052	me2
TLCD4	0.2860723456309582	ac
TLCD4-RWDD3	0.2994301075085848	ac
RWDD3	0.3290792470217839	ac
PTBP2	0.6557234549799358	ac
DPYD	0.8296393097196824	Unassigned
SNX7	0.8183827215035657	Unassigned
PLPPR5	0.712977379243767	Unassigned
PLPPR4	0.5841173939354768	me3
PALMD	0.3167778294499689	ac
FRRS1	0.2926695193630948	ac
AGL	0.28336463444573623	ac
SLC35A3	0.27916820846233104	ac
ENSG00000283761	0.2739601590455265	ac
MFSD14A	0.26654423818644457	ac
SASS6	0.24992329780659472	ac
TRMT13	0.23731514910193052	ac
LRRC39	0.2282088085276055	Unassigned
DBT	0.20678703656932496	ac
RTCA	0.1893165522756256	ac
CDC14A	0.23493967412259176	ac
GPR88	0.3190418879633772	me3_domain
VCAM1	0.38962881123953863	me2
EXTL2	0.417992003297293	ac
SLC30A7	0.3858924346013052	ac
DPH5	0.3467126873670655	ac
S1PR1	0.37456217734824937	me3
OLFM3	0.7875475092008483	Unassigned
COL11A1	0.8676704132554611	Unassigned
RNPC3	0.7824714619774112	ac
AMY2B	0.7779173904871513	Unassigned
AMY2A	0.8349336379191701	Unassigned
AMY1A	0.9008636972077834	Unassigned
AMY1B	0.9435164177265776	Unassigned
AMY1C	0.9531441140522463	Unassigned
PRMT6	0.8274500130590643	ac
NTNG1	0.8125149946701742	Unassigned
VAV3	0.6098847854970073	Unassigned
SLC25A24	0.38560767552708686	ac
NBPF4	0.3424681583856206	me1
NBPF6	0.34297604010063953	me1
EEIG2	0.26825705407123024	me1
HENMT1	0.28882754362909746	me2
PRPF38B	0.3027020560206394	ac
FNDC7	0.3051419126850631	me3_domain
STXBP3	0.2988894842960196	me1
AKNAD1	0.2711241253038028	ac
GPSM2	0.26769849960361614	ac
CLCC1	0.2628945484329561	me1
WDR47	0.24098193933735101	me1
TAF13	0.22132984764444397	ac
TMEM167B	0.21305326230654642	ac
CFAP276	0.20717911872422645	me2
ELAPOR1	0.19466358319435817	me2
SARS1	0.18747298134404222	ac
CELSR2	0.18935148994211148	me1
PSRC1	0.19087356170344583	ac
MYBPHL	0.1923368953398381	me1
SORT1	0.19732227331197083	ac
PSMA5	0.20696387651885084	ac
SYPL2	0.22772726306044921	me3_domain
ATXN7L2	0.2331695211818	me1
CYB561D1	0.2371637885428889	me1
AMIGO1	0.24067476188567805	me3_domain
GPR61	0.25188955339612784	me2
GNAI3	0.2572279889556027	me1
GNAT2	0.26100790228128123	ac
AMPD2	0.2616017312037937	me1
GSTM4	0.26347306507049695	me1
GSTM2	0.2658068464495561	me2
GSTM1	0.266780744408613	me2
GSTM5	0.27212857313288197	me2
GSTM3	0.2716728791194175	me3_domain
EPS8L3	0.27381298291801226	me3_domain
CSF1	0.28302424391693504	me1
AHCYL1	0.3040844741896995	me1
STRIP1	0.3210413511462815	me1
ALX3	0.32571704072345464	me2
UBL4B	0.34221403125755334	me3_domain
SLC6A17	0.35743128110033584	me3_domain
KCNC4	0.3572945692199372	me3_domain
RBM15	0.3406622688273502	ac
SLC16A4	0.3363197849014774	me1
LAMTOR5	0.3347929074133964	ac
PROK1	0.338282227133911	me3_domain
KCNA10	0.3595596754635537	me3_domain
KCNA2	0.3894017002129748	me3_domain
KCNA3	0.4178264166653558	Unassigned
CD53	0.34792223704408476	ac
LRIF1	0.36986345826774747	ac
DRAM2	0.42013722727527925	ac
CEPT1	0.42494642127827376	ac
DENND2D	0.4300238974183217	me2
CHI3L2	0.4340708661731094	me3_domain
CHIA	0.44764181562816896	Unassigned
PIFO	0.4497721233218708	me3_domain
OVGP1	0.42902591367696286	me3_domain
WDR77	0.4153822798538981	ac
ATP5PB	0.4088105688677147	ac
C1ORF162	0.3953017490882387	Unassigned
TMIGD3	0.3675057264366193	me3_domain
ADORA3	0.378259259006819	me3_domain
RAP1A	0.36157740000090244	ac
INKA2	0.38803708412676885	me3
DDX20	0.4079915671181894	ac
KCND3	0.4602551596059391	me3_domain
CTTNBP2NL	0.37122975641163525	me3_domain
WNT2B	0.3469020833991483	me3_domain
ST7L	0.3253985156632395	ac
CAPZA1	0.30421526792009945	ac
MOV10	0.2915669950800366	ac
RHOC	0.2860986385752611	ac
ENSG00000271810	0.28530577814603286	ac
PPM1J	0.2836871102834503	me2
TAFA3	0.281064878362971	me3_domain
SLC16A1	0.2686186275733087	ac
LRIG2	0.32346843403302206	ac
MAGI3	0.4038098176551125	Unassigned
PHTF1	0.33651670213876517	ac
RSBN1	0.31319277466917084	ac
PTPN22	0.28719021971822056	ac
BCL2L15	0.27201813877591396	me2
AP4B1	0.2678553420237745	ac
DCLRE1B	0.2665292758307568	ac
HIPK1	0.2692029774184137	ac
OLFML3	0.28863820384935435	me3_domain
SYT6	0.34527140060871475	me3_domain
TRIM33	0.2424298619679448	ac
BCAS2	0.29842344097916185	ac
DENND2C	0.3208405295119593	me3_domain
AMPD1	0.34075120140152537	me3_domain
NRAS	0.3499878222980167	ac
CSDE1	0.360940899591602	ac
SIKE1	0.37792877954142556	ac
SYCP1	0.4622707993041134	Unassigned
TSHB	0.5358448529064993	Unassigned
TSPAN2	0.5591629778800475	me3
NGF	0.6494190252563856	me3
VANGL1	0.5648934481704655	ac
CASQ2	0.5553685300187232	me3_domain
NHLH2	0.5761135705926215	me3_domain
SLC22A15	0.5307321249880608	me3
MAB21L3	0.46367203006494895	me3_domain
ATP1A1	0.31785826187568433	ac
CD58	0.30893501142031443	me1
IGSF3	0.3203483892240935	me1
CD2	0.29906846919965147	ac
PTGFRN	0.32003587345630347	me1
CD101	0.32463893236295216	me3_domain
TTF2	0.36108450915083234	ac
TRIM45	0.38564697901407874	me1
VTCN1	0.41053303012462317	me3_domain
MAN1A2	0.38946150284977277	ac
TENT5C	0.3253917554721828	ac
GDAP2	0.45688184845135316	me1
WDR3	0.47960600614346593	ac
SPAG17	0.5573909930922665	me2
TBX15	0.6583796263113568	me3
WARS2	0.6792283637643743	me2
HAO2	0.6167624342477749	me3
HSD3B2	0.6058741672396464	me3
HSD3B1	0.5630476785930915	me3_domain
ZNF697	0.5203653493059961	me2
PHGDH	0.5025279612350475	me3
HMGCS2	0.4856332789275488	me3_domain
REG4	0.4766208979354495	me3_domain
ADAM30	0.4486822482278351	me3_domain
NOTCH2	0.38907418845192054	me3
SEC22B	0.30676800017011685	ac
NBPF8		me1
NOTCH2NLR		Unassigned
NBPF26	0.5899798667963572	Unassigned
PPIAL4A		me3
FAM72B		ac
SRGAP2C	0.4994248552802538	me1
H3-7	0.3038547090649365	ac
FAM72C	0.40427825203670453	ac
PPIAL4E	0.45215059416811865	me3
NBPF15	0.42050935163998737	me2
PPIAL4F	0.7624388885498047	me3
SRGAP2B	0.4301258346441109	me1
FAM72D		ac
PPIAL4D		me3
NBPF20	0.44995874999999996	me1
GPR89A	0.30856236930154024	ac
PDZK1	0.24773430606765767	Unassigned
CD160	0.22355884231818546	Unassigned
RNF115	0.2197678245808018	me1
POLR3C	0.21839273671927328	ac
NUDT17	0.21609540163602448	ac
PIAS3	0.21420935578224098	me1
ANKRD35	0.20673309648623373	me2
ITGA10	0.19761818601020475	me2
PEX11B	0.1908577273555251	ac
ENSG00000289565	0.18830856034192356	ac
RBM8A	0.18736222868192953	ac
ENSG00000280778	0.18200831122474237	ac
LIX1L	0.18142870329424998	me1
ANKRD34A	0.180021489620807	ac
POLR3GL	0.18075062180608636	ac
TXNIP	0.18892567537268823	ac
HJV	0.2137683137056281	ac
NBPF10	0.3227357903455741	me1
NOTCH2NLA	0.3357485745937153	Unassigned
PPIAL4H		me3
NBPF12	0.5679230598371363	ac
PRKAB2	0.5024971285329081	ac
FMO5	0.518742467844481	Unassigned
CHD1L	0.5310093034140605	ac
BCL9	0.5449156658489127	me3
ENSG00000288626	0.5476225355941884	me2
ACP6	0.5550452321625454	me3
GJA5	0.5332160964755147	me3
GJA8	0.4892042875115761	me3
GPR89B	0.2743837838728729	me1
NBPF11	0.4321339420464223	ac
PPIAL4G	0.6535929691282093	me3
NBPF14	0.35331869802167337	me1
NOTCH2NLB		Unassigned
NUDT4B	0.2772624058417438	ac
PDE4DIP	0.2525657032890096	ac
NBPF9	0.4221550493177516	me1
NOTCH2NLC		Unassigned
ENSG00000286185		Unassigned
NBPF19		me2
PPIAL4C		me3
FCGR1A	0.4282333352786193	ac
H2BC18	0.4412645328165402	ac
H3C13	0.45726364881023407	ac
H4C14	0.4645190031227131	ac
H3C14	0.4639936184940754	ac
H2AC18	0.463476333618164	ac
H2AC19	0.46082931518554693	ac
H3C15	0.4597193853461782	ac
H4C15	0.4561946987034273	ac
H2BC21	0.4283376986572227	ac
H2AC20	0.4274993888824341	ac
H2AC21	0.4257316528962466	ac
BOLA1	0.41825710018662665	ac
SV2A	0.39460194910840163	me2
SF3B4	0.3734384767418679	ac
MTMR11	0.364109210572501	me1
OTUD7B	0.322239167368468	me1
VPS45	0.2862000613140694	me1
PLEKHO1	0.28297349118889004	ac
ANP32E	0.2647297746330223	ac
CA14	0.2533457919868459	me1
APH1A	0.25039631760594583	ac
C1ORF54	0.24837282164990282	ac
CIART	0.24385740228601405	me2
MRPS21	0.23851436614461807	ac
PRPF3	0.2231954433671025	ac
RPRD2	0.19406393435804015	ac
TARS2	0.16377002672676755	ac
ECM1	0.15988194065343464	ac
ADAMTSL4	0.15490759545516752	ac
MCL1	0.1565087874092851	ac
ENSA	0.17080542472171312	ac
GOLPH3L	0.20370548451561277	me1
HORMAD1	0.2272722709080901	ac
CTSS	0.24353370683116626	ac
CTSK	0.24605166558323888	me1
ARNT	0.2324091112070198	me1
CTXND2	0.20929418681625434	me1
SETDB1	0.1963028048420875	ac
CERS2	0.19247798144666617	ac
ANXA9	0.1904917594127954	me1
MINDY1	0.1893447224849253	ac
PRUNE1	0.1878622547078741	ac
BNIPL	0.18595813280536277	me1
C1ORF56	0.1850337953909924	ac
CDC42SE1	0.18338372946289183	ac
MLLT11	0.18290490441779061	ac
GABPB2	0.17763919446930132	ac
SEMA6C	0.17328838910773658	me1
TNFAIP8L2	0.17387375324419496	me1
SCNM1	0.1744551941128607	me1
LYSMD1	0.17445715102333603	ac
TMOD4	0.17599817911783855	me1
VPS72	0.17886392296676645	ac
PIP5K1A	0.192390724987474	me1
PSMD4	0.209021613165562	ac
ZNF687	0.21999755621760841	ac
PI4KB	0.22824728871247402	ac
RFX5	0.23683285207637994	ac
SELENBP1	0.2406636125571877	ac
PSMB4	0.24498308871750862	ac
POGZ	0.25120584281890534	ac
CGN	0.28190749782730495	me3_domain
TUFT1	0.29565230368424467	me2
SNX27	0.3158108510987532	Unassigned
CELF3	0.31975983094217864	me2
RIIAD1	0.3199071039297101	me3_domain
MRPL9	0.3198914160659634	ac
OAZ3	0.3199061544773285	me1
TDRKH	0.3200988690398937	me1
LINGO4	0.3209651543987192	me3_domain
RORC	0.322520885033701	me3_domain
C2CD4D	0.32555242817924623	me2
THEM5	0.3279762188484966	me3_domain
THEM4	0.3398820471073898	ac
S100A10	0.3729525611625151	me3_domain
S100A11	0.38592004223169896	ac
TCHHL1	0.40238519250662397	Unassigned
TCHH	0.4151349755900354	me3_domain
RPTN	0.44667531777405767	me2
HRNR	0.496862558521027	me2
FLG	0.5539287094987688	me3
FLG2	0.5656646992205951	me2
CRNN	0.5751814815012487	me3
LCE5A	0.5851947483905993	me3
CRCT1	0.5853454255774694	me3_domain
LCE3E	0.5857355757347003	me2
LCE3D	0.5856157634320777	me2
LCE3C	0.5857295763331751	me2
LCE3B	0.5861647642325171	me2
LCE3A	0.586737434507355	me2
LCE2D	0.59108352085582	me2
LCE2C	0.5928354983452573	me3
LCE2B	0.5944907286256225	me2
LCE2A	0.5962882779415046	me3
LCE4A	0.5976256252749936	me2
C1ORF68	0.5988772503347382	me2
KPRP	0.599916772736275	me3_domain
LCE1F	0.5986156517835381	me2
LCE1E	0.5971582515299821	me3
LCE1D	0.5955287811049887	me3
LCE1C	0.5938060370911944	me2
LCE1B	0.592657426454064	me3
LCE1A	0.589505591430664	me2
LCE6A	0.5863557751017405	me2
LCE7A	0.5834779668562065	me2
SMCP	0.5813719642751735	me2
IVL	0.5813669848052128	me2
SPRR5	0.5856155659159676	me3
SPRR4	0.5888172416830373	me3_domain
SPRR1A	0.5899714779382914	me3
SPRR3	0.5899801491863091	me2
SPRR1B	0.5846612278914964	me2
SPRR2D	0.581151232433319	me2
SPRR2A	0.5733855216970416	me2
SPRR2B	0.5645382315674852	me2
SPRR2E	0.541497178731355	me2
SPRR2F	0.529438749593566	me2
SPRR2G	0.49390441623586956	me3
LELP1	0.4498567279658323	me2
PRR9	0.4403482909669446	me2
LORICRIN	0.4159592327896837	me3_domain
PGLYRP3	0.39104792082020134	me3_domain
PGLYRP4	0.36995491346980725	me2
S100A9	0.35758622350166747	me3_domain
S100A12	0.3468384797840912	me3_domain
S100A8	0.3365243047551707	me3_domain
S100A7A	0.3193724713752011	me3
S100A7	0.29898056514431526	me3_domain
S100A6	0.27323487625641074	me1
S100A5	0.2721651680059207	me1
S100A4	0.2702534881847326	me1
S100A3	0.2698896936670505	me1
S100A2	0.2658599655992434	me1
S100A16	0.2552667415188036	me2
S100A14	0.2540646523192508	me1
S100A13	0.2521028336457094	me1
S100A1	0.25131067167840815	me1
CHTOP	0.2493291169186247	ac
SNAPIN	0.24562240685152714	ac
ILF2	0.24437007330786542	ac
NPR1	0.24116281586956734	me3_domain
INTS3	0.2297509975279659	me1
SLC27A3	0.22404294316170148	me1
GATAD2B	0.2108131165750018	me1
DENND4B	0.2132086102616212	ac
CRTC2	0.2170240241772582	me1
SLC39A1	0.21965544850963836	ac
ENSG00000285779	0.22056526997907056	ac
CREB3L4	0.2211545614984246	ac
JTB	0.22249971735223117	ac
ENSG00000285641	0.22351945451825317	ac
RAB13	0.22409083241164085	ac
RPS27	0.22518706013385514	ac
NUP210L	0.21848451366787092	Unassigned
TPM3	0.21381092781102407	ac
CFAP141	0.2194428028241261	me1
C1ORF43	0.2218298106192904	ac
UBAP2L	0.22726426961244495	ac
HAX1	0.23069465966278457	ac
AQP10	0.23083657634085242	ac
ATP8B2	0.23066024772011584	me1
IL6R	0.24650879097251588	me3_domain
SHE	0.26885713397716327	me3_domain
TDRD10	0.2907279512932298	me3_domain
UBE2Q1	0.30857796155694384	ac
CHRNB2	0.3193103573667423	me3_domain
ADAR	0.33421227429710954	me1
KCNN3	0.30961976472363273	me3_domain
PMVK	0.2348815534030344	ac
PBXIP1	0.22924099186020785	me1
PYGO2	0.22653271620043325	ac
SHC1	0.2245935305218093	ac
CKS1B	0.22279164929670148	ac
FLAD1	0.22023408102683817	ac
LENEP	0.21896315831531676	ac
ZBTB7B	0.2153029537279959	ac
DCST2	0.21158636026285094	me2
DCST1	0.20803761267402654	ac
ADAM15	0.20459083416207458	me1
EFNA4	0.2021242158455252	me1
EFNA4-EFNA3	0.19994765040523688	me1
EFNA3	0.19794177423185033	me1
EFNA1	0.1854716105665547	me1
SLC50A1	0.18402960818269165	ac
DPM3	0.18298761612788672	ac
KRTCAP2	0.17592474186994378	ac
ENSG00000273088	0.17462040647332022	me1
TRIM46	0.17457359747872958	me1
MUC1	0.17287336394260766	ac
THBS3	0.1710034144979663	ac
MTX1	0.16991577315893447	ac
GBA1	0.16736631406998403	ac
ENTREP3	0.16705210311927476	ac
SCAMP3	0.1670916415924547	ac
CLK2	0.16755655408479253	ac
HCN3	0.16846888108013391	me1
PKLR	0.16998370037255872	ac
FDPS	0.17313631264581542	ac
RUSC1	0.17563490074571786	ac
ASH1L	0.21506584207777224	me1
MSTO1	0.22456357737360444	ac
YY1AP1	0.2031142763339675	ac
DAP3	0.2000459766159305	ac
GON4L	0.1889577771887112	ac
SYT11	0.17295808982827632	ac
RIT1	0.1666760847187454	ac
KHDC4	0.16506040151983958	ac
RXFP4	0.1648169197861029	ac
ARHGEF2	0.1681058097325716	ac
SSR2	0.17351120423768085	ac
UBQLN4	0.17813960387401095	ac
LAMTOR2	0.17966882937799677	ac
RAB25	0.18077183147004516	me1
MEX3A	0.18206549515653814	ac
LMNA	0.1843401853903075	ac
SEMA4A	0.18597638395413185	me2
SLC25A44	0.18555824122703735	me1
PMF1-BGLAP	0.18470314807532295	me1
PMF1	0.1847716065541095	me1
BGLAP	0.18409284518383995	me1
PAQR6	0.1839171578103651	me1
SMG5	0.18315604961666365	ac
TMEM79	0.18262502389381796	me1
GLMP	0.18261741817331623	me1
VHLL	0.18269077174170845	me1
CCT3	0.18595052693624436	ac
TSACC	0.18591206204732724	ac
RHBG	0.19190094728011176	me2
MEF2D	0.20618520373985494	me1
IQGAP3	0.19864527853684555	me1
TTC24	0.19248959856668268	me2
NAXE	0.18949004733114938	ac
GPATCH4	0.18977784746504223	ac
HAPLN2	0.18598503728715698	me2
BCAN	0.18233640923355832	me1
NES	0.18003657782491844	me2
CRABP2	0.17851815150293593	me1
ISG20L2	0.17849463758764073	ac
METTL25B	0.17867418416020553	ac
MRPL24	0.17899645884711513	ac
HDGF	0.18007361438681924	ac
PRCC	0.18255065878397814	ac
SH2D2A	0.18893600449405124	ac
NTRK1	0.1994282094255273	me2
INSRR	0.19947745295362684	me2
PEAR1	0.22023606636462711	ac
LRRC71	0.2295718753499899	me2
ARHGEF11	0.2551883110447871	me1
ETV3L	0.2899496475669565	me3_domain
ETV3	0.2968066824189267	ac
FCRL5	0.4072726847999233	me3
FCRL4	0.44943022976932556	me3
FCRL3	0.5244666745520328	me2
FCRL2	0.5649642172075632	me2
FCRL1	0.5869418742087567	me2
CD5L	0.6101430047150787	me2
KIRREL1	0.6416951921411	me3_domain
SMIM42	0.6448135253679073	me2
CD1D	0.646673210567808	me3_domain
CD1A	0.647473866615815	me3
CD1C	0.646376450024316	me2
CD1B	0.6417972548875557	me2
CD1E	0.6355349737570187	me2
OR10T2	0.6154681455519022	me2
OR10K2	0.6002642156679545	me2
OR10K1	0.5662282894020274	me2
OR10R2	0.5574546577435555	Unassigned
OR6Y1	0.5007655878425435	me3
OR6P1	0.49128758926912974	me3
OR10X1	0.4841468422055425	me2
OR10Z1	0.47231525473411384	me2
SPTA1	0.46150999177243823	ac
OR6K2	0.45301579688349847	me2
OR6K3	0.4523816799224638	me2
OR6N1	0.4566809742772526	me2
OR6K6	0.45541758890310047	me2
OR6N2	0.4612377111890569	me2
MNDA	0.49226874431156864	Unassigned
PYHIN1	0.5827172998116834	me2
IFI16	0.6248331868136567	me2
PYDC5	0.6158006324556194	me3
AIM2	0.6204061776111631	me3
CADM3	0.6150901369797384	me3_domain
ACKR1	0.6191914461517916	me2
FCER1A	0.6695769857977814	Unassigned
OR10J3	0.6765643125711028	me2
OR10J4	0.6624708753088032	me2
OR10J1	0.6588003944088566	Unassigned
OR10J5	0.6103806165784134	me1
APCS	0.5830555720609777	me2
CRP	0.5057506360201647	me2
DUSP23	0.4704312163874347	me2
FCRL6	0.4595971266578587	me3
SLAMF8	0.45086192189004193	me3_domain
ENSG00000256029	0.4421758326877907	me3_domain
VSIG8	0.440617231247742	me3_domain
CFAP45	0.4289694363928017	me2
TAGLN2	0.41220840246588575	ac
IGSF9	0.40489048286525675	me2
SLAMF9	0.3965797584399271	me3
KCNJ10	0.36759810432045315	me3_domain
PIGM	0.36838175190595523	ac
KCNJ9	0.3564086101812777	me3_domain
IGSF8	0.3538783316477019	me1
ATP1A2	0.3424972399018771	me3_domain
ATP1A4	0.32373262831130034	me3_domain
CASQ1	0.310610255271758	me3
PEA15	0.30447460956093053	me1
DCAF8	0.29565770443331263	ac
ENSG00000258465	0.29430903457430146	ac
PEX19	0.2917581356600778	me1
COPA	0.29623568493517194	ac
NCSTN	0.3020598826015387	ac
NHLH1	0.3049543174351824	me1
VANGL2	0.3087259626524522	me2
SLAMF6	0.3084580474288111	me2
CD84	0.30646872058970687	ac
SLAMF1	0.3042389707183121	me2
CD48	0.3132931854879155	me3
SLAMF7	0.32780113308500125	me3_domain
LY9	0.33403658771287137	me3_domain
CD244	0.32448295584587106	me3_domain
ITLN1	0.3077488782566349	me3_domain
ITLN2	0.26564283920097087	me2
F11R	0.23592243094337606	ac
ENSG00000270149	0.23187667057693562	ac
TSTD1	0.2251805345870913	me1
USF1	0.22403973571137525	ac
ARHGAP30	0.22082421579986156	me2
NECTIN4	0.21876362750820444	me2
KLHDC9	0.21937085547067137	me1
PFDN2	0.22085644405055693	ac
NIT1	0.22295200059516573	ac
DEDD	0.22434567987979792	ac
UFC1	0.2320462656526171	ac
USP21	0.23402445029845298	ac
PPOX	0.23669037876756205	ac
B4GALT3	0.2376691464161279	ac
ADAMTS4	0.24154838910717613	me1
NDUFS2	0.24350873846756782	ac
FCER1G	0.2443979101301973	me1
APOA2	0.24441537162585136	me1
TOMM40L	0.24424081484476734	ac
NR1I3	0.24370061661532805	me1
PCP4L1	0.23523002561452044	me3_domain
MPZ	0.2218416211419202	ac
SDHC	0.21231307259194365	ac
CFAP126	0.20652573909538585	me1
FCGR2A	0.22714911897198053	ac
HSPA6	0.22731761778875537	ac
FCGR3A	0.22656973560269733	ac
ENSG00000289768	0.2248429077707611	ac
FCGR2C	0.2240778154130042	me1
FCGR3B	0.22497422926744226	ac
FCGR2B	0.2327686946105587	me1
FCRLA	0.2462324079598437	me2
FCRLB	0.25216802275808237	ac
DUSP12	0.26530470572922427	ac
ATF6	0.3172808061750264	me1
OLFML2B	0.3651470094998889	me3_domain
NOS1AP	0.3710942882018614	me3_domain
ENSG00000254706	0.29773917276220385	me1
SPATA46	0.2963996074574833	me1
C1ORF226	0.2906459374072772	ac
SH2D1B	0.27344206132857307	ac
UHMK1	0.2611852147003745	ac
UAP1	0.30270346020057526	ac
DDR2	0.3456118560518229	me2
HSD17B7	0.384538042055118	me1
CCDC190	0.4157232786034597	me3_domain
RGS4	0.5607222188401126	me3
RGS5	0.6254074757646617	me2
NUF2	0.6567755067554112	me1
PBX1	0.6358830069987987	me3
LMX1A	0.5659904934708806	me3
RXRG	0.46852277870707904	me3_domain
LRRC52	0.390878967405651	me3_domain
MGST3	0.3252957203371305	ac
ALDH9A1	0.30017446533811853	me1
TMCO1	0.28275607178625106	ac
UCK2	0.32404704843135035	me1
FAM78B	0.4481412481042094	me3
POGK	0.4601406414185525	ac
TADA1	0.46265686021739105	ac
ILDR2	0.47929334874437723	me3_domain
MAEL	0.4872191417083992	me3_domain
GPA33	0.4355667318466494	me3_domain
STYXL2	0.43471207402201717	me3_domain
POU2F1	0.3602218046543545	ac
CD247	0.293300493235504	me3_domain
CREG1	0.25625733302749465	ac
RCSD1	0.18755617902870214	ac
MPZL1	0.18502799087882538	me1
ADCY10	0.20722244030307024	ac
MPC2	0.23205025863754425	ac
DCAF6	0.26678059040098423	ac
GPR161	0.29891899996892146	me3_domain
TIPRL	0.29959182063139533	ac
SFT2D2	0.29798435834377446	me1
TBX19	0.3089428446754219	me2
XCL2	0.4130746891571839	me3
XCL1	0.4410703476376987	me3
DPT	0.5505075294771875	me3
ATP1B1	0.5799589496796957	me2
NME7	0.573430221874496	me2
BLZF1	0.51709918669323	ac
CCDC181	0.4937450561677247	me3
SLC19A2	0.4829547703102617	ac
F5	0.4939326989637277	me3
SELP	0.5110676830963334	me3
C1ORF112	0.5667742507930613	me3
SELL	0.5438496476126751	me3
SELE	0.5628742035389903	me3_domain
METTL18	0.5840896926280192	ac
SCYL3	0.601252623107339	ac
KIFAP3	0.6333690168069048	me2
NTMT2	0.6716048396740626	me2
GORAB	0.7225441978522211	ac
PRRX1	0.7450112937802261	me3
MROH9	0.7212385607106424	Unassigned
FMO3	0.6903835353926427	Unassigned
FMO2	0.63707111777162	me2
FMO1	0.594604089337704	me2
FMO4	0.5536563185214765	me2
PRRC2C	0.4066430798475744	ac
MYOCOS	0.3729692574874047	me3_domain
MYOC	0.36766972857264835	me3_domain
VAMP4	0.3592040985424625	ac
METTL13	0.36364502341142424	ac
DNM3	0.5325488984364387	me2
PIGC	0.6211750563212111	me3
C1ORF105	0.6253527697048534	me2
SUCO	0.6265942706762223	ac
FASLG	0.6278253587210181	me2
TNFSF18	0.5772132498353392	me2
TNFSF4	0.4857040078850967	me3
PRDX6	0.3917559402462154	ac
SLC9C2	0.3767054191657434	me2
ENSG00000285777	0.37646117092955356	me2
ANKRD45	0.37656142573593354	me2
TEX50	0.37771987800311324	Unassigned
KLHL20	0.3372202513045529	me1
CENPL	0.3106888529216273	ac
DARS2	0.3044731817536256	ac
ZBTB37	0.29630798152617954	ac
SERPINC1	0.2899519535623457	me2
RC3H1	0.2690978565355604	ac
RABGAP1L	0.4650990116923839	Unassigned
GPR52	0.4551994566322758	me2
CACYBP	0.49933751113379177	ac
MRPS14	0.4969882148691763	ac
TNN	0.49675144417540784	me3_domain
KIAA0040	0.5205576800594557	me2
TNR	0.6111023079638687	me3_domain
COP1	0.5935606076053123	me1
PAPPA2	0.6683619941586469	me3
ASTN1	0.6629605108846918	me2
BRINP2	0.7378815544986101	me2
SEC16B	0.7365486184708884	me2
RASAL2	0.6452173172671973	me2
CLEC20A	0.581220063880159	me3
TEX35	0.573085083627344	me3_domain
RALGPS2	0.39311697833087766	me3
ANGPTL1	0.3677721616518834	me3
FAM20B	0.34208723888803816	ac
TOR3A	0.34343070707133294	me1
ABL2	0.32748472271841367	me1
SOAT1	0.36050017499294174	me1
AXDND1	0.41015594714671944	me3
NPHS2	0.42383195512415905	me3
TDRD5	0.40015412548068274	me3
FAM163A	0.326510683984626	me3_domain
TOR1AIP2	0.27886688954549943	ac
TOR1AIP1	0.265722336568198	ac
CEP350	0.29926173809067935	me1
QSOX1	0.3188934820058261	me2
LHX4	0.31104374033642046	me3_domain
ACBD6	0.2939322759998022	me1
XPR1	0.27732821425054766	me1
KIAA1614	0.30579751102676167	me2
STX6	0.29388089633604897	me1
MR1	0.2845899441333747	me1
IER5	0.2816087662415009	ac
CACNA1E	0.46364860671926966	me3
ZNF648	0.31600373893174705	me3_domain
GLUL	0.17533757507639303	ac
TEDDM1	0.17663418700278088	me2
RGSL1	0.22869469056446556	me3_domain
RNASEL	0.3087571280703808	ac
RGS16	0.3219031817567424	me3_domain
RGS8	0.35015594520855575	me3_domain
NPL	0.37411894161701953	me1
DHX9	0.3624831177299018	ac
SHCBP1L	0.3658561537303616	Unassigned
LAMC1	0.4764359557676767	me3_domain
LAMC2	0.5246811032355976	me3_domain
NMNAT2	0.5262096248759351	me3_domain
SMG7	0.48647656495497626	ac
NCF2	0.475324897051539	me3_domain
ARPC5	0.45849126992193934	ac
RGL1	0.41216060348846717	me3_domain
APOBEC4	0.45356447497341523	me3_domain
COLGALT2	0.31458716783645013	ac
TSEN15	0.32582439196140955	ac
C1ORF21	0.442665741943727	me3_domain
EDEM3	0.36116652498066504	ac
NIBAN1	0.36258348831493636	me2
RNF2	0.34777138354034576	ac
TRMT1L	0.36994013098826617	ac
SWT1	0.4075548320979917	ac
IVNS1ABP	0.42862035537129894	ac
HMCN1	0.6703034061238016	me2
PRG4	0.6544138523702816	me2
TPR	0.6647281477461848	ac
ODR4	0.677959211751227	ac
PDC	0.6906390119718473	me2
PTGS2	0.7406089524624143	me2
PLA2G4A	0.7348026347175189	Unassigned
BRINP3	0.7756413383194715	Unassigned
RGS18	0.591935440220079	ac
RGS21	0.6070977357979499	Unassigned
RGS1	0.6046344296880568	Unassigned
RGS13	0.5817388367344144	Unassigned
RGS2	0.47536368834851406	me3_domain
UCHL5	0.35912838417364557	ac
RO60	0.3543048779755056	ac
GLRX2	0.35739884183020787	ac
CDC73	0.3917421322182413	ac
B3GALT2	0.3924376866367689	me1
KCNT2	0.6593539698537563	Unassigned
CFH	0.6621020653252365	Unassigned
ENSG00000289697	0.6637380985868273	Unassigned
CFHR3	0.6696246096025217	Unassigned
CFHR1	0.6679844937745498	Unassigned
CFHR4	0.6640031715600954	Unassigned
CFHR2	0.6584736934545514	me2
CFHR5	0.6476506718938013	me2
F13B	0.6252902501863515	me2
ASPM	0.6092900239927388	ac
ZBTB41	0.6050330838092245	ac
CRB1	0.6486253624413546	me3
DENND1B	0.5670913568293707	ac
C1ORF53	0.5238142191719701	me3_domain
LHX9	0.5341994982797533	me3_domain
NEK7	0.5762643130867591	ac
ATP6V1G3	0.5285698452456287	me2
PTPRC	0.5896171483869261	ac
NR5A2	0.6414259958327484	me3_domain
ZNF281	0.44952427487250957	ac
KIF14	0.37290775323610437	ac
DDX59	0.34700459694192565	ac
CAMSAP2	0.3746202822328287	me2
GPR25	0.4134010769824097	me3_domain
INAVA	0.42179987800629315	me3_domain
KIF21B	0.41603411866590734	me2
CACNA1S	0.40192048429108174	me3_domain
ASCL5	0.4026926788000089	me3_domain
TMEM9	0.40857179362432416	me1
IGFN1	0.41602302593171603	me3_domain
PKP1	0.38723935236255547	me3_domain
TNNT2	0.3541211305511994	me3_domain
LAD1	0.34343975667559834	me3_domain
TNNI1	0.33182991256294125	me3_domain
PHLDA3	0.3100087145350924	me3_domain
CSRP1	0.29538120592920347	me2
NAV1	0.26207821485092897	me2
IPO9	0.24117744811103736	me1
SHISA4	0.2361407474433881	me2
LMOD1	0.23147807126195075	me2
TIMM17A	0.2252298393197586	ac
RNPEP	0.22152113476298407	me1
ELF3	0.2206684299502153	me2
GPR37L1	0.25125332726191585	me3_domain
ARL8A	0.2562408244227281	me1
PTPN7	0.2625708129287194	ac
LGR6	0.2988724247161517	me3_domain
UBE2T	0.31848792488305533	ac
PPP1R12B	0.320977419781013	me1
SYT2	0.32476878038583024	me3_domain
KDM5B	0.31771618467118645	ac
RABIF	0.26994522133297816	ac
KLHL12	0.26050254603524114	me1
ADIPOR1	0.25464507495434285	ac
CYB5R1	0.25639535146412695	me1
TMEM183A	0.2764104371149583	ac
PPFIA4	0.2968553650228861	me3_domain
MYOG	0.3129722536285432	me3
ADORA1	0.321648721377791	me3_domain
MYBPH	0.32044025553996947	me3_domain
CHI3L1	0.31793185825143555	me3_domain
CHIT1	0.2996459222550598	me3
BTG2	0.2879398875467841	ac
FMOD	0.29313515383671895	me3_domain
PRELP	0.34158611852049137	me3_domain
OPTC	0.34210958759143406	me3_domain
ATP2B4	0.29246170974414465	me1
LAX1	0.3026730695620017	me3_domain
ZBED6	0.3242688965941529	ac
ZC3H11A	0.32443007572453564	ac
ENSG00000288644	0.31424179097974814	ac
SNRPE	0.34314810508712124	ac
SOX13	0.4439789754993153	me3_domain
ETNK2	0.45646738810257903	me3_domain
REN	0.45648453868879424	me3_domain
KISS1	0.45283351755228896	me3_domain
GOLT1A	0.4485600510967567	me3_domain
PLEKHA6	0.39536248495217663	me3_domain
PPP1R15B	0.33515617579069046	ac
PIK3C2B	0.31793702540863666	me3_domain
MDM4	0.31860179159454205	ac
LRRN2	0.36223630733935397	me3_domain
NFASC	0.36096510895897715	me3_domain
CNTN2	0.323409223316072	me3_domain
TMEM81	0.3156007089500362	me1
RBBP5	0.3068460170293128	ac
DSTYK	0.2748861631411471	me1
TMCC2	0.27008091554091107	me2
NUAK2	0.2953416116972043	me3_domain
KLHDC8A	0.3166005896465701	me3_domain
LEMD1	0.3519754750196553	me3_domain
BLACAT1	0.36160490667793777	me3
CDK18	0.3645886943029847	me3_domain
MFSD4A	0.33975584002470216	me3_domain
ELK4	0.3265646673854533	ac
SLC45A3	0.31484914140762965	me2
NUCKS1	0.3235084447577442	ac
RAB29	0.3224668735586307	me2
SLC41A1	0.313174610819693	me1
PM20D1	0.30652369204206364	me3_domain
SLC26A9	0.49772012146436184	me3_domain
RAB7B		me3
CTSE	0.5641741767302009	me3_domain
RHEX	0.32914665657658715	me3_domain
AVPR1B	0.2577711523912748	me3_domain
FAM72A	0.3340503902201297	ac
SRGAP2	0.3736554382761045	me1
IKBKE	0.25679829623265027	me2
RASSF5	0.25442977797485034	me1
EIF2D	0.23434795780584794	me1
DYRK3	0.21379691008389967	ac
MAPKAPK2	0.22347524365836957	me1
IL10	0.2537712755563578	me3_domain
IL19	0.2689143314161683	me3_domain
IL20	0.2827027651300328	me3_domain
IL24	0.2792969229550615	me3_domain
FCMR	0.27629184860864453	me3_domain
PIGR	0.26981781761751344	me2
FCAMR	0.2625188230359967	me2
C1ORF116	0.2553920650250566	ac
PFKFB2	0.25935665894299087	ac
YOD1	0.2575518631963356	ac
C4BPB	0.26773954404369105	me2
C4BPA	0.27681231513998295	me2
CD55	0.3311738411868467	ac
CR2	0.3238014061415897	me2
CR1	0.3062125350783882	ac
CR1L	0.2806496330456766	ac
CD46	0.29065729721782807	ac
CD34	0.3131284483256377	me2
PLXNA2	0.38478046762699003	me3_domain
CAMK1G	0.6047142074534629	me3_domain
LAMB3	0.5959523591435467	me3_domain
G0S2	0.5868801713531941	me3
HSD11B1	0.5782872254766618	me3_domain
TRAF3IP3	0.5630247375117561	me3_domain
C1ORF74	0.5599668665556823	ac
ENSG00000289700	0.558170066960325	me3_domain
IRF6	0.5576837023992454	me3_domain
UTP25	0.5578141614793368	ac
SYT14	0.6269369903721357	me2
SERTAD4	0.6347486977668488	me3_domain
HHAT	0.6212436992720967	me3
KCNH1	0.5544691831263635	me2
ENSG00000283952	0.41816458431580505	me3
RCOR3	0.35003032849019755	ac
TRAF5	0.3437079159541667	me1
RD3	0.3049399085027954	me3_domain
SLC30A1	0.2652212743690354	ac
NEK2	0.2570476128058319	ac
LPGAT1	0.298368420634208	me1
INTS7	0.3050763547274016	me1
DTL	0.27355017738029663	ac
PPP2R5A	0.2098756942734865	ac
PACC1	0.2301262281876304	me1
NENF	0.2498179393784139	me1
ATF3	0.3223208408029141	me3_domain
GARIN4	0.3311191571776899	me3_domain
BATF3	0.33901790279847543	me3_domain
NSL1	0.3352247581963229	me1
TATDN3	0.3251019779764698	ac
SPATA45	0.3116916734111246	me2
FLVCR1	0.29459987290454714	me1
VASH2	0.261116393708969	me3_domain
ANGEL2	0.2557589515229247	ac
RPS6KC1	0.30400244595057047	ac
PROX1	0.639508850870036	me3_domain
SMYD2	0.6243930354681835	me1
PTPN14	0.644645369703846	me3_domain
CENPF	0.676377923084885	ac
KCNK2	0.7888653578111651	Unassigned
KCTD3	0.6998979172588833	ac
USH2A	0.8402307646729148	Unassigned
ESRRG	0.8516811288304725	Unassigned
GPATCH2	0.880736945792741	Unassigned
SPATA17	0.8665004901764781	Unassigned
RRP15	0.6453959569190881	ac
TGFB2	0.6484069917536401	me3
LYPLAL1	0.6333818895013223	ac
ZC3H11B	0.44734288219706053	me3
SLC30A10	0.3243866829810683	ac
EPRS1	0.2738720623345613	ac
BPNT1	0.2879301162851253	me1
IARS2	0.31582340903693196	me1
RAB3GAP2	0.36660072113243236	me1
MARK1	0.5941585565567435	me2
C1ORF115	0.6292494492428062	me3_domain
MTARC2	0.6390429182088191	me3
MTARC1	0.6433111772186453	me3_domain
ENSG00000286231	0.6526253004446934	me3
HLX	0.6703544304859658	me3
DUSP10	0.6979454829368452	ac
HHIPL2	0.5045660097084752	me3_domain
TAF1A	0.49569563272069683	ac
MIA3	0.4982749196545566	ac
AIDA	0.5046760307385505	ac
BROX	0.5090155234374767	ac
FAM177B	0.5124542088409714	me3_domain
DISP1	0.5560890705311123	me3
TLR5	0.4828543285451661	me3_domain
SUSD4	0.45140186066334276	me3
CCDC185	0.4198012440824306	me3_domain
CAPN8	0.3683398360102439	me3_domain
CAPN2	0.2502290104742637	me1
TP53BP2	0.22825699757517692	ac
FBXO28	0.24336774110231318	me1
DEGS1	0.22086955433367506	ac
NVL	0.23400026773943794	me1
CNIH4	0.2600786370570838	me1
WDR26	0.273021794287576	ac
CNIH3	0.36132988236044783	me3_domain
DNAH14	0.4692985324570328	me2
LBR	0.35547599128961493	ac
ENAH	0.3590308974395353	me3_domain
SRP9	0.2684613650656612	ac
EPHX1	0.2413506703839654	me1
TMEM63A	0.22473755264165274	me1
LEFTY1	0.21819710815506854	me1
ENSG00000255835	0.21813739548775257	ac
PYCR2	0.21777324462879444	ac
LEFTY2	0.2187498538996	me1
SDE2	0.2218665296768415	ac
H3-3A	0.21544417284373707	ac
ACBD3	0.2200649310436411	ac
MIXL1	0.23642476727719408	me2
LIN9	0.2484521044590483	ac
PARP1	0.2853378856977159	me1
STUM	0.39706309509257887	me3_domain
ITPKB	0.43464583700555437	me3_domain
PSEN2	0.38169200291361727	me1
ENSG00000288674	0.38084622610115904	me1
COQ8A	0.3794080574692066	me1
CDC42BPA	0.30969622999350965	me1
ZNF678	0.36480047109412883	me2
SNAP47	0.42306954441323097	me1
JMJD4	0.4162144971471289	me1
PRSS38	0.4368233727395032	me2
WNT9A	0.41038021312418427	me3_domain
WNT3A	0.34706591677014587	me3_domain
ARF1	0.3280655312994418	ac
C1ORF35	0.3268641030079791	ac
MRPL55	0.3266760311851019	ac
GUK1	0.3281582682857992	me1
GJC2	0.32917856706351634	me1
IBA57	0.3312849134233409	me1
OBSCN	0.3243496116745007	me2
TRIM11	0.28628759850521746	me1
TRIM17	0.28098748317859534	me1
H3-4	0.2766162237202586	me1
H2AC25	0.27386768561584574	ac
H2BC26	0.27494461832424677	ac
RNF187	0.2924137670610374	ac
RHOU	0.5241907624432983	me3_domain
RAB4A	0.3648021274888421	me1
CCSAP	0.34191274096723734	me1
ACTA1	0.2933234195628749	me3_domain
NUP133	0.27769440251068156	me1
ABCB10	0.2709691382018403	me1
TAF5L	0.29234678108727463	me1
URB2	0.30729694002157915	me1
GALNT2	0.4101018704989311	me1
PGBD5	0.4907098719081342	me3_domain
COG2	0.49838291699847637	me1
AGT	0.47200235394221723	me3_domain
CAPN9	0.44534728470250673	me3_domain
C1ORF198	0.3992379232330563	me2
TTC13	0.33845038765449365	ac
ARV1	0.32182668295691674	ac
FAM89A	0.32276019200950623	me1
TRIM67	0.34983746527826876	me3
C1ORF131	0.3541115421124359	ac
GNPAT	0.3597770908000435	me1
EXOC8	0.3880419741708724	ac
SPRTN	0.39210356619594966	ac
EGLN1	0.40845528623461	ac
ENSG00000287856	0.4135008791279632	ac
TSNAX	0.41646876275991085	ac
TSNAX-DISC1	0.47308568129910633	me3
DISC1	0.5784342384528773	me2
SIPA1L2	0.7731987661548956	me2
MAP10	0.7560614460311076	me2
NTPCR	0.7229758931983445	me1
PCNX2	0.6618446280165925	me3
MAP3K21	0.5841730382888155	me3_domain
KCNK1	0.4517239954280341	ac
SLC35F3	0.501764515660558	me3
COA6	0.36149638973424925	ac
TARBP1	0.3484762658436451	me1
IRF2BP2	0.32810442680215346	ac
TOMM20	0.2891134180550158	ac
RBM34	0.27993307087951214	ac
ARID4B	0.26679483727611863	ac
GGPS1	0.2678154293929482	ac
ENSG00000285053	0.2758263702896221	ac
TBCE	0.27923482219393225	me1
B3GALNT2	0.3022170509740295	ac
GNG4	0.37212596190341796	me3_domain
LYST	0.44686341861800294	me3_domain
NID1	0.4974517440292914	me3_domain
GPR137B	0.3966882295590166	me3_domain
ERO1B	0.3650347455408116	me2
EDARADD	0.34411011743634745	ac
LGALS8	0.37325570302225186	me1
HEATR1	0.39433430290485794	ac
ACTN2	0.45223875562997873	me3_domain
MTR	0.507336279671887	me1
MT1HL1	0.5717751539314391	me3_domain
RYR2	0.7458701592526022	me2
ZP4	0.8735345067760159	me1
CHRM3	0.8841457734308578	Unassigned
FMN2	0.8272681203813572	me2
GREM2	0.8295630307303339	me1
RGS7	0.7090904202340231	Unassigned
FH	0.43982510784522144	ac
KMO	0.40480878583117363	me2
OPN3	0.3868618989678594	ac
CHML	0.38588094631926084	ac
WDR64	0.3805691765626964	me2
EXO1	0.39604004377617696	ac
BECN2	0.44662449815132066	me3_domain
MAP1LC3C	0.4718390379574843	me3_domain
PLD5	0.636291551989578	me2
CEP170	0.43368234742421397	ac
SDCCAG8	0.515770415981545	me2
AKT3	0.6008281714995243	me2
ZBTB18	0.49371886709929713	me3_domain
C1ORF100	0.3389501508312748	ac
ADSS2	0.35272664119538943	ac
CATSPERE	0.3809202002034697	me3
DESI2	0.3824263216268149	me1
ENSG00000284188	0.37540502117313523	me3_domain
COX20	0.34160050097518313	ac
HNRNPU	0.33610319933711263	ac
EFCAB2	0.3508511888688953	ac
KIF26B	0.47277946506993873	me3_domain
SMYD3	0.39264105420219575	me1
TFB2M	0.286608522267365	ac
CNST	0.29111843774289514	ac
SCCPDH	0.3183916810147689	me1
AHCTF1	0.3498040903677594	ac
ZNF695	0.389928073058895	me1
ZNF670-ZNF695	0.4004629357202003	me1
ZNF670	0.4146806679715963	me1
ZNF669	0.4220379280960289	ac
ZNF124	0.4254261502433041	me1
VN1R5	0.43647780791091406	me2
ZNF496	0.44731737832879626	me1
NLRP3	0.47980786813434473	me3_domain
OR2B11	0.4904883382642179	me3_domain
GCSAML	0.5490827320909024	me2
OR2C3	0.5409745117116969	me2
OR2G2	0.5828397798879852	me2
OR2G3	0.5943212968104861	me2
OR14L1P	0.602821418370328	Unassigned
OR13G1	0.6291282096589216	me1
OR6F1	0.6382687159648668	me1
ENSG00000239395	0.6388932181082072	Unassigned
OR14A2	0.6416446196705599	Unassigned
OR14K1	0.6420265612173204	me1
OR1C1	0.6450301679799639	Unassigned
OR9H1P	0.6479709601706176	Unassigned
OR14A16	0.6609214175937281	me2
OR11L1	0.6695524977669006	me3_domain
TRIM58	0.6802846835275929	ac
OR2W3	0.690206937206435	me1
OR2T8	0.6966046397070553	me2
OR2AJ1	0.697880353378777	me2
OR2L8	0.6992775290746428	me2
OR2AK2	0.6986858277776891	me2
OR2L5	0.6888813167633427	Unassigned
OR2L2	0.6844544692052459	Unassigned
OR2L3	0.6795844261808546	Unassigned
OR2L13	0.6706181514597895	me1
OR2M5	0.6652037025125079	me1
OR2M2	0.6616902290240014	Unassigned
OR2M3	0.6567401051176431	Unassigned
OR2M4	0.6458620977117564	Unassigned
OR2T33	0.6261319956200538	Unassigned
OR2T12	0.610049466108151	Unassigned
OR2M7	0.587086410306052	me1
OR14C36	0.5636511698895476	me1
OR2T4	0.5502084109422447	me1
OR2T6	0.5266455174196538	me1
OR2T1	0.5024659491295833	me2
OR2T7	0.46626278426929835	me2
OR2T2	0.45694721486238055	me2
OR2T3	0.43887047258395595	me2
OR2T5	0.4285306304498767	me2
OR2G6	0.41181962605402733	Unassigned
OR2T29	0.37646737131914687	me2
OR2T34	0.3594386153496463	me2
OR2T10	0.3321635182512801	me2
OR2T11	0.2852659753374147	me3
OR2T35	0.2757243747359428	me2
OR2T27	0.27187363986743796	me2
ENSG00000286015	0.3995337683948995	me2
OR14I1	0.2982610254900695	me2
LYPD8	0.5269402043808581	me3
SH3BP5L	0.27018339904062516	ac
ZNF672	0.1939201324730675	ac
ZNF692	0.17178429091608094	ac
PGBD2	0.14647540800725478	ac
TUBB8	0.5963543799817603	me3
ZMYND11	0.5481886720037547	Unassigned
DIP2C	0.52392373320899	me3_domain
LARP4B	0.30792897285652987	me1
GTPBP4	0.25475331723730077	ac
IDI2	0.2616047361361906	me1
IDI1	0.2748168180703595	ac
WDR37	0.3249691316035117	me1
ADARB2	0.5136226326040725	me3_domain
PFKP	0.3786414581512193	ac
PITRM1	0.3925962821629754	me1
KLF6	0.3796127216681048	ac
AKR1E2	0.3261767349241641	ac
AKR1C1	0.33148005331856656	ac
AKR1C2	0.31880697999282925	me1
AKR1C3	0.3042244691730973	ac
AKR1C8	0.3484674597814259	me2
AKR1C4	0.3679440261335476	me2
UCN3	0.3128579801813892	me2
TUBAL3	0.2901738559667755	me2
NET1	0.26822094246387507	ac
CALML5	0.2463799154796621	me2
CALML3	0.2447962893577964	me2
ASB13	0.27239355740900206	me1
TASOR2	0.2878538883833328	ac
GDI2	0.27292075239556257	ac
ANKRD16	0.24470935293953444	ac
FBH1	0.24281414003368884	ac
IL15RA	0.2557389872332537	ac
IL2RA	0.2846130539957188	me3_domain
RBM17	0.28858751957412654	ac
PFKFB3	0.2895782461145058	me1
PRKCQ	0.39850170796864337	me1
SFMBT2	0.40078898362823767	me1
ITIH5	0.4097144176054809	me3_domain
ITIH2	0.4014775172315953	me3_domain
KIN	0.39481342984138235	ac
ATP5F1C	0.3931201368838807	ac
TAF3	0.4066613144692336	me1
GATA3	0.43174234411980317	me3_domain
CELF2	0.45278009717058787	me2
USP6NL	0.2886146027648919	ac
ECHDC3	0.2440353386834233	me1
PROSER2	0.21382753614751915	me1
UPF2	0.19909193727204932	ac
DHTKD1	0.24530834681945768	me1
SEC61A2	0.26287361467490333	me1
NUDT5	0.27373506810349224	ac
CDC123	0.29291119931435916	me1
CAMK1D	0.4987303981720218	me3_domain
CCDC3	0.4654702608186677	Unassigned
OPTN	0.3840522958941591	Unassigned
MCM10	0.3453752532189377	me1
UCMA	0.3359050055515128	me3_domain
PHYH	0.33934577537447563	ac
SEPHS1	0.33974554937494983	ac
BEND7	0.35160718212431763	me3
PRPF18	0.4216169248841274	Unassigned
FRMD4A	0.5269219638410462	me3_domain
FAM107B	0.48567574614961306	me3_domain
CDNF	0.4314659732914108	ac
MSANTD7	0.4272361224861484	ac
HSPA14	0.42280604952622713	ac
SUV39H2	0.4096485513391126	ac
DCLRE1C	0.39699621119310324	ac
MEIG1	0.38092420362274426	me3_domain
OLAH	0.350526820836247	Unassigned
ACBD7	0.3395111095293504	me3_domain
RPP38	0.3318300066100859	ac
NMT2	0.3302298484884667	me1
FAM171A1	0.3324332124734649	me3_domain
ITGA8	0.37891343491813545	Unassigned
MINDY3	0.40121599673462494	ac
PTER	0.5290269957619247	me1
C1QL3	0.5312919383421264	Unassigned
RSU1	0.46789470756648077	me2
CUBN	0.3561460893541185	me2
TRDMT1	0.29634562803281594	ac
VIM	0.2842956521376818	ac
ST8SIA6	0.281510026824203	ac
HACD1	0.3023176197696431	me1
STAM	0.34730896000048395	ac
TMEM236	0.21064940820020894	me2
MRC1	0.21242959383015603	me3
SLC39A12	0.5785686446343064	me2
CACNB2	0.6074691462613678	me3
NSUN6	0.6498755923988422	ac
ARL5B	0.6478079987311899	ac
MALRD1	0.7655942738553247	Unassigned
PLXDC2	0.7794000340110299	Unassigned
NEBL	0.4866736842708731	me2
SKIDA1	0.2632041445405805	ac
MLLT10	0.2986774598085157	ac
DNAJC1	0.37476691160981923	me1
EBLN1	0.38852936389584003	Unassigned
COMMD3	0.3501658961686195	ac
COMMD3-BMI1	0.3483714897185406	ac
BMI1	0.3470881919117065	ac
SPAG6	0.334285167968703	ac
PIP4K2A	0.34626984384629	ac
ARMC3	0.31613864875280273	Unassigned
MSRB2	0.31880363188768446	ac
PTF1A	0.3668512460205453	me3_domain
C10ORF67	0.42964433382706946	me3
OTUD1	0.5579523812874012	me2
KIAA1217	0.5732612975654159	Unassigned
ARHGAP21	0.3517153120098768	ac
PRTFDC1	0.2813940241634728	ac
ENKUR	0.2924608106180273	ac
THNSL1	0.29165478731122774	ac
GPR158	0.5276451570079053	Unassigned
MYO3A	0.6762597907302356	Unassigned
GAD2	0.5944054918990596	me3
APBB1IP	0.4795341756536411	me3
PDSS1	0.3947915648595912	ac
ABI1	0.37367676184527643	me1
ANKRD26	0.3965972836716398	Unassigned
YME1L1	0.4051513400520058	ac
MASTL	0.4108402169739237	ac
ACBD5	0.4133356224833248	ac
PTCHD3	0.48591534175145323	me3
RAB18	0.534691132030666	ac
MKX	0.629009556429454	me3
ODAD2	0.655179443602358	Unassigned
MPP7	0.5153326064657016	me3
WAC	0.31217418832870114	ac
BAMBI	0.28226475190173506	ac
LYZL1	0.46242705933591155	me3_domain
SVIL	0.5857361331503423	me3_domain
JCAD	0.509830677573853	me3_domain
MTPAP	0.36328799799046285	ac
MAP3K8	0.33327163297780105	ac
LYZL2	0.3634562292794261	me3_domain
ZNF438	0.5488016888462905	Unassigned
ZEB1	0.5548483378421494	Unassigned
ARHGAP12	0.3357021767714181	Unassigned
KIF5B	0.29715277255803674	ac
EPC1	0.36668332103941303	ac
CCDC7	0.4012579615500741	Unassigned
ITGB1	0.30736021185951434	ac
NRP1	0.466673372149067	me3_domain
PARD3	0.4663970136756995	me3
CUL2	0.3080713276552425	ac
CREM	0.2876246395872577	ac
CCNY	0.3479570282632005	me1
GJD4	0.41721429510604313	me3_domain
FZD8	0.4318516151503762	me2
ANKRD30A	0.8194299475773885	Unassigned
ZNF248	0.6290324505805434	me2
ZNF25	0.5590844605157976	ac
ZNF33A	0.5628898822457942	ac
ZNF37A	0.6047003908281252	Unassigned
PLD5P1	0.6599946442041551	Unassigned
ZNF33B	0.4669286109529943	ac
BMS1	0.4914811429935827	Unassigned
RET	0.4260916516682375	me3_domain
CSGALNACT2	0.3923578119264891	me2
RASGEF1A	0.3315747598252743	me3_domain
FXYD4	0.2316057564718682	me3_domain
HNRNPF	0.23215201549040965	ac
ZNF487	0.2474173899696136	ac
ZNF239	0.2928949190330258	ac
ZNF485	0.32577485957245744	ac
ZNF32	0.3564242930239675	ac
CXCL12	0.6581122232406645	me3_domain
TMEM72	0.5377765095766665	me3_domain
RASSF4	0.518648077145855	me3_domain
DEPP1	0.5190772158827648	me2
ZNF22	0.5117004206055276	ac
OR13A1	0.43420169739159764	me2
ALOX5	0.42246750642894415	me2
MARCHF8	0.41822251312477854	me1
ZFAND4	0.40752282532208506	Unassigned
WASHC2C	0.35523295932017007	me1
AGAP4	0.443474814813162	me1
TIMM23	0.3786256721456446	ac
NCOA4	0.4181641987443222	ac
MSMB	0.4261820707673223	me2
ANTXRL	0.5618986625986069	me3_domain
ANXA8L1	0.6650494117532469	me3
NPY4R	0.6045179557800293	me3_domain
GPRIN2	0.5913218853668651	me3_domain
SYT15	0.5936348186028821	me3_domain
PTPN20	0.23186408569296058	Unassigned
GDF10	0.5187992515163423	me3_domain
GDF2	0.5076005726062678	me2
RBP3	0.5071412574194356	me3_domain
ZNF488	0.5281467154464622	me3_domain
ANXA8	0.7570366243723416	me3
FAM25G	0.7843029192841344	me3
AGAP9		me1
SYT15B		me3
NPY4R2		me3
FAM25C	0.6987954541479904	me3
FRMPD2	0.42585309709304964	me3_domain
MAPK8	0.37108893793533637	ac
ARHGAP22	0.36046461113472195	me3_domain
WDFY4	0.43245488288237877	me3_domain
LRRC18	0.42796945293530275	me3_domain
VSTM4	0.3282655764387521	me2
FAM170B	0.29569114775790795	me2
TMEM273	0.2920163912045175	ac
C10ORF71	0.32086917759203526	ac
DRGX	0.36837958064841625	me3_domain
ERCC6	0.4271665963669148	me1
CHAT	0.4651614535356533	me3_domain
SLC18A3	0.4591402975578387	me3_domain
C10ORF53	0.4693348554538982	me3_domain
OGDHL	0.447659514654263	me3_domain
PARG	0.4599783037599444	me1
TIMM23B	0.39780925131513034	ac
TIMM23B-AGAP6	0.39128200380578937	me1
AGAP6	0.3877202250400671	me1
WASHC2A	0.21790141639230698	me1
ASAH2	0.14386137123892484	me2
SGMS1	0.30540834441658193	ac
ASAH2B	0.3854259793232424	me2
A1CF	0.4169083419806082	me2
PRKG1	0.7637962472468873	Unassigned
CSTF2T	0.8121166476195572	ac
DKK1	0.8061863602314212	me2
MBL2	0.8632392248860574	Unassigned
PCDH15	0.8848015265381586	Unassigned
ZWINT	0.8816444785131519	ac
IPMK	0.527177203355224	ac
CISD1	0.5127066667465512	ac
UBE2D1	0.516517998896225	me1
TFAM	0.5273963445538825	ac
BICC1	0.6785935845295055	Unassigned
PHYHIPL	0.7278855968730346	Unassigned
FAM13C	0.6929883305754048	me2
SLC16A9	0.5457411861043513	ac
MRLN	0.5209618599819024	me3_domain
CCDC6	0.44899593541349747	me1
ANK3	0.3851416280536015	me2
CDK1	0.5249369130495436	ac
RHOBTB1	0.5161287326723183	ac
TMEM26	0.5195624853898466	me2
CABCOCO1	0.33920298253387215	ac
ARID5B	0.39649801416844266	me2
RTKN2	0.5335617649116846	me3
ZNF365	0.6479885098411258	me2
ENSG00000285837	0.6510537359979183	me2
ADO	0.5998055610336175	ac
EGR2	0.5992971680389569	me3
NRBF2	0.5099375123875115	me1
JMJD1C	0.48155155993792587	me1
REEP3	0.39823652132920195	me1
CTNNA3	0.7859674456639236	Unassigned
LRRTM3	0.8402150492326728	Unassigned
ENSG00000289325	0.847682231934284	me2
DNAJC12	0.4228927810578015	me1
SIRT1	0.4176187036512533	ac
HERC4	0.4289263669279413	me1
MYPN	0.3618906913454094	me3_domain
ATOH7	0.3201722740909324	me3_domain
PBLD	0.2939847662128352	ac
HNRNPH3	0.2817863112887662	ac
RUFY2	0.2598289471064793	ac
DNA2	0.21485186214270469	ac
SLC25A16	0.185958468805709	ac
TET1	0.19863993649525935	ac
CCAR1	0.25057928092334913	ac
STOX1	0.2766008710715049	me2
DDX50	0.2761442704480843	ac
DDX21	0.2724733531225769	ac
KIFBP	0.2649121744212184	me1
SRGN	0.2385443920580902	ac
VPS26A	0.2155723059982776	ac
SUPV3L1	0.19747104878515964	ac
HKDC1	0.18719081089242162	me2
HK1	0.21285086691258126	ac
TACR2	0.2577247253128383	me1
TSPAN15	0.3006728256914164	me3_domain
NEUROG3	0.3520308564072355	me3_domain
FAM241B	0.3916060624308969	me2
COL13A1	0.45241384093322357	me3_domain
MACROH2A2	0.33100561815097995	me3_domain
AIFM2	0.3222373251101497	me1
TYSND1	0.31610666258541154	me1
SAR1A	0.312475822185865	ac
PPA1	0.303070288008367	ac
NPFFR1	0.3024158507333936	me3_domain
LRRC20	0.30579498253819637	me2
EIF4EBP2	0.29642475173098415	me1
NODAL	0.2881080646093429	me3_domain
PALD1	0.23486779703149618	ac
PRF1	0.22063946938708057	me1
ADAMTS14	0.23216317628204752	me1
TBATA	0.25111272744973956	me2
SGPL1	0.2942523632830979	me1
PCBD1	0.31420653839278867	me1
UNC5B	0.40635035273151876	me2
SLC29A3	0.40533534765062174	me1
CDH23	0.3120780175831114	me1
C10ORF105	0.2568607629602453	me1
VSIR	0.23216958336924742	me1
PSAP	0.1952509892460772	ac
CHST3	0.25749755880402914	me3_domain
SPOCK2	0.26669197453418514	me2
ASCC1	0.21630646324202207	me1
ANAPC16	0.17849969729944737	ac
DDIT4	0.17379413399197796	ac
DNAJB12	0.19480566115731035	me1
MICU1	0.2576354625206254	me1
MCU	0.29101969171071584	me1
OIT3	0.29160653765878475	me2
PLA2G12B	0.2950165394542619	Unassigned
P4HA1	0.2953955438479554	me1
NUDT13	0.2752782004758937	ac
ECD	0.26625131963712523	ac
FAM149B1	0.2553029841823665	ac
DNAJC9	0.25383437264414643	ac
MRPS16	0.24963092380099827	ac
CFAP70	0.23913719206096073	Unassigned
ANXA7	0.22087611220955083	ac
MSS51	0.21863862801865896	me1
PPP3CB	0.21981349280768125	ac
USP54	0.20999677669048733	me1
MYOZ1	0.19040213870659817	me3_domain
SYNPO2L	0.18607121039123797	me1
AGAP5	0.18178393113883506	me1
SEC24C	0.18720169446335022	ac
FUT11	0.1894950461770124	ac
CHCHD1	0.19010775919611977	ac
ZSWIM8	0.19068529696173864	me1
ENSG00000272916	0.19077962835890783	me1
NDST2	0.19073597778387574	ac
CAMK2G	0.18541558230036093	me1
PLAU	0.16788251651714803	ac
VCL	0.19988640266788293	ac
AP3M1	0.22741312506894185	ac
ADK	0.33159513895431036	me1
KAT6B	0.33233553144375194	me2
DUSP29	0.29492441463030517	me2
DUSP13	0.27458149954063216	ac
SAMD8	0.26548408790875344	ac
VDAC2	0.26884699437992	ac
COMTD1	0.2738102924493211	ac
ZNF503	0.36839622817575757	me3_domain
LRMDA	0.6066289659400687	me2
KCNMA1	0.5467549248437373	me3
DLG5	0.27285552892132514	me1
POLR3A	0.24217431017932478	ac
RPS24	0.2569448641488963	ac
ZMIZ1	0.32884699448103527	me1
PPIF	0.3253660540469957	ac
ZCCHC24	0.3216567392877707	me1
EIF5AL1	0.34224827770304656	me3
SFTPA2	0.36891369525093753	me3_domain
SFTPA1	0.4137746317291121	me3_domain
NUTM2B	0.4795328536092972	me1
NUTM2E	0.4653904201762489	ac
SFTPD	0.45373117501430993	me3
TMEM254	0.4177891782680806	me3_domain
PLAC9	0.4063996519355654	me3_domain
ANXA11	0.4004825439005547	me1
MAT1A	0.38753235762739036	me3_domain
DYDC1	0.37927242376486003	me3_domain
DYDC2	0.3786608428763787	me3_domain
PRXL2A	0.38411756636479477	me3_domain
TSPAN14	0.41197146310605814	ac
SH2D4B	0.4481901418426003	me3_domain
NRG3	0.8598451552275087	Unassigned
GHITM	0.5089926983803001	ac
GPR15LG	0.49657520349147477	me3_domain
CDHR1	0.48422594049595236	me3_domain
LRIT2	0.475898714981871	me3_domain
RGR	0.4649811015251072	me3_domain
LRIT1	0.4689787711208099	me3_domain
CCSER2	0.46202536480294065	me2
GRID1	0.5504897429946778	me2
WAPL	0.36542807266520194	Unassigned
OPN4	0.2682832783414105	me3_domain
ENSG00000289258	0.26171176570658194	me3
LDB3	0.25515843791667603	me2
BMPR1A	0.2344673297137001	ac
MMRN2	0.22569971651024856	ac
SNCG	0.22649104950706023	ac
ADIRF	0.2281748682847422	me1
FAM25A	0.23055560658033758	me1
GLUD1	0.2304268829612086	ac
SHLD2	0.2643420297693194	ac
NUTM2A	0.36944367923588095	me1
NUTM2D	0.35159264859569095	me1
MINPP1	0.22991295883778318	ac
PAPSS2	0.3432570461737293	me3
ATAD1	0.39693378864955076	Unassigned
KLLN	0.42836423474408325	ac
PTEN	0.43232928373634105	ac
ENSG00000289051	0.42863935011146714	ac
RNLS	0.6407618256701517	Unassigned
LIPJ	0.6552270049092638	Unassigned
LIPF	0.6840854438185242	Unassigned
LIPK	0.6836097376150305	Unassigned
LIPN	0.6773653316761108	Unassigned
LIPM	0.6716154704702364	me2
ANKRD22	0.6692986532452139	me2
STAMBPL1	0.6613484435638577	me3
ACTA2	0.654193025930071	me3
FAS	0.6422035145654827	me2
CH25H	0.4696135132443111	me3
LIPA	0.4066628005983267	me2
IFIT2	0.40002175447301946	me2
IFIT3	0.37847922238028675	ac
IFIT1B	0.380569795236412	me2
IFIT1	0.3872223600270901	me2
IFIT5	0.39610479787678	me2
SLC16A12	0.42450342973275357	me3
PANK1	0.44497690774578313	ac
KIF20B	0.4748514270497324	ac
HTR7	0.604926088477969	me2
RPP30	0.5580031985667239	Unassigned
ANKRD1	0.5405325940210787	me3_domain
PCGF5	0.46669097489078804	Unassigned
HECTD2	0.3565131453541617	Unassigned
PPP1R3C	0.3591956662437208	ac
TNKS2	0.3327919516453002	Unassigned
FGFBP3	0.32514733969600196	me1
BTAF1	0.31929813428588705	Unassigned
CPEB3	0.34080428962873244	Unassigned
MARCHF5	0.323172537591504	me1
IDE	0.29336393593417753	Unassigned
KIF11	0.2388706371341207	ac
HHEX	0.23119265876791673	ac
EXOC6	0.25964647416758835	ac
CYP26C1	0.30465827750826857	me1
CYP26A1	0.30879920802965033	ac
MYOF	0.46804079467231663	me3_domain
CEP55	0.48860714159504237	Unassigned
FFAR4	0.5078277735848344	me3_domain
RBP4	0.509443890189883	me3_domain
PDE6C	0.5096976170492076	me3_domain
FRA10AC1	0.5106294048318739	Unassigned
LGI1	0.5288143052240272	me3
SLC35G1	0.48952391173688115	Unassigned
PLCE1	0.4135089780667879	Unassigned
NOC3L	0.332812940362079	Unassigned
TBC1D12	0.32341042664557207	Unassigned
HELLS	0.3484369127864544	Unassigned
CYP2C18	0.4031913133880528	Unassigned
ENSG00000276490	0.4324062582051269	Unassigned
CYP2C19	0.4509936431614574	Unassigned
CYP2C9	0.42470430993404984	Unassigned
CYP2C8	0.36538135995943744	Unassigned
ACSM6	0.24989881170909556	Unassigned
PDLIM1	0.2504607733443919	me1
SORBS1	0.23148562544118823	me1
ALDH18A1	0.21210367126931473	me1
TCTN3	0.2377949052119379	Unassigned
ENTPD1	0.2955445802219243	Unassigned
ENSG00000270099	0.3407733658847839	Unassigned
CC2D2B	0.33653009124261535	Unassigned
CCNJ	0.2936052599266544	ac
ZNF518A	0.3028249384103412	ac
BLNK	0.3338531261312444	me3_domain
DNTT	0.3704366186314524	Unassigned
OPALIN	0.3775878857078341	Unassigned
TLL2	0.3679653623066259	me3_domain
TM9SF3	0.3353784249864836	Unassigned
PIK3AP1	0.3355800590510438	me2
LCOR	0.35418162143122844	me1
SLIT1	0.30917331435223916	me3_domain
ARHGAP19-SLIT1	0.23023952162649863	me3
ARHGAP19	0.20717620213254695	ac
FRAT1	0.1791092535994835	ac
FRAT2	0.17511105035651486	ac
RRP12	0.1737590978565008	ac
PGAM1	0.18258956443318908	ac
EXOSC1	0.18743116400932702	ac
ZDHHC16	0.19155353457661362	me1
MMS19	0.20271753726453834	ac
UBTD1	0.21660450049253144	me2
ANKRD2	0.2214381866356523	me2
HOGA1	0.2237295224255752	me2
ENSG00000249967	0.23205631170015906	me1
C10ORF62	0.22256310184688965	me2
MORN4	0.22906411559734263	me1
PI4K2A	0.24123879307140017	ac
AVPI1	0.2530012499442006	me1
MARVELD1	0.26956022314261174	ac
ZFYVE27	0.2837320033765317	me1
SFRP5	0.29021453251856233	me2
GOLGA7B	0.30558375150969264	me3_domain
CRTAC1	0.3528938391212151	me3_domain
R3HCC1L	0.37543761433558576	Unassigned
LOXL4	0.37997066868717955	me2
PYROXD2	0.3744209859760296	me3
HPS1	0.3776768576072216	me1
ENSG00000289758	0.3779377321209092	me1
HPSE2	0.45278104554062704	Unassigned
CNNM1	0.42808348317395495	me3
GOT1	0.4036873095677941	ac
NKX2-3	0.36854767954404144	me3_domain
SLC25A28	0.34506818536158557	ac
ENSG00000285932	0.3283473333427296	me1
ENTPD7	0.32890593012377567	me1
CUTC	0.3249749239742401	Unassigned
COX15	0.3244786929141693	ac
ABCC2	0.3435361504291614	me3_domain
DNMBP	0.3565278804200753	Unassigned
CPN1	0.33320784802613135	me3
ERLIN1	0.3086110201037906	ac
CHUK	0.30453802716566913	Unassigned
CWF19L1	0.3048915929984436	Unassigned
BLOC1S2	0.3055244707831095	me1
PKD2L1	0.302940978658658	me3_domain
SCD	0.2928698343295647	ac
WNT8B	0.2811138729562994	me3_domain
SEC31B	0.29150816532499524	me2
ENSG00000255339	0.29783011791966085	me1
NDUFB8	0.30205462067108513	ac
HIF1AN	0.31016570528043363	me1
PAX2	0.3144929001416814	me3_domain
SLF2	0.23578356157040625	Unassigned
MRPL43	0.23322392877119769	me1
SEMA4G	0.23323580440976333	me1
TWNK	0.2332302984693564	ac
LZTS2	0.23350714824878505	ac
PDZD7	0.23475884523893187	me2
SFXN3	0.23659272214007931	me2
KAZALD1	0.2435510328993249	ac
TLX1	0.2807919967916206	me3_domain
LBX1	0.33704876234071046	me3_domain
BTRC	0.27715811333249607	Unassigned
DPCD	0.24290678604843907	me1
POLL	0.24416076507406803	me1
FBXW4	0.22408251607516716	me2
FGF8	0.22613676855410214	me1
NPM3	0.23477223241733935	ac
OGA	0.267307085198364	ac
KCNIP2	0.33630230729722244	ac
ARMH3	0.37233946609912527	Unassigned
HPS6	0.18731771431879463	ac
LDB1	0.16091715527606265	ac
PPRC1	0.17243369669274644	ac
NOLC1	0.18391796493049528	ac
ELOVL3	0.22579103468515127	me1
PITX3	0.22764879398166415	me1
GBF1	0.21649147166737903	me1
NFKB2	0.20137477440816332	me1
PSD	0.1995642815101507	ac
FBXL15	0.19856637940834687	ac
CUEDC2	0.1975669296235134	ac
C10ORF95	0.1943205039704643	ac
MFSD13A	0.1915171739416618	ac
ACTR1A	0.18934399340491082	ac
SUFU	0.1812503746080132	me1
TRIM8	0.17453099683621853	ac
ARL3	0.1690457388890989	ac
SFXN2	0.16959880761999946	ac
WBP1L	0.1945281572794051	me1
CYP17A1	0.22341425422816397	me2
BORCS7	0.2380490877330277	ac
BORCS7-ASMT	0.24529331371657148	Unassigned
AS3MT	0.24822573073673138	Unassigned
CNNM2	0.24802227974126234	me1
NT5C2	0.2898407658759461	Unassigned
RPEL1	0.2894531858889059	me2
INA	0.27189178598884356	me3
PCGF6	0.25771222606379907	ac
TAF5	0.253423980557541	ac
ATP5MK	0.2536926962062188	ac
PDCD11	0.25297279686280794	ac
CALHM2	0.250411707148985	me1
CALHM1	0.24932701078769126	me2
CALHM3	0.245112878918183	me2
NEURL1	0.23641102317601193	me3
SH3PXD2A	0.3037182885173473	me1
STN1	0.335054637530104	ac
SLK	0.33248981374156283	ac
COL17A1	0.3385916922727662	me3_domain
SFR1	0.32895023489141606	ac
CFAP43	0.30890100763478534	Unassigned
GSTO1	0.30197103950539794	ac
GSTO2	0.3128928580872571	me3
ITPRIP	0.3313420014354498	ac
CFAP58	0.3720752397208492	Unassigned
SORCS3	0.6479502777793196	Unassigned
SORCS1	0.477167767039156	me2
XPNPEP1	0.2868316205339192	me1
ADD3	0.2697989275330036	ac
MXI1	0.29322253631329365	ac
SMNDC1	0.2977068201190849	ac
DUSP5	0.2355100875534233	ac
SMC3	0.21142615243864138	ac
RBM20	0.2417255184952809	ac
PDCD4	0.21696181370561363	ac
BBIP1	0.21927305421957144	ac
SHOC2	0.2459123862806507	ac
ADRA2A	0.32378360788165905	me2
GPAM	0.5350304466555398	Unassigned
TECTB	0.48021966149747053	me3_domain
ACSL5	0.46725706430679237	me2
ZDHHC6	0.4780752962720298	ac
VTI1A	0.4487260546546892	Unassigned
TCF7L2	0.37823285027923315	me3
HABP2	0.5130174753920136	me2
NRAP	0.512533671581006	me3
CASP7	0.5253877941299503	me3
PLEKHS1	0.528206679183107	me3
DCLRE1A	0.5208943163307056	ac
NHLRC2	0.5194923396687674	ac
ADRB1	0.5270687134249962	me3_domain
CCDC186	0.5590585948375999	Unassigned
TDRD1	0.5912078200540695	me3_domain
VWA2	0.6277010098237008	me3
AFAP1L2	0.6492982588398979	me3
ABLIM1	0.6511083868677768	me3
FHIP2A	0.5923225685772425	Unassigned
TRUB1	0.6158815986546577	me1
ATRNL1	0.8083788564740362	Unassigned
GFRA1	0.8054590831114843	me2
CCDC172	0.7175038520348086	Unassigned
PNLIPRP3	0.6879317827176543	me2
PNLIP	0.626928383735482	me3
PNLIPRP1	0.5975917562870527	me3
PNLIPRP2	0.5817787603919986	me3
C10ORF82	0.5719957156187006	me3_domain
HSPA12A	0.5382544630516378	me3
ENO4	0.47150246935288553	me3
SHTN1	0.4120618286165564	Unassigned
VAX1	0.3325361676327141	me3_domain
KCNK18	0.2863670353871858	me3
SLC18A2	0.26381563994437984	me3_domain
PDZD8	0.26039046258748455	ac
EMX2	0.32931261560293634	me3_domain
RAB11FIP2	0.5251702589847833	ac
FAM204A	0.4450132886505077	Unassigned
PRLHR	0.4106393058889255	me3
CACUL1	0.363332008426246	me1
NANOS1	0.22895258801045681	ac
EIF3A	0.21388020835067578	ac
DENND10	0.187356191270726	ac
SFXN4	0.18251058268881504	ac
PRDX3	0.1838714997261519	ac
GRK5	0.26754539993386606	me2
RGS10	0.2423056785749368	ac
TIAL1	0.23049071562259282	ac
BAG3	0.23122890345626246	ac
INPP5F	0.25680234698397764	ac
MCMBP	0.2898350903859358	ac
SEC23IP	0.30436550465528756	Unassigned
PLPP4	0.6036735273781193	me2
WDR11	0.5906405277316549	Unassigned
FGFR2	0.5948334346276049	me3_domain
ATE1	0.47639536724018927	Unassigned
NSMCE4A	0.4411061942816068	me1
TACC2	0.4935027655124532	me3_domain
BTBD16	0.574828889806396	me3
PLEKHA1	0.5723431494276484	Unassigned
ARMS2	0.5691774413959401	me3
HTRA1	0.5674604963563616	me3_domain
DMBT1	0.5347621242944387	me2
SPADH	0.4935000584454534	me3
C10ORF120	0.48161963834209454	Unassigned
CUZD1	0.42739547046717763	Unassigned
ENSG00000286088	0.42164408594258684	me1
FAM24B	0.4187568543646487	me1
FAM24A	0.40703429393670276	me2
C10ORF88	0.40225325940979795	ac
PSTK	0.3977122791308392	ac
IKZF5	0.39338114185808937	ac
ACADSB	0.3912246212462205	Unassigned
HMX3	0.36703774659902355	ac
HMX2	0.36845635348064665	ac
BUB3	0.3710989198021938	ac
GPR26	0.5617345582770608	me3
CPXM2	0.5397022688247388	me3
CHST15	0.4588426197921137	me3_domain
OAT	0.2659281980607564	ac
NKX1-2	0.26388743201212506	me2
LHPP	0.2764547193346685	me2
ENSG00000258539	0.2589589080066217	me1
FAM53B	0.2527394410955339	me1
EEF1AKMT2	0.27214411472660904	ac
ABRAXAS2	0.29473975163210664	ac
ZRANB1	0.3753484836571993	Unassigned
CTBP2	0.3492084647887943	me1
TEX36	0.37324531003055494	me3
EDRF1	0.307569796220147	Unassigned
MMP21	0.3181618336414205	me2
UROS	0.375028649133878	ac
BCCIP	0.4437227595652279	ac
DHX32	0.4966526076684107	me1
FANK1	0.5103057665316685	me2
ADAM12	0.52570374133645	me2
C10ORF90	0.6647107604662739	me2
DOCK1	0.7205770234553116	me2
INSYN2A	0.7285702556964417	me2
NPS	0.7171459647748812	Unassigned
FOXI2	0.675273256937154	me3
CLRN3	0.6565690508025617	me3
PTPRE	0.6143372040806494	me3
MKI67	0.5630913029991087	ac
MGMT	0.6926941077390796	me3
EBF3	0.5799681886454997	me3
C10ORF143	0.5370619727261011	me3_domain
GLRX3	0.5211255806815489	ac
TCERG1L	0.6460048545897938	me3
PPP2R2D	0.33888485348255937	ac
BNIP3	0.3486012298216592	me1
JAKMIP3	0.3630723969559957	me3_domain
DPYSL4	0.35418259181471856	me3
STK32C	0.3271587541015353	me3
LRRC27	0.29228269683698893	me2
PWWP2B	0.28308410142282714	me1
INPP5A	0.3745257936028392	me2
NKX6-2	0.4131005570653644	Unassigned
CFAP46	0.4314963158677506	me3_domain
ADGRA1	0.36584431231323267	me3
KNDC1	0.3211920023276268	me3_domain
UTF1	0.2997278441210063	me2
VENTX	0.2949947204409409	me2
ADAM8	0.2803565019119503	me1
TUBGCP2	0.2701165222559063	ac
ZNF511	0.2663242305640062	ac
ZNF511-PRAP1	0.2626082137643374	me1
CALY	0.2620238363680919	me3_domain
PRAP1	0.2597498518187008	me2
FUOM	0.2593488519662662	ac
ECHS1	0.2594576927062937	me1
PAOX	0.2612111100444876	ac
ENSG00000254536	0.2652619481156441	ac
MTG1	0.2673054177150104	ac
SPRN	0.27327573699335905	me1
SCART1	0.32242956166962744	me3
CYP2E1	0.38089369880144275	me3
SYCE1	0.4101875507229721	me2
FRG2B	0.49174531572386404	me3
BET1L	0.2112044040462684	ac
SCGB1C1	0.19147727489853206	me1
ODF3	0.18102913499487638	me1
RIC8A	0.15990237553460585	ac
SIRT3	0.1480109339157636	ac
PSMD13	0.14607464251559432	ac
NLRP6	0.16609594974503483	me1
PGGHG	0.1738291873038189	ac
IFITM5	0.17893933419562424	me1
IFITM2	0.18346442477030933	ac
ENSG00000288681	0.18684937024950143	ac
IFITM1	0.187350348385675	ac
IFITM3	0.1943867076732494	ac
B4GALNT4	0.2037587533451246	me1
PKP3	0.2013210539428666	ac
SIGIRR	0.19919116723556163	me1
ANO9	0.1960883259169579	me1
PTDSS2	0.19025217280436602	ac
RNH1	0.1871625801200958	ac
HRAS	0.18545150081734907	ac
LRRC56	0.1848798730626765	me1
LMNTD2	0.18415987527254518	me1
RASSF7	0.18395915534474638	me1
PHRF1	0.1821379839901145	me1
IRF7	0.18095465646105413	ac
CDHR5	0.1805133015377094	me1
SCT	0.18016129061428543	me1
DRD4	0.17938893569595593	me1
DEAF1	0.17645332229463395	ac
EPS8L2	0.17329774921945829	ac
TMEM80	0.17445811305107295	ac
TALDO1	0.16768556873597618	ac
GATD1	0.16559188242252276	ac
CEND1	0.16388707150695137	me1
SLC25A22	0.16337530146287282	me1
PANO1	0.16312282004285206	ac
PIDD1	0.16260745938591514	ac
RPLP2	0.1622259767549883	ac
PNPLA2	0.16172939095360173	me1
CRACR2B	0.16154029819452875	ac
CD151	0.16146102864941836	ac
POLR2L	0.16147484502863407	ac
TSPAN4	0.1619545896327017	me1
CHID1	0.16648270077174576	me1
AP2A2	0.19907965930180538	me1
MUC6	0.2492822655522119	me3_domain
MUC2	0.32552339024431165	me2
MUC5AC	0.37379473700969823	me3
MUC5B	0.38048988361642844	me2
TOLLIP	0.3894618529983932	me1
BRSK2	0.40182920589503235	me2
MOB2	0.39249449398147296	me1
DUSP8	0.3985543248229316	me2
KRTAP5-1	0.40651233386305896	me3_domain
KRTAP5-2	0.41217501383665267	me3_domain
KRTAP5-3	0.41691349107883935	me3_domain
KRTAP5-4	0.42320737419845533	me3_domain
KRTAP5-5	0.42676724578984815	me3_domain
KRTAP5-6	0.44634995276617895	me3_domain
IFITM10	0.4410576176566342	me3_domain
ENSG00000250644	0.43856513116231066	me1
CTSD	0.4355076628931783	me1
SYT8	0.4025273689759227	me3_domain
TNNI2	0.39939022798280455	me2
LSP1	0.3887236899517216	me3_domain
PRR33	0.38325475709375967	me3_domain
TNNT3	0.376490272629907	me3_domain
MRPL23	0.3727130670757779	ac
IGF2	0.40074308603253994	me3_domain
ENSG00000284779	0.4001197901109199	me3_domain
INS-IGF2	0.4014003392196659	me3_domain
INS	0.403850106057016	me2
TH	0.40460694972047184	me2
ASCL2	0.39301360126299134	me2
C11ORF21	0.39252738257820097	ac
TSPAN32	0.39348631199987916	ac
CD81	0.41135438269628066	me1
TSSC4	0.4143024624498959	ac
TRPM5	0.41628201963377987	me3_domain
KCNQ1	0.3489545084322624	me2
CDKN1C	0.2647354221906082	ac
SLC22A18	0.2570431154859846	me1
PHLDA2	0.25204160324466074	ac
NAP1L4	0.24197556147285215	ac
CARS1	0.23541029377870604	me1
OSBPL5	0.2610801789663576	me1
MRGPRG	0.27398030082172253	me2
MRGPRE	0.27063935199350064	me2
ZNF195	0.21786647674116966	me1
ART5	0.2477490013352791	me3_domain
ART1	0.2393134878984814	me3
CHRNA10	0.23061814424043958	me1
NUP98	0.20753987157621168	ac
PGAP2	0.19425583608846564	ac
RHOG	0.1925643317553981	ac
STIM1	0.22128396318076426	me1
RRM1	0.2707700002837149	ac
SSU72L5	0.33038572317848225	me3_domain
SSU72L2	0.33728763528622596	me3
SSU72L4	0.37244705392563493	me3
SSU72L3	0.40389932958763763	me3
SSU72L1	0.4104513388211134	me3
OR52B4	0.42847682749933225	me3_domain
TRIM21	0.4393725549175427	me2
OR52K2	0.4575190403222692	me3
OR52K1	0.46198617281802723	me2
OR52M1	0.46396510982220596	me3_domain
OR52I2	0.4635593121164203	me3_domain
OR52I1	0.4632439858158932	me2
TRIM68	0.46259038649183326	me1
OR51D1	0.4582950062711212	me3_domain
OR51E1	0.4566250788111961	me3
OR51E2	0.44613703856552933	me3_domain
OR51C1P	0.44447242995624003	me3_domain
MMP26	0.36982670888194524	Unassigned
OR51F1	0.41151554716849825	me3
OR52R1	0.3931127096054735	me3
OR51F2	0.38397308587135004	me3_domain
OR51S1	0.36948196308607995	me3
OR51T1	0.35331943968248714	ac
OR51A7	0.34156301474428463	Unassigned
OR51G2	0.3364319575215283	me3_domain
OR51G1	0.3324068149011715	me3_domain
OR51A4	0.32071865235696106	Unassigned
OR51A2	0.31476408851379956	me3
OR51L1	0.2849414892488812	Unassigned
OR52J3	0.24917682048703027	me3_domain
OR52E2	0.23933179587276443	me3_domain
OR52E1	0.23221161752227426	me3
OR52A5	0.19389182156104123	ac
OR52A1	0.18641222022752357	ac
OR51V1	0.1733253419864349	ac
HBB	0.17288796622097635	ac
HBD	0.1744818394426909	ac
HBG1	0.17708733097104412	ac
ENSG00000284931	0.17784464937910172	ac
HBG2	0.23608224894581964	ac
ENSG00000239920	0.25349712353380294	ac
HBE1	0.23937301674979694	ac
OR51B4	0.20286784823793114	ac
OR51B5	0.2478825388588064	Unassigned
OR51B2	0.21778596454087207	Unassigned
OR51B6	0.23563157705746707	me1
OR51M1	0.25359414506131917	Unassigned
OR51Q1	0.2613823419308845	ac
OR51I1	0.2625435444260624	me1
OR51I2	0.26248318270510607	ac
OR52D1	0.26090982303203747	ac
UBQLN3	0.26067106577958454	me1
UBQLNL	0.2609273964347619	me2
OR52H1	0.2640938793433062	me2
OR52B6	0.27167284695750693	me1
TRIM6	0.2789591072958725	ac
TRIM6-TRIM34	0.28486379724345245	ac
TRIM34	0.28915155277508886	me2
TRIM5	0.3712825211841222	Unassigned
TRIM22	0.3234680313177666	me3_domain
OR52P1	0.3294200577349671	me3_domain
OR56B1	0.3340856502518078	me3
OR52N4	0.3421033276935741	me2
OR56B2P	0.34679863683639023	Unassigned
OR52N5	0.3544617977149319	Unassigned
OR52N1	0.3591383713466325	me2
OR52N2	0.37333251118167665	ac
OR52E6	0.39070815753701293	me2
OR52E8	0.40169562545053505	me2
OR52E4	0.42016710726019046	me3_domain
OR52E5	0.43019544708924773	Unassigned
OR56A3	0.4586276036833651	me3
OR56A5	0.46797935974953964	me2
OR52L1	0.47209308839231423	me3
OR56A4	0.4735819383476292	me3
OR56A1	0.4724672661335373	Unassigned
OR56B4	0.44985588648062214	me2
OR52B2	0.4216232081600908	me3
OR52W1	0.40636361859127756	me2
C11ORF42	0.4016100214215864	me1
FHIP1B	0.392791266637622	me1
CNGA4	0.38391667772329585	me3_domain
CCKBR	0.3688593293954402	me3_domain
CAVIN3	0.33937736682279906	me3_domain
SMPD1	0.30436546937791875	me1
APBB1	0.2968681095616532	me3_domain
HPX	0.2827386717349042	me3_domain
TRIM3	0.2717169698420443	me2
ARFIP2	0.2650593870524277	ac
ENSG00000283977	0.25978292617696097	me1
TIMM10B	0.26359659316750184	ac
DNHD1	0.25289293380390065	me1
RRP8	0.2536734545764153	ac
ILK	0.25430609079343935	ac
TAF10	0.25463727675954373	ac
TPP1	0.2551944488616772	me1
DCHS1	0.2562415801074387	me2
MRPL17	0.2546164556798367	ac
OR2AG2	0.2525340182777004	me2
OR2AG1	0.2579104344001767	me3
OR6A2	0.26204301600214464	me2
OR10A5	0.29674060255380597	me2
OR10A2	0.31747812346291293	me2
OR10A4	0.3251037264945812	me2
OR2D2	0.33938109615149736	me2
OR2D3	0.3616755352795453	me2
ZNF215	0.3828114248873635	ac
ZNF214	0.39831295085438756	me2
NLRP14	0.41184289059949775	me2
RBMXL2	0.43530944118421067	me2
SYT9	0.58806334697919	me2
OLFML1	0.6262012569643736	me3
PPFIBP2	0.6202218831802423	me3
CYB5R2	0.6218323461498727	me3
OVCH2	0.6280571153445913	me2
OR5P2	0.6485497330820094	me2
OR5P3	0.6474012730112446	Unassigned
OR10A6	0.6179547966254848	me2
OR10A3	0.6140401931410018	me2
NLRP10	0.6075594318960535	me3
EIF3F	0.6024458478441632	me2
TUB	0.592652561958078	me3_domain
RIC3	0.5823242614978492	me3
LMO1	0.5792756914259748	me3_domain
STK33	0.49360493585898213	Unassigned
TRIM66	0.4176668605061191	me1
RPL27A	0.40357026836346255	ac
DENND2B	0.38151780728816054	me3_domain
AKIP1	0.3503684038859892	ac
C11ORF16	0.3450874925010571	me2
ASCL3	0.33864604650770846	me2
TMEM9B	0.330741729209044	ac
NRIP3	0.3152175947887538	me2
SCUBE2	0.27993326393329043	me3_domain
DENND5A	0.25144789927327527	me1
TMEM41B	0.20649824364976044	ac
IPO7	0.17822900741790815	ac
ZNF143	0.17654135466190013	ac
WEE1	0.20406970138432357	ac
SWAP70	0.27893209586945966	Unassigned
SBF2	0.3906577224909946	Unassigned
ADM	0.37313149806431367	me2
AMPD3	0.35763830200728874	me1
RNF141	0.33817535873763616	me1
LYVE1	0.3362590791722253	me2
IRAG1	0.32974990365224544	me1
CTR9	0.2710662721109307	ac
EIF4G2	0.2592153803892182	ac
ZBED5	0.2527976973358216	ac
GALNT18	0.4769506916630647	me3
CSNK2A3	0.5294756429646634	me3
USP47	0.30319829507041296	ac
DKK3	0.28024307020751404	me3_domain
MICAL2	0.2410191950021886	me1
PARVA	0.32689178364867244	me3_domain
TEAD1	0.3341014323896523	me1
RASSF10	0.2769456631753723	me3_domain
BMAL1	0.4047254035145085	me3_domain
BTBD10	0.4481854818922728	Unassigned
PTH	0.4823301509390011	Unassigned
FAR1	0.5375672871476043	ac
SPON1	0.5278752381961532	me3
RRAS2	0.442042959063232	Unassigned
COPB1	0.39894192423013697	ac
ENSG00000256206	0.40610436691479057	ac
PSMA1	0.44524050712840535	ac
PDE3B	0.49446742603533966	ac
CYP2R1	0.49405206623289966	ac
CALCB	0.5150623184297098	me3
CALCA	0.5041735220699064	me3_domain
INSC	0.586922151922507	me3
SOX6	0.3982740048818322	ac
C11ORF58	0.3918586114175323	Unassigned
PLEKHA7	0.37518025525852117	me3_domain
RPS13	0.3476705029006365	ac
PIK3C2A	0.3186855099906647	me1
NUCB2	0.29766109573607225	ac
NCR3LG1	0.3279562520790402	ac
KCNJ11	0.336941716247219	me1
ABCC8	0.3769720957017758	me3_domain
USH1C	0.42917132894894827	me3_domain
OTOG	0.4527709281457458	me3
MYOD1	0.4597730584393307	me3
KCNC1	0.4592042041808704	me3
SERGEF	0.44895157877148084	me2
TPH1	0.40736578733087003	me3_domain
SAAL1	0.3736004652077366	me1
MRGPRX3	0.35417715214031265	me3_domain
MRGPRX4	0.3413261037723523	me3_domain
SAA4	0.3310050278561879	me3_domain
SAA2-SAA4	0.3296680363727508	me3_domain
SAA2	0.3287802986730771	me3_domain
SAA1	0.3217460345938935	me3_domain
HPS5	0.3060151742855194	ac
GTF2H1	0.28078038267977123	ac
LDHA	0.25342937749182415	ac
LDHC	0.25007554521270126	Unassigned
LDHAL6A	0.25512884560773696	me3
TSG101	0.26742447552203585	me1
UEVLD	0.29598484086218757	me1
MISFA	0.312871462136885	me1
SPTY2D1	0.3208382356141286	me1
TMEM86A	0.34500657158717274	me2
IGSF22	0.3513873373404697	me3_domain
PTPN5	0.37476172511970196	me3_domain
MRGPRX1	0.5045413792678012	me3_domain
MRGPRX2	0.5054129149751954	me3
ZDHHC13	0.5091068800642995	Unassigned
CSRP3	0.516521449331488	me3_domain
E2F8	0.5239030588180652	ac
NAV2	0.5001545759648829	me3
DBX1	0.40144531016286156	me3_domain
HTATIP2	0.47323436564207644	ac
PRMT3	0.4446978243369354	ac
SLC6A5	0.5049923416506528	me3_domain
NELL1	0.7426571405399064	Unassigned
ANO5	0.8280136115666371	Unassigned
SLC17A6	0.7965208549782608	me3
FANCF	0.8118378320025887	ac
GAS2	0.7952870934113222	ac
SVIP	0.773123239120833	ac
CCDC179	0.773531948947533	Unassigned
LUZP2	0.8659616886775606	Unassigned
ANO3	0.7899919398088396	Unassigned
MUC15	0.7570567236005623	Unassigned
SLC5A12	0.666174572278337	Unassigned
FIBIN	0.5646445987977733	me1
BBOX1	0.4898866748644234	Unassigned
CCDC34	0.3883075760008722	me1
LGR4	0.39120983964517997	ac
LIN7C	0.39625429790844235	ac
BDNF	0.5110514729827829	me2
KIF18A	0.6487053794387274	ac
METTL15	0.7194699605046355	Unassigned
KCNA4	0.8680374330038795	me2
FSHB	0.7972197193270776	Unassigned
ARL14EP	0.7916043057607361	ac
MPPED2	0.7683354497755122	me2
DCDC1	0.6522375904017709	Unassigned
DNAJC24	0.5226552502513758	me1
IMMP1L	0.5471133730613824	ac
ELP4	0.5544488602558972	Unassigned
PAX6	0.4919327671277067	me3
ENSG00000285283	0.5324727188960121	me3
RCN1	0.5660023891071868	me3
WT1	0.41677962076556907	ac
EIF3M	0.40055953213366646	ac
CCDC73	0.40263319168057665	Unassigned
PRRG4	0.36619782947420854	me3
QSER1	0.33622369571434174	ac
DEPDC7	0.3173081185129877	ac
TCP11L1	0.31311660681998443	me1
CSTF3	0.31814735193679966	Unassigned
HIPK3	0.3602717251402384	ac
KIAA1549L	0.3522155829564424	me3_domain
C11ORF91	0.2719530148594419	me1
ENSG00000284969	0.26191131269151	me1
CD59	0.25269333121566606	ac
FBXO3	0.21904276783863208	me1
LMO2	0.1735209330741957	ac
CAPRIN1	0.22635436723877833	ac
NAT10	0.2554674386574515	ac
ABTB2	0.30457992412492274	me3_domain
CAT	0.32408609611426964	ac
ELF5	0.31528396834779815	me3_domain
EHF	0.2935560795511931	me2
APIP	0.3164496359885639	me1
PDHX	0.3423752841611193	ac
CD44	0.3945761546797818	me3_domain
SLC1A2	0.43212015781330204	me3
PAMR1	0.4221933410157923	me3
FJX1	0.39529519498313237	me3_domain
TRIM44	0.4162507951391593	me1
LDLRAD3	0.4420771708775145	ac
COMMD9	0.4821703111500232	me2
PRR5L	0.498306033490612	me3
TRAF6	0.5307401601057402	ac
RAG1	0.5446370860062459	me2
RAG2	0.5560835207829161	me2
IFTAP	0.5844460163490677	me2
LRRC4C	0.874972145616504	Unassigned
API5	0.5161628287977704	ac
TTC17	0.45719913177732874	me1
HSD17B12	0.4201152202568619	ac
ALKBH3	0.44080611655427215	me1
C11ORF96	0.4331140794847609	ac
ACCSL	0.4066391683503501	me3_domain
ACCS	0.4047056937179443	me1
EXT2	0.37942955085372565	me1
ALX4	0.3479778805206567	me2
CD82	0.38300284031517795	me2
TSPAN18	0.5125500056821408	me3_domain
TP53I11	0.5416244347803303	me3_domain
PRDM11	0.5337881317642681	me3_domain
SYT13	0.5073907545906013	me3
CHST1	0.3044414890168825	me3
SLC35C1	0.2302346835973096	ac
CRY2	0.21432773295928653	me1
MAPK8IP1	0.20809128530512366	me1
FREY1	0.2064024753570557	me1
PEX16	0.20563397101040548	me1
LARGE2	0.20487278454480384	me1
PHF21A	0.2231595022982017	ac
CREB3L1	0.19965995580268525	ac
DGKZ	0.19288968832867415	ac
MDK	0.1909634556039066	ac
CHRM4	0.19067992636082598	me1
AMBRA1	0.20403761878867144	me1
HARBI1	0.2117340556188746	ac
ATG13	0.20762431656107538	me1
ARHGAP1	0.2079573192456532	me1
ZNF408	0.21044239302911905	ac
F2	0.21798238097606104	me2
CKAP5	0.23762986506428463	ac
LRP4	0.2524537610564229	me3_domain
CSTPP1	0.25536427522841676	me2
ARFGAP2	0.204299116729871	ac
PACSIN3	0.19889574877895244	me1
DDB2	0.18416742231435446	ac
ACP2	0.18112105072899165	me1
NR1H3	0.18025659897273227	ac
MADD	0.18270418826356016	ac
MYBPC3	0.18944987297614135	me1
SPI1	0.19461590254530847	ac
SLC39A13	0.20409596128045104	ac
PSMC3	0.20676540078957972	ac
RAPSN	0.2116635522858329	me2
CELF1	0.22154742258061133	ac
NDUFS3	0.2170767074202492	ac
PTPMT1	0.21853353299325917	ac
KBTBD4	0.21669837529003477	ac
FAM180B	0.21337428379574053	me1
C1QTNF4	0.211758169547696	me3_domain
MTCH2	0.19981612532706383	ac
AGBL2	0.1954332724066573	me2
FNBP4	0.2133016712262349	ac
NUP160	0.2466417332062033	ac
PTPRJ	0.3503364485064544	me1
OR4B1	0.42936535514080465	me2
OR4X2	0.4579100562538563	me2
OR4X1	0.4790954621864931	me2
OR4S1	0.5272203376256123	me2
OR4C3	0.5462051450058614	me2
OR4C5	0.5785306951531493	Unassigned
OR4A47	0.6252557226783871	Unassigned
TRIM51G	0.8035873218612768	Unassigned
TRIM49B	0.7958138154794079	Unassigned
TRIM64C	0.7890146737501833	Unassigned
FOLH1	0.795633619635769	Unassigned
OR4C13	0.8570287153602175	Unassigned
OR4C12	0.8581389620369981	Unassigned
OR4C45		Unassigned
OR4C46	0.7604794764741097	Unassigned
OR4A8	0.8200020954063435	Unassigned
OR4A5	0.8359017176699489	Unassigned
TRIM48	0.8647070683513779	Unassigned
OR4A16	0.8732098980218728	Unassigned
OR4A15	0.8687175921854446	Unassigned
OR4C15	0.8135717772986163	Unassigned
OR4C16	0.8092635111406684	Unassigned
OR4C11	0.802668057222333	Unassigned
OR4P4	0.8002184002765325	Unassigned
OR4S2	0.8006327828864113	Unassigned
OR4C6	0.8018321246394404	Unassigned
OR5D3P	0.8106289287202719	Unassigned
OR5D13	0.8160785132655755	Unassigned
OR5D14	0.818952867728579	Unassigned
OR5L1	0.8219360624557422	Unassigned
OR5D18	0.8239132571588706	Unassigned
OR5L2	0.8260410968429786	Unassigned
OR5D16	0.8298314942339287	Unassigned
TRIM51	0.8496845441809817	Unassigned
OR5W2	0.8597833184115453	Unassigned
OR5I1	0.864604906356733	Unassigned
OR10AG1	0.8640842242783789	Unassigned
OR5F1	0.8570749487104636	Unassigned
OR5AS1	0.8417632453341194	Unassigned
OR8I2	0.8225280164155205	Unassigned
OR8H2	0.8212754090448013	Unassigned
OR8H3	0.8209992036922744	Unassigned
OR8J3	0.8219920966029627	Unassigned
OR8K5	0.8245791207033978	Unassigned
OR5J2	0.8267356080699053	Unassigned
OR8J2	0.8299814357451887	Unassigned
OR5T2	0.829442035250767	Unassigned
OR5T3	0.8268496946080074	Unassigned
OR5T1	0.82139964742083	Unassigned
OR8H1	0.8165260970913342	Unassigned
OR8K3	0.8072920501878108	Unassigned
OR8K1	0.7973824831904197	Unassigned
OR8J1	0.7939503911214072	Unassigned
OR8U1	0.7893382099131846	Unassigned
OR5AL1	0.7824035893687673	Unassigned
OR8U3	0.7814270764990698	me2
ENSG00000284732	0.7698229745957639	Unassigned
OR5M9	0.7709649619325972	Unassigned
OR5M3	0.768118683108431	Unassigned
OR5M8	0.7598042689374656	Unassigned
OR5M11	0.7273472694460617	Unassigned
OR5M10	0.7028036369973873	Unassigned
OR5M1	0.6800538860320471	Unassigned
OR5AP2	0.6638929401673396	Unassigned
OR5AR1	0.6537955870729497	Unassigned
OR9G1	0.6356438370871009	Unassigned
OR9G4	0.6105867164769356	Unassigned
OR5G3	0.5613369000203325	me1
OR5AK3P	0.4770165929646072	Unassigned
OR5AK2	0.4620248146452435	Unassigned
LRRC55	0.31161407325361457	me3_domain
APLNR	0.30214486498785775	ac
TNKS1BP1	0.2834751507503417	me1
SSRP1	0.277183550160255	ac
P2RX3	0.26770673945894996	me2
PRG3	0.2569729658202671	me3_domain
PRG2	0.252364778246534	me2
ENSG00000254979	0.2444858047729297	ac
SLC43A3	0.23932085847283557	ac
RTN4RL2	0.22450087176520117	me2
SLC43A1	0.22526859968628998	me1
TIMM10	0.23161480034468407	ac
SMTNL1	0.23602507398114214	me2
UBE2L6	0.24196599522899587	me2
SERPING1	0.2549889099375574	me3_domain
YPEL4	0.2586938290060401	me2
CLP1	0.2586866752109639	ac
ZDHHC5	0.2581897140197458	ac
MED19	0.2585357187494097	ac
ENSG00000288534	0.27359476930654125	ac
TMX2	0.2606002991594113	ac
SELENOH	0.26349843946511686	ac
ENSG00000254732	0.2749787435628488	ac
BTBD18	0.2652383566249944	me1
CTNND1	0.2812063463463388	me1
OR9Q1	0.4782124427385278	me2
OR6Q1	0.45642895722950494	me2
OR9I1	0.48380229769913363	me2
OR9Q2	0.5034795200888487	me2
OR1S2	0.5098932631966255	me2
OR1S1	0.5152195774178872	me2
OR10Q1	0.5241637269714385	me3
OR10W1	0.5484169821972884	me2
OR5B17	0.5615960771574391	me2
OR5B3	0.53538348975364	me2
OR5B2	0.5207807953087948	me2
OR5B12	0.5091062710483542	me2
OR5B21	0.4694363123066999	me3
LPXN	0.452039039105252	ac
ZFP91	0.4347064543410888	ac
ZFP91-CNTF	0.4341421537259901	ac
CNTF	0.4254233227587063	me1
GLYAT	0.4013937803375589	me2
GLYATL2	0.4382546471652846	me2
GLYATL1	0.4900814321356325	me3
GLYATL1B	0.49916632946030504	me3
FAM111B	0.48905497475669546	me3
FAM111A	0.47214230861141493	ac
DTX4	0.4428908855094472	me3_domain
MPEG1	0.42632562527492857	me3_domain
OR5AN1	0.32846364223629276	me2
OR5A2	0.3083269339306267	me2
OR5A1	0.3002875584582698	me2
OR4D6	0.294577994927649	me3_domain
OR4D10	0.2855292152414529	me3_domain
OR4D11	0.27044114644862405	me2
OR4D9	0.2635678917409465	me3
OSBP	0.23025384084479994	ac
PATL1	0.2392724608030058	ac
OR10V1	0.2731385775155972	me2
STX3	0.29304069552494594	me1
MRPL16	0.3055177616011824	ac
CBLIF	0.30643550504995676	me1
TCN1	0.3069559474812631	ac
OOSP3	0.3095875170702297	me1
OOSP1	0.32746809445733693	me1
OOSP4A	0.33595078576982407	ac
OOSP4B	0.3525960341347303	Unassigned
OOSP2	0.36768938721855127	Unassigned
MS4A3	0.37287883084727247	ac
MS4A2	0.37856431336622864	ac
MS4A6A	0.39269894748288725	ac
MS4A4A	0.4170576566106077	Unassigned
MS4A4E	0.4053582599411618	me2
MS4A6E	0.4541490346747471	me3
MS4A7	0.4591947896689582	me3
MS4A14	0.45960871678646387	Unassigned
MS4A5	0.4566012787980879	me3
MS4A1	0.45156478194773153	me3
MS4A12	0.4377921769779376	me3
MS4A13	0.42349507550321364	me2
MS4A8	0.3225850541097586	me3_domain
MS4A18	0.3065118158043194	me3_domain
MS4A15	0.28558902835356936	me3_domain
MS4A10	0.26747590296664436	me3
CCDC86	0.23850982685913735	ac
PTGDR2	0.23612647333268755	ac
ZP1	0.23350892999789097	me1
PRPF19	0.2373553818333799	ac
TMEM109	0.24529378444101235	me1
TMEM132A	0.25211669445177065	me3_domain
SLC15A3	0.2620126432888017	me3_domain
CD6	0.2945789005882353	me3_domain
CD5	0.28334111900833125	me3_domain
VPS37C	0.2662105759228329	me1
PGA3	0.24315891705591464	me3
PGA4	0.23888962599316022	me3
PGA5	0.23489467594447977	me3_domain
VWCE	0.22792662637409977	ac
DDB1	0.2180452707297834	ac
TKFC	0.21500420200234227	ac
CYB561A3	0.21483894332392173	ac
TMEM138	0.21637379702923398	ac
TMEM216	0.22431130823426815	ac
CPSF7	0.23651391866472404	ac
ENSG00000256591	0.26544319980586895	ac
SDHAF2	0.2511971503319633	ac
PPP1R32	0.2862586602801268	me3_domain
LRRC10B	0.29893996700088554	me3
SYT7	0.30446209802088464	me3_domain
DAGLA	0.2455771680209451	me3_domain
MYRF	0.21268580323316433	me1
TMEM258	0.20573807955560885	me1
FEN1	0.19812783292821934	ac
FADS2	0.1856151018797546	ac
FADS1	0.18883182314839564	ac
FADS3	0.18120520893906034	me1
RAB3IL1	0.18719953268419498	me1
BEST1	0.20185508468350633	me1
FTH1	0.20378458159753554	ac
INCENP	0.2571133830315646	me1
SCGB1D1	0.28475768880641217	me3_domain
SCGB2A1	0.2905670280012478	me3_domain
SCGB1D2	0.2912876404312381	me3
SCGB2A2	0.2817407449555046	me3_domain
SCGB1D4	0.2650424538714141	me3_domain
ASRGL1	0.2168294742476372	me1
SCGB1A1	0.19606393803597644	me1
AHNAK	0.19962485183853185	ac
EEF1G	0.20368448228511626	ac
ENSG00000255508	0.20263630203956895	ac
TUT1	0.20185622102573386	ac
MTA2	0.19958981992592717	ac
EML3	0.19759226448995093	ac
ROM1	0.1965140065615223	ac
B3GAT3	0.19499938762920588	ac
GANAB	0.19036155298908564	ac
INTS5	0.18609449835610348	ac
ENSG00000255432	0.18378583708263574	ac
C11ORF98	0.18170801125629266	ac
LBHD1	0.18059079894493923	ac
CSKMT	0.18110697568658418	ac
UQCC3	0.17950360006480182	ac
UBXN1	0.17737693997377846	ac
LRRN4CL	0.17427431207830257	me1
BSCL2	0.17095478656866303	ac
HNRNPUL2-BSCL2	0.1686419244000006	ac
GNG3	0.1687870325253109	ac
HNRNPUL2	0.16570532359406898	ac
TTC9C	0.1629828822116095	ac
ZBTB3	0.16036725602898627	ac
POLR2G	0.1595156318125801	ac
TAF6L	0.1595413468878668	ac
TMEM223	0.159729653218473	ac
TMEM179B	0.1600552617898433	ac
NXF1	0.16129447175580058	ac
STX5	0.16474986163158567	ac
TEX54	0.16760358626085392	ac
WDR74	0.16875599712099243	ac
SLC3A2	0.17926388351632416	ac
CHRM1	0.19560077954776323	me2
SLC22A6	0.217116495358868	me3_domain
SLC22A8	0.24168549199009248	me3_domain
SLC22A24	0.319611870008082	Unassigned
SLC22A25	0.3698800352629664	Unassigned
SLC22A10	0.3877826708079224	Unassigned
SLC22A9	0.36318235030083346	Unassigned
PLAAT5	0.32666636673969207	Unassigned
LGALS12	0.31116403467285236	me1
PLAAT4	0.29764383388538973	me2
PLAAT2	0.29018355911872584	me2
PLAAT3	0.2761967115351196	me2
ATL3	0.2605915299374345	me1
RTN3	0.24137974050723843	me1
ZFTA	0.2273483199177846	me1
SPINDOC	0.2103585247062041	me1
MARK2	0.20137536699212466	me1
RCOR2	0.19876241146821982	ac
NAA40	0.19977328528489013	ac
COX8A	0.202362526451351	ac
OTUB1	0.2051199298262335	me1
MACROD1	0.21667204919955974	me1
FLRT1	0.2201583185835453	me2
STIP1	0.19995952515876847	ac
FERMT3	0.19141630370089957	ac
TRPT1	0.1869365987292042	ac
NUDT22	0.18607242322656858	ac
DNAJC4	0.18462968766510812	ac
VEGFB	0.183032158756105	ac
FKBP2	0.1812232126970268	ac
ENSG00000286264	0.18121047635430332	ac
PPP1R14B	0.1800209886735309	ac
PLCB3	0.17688370755200067	ac
BAD	0.1746312009700265	ac
GPR137	0.17461311245492017	ac
KCNK4	0.17485819543130843	me3_domain
CATSPERZ	0.17563660258531533	ac
ESRRA	0.1771991511326455	ac
TRMT112	0.17879096461704802	ac
PRDX5	0.1793272001599483	ac
CCDC88B	0.19007106690065767	ac
RPS6KA4	0.19819649482403834	ac
SLC22A11	0.26876538288314056	me2
SLC22A12	0.2638921949725217	me3_domain
NRXN2	0.2360039844054096	me3_domain
RASGRP2	0.1984184744891596	ac
PYGM	0.18980921706724407	me1
SF1	0.1817367067733432	ac
MAP4K2	0.1743987494871202	me1
MEN1	0.17140380784687692	me1
CDC42BPG	0.1693057122300995	me1
EHD1	0.17313268606659615	ac
ATG2A	0.1808430255144492	me1
PPP2R5B	0.18501977217421572	ac
GPHA2	0.18696436256600757	me1
MAJIN	0.18955077330571457	me2
BATF2	0.19140101986601632	ac
ARL2	0.19081215426373677	ac
ARL2-SNX15	0.1905343150901021	me1
SNX15	0.19033887361963986	me1
SAC3D1	0.19015724442221893	ac
NAALADL1	0.19013031952285342	me1
CDCA5	0.19095787215365545	ac
ZFPL1	0.19172396887931598	ac
TMEM262	0.19190469537904264	me1
VPS51	0.19335694605281473	me1
TM7SF2	0.19519893721983328	ac
ZNHIT2	0.1957916893612669	ac
FAU	0.1964611163655854	ac
SYVN1	0.19749666278604583	ac
MRPL49	0.19683641358210824	ac
SPDYC	0.2029220683467612	ac
CAPN1	0.20305267340980304	ac
POLA2	0.1813946205975424	me1
ENSG00000285816	0.17719610925756624	me1
CDC42EP2	0.16750497218489757	me1
DPF2	0.15867693755562118	me1
TIGD3	0.15509672466597035	ac
SLC25A45	0.14966986456228226	ac
FRMD8	0.14686300446469813	me1
SCYL1	0.14902406675293367	me1
LTBP3	0.15321020018177578	me1
ZNRD2	0.16067912870769174	ac
FAM89B	0.16111154040955655	ac
EHBP1L1	0.16605342391105382	ac
KCNK7	0.17151880989908974	me1
MAP3K11	0.17835622138585894	me1
PCNX3	0.18993177361762692	ac
SIPA1	0.20111010753671887	ac
RELA	0.209935632837305	ac
KAT5	0.2313053118607934	ac
RNASEH2C	0.23159619876421234	me1
AP5B1	0.21857054097387718	me1
OVOL1	0.21152205679303782	me3_domain
CFL1	0.18258873636184703	ac
SNX32	0.18097854869807495	me2
MUS81	0.17291721878740052	ac
EFEMP2	0.16968171438829227	ac
CTSW	0.16655353945939555	me1
FIBP	0.1654020232390303	ac
CCDC85B	0.16470160633462216	ac
FOSL1	0.16397746737422592	ac
C11ORF68	0.16416137355238047	ac
DRAP1	0.1643433899575092	ac
TSGA10IP	0.1730755256204044	me2
SART1	0.18127045119539598	ac
EIF1AD	0.19690403081252006	ac
BANF1	0.1984576448392248	ac
CST6	0.20368805368391396	me1
CATSPER1	0.2088380929803243	me2
GAL3ST3	0.21978993662547663	me2
SF3B2	0.22498382544980233	ac
PACS1	0.22711087782194395	me1
KLC2	0.2209130789195387	me1
RAB1B	0.2215762992734851	ac
CNIH2	0.22230915963759756	me1
YIF1A	0.2229026665860614	me1
TMEM151A	0.22358228105417144	me2
CD248	0.22603666925927146	me2
RIN1	0.22756529251901725	me1
BRMS1	0.22798825204433415	me1
B4GAT1	0.22818786752311837	ac
SLC29A2	0.22803075825719943	ac
NPAS4	0.2205899267598248	me2
MRPL11	0.2144720072109072	me3_domain
PELI3	0.21047661592418254	me1
DPP3	0.20795474833698369	me1
ENSG00000256349	0.208186727478613	me1
BBS1	0.20823544628736945	me1
ZDHHC24	0.20978602745061603	me1
ACTN3	0.21398395363117673	me2
CTSF	0.2174292299812869	me2
CCDC87	0.2259465804119659	ac
CCS	0.22835152801890002	me1
RBM14	0.2358551948339952	ac
RBM14-RBM4	0.23792053555347725	ac
RBM4	0.24230322237699253	ac
RBM4B	0.2444651803167026	ac
SPTBN2	0.24334777730402235	me1
C11ORF80	0.2397359596890125	me1
RCE1	0.24218818160021083	ac
PC	0.2471509289488344	me1
LRFN4	0.24374351807967753	ac
C11ORF86	0.2479664396585407	me1
SYT12	0.24386968033354395	me2
RHOD	0.24046318287265878	me2
KDM2A	0.22137749270847162	me1
GRK2	0.20008060458940835	ac
ANKRD13D	0.19492806812040597	ac
SSH3	0.1921445640194922	me1
RAD9A	0.187053824655535	ac
POLD4	0.18623996822027156	ac
ENSG00000256514	0.18610724152649671	ac
CLCF1	0.18606438802221925	ac
PPP1CA	0.18767093308651472	ac
TBC1D10C	0.1875156234581712	ac
CARNS1	0.18807677806447876	me1
RPS6KB2	0.18841146602164693	ac
PTPRCAP	0.18851323428005218	ac
CORO1B	0.1885471339897602	ac
GPR152	0.18860837063999425	me2
CABP4	0.18860434157129202	me2
TMEM134	0.18859423232777406	ac
AIP	0.18872524691127135	ac
PITPNM1	0.1896393545521985	me1
CDK2AP2	0.19049589837652292	ac
CABP2	0.19302548632851302	me2
GSTP1	0.22606952469437214	ac
NDUFV1	0.24690590961044023	ac
NUDT8	0.26610648434956874	ac
TBX10	0.2720460452918535	me2
ACY3	0.28164058716897866	me3_domain
ALDH3B2	0.2997821410539795	me3_domain
UNC93B1	0.2639733992294798	me1
ALDH3B1	0.2500619126630842	me2
NDUFS8	0.238651859324699	ac
TCIRG1	0.23054729929059992	ac
CHKA	0.21021021886386593	me1
KMT5B	0.23156055921227348	me1
C11ORF24	0.25898718377363206	ac
LRP5	0.24178739743065591	me1
PPP6R3	0.28906701583861993	me1
GAL	0.3162569294927573	me1
TESMIN	0.3250544237421322	me3_domain
CPT1A	0.3409386514816056	me1
MRPL21	0.35582810920107677	ac
IGHMBP2	0.35725758346100733	me1
MRGPRD	0.35993467880047236	me3_domain
MRGPRF	0.36189622675492594	me3_domain
TPCN2	0.36864188038659707	me1
ENSG00000287725	0.3681107012411474	me3
SMIM38	0.3637852420061958	me3
MYEOV	0.3249535188442819	ac
CCND1	0.38599287533795035	me2
LTO1	0.38922814135124273	me1
FGF19	0.39426444533368465	me2
FGF4	0.41197371920248615	me3_domain
FGF3	0.4271948667685601	me3_domain
ANO1	0.40084768516204494	me3_domain
FADD	0.3834656646174467	ac
PPFIA1	0.404807039560941	me1
CTTN	0.4301057792303712	ac
SHANK2	0.5389485863683012	me3_domain
DHCR7	0.4753434992096546	me1
NADSYN1	0.4525773175525153	me1
KRTAP5-7	0.4314901408760239	me3
KRTAP5-8	0.42566962312397205	me3_domain
KRTAP5-9	0.42012295138732436	me3_domain
KRTAP5-10	0.41161572484008957	me3_domain
KRTAP5-11	0.4001454602867196	me3_domain
XNDC1N-ZNF705EP-ALG1L9P	0.3173348235482075	Unassigned
DEFB108B	0.3161077218842234	Unassigned
XNDC1N	0.3176666836800013	ac
DEFB131B	0.3170994922671746	Unassigned
RNF121	0.31191166580610197	me1
IL18BP	0.300052095264009	me1
NUMA1	0.2829374117304124	me1
LRTOMT	0.2629755974640665	ac
LRRC51	0.26476146232430753	me1
LAMTOR1	0.2628140807850091	ac
TOMT	0.2599899175583922	me1
ANAPC15	0.25948324384615906	ac
FOLR3	0.25767434202274553	me1
FOLR1	0.26716250615853054	me2
FOLR2	0.27689666693980297	me2
INPPL1	0.281812999959832	ac
PHOX2A	0.28670386587373187	me3
CLPB	0.31735796802585625	me1
PDE2A	0.29343983500727844	me3_domain
ARAP1	0.24160435656999657	me1
STARD10	0.23612405386113566	ac
ATG16L2	0.23858785769224933	me1
FCHSD2	0.2753850246945768	Unassigned
P2RY2	0.33884115199623277	me3_domain
P2RY6	0.35807064097663366	me3_domain
ARHGEF17	0.36125356631168515	me3_domain
RELT	0.34927567945267113	me1
FAM168A	0.3051983810361838	Unassigned
PLEKHB1	0.25932612771688435	me3_domain
RAB6A	0.23594095715636487	me1
MRPL48	0.2035120655384649	ac
COA4	0.19934717328819418	ac
PAAF1	0.19896806835964453	ac
DNAJB13	0.1944571420500678	me2
UCP2	0.19171970204396171	ac
UCP3	0.18890177360890126	me1
C2CD3	0.22538016152031104	me1
PPME1	0.313492774042762	me1
P4HA3	0.3404203936248221	Unassigned
PGM2L1	0.3710949451308466	Unassigned
KCNE3	0.3886242849830761	ac
LIPT2	0.37866902992150586	ac
POLD3	0.33489638705584246	Unassigned
CHRDL2	0.3134018836850043	me3
RNF169	0.3204407942154931	me1
XRRA1	0.29288904646119773	me1
SPCS2	0.25152143152930084	ac
NEU3	0.24009588789800362	me1
OR2AT4	0.24550352310903667	ac
SLCO2B1	0.25117681349711873	me2
TPBGL	0.23391904331654634	me3_domain
ARRB1	0.2123940394073378	me1
RPS3	0.19711688927304793	ac
KLHL35	0.19704610157515756	me2
GDPD5	0.2029729069044568	me1
SERPINH1	0.22820500965820978	ac
MAP6	0.2583867250812938	me3_domain
MOGAT2	0.3114422842110588	me2
DGAT2	0.3281248352164363	me2
UVRAG	0.35230894776711663	me1
WNT11	0.3617821264574702	me2
THAP12	0.36893415718176314	me1
GVQW3	0.3629229983784117	me3_domain
EMSY	0.3428315507947449	Unassigned
LRRC32	0.31083647692565575	me2
TSKU	0.26916857279060025	me1
ACER3	0.3016282933469401	me1
B3GNT6	0.35425350006502143	me2
CAPN5	0.3838488127284152	me3_domain
OMP	0.3870113662228828	me3_domain
MYO7A	0.4048131237109075	me3_domain
GDPD4	0.40114056865826964	Unassigned
PAK1	0.3395061250044126	me3
CLNS1A	0.2780913255081411	ac
AQP11	0.2806155768329086	me1
RSF1	0.2792264540456152	me1
AAMDC	0.2427813381784596	me1
INTS4	0.2176078226628826	me1
KCTD14	0.17394402151395316	ac
NDUFC2-KCTD14	0.16909148773694782	ac
THRSP	0.16401406534945595	me1
NDUFC2	0.16298040921570833	ac
ALG8	0.16868269279258585	ac
KCTD21	0.19591224744304614	me1
USP35	0.2059792757609894	me1
GAB2	0.23696614392874893	ac
NARS2	0.2868585909143617	me1
TENM4	0.5711121317757413	me2
FAM181B	0.41434952860411056	me3_domain
PRCP	0.39166403862351507	ac
DDIAS	0.39290218836090585	ac
RAB30	0.3710957244449611	me2
PCF11	0.3790843914666311	ac
ANKRD42	0.3902431600534413	ac
CCDC90B	0.40451436204146585	ac
DLG2	0.6242112304372325	Unassigned
TMEM126B	0.37820411242249685	ac
TMEM126A	0.3724600509501813	ac
CREBZF	0.36847149889940756	ac
CCDC89	0.36556847625878264	me3_domain
SYTL2	0.34252300015553094	me3_domain
CCDC83	0.2617666176528757	me3_domain
PICALM	0.1992131803300231	ac
EED	0.17785598047152495	ac
HIKESHI	0.23212734462180185	me1
CCDC81	0.2635686633354254	me2
ME3	0.3345634577738763	me2
PRSS23	0.34492045183366427	me3_domain
FZD4	0.3176963075390611	ac
TMEM135	0.3896734009492039	Unassigned
RAB38	0.546494896245614	me2
CTSC	0.45534077915163873	ac
GRM5	0.6249981971730554	Unassigned
TYR	0.8151988592729433	Unassigned
NOX4	0.8280682347552603	Unassigned
TRIM77	0.8088063842265345	Unassigned
TRIM49	0.8456926816974387	me2
TRIM64B	0.8239263395362137	me2
TRIM49D1	0.7885331659933938	me2
TRIM49D2	0.7781473202972412	me2
TRIM64	0.7380980774405363	me2
TRIM49C	0.6745337000245216	me2
UBTFL1	0.6318213588529284	me3
NAALAD2	0.59463548179338	Unassigned
CHORDC1	0.5928567146463541	ac
FAT3	0.7470791814134452	me2
MTNR1B	0.6999023340041177	me3_domain
SLC36A4	0.6043590081268242	Unassigned
DEUP1	0.5380399340646381	me2
SMCO4	0.4748857229199278	me2
CEP295	0.40484543090661373	ac
TAF1D	0.39501761481725894	ac
C11ORF54	0.3956143075862544	ac
ENSG00000284057	0.3924301620113658	ac
MED17	0.3896240749263574	ac
VSTM5	0.3873358439419611	me3_domain
HEPHL1	0.45933217441922625	me2
PANX1	0.49967985095210055	ac
IZUMO1R	0.48216841201331173	me3
GPR83	0.4417045383714733	me3_domain
MRE11	0.40650688033551075	me1
ANKRD49	0.3825277060884418	ac
C11ORF97	0.36665796090769276	me3_domain
PIWIL4	0.3311911059943514	ac
FUT4	0.3514116369978929	ac
AMOTL1	0.29167008765086433	ac
CWC15	0.3457263471139689	ac
KDM4D	0.35002211036723396	ac
KDM4E	0.35478569293529116	me2
KDM4F	0.35428051706549946	me3_domain
SRSF8	0.35280496047469034	ac
ENDOD1	0.34972943741364004	ac
SESN3	0.369195344123892	Unassigned
FAM76B	0.3743763713528362	ac
CEP57	0.3776256997692201	ac
MTMR2	0.3668180122200403	ac
MAML2	0.3010853993799131	ac
CCDC82	0.25318308154207547	ac
JRKL	0.25805153319793006	ac
CNTN5	0.8170242813556081	Unassigned
ARHGAP42	0.6369266373457125	Unassigned
PGR	0.6699167832968351	ac
TRPC6	0.7439594189607466	Unassigned
ANGPTL5	0.6961852978965619	me2
CEP126	0.6655439864637194	Unassigned
CFAP300	0.615236814476576	me2
YAP1	0.5524309415738495	me2
BIRC3	0.44503294943098826	me3
BIRC2	0.43670279829626135	ac
TMEM123	0.4303121881394488	me1
MMP7	0.43304473668625787	me3_domain
MMP20	0.4712461087898775	me2
MMP27	0.5535045808111818	me2
MMP8	0.5678916171099435	me2
MMP10	0.5967273428052908	me2
MMP1	0.6042400570228452	me2
MMP3	0.6223325266964199	me2
MMP12	0.6341720952120128	Unassigned
MMP13	0.6642474195797174	me2
DCUN1D5	0.683013523024382	ac
DYNC2H1	0.7491672626253996	Unassigned
PDGFD	0.85374317592849	Unassigned
DDI1	0.8323968629030019	me1
CASP12	0.8113546391212837	Unassigned
CASP4	0.8082206729410224	Unassigned
CASP5	0.826970927924776	Unassigned
CASP1	0.8376529097341802	Unassigned
CARD16	0.8498401400214592	Unassigned
CARD18	0.8201300811954898	Unassigned
GRIA4	0.7556815304481812	Unassigned
MSANTD4	0.7226341091103964	me1
KBTBD3	0.7252859504020194	ac
AASDHPPT	0.726346925779376	ac
GUCY1A2	0.7613742526860541	Unassigned
CWF19L2	0.5494734271741213	me1
ALKBH8	0.5049131237776651	ac
ELMOD1	0.48450561305806894	me3_domain
SLN	0.4453456268470972	me3_domain
SLC35F2	0.36367366912186827	me1
RAB39A	0.3383207283687675	me3_domain
CUL5	0.3210523250801658	me1
ACAT1	0.3217376155877778	ac
NPAT	0.3294827178868833	ac
ATM	0.3289588659370801	ac
C11ORF65	0.3074365365473125	ac
POGLUT3	0.2959324257873638	ac
EXPH5	0.3032976307338592	me1
DDX10	0.3631531463130828	me1
C11ORF87	0.6280113526327803	me3
RDX	0.4576385075288312	ac
ZC3H12C	0.44387659830717185	ac
FDX1	0.45817585179881637	ac
ARHGAP20	0.5675881880870521	Unassigned
POU2AF2	0.5437553413901398	me3
POU2AF3	0.5238615118270479	me3_domain
POU2AF1	0.45586583069697195	me3
BTG4	0.3882559897985114	me3
HOATZ	0.36459081306283725	me3_domain
LAYN	0.34901513624942637	me3_domain
SIK2	0.2890420639339447	me1
PPP2R1B	0.2574024861717037	me1
ALG9	0.24333129230167772	me1
ENSG00000258529	0.24291616419296547	ac
FDXACB1	0.24173574174621004	ac
CFAP68	0.2419900633194394	ac
CRYAB	0.24574154449015295	ac
HSPB2	0.2452399292638746	ac
HSPB2-C11ORF52	0.24610217398871326	ac
C11ORF52	0.24646282382127704	ac
DIXDC1	0.25211568601306955	me1
DLAT	0.25488329161910017	ac
PIH1D2	0.2557234745448014	ac
NKAPD1	0.25666294640147047	ac
TIMM8B	0.25759571002936044	ac
SDHD	0.26111320867893195	ac
ENSG00000255292	0.27584988007951694	ac
IL18	0.28035168308103675	me2
TEX12	0.2881042288654547	me2
BCO2	0.3043593515732401	me3
PTS	0.3278730196030335	ac
PLET1	0.3313206321642842	me2
NCAM1	0.5513345164379011	me3
TTC12	0.4402480507687151	me2
ANKK1	0.41617196882063034	me3_domain
DRD2	0.3891468445937032	me3_domain
TMPRSS5	0.3306518514514565	me2
ZW10	0.3295441665163221	me1
CLDN25	0.32734383785089805	me3_domain
USP28	0.32213777523757414	me1
HTR3B	0.3427022614148888	me3_domain
HTR3A	0.37929438274756344	me3_domain
ZBTB16	0.39664876801797544	me3
NNMT	0.3732952005959882	me2
C11ORF71	0.40275058044697276	ac
RBM7	0.4070370629460064	ac
ENSG00000255663	0.41391494192917233	ac
REXO2	0.42435683832454396	ac
NXPE1	0.4794062592475554	me2
NXPE4	0.5067864327904723	me2
NXPE2	0.5633799422367107	me2
CADM1	0.6605746162131106	Unassigned
BUD13	0.3134171651251708	ac
ZPR1	0.310072273888634	me1
APOA5	0.3089290055819315	me2
APOA4	0.30687604231708765	me2
APOC3	0.30656327990336907	me2
APOA1	0.30636627834819496	me2
SIK3	0.29445224641789725	me1
PAFAH1B2	0.25758373747668273	ac
SIDT2	0.25739273113093963	me1
TAGLN	0.2587081222576123	me1
PCSK7	0.2612627855938864	me1
RNF214	0.27233269791537973	me1
BACE1	0.29003174474299853	me3_domain
CEP164	0.32917032170921234	me1
DSCAML1	0.4127802449490098	me3_domain
FXYD2	0.3976262073017782	me3_domain
FXYD6-FXYD2	0.37943850777115595	me3_domain
FXYD6	0.37456888058441906	me3_domain
TMPRSS13	0.34621140520882643	me3_domain
IL10RA	0.3228458261263163	ac
SMIM35	0.3186214032020469	me2
TMPRSS4	0.3156531129877156	me2
SCN4B	0.30901866764062647	me3_domain
SCN2B	0.30176411052558305	me3_domain
JAML	0.28646376992275446	me3_domain
MPZL3	0.27281938947539475	Unassigned
MPZL2	0.2635389457698232	me3
CD3E	0.240160217855246	me2
CD3D	0.22769433288640117	me2
CD3G	0.22498646793439714	me2
UBE4A	0.2168982773712962	ac
ATP5MG	0.2102089091111503	ac
ENSG00000285827	0.2094923694672738	ac
KMT2A	0.21054622411600665	ac
TTC36	0.2143745637716905	me1
TMEM25	0.21507038068660733	me1
IFT46	0.21590412355095256	me1
ARCN1	0.21538903078588678	me1
PHLDB1	0.21115268693965272	me1
TREH	0.20759113941995866	me2
DDX6	0.22775156404400798	ac
CXCR5	0.24850956865079166	me2
BCL9L	0.24259597403955624	ac
UPK2	0.23107625028864576	ac
FOXR1	0.21765648185395248	ac
CENATAC	0.2092892645971648	ac
RPS25	0.20726802373531472	ac
TRAPPC4	0.20674311924030309	ac
SLC37A4	0.20604708995697474	ac
HYOU1	0.2049221948072364	me1
VPS11	0.20566383810826272	ac
HMBS	0.20668107905901112	ac
H2AX	0.20721754309571816	ac
DPAGT1	0.20788028230564637	ac
C2CD2L	0.2085150221472083	ac
HINFP	0.2100461137263966	me1
ABCG4	0.21188824523696925	me2
NLRX1	0.21321384117088826	me1
NHERF4	0.21416863334474512	me2
CCDC153	0.2147819681318236	me2
CBL	0.2272273189404901	me1
MCAM	0.2437098963845239	ac
RNF26	0.2505386431595966	ac
C1QTNF5	0.2522291141877615	ac
MFRP	0.2531892401635619	me3_domain
USP2	0.2614138972742339	me1
THY1	0.2773898504458644	me2
NECTIN1	0.4339382725949432	me3_domain
TRIM29	0.45428404181117876	me3_domain
OAF	0.4356515275439039	me2
POU2F3	0.42866588999351873	me3_domain
TLCD5	0.42743545872628674	me1
ARHGEF12	0.44654703545630736	me1
GRIK4	0.5985276076143224	me3_domain
TBCEL	0.679728807979554	me2
TBCEL-TECTA	0.6823955508335187	me2
TECTA	0.7038243748749116	me3
SC5D	0.749906923861971	me2
SORL1	0.7693435928207767	me3
BLID	0.8169438249876759	Unassigned
UBASH3B	0.6019645078329989	me3_domain
CRTAM	0.5335042042525235	me3
JHY	0.4950515830044734	me3
BSX	0.46836397704643407	me3_domain
HSPA8	0.4509457421168416	ac
CLMP	0.47394980988101165	me3_domain
GRAMD1B	0.6192063362128779	me3
SCN3B	0.6511809538018546	me3_domain
ZNF202	0.6556554966727219	ac
OR6X1	0.6537210330894277	me3_domain
OR6M1	0.6475485462459796	me3_domain
TMEM225	0.6362233295303381	me2
OR8D4	0.6307240386909903	me3
OR4D5	0.6159878849581182	me2
OR6T1	0.6136099664096175	me2
OR10S1	0.5906860019732398	me3
OR10G6	0.5767464216498508	me3
OR10G4	0.5597915581456273	me3
OR10G9	0.553396834933068	me3
OR10G8	0.5490488215381999	me3
OR10G7	0.5403125115172074	me3_domain
VWA5A	0.5087404614627238	me2
OR10D3	0.5281012477602107	me1
OR8G3P	0.5426712504442387	me1
OR8G2P		ac
OR8G1	0.5608975964036603	Unassigned
OR8G5	0.564926429957396	Unassigned
OR8D1	0.5794551697225827	me2
OR8D2	0.5811885683595641	me2
OR8B2	0.5789737948032632	me1
OR8B3	0.5755895687333462	me2
OR8B4	0.5664909373466216	me2
OR8B8	0.5595046517223288	me2
OR8B12	0.5180929914042565	me2
OR8A1	0.5077840074273108	me2
PANX3	0.49429903747884407	me3_domain
TBRG1	0.48977822748630484	ac
SIAE	0.4784290943289795	me2
SPA17	0.47245259404206597	ac
NRGN	0.4631001685905203	me3
VSIG2	0.46274816482053094	me3_domain
ESAM	0.462562135857435	me3
MSANTD2	0.4630314960245302	me2
ROBO3	0.4679904665342519	me3_domain
ROBO4	0.46870457670584575	me3_domain
HEPACAM	0.4696799509638433	me3_domain
HEPN1	0.4695025948676874	me3
CCDC15	0.46903331514388913	me2
SLC37A2	0.4628985714031073	ac
TMEM218	0.4585642017079048	me1
PKNOX2	0.3748084187386078	me3_domain
FEZ1	0.2412066400966958	ac
EI24	0.22235699166511136	ac
STT3A	0.23310040550466793	ac
CHEK1	0.2561833153891888	ac
ACRV1	0.2722060905050496	me1
PATE1	0.30847719143875596	me3_domain
PATE2	0.3204072209451633	me3
PATE3	0.32453054012866445	me2
PATE4	0.3411309038629171	me3
HYLS1	0.3626800868380706	ac
PUS3	0.3657118158979079	me1
DDX25	0.3759984257995044	me3_domain
VSIG10L2	0.3881271263095639	me3_domain
CDON	0.39904439412066484	me3_domain
RPUSD4	0.3637211520907856	ac
FAM118B	0.377587676687574	me1
SRPRA	0.3948041773828237	ac
FOXRED1	0.3990329237629596	ac
TIRAP	0.4098853520584612	me1
DCPS	0.4286147306011424	me1
ST3GAL4	0.440329648418771	me2
KIRREL3	0.5446873704279915	me3
ETS1	0.7983888217937405	me2
FLI1	0.7433835440825229	me3
KCNJ1	0.7635784108859339	me2
KCNJ5	0.7661512162573336	me3_domain
TP53AIP1	0.765331864784565	me3_domain
ARHGAP32	0.7601536002323436	Unassigned
BARX2	0.6516463459970311	me3
TMEM45B	0.3597031809840767	me3
NFRKB	0.33242742660351055	me1
PRDM10	0.3127691905834922	ac
APLP2	0.3270174822198798	me1
ST14	0.36376987431707997	me3_domain
ZBTB44	0.4048370188925885	ac
ADAMTS8	0.4631203200585614	me3_domain
ADAMTS15	0.5037710892041426	me3_domain
SNX19	0.6658122857739378	me1
NTM	0.8024576777006428	me2
OPCML	0.809217038967742	Unassigned
SPATA19	0.6275937240125362	me2
IGSF9B	0.5765877815499449	me3_domain
JAM3	0.4832283095669795	me3
NCAPD3	0.4575278978707239	me1
VPS26B	0.43749249305285387	me1
THYN1	0.4312828262401739	me1
ACAD8	0.42846366831301064	me1
GLB1L3	0.41978788061739847	me3_domain
GLB1L2	0.4251725550458284	me2
B3GAT1	0.4432523948916861	me3_domain
IQSEC3	0.366391596625921	me3
SLC6A12	0.3721971187889319	me3_domain
SLC6A13	0.3661946434305404	me3_domain
KDM5A	0.3433792228833892	Unassigned
CCDC77	0.32666386110170964	me1
B4GALNT3	0.3010294383290757	me3_domain
NINJ2	0.2665839561355198	ac
WNK1	0.31799168916460463	Unassigned
RAD52	0.32141286782394274	me1
ERC1	0.2809229445356811	Unassigned
WNT5B	0.22311449864229982	me1
FBXL14	0.22298860883514549	ac
ADIPOR2	0.24410255791340052	ac
CACNA2D4	0.2954809729233807	me3_domain
LRTM2	0.2822795236565382	me3_domain
DCP1B	0.3570323015119675	Unassigned
CACNA1C	0.4518188374516108	me3_domain
FKBP4	0.33484015965515856	ac
ITFG2	0.32456289941148386	me1
NRIP2	0.32636114290316987	me1
TEX52	0.318747222031756	me1
FOXM1	0.31331957323977533	ac
RHNO1	0.3075571425019412	ac
TULP3	0.2969855195136908	ac
TEAD4	0.2827168895936447	me1
TSPAN9	0.3816831148292732	me3_domain
PRMT8	0.5205739557193674	me3
CRACR2A	0.5319608092050712	me1
PARP11	0.490300950410524	Unassigned
CCND2	0.41919906842342125	ac
ENSG00000285901	0.4137575023744552	ac
TIGAR	0.41219826109751045	Unassigned
FGF23	0.40967039453206144	me3
FGF6	0.4154950118142815	me3_domain
C12ORF4	0.42280825424049906	Unassigned
RAD51AP1	0.42419458855789705	Unassigned
DYRK4	0.42636989094318234	Unassigned
ENSG00000272921	0.4313546985054276	Unassigned
AKAP3	0.43110618874979834	Unassigned
NDUFA9	0.4380911935117612	Unassigned
ENSG00000255639	0.4489635606634993	Unassigned
GALNT8	0.4759217856232918	Unassigned
KCNA6	0.48558161487789786	me3
KCNA1	0.5379029329869358	me3
KCNA5	0.5784313788743276	me3
NTF3	0.60650828021903	me3_domain
ANO2	0.5636217496146486	Unassigned
VWF	0.3907542092387781	me3_domain
CD9	0.2697530770890001	me3_domain
PLEKHG6	0.21809869626317113	me2
TNFRSF1A	0.21007115359956596	ac
SCNN1A	0.19843650663072476	me2
LTBR	0.19114430399964522	ac
CD27	0.18536013231272552	me3_domain
TAPBPL	0.1873038174752366	me2
VAMP1	0.18922591430935587	ac
MRPL51	0.1974838628497918	ac
NCAPD2	0.20387709005843135	ac
GAPDH	0.21062928411761062	ac
IFFO1	0.2126037816391113	me1
NOP2	0.21366967070622123	ac
ENSG00000285238	0.211164278942242	ac
CHD4	0.20924552159175536	ac
LPAR5	0.1974518931823549	ac
ACRBP	0.19037461200636419	ac
ING4	0.18390859433843676	me1
ZNF384	0.17521455386087081	ac
PIANP	0.16918147455613564	me3_domain
COPS7A	0.16517245577409934	ac
MLF2	0.16795832747220996	ac
PTMS	0.16990121842319594	ac
LAG3	0.1717372889452815	me1
CD4	0.18040340516381514	me2
GPR162	0.18746122264433707	ac
P3H3	0.19032007828292308	me1
GNB3	0.19292508097282524	me1
CDCA3	0.19433854099527992	ac
USP5	0.19674230874751042	ac
TPI1	0.19866449401097275	ac
SPSB2	0.20041744390861593	ac
LRRC23	0.20131547883730538	ac
ENO2	0.20232418223959503	me1
ATN1	0.20188498287199919	ac
C12ORF57	0.20142986187695622	ac
PTPN6	0.20110374494489192	ac
PHB2	0.2009214789010878	ac
EMG1	0.2011244594079752	ac
ENSG00000290146	0.20172263040679184	ac
LPCAT3	0.20378223273284457	ac
C1S	0.21355249732779014	me1
C1R	0.26088586921660917	me2
C1RL	0.274094781899623	ac
RBP5	0.28342024279900724	ac
CLSTN3	0.28948569065992946	me1
PEX5	0.29919406915320745	me1
ACSM4	0.3138121130521492	Unassigned
CD163L1	0.35135548222111534	Unassigned
CD163	0.38740772300577375	Unassigned
APOBEC1	0.33919701060042873	me3
GDF3	0.32468806461011246	Unassigned
DPPA3	0.3160973856254097	me3_domain
CLEC4C	0.30280055682562546	Unassigned
NANOGNB	0.28528121683300567	me3_domain
NANOG	0.2671603661846518	me3
SLC2A14	0.22220532455769426	Unassigned
SLC2A3	0.2068243886531037	ac
FOXJ2	0.22069584750896765	ac
C3AR1	0.2225358269286274	ac
NECAP1	0.22571257190663485	ac
CLEC4A	0.23889053212091227	Unassigned
ENSG00000284393	0.25360114506024833	Unassigned
ZNF705A	0.26480968702088026	Unassigned
CLEC6A	0.4038797586994334	Unassigned
CLEC4D	0.4047325352801393	me3
CLEC4E	0.40366504969007533	Unassigned
AICDA	0.39812533764236424	me3_domain
MFAP5	0.39649936536188124	Unassigned
RIMKLB	0.3832225830745034	me1
A2ML1	0.3456362584269663	ac
PHC1	0.3647133831722169	me1
M6PR	0.3727087529720383	ac
KLRG1	0.3844947808131757	ac
A2M	0.40182528067321743	Unassigned
PZP	0.4072025098517753	Unassigned
KLRB1	0.30545113860540174	Unassigned
CLEC2D	0.26840112889207535	ac
CD69	0.30371684956773426	ac
KLRF1	0.3159317957632759	Unassigned
CLEC2B	0.31239725428583454	ac
KLRF2	0.3119323260126149	Unassigned
CLEC2A	0.32103509444461	Unassigned
CLEC12A	0.3695110456560391	Unassigned
CLEC1B	0.4008707340148898	Unassigned
CLEC12B	0.41685475904158964	Unassigned
CLEC9A	0.4461706380795971	Unassigned
CLEC1A	0.46265178186906	Unassigned
CLEC7A	0.46178192981582467	Unassigned
OLR1	0.4529532582002407	Unassigned
TMEM52B	0.4504520441584846	me3_domain
GABARAPL1	0.44897169301262874	ac
KLRD1	0.46174395089166087	Unassigned
KLRK1	0.48413658720930475	Unassigned
KLRC4-KLRK1	0.484651764446254	Unassigned
KLRC4	0.4856542707690842	ac
ENSG00000255641	0.4858624277172807	Unassigned
KLRC3	0.4858277316402225	Unassigned
KLRC2	0.4858316416684463	Unassigned
KLRC1	0.4855480031550792	Unassigned
EIF2S3B	0.4827206850653908	Unassigned
MAGOHB	0.4672178839703399	ac
STYK1	0.4582143637386594	Unassigned
YBX3	0.4531795095629283	ac
TAS2R7	0.47837596021535744	Unassigned
TAS2R8	0.47974743414863485	Unassigned
TAS2R9	0.48059041788491863	Unassigned
PRH1	0.5134336347391848	Unassigned
TAS2R10	0.48472306060791015	Unassigned
PRR4	0.4889556561584011	Unassigned
ENSG00000275778	0.5151883920080845	Unassigned
TAS2R13	0.49707336489431864	Unassigned
PRH2	0.5018975141585865	Unassigned
TAS2R14	0.5233222621372133	Unassigned
TAS2R50	0.5217492100524903	Unassigned
TAS2R20	0.526049500196174	Unassigned
TAS2R19	0.5345014824424232	me1
TAS2R31	0.536583756584156	Unassigned
TAS2R46	0.5386738492738397	Unassigned
TAS2R43	0.5326101653141875	Unassigned
TAS2R30	0.5155029321009668	Unassigned
SMIM10L1	0.5017504984747395	ac
TAS2R42		Unassigned
PRB3	0.513897152303864	me3
PRB4	0.5246981131089936	me2
PRB1	0.5231573565517689	Unassigned
PRB2	0.4660199907266178	Unassigned
ETV6	0.4031586213800371	Unassigned
BCL2L14	0.3540517808021272	Unassigned
LRP6	0.32953951424260164	Unassigned
MANSC1	0.308805257223454	me1
BORCS5	0.3099793090971097	me1
DUSP16	0.33763990491643525	me1
CREBL2	0.3253961467433437	ac
GPR19	0.3054588010099547	Unassigned
CDKN1B	0.2984375521794407	ac
APOLD1	0.29178110218190023	ac
DDX47	0.29329152028962535	me1
GPRC5A	0.31160182749042076	me3_domain
GPRC5D	0.32605751869223465	me1
HEBP1	0.33927181421364594	me1
FAM234B	0.3703485252829729	me3
GSG1	0.3691773776712288	me3_domain
ENSG00000289766	0.3701543041108012	me3_domain
EMP1	0.4450023499977934	me3
GRIN2B	0.6055178050822683	Unassigned
ATF7IP	0.43451516221727504	ac
PLBD1	0.46652721518102713	ac
GUCY2C	0.5442517341956946	Unassigned
H4C16	0.5610759694496079	me2
H2AJ	0.5614597580483707	me3_domain
WBP11	0.563942811417358	ac
C12ORF60	0.5889943905689894	Unassigned
SMCO3	0.567398578741946	Unassigned
ART4	0.5767265402907271	me2
MGP	0.6049570763823109	me3_domain
ERP27	0.6326894366783724	Unassigned
ARHGDIB	0.6467066690041507	ac
PDE6H	0.6571233015805968	me2
RERG	0.6595142138879729	Unassigned
PTPRO	0.6009252417769516	Unassigned
EPS8	0.5582684052029251	Unassigned
STRAP	0.560334437099376	ac
DERA	0.5801437409428576	me2
SLC15A5	0.5866050703525514	Unassigned
MGST1	0.6781203242659286	Unassigned
LMO3	0.671533515467793	Unassigned
RERGL	0.6277895558569421	Unassigned
PIK3C2G	0.5371275499799715	Unassigned
PLCZ1	0.4241001625823475	Unassigned
CAPZA3	0.42260621725994607	Unassigned
PLEKHA5	0.47114952819791767	Unassigned
AEBP2	0.516721971770278	Unassigned
PDE3A	0.7593223178167848	Unassigned
SLCO1C1	0.7555440180632861	Unassigned
SLCO1B3	0.7284348790995326	Unassigned
SLCO1B3-SLCO1B7	0.6952905677792487	Unassigned
ENSG00000257062	0.6275318286956635	Unassigned
SLCO1B1	0.5833927677401473	Unassigned
SLCO1A2	0.5186928784208695	ac
IAPP	0.5127286886470726	Unassigned
PYROXD1	0.48648319822713615	ac
RECQL	0.4769930300215546	me1
GOLT1B	0.47094111917996484	ac
SPX	0.46630286043264435	me3
GYS2	0.4630402834103102	Unassigned
ENSG00000285854	0.46865777884034543	Unassigned
LDHB	0.49843858535591157	Unassigned
KCNJ8	0.5394863529392029	ac
ABCC9	0.5364918562272339	Unassigned
CMAS	0.4597782385276432	ac
ST8SIA1	0.5204547598398204	Unassigned
C2CD5	0.44760197247058287	Unassigned
ETNK1	0.5186379178148621	ac
SOX5	0.4920223425030448	Unassigned
BCAT1	0.48643602957703025	ac
IRAG2	0.4962095131757792	me3
DNAI7	0.4961957732751119	me3
ETFRF1	0.4936411549190539	ac
KRAS	0.49843310316262435	ac
LMNTD1	0.6511139580683685	me2
RASSF8	0.6027558096016126	me3
BHLHE41	0.5534184048686935	me3_domain
SSPN	0.5553788584376584	me3
ITPR2	0.4524569016346738	Unassigned
INTS13	0.3411903160532578	ac
FGFR1OP2	0.35438380960416316	ac
TM7SF3	0.3721430836004912	me1
MED21	0.3834121375529027	Unassigned
C12ORF71	0.3841940672146149	me2
STK38L	0.39989983995204637	Unassigned
BMAL2	0.4291049521853324	me3
SMCO2	0.45301233887033365	me3
PPFIBP1	0.4229741829694468	me3_domain
REP15	0.38898758005541423	me3_domain
MRPS35	0.3781270280944953	ac
MANSC4	0.370602265722507	ac
KLHL42	0.36964807094055185	me1
PTHLH	0.4043582900415975	me2
CCDC91	0.45926126861638417	ac
FAR2	0.6623754948590178	me2
ERGIC2	0.6717627545539819	Unassigned
OVCH1	0.6565542891676714	Unassigned
TMTC1	0.7191441816231692	me2
IPO8	0.5231995454849423	me1
CAPRIN2	0.4885014695627824	ac
TSPAN11	0.5014634465460086	me3_domain
DDX11	0.4270903604744908	me1
SINHCAF	0.3289613956470735	ac
DENND5B	0.3108261347958171	me3
AK4P3	0.32620650574946286	me2
ETFBKMT	0.32028759893276904	ac
AMN1	0.3051800087756048	ac
H3-5	0.27948547987635675	me1
RESF1	0.28104300191363796	ac
BICD1	0.33686312737708646	Unassigned
FGD4	0.4325986258323785	me3_domain
DNM1L	0.45993326834120996	ac
YARS2	0.47254958551259507	ac
PKP2	0.5269928887398573	me3
SYT10	0.655671934930273	ac
ALG10	0.7083936763247352	ac
ALG10B	0.8612221689852739	Unassigned
CPNE8	0.8745273525393467	Unassigned
KIF21A	0.7757570714403271	ac
ABCD2	0.732291190495765	Unassigned
C12ORF40	0.8121189474144449	Unassigned
SLC2A13	0.8435122025153405	Unassigned
LRRK2	0.8084563235076156	Unassigned
MUC19	0.8325835785083378	Unassigned
CNTN1	0.8085572874730866	Unassigned
PDZRN4	0.7406342671717041	Unassigned
GXYLT1	0.4597379837727247	me1
YAF2	0.41660966564973745	me1
PPHLN1	0.36903489947080736	ac
ZCRB1	0.35897792933831385	ac
PRICKLE1	0.40369616302148603	me3
ADAMTS20	0.6110538259947823	Unassigned
PUS7L	0.45818502683865414	ac
IRAK4	0.44147029120929215	ac
TWF1	0.4373760277611989	ac
TMEM117	0.5798092246193242	Unassigned
NELL2	0.6734287610837244	Unassigned
DBX2	0.51863796993484	me3
ANO6	0.48679504190350853	me1
ARID2	0.4587855355950735	ac
SCAF11	0.4574237200125434	ac
SLC38A1	0.38151088597407923	ac
SLC38A2	0.3370407309055511	ac
SLC38A4	0.5085592881200542	me3
AMIGO2	0.44690668623492347	ac
PCED1B	0.4003869244183891	ac
RPAP3	0.23725959845841704	ac
ENDOU	0.2165356544747522	me2
RAPGEF3	0.20400267719746312	me2
SLC48A1	0.20105428249207236	ac
HDAC7	0.20216067620442246	ac
VDR	0.2248532064116039	me3_domain
TMEM106C	0.2563720711105033	me1
COL2A1	0.27147328306364926	me3_domain
SENP1	0.3280207891277942	ac
PFKM	0.34768452135151817	ac
ASB8	0.3509202247814439	me1
CCDC184	0.35078764653736016	me3_domain
OR10AD1	0.35096481619984243	me1
H1-7	0.38999136569810955	me2
ZNF641	0.39615136736026935	ac
ANP32D	0.39683161761409547	Unassigned
C12ORF54	0.3913912237660728	me3_domain
OR8S1	0.37673779795008755	me3_domain
OR5BS1P	0.3593189788069462	me2
LALBA	0.35452866906355796	me3
KANSL2	0.28678056985477296	ac
CCNT1	0.2671399360156479	ac
TEX49	0.25608104666819476	me3_domain
ADCY6	0.2557080355032175	me3_domain
CACNB3	0.2617705576284587	me2
DDX23	0.2645956558079936	ac
RND1	0.2661187372946969	me3
ENSG00000272822	0.26022535438217587	me1
CCDC65	0.26259697307517493	me1
FKBP11	0.26160273945289547	me1
ARF3	0.2572925728693811	me1
WNT10B	0.25224027954481176	me2
WNT1	0.24940950401235595	me3_domain
DDN	0.2443169139470155	me1
PRKAG1	0.2399547814827927	ac
ENSG00000288710	0.23899686598712944	ac
KMT2D	0.22788277613252828	ac
RHEBL1	0.21464733191062146	me1
DHH	0.20191335760267148	ac
LMBR1L	0.1946100287251743	me1
TUBA1B	0.18141023382983545	ac
TUBA1A	0.16534766687034352	me2
TUBA1C	0.17113803581916331	ac
PRPH	0.19204149170594065	me2
TROAP	0.20472429663570568	ac
C1QL4	0.20827784127100113	me1
DNAJC22	0.21541124434339853	me3_domain
SPATS2	0.24621422958406924	me1
KCNH3	0.2537040464338506	me3_domain
MCRS1	0.2508707505229011	me1
PRPF40B	0.24257638541464965	me1
FAM186B	0.24425228725426118	me1
FMNL3	0.23688690993435335	me1
TMBIM6	0.24448217801266725	ac
NCKAP5L	0.2624600484217854	me1
BCDIN3D	0.26609682321548467	ac
FAIM2	0.26118194604709	me2
AQP2	0.2414523459138037	me3_domain
AQP5	0.2390949151263716	me3_domain
AQP6	0.2371337891322003	me2
RACGAP1	0.2324104377823204	me1
ASIC1	0.22754402832698783	me2
SMARCD1	0.2239446705503212	me1
GPD1	0.22049337463085894	ac
COX14	0.2180515943859217	ac
CERS5	0.20675846544942034	me1
LIMA1	0.1949330195413832	ac
FAM186A	0.22483661161244894	me2
LARP4	0.2346613090375732	ac
DIP2B	0.27291555060982153	me1
ATF1	0.2930700309161832	ac
TMPRSS12	0.2721042596826144	Unassigned
METTL7A	0.25593524412658075	ac
ENSG00000289695	0.2507679860759352	ac
HIGD1C	0.24725466858134193	Unassigned
SLC11A2	0.23687740708706573	ac
LETMD1	0.22836957855439943	ac
CSRNP2	0.2265076107925974	me1
TFCP2	0.22207646328317665	ac
POU6F1	0.21788315284524085	ac
DAZAP2	0.21988957446649593	ac
SMAGP	0.2201765480754504	ac
BIN2	0.22694127570302713	ac
CELA1	0.2338358197190903	ac
GALNT6	0.24248694639828083	me2
SLC4A8	0.2766570190870443	me3_domain
SCN8A	0.3440220396798124	Unassigned
TMDD1	0.31265440353431595	me3_domain
FIGNL2	0.3025241326884156	me3_domain
ANKRD33	0.2739490391172881	me2
ACVRL1	0.263440804532321	me2
ACVR1B	0.24982519580281481	me1
TAMALIN	0.25008963631701286	me1
NR4A1	0.25666563977002466	me2
ATG101	0.2683175775476404	me1
SMIM41	0.27867842798692577	me3_domain
KRT80	0.3401342580471216	me3_domain
KRT7	0.39205906473581464	me3_domain
KRT86	0.4173892766183388	me3_domain
KRT81	0.4243344479246609	me3_domain
KRT83	0.4358765891016957	me3_domain
KRT85	0.4404816124966934	me3_domain
KRT84	0.4388700292272517	me3_domain
KRT82	0.436043355743283	me3
KRT75	0.4304802609485686	me3_domain
KRT6B	0.42650170007949983	me3_domain
KRT6C	0.4223502092710171	me3_domain
KRT6A	0.41866851982239506	me3_domain
KRT5	0.412840313201255	me3_domain
KRT71	0.40479149007839166	me3_domain
KRT74	0.3980537250041436	me3_domain
KRT72	0.3892532030898913	me3_domain
KRT73	0.38119585735585115	me3_domain
KRT2	0.36500821778535686	me2
KRT1	0.35002672959288816	me3_domain
KRT77	0.3393683973655851	me3_domain
KRT76	0.2876682419693162	me3_domain
KRT3	0.2717911467853056	me2
KRT4	0.25799690771948836	me3_domain
KRT79	0.24459121574603782	me3_domain
KRT78	0.23349315348105326	me3_domain
KRT8	0.204995268682591	ac
KRT18	0.20598656132450355	ac
EIF4B	0.22422802162391198	ac
TNS2	0.22910198923390368	me1
SPRYD3	0.2297417581873452	me1
IGFBP6	0.22841650974125227	ac
SOAT2	0.22682943905508168	me2
CSAD	0.21829904594715388	ac
ZNF740	0.21567109208348212	ac
ITGB7	0.21400267816489604	me1
RARG	0.2113538155116238	ac
ENSG00000283536	0.2094277579118704	me1
MFSD5	0.20858141857804413	ac
ESPL1	0.2071383185766824	me1
PFDN5	0.20673082690883726	ac
MYG1	0.20665368140959361	me1
AAAS	0.2065221676237715	ac
SP7	0.20622686749877583	me1
SP1	0.20072286345743917	ac
AMHR2	0.19424661805500487	ac
PRR13	0.18962865399930817	ac
PCBP2	0.18321627264897478	ac
MAP3K12	0.1774071578676384	ac
TARBP2	0.17530157931443102	ac
NPFF	0.17482260910484215	me1
ATF7-NPFF	0.18875295660709002	me1
ATF7	0.18900677599788895	me1
ATP5MC2	0.2412131541244633	ac
CALCOCO1	0.27963367776136694	me2
HOXC13	0.28553736034653343	me3_domain
HOXC12	0.2845201743653889	me3_domain
HOXC11	0.28209850489639554	me3_domain
HOXC10	0.2795472382156483	me2
ENSG00000273049	0.27152733673963614	ac
HOXC6	0.27132376100045963	ac
HOXC9	0.2763419580383851	ac
HOXC8	0.2721649951994606	me2
HOXC4	0.25921883307606475	ac
HOXC5	0.2608785992313699	me2
SMUG1	0.1784479975129688	me3
CBX5	0.15511572632733595	ac
HNRNPA1	0.15660813829215225	ac
NFE2	0.15829810260462684	ac
COPZ1	0.16242051307663008	ac
GPR84	0.167443074036146	me1
ZNF385A	0.16910322987147164	ac
ITGA5	0.1713041768138488	ac
GTSF1	0.17738750025228167	ac
NCKAP1L	0.1940575900925502	me2
PDE1B	0.21224108180130086	me3_domain
PPP1R1A	0.22121838686904371	me3_domain
LACRT	0.24570986377337223	me2
DCD	0.2524543325597236	me3
MUCL1	0.42427773637693633	Unassigned
TESPA1	0.45776604901386597	ac
NEUROD4	0.47424688214886157	me3
OR9K2	0.5214420761357691	Unassigned
OR10A7	0.527679712499856	me2
OR6C74	0.5168560563546314	Unassigned
OR6C6	0.4893793155919367	Unassigned
OR6C1	0.47297527707302234	Unassigned
OR6C3	0.46274069770635073	Unassigned
OR6C75	0.43447428543122146	Unassigned
OR6C65	0.4075632566124462	Unassigned
OR6C76	0.38978826877934347	me2
OR6C2	0.3762406781179244	Unassigned
OR6C70	0.3641419748204956	Unassigned
OR6C68	0.3529175404336662	Unassigned
OR6C4	0.3213170195727111	Unassigned
OR2AP1	0.3082838206365974	me2
OR10P1	0.26672512152659056	me3
METTL7B	0.2414585167852349	me3_domain
ITGA7	0.23339521062940816	me3_domain
ENSG00000258311	0.2257941948445218	ac
BLOC1S1	0.22667191712030088	ac
RDH5	0.22496862085331326	me1
CD63	0.22271478624264174	ac
GDF11	0.21465142126183512	ac
SARNP	0.20138571271341987	ac
ENSG00000257390	0.19890855742903313	ac
ORMDL2	0.18961061728742157	ac
DNAJC14	0.18766270010009434	ac
MMP19	0.18452111180057174	me1
PYM1	0.19081647454012696	ac
DGKA	0.19874964182403276	ac
PMEL	0.2076766158860589	ac
CDK2	0.20946364138398166	ac
RAB5B	0.21396614525647228	ac
SUOX	0.21750083898545414	ac
IKZF4	0.2189750464283603	ac
RPS26	0.21827354180173875	ac
ERBB3	0.20968924388953658	ac
ENSG00000257411	0.20631344656098538	ac
PA2G4	0.20546800135003362	ac
RPL41	0.20378062884280213	ac
ESYT1	0.20116287134634758	ac
ZC3H10	0.202687402108656	ac
MYL6B	0.19734175617519856	ac
MYL6	0.19668205403870742	ac
SMARCC2	0.19470370844299711	ac
RNF41	0.19017757807074331	ac
NABP2	0.18835053221240838	ac
SLC39A5	0.18711546142363067	me1
ANKRD52	0.18459970999122033	me1
COQ10A	0.18119518949498525	ac
CS	0.17851141362714884	ac
ENSG00000144785	0.1769392178464665	ac
CNPY2	0.17612246688167676	ac
PAN2	0.17625848933113497	ac
IL23A	0.1769709343809407	ac
STAT2	0.1791801980783666	me1
APOF	0.18146656794678473	ac
TIMELESS	0.206754569489073	ac
MIP	0.21405206516283404	ac
ENSG00000285528	0.2150923154873312	me1
SPRYD4	0.21602625680750043	ac
GLS2	0.2163358280532356	me3
RBMS2	0.1968346392436776	me3
BAZ2A	0.17563892240223733	ac
ATP5F1B	0.1698721136121284	ac
PTGES3	0.16816425848834005	ac
NACA	0.17288028576645742	ac
ENSG00000285625	0.17399919781741569	ac
PRIM1	0.17667052038847775	ac
HSD17B6	0.18409340887788406	ac
SDR9C7	0.23795406327258495	ac
RDH16	0.2369006800352994	me2
GPR182	0.22757749894629387	me1
ZBTB39	0.2252892280432348	me1
TAC3	0.21993143203296395	ac
MYO1A	0.2141885180497788	me2
NEMP1	0.20869758687070517	ac
NAB2	0.2076166531960747	ac
STAT6	0.2095237461316809	ac
LRP1	0.22055664361368954	me3_domain
NXPH4	0.23012954593778734	me3
SHMT2	0.23109878818212803	me1
NDUFA4L2	0.23144929549635618	me1
STAC3	0.2316008085034269	me1
ENSG00000258830	0.2293460014111769	me1
R3HDM2	0.21262803140521025	me1
INHBC	0.19537290160221243	me1
INHBE	0.19628606241652335	ac
GLI1	0.1975650726019612	ac
ARHGAP9	0.20011702449238467	ac
MARS1	0.20310375502091138	ac
DDIT3	0.20798781173830105	ac
ENSG00000285133	0.20798106609778688	ac
MBD6	0.2090669668537296	ac
DCTN2	0.21180037367159243	ac
KIF5A	0.2163785373633731	ac
PIP4K2C	0.22118327906987678	me1
DTX3	0.22266322543585204	me1
ARHGEF25	0.22366655546945524	me1
ENSG00000287908	0.22479027054629053	me1
B4GALNT1	0.22624896147675755	me1
OS9	0.2440688906945171	me1
AGAP2	0.24899144462502465	me3_domain
TSPAN31	0.25080068636637376	ac
CDK4	0.2521350219815285	ac
MARCHF9	0.2527800707439931	ac
CYP27B1	0.2537574233221226	me1
METTL1	0.25417567444504086	ac
EEF1AKMT3	0.2545790385012805	ac
ENSG00000257921	0.254952916597763	ac
TSFM	0.2552647253757582	me1
AVIL	0.2553588303726737	me1
CTDSP2	0.2550751453953004	ac
ATP23	0.27326694317703515	ac
LRIG3	0.7305024114938659	Unassigned
SLC16A7	0.8540313382385382	Unassigned
TAFA2	0.4708400634054487	Unassigned
USP15	0.3379144100641831	ac
MON2	0.34252770509184727	Unassigned
PPM1H	0.40764846182058645	me1
AVPR1A	0.501735576083066	me3
DPY19L2	0.6331734447100092	Unassigned
RXYLT1	0.6396485559182574	ac
SRGAP1	0.5986333905496886	me3
KICS2	0.527056468992657	ac
C12ORF56	0.45342115619412615	me3
XPOT	0.3795078947823949	ac
TBK1	0.3489811884762911	ac
RASSF3	0.36212539504560926	ac
GNS	0.39846223370520495	me1
TBC1D30	0.42973867247448794	me3_domain
ENSG00000288591	0.4617589364448761	me3_domain
WIF1	0.5699198026796347	me3
LEMD3	0.5756888380666711	ac
MSRB3	0.6193096137680169	Unassigned
HMGA2	0.6927859098287565	me3
LLPH	0.6277946807698659	ac
ENSG00000228144	0.6135717338271863	ac
TMBIM4	0.6101917680086346	ac
IRAK3	0.5888377640544079	me3
HELB	0.6068409858705959	me1
GRIP1	0.7141869949851143	me2
CAND1	0.6173020343662907	ac
DYRK2	0.6734156612075551	ac
IFNG	0.4971479290844547	Unassigned
IL26	0.46310108309314235	Unassigned
IL22	0.43389100495775634	me3_domain
MDM1	0.39834962048123446	Unassigned
RAP1B	0.2516657441893855	ac
NUP107	0.24558154146954336	ac
SLC35E3	0.2639408774455392	ac
MDM2	0.28642951511815473	ac
CPM	0.31161780891273094	me3_domain
CPSF6	0.3636606842688763	ac
LYZ	0.32489498896469415	ac
YEATS4	0.31892153713014326	ac
FRS2	0.31591086083758124	me1
CCT2	0.3197156629943403	ac
LRRC10	0.32145912517200814	me2
BEST3	0.3317316927395352	me2
RAB3IP	0.372181166218961	me2
ENSG00000258052	0.40290629260795563	me3
MYRFL	0.4465134683913137	me3
CNOT2	0.5024157042693524	ac
KCNMB4	0.5241789657350937	me3_domain
PTPRB	0.5402146616432276	Unassigned
PTPRR	0.5459154756173263	ac
TSPAN8	0.4435500717608878	Unassigned
LGR5	0.36837530496615845	me3
ZFC3H1	0.3099389617666273	ac
THAP2	0.30614790183591667	ac
ENSG00000258064	0.30523022456199667	ac
TMEM19	0.3046943509028215	ac
RAB21	0.3052512634344815	ac
TBC1D15	0.3562032559870113	me1
TPH2	0.4747025799334881	me2
TRHDE	0.6342449828303902	Unassigned
ATXN7L3B	0.6769425125485966	ac
KCNC2	0.7162203796468849	Unassigned
CAPS2	0.6146459506378675	me2
GLIPR1L1	0.6096664533584786	Unassigned
GLIPR1L2	0.5934790251975488	me2
GLIPR1	0.5577053207334808	Unassigned
KRR1	0.5523754626870034	Unassigned
PHLDA1	0.31534410146216263	ac
NAP1L1	0.30984444869850736	ac
BBS10	0.3572006787215588	ac
OSBPL8	0.3941382161757453	ac
ZDHHC17	0.43046393497963265	ac
CSRP2	0.44546285556880005	me2
E2F7	0.5521943913649472	me1
NAV3	0.7815837390797568	Unassigned
SYT1	0.8060491006072931	Unassigned
PAWR	0.614069751419476	Unassigned
PPP1R12A	0.5172873794299577	ac
OTOGL	0.6303075219298996	Unassigned
PTPRQ	0.7694625343698861	Unassigned
MYF6	0.7783889682558967	me2
MYF5	0.7817849962660607	me2
LIN7A	0.8456336387729528	Unassigned
ACSS3	0.8489847442867932	Unassigned
PPFIA2	0.8775772985616986	Unassigned
CCDC59	0.8714880738840801	Unassigned
METTL25	0.8419654926045441	Unassigned
TMTC2	0.8207893806310902	Unassigned
SLC6A15	0.8668516243201312	Unassigned
TSPAN19	0.8648041146676936	Unassigned
LRRIQ1	0.8430699917974996	Unassigned
ALX1	0.8432792108275001	Unassigned
RASSF9	0.8359434345057446	Unassigned
NTS	0.8630587011190954	Unassigned
MGAT4C	0.8675435824630598	Unassigned
C12ORF50	0.7467048754226753	Unassigned
C12ORF29	0.7284802879842416	ac
CEP290	0.7077654524984999	me1
TMTC3	0.7054312860808104	me1
KITLG	0.7634169819304213	Unassigned
DUSP6	0.4793822218726198	me2
POC1B	0.4410641528773155	me2
POC1B-GALNT4	0.4322551766146071	ac
GALNT4	0.4323636054365356	ac
ATP2B1	0.414331054087995	ac
CCER1	0.6601581758325212	Unassigned
EPYC	0.6411067744040226	Unassigned
KERA	0.623301046410349	Unassigned
LUM	0.6189243082649298	Unassigned
DCN	0.6239156797995286	Unassigned
BTG1	0.4162148715800429	ac
PLEKHG7	0.390560452110275	me3_domain
EEA1	0.3757074872683527	me1
NUDT4	0.25521491406761887	ac
UBE2N	0.24599620184366056	ac
MRPL42	0.23702340575612613	ac
SOCS2	0.22997208647138512	ac
CRADD	0.24228274568588715	ac
PLXNC1	0.4328902292436432	me3_domain
CEP83	0.4905566193901003	Unassigned
TMCC3	0.5140046327496508	me3_domain
NDUFA12	0.38648346454662774	me3
NR2C1	0.37737249930985595	me1
FGD6	0.3719236256759668	ac
VEZT	0.3548626192916633	me1
METAP2	0.38874344953360374	ac
USP44	0.3885834791132471	ac
NTN4	0.4752938726627808	me3
SNRPF	0.5145924804806048	ac
CCDC38	0.5182500749827967	me3
AMDHD1	0.522264206142216	me3_domain
HAL	0.5193969213839023	me3_domain
LTA4H	0.5113787529821112	me1
ELK3	0.5290041669588359	me2
CDK17	0.5092745230426718	ac
CFAP54	0.5948757831066194	me2
NEDD1	0.6412702845411185	ac
TMPO	0.25959201032514334	ac
SLC25A3	0.2612658722169492	ac
IKBIP	0.2730865639320005	ac
APAF1	0.30465860944980616	ac
ANKS1B	0.56567676915465	Unassigned
GARIN6	0.6787499704763762	me1
BLTP3B	0.4560701696520857	ac
ACTR6	0.45577436110701963	ac
DEPDC4	0.4529630452519	ac
SCYL2	0.4440550595956496	ac
SLC17A8	0.4679247885194304	me3
NR1H4	0.5513133640824222	me3
GAS2L3	0.6131894008550294	me2
ANO4	0.6303097632790908	me2
SLC5A8	0.5581295254371397	me3
UTP20	0.4830786169622797	me1
ARL1	0.4689186098627822	ac
SPIC	0.45589271931639974	me3
MYBPC1	0.3910324321213914	me3_domain
CHPT1	0.35267218602375716	ac
SYCP3	0.3487471204761722	Unassigned
GNPTAB	0.34667759380205165	me1
DRAM1	0.3383417794649449	me2
WASHC3	0.34790533164881243	ac
NUP37	0.3602943910313494	ac
PARPBP	0.36935056563888424	ac
PMCH	0.3780797908260948	Unassigned
IGF1	0.4310863850183886	ac
PAH	0.6073357193218811	me2
ASCL1	0.6158158865769704	me3_domain
C12ORF42	0.6292872025500631	Unassigned
STAB2	0.4368377368213392	me3
NT5DC3	0.36658184327370014	me1
HSP90B1	0.3374779090842932	ac
UQCC6	0.33840493577342445	ac
TDG	0.3398000811479822	ac
GLT8D2	0.33541094560630313	me3_domain
HCFC2	0.32283988504801275	me1
NFYB	0.31768092586409213	ac
TXNRD1	0.3452026967045053	ac
EID3	0.3468459633655958	me1
CHST11	0.3521939386160837	me1
SLC41A2	0.387161256164694	Unassigned
NOPCHAP1	0.3859280430293164	me1
ALDH1L2	0.38654820467921414	Unassigned
WASHC4	0.39113961442897993	ac
APPL2	0.40886023745025146	me1
C12ORF75	0.46458214026324984	me3
NUAK1	0.5614389120329444	me3_domain
CKAP4	0.4993455828515496	me3_domain
TCP11L2	0.4863300000553875	me3
POLR3B	0.48928386998629225	me1
RFX4	0.4460786078318487	me3_domain
RIC8B	0.39151519920685074	ac
TMEM263	0.377887448842785	ac
MTERF2	0.3783969472901254	ac
CRY1	0.3856933531385571	Unassigned
ABTB3	0.5201230107116316	me3_domain
PWP1	0.46935292801421924	ac
PRDM4	0.47156959656168596	ac
ASCL4	0.4780761145961726	me3_domain
WSCD2	0.46706730652063333	me2
CMKLR1	0.41172529117830303	me2
FICD	0.2771228610255625	me1
SART3	0.26252301595020666	ac
ISCU	0.24885656099869347	ac
TMEM119	0.23355528598451059	me3_domain
SELPLG	0.2194027681497427	ac
CORO1C	0.20794502705249196	ac
SSH1	0.23180051370328503	me2
DAO	0.26949050058969304	me3_domain
SVOP	0.3215368890527879	me3_domain
USP30	0.34057855407224735	Unassigned
ALKBH2	0.3463719261425168	me1
UNG	0.35277615029178255	ac
ACACB	0.3839898680827757	me3_domain
FOXN4	0.4100819222312866	me3_domain
MYO1H	0.38123324544873016	me3_domain
KCTD10	0.3661249383317363	me1
UBE3B	0.371470402078492	me1
MMAB	0.38627281927187196	me1
MVK	0.38979024241914384	me1
FAM222A	0.33452074849932656	me3_domain
TRPV4	0.2960950826475145	me3_domain
GLTP	0.27029396091788693	me2
TCHP	0.24197038852350583	me1
GIT2	0.23370699214211288	me1
ANKRD13A	0.21480048435731558	me1
C12ORF76	0.20665467230085743	me1
IFT81	0.20032456737943716	me1
ATP2A2	0.1957149355566351	ac
ANAPC7	0.16851299530726294	ac
ARPC3	0.1458295196165521	ac
GPN3	0.14227743942397164	ac
FAM216A	0.14208774233688493	ac
VPS29	0.1452252328428547	ac
RAD9B	0.15379627728260215	ac
PPTC7	0.1825645113696157	me1
TCTN1	0.24724027555843264	me3
HVCN1	0.2613264411797125	me2
PPP1CC	0.2773400454194902	ac
CCDC63	0.33980604722820507	me3
MYL2	0.36946867724675003	me3_domain
CUX2	0.34043331146528744	me3_domain
PHETA1	0.23360716147831095	me1
SH2B3	0.22456254409956944	ac
ATXN2	0.22367147720334657	ac
BRAP	0.1879389008788901	ac
ACAD10	0.17501573466806453	me1
ENSG00000257767	0.17612091778623618	ac
ALDH2	0.18009193516914423	me1
MAPKAPK5	0.19629410263817126	ac
ENSG00000292259	0.19237796702570298	ac
TMEM116	0.18203189120176821	ac
ERP29	0.17213093796972112	ac
NAA25	0.1755505390062957	ac
TRAFD1	0.19615171077036775	ac
HECTD4	0.20799464458256678	me1
RPL6	0.1979120706187173	ac
PTPN11	0.21335519260740554	me1
RPH3A	0.34591425420924926	Unassigned
OAS1	0.3649215328890083	me2
OAS3	0.34938002297890636	me3
OAS2	0.33413115135287097	me3_domain
DTX1	0.2886103116982446	me3_domain
RASAL1	0.25868177969085915	me3_domain
CFAP73	0.23212607804580987	me3
DDX54	0.22139330693406112	ac
RITA1	0.2127860261079807	ac
IQCD	0.2054251517342136	me1
TPCN1	0.20084734778778812	me1
SLC8B1	0.213598338322896	me1
PLBD2	0.2291520147560122	me1
SDS	0.24413261934978192	ac
SDSL	0.2533149255342919	ac
LHX5	0.269470573373743	me3_domain
RBM19	0.3493599065444353	me1
TBX5	0.5555092896965812	me3
TBX3	0.6102722408288799	me3_domain
MED13L	0.36130077004073524	me1
MAP1LC3B2	0.27384122590809856	ac
SPRING1	0.3223372388476732	me1
RNFT2	0.3229200907694857	me1
HRK	0.32191147542505705	me3_domain
FBXW8	0.3057202402960041	me1
TESC	0.2919248766839463	me1
FBXO21	0.29767232549394207	me1
NOS1	0.40950389953861366	me3_domain
KSR2	0.47727793769894933	me3
RFC5	0.34053508341663485	ac
WSB2	0.34075948768315956	ac
VSIG10	0.34766734341234695	me3_domain
PEBP1	0.35409991360704396	ac
TAOK3	0.37753892202321504	me1
SUDS3	0.4048943063182602	me1
SRRM4	0.5657267740890032	me2
HSPB8	0.5542420548542619	me3_domain
CCDC60	0.47327377152208994	me2
TMEM233	0.3537767888606749	me3
PRKAB1	0.34217018075755246	ac
CIT	0.3285960593512758	me1
BICDL1	0.22670073045849004	me3_domain
RAB35	0.20324676404466302	me1
GCN1	0.1944207337720818	ac
RPLP0	0.18908993343982272	ac
PXN	0.18527758233457847	ac
SIRT4	0.18739279490490546	ac
PLA2G1B	0.19028356678326686	me2
MSI1	0.1955372384198517	me3_domain
COX6A1	0.1967009455070161	ac
ENSG00000111780	0.19501878755044233	ac
TRIAP1	0.19556654592523515	ac
GATC	0.19394639274741365	ac
SRSF9	0.18976065244637041	ac
DYNLL1	0.18897308678524705	ac
COQ5	0.18740082890340248	ac
RNF10	0.19613938918559315	me1
ENSG00000288623	0.18887561764819194	ac
POP5	0.20828185089606122	ac
CABP1	0.2620904037429862	me3_domain
MLEC	0.28720170148832846	me1
UNC119B	0.2965256184159234	me1
ACADS	0.3012450968608098	me1
SPPL3	0.3165468731178318	me1
HNF1A	0.3264697087921522	me3_domain
C12ORF43	0.32179606532562977	me1
OASL	0.31529764836081786	me3_domain
P2RX7	0.26895457321838734	me2
P2RX4	0.24579353242338997	me1
CAMKK2	0.2240838360570051	me1
ANAPC5	0.19829774322797122	ac
RNF34	0.20016040157007164	ac
KDM2B	0.2192647688274737	me1
ORAI1	0.2204797235904009	ac
MORN3	0.21811994907720933	ac
TMEM120B	0.22278959386316488	me1
RHOF	0.2247550853850917	ac
SETD1B	0.2220781501794724	ac
HPD	0.21440787781212123	ac
PSMD9	0.19966531802088017	ac
ENSG00000256950	0.19937060123055295	ac
CFAP251	0.1896698090685256	me1
BCL7A	0.18548215086580044	me1
MLXIP	0.1744542596760692	ac
LRRC43	0.17522327934387993	me2
IL31	0.1727015277206655	me3_domain
B3GNT4	0.1803707816649457	me1
ENSG00000284934	0.18489316862178784	ac
DIABLO	0.18487764974001375	ac
ENSG00000256861	0.193654949305466	me1
VPS33A	0.19836960611818066	me1
CLIP1	0.22620718663827033	ac
ZCCHC8	0.22726049089763445	ac
RSRC2	0.2347369586386524	ac
KNTC1	0.2570562089724602	ac
HCAR2	0.25661610041707017	me3_domain
HCAR3	0.25194538588299187	me3_domain
HCAR1	0.2473938104395107	me3_domain
DENR	0.23589496220987727	ac
CCDC62	0.22281966016030863	Unassigned
HIP1R	0.2063534269824444	me1
VPS37B	0.1937916440584051	ac
ABCB9	0.1726053558023375	me1
OGFOD2	0.168864083549764	ac
ARL6IP4	0.16872541715644718	ac
PITPNM2	0.17728078724147678	me1
MPHOSPH9	0.17579952328567539	ac
MTRFR	0.17090995596763026	ac
CDK2AP1	0.16919813920529336	me1
SBNO1	0.16657006442337108	ac
KMT5A	0.18373872103620914	ac
RILPL2	0.2025548112804073	me1
SNRNP35	0.22972109834919474	ac
RILPL1	0.24848099374781019	me1
TMED2	0.2531456229377822	ac
DDX55	0.2496843086227699	ac
EIF2B1	0.24737710990876538	ac
GTF2H3	0.24632071085116047	ac
TCTN2	0.25083342229436356	me1
ATP6V0A2	0.26546503830025525	ac
DNAH10	0.30345496586931564	me3_domain
CCDC92	0.3314258939262448	me3_domain
ZNF664	0.35298714383091223	me1
RFLNA	0.39591664223292955	me3_domain
NCOR2	0.3488094324332234	me1
SCARB1	0.17283204877875857	me1
UBC	0.16176300663465226	ac
DHX37	0.17357539814769074	me1
BRI3BP	0.19181339374064887	ac
AACS	0.2435252858884357	me1
TMEM132B	0.44461673134591106	me2
TMEM132C	0.6201523994098286	me2
SLC15A4	0.6486268466269147	me1
GLT1D1	0.6464323973142733	me3_domain
TMEM132D	0.6935707788619607	me2
FZD10	0.5984393520079055	me3_domain
PIWIL1	0.5263225495456014	me3_domain
RIMBP2	0.398626598510459	me3_domain
STX2	0.2712693050107964	ac
RAN	0.2480920747632328	ac
ADGRD1	0.3177650921391606	me3_domain
SFSWAP	0.30103724711372326	me1
MMP17	0.24463567178161683	me1
ULK1	0.2214333817303945	me1
PUS1	0.22642940935754718	ac
EP400	0.25942609447606946	me1
DDX51	0.34116931931895456	me1
NOC4L	0.3553795047280687	me1
GALNT9	0.433806868269336	me3_domain
FBRSL1	0.2820367035205187	me1
LRCOL1	0.26325538319511155	me3_domain
P2RX2	0.26597633504050944	me1
POLE	0.27808105934873195	ac
PXMP2	0.29277351567651777	ac
PGAM5	0.3004545526395238	ac
ANKLE2	0.3116171965213578	ac
GOLGA3	0.3407350947432548	me1
CHFR	0.39946772204751757	me1
ZNF605	0.4271372201640756	me2
ZNF26	0.4502477258738736	Unassigned
ZNF84	0.46192300170705247	Unassigned
ZNF140	0.47785856762387235	ac
ZNF891	0.48850309391960434	ac
ZNF10	0.5007150945592942	ac
ENSG00000256825	0.5099480014003179	Unassigned
ZNF268	0.5222270366101132	Unassigned
ANHX	0.5297192926066813	me2
TUBA3C	0.5215010882872423	me3
TPTE2	0.4246554308505204	Unassigned
MPHOSPH8	0.3109505197443565	ac
PSPC1	0.30537576351447027	Unassigned
ZMYM5	0.32137507200009896	ac
ZMYM2	0.33309840563688553	Unassigned
GJA3	0.3837630023983549	me3_domain
GJB2	0.3911315941884239	me3_domain
GJB6	0.3962868366288286	me3_domain
CRYL1	0.41070113487195425	Unassigned
IFT88	0.3190100177828483	Unassigned
IL17D	0.32368089351240836	me2
EEF1AKMT1	0.34562590660721104	ac
XPO4	0.3807882517446707	Unassigned
LATS2	0.3969001825488533	me2
SAP18	0.39399657792564324	ac
SKA3	0.3918474175223664	ac
MRPL57	0.39098931164793005	ac
ZDHHC20	0.42698099141670565	Unassigned
MICU2	0.42323419565149767	Unassigned
FGF9	0.47514604540043603	me3_domain
SGCG	0.618549349760567	Unassigned
SACS	0.5931433306892215	Unassigned
TNFRSF19	0.5930863535184507	me3
MIPEP	0.6153557022291156	Unassigned
C1QTNF9B	0.6279254264048406	me3_domain
ENSG00000273167	0.6060133319311927	me3
SPATA13	0.607696787323702	me3
C1QTNF9	0.5554778326194171	me3
PARP4	0.5056126338400241	me1
ATP12A	0.44624781335552166	me3_domain
RNF17	0.35328030721448955	Unassigned
CENPJ	0.35067406195803597	ac
PABPC3	0.3652350934114986	me3_domain
AMER2	0.36561241411444034	me3
MTMR6	0.3140967388385423	Unassigned
NUP58	0.29108900707640717	Unassigned
ATP8A2	0.4327608819579736	Unassigned
SHISA2	0.4445661708125026	me3
RNF6	0.3696612183383774	Unassigned
CDK8	0.40181303994903894	Unassigned
WASF3	0.5028522707834345	Unassigned
GPR12	0.4548520552046078	me3_domain
USP12	0.29027755352075	ac
RPL21	0.2683389175680201	ac
RASL11A	0.2720995303638919	me2
GTF3A	0.3550495306544009	ac
MTIF3	0.362665406763535	ac
LNX2	0.41861359211788174	Unassigned
POLR1D	0.44229771526690154	Unassigned
GSX1	0.49920891794865263	me3_domain
PDX1	0.4853259893150841	me3_domain
CDX2	0.4509668921206601	me3_domain
URAD	0.4364205738617679	me3_domain
FLT3	0.40452449864174433	me3_domain
PAN3	0.405630011055908	Unassigned
FLT1	0.37613584052321647	me2
POMP	0.3580883035141761	ac
SLC46A3	0.3725525279003665	Unassigned
MTUS2	0.5043126207879859	Unassigned
SLC7A1	0.44653575125490885	me1
UBL3	0.5339138129274628	Unassigned
KATNAL1	0.38605180851226895	ac
UBE2L5	0.3877775686681667	me2
HMGB1	0.3983396460340992	ac
USPL1	0.4093080872417534	ac
ALOX5AP	0.4381303915305853	me3_domain
MEDAG	0.549077053410163	me3
TEX26	0.5581112501679362	Unassigned
HSPH1	0.5190968228675225	ac
B3GLCT	0.549668650515809	Unassigned
RXFP2	0.6484605612688921	Unassigned
FRY	0.5225103281379138	Unassigned
ZAR1L	0.4140693232931264	ac
BRCA2	0.40056920362802895	Unassigned
N4BP2L1	0.3763586112909091	Unassigned
N4BP2L2	0.3495113040275808	ac
PDS5B	0.42693634612994746	Unassigned
KL	0.5930107076425326	me3
STARD13	0.6555839849960068	me3
RFC3	0.6608112632885008	Unassigned
NBEA	0.7397440444753195	Unassigned
MAB21L1	0.6845287085315838	me3
DCLK1	0.6232876055627323	Unassigned
SOHLH2	0.5888396435969391	Unassigned
CCDC169-SOHLH2	0.5921191804407056	Unassigned
CCDC169	0.5936975588356742	Unassigned
SPART	0.5969138236575399	ac
CCNA1	0.6037267833002742	me3
SERTM1	0.5544887449447422	me3
RFXAP	0.48909919731058116	ac
SMAD9	0.48735363666061726	me3_domain
ALG5	0.5042530392649114	ac
EXOSC8	0.5143683260181867	ac
SUPT20H	0.5214341149477091	ac
CSNK1A1L	0.5458184295000219	me3_domain
POSTN	0.6845656606209474	Unassigned
TRPC4	0.6210031039782492	Unassigned
UFM1	0.6201919875798023	ac
FREM2	0.6380791301688717	Unassigned
STOML3	0.5647625456325163	me3
PROSER1	0.5640364388341064	ac
NHLRC3	0.5670652427214528	ac
LHFPL6	0.6386139885309599	Unassigned
COG6	0.6168322200928534	Unassigned
FOXO1	0.39933557522117513	me3_domain
MRPS31	0.35805030644031666	Unassigned
SLC25A15	0.3653469846983145	ac
ELF1	0.3137284002815849	ac
WBP4	0.3097260578196752	ac
KBTBD6	0.323757743590682	ac
KBTBD7	0.3270359605126799	ac
MTRF1	0.31924204531460976	Unassigned
NAA16	0.32323532668919097	Unassigned
RGCC	0.38515573662197333	ac
VWA8	0.36503598972912243	Unassigned
DGKH	0.2882444256352482	Unassigned
AKAP11	0.2732278291305432	ac
TNFSF11	0.4949456524217619	Unassigned
FAM216B	0.570653002985174	Unassigned
EPSTI1	0.6375033222981319	Unassigned
DNAJC15	0.6681771634053022	Unassigned
ENOX1	0.633249467743451	Unassigned
CCDC122	0.5629759225413343	Unassigned
LACC1	0.5359376406165326	me3
ENSG00000281883	0.5167167341977773	Unassigned
SMIM2	0.5208867825856887	me3
SERP2	0.38780251033577384	ac
TSC22D1	0.4097124489987345	Unassigned
NUFIP1	0.3250719302803575	Unassigned
GPALPP1	0.29563705487963576	Unassigned
GTF2F2	0.2657101249755821	me1
KCTD4	0.2641208084257489	me1
TPT1	0.2780648497634932	ac
SLC25A30	0.2998061891539733	ac
COG3	0.314101733799251	Unassigned
ERICH6B	0.3436584267086573	me3
CBY2	0.41309347302531907	me3
SIAH3	0.42482577527975574	me3_domain
ZC3H13	0.37928542149319544	Unassigned
CPB2	0.37462340650951886	Unassigned
LCP1	0.37511705672553153	ac
LRRC63	0.39395518314243483	Unassigned
RUBCNL	0.45666061779887523	me3
LRCH1	0.4477096838957052	Unassigned
ESD	0.43541573417996393	ac
HTR2A	0.4352185895482694	me3
SUCLA2	0.5359189530107247	Unassigned
NUDT15	0.4985132539272308	ac
MED4	0.4927569854195999	Unassigned
ITM2B	0.4623184712031203	ac
RB1	0.46717637994252315	Unassigned
LPAR6	0.4505261127906174	Unassigned
RCBTB2	0.48375168934288626	ac
CYSLTR2	0.5069551612196297	Unassigned
FNDC3A	0.3940638710002482	Unassigned
MLNR	0.3866156388082004	me2
CDADC1	0.3856440165143825	Unassigned
CAB39L	0.3771788877423482	ac
SETDB2	0.363191841906647	ac
PHF11	0.3561158615535287	ac
RCBTB1	0.34483184409137213	me1
ARL11	0.32749815755994516	ac
EBPL	0.32468054253561973	me1
KPNA3	0.3328281164463769	Unassigned
SPRYD7	0.3407090263331305	ac
TRIM13	0.3186174266636628	ac
KCNRG	0.3161704509149946	Unassigned
DLEU7	0.4095781631725769	Unassigned
RNASEH2B	0.44474439111887776	Unassigned
C13ORF42	0.4389902855832748	me3
FAM124A	0.4558035858438584	me3_domain
SERPINE3	0.40203355868055335	me3
INTS6	0.37005353938036145	ac
WDFY2	0.31756817211411914	Unassigned
ENSG00000285444	0.3364138478508856	me2
DHRS12	0.32870216991859824	me2
TMEM272	0.3463408675102788	me3
CCDC70	0.346744082329121	me2
ATP7B	0.3067858696185529	ac
ALG11	0.31643652733132765	ac
UTP14C	0.31046995826975243	me1
NEK5	0.3264180963626925	Unassigned
NEK3	0.3327195797763227	Unassigned
THSD1	0.37325116385761825	me3_domain
VPS36	0.3637221100627699	ac
CKAP2	0.3486908553389816	ac
HNRNPA1L2	0.39129255600073276	me1
SUGT1	0.4107240724969824	ac
CNMD	0.43034545989699025	me3
PCDH8	0.46219509245642154	me2
OLFM4	0.5664967886385266	Unassigned
PRR20A	0.8707219987506003	me3
PRR20C	0.8698793283568642	me3
PRR20B	0.8699139159737032	me3
PRR20D	0.867912248604811	me3
PRR20E	0.8667243369736521	me3
PCDH17	0.8214622222893249	Unassigned
DIAPH3	0.5145528939297803	Unassigned
TDRD3	0.5066099151566499	ac
PCDH20	0.7969481032159224	me2
ENSG00000197991	0.7962700773239537	Unassigned
ENSG00000237378	0.8042589351996947	me2
ENSG00000285566	0.8149628699945404	me2
PCDH9	0.7671052596427859	Unassigned
KLHL1	0.5652634925425449	Unassigned
DACH1	0.706606302725401	Unassigned
MZT1	0.6247596983708876	ac
BORA	0.6187997836710439	ac
DIS3	0.6090357562931967	ac
PIBF1	0.5312167043500935	Unassigned
KLF5	0.4848171780484344	me3
KLF12	0.702338365417674	Unassigned
TBC1D4	0.36884193828202394	Unassigned
COMMD6	0.3512103885803972	ac
UCHL3	0.34800195783620635	ac
LMO7	0.39256078047999343	me2
KCTD12	0.41451236080190246	me3
ACOD1	0.4087005504920789	me3
CLN5	0.42993456547206266	ac
ENSG00000283208	0.44192740515025297	ac
FBXL3	0.4325938731523933	ac
MYCBP2	0.44932257674588716	Unassigned
ENSG00000288716	0.45680338729351644	ac
SCEL	0.5635149570641023	Unassigned
SLAIN1	0.6274599622110991	me2
EDNRB	0.6922848970090264	Unassigned
POU4F1	0.5787910568700663	me3_domain
OBI1	0.5777750424555153	ac
RBM26	0.34298400334924817	ac
NDFIP2	0.36659558882528787	ac
SPRY2	0.5717292566102533	ac
SLITRK1	0.7634339244666092	me2
SLITRK6	0.8147368254135867	Unassigned
SLITRK5	0.7961544626801642	Unassigned
GPC5	0.7841521296596305	Unassigned
GPC6	0.7171079932206809	Unassigned
DCT	0.4866970537478629	me3
TGDS	0.4285432496708934	ac
GPR180	0.41158142173754586	ac
SOX21	0.417606465556449	me3_domain
ABCC4	0.36315983517261896	me1
CLDN10	0.37017997968690786	me3
DZIP1	0.42676899866053586	me3_domain
DNAJC3	0.47393926309148326	me1
UGGT2	0.5592742817338	Unassigned
HS6ST3	0.6210622428185866	Unassigned
OXGR1	0.4364860437910675	me3_domain
MBNL2	0.40838153633105034	ac
RAP2A	0.45864623171777197	ac
IPO5	0.5232277106711888	ac
FARP1	0.5031197887033751	me3_domain
RNF113B	0.5696270260263976	me3_domain
STK24	0.41834361737772563	me1
SLC15A1	0.3797124433621373	me3_domain
DOCK9	0.32085401993940965	me1
UBAC2	0.2640358164561808	me1
GPR18	0.26225232788794317	me1
GPR183	0.2582941740930583	ac
TM9SF2	0.2897541760619662	ac
CLYBL	0.33580820996589555	me3_domain
ZIC5	0.35509422294464177	ac
ZIC2	0.3592266101639473	ac
PCCA	0.4009089674826515	Unassigned
GGACT	0.3835331659809721	me3
TMTC4	0.3631607763340877	me1
NALCN	0.6668787957319862	Unassigned
ITGBL1	0.7680090889518796	Unassigned
FGF14	0.691652275783523	Unassigned
TPP2	0.40455858447066995	ac
METTL21C	0.4096580528411895	me3_domain
CCDC168	0.43475372858841954	Unassigned
TEX30	0.4502764717744958	ac
POGLUT2	0.46394277890926683	ac
BIVM-ERCC5	0.486066961065616	ac
BIVM	0.4795403294388212	ac
ERCC5	0.49500023809757654	ac
METTL21EP	0.4988977925508348	Unassigned
SLC10A2	0.5360990736299249	Unassigned
DAOA	0.8322208515302518	Unassigned
EFNB2	0.653106736011013	me3
ARGLU1	0.6881465366071156	ac
NALF1	0.771560870347118	Unassigned
LIG4	0.6042948838399422	ac
ABHD13	0.6009938187036665	ac
TNFSF13B	0.5994422642385111	Unassigned
MYO16	0.563986048629264	Unassigned
IRS2	0.5046510786563074	ac
COL4A1	0.4783517403822455	me3_domain
COL4A2	0.3491738106956531	me3
RAB20	0.2984608631568936	me1
NAXD	0.2947282484127406	me1
CARS2	0.29358701029346335	ac
ING1	0.2923018804429851	ac
ANKRD10	0.24945350955166068	ac
ARHGEF7	0.37466206214172093	me1
TEX29	0.4302561730051667	me3_domain
SOX1	0.6021970320073938	Unassigned
SPACA7	0.4646623654774842	Unassigned
TUBGCP3	0.37918725937782394	me1
ATP11A	0.37179196775041534	me1
MCF2L	0.3786952797720742	me3_domain
F7	0.3317023640588359	me3_domain
F10	0.3190707458042694	me3_domain
PROZ	0.304663767442911	me2
PCID2	0.29401460955822456	ac
CUL4A	0.28683535636430735	ac
LAMP1	0.2940997321461244	me1
GRTP1	0.30185315570800864	me1
ADPRHL1	0.31342208438057184	me3_domain
DCUN1D2	0.3081159774914384	me1
TMCO3	0.29662678974421264	me1
TFDP1	0.37359002973828115	me1
ATP4B	0.47672367859253695	me3_domain
GRK1	0.5350073577840655	me3
TMEM255B	0.4053916574681501	me3_domain
GAS6	0.3550019352535695	me1
C13ORF46	0.5709641413480608	me1
RASA3	0.40828963721509826	me1
CFAP97D2	0.2965844326214122	me3
CDC16	0.2957571248626718	ac
UPF3A	0.34327514198243625	ac
CHAMP1	0.39603342681524545	ac
OR11H12	0.7832969803114481	Unassigned
POTEM	0.6928208655194725	me3
POTEG	0.6881593244905195	Unassigned
OR11H2	0.6752818258978748	Unassigned
OR4N2	0.6658133054296773	Unassigned
OR4Q3	0.6657580590790675	Unassigned
OR4M1	0.6636611584851093	Unassigned
OR4K3	0.6520164186059356	me2
OR4K2	0.6448116794415142	Unassigned
OR4K5	0.5957438120348699	me2
OR4K1	0.5750854602373756	Unassigned
OR4K15	0.4972269787365877	me2
OR4Q2	0.4498202595273708	Unassigned
OR4K14	0.4251237303709847	Unassigned
OR4K13	0.40271031913957034	Unassigned
OR4L1	0.37341328855517475	Unassigned
OR4K17	0.3402234934788533	ac
OR4N5	0.3310929075162322	Unassigned
OR11G2	0.3110975640489718	me1
OR11H6	0.29832801903065753	ac
OR11H7	0.2955615155923642	me2
OR11H4	0.2895522460585219	Unassigned
TTC5	0.26880271432128056	Unassigned
CCNB1IP1	0.24927927907252523	ac
PARP2	0.23863253407949248	ac
TEP1	0.23160524277540429	me1
KLHL33	0.23486940249225186	ac
OSGEP	0.24128034357217976	ac
APEX1	0.24319181232463039	ac
PIP4P1	0.24495229483896408	ac
PNP	0.24917540607974742	ac
RNASE10	0.27025657934565084	me2
RNASE9	0.29339393811716685	ac
ENSG00000259060	0.3045897283329876	me2
RNASE11	0.30459896805397724	me2
RNASE12	0.3033939712577396	me1
OR6S1	0.3126560954627149	me3
ANG	0.3223870322193365	ac
RNASE4	0.3226930762279774	Unassigned
ENSG00000259171	0.32262110424883716	Unassigned
EDDM3A	0.336490481528952	me2
EDDM3B	0.3410858341104053	me2
RNASE6	0.3425701868230646	ac
RNASE1	0.34306146557835504	ac
RNASE3	0.3199638949392284	me3
RNASE2	0.30783681022448417	me3_domain
METTL17	0.31065528776899076	ac
SLC39A2	0.3115627051309423	me2
NDRG2	0.31297167173895957	me2
TPPP2	0.3142308680834486	ac
RNASE13	0.314339088899236	me2
RNASE7	0.3140979091465249	me2
RNASE8	0.312357671357135	me2
ARHGEF40	0.30599959137056	me1
ZNF219	0.29767176274462115	ac
TMEM253	0.2961533322945453	ac
OR5AU1	0.25722414642065117	me2
HNRNPC	0.20188487751198503	ac
RPGRIP1	0.20001373633260855	ac
SUPT16H	0.21718958405292133	ac
CHD8	0.22958652854762118	ac
RAB2B	0.2324597813049546	ac
TOX4	0.23208657475752592	ac
METTL3	0.23208676656087235	ac
SALL2	0.23357010304517956	ac
OR10G3	0.24109300124103927	me3_domain
OR10G2		me3_domain
OR4E2	0.26854017141374475	Unassigned
OR4E1	0.2728156355927408	Unassigned
DAD1	0.310939077150016	me1
ABHD4	0.30613518440286525	me1
OR6J1	0.3021142776318768	me2
OXA1L	0.2575938202805095	ac
SLC7A7	0.2354052747260762	me2
MRPL52	0.21614179556391844	ac
MMP14	0.21044075467186507	me1
LRP10	0.19677526241446397	ac
REM2	0.19458848722212163	me1
RBM23	0.1914662754088955	ac
PRMT5	0.1903866322269231	ac
HAUS4	0.19060771742038074	ac
ENSG00000259132	0.19072684816326257	me1
AJUBA	0.19082069909914579	me1
C14ORF93	0.18995296100167702	ac
PSMB5	0.18715007974189846	ac
PSMB11	0.18479137689785274	me2
CDH24	0.1831572549156354	me1
ACIN1	0.17932833205453902	ac
C14ORF119	0.17689457434479905	ac
CIROP	0.17649898893563365	me1
CEBPE	0.1759194015253498	me2
SLC7A8	0.17992884861905523	me1
RNF212B	0.20524859461565026	me2
HOMEZ	0.23192353707872304	ac
PPP1R3E	0.23783642076377054	ac
BCL2L2	0.23998283055634306	ac
BCL2L2-PABPN1	0.2445959979932415	ac
PABPN1	0.24749190329669846	ac
SLC22A17	0.25690145962174626	me3_domain
EFS	0.2604844222359035	me3_domain
IL25	0.26418811436965495	me3_domain
CMTM5	0.26524160484313963	me3_domain
MYH6	0.2701101372931406	me3_domain
MYH7	0.2774053733860449	me3_domain
NGDN	0.292455549522036	Unassigned
ZFHX2	0.30707662859587104	me3
THTPA	0.3138788975954597	ac
AP1G2	0.31676786864553774	me1
JPH4	0.32119570082728843	me2
DHRS2	0.35553892828267564	me2
DHRS4	0.3067325434067453	ac
DHRS4L2	0.30157577196695573	Unassigned
CARMIL3	0.25828936154487947	me3
CPNE6	0.24776058178557325	me3_domain
NRL	0.23241942907894697	ac
PCK2	0.22921483862431302	ac
DCAF11	0.22133023032787458	ac
ENSG00000259371	0.21930514358924014	me1
FITM1	0.21801315307617186	me1
PSME1	0.21708427302878108	me1
EMC9	0.2167024779063823	ac
PSME2	0.21643567500313088	ac
RNF31	0.2166237041867134	ac
ENSG00000259529	0.2169140051520969	ac
IRF9	0.21769011158766116	me1
REC8	0.2198917936467183	me1
IPO4	0.22240640315549043	me1
ENSG00000259522	0.22265484837044214	me1
TM9SF1	0.22474990226400526	ac
ENSG00000254692	0.22757672510238636	ac
TSSK4	0.22907975622571908	me1
CHMP4A	0.23088579948694432	ac
MDP1	0.23188923050375554	ac
NEDD8-MDP1	0.23414408829595912	ac
NEDD8	0.23454735526324655	ac
GMPR2	0.23694940550189203	ac
TINF2	0.23797057716764003	ac
TGM1	0.23948946549996308	me1
RABGGTA	0.23950669493282917	me1
DHRS1	0.23661025358887688	ac
NOP9	0.23528494530002564	me1
CIDEB	0.2344974065472052	me1
LTB4R2	0.23456577030035974	me1
LTB4R	0.23363373041058677	me1
ADCY4	0.2319243278514166	me2
RIPK3	0.23097592019901225	me2
NFATC4	0.2349322460919515	me2
NYNRIN	0.25309915898869206	me2
CBLN3	0.26814267740584574	ac
KHNYN	0.27277893429925126	ac
SDR39U1	0.2782194948795338	ac
CMA1	0.32296857865545836	me3
CTSG	0.33663149723571084	me3
GZMH	0.34037079421490857	me3
GZMB	0.3468980251731395	me2
STXBP6	0.5590947733705145	Unassigned
NOVA1	0.7294576380015889	Unassigned
FOXG1	0.5297536981066349	ac
PRKD1	0.6543283934687301	Unassigned
G2E3	0.3970307846766624	Unassigned
SCFD1	0.3416523847100257	Unassigned
COCH	0.25410653773465686	ac
STRN3	0.2400037471148313	ac
AP4S1	0.23018866441640928	ac
HECTD1	0.23133491481354895	ac
HEATR5A	0.27842841036630706	Unassigned
ENSG00000203546	0.29643202271855207	ac
DTD2	0.3204756826303332	ac
GPR33	0.33237525939941404	me3
NUBPL	0.41804131310270964	Unassigned
ARHGAP5	0.41403035565245383	ac
AKAP6	0.4980922169020423	Unassigned
NPAS3	0.5377843210864071	Unassigned
EGLN3	0.3597670724239955	Unassigned
SPTSSA	0.3069842745880186	ac
EAPP	0.2826226771862145	ac
SNX6	0.2413779265421827	ac
CFL2	0.2634566968117221	ac
BAZ1A	0.27283836107184956	ac
SRP54	0.2542246843898781	ac
FAM177A1	0.24667938095136788	ac
PPP2R3C	0.24359001003974057	ac
PRORP	0.22309739264814443	ac
ENSG00000258790	0.2134928843857078	ac
PSMA6	0.17535510399397236	ac
NFKBIA	0.1520732694253042	ac
INSM2	0.26484104392768115	me3
RALGAPA1	0.3200107436721058	Unassigned
BRMS1L	0.3577401239930791	Unassigned
MBIP	0.36466473516170117	ac
SFTA3	0.410637088282067	me3_domain
NKX2-1	0.41704436329678973	me3_domain
NKX2-8	0.418330351196475	me3_domain
PAX9	0.3943527443148007	me1
SLC25A21	0.36789840680843333	ac
MIPOL1	0.3799761172648648	Unassigned
FOXA1	0.47515575900761187	ac
TTC6	0.5679604366335216	Unassigned
SSTR1	0.7048495609059418	me2
CLEC14A	0.7154739524136071	me2
SEC23A	0.3456960778252781	Unassigned
GEMIN2	0.32191082523926795	ac
TRAPPC6B	0.30686595888124146	ac
PNN	0.3003167051571506	ac
MIA2	0.31060514873467715	ac
FBXO33	0.3448941572121025	ac
LRFN5	0.7827145656572068	Unassigned
FSCB	0.5793408032916622	Unassigned
C14ORF28	0.37568712726139064	ac
KLHL28	0.3729798885420448	me1
TOGARAM1	0.37919593905583715	me1
PRPF39	0.40222787939806093	ac
FKBP3	0.4087929868479504	ac
FANCM	0.4158030864338126	Unassigned
MIS18BP1	0.4263823062101679	Unassigned
RPL10L	0.8288795482923969	Unassigned
MDGA2	0.831324799554078	Unassigned
RPS29	0.24058339883929747	ac
LRR1	0.22982346446308866	ac
RPL36AL	0.22404992209198327	ac
MGAT2	0.22348591630755965	ac
DNAAF2	0.2207228524875926	ac
POLE2	0.21764630665086615	ac
KLHDC1	0.22858778006585279	ac
KLHDC2	0.241194709711269	ac
NEMF	0.23962324460761142	ac
ARF6	0.21709390399540351	ac
VCPKMT	0.22399395904728148	ac
SOS2	0.2617444428329988	me1
L2HGDH	0.30732939303490014	me1
DMAC2L	0.3184858016385377	ac
CDKL1	0.31097236458776467	me1
MAP4K5	0.29078276409469206	Unassigned
ATL1	0.3306871736799948	Unassigned
SAV1	0.37289887335045035	ac
NIN	0.37976115940803423	Unassigned
PYGL	0.3724705030386277	ac
ABHD12B	0.36471008571729147	me3_domain
TRIM9	0.47041085443927677	me3
TMX1	0.5337722286415367	ac
FRMD6	0.6350718063745826	me3
GNG2	0.6418014193207113	me3
RTRAF	0.5976008831750099	ac
NID2	0.5848588329332571	me3
PTGDR	0.5065331270326892	me3
PTGER2	0.47295721236905264	me3_domain
TXNDC16	0.38720468633710226	ac
GPR137C	0.36471173790140876	Unassigned
ERO1A	0.34283993289779036	ac
PSMC6	0.3373641492200017	ac
STYX	0.3386329786347829	ac
GNPNAT1	0.3417376633633409	ac
FERMT2	0.37547413385829764	me3
DDHD1	0.4599441748846469	Unassigned
BMP4	0.5720706907356425	me3
CDKN3	0.32555188694242876	me1
CNIH1	0.3191647743288706	ac
GMFB	0.3085584327463109	ac
CGRRF1	0.3017296475392033	me1
SAMD4A	0.29438091905889874	me1
GCH1	0.24238984229428384	Unassigned
WDHD1	0.2581054279787367	Unassigned
SOCS4	0.2531007635980871	ac
MAPK1IP1L	0.24557933631352125	ac
LGALS3	0.23444612758629968	me1
DLGAP5	0.2497865487749833	ac
FBXO34	0.32150347570061766	me1
ATG14	0.33147883855499005	ac
TBPL2	0.35110850198671006	Unassigned
KTN1	0.409938310808841	Unassigned
PELI2	0.5482568340861581	me3
TMEM260	0.5598897129886453	Unassigned
OTX2	0.5163031125153101	me3_domain
EXOC5	0.4708190236442982	ac
AP5M1	0.47488633605784725	ac
NAA30	0.5413057577860074	ac
CCDC198	0.544597624213585	Unassigned
SLC35F4	0.5201318203263938	Unassigned
ARMH4	0.32347931864597057	ac
ACTR10	0.3003298759331038	ac
PSMA3	0.31470195615617447	ac
ARID4A	0.33857522862613	ac
TOMM20L	0.3578393790187939	me1
TIMM9	0.3616898457892267	ac
KIAA0586	0.3725638576597985	ac
DACT1	0.4576646030317957	me3_domain
DAAM1	0.47598318817891283	Unassigned
GPR135	0.4783962457901496	Unassigned
L3HYPDH	0.4801164716891013	ac
JKAMP	0.48652048130410475	ac
CCDC175	0.5130226611527415	me3
RTN1	0.5729229993396525	me2
LRRC9	0.5447934183516653	Unassigned
PCNX4	0.48019679504760693	ac
DHRS7	0.4658730482857161	ac
PPM1A	0.4457503555679527	ac
C14ORF39	0.47704817723360526	me3
SIX6	0.46596421843152747	me3_domain
SIX1	0.36140950059941934	me2
SIX4	0.3643751495772398	ac
MNAT1	0.4195555307375559	Unassigned
TRMT5	0.4752268021113386	ac
SLC38A6	0.4728915088592959	ac
PRKCH	0.5060136264993054	me3
TMEM30B	0.4942052638000126	me2
ENSG00000258989	0.47780926932500867	me3_domain
HIF1A	0.46189602910457916	ac
SNAPC1	0.4563738531553113	ac
SYT16	0.5254294957387624	me3
ENSG00000289503	0.579018345848973	me3
KCNH5	0.6719806455214481	Unassigned
RHOJ	0.5237438632498106	Unassigned
GPHB5	0.48524875640869136	me3_domain
PPP2R5E	0.4284136035359565	me1
WDR89	0.39014758854803655	ac
SGPP1	0.4069044565178992	ac
SYNE2	0.43123883133707563	me3
ESR2	0.3384360106235508	Unassigned
MTHFD1	0.3104318702893114	ac
ZBTB25	0.30333481070387436	ac
AKAP5	0.3048095483279478	Unassigned
ZBTB1	0.298016453843985	ac
HSPA2	0.29799774833406356	Unassigned
PPP1R36	0.3024366235544962	me3_domain
PLEKHG3	0.3174256123983885	me3_domain
SPTB	0.2937232144884011	me1
CHURC1	0.28550561344080405	me1
CHURC1-FNTB	0.29607069657446416	ac
GPX2	0.28746237247371564	me1
RAB15	0.29103510585996106	me2
FNTB	0.30287570810027586	ac
MAX	0.3067955249548876	ac
FUT8	0.44934614331330025	Unassigned
CCDC196	0.44755162890031996	Unassigned
GPHN	0.4376223526745773	Unassigned
GARIN2	0.3265500279563309	me3
PALS1	0.30866241552510265	Unassigned
ATP6V1D	0.30030533337584797	ac
EIF2S1	0.29453359863231865	ac
PLEK2	0.29227565127266975	me1
TMEM229B	0.2806878458188252	me3_domain
PLEKHH1	0.26857623989343404	me2
PIGH	0.26449846032093505	ac
ARG2	0.2634594236483543	me1
VTI1B	0.2656965491766389	me1
ENSG00000258466	0.26801213604363705	ac
RDH11	0.27022380416746483	ac
RDH12	0.278497138605736	Unassigned
ZFYVE26	0.2960330549956435	me1
RAD51B	0.33712078602368434	Unassigned
ZFP36L1	0.23724602839040687	ac
ACTN1	0.25496359266706603	me1
DCAF5	0.2846064415972147	me1
EXD2	0.3321408166845973	Unassigned
GALNT16	0.3544730370804472	me3_domain
ERH	0.32820199269629613	ac
SLC39A9	0.3102618781464266	Unassigned
PLEKHD1	0.2867024514645149	me3_domain
CCDC177	0.2652654026030866	me3_domain
SUSD6	0.24977411007556694	ac
SRSF5	0.2870837635055714	ac
SLC10A1	0.31330484444573015	Unassigned
SMOC1	0.3784614167920558	me3
SLC8A3	0.4749298895033188	me3
COX16	0.5200528373212718	Unassigned
SYNJ2BP-COX16	0.5200024160864147	Unassigned
SYNJ2BP	0.5204169210519063	Unassigned
ADAM21	0.5309068325180841	Unassigned
ADAM20	0.5465669403545398	Unassigned
MED6	0.5430857685436716	Unassigned
TTC9	0.5297625658407683	me3_domain
MAP3K9	0.49484264105225295	me3
PCNX1	0.4348446032311294	Unassigned
SIPA1L1	0.4566136388700971	Unassigned
RGS6	0.513363314512419	Unassigned
DPF3	0.32953823469181676	me2
DCAF4	0.22959463069825747	ac
ZFYVE1	0.23091237500531037	me1
RBM25	0.2491751968454825	Unassigned
PSEN1	0.2521252579295653	me1
PAPLN	0.26056352043005626	me3
NUMB	0.28388168014124604	me1
HEATR4	0.2544742595160119	Unassigned
RIOX1	0.26174107783696177	ac
ACOT1	0.2489829731710218	Unassigned
ACOT2	0.24741159984556138	me2
ACOT4	0.24864325950133048	me2
ACOT6	0.25079250103988104	me2
DNAL1	0.25083238229901295	me1
PNMA1	0.24226533825168473	ac
MIDEAS	0.22395706973216567	ac
PTGR2	0.16813429207717645	ac
ENSG00000258653	0.16520942642764025	ac
ZNF410	0.16305875877547915	ac
FAM161B	0.16877305866305436	ac
COQ6	0.17526649833154007	ac
ENTPD5	0.1993949668325069	ac
BBOF1	0.2582858907395217	ac
ALDH6A1	0.2789660060141894	me1
LIN52	0.32167573682455686	Unassigned
VSX2	0.3309968211463372	me3_domain
ABCD4	0.3279528993490931	me1
VRTN	0.327171472240412	me3_domain
SYNDIG1L	0.3317333018039905	me3
NPC2	0.33576417238433776	me1
ISCA2	0.3352999480766309	ac
LTBP2	0.3156526784500957	me3_domain
AREL1	0.2523766775338675	me1
FCF1	0.2522248038146305	Unassigned
YLPM1	0.2715316627063332	Unassigned
PROX2	0.26340487253801415	me2
DLST	0.2483463799373924	ac
RPS6KL1	0.2350887612876652	me1
PGF	0.21791422768956892	me2
EIF2B2	0.21611059882324501	ac
MLH3	0.2260437802856997	me1
ACYP1	0.24069057897007173	ac
ZC2HC1C	0.25448600741531646	ac
NEK9	0.25966849077675225	ac
TMED10	0.271111906119595	me1
FOS	0.27365999221368764	ac
JDP2	0.3324181865528082	me2
BATF	0.3750308842589728	me2
FLVCR2	0.37871716834980274	me3_domain
TTLL5	0.3574178925831838	Unassigned
ERG28	0.373785503109066	me1
IFT43	0.31734711860010567	Unassigned
TGFB3	0.31876374121225637	me2
GPATCH2L	0.29915640744246663	Unassigned
ESRRB	0.3692330934631832	me1
VASH1	0.3338498827521632	me2
ANGEL1	0.3252928612291207	me1
LRRC74A	0.311746986619582	me3_domain
IRF2BPL	0.3007932802230593	ac
CIPC	0.2977696031408289	ac
ENSG00000259164	0.2861245443043241	me3
TMEM63C	0.28111219919590336	me3_domain
ZDHHC22	0.29161326940653554	me3_domain
NGB	0.2606916242210302	me3_domain
POMT2	0.25080532683357304	me1
GSTZ1	0.24154995444642535	ac
TMED8	0.2341115966055317	me1
SAMD15	0.23089672758481572	ac
NOXRED1	0.23237148304296373	ac
VIPAS39	0.2392886777770875	ac
AHSA1	0.2451100693711551	ac
ISM2	0.25221374101484617	me3_domain
SPTLC2	0.26064741035580297	ac
ALKBH1	0.25767961384863525	me1
SLIRP	0.2652044485179226	ac
SNW1	0.2663644088001992	Unassigned
ADCK1	0.26155506604394063	ac
NRXN3	0.6410247509035882	Unassigned
DIO2	0.6598229215451826	Unassigned
CEP128	0.5449035142019001	Unassigned
TSHR	0.36271744562102937	me2
GTF2A1	0.3130234299537681	ac
STON2	0.25144600811120776	ac
SEL1L	0.235370983264638	ac
FLRT2	0.8624218796197431	Unassigned
GALC	0.5617594254467743	Unassigned
GPR65	0.5288400891546878	Unassigned
KCNK10	0.5321804985966698	me3
SPATA7	0.48968014917626757	Unassigned
PTPN21	0.48504937974020335	me2
ZC3H14	0.42965712249869836	ac
EML5	0.429414632952585	Unassigned
TTC8	0.4881490421024349	ac
FOXN3	0.5927120029233609	me3
EFCAB11	0.5561387374069289	Unassigned
TDP1	0.4973021159498756	me1
KCNK13	0.4233874031049043	me3
PSMC1	0.3592105473984739	ac
NRDE2	0.34412390980509633	me1
CALM1	0.3249530075490358	ac
TTC7B	0.2855905622856807	me1
RPS6KA5	0.24853728612453563	Unassigned
DGLUCY	0.23557246743844718	me1
GPR68	0.2324329135625972	me1
CCDC88C	0.25861463008162966	me1
PPP4R3A	0.2634549519306505	ac
CATSPERB	0.34984624724931424	Unassigned
TC2N	0.36623338383741233	Unassigned
FBLN5	0.35811308143207266	me3
TRIP11	0.3675892930000245	Unassigned
ATXN3	0.35227675520325097	ac
NDUFB1	0.33669132086724085	ac
CPSF2	0.3307185728157078	ac
SLC24A4	0.43468717779635657	me3_domain
RIN3	0.43551742376502955	me3
LGMN	0.38934229896360795	me3
GOLGA5	0.3574846457300468	me1
CHGA	0.3590794199828544	me2
ITPK1	0.34492432999811284	me1
MOAP1	0.3080929558465946	ac
LYSET	0.308457626775551	ac
ENSG00000259066	0.3129326948464086	ac
GON7	0.3135241174776211	ac
UBR7	0.31919665263356156	ac
BTBD7	0.3605041359650305	ac
UNC79	0.45592625259429065	Unassigned
COX8C	0.39119959506330826	me2
PRIMA1	0.5470870195326878	me3
FAM181A	0.5313115659576169	me3
ASB2	0.5224051592903012	me3_domain
CCDC197	0.5066503738692468	me3
OTUB2	0.49296850369969125	me3
DDX24	0.4879032510849258	ac
IFI27L1	0.4867809966750045	me1
IFI27	0.48827794025843785	me2
IFI27L2	0.49133601382687797	me2
PPP4R4	0.5076806748264548	Unassigned
SERPINA10	0.5235468764619	me3
SERPINA6	0.5341209080642793	me2
SERPINA2	0.561801502398052	me3
SERPINA1	0.5725230439744315	me3
SERPINA11	0.6023093353201496	me2
SERPINA9	0.6081759519412004	me3
SERPINA12	0.6120652906928894	me2
SERPINA4	0.6112428079344131	me2
SERPINA5	0.6098698454442663	me2
ENSG00000273259	0.6046634611440571	me2
SERPINA3	0.6025599953411805	me2
GSC	0.5584101763434659	me3
DICER1	0.4972864286983468	Unassigned
CLMN	0.4724616798989699	me3_domain
SYNE3	0.4305723654335498	me3
GLRX5	0.4153168064692352	ac
TCL1B	0.46043459079207016	me3
TCL1A	0.4711453854370117	me3_domain
TUNAR	0.5216183302317867	me3_domain
C14ORF132	0.5121854520242382	me3_domain
BDKRB2	0.45089992559504477	me3_domain
ENSG00000258691	0.44754943681085957	me3_domain
BDKRB1	0.4380620549248131	me3_domain
ATG2B	0.40324492787461286	Unassigned
GSKIP	0.36665185032535175	ac
AK7	0.34841810021843034	me3_domain
PAPOLA	0.3821444710821126	ac
VRK1	0.4448643496721443	me1
BCL11B	0.5090345323753	me3
SETD3	0.368929628962524	me1
CCNK	0.3536989842094441	me1
CCDC85C	0.35903327461922396	me1
HHIPL1	0.37323539888851787	me3_domain
CYP46A1	0.3755469675613128	me3_domain
EML1	0.352874078572317	me3_domain
EVL	0.2430905147012109	me1
DEGS2	0.20473520675166368	me1
YY1	0.19336243814409115	ac
SLC25A29	0.20525739875020865	me1
SLC25A47	0.21626999552645454	me2
WARS1	0.227227453087945	ac
WDR25	0.2397553575283985	me1
BEGAIN	0.24316663467786404	me2
DLK1	0.23309350389559602	me2
RTL1	0.29756469136865604	me2
DIO3	0.3421688731356689	me2
PPP2R5C	0.24760702010446234	ac
DYNC1H1	0.21261390843720396	ac
HSP90AA1	0.1890031753648731	ac
WDR20	0.20826597583322437	me1
MOK	0.24040889406029253	me1
ZNF839	0.2532445548264114	me1
CINP	0.251405524092287	me1
TECPR2	0.21650199734753528	me2
ANKRD9	0.18080599783689733	ac
RCOR1	0.1933849946193804	ac
TRAF3	0.24077910042706607	me1
AMN	0.2475001161478464	me1
CDC42BPB	0.2438332783304582	me1
LBHD2	0.24128032685445178	me3_domain
EXOC3L4	0.24020079326034827	ac
TNFAIP2	0.23760428474298545	me1
EIF5	0.19912378895800387	ac
ENSG00000291313	0.20047485187428637	ac
MARK3	0.18824207151248407	ac
CKB	0.195251222779375	ac
TRMT61A	0.19528338713107762	ac
BAG5	0.19420145061336858	ac
KLC1	0.20380885742819943	ac
COA8	0.19333048497299654	me1
ENSG00000256500	0.19820684839555203	ac
XRCC3	0.22551972993241842	ac
ZFYVE21	0.23552349243454107	me1
PPP1R13B	0.2804005434852531	me3_domain
ATP5MJ	0.3682303876610642	ac
TDRD9	0.39271225246846075	me3
RD3L	0.3784941383040681	Unassigned
ASPG	0.4226281821397869	me2
KIF26A	0.4486207358431653	me3
TMEM179	0.3468913482909167	me3
C14ORF180	0.3172042372244569	me2
INF2	0.2521924848643087	me1
ADSS1	0.23679968588792077	ac
SIVA1	0.22836419609784786	me1
AKT1	0.22355819097431995	ac
ZBTB42	0.2214598066349711	ac
CEP170B	0.2328643429485201	me1
PLD4	0.2474212217958841	me3_domain
AHNAK2	0.25415153436293325	me3_domain
CLBA1	0.26069756736535765	me1
CDCA4	0.2616985440873555	ac
GPR132	0.25879880390477095	me2
JAG2	0.2425304496719376	me1
NUDT14	0.2416345528115501	me1
BRF1	0.24411500651075213	me1
BTBD6	0.24651899621112394	me1
PACS2	0.2169029908634279	me1
TEX22	0.18187730627351895	ac
MTA1	0.18293795802933177	me1
CRIP2	0.19800928115612149	me1
CRIP1	0.2085683907624677	me1
ENSG00000257341	0.21081491942695618	ac
TEDC1	0.21641144135429524	ac
TMEM121	0.26118965393542415	me3_domain
GOLGA6L6	0.5607463273576301	me3
POTEB2	0.7221351900020898	Unassigned
POTEB3	0.7105351162049411	Unassigned
LINC02203	0.8328382561981094	Unassigned
OR4M2B		Unassigned
OR4N4C		me2
POTEB		Unassigned
OR4M2-OT1	0.7608605464873085	Unassigned
OR4M2	0.730778129901781	Unassigned
OR4N4	0.7105429370216914	me2
GOLGA6L22	0.34455011285483184	me3
NIPA1	0.3112141202004528	me1
NIPA2	0.3007866376095527	ac
CYFIP1	0.3087296393399179	me1
TUBGCP5	0.3211053803802776	me1
GOLGA6L1	0.41290060043334964	me3
GOLGA6L26	0.5178742598800796	me3
GOLGA8S	0.47954777022167416	me3
GOLGA6L2	0.43979991318634115	me3_domain
MKRN3	0.5585968472739251	Unassigned
MAGEL2	0.5812516808406731	me3
NDN	0.5927537630872732	me3
NPAP1	0.8651154633898347	me2
SNRPN	0.7956331824393525	Unassigned
SNURF	0.8070589195159391	Unassigned
ENSG00000214265	0.810697027596181	Unassigned
UBE3A	0.6986022794083406	Unassigned
ATP10A	0.7481208223887217	me3
GABRB3	0.5738674490958067	Unassigned
GABRA5	0.4607138438753392	me3
GABRG3	0.45920599072687907	Unassigned
OCA2	0.5025658489608734	me3
HERC2	0.37040181281251217	me1
GOLGA6L24	0.3132976349431127	me3
GOLGA8F	0.29324452560400427	me2
GOLGA8G	0.2538741694182629	me2
GOLGA6L25	0.2639375372814188	me3
GOLGA8M	0.33176709951138494	ac
GOLGA6L7	0.33048108191833026	me1
APBA2	0.34311338933540925	me1
ENTREP2	0.5063983890658478	me3_domain
NSMCE3	0.49388001003533466	Unassigned
TJP1	0.5144242286770587	Unassigned
GOLGA8J	0.4997051953389253	me3
GOLGA8T	0.4668378687521312	me3
CHRFAM7A	0.5461552771816987	me3
GOLGA8R	0.49427108187993063	me3
GOLGA8Q	0.5559895246379971	me3
GOLGA8H	0.5470674863468812	me3
ARHGAP11B	0.5330935463324398	ac
ENSG00000284906	0.5235336884459427	ac
FAN1	0.5093814413885543	me1
MTMR10	0.49977522778628436	Unassigned
TRPM1	0.5311472804291448	me3_domain
KLF13	0.6549412027055341	me2
OTUD7A	0.6771744956993233	Unassigned
CHRNA7	0.6562627600647656	me3
GOLGA8K	0.6155172561628892	me3
GOLGA8O	0.5521458311944494	me3
GOLGA8N	0.4459527904262691	me3
ARHGAP11A-SCG5	0.4761932666206036	ac
ARHGAP11A	0.4590329268751463	ac
SCG5	0.4844670190562179	Unassigned
GREM1	0.5232909784254915	Unassigned
FMN1	0.6084933213651248	Unassigned
RYR3	0.5385360106711068	Unassigned
AVEN	0.33871050265278446	Unassigned
CHRM5	0.3257202798984331	Unassigned
EMC7	0.2996412065617916	ac
PGBD4	0.29509489433693925	ac
KATNBL1	0.27539333253520515	me1
EMC4	0.26861527445415656	ac
SLC12A6	0.2596662136285278	ac
NOP10	0.25063935723830766	ac
NUTM1	0.25021983385287017	me3_domain
LPCAT4	0.2501905011153531	ac
GOLGA8A	0.25704509058932745	me1
GOLGA8B	0.24402593503541847	me1
GJD2	0.24654809892261587	me3_domain
ACTC1	0.2717415866854749	me3_domain
AQR	0.3154896387225574	Unassigned
ZNF770	0.3358996080234954	ac
NANOGP8	0.36566040233366204	me2
DPH6	0.49342186017473	Unassigned
CDIN1	0.5520254429178906	Unassigned
MEIS2	0.4901038634602446	ac
TMCO5A	0.6295994261404922	Unassigned
SPRED1	0.5092995028300304	ac
FAM98B	0.4415910512354153	me1
RASGRP1	0.44042135954194794	me2
THBS1	0.4740568540512913	me3_domain
FSIP1	0.41835110288769317	Unassigned
GPR176	0.34496671237177556	Unassigned
EIF2AK4	0.29355351650935246	me1
SRP14	0.2873396335578029	ac
BMF	0.2947478158197765	me1
BUB1B	0.2864192669859408	Unassigned
PAK6	0.27033254318270505	me2
BUB1B-PAK6	0.27228410016909277	me2
PLCB2	0.2533893784968224	me2
ANKRD63	0.2581177035354676	me2
INAFM2	0.2416198990785814	ac
CCDC9B	0.23738670629913072	me1
PHGR1	0.23203670748395122	me2
DISP2	0.22798272762967842	me2
KNSTRN	0.22349497480046443	me1
IVD	0.2191447358312837	me1
BAHD1	0.2167211664470977	me1
CHST14	0.21556729558509158	ac
CCDC32	0.20764731555161686	me1
RPUSD2	0.20446609760904433	ac
KNL1	0.20030452496107642	ac
RAD51	0.1991501623521501	ac
RMDN3	0.20032134033168192	ac
GCHFR	0.20223316717856765	ac
DNAJC17	0.20655254285551805	me1
C15ORF62	0.20301708280799713	me1
ZFYVE19	0.21285685247070918	me1
PPP1R14D	0.21717240676328775	me1
SPINT1	0.2290840354653234	me1
RHOV	0.2400228449983417	me2
VPS18	0.25176810254258797	me1
DLL4	0.26641895917533875	me2
CHAC1	0.27387377843519434	me2
INO80	0.29717750771913076	ac
EXD1	0.25322885793932504	Unassigned
CHP1	0.22700793006988684	me1
ENSG00000285920	0.21240314074642552	ac
OIP5	0.2130724933172039	ac
NUSAP1	0.21082363494962364	ac
NDUFAF1	0.20461484275468422	me1
RTF1	0.1978995157311888	me1
ITPKA	0.19909801852009779	ac
LTK	0.20201692578633856	me1
RPAP1	0.20993624937239863	me1
TYRO3	0.22755400690925232	me1
MGA	0.24949997081182962	ac
MAPKBP1	0.25258551056959844	me1
JMJD7	0.2572941921005031	me1
JMJD7-PLA2G4B	0.258333844468836	me1
PLA2G4B	0.25928182434387936	me1
SPTBN5	0.26625908976646917	me3_domain
EHD4	0.2871584725721573	me1
PLA2G4E	0.31547216745899975	me3_domain
PLA2G4D	0.320819236427794	me3_domain
PLA2G4F	0.31042339926796925	me3_domain
VPS39	0.3063409633155695	me1
TMEM87A	0.30263031545787245	ac
GANC	0.2906516466824014	ac
ENSG00000258461	0.26721006710480677	me2
CAPN3	0.26481736845191894	me2
ZNF106	0.24221208690179907	me1
SNAP23	0.23180017780770068	ac
ENSG00000285942	0.23155532787163513	ac
LRRC57	0.23150075239340528	ac
HAUS2	0.23276427699849822	ac
STARD9	0.24404735504870645	me1
CDAN1	0.24951628538072212	me1
TTBK2	0.2497529142710606	Unassigned
UBR1	0.25987187857151983	Unassigned
TMEM62	0.25824029776219615	me1
CCNDBP1	0.257521096666228	ac
EPB42	0.2586994790492345	me1
TGM5	0.2623272700596232	me2
TGM7	0.2647163030862234	me3_domain
LCMT2	0.2633570294660257	ac
ADAL	0.2619001328520951	ac
ZSCAN29	0.25923019510376966	ac
TUBGCP4	0.25602553361917757	me1
TP53BP1	0.24463589767359561	ac
MAP1A	0.2335724710717082	me1
PPIP5K1	0.23251866372525043	me1
CKMT1B	0.23619260704829115	ac
STRC	0.2383390498488821	me3
ENSG00000284772	0.24121044347710663	me3
CATSPER2	0.2455395565141757	me1
CKMT1A	0.2473929467317566	ac
PDIA3	0.237081818735549	ac
ELL3	0.23478941453690905	ac
ENSG00000262560	0.23411385972706844	ac
SERF2	0.23399319587331446	ac
SERINC4	0.23379086935548887	ac
HYPK	0.23386301405851428	ac
MFAP1	0.23533816586047318	ac
WDR76	0.24380238547855781	ac
FRMD5	0.323303746104893	Unassigned
GOLM2	0.3068333111315472	ac
CTDSPL2	0.3110105570054218	ac
EIF3J	0.29652072361334847	ac
SPG11	0.2782926930351828	Unassigned
PATL2	0.2656352606896888	ac
B2M	0.26842056380402823	ac
TRIM69	0.27813503949945984	ac
TERB2	0.3095139445026298	Unassigned
SORD	0.2919939668179269	me1
DUOX2	0.30462281145687686	me2
DUOXA2	0.3107230213111386	me2
DUOXA1	0.3155471398450469	me3_domain
DUOX1	0.33027222269378786	me3_domain
SHF	0.356292186953583	ac
SLC28A2	0.40215187667183305	me2
GATM	0.41723426636828675	me3_domain
SPATA5L1	0.4106130331388982	ac
C15ORF48	0.4028093660580617	me3_domain
SLC30A4	0.3909567097308646	me3_domain
BLOC1S6	0.4090361453995126	ac
ENSG00000260170	0.42654611529049935	me3
SQOR	0.4454075664112641	me3
SEMA6D	0.8080774213476488	Unassigned
SLC24A5	0.6318355367003213	Unassigned
MYEF2	0.6062931679279344	Unassigned
CTXN2	0.5771834095008523	Unassigned
SLC12A1	0.5509558890488622	Unassigned
DUT	0.5181031950785264	ac
FBN1	0.480970161915652	me2
CEP152	0.4142981135543091	me1
SHC4	0.4010636137315753	me2
EID1	0.4055815072310598	ac
SECISBP2L	0.3865773643781716	Unassigned
COPS2	0.40089634686053177	Unassigned
GALK2	0.4593199028996715	me1
FAM227B	0.5302461586288099	Unassigned
FGF7	0.5221254325234306	Unassigned
DTWD1	0.5542535646784472	ac
ATP8B4	0.3549440375168712	me2
SLC27A2	0.2553867836758973	me1
HDC	0.24576035267700946	ac
GABPB1	0.25135733663196247	ac
USP8	0.2922305794124537	ac
USP50	0.2998404254006327	Unassigned
TRPM7	0.3014444054814782	ac
ENSG00000288645	0.2988920572806433	ac
SPPL2A	0.2875545132701204	ac
AP4E1	0.32388153647848283	Unassigned
TNFAIP8L3	0.363440192591737	me2
CYP19A1	0.3839070993652254	me3_domain
GLDN	0.3331889726996997	me3_domain
DMXL2	0.2519129204882542	ac
SCG3	0.2031910938720911	ac
LYSMD2	0.2077436764921058	ac
TMOD2	0.21863697239847624	me1
TMOD3	0.2366431695723299	me1
LEO1	0.25148322230544706	me1
MAPK6	0.2678440589539737	ac
ENSG00000289025	0.27855663183744317	Unassigned
BCL2L10	0.30105463365638907	me2
GNB5	0.32257548793738	me3_domain
MYO5C	0.3718027878207495	me3_domain
MYO5A	0.4454381481804195	me3
ARPP19	0.4645497704888406	ac
ATOSA	0.47997982821802043	Unassigned
ONECUT1	0.5262570360549734	me3
WDR72	0.7521282932812758	Unassigned
UNC13C	0.7445824241656528	Unassigned
RSL24D1	0.39571501764391726	ac
RAB27A	0.3715754958898332	ac
PIGBOS1	0.36246959442897	ac
PIGB	0.36359079243618175	ac
CCPG1	0.3674928216119834	ac
PIERCE2	0.37152855364211634	ac
DNAAF4	0.3741781759314712	Unassigned
PYGO1	0.4034013228372477	me3
PRTG	0.4593747927648081	me3
NEDD4	0.47057738318942366	me2
RFX7	0.48405851750909223	ac
TEX9	0.47899600593115477	ac
MNS1	0.4547940117899497	Unassigned
ZNF280D	0.4190171948029563	ac
ENSG00000285253	0.38098765010576185	ac
TCF12	0.3578222438280523	me1
CGNL1	0.36170382185476846	me3_domain
MYZAP	0.42136085352036856	me3_domain
GCOM1	0.4209658877107336	me3_domain
POLR2M	0.4110401277793363	me3
ALDH1A2	0.29593162458855504	me2
AQP9	0.25495049684848636	ac
LIPC	0.31636592814347286	me2
ADAM10	0.29212383733405756	me1
MINDY2	0.2783648017409629	ac
RNF111	0.3074314577597954	Unassigned
SLTM	0.2887416384792999	ac
CCNB2	0.3507007382613523	ac
MYO1E	0.4191083975951978	me3_domain
LDHAL6B	0.3984744636385613	me3_domain
FAM81A	0.48656235590595354	me3_domain
GCNT3	0.49648961724268115	Unassigned
GTF2A2	0.49900402787886566	ac
BNIP2	0.5038188696240833	ac
FOXB1	0.49956659169956763	me3
ANXA2	0.3683720909467615	ac
ICE2	0.38521469558748156	ac
RORA	0.5394532386969974	me3
VPS13C	0.5489241188075238	Unassigned
C2CD4A	0.5265663487600957	me2
C2CD4B	0.5399369302553421	me3_domain
TLN2	0.5293127145360259	me3_domain
TPM1	0.31090649890622646	me3
LACTB	0.2658294678237515	me1
RPS27L	0.25897632059698195	ac
RAB8B	0.23031639754472488	ac
APH1B	0.2501214183053285	me1
CA12	0.2784293184515677	me2
USP3	0.25298221201847626	ac
FBXL22	0.26705006913969287	me1
HERC1	0.24633040229652026	ac
DAPK2	0.1967867492469404	me1
CIAO2A	0.22023380818386473	ac
SNX1	0.23263008729012635	ac
SNX22	0.24214540427732056	ac
PPIB	0.24317452239535842	ac
CSNK1G1	0.23953026103054276	me1
ENSG00000259316	0.23799549288216693	me1
PCLAF	0.22653313807302256	ac
TRIP4	0.21745902116719762	me1
ZNF609	0.2519193619307025	me1
OAZ2	0.2855210011017816	me1
RBPMS2	0.26685187828320533	me3_domain
PIF1	0.2694033796748162	me1
PLEKHO2	0.2791937435397708	me1
ENSG00000249240	0.28456683731791443	me1
ANKDD1A	0.2861400166430468	me3_domain
SPG21	0.27222605863513205	me1
MTFMT	0.258803037257353	me1
SLC51B	0.24996622172143868	me2
RASL12	0.24742395865738065	me3_domain
KBTBD13	0.24615593895014765	me3_domain
UBAP1L	0.24588970710126556	me1
PDCD7	0.24752398354666572	ac
CLPX	0.2542413318860466	ac
CILP	0.2612031216732842	me3_domain
PARP16	0.26829049754713863	me2
IGDCC3	0.2547390631040881	me3_domain
IGDCC4	0.23708582461188044	me3
DPP8	0.2191543513592431	ac
HACD3	0.22834693472026402	ac
INTS14	0.23826681780169223	ac
SLC24A1	0.23779866183427245	ac
DENND4A	0.20522114189614793	ac
RAB11A	0.2057319442409823	ac
MEGF11	0.2891941877933124	me3_domain
DIS3L	0.29045855045433455	ac
TIPIN	0.27674706002715044	ac
MAP2K1	0.2560853299072393	me1
SNAPC5	0.24542298708087784	ac
RPL4	0.24410390970188656	ac
ZWILCH	0.24360215649586225	ac
LCTL	0.24365426406321444	me1
SMAD6	0.24566729054932268	me1
SMAD3	0.2569110731654116	me1
AAGAB	0.2761947841010701	me1
IQCH	0.28126535862372704	Unassigned
C15ORF61	0.2724849287465738	ac
MAP2K5	0.30294719280005256	Unassigned
SKOR1	0.30567306729481336	me3_domain
PIAS1	0.341191117916097	me1
ENSG00000260007	0.3475089411975041	me1
CALML4	0.34347857779233504	me1
CLN6	0.3597477607827855	me1
FEM1B	0.3878710654001628	ac
ITGA11	0.4160586860162553	me3_domain
CORO2B	0.5152245990316171	me3_domain
ANP32A	0.4777453263159206	ac
SPESP1	0.47240605960438575	ac
NOX5	0.4420625230141556	me2
GLCE	0.48605392554295734	Unassigned
PAQR5	0.4318794352997447	me3_domain
KIF23	0.4429701363036922	ac
RPLP1	0.449135130411506	ac
TLE3	0.48546375423492183	ac
UACA	0.5919306964689715	Unassigned
LARP6	0.6393857646600358	me3
LRRC49	0.6508405842893314	Unassigned
THAP10	0.6434834904943599	me2
THSD4	0.6041652052795765	me3
NR2E3	0.47066141985390697	me3_domain
MYO9A	0.3900441735882577	Unassigned
SENP8	0.350665970748568	ac
GRAMD2A	0.3235274308726285	me3_domain
PKM	0.30438201002582976	ac
PARP6	0.2886054139147417	me1
ENSG00000273025	0.2859992337887085	me3_domain
CELF6	0.28640360334785986	me3_domain
ENSG00000260729	0.29554564689799756	me1
HEXA	0.3059875030653718	me1
TMEM202	0.33045825011644436	me3_domain
ARIH1	0.38004819222601216	me1
GOLGA6B	0.4145137760887009	me3
HIGD2B	0.4179828823091275	me3_domain
BBS4	0.4221261018350694	ac
ADPGK	0.43249344080735586	me1
NEO1	0.5406022555578414	Unassigned
HCN4	0.5463458414333657	me3_domain
REC114	0.524171643294544	Unassigned
NPTN	0.49047618536722926	me1
CD276	0.4878899606424616	me2
INSYN1	0.48306462566625685	me3_domain
TBC1D21	0.43182045368022526	me3_domain
LOXL1	0.404352214683542	me3_domain
STOML1	0.37742065548489834	ac
PML	0.359991233457272	me1
GOLGA6A	0.34125016393114105	me3
ISLR2	0.3380503383495579	me3_domain
ISLR	0.33397371699424594	me3_domain
STRA6	0.3278876721996149	me3_domain
CCDC33	0.2882297261477694	me3_domain
CYP11A1	0.2396461262538686	me3_domain
SEMA7A	0.21893798941065	me1
UBL7	0.21720514754373388	me1
ARID3B	0.24230145637395273	me1
CLK3	0.25080755104823793	me1
EDC3	0.24791986930752552	me1
CYP1A1	0.23148581438698546	me3_domain
CYP1A2	0.21976895834802979	me3_domain
CSK	0.20597665428177492	ac
LMAN1L	0.20119112132400763	me2
CPLX3	0.20068566416211697	me3_domain
ULK3	0.20111001004858664	me1
SCAMP2	0.20414317601093468	me1
MPI	0.21550186240361857	ac
FAM219B	0.21882563621455264	ac
COX5A	0.22888846939411978	ac
RPP25	0.23705576164143272	ac
SCAMP5	0.23938028048159932	me3_domain
PPCDC	0.22587065666640183	me2
C15ORF39	0.2374213718656547	me1
GOLGA6C	0.25230669970666786	me3
GOLGA6D	0.2547172537696696	me3
COMMD4	0.25544328693062124	me1
NEIL1	0.25524824908232346	me1
MAN2C1	0.2551002201311756	me1
SIN3A	0.25323382725030574	ac
PTPN9	0.22571949822837367	me1
SNUPN	0.1871895464130212	ac
IMP3	0.17980469445279046	ac
SNX33	0.17862169137599027	me1
CSPG4	0.1783541024068781	me2
ODF3L1	0.18085018338516945	me2
UBE2Q2	0.21595726213612398	ac
FBXO22	0.2440475707681763	ac
NRG4	0.2913327828473876	Unassigned
TMEM266	0.3197439000030867	me3_domain
ETFA	0.3200717070932084	me1
ISL2	0.32448852360364167	ac
SCAPER	0.38450091539176756	Unassigned
RCN2	0.372796673415116	me1
PSTPIP1	0.3548677056126195	me3_domain
TSPAN3	0.35647889411890166	me1
PEAK1	0.3933030509397065	Unassigned
HMG20A	0.36752093748469283	ac
LINGO1	0.406760940465408	me3_domain
TBC1D2B	0.35854478962269354	me1
SH2D7	0.36600857114547947	me2
CIB2	0.36391949742607776	me1
IDH3A	0.3549343389507057	me1
ACSBG1	0.3351731042657978	me3_domain
DNAJA4	0.3256738151624945	ac
SKIC8	0.3283984627711809	ac
CRABP1	0.3458118355487818	me3_domain
IREB2	0.3628197660286431	ac
HYKK	0.35357192951066063	me2
PSMA4	0.3484590118731835	ac
CHRNA5	0.34330454686606804	Unassigned
CHRNA3	0.341900602060766	me3_domain
CHRNB4	0.3494212732797177	me3_domain
ADAMTS7	0.356555372607647	me3_domain
MORF4L1	0.3525268096287304	me3
CTSH	0.3607298081334005	ac
RASGRF1	0.39089076327833383	me3_domain
ANKRD34C	0.48748015294627545	me3_domain
TMED3	0.5094165391852401	Unassigned
MINAR1	0.5269130000612265	me3_domain
MTHFS	0.4097699821171299	me1
ST20-MTHFS	0.3978411596920365	ac
BCL2A1	0.33674230292285245	me1
ZFAND6	0.308612293198519	ac
FAH	0.3346340644623357	ac
CTXND1	0.3530918626155538	me3_domain
ARNT2	0.467921859233291	me3
ABHD17C	0.44922691220872535	me3_domain
CEMIP	0.3435706596890281	me3_domain
MESD	0.2918878575868058	ac
TLNRD1	0.2789402171413604	ac
ENSG00000288625	0.2793614283261693	ac
CFAP161	0.2663288161452614	ac
IL16	0.3242975210849519	me1
STARD5	0.3673384861174287	me1
TMC3	0.3766855854408131	me3_domain
MEX3B	0.3966567676177144	ac
EFL1	0.33853443210685963	me1
SAXO2	0.2958129642259384	ac
GOLGA6L10	0.19284672294507188	me1
GOLGA6L9	0.14205875642396582	me1
RPS17	0.23056776461834105	ac
ENSG00000260836	0.25595229667732244	me1
CPEB1	0.23515949956279625	ac
AP3B2	0.2662860717195692	me3_domain
FSD2	0.2904405990103818	me2
WHAMM	0.286661204709431	ac
HOMER2	0.2920158102082747	me3_domain
RAMAC	0.2934141465381461	ac
C15ORF40	0.29228834369193324	ac
BTBD1	0.2890587822178097	ac
TM6SF1	0.2957575480202498	me2
HDGFL3	0.3065036130782708	Unassigned
BNC1	0.3519529874551921	me3_domain
SH3GL3	0.49916359460144644	me2
ADAMTSL3	0.49821139480303767	me2
GOLGA6L4	0.34685664788279846	me2
ZSCAN2	0.24853104534754744	me1
WDR73	0.23793865355172084	me1
NMB	0.2337591717880233	me1
SEC11A	0.21805543630252655	ac
ZNF592	0.205107947139181	ac
ALPK3	0.22325582180522163	me2
SLC28A1	0.24356838796518532	me2
PDE8A	0.2709010205023885	me1
AKAP13	0.5412980610354131	me3
KLHL25	0.5968398393814182	me3_domain
AGBL1	0.6894889236302824	Unassigned
NTRK3	0.5104157658420985	me2
MRPL46	0.360066757784153	ac
ENSG00000173867	0.3377607184127578	ac
MRPS11	0.3549876636461451	ac
DET1	0.3277276204238211	ac
AEN	0.29106788964828423	ac
ISG20	0.29316630955499634	me3_domain
ACAN	0.29493751680244107	me3_domain
HAPLN3	0.27551117152432614	me3_domain
MFGE8	0.26796928512088003	me1
ABHD2	0.22683735251404158	me1
RLBP1	0.26405089723882424	me3_domain
FANCI	0.30019015418771144	Unassigned
POLG	0.31924399675975845	ac
POLGARF	0.32424793313037625	ac
RHCG	0.3672295426477654	me3_domain
TICRR	0.36495499855110214	ac
KIF7	0.3622721450580576	me3
PLIN1	0.35837324515945346	me3_domain
PEX11A	0.35657456644251406	me3_domain
WDR93	0.35085679457918684	me3_domain
MESP1	0.3438370649157072	me1
MESP2	0.33995517778486173	me1
ANPEP	0.3337944559377628	me1
AP3S2	0.3235779082837993	me1
ARPIN-AP3S2	0.3216795815240283	me1
ARPIN	0.31636815984009903	me3_domain
ZNF710	0.2645227495742465	me1
IDH2	0.23854786203896228	me1
SEMA4B	0.20923648684546037	ac
CIB1	0.20814604583445473	ac
GDPGP1	0.2086825014722784	ac
ENSG00000284626	0.20988316667293772	ac
TTLL13	0.21067515597177222	ac
ENSG00000261147	0.2111717177769934	ac
NGRN	0.21265059583650214	ac
ENSG00000275674	0.21648595172657548	ac
ZNF774	0.2332626857478881	me1
IQGAP1	0.24136939501176213	me1
CRTC3	0.20343103059233836	me1
BLM	0.1645683717430434	ac
FURIN	0.17713638561616707	ac
FES	0.1802314251910072	me1
MAN2A2	0.18540807845311646	ac
HDDC3	0.19025592515510314	ac
UNC45A	0.19225624604449854	ac
RCCD1	0.19629222934654822	ac
PRC1	0.2024626969246741	ac
ENSG00000284946	0.20676552099304435	ac
VPS33B	0.21224140582965034	me1
SV2B	0.320742282977164	me3_domain
SLCO3A1	0.5915015678467281	me3
ST8SIA2	0.4180682632098853	me3_domain
FAM174B	0.23546818541056014	me3_domain
CHD2	0.2585148439441334	ac
RGMA	0.3225905201323114	me3_domain
MCTP2	0.6402591990798912	Unassigned
NR2F2	0.4177927902811084	ac
ARRDC4	0.5844885503126299	me2
IGF1R	0.5900398640412019	me3_domain
PGPEP1L	0.514244683992529	me3
SYNM	0.5676606665053389	me3_domain
TTC23	0.5971339309417967	me2
LRRC28	0.6565825070082801	me2
MEF2A	0.6752079026953384	Unassigned
LYSMD4	0.7009158258364809	me3_domain
ADAMTS17	0.710249556157722	me3
CERS3	0.6144019770924831	me2
LINS1	0.5462907388390725	ac
ASB7	0.5269063294670415	ac
ALDH1A3	0.43616756103334553	me3_domain
LRRK1	0.36315981749059933	me3_domain
CHSY1	0.3091531813963375	me1
SELENOS	0.3320018353479596	me1
SNRPA1	0.33874518846679547	ac
PCSK6	0.3672483430149873	me3
TM2D3	0.40687128418874485	ac
TARS3	0.40580010610174033	me1
OR4F6	0.36365008906268403	me3
OR4F15	0.35558194303364166	Unassigned
OR4F4	0.27535273824419293	ac
POLR3K	0.25398405998283935	ac
SNRNP25	0.2426497169390116	ac
RHBDF1	0.21179287623312382	me1
MPG	0.18333687253286546	ac
NPRL3	0.13878020338943964	ac
HBZ	0.11637892173093489	ac
HBM	0.11864402526270323	me1
HBA2	0.12396010999133866	ac
HBA1	0.125992287704625	ac
HBQ1	0.12818121165885688	ac
LUC7L	0.14750218768246515	ac
FAM234A	0.16899477171747668	me1
RGS11	0.17395747519116767	me2
ARHGDIG	0.17482458400110357	me2
PDIA2	0.17501702061741486	me1
AXIN1	0.17402012637080932	me1
MRPL28	0.17154779101197737	ac
PGAP6	0.17136198659203528	me1
NME4	0.1712911020695883	ac
DECR2	0.1713075902517356	ac
RAB11FIP3	0.16907429451104694	me1
CAPN15	0.16413781241858327	ac
PRR35	0.1630575033085908	me1
PIGQ	0.1628010974981955	ac
NHLRC4	0.1629104247321307	ac
RAB40C	0.16325877048756088	me1
WFIKKN1	0.16403785606938415	ac
METTL26	0.1642516952826053	ac
MCRIP2	0.1645515101832562	ac
WDR90	0.1654066133863068	me1
RHOT2	0.16619433830989128	ac
RHBDL1	0.16662146822222734	ac
STUB1	0.16699085238733646	ac
JMJD8	0.16720950579142813	ac
WDR24	0.16762306735572552	ac
FBXL16	0.16890965920433376	me3_domain
METRN	0.17143044339142444	ac
ANTKMT	0.17219461320642626	ac
CCDC78	0.17302943087857725	ac
HAGHL	0.17422239249093197	ac
CIAO3	0.1755157941091412	ac
MSLN	0.18458043332795426	me2
MSLNL	0.18965400457294723	me2
RPUSD1	0.194845410703966	ac
CHTF18	0.19835237399966887	me1
GNG13	0.20157565463344407	me1
LMF1	0.2763924081309451	me3_domain
SOX8	0.3190190773194539	me3_domain
SSTR5	0.35421394681360785	me3_domain
C1QTNF8	0.3512488174819143	me2
CACNA1H	0.2815143704350789	me3_domain
TPSG1	0.24749692977171744	me3_domain
TPSB2	0.24307952121585386	me2
TPSAB1	0.23398936927468705	me3_domain
TPSD1	0.22271683376650275	me3_domain
UBE2I	0.19330234701988858	ac
BAIAP3	0.1866006477491271	me1
TSR3	0.18445133275270265	me1
GNPTG	0.18323890338237403	me1
UNKL	0.1809512726046918	me1
UQCC4	0.18147658506474285	ac
PERCC1	0.18273772579721081	me2
CCDC154	0.18381946277635475	me1
CLCN7	0.18742256624362408	me1
PTX4	0.19306686788797378	me2
TELO2	0.1959732317390117	ac
IFT140	0.20812925891406253	me2
TMEM204	0.204214985250884	me2
CRAMP1	0.22684227622057873	me1
ENSG00000261732	0.2306570244571472	me1
JPT2	0.23922549711336027	ac
MAPK8IP3	0.24542052540356307	me1
NME3	0.2429785333543245	ac
MRPS34	0.24257479367768642	ac
EME2	0.24151965744676762	ac
SPSB3	0.23855800158955376	me1
NUBP2	0.23869344391352887	me1
IGFALS	0.23576768230418343	me1
HAGH	0.22675672438675376	me1
FAHD1	0.21523982247662732	ac
MEIOB	0.20259232832707996	me1
ENSG00000289722	0.1991995642611526	me1
HS3ST6	0.17051294398599026	me3_domain
MSRB1	0.16218278466107916	me1
RPL3L	0.1598584007472258	me1
NDUFB10	0.15810763123286475	ac
RPS2	0.15751436300055932	ac
RNF151	0.15700437115670152	ac
TBL3	0.15586345537389135	me1
NOXO1	0.1553734957206926	ac
GFER	0.15510091845654916	ac
SYNGR3	0.15471964774987645	ac
ZNF598	0.15426668511850716	ac
NPW	0.15418063419629036	ac
NHERF2	0.15452739613909838	me1
NTHL1	0.1550996282613757	me1
TSC2	0.15688369813554215	me1
PKD1	0.16137599634686506	me1
RAB26	0.16497883736203323	ac
TRAF7	0.16684101124923356	ac
CASKIN1	0.16867891673393698	me1
MLST8	0.17030001606819822	ac
BRICD5	0.17068611947356915	ac
PGP	0.17098382209878404	ac
E4F1	0.1726523118402008	ac
DNASE1L2	0.17361307173538987	ac
ECI1	0.17505245924802193	ac
RNPS1	0.1777478788080884	ac
ABCA3	0.190706134346472	me1
CCNF	0.2222877680246047	me1
TEDC2	0.22276544771457296	me1
NTN3	0.22271032974112348	me1
TBC1D24	0.2220774855028982	me1
ENSG00000260272	0.2213713313483745	ac
ATP6V0C	0.22080802075485917	ac
ENSG00000259784	0.22049299104609243	ac
AMDHD2	0.22007443122478065	ac
CEMP1	0.21952262302131342	ac
PDPK1	0.21259635538682342	me1
KCTD5	0.17625243520466272	me1
PRSS27	0.17597286601532824	me3_domain
SRRM2	0.18802283137519427	ac
ELOB	0.19345159689307978	ac
PRSS33	0.19874838246451665	me2
PRSS41	0.20555776039810036	me2
PRSS21	0.2135953801736714	ac
ZG16B	0.21769889232739237	me3_domain
PRSS22	0.22138226049950616	me2
FLYWCH2	0.21803903780333445	me1
FLYWCH1	0.20288487395997434	me1
KREMEN2	0.18614742895755965	ac
PKMYT1	0.18236076738264562	ac
PAQR4	0.1839367520852606	ac
GREP1	0.1755334806807295	me1
ENSG00000289281	0.17319998900095623	ac
CLDN9	0.17163549463831074	me1
CLDN6	0.1711036174462276	ac
TNFRSF12A	0.17092071874587245	ac
HCFC1R1	0.17066077171457517	ac
THOC6	0.1706090484670767	ac
BICDL2	0.17060523362370206	me3_domain
MMP25	0.17277538909084156	me2
IL32	0.17796925106909756	me2
ZSCAN10	0.18598178877572136	me2
ZNF205	0.19598408069001638	me1
ZNF213	0.20636744048611066	me1
OR1F1	0.24808070829294937	me2
ZNF200	0.26260807329018965	ac
MEFV	0.2747132075447791	me3_domain
ENSG00000290183	0.29030025869998544	ac
ZNF263	0.2983877217781469	ac
TIGD7	0.3040052397857258	ac
ZNF75A	0.3083142854209061	Unassigned
OR2C1	0.3264119450685108	me3_domain
ENSG00000285329	0.3302357014091196	me1
ZSCAN32	0.33438914365293626	ac
ZNF174	0.33538411062271867	me1
ZNF597	0.33175195831053994	Unassigned
NAA60	0.32148489268487324	me1
C16ORF90	0.3054341075742396	me2
CLUAP1	0.2887988744958021	me1
NLRC3	0.2611162881600628	me3_domain
SLX4	0.23947096344986607	me1
DNASE1	0.22435827828405186	me1
TRAP1	0.22001437234407717	ac
CREBBP	0.24764678944723595	me1
ADCY9	0.2871916915965471	me3_domain
SRL	0.2220942125344727	me3_domain
TFAP4	0.21018759721718705	ac
GLIS2	0.19970792109896973	me1
PAM16	0.1954674107229496	me1
CORO7-PAM16	0.18556556631495869	me1
CORO7	0.18310166344420797	me1
VASN	0.18618315310392164	me1
DNAJA3	0.17607439977259498	ac
NMRAL1	0.18226184126612577	ac
HMOX2	0.18643262685076079	ac
CDIP1	0.19919160160017602	me1
C16ORF96	0.21380782182974079	me3_domain
UBALD1	0.21472339729965784	ac
MGRN1	0.2068900824009724	me1
NUDT16L1	0.19916902224030042	me1
ANKS3	0.19887362239795447	me1
DNAAF8	0.20109014774522838	me1
ZNF500	0.20471376954053122	me1
SEPTIN12	0.21139444741787916	me1
SMIM22	0.2137583744244107	me1
ROGDI	0.2160910447158052	ac
GLYR1	0.22234881514841487	ac
UBN1	0.23024256543734367	me1
PPL	0.24989878636002993	me3_domain
SEC14L5	0.29270840243385055	me3_domain
NAGPA	0.32465793755568906	me1
ALG1	0.34140792348566973	me3_domain
C16ORF89	0.34015862009701503	me3_domain
EEF2KMT	0.3545015502948614	me1
RBFOX1	0.5722434004826764	Unassigned
TMEM114	0.36306929384121833	me3_domain
METTL22	0.3200998290842876	me1
ABAT	0.2901011631709197	me3_domain
TMEM186	0.26674895393266707	me3_domain
PMM2	0.252737268207445	me1
CARHSP1	0.2369532151082845	me1
LITAFD	0.22529676086990225	me2
USP7	0.1947150615432267	me1
HAPSTR1	0.19931259814278635	ac
GRIN2A	0.458891047583706	Unassigned
ATF7IP2	0.26400421324282364	ac
EMP2	0.33615542600177295	me3_domain
TEKT5	0.37600837515030794	me3_domain
NUBP1	0.36600031668133093	me1
TVP23A	0.35891009553724695	me3_domain
CIITA	0.32794161254304866	me3_domain
DEXI	0.31520458961975617	me1
CLEC16A	0.22927272452503222	me1
RMI2	0.2234239880346517	me2
SOCS1	0.1956631886770941	ac
TNP2	0.20154382737180954	me3_domain
PRM3	0.20368146068644977	me3_domain
PRM2	0.20495398066848936	me3_domain
PRM1	0.20728350983690091	me3_domain
ENSG00000188897	0.2739669316785901	me3_domain
LITAF	0.27968371344675313	me3_domain
SNN	0.24993458486169928	me1
TXNDC11	0.2358184721744725	ac
ZC3H7A	0.22089072196384985	ac
RSL1D1	0.22296269868978302	ac
GSPT1	0.23827790290070994	ac
NPIPB2	0.2638329382324488	me2
TNFRSF17	0.2698900209433305	me2
SNX29	0.3450582623609564	me2
CPPED1	0.3330819662746677	me1
SHISA9	0.4676440684611999	Unassigned
ERCC4	0.37427355198634416	Unassigned
MRTFB	0.319348548121685	Unassigned
PARN	0.3256052950475009	ac
BFAR	0.3813500802568789	ac
PLA2G10	0.42532444598401276	me3
NPIPA3	0.4523335451651791	me3
NPIPA2	0.4462712472898912	me3
NOMO1	0.2743361960104336	me1
NPIPA1	0.21199218203872616	me3
PDXDC1	0.2297536786532116	me1
NTAN1	0.22777677877877134	me1
RRN3	0.23655243381065394	ac
NPIPA5	0.29537825792542494	me3
MPV17L	0.2769411592146711	me3_domain
ENSG00000261130	0.24879438555346733	Unassigned
BMERB1	0.2262281521353091	ac
MARF1	0.2122122631034553	me1
NDE1	0.23065054627614712	me1
MYH11	0.24118358305103782	me3_domain
CEP20	0.22803399251506318	ac
ABCC1	0.2639117487177326	me1
ABCC6	0.30887629646708714	me2
NOMO3	0.40414645465345567	me1
NPIPA9	0.4494444759429649	me3
NPIPA7	0.3880449537784265	me3
XYLT1	0.4370461484347148	me3_domain
NPIPA8	0.2455153327931885	me3
NOMO2	0.29215594672620204	Unassigned
RPS15A	0.31479296634071763	ac
ENSG00000260342	0.31247455263134527	ac
ARL6IP1	0.31198315866712434	ac
SMG1	0.2957041139523753	ac
TMC7	0.32828340491336694	me2
COQ7	0.3489183490358745	me1
ITPRIPL2	0.3646362313722079	ac
SYT17	0.39731131989852375	me3_domain
CLEC19A	0.4181601505088638	Unassigned
TMC5	0.3855425708976563	ac
GDE1	0.37227834828184403	me1
CCP110	0.37285784073768624	me1
VPS35L	0.39459083301161224	me1
KNOP1	0.4116148422706939	ac
IQCK	0.39596205719544353	Unassigned
GPRC5B	0.3777564470496598	me3_domain
GPR139	0.4514800778586695	Unassigned
GP2	0.44264647646002375	me2
UMOD	0.4306046725210173	me3_domain
PDILT	0.4087936293775981	Unassigned
ACSM5	0.38011545232948085	Unassigned
ACSM2A	0.34907587165924103	Unassigned
ACSM2B	0.29737816704914255	Unassigned
ACSM3	0.2520893756685316	ac
ACSM1	0.261327667805076	Unassigned
THUMPD1	0.24553415699573178	ac
ERI2	0.2495392520625037	ac
REXO5	0.23998696965450506	ac
DCUN1D3	0.26676523927322005	me1
LYRM1	0.29106702462703526	ac
DNAH3	0.34497380716571935	me3_domain
LDAF1	0.3677313866049	me1
ZP2	0.3458906920530044	me3_domain
ANKS4B	0.3186479937543306	me3_domain
CRYM	0.31396685256102985	Unassigned
NPIPB3	0.5371245801644873	Unassigned
METTL9	0.2206422445923003	me1
IGSF6	0.23258305809085567	Unassigned
OTOA	0.30557800706067173	Unassigned
NPIPB4	0.2996405034947398	Unassigned
UQCRC2	0.2732296497514105	ac
PDZD9	0.27520810596466905	me2
MOSMO	0.2744516849935331	Unassigned
VWA3A	0.25004009572043695	me3_domain
SDR42E2	0.22126909274299256	me3_domain
EEF2K	0.19464088184955497	ac
POLR3E	0.19840302509431496	ac
CDR2	0.2778367013304637	ac
NPIPB5	0.40073684486137706	Unassigned
HS3ST2	0.46259820310867106	Unassigned
USP31	0.41335284096063996	Unassigned
SCNN1G	0.38804845214771266	me3_domain
SCNN1B	0.34251434979533757	me3_domain
COG7	0.2809179166069745	me1
GGA2	0.24981778944837985	me1
EARS2	0.2425083669506387	me1
UBFD1	0.24222602639567214	ac
NDUFAB1	0.2435030328020218	ac
PALB2	0.2448118700782841	ac
DCTN5	0.24272225649281376	me1
PLK1	0.2378004590494074	ac
ERN2	0.23129318847541414	me2
CHP2	0.20423390907862526	me2
PRKCB	0.2500812936249507	ac
CACNG3	0.37364441523160297	me3_domain
RBBP6	0.3421573253758491	ac
TNRC6A	0.33803547645371945	Unassigned
SLC5A11	0.305552575431593	me3_domain
ARHGAP17	0.2848476165562148	me1
LCMT1	0.29052124682279457	me1
AQP8	0.31318420828102234	me2
ZKSCAN2	0.3250032897401519	me1
HS3ST4	0.5919064045448913	Unassigned
C16ORF82	0.43334372254359865	me3_domain
KDM8	0.35642703798687303	me1
NSMCE1	0.3543531906182322	me1
IL4R	0.37159522220864405	me2
IL21R	0.38337892263989937	me3
GTF3C1	0.39729369752651233	me1
KATNIP	0.42726020971191436	me1
GSG1L	0.4067215170318579	me3_domain
XPO6	0.34954925921106383	me1
SBK1	0.3420463699352396	me3_domain
NPIPB6	0.3081032146233218	me3
EIF3CL	0.29304681162556134	ac
NPIPB7	0.2855463875674573	me3
ENSG00000261832	0.2856392806283956	me1
CLN3	0.28568573992432233	ac
APOBR	0.2860740292910031	ac
IL27	0.2868618060015169	me3_domain
NUPR1	0.29299400632633865	me2
SGF29	0.3133190892146567	me1
SULT1A2	0.33134304943471937	me1
SULT1A1	0.3445865512622439	me1
NPIPB8	0.37012513821599147	me3
EIF3C	0.3499519841173161	Unassigned
NPIPB9	0.2869478096362851	me3
ATXN2L	0.21170493373173693	ac
TUFM	0.20251720445462207	ac
SH2B1	0.19628508619971674	ac
ATP2A1	0.1879515904987672	me1
RABEP2	0.18540077623369977	me1
CD19	0.18546494550197268	me1
NFATC2IP	0.18908008849525648	ac
SPNS1	0.19503784121766599	me1
LAT	0.19830130845552407	me1
NPIPB11	0.3136846256162188	me1
BOLA2-SMG1P6	0.30853366436004026	ac
BOLA2	0.30776822981038776	ac
SLX1B	0.30752048836706647	me1
SULT1A4	0.30636520852024973	me1
NPIPB12	0.2967775275584915	me1
SPN	0.16420013317983584	ac
QPRT	0.162501584812083	ac
C16ORF54	0.17647494750814818	me2
ZG16	0.1965881045175708	me3_domain
KIF22	0.20764816772862404	ac
MAZ	0.21429376841732561	ac
PRRT2	0.21739936186254538	ac
ENSG00000280893	0.21895792964575944	ac
PAGR1	0.22089122273155826	ac
ENSG00000281348	0.22367935389042126	ac
MVP	0.22976942871100137	me2
CDIPT	0.24534900437333318	me1
SEZ6L2	0.2564108038286055	me3_domain
ASPHD1	0.26365647252959235	me1
KCTD13	0.26484540726926653	me1
TMEM219	0.2650553269357	me1
TAOK2	0.25991655728762153	me1
HIRIP3	0.2561789513639202	ac
INO80E	0.25424709984257465	me1
DOC2A	0.24886511421396817	me3_domain
C16ORF92	0.24503930292441156	me3_domain
TLCD3B	0.2397232279960826	me3_domain
ENSG00000285043	0.2318753083790258	ac
ALDOA	0.23001114501409214	ac
PPP4C	0.22579777032071002	ac
TBX6	0.22307241932970046	ac
YPEL3	0.22143011164639692	ac
GDPD3	0.21746932621849213	me1
MAPK3	0.21491237937429952	me1
CORO1A	0.19525764216982078	me1
BOLA2B	0.19231828806023843	ac
SLX1A	0.19193688729792635	me1
SULT1A3	0.1898694591029937	me1
NPIPB13	0.17782488134624297	me1
CD2BP2	0.17466656814420845	ac
TBC1D10B	0.17622459645915012	ac
MYL11	0.17752766322071778	ac
ZNF48	0.17904510618442915	ac
SEPTIN1	0.17897462653779983	ac
ZNF771	0.18021799077097522	ac
DCTPP1	0.18010724385579424	ac
SEPHS2	0.1791505906261439	ac
ITGAL	0.17469719856238664	me2
ZNF768	0.17358778862131397	ac
ENSG00000261459	0.1738037650270644	ac
ZNF747	0.1739333011848515	ac
ZNF764	0.17668855509726555	ac
ZNF688	0.1798194793806327	ac
ZNF785	0.18204230411438782	ac
ZNF689	0.19315851198382006	ac
ENSG00000289491	0.19202062909379536	ac
PRR14	0.2079300256449731	ac
FBRS	0.2114973186270538	ac
SRCAP	0.2194750049421823	ac
ENSG00000282034	0.2194965110563829	ac
TMEM265	0.2183090642178841	ac
PHKG2	0.21610026276856875	ac
CFAP119	0.2147482916971264	ac
RNF40	0.2126297957423965	ac
ZNF629	0.20844802875225354	ac
BCL7C	0.19301961894674957	ac
CTF1	0.19567829093615774	ac
FBXL19	0.20624112908556258	ac
ORAI3	0.21213124903037428	ac
SETD1A	0.2183756448162787	ac
HSD3B7	0.22348193882207013	me1
STX1B	0.2269021405544399	ac
STX4	0.2316928303449246	ac
ZNF668	0.23112858225031185	ac
ZNF646	0.23049429877119665	ac
PRSS53	0.22998490143670924	me1
ENSG00000255439	0.2298312977652024	me1
VKORC1	0.2295912142199168	me1
BCKDK	0.22900301118353084	me1
KAT8	0.2290781080240113	ac
PRSS8	0.22967564449724553	me1
PRSS36	0.23098436963971958	ac
FUS	0.24213230886327797	ac
PYCARD	0.24968683031156136	ac
TRIM72	0.25919133080353507	me2
PYDC1	0.2564855950363426	me2
ITGAM	0.2941489903389991	me2
ITGAX	0.3159583434445409	me3_domain
ITGAD	0.32577811498272735	me3_domain
COX6A2	0.3307099112294203	me3
ZNF843	0.33359740162291474	me2
ARMC5	0.3412146926339843	ac
TGFB1I1	0.3454405877078175	ac
SLC5A2	0.34988804343645885	me1
RUSF1	0.3550948704830703	me1
AHSP	0.36691914580449336	ac
KRBOX5	0.47281764151186667	Unassigned
ZNF267	0.49811166196711154	ac
TP53TG3D	0.6470544179664547	ac
TP53TG3	0.6188813227988521	ac
TP53TG3C		ac
TP53TG3E	0.8178211239930038	ac
TP53TG3B	0.7926548924060757	ac
TP53TG3F		ac
IGHV3OR16-17	0.6927160042911809	me2
ENSG00000284209		Unassigned
SHCBP1	0.3275236816271391	Unassigned
VPS35	0.31852162971743514	ac
ORC6	0.3196936016380053	ac
MYLK3	0.3141374749114644	ac
C16ORF87	0.31034406438569273	ac
GPT2	0.3484730291788064	me2
DNAJA2	0.36991041886332565	ac
NETO2	0.39515221212921936	me1
ITFG1	0.46560397505289497	ac
PHKB	0.49770813823177595	ac
ABCC12	0.4636419931886212	me3_domain
ABCC11	0.4542347123723962	me3_domain
LONP2	0.43346260050927266	me1
SIAH1	0.41057664714591247	me3
N4BP1	0.4594085354695695	me1
CBLN1	0.630178002578754	me3_domain
C16ORF78	0.602998790074813	Unassigned
ZNF423	0.4935012634467575	me3_domain
CNEP1R1	0.29174382315540237	me1
HEATR3	0.26071549104819225	me1
TENT4B	0.21590794245678102	me1
ADCY7	0.2249432979407716	ac
BRD7	0.2580048199170144	ac
NKD1	0.4165654507524066	me3_domain
SNX20	0.447515248775898	me2
NOD2	0.46837029659273777	me3_domain
CYLD	0.5026354670549855	me2
SALL1	0.6340867324923188	me3
HNRNPA1L3	0.6934670120736599	Unassigned
TOX3	0.6706722130138356	Unassigned
CHD9NB	0.41740310779983836	me3_domain
CHD9	0.4318640539373353	ac
RBL2	0.4146493733457336	me1
AKTIP	0.42932359852035684	me1
RPGRIP1L	0.4817711466521388	Unassigned
FTO	0.5881216091619562	Unassigned
IRX3	0.593918326290243	me3_domain
IRX5	0.596829913035535	ac
IRX6	0.6319226433367902	me3_domain
MMP2	0.6190381142242714	me3_domain
LPCAT2	0.6420557188744098	Unassigned
CAPNS2	0.6496403788949201	me2
SLC6A2	0.6432609612594014	me3
CES1	0.5987810295292281	me3_domain
CES5A	0.5941793951733108	me2
GNAO1	0.40260752248488485	me3_domain
AMFR	0.36970304084509487	ac
NUDT21	0.3677262647621413	ac
ENSG00000288725	0.36662848673211523	ac
OGFOD1	0.3666643642571805	ac
BBS2	0.36642604728713446	me3
MT4	0.3681085376485709	me3_domain
MT3	0.37128501046909823	me3_domain
MT2A	0.374525919548521	me2
MT1E	0.3777244905959123	me3_domain
MT1M	0.37904117006194316	me3_domain
MT1A	0.3801624935978607	me3_domain
MT1B	0.38250785388428366	me3_domain
MT1F	0.3836274501200645	me3_domain
MT1G	0.3850741245975233	me3_domain
MT1H	0.38537915557571434	me3_domain
MT1X	0.3871059234893318	me2
NUP93	0.38716539081774715	me1
SLC12A3	0.37038648103227845	me3_domain
HERPUD1	0.3551397781355392	ac
CETP	0.3420735893554049	me3_domain
NLRC5	0.3213324681397275	me3_domain
CPNE2	0.30430106208557295	me2
PSME3IP1	0.29664913146624916	me1
RSPRY1	0.29228021638315993	me1
ARL2BP	0.2927301849677667	me1
PLLP	0.2960947030294294	me2
CCL22	0.3246037950875347	me3_domain
CX3CL1	0.32718261762610024	me3_domain
CCL17	0.32756824275328	me3_domain
CIAPIN1	0.32390344765483947	ac
COQ9	0.321451966538674	me1
POLR2C	0.31961099582248265	me1
DOK4	0.31820891329504786	me1
CCDC102A	0.31833011361125474	me2
ADGRG5	0.3230349132207815	me3_domain
ADGRG1	0.3165934031324328	me2
ADGRG3	0.29944211169525825	me2
DRC7	0.2795336411740099	me2
KATNB1	0.2612726490370254	me1
KIFC3	0.24821396647563143	me1
CNGB1	0.28473297600666225	me3_domain
TEPP	0.30303984514641624	ac
ZNF319	0.3038132638946267	me1
USB1	0.30289121583250733	me1
MMP15	0.298146366748393	me1
CFAP20	0.283047453852478	ac
CSNK2A2	0.3020319224006265	me1
CCDC113	0.3480161214404406	me1
PRSS54	0.36009968853228547	me2
GINS3	0.36139194825186427	Unassigned
NDRG4	0.34718282878131945	me3
SETD6	0.3449177853137395	ac
CNOT1	0.339424794371301	ac
SLC38A7	0.3411674122731436	me1
GOT2	0.352891220434598	ac
CDH8	0.8557434039527719	Unassigned
CDH11	0.8246825497855628	Unassigned
CDH5	0.3698147772376028	me3_domain
BEAN1	0.3167384999569396	me3_domain
ENSG00000260851	0.2968712093071837	me2
TK2	0.28183668851277943	ac
CKLF	0.2734589620025757	ac
CKLF-CMTM1	0.27202892329914474	ac
CMTM1	0.27049462986651573	me1
CMTM2	0.26829782420753423	me3_domain
CMTM3	0.2637592467098512	ac
CMTM4	0.2543228792441167	me1
DYNC1LI2	0.2393496213171421	ac
TERB1	0.23735982416235102	Unassigned
NAE1	0.24262491776323414	me2
CA7	0.2440953921525838	me3_domain
PDP2	0.24630771081326597	me1
CDH16	0.24303581338043567	me3_domain
RRAD	0.2404904151213486	me3_domain
CIAO2B	0.23732387675597366	ac
CES2	0.2351512662959101	me1
CES3	0.2211086773134966	me3_domain
CES4A	0.2022191227090735	me2
CBFB	0.17349806024446257	me1
PHAF1	0.17218005611002019	me1
B3GNT9	0.1765456979185993	me1
TRADD	0.17844141071986086	ac
FBXL8	0.17952497718731208	ac
ENSG00000265690	0.18014318994862877	ac
HSF4	0.18085993749279072	ac
NOL3	0.1823446489220547	ac
MATCAP1	0.18444374929669294	me1
EXOC3L1	0.18642123430122337	me1
E2F4	0.18832647792338586	ac
ELMO3	0.1898933175021399	me1
TMEM208	0.1965030218551982	ac
FHOD1	0.19917043094080644	ac
SLC9A5	0.20303928971736795	ac
PLEKHG4	0.21004178239970683	me1
KCTD19	0.2166953369653115	me3_domain
LRRC36	0.2259863633972965	Unassigned
TPPP3	0.22888092034536311	me3_domain
ZDHHC1	0.22778360103133277	me3_domain
HSD11B2	0.22317000248859997	me1
ATP6V0D1	0.21640766703666348	me1
AGRP	0.21007777386261595	me1
RIPOR1	0.19958487491816124	me1
CTCF	0.1964349266758656	ac
CARMIL2	0.19800851074519843	me1
ACD	0.19828528791783884	me1
PARD6A	0.19832396368712413	me1
ENKD1	0.1983989459494634	me1
C16ORF86	0.198422033942264	me1
GFOD2	0.19762142417666761	me1
RANBP10	0.18782298203203285	me1
TSNAXIP1	0.17546060769177696	me1
CENPT	0.17188023251616857	ac
THAP11	0.17120542038133646	ac
NUTF2	0.16973016409683483	ac
EDC4	0.16939039488378105	me1
NRN1L	0.16983356359954138	me1
PSKH1	0.17348616805757988	me1
CTRL	0.17719735181877083	me1
ENSG00000261884	0.17783757502938657	ac
PSMB10	0.17849553895514791	ac
LCAT	0.17994839186652445	me1
SLC12A4	0.18331490196615008	me1
DPEP3	0.18802589146941473	me2
DPEP2	0.1910305778875937	ac
DUS2	0.19666467469860716	me1
DPEP2NB	0.19431941770985983	me2
DDX28	0.1953276398974727	ac
NFATC3	0.22994757089122075	ac
ESRP2	0.256907528238003	me1
PLA2G15	0.2591824420096802	me1
SLC7A6	0.2596548286252205	me1
SLC7A6OS	0.2592285835623064	me1
PRMT7	0.25893257822795857	me1
SMPD3	0.2763097616118142	me3_domain
ZFP90	0.36745521060458675	me2
CDH3	0.36358879266392696	me3_domain
CDH1	0.33902150148145327	me2
TANGO6	0.30656298876972754	me1
HAS3	0.283878263100773	me1
CHTF8	0.28093747834934646	ac
DERPC	0.28093747834934646	ac
UTP4	0.26281080868894546	ac
SNTB2	0.24140586133795605	me1
ENSG00000260914	0.2280473133209291	ac
VPS4A	0.2270847602002659	ac
COG8	0.22579700824123294	ac
PDF	0.22590277809684767	ac
ENSG00000272617	0.2255843600371824	ac
ENSG00000260371	0.22423668848682665	ac
ENSG00000259900	0.22443285436966265	ac
NIP7	0.22480050214475	ac
TMED6	0.22405536069627008	me1
TERF2	0.22214091339156883	ac
CYB5B	0.22606593581478474	me1
NFAT5	0.23430890064866583	ac
NQO1	0.20725678898164535	ac
NOB1	0.21086969700196145	ac
WWP2	0.23989351680669768	me1
CLEC18A	0.2576346162486147	me3
PDPR	0.26347232290252165	me1
CLEC18C	0.2514028209321042	me3
EXOSC6	0.21182789032710336	ac
AARS1	0.19712859618526923	ac
DDX19B	0.1733442246887381	ac
ENSG00000260537	0.16519906756942193	ac
DDX19A	0.1583416976377081	ac
ST3GAL2	0.16111518448748186	ac
FCSK	0.1720136044972661	me1
COG4	0.17812755724992468	ac
SF3B3	0.18807355829067707	ac
IL34	0.21406111530703564	me3_domain
MTSS2	0.2404918819789037	me1
VAC14	0.2827621950974263	me1
HYDIN	0.4579681197136092	Unassigned
CMTR2	0.47341083054630984	ac
CALB2	0.41119256470541965	me3_domain
TLE7	0.3874126295100663	me3_domain
ZNF23	0.3821735926666898	me1
ENSG00000261611	0.3779515564861461	Unassigned
ZNF19	0.3562684713395311	me3_domain
CHST4	0.34880718207024264	me3_domain
TAT	0.3204230319286768	me3_domain
MARVELD3	0.2830994140059794	me3_domain
PHLPP2	0.2720232368347051	me1
AP1G1	0.2588099862396278	ac
ATXN1L	0.23414070334392278	ac
IST1	0.22584935262429529	ac
ZNF821	0.22536624669002048	ac
PKD1L3	0.24085571192748179	me3_domain
DHODH	0.26882420472547264	me1
TXNL4B	0.2998716355495513	ac
HP	0.29268205594454455	me3_domain
HPR	0.29976816247729987	me2
DHX38	0.31741518036039007	me1
PMFBP1	0.3373622494620263	me3_domain
ZFHX3	0.616734103802958	me3
PSMD7	0.3350840658838823	ac
NPIPB15	0.3091910136697691	me3_domain
CLEC18B	0.309052173596872	me3
GLG1	0.28524884399419326	me1
RFWD3	0.2612363264379859	ac
MLKL	0.27068529608874814	me2
FA2H	0.2838032695697389	me3_domain
WDR59	0.24138753825446035	ac
ZNRF1	0.21562112289893565	ac
LDHD	0.22208124641066684	me1
ZFP1	0.2333825760464302	ac
CTRB2	0.24481867566311932	me3_domain
CTRB1	0.24857806130264093	me3_domain
BCAR1	0.25491488475308344	me1
CFDP1	0.28259767146366277	me1
ENSG00000261717	0.2953966587290483	me1
TMEM170A	0.2968673237044135	me1
CHST6	0.29864938423048526	me3_domain
CHST5	0.29960550663284746	me3_domain
ENSG00000260092	0.29951687027304075	me3_domain
TMEM231	0.2992572570716131	ac
GABARAPL2	0.2981369110056181	me1
ADAT1	0.29707039592746953	me1
KARS1	0.298807457421027	ac
TERF2IP	0.32459138882402083	me3_domain
CPHXL2	0.3054285329314511	me3_domain
DUXB	0.31789633730548816	me3_domain
CPHXL	0.3315593509217223	me3
CNTNAP4	0.7124932459022596	Unassigned
ENSG00000287694	0.713991336136805	Unassigned
MON1B	0.6227721801558637	ac
SYCE1L	0.6242908585979641	me2
ADAMTS18	0.6456783456223258	me3
NUDT7	0.6285036947358825	ac
VAT1L	0.61844859331843	me3
CLEC3A	0.5759423752180362	me3_domain
WWOX	0.6538610402996565	me3_domain
MAF	0.5366053647656004	me3_domain
DYNLRB2	0.5948629491289162	me3
CDYL2	0.5316025512304563	me2
ENSG00000286221	0.41457285202147387	me3
CMC2	0.37965573375523864	ac
CENPN	0.37136275473956826	ac
ENSG00000284512	0.35971619013545564	ac
ATMIN	0.3646093011731504	me1
C16ORF46	0.3576378782079148	ac
ENSG00000260643	0.3554732905616913	ac
GCSH	0.35195132968016996	ac
PKD1L2	0.3411957807351774	me3_domain
BCO1	0.3057572276415038	me3_domain
GAN	0.24566283637298236	me1
CMIP	0.2779599892461866	me1
PLCG2	0.3355056287047372	me3_domain
SDR42E1	0.40343145517649637	me3_domain
HSD17B2	0.4497557627088363	me3
MPHOSPH6	0.49441610266855274	me1
CDH13	0.6248821628316197	me2
HSBP1	0.4590120241103034	me3_domain
MLYCD	0.38816009291827636	me3_domain
OSGIN1	0.38300490846523916	me3_domain
NECAB2	0.3721699454095887	me3_domain
SLC38A8	0.3549143922915622	me3_domain
MBTPS1	0.33041541231505955	me1
HSDL1	0.3176114724072169	ac
DNAAF1	0.31572112407813213	me3_domain
TAF1C	0.31602128796734164	me1
ADAD2	0.3168257091089801	me3_domain
KCNG4	0.3206449951667396	me3_domain
WFDC1	0.32070724815444873	me3_domain
ATP2C2	0.2856785373174746	me3_domain
MEAK7	0.2403518287711368	me2
COTL1	0.2389785836148275	me1
KLHL36	0.2675674947758311	me1
USP10	0.28145343305372084	ac
CRISPLD2	0.24783699772080614	me3_domain
ZDHHC7	0.19142810628548024	me1
KIAA0513	0.17005892059865113	ac
CIBAR2	0.17465023906681265	me3_domain
GSE1	0.2313240070920295	me1
GINS2	0.21141266119419233	ac
C16ORF74	0.2137114069433531	me3_domain
EMC8	0.2368230982373184	me1
COX4I1	0.2461647026737953	ac
IRF8	0.3134570852174292	me3_domain
FOXF1	0.5150194005629748	me3_domain
MTHFSD	0.5036973653522947	me1
FOXC2	0.49771889955569526	me3_domain
FOXL1	0.49641898306064847	me3_domain
C16ORF95	0.40593836784794957	me2
ENSG00000131152	0.3365383334668809	ac
FBXO31	0.31774001324153534	ac
MAP1LC3B	0.30735803007200213	ac
ZCCHC14	0.30906305013445556	me1
JPH3	0.3281760435687654	me3_domain
KLHDC4	0.2931667919716441	me1
SLC7A5	0.23876098838988025	me1
CA5A	0.24736976334970062	me3_domain
BANP	0.3072005346150125	me1
ZNF469	0.25980187007865796	me3_domain
ZFPM1	0.19384519725275073	me1
ZC3H18	0.15981963219515305	me1
IL17C	0.1573933726407184	me3_domain
CYBA	0.15669773078855231	ac
MVD	0.1556226128799465	ac
SNAI3	0.1518959105077926	me1
RNF166	0.14779505677752058	me1
CTU2	0.14575612587435283	ac
PIEZO1	0.13704581620737466	ac
CDT1	0.13404717318315218	ac
APRT	0.13488683627956144	ac
GALNS	0.14207881723078364	me1
TRAPPC2L	0.1506691208692924	me1
PABPN1L	0.1536135536377179	me1
CBFA2T3	0.17773537365308756	ac
ACSF3	0.1799875573736629	me1
CDH15	0.18194618084503433	me2
SLC22A31	0.18410830151064272	me2
ZNF778	0.1894102413599852	ac
ANKRD11	0.20116625309928038	me1
ENSG00000288715	0.21080001740356247	me1
SPG7	0.15762394637580768	ac
RPL13	0.14608868703595224	ac
CPNE7	0.14284747175496304	ac
DPEP1	0.14244688032671737	me3_domain
CHMP1A	0.14462316884144755	me1
SPATA33	0.14655777366017153	ac
CDK10	0.1508891250843577	ac
SPATA2L	0.1534453928123254	ac
VPS9D1	0.15739310233907067	ac
ZNF276	0.1621917608640877	ac
FANCA	0.17803870852876957	ac
SPIRE2	0.2030737306945788	me1
TCF25	0.21118786117509392	ac
MC1R	0.21283862745187287	ac
ENSG00000198211	0.21343632650396638	ac
TUBB3	0.21357384670799562	ac
DEF8	0.21573610557926304	me1
DBNDD1	0.2218462499220868	me1
GAS8	0.2225424333881435	me1
PRDM7	0.22296845042779911	me1
SCGB1C2		ac
DOC2B	0.44038917679108225	me3
RPH3AL	0.42170624373575594	me3_domain
C17ORF97	0.48464037250557757	me3
RFLNB	0.5298098737083117	Unassigned
VPS53	0.39826611879325935	Unassigned
TLCD3A	0.39001391319148815	ac
GEMIN4	0.38646194303314063	ac
GLOD4	0.3791497152482691	ac
MRM3	0.3725576805373916	ac
NXN	0.3352555720302167	me3_domain
TIMM22	0.31676617082891423	ac
ABR	0.29511664516936587	me3_domain
BHLHA9	0.23187515496805589	me2
TRARG1	0.22699544909094727	me3
YWHAE	0.21540220620659378	ac
CRK	0.2002736725751728	ac
MYO1C	0.18635294436616434	ac
INPP5K	0.1754898820659878	me1
PITPNA	0.16752684230710457	me1
SLC43A2	0.17900368364427055	me1
SCARF1	0.199369440754381	me1
RILP	0.20354237333085268	ac
PRPF8	0.21072447098875102	ac
TLCD2	0.21447502825923448	ac
WDR81	0.2086688999361661	ac
SERPINF2	0.19896206529834604	me2
SERPINF1	0.18800005737293612	ac
SMYD4	0.17550383275839787	me1
RPA1	0.19016682662099593	Unassigned
RTN4RL1	0.2830509497390693	me3_domain
DPH1	0.30842411914696755	me1
OVCA2	0.3098143461103646	ac
HIC1	0.31302756283039335	me1
SMG6	0.30933847017943206	me1
SRR	0.27946065776820617	ac
TSR1	0.27285685568614426	ac
SGSM2	0.26059152259729745	me1
MNT	0.2459140487677668	ac
METTL16	0.23655665239494994	me1
PAFAH1B1	0.2833306284178384	Unassigned
CLUH	0.2833977890046073	ac
CCDC92B	0.2899117126909543	me3_domain
RAP1GAP2	0.3886936528906474	me3_domain
OR1D5	0.4702748288513152	ac
OR1D2	0.4823878892001917	Unassigned
OR1G1	0.4927434860763785	Unassigned
OR1P1	0.4995734852988837	Unassigned
OR1A2	0.5014272411129017	Unassigned
OR1A1	0.49878130175801505	Unassigned
OR3A2	0.43825865770781414	Unassigned
OR3A1	0.4605279466815557	Unassigned
OR1R1P	0.4065460097795893	me3
OR1E1	0.39990983039515327	me2
OR3A3	0.38993369854572846	Unassigned
OR1E2	0.38115923001364815	me2
SPATA22	0.35645599750133994	Unassigned
ASPA	0.350607634537062	Unassigned
TRPV3	0.32081256161090055	me3_domain
TRPV1	0.2874864790760444	me3
ENSG00000262304	0.2740218107682203	me1
SHPK	0.2673834020548813	me1
CTNS	0.2538956444378593	me1
TAX1BP3	0.24594875581385722	me1
P2RX5-TAX1BP3	0.2400933935377053	me2
EMC6	0.24485485855455869	ac
P2RX5	0.23808718126009243	me2
ITGAE	0.214139982275118	me2
HASPIN	0.22321127316121026	ac
NCBP3	0.20073215116088206	me1
CAMKK1	0.19588701491139648	me1
P2RX1	0.19509962220816401	me1
ATP2A3	0.19648035677414755	me1
ZZEF1	0.21310108087888724	me1
CYB5D2	0.22070440318804463	me1
ANKFY1	0.22275444897435182	me1
UBE2G1	0.24972070418484005	me1
SPNS3	0.2789060652227079	me3_domain
SPNS2	0.2789993924567029	me3_domain
MYBBP1A	0.2781422320061101	ac
GGT6	0.2773036209755224	me2
SMTNL2	0.27201997415501855	me3_domain
ALOX15	0.26071119513138696	me3_domain
PELP1	0.24188590446942415	me1
ARRB2	0.23107407103302657	me1
MED11	0.2251997048342913	ac
CXCL16	0.2234896911654104	me3_domain
ZMYND15	0.2218438431315909	me3_domain
TM4SF5	0.21357828470370877	me3_domain
VMO1	0.21219645717189495	me3_domain
GLTPD2	0.21185817657493944	ac
PSMB6	0.21115920386806986	ac
C17ORF114	0.21072250735716258	me2
PLD2	0.21059266461477932	me2
MINK1	0.21495077289594855	ac
CHRNE	0.2199119689407687	me1
C17ORF107	0.21910299472162775	me1
GP1BA	0.22049786138318206	me1
SLC25A11	0.220479086818559	ac
RNF167	0.22044675168737893	ac
PFN1	0.2203592422208548	ac
ENO3	0.2202774678340471	ac
SPAG7	0.22006672727952303	ac
CAMTA2	0.2201246585008647	ac
INCA1	0.22082449351156863	ac
KIF1C	0.2238822158038215	me1
SLC52A1	0.23378776688601444	me2
ZFP3	0.2606658729277228	me2
ZNF232	0.28048151675438615	Unassigned
USP6	0.29788853000961124	me3
ZNF594	0.3136304972814409	Unassigned
SCIMP	0.315701513861385	me3
RABEP1	0.3091138093377621	Unassigned
NUP88	0.30935904052836927	Unassigned
RPAIN	0.31247577866853493	ac
C1QBP	0.3155969557164352	ac
DHX33	0.3193709150374834	Unassigned
DERL2	0.32713435501446986	ac
MIS12	0.3302346756229779	ac
NLRP1	0.35324147072946455	me1
ENSG00000286190	0.33504397946734754	me1
ENSG00000285471	0.4973421363482966	Unassigned
WSCD1	0.539601575615383	me3_domain
AIPL1	0.4111159520735824	me3_domain
PIMREG	0.4102930701917752	me2
PITPNM3	0.4081124629679075	me3
KIAA0753	0.3820595388467044	me1
ENSG00000282936	0.3731387264265378	ac
TXNDC17	0.37061678806260556	ac
MED31	0.3687480972579078	ac
C17ORF100	0.3609657963273183	me3_domain
SLC13A5	0.3526440228167972	me3_domain
XAF1	0.3372726742244374	me3_domain
FBXO39	0.33309329550671607	me3_domain
TEKT1	0.3272423352454382	Unassigned
ALOX12	0.2253257809950715	ac
RNASEK	0.22478719885144216	ac
RNASEK-C17ORF49	0.22484522766051063	ac
C17ORF49	0.22487679413606443	ac
BCL6B	0.22606007002349215	ac
SLC16A13	0.22857616661530766	ac
SLC16A11	0.2302905749835178	me1
CLEC10A	0.2439789054869479	me3_domain
ASGR2	0.2554590682442658	me3_domain
ASGR1	0.25591743873487105	me2
DLG4	0.2467744371431171	ac
ACADVL	0.2406205048996103	ac
DVL2	0.23693586153804136	ac
PHF23	0.2341941343628402	ac
GABARAP	0.23281924374639673	ac
ENSG00000262526	0.23236439037560996	ac
CTDNEP1	0.230487538345317	ac
ENSG00000262302	0.22841548157958158	ac
ELP5	0.22832286051752693	ac
CLDN7	0.2261003696747217	ac
SLC2A4	0.22047334087179582	ac
YBX2	0.2189338281152371	me2
EIF5A	0.21597640481404523	ac
GPS2	0.215274856718777	ac
ENSG00000261915	0.21492513395161705	ac
NEURL4	0.21401007795275728	ac
ACAP1	0.21124259957340985	me1
KCTD11	0.2099540918113212	ac
TMEM95	0.20957165120377008	me1
TNK1	0.20558194268763674	me1
PLSCR3	0.20454188192802913	me1
TMEM256-PLSCR3	0.2039939221265693	ac
TMEM256	0.20323340431676973	ac
NLGN2	0.20246230458231962	me1
SPEM1	0.2017186194180719	me2
SPEM2	0.2013557704069071	me2
SPEM3	0.20114538913576185	me1
ENSG00000286007	0.20108319047568501	me1
TMEM102	0.2009552465594605	ac
FGF11	0.20090234624834058	me1
CHRNB1	0.20112527739696018	me1
ZBTB4	0.2033055577494295	ac
SLC35G6	0.20486257047349998	ac
POLR2A	0.2087908006419843	ac
TNFSF12	0.22440839580633987	me2
TNFSF12-TNFSF13	0.22498702676351146	me2
TNFSF13	0.2262186283785793	ac
SENP3	0.22792204502043478	ac
SENP3-EIF4A1	0.2288926244947096	ac
EIF4A1	0.22991676634340152	ac
CD68	0.23086993468462902	ac
MPDU1	0.23209819138276633	ac
SOX15	0.23241150812535483	ac
FXR2	0.23388519774539474	ac
SHBG	0.2348748326991037	ac
SAT2	0.23497008997339497	ac
ATP1B2	0.23498849836105729	ac
TP53	0.23607006995310886	ac
WRAP53	0.2386813346089588	ac
EFNB3	0.24191853104201566	me3_domain
DNAH2	0.2797535750768829	me3_domain
KDM6B	0.3211137120562423	ac
TMEM88	0.324411484934939	me1
NAA38	0.3256097574512167	ac
CYB5D1	0.32519784808524876	ac
CHD3	0.3208738758278783	ac
RNF227	0.3139466587183476	ac
KCNAB3	0.3079426289728202	me1
ENSG00000262730	0.30654362558564585	me1
TRAPPC1	0.30480287530603234	ac
CNTROB	0.299346151406656	me1
GUCY2D	0.25614771986353957	me3_domain
ALOX15B	0.2400381973908513	me3_domain
ALOX12B	0.22263661601577378	me2
ALOXE3	0.20942212619626688	me2
HES7	0.2025562528016691	ac
PER1	0.19282451998008332	ac
ENSG00000263620	0.19054447896429838	ac
VAMP2	0.18952055916604227	ac
TMEM107	0.18765298425488064	ac
BORCS6	0.18747940041955002	ac
AURKB	0.1903189087025149	ac
CTC1	0.20045965234353347	ac
PFAS	0.2102487009410693	ac
SLC25A35	0.22420163535497684	ac
RANGRF	0.223097288437484	ac
ARHGEF15	0.2301798338873552	me3_domain
ODF4	0.23175540480109025	me2
KRBA2	0.2290269540593194	ac
ENSG00000263809	0.22753152443251035	ac
RPL26	0.22675627092490724	ac
RNF222	0.22438843284191945	me3
NDEL1	0.22647346834454196	ac
MYH10	0.2861355731581945	Unassigned
CCDC42	0.3686228237954393	me3_domain
SPDYE4	0.3742444736230963	me3_domain
MFSD6L	0.3961373484281123	me3
PIK3R6	0.4177681261245645	Unassigned
PIK3R5	0.4634568557762442	me3
NTN1	0.523927295013523	me3
STX8	0.5825091698243057	Unassigned
CFAP52	0.5695271728897916	Unassigned
USP43	0.5835267424849626	Unassigned
DHRS7C	0.6200439830646436	me3_domain
GSG1L2	0.6222514467555121	Unassigned
GLP2R	0.6149717785766896	Unassigned
RCVRN	0.6066110916804655	me3
GAS7	0.6434826742044932	me3
MYH13	0.627436862358706	Unassigned
MYH8	0.6119031827278365	Unassigned
MYH4	0.6049805949133833	Unassigned
MYH1	0.599011488645713	Unassigned
MYH2	0.5936030609153577	Unassigned
MYH3	0.5555254464235289	me3_domain
SCO1	0.5401967761486617	ac
ADPRM	0.5353415683041518	ac
TMEM220	0.5332514319646803	Unassigned
TMEM238L	0.5329933185330367	me3
PIRT	0.5419376513042351	me3_domain
SHISA6	0.6421983298606523	Unassigned
DNAH9	0.5372410457699865	Unassigned
ZNF18	0.44217443830393366	ac
MAP2K4	0.4463693779854542	Unassigned
MYOCD	0.6089912699792965	me3
ARHGAP44	0.5548933763724024	me3
ELAC2	0.5346583261209886	ac
HS3ST3A1	0.4202428733637522	ac
COX10	0.5212786440159849	Unassigned
CDRT15	0.47173415214503733	me3
HS3ST3B1	0.4279748246129542	ac
PMP22	0.44616585859779645	ac
TEKT3	0.43359767499002777	me3_domain
CDRT4	0.40941427761784854	me2
TVP23C-CDRT4	0.3943416050440085	me1
TVP23C	0.38385727002268266	me1
FBXW10B	0.387795112078842	Unassigned
ENSG00000251537	0.39442556373821036	Unassigned
TRIM16	0.41161894085687156	me1
ZNF286A-TBC1D26	0.42698444803217717	Unassigned
ZNF286A	0.42704539331943925	Unassigned
TBC1D26	0.4266398315961638	me3
ADORA2B	0.3209532774175281	me1
ZSWIM7	0.3133610339369618	ac
TTC19	0.308571794771354	Unassigned
NCOR1	0.3055312998495129	Unassigned
PIGL	0.2248022964195654	ac
CENPV	0.17523203528754383	ac
UBB	0.1671211702302806	ac
TRPV2	0.18033923015663345	ac
LRRC75A	0.2155157067581822	ac
ZNF287	0.3011572076719472	Unassigned
ZNF624	0.31665577682404855	Unassigned
CCDC144A	0.33065228636381827	Unassigned
ENSG00000266302	0.33453466486287453	Unassigned
TNFRSF13B	0.31055439840181076	me3_domain
MPRIP	0.21103200427821833	me1
PLD6	0.19335552092210817	ac
ENSG00000264187	0.19524782125560458	ac
FLCN	0.19571925085035213	ac
COPS3	0.20291020572645935	ac
NT5M	0.21715590271404894	ac
MED9	0.26546685451970786	me1
RASD1	0.26850064263790185	me1
PEMT	0.2746300814732332	me1
RAI1	0.20658484185308557	me1
SREBF1	0.19695139086051294	ac
TOM1L2	0.19670566049374472	me1
DRC3	0.19314778378321695	me2
ATPAF2	0.1926649924542062	me1
GID4	0.19162765760820422	me1
DRG2	0.1909039709555469	me1
MYO15A	0.1917385374315138	me2
ALKBH5	0.19811718158795133	ac
LLGL1	0.210857640536817	me1
FLII	0.21891353630693688	me1
MIEF2	0.22441895447084448	me1
TOP3A	0.2407599691096527	ac
SMCR8	0.2554636829324116	me1
SHMT1	0.26639847829837815	me1
EVPLL	0.27814591508108055	me3
LGALS9C	0.2957342686221951	me3
TBC1D28	0.36286525011894244	me2
FOXO3B	0.35041520393641035	ac
FBXW10	0.3124110086638976	me3_domain
TVP23B	0.3043655313145682	Unassigned
PRPSAP2	0.2540782375080016	me1
SLC5A10	0.3452752951394147	me1
FAM83G	0.34394842828870564	me1
GRAP	0.510129230761148	me2
GRAPL	0.640648799568232	me2
EPN2	0.32741500097977705	me1
B9D1	0.2996184915809207	me1
MAPK7	0.31387627423857756	ac
MFAP4	0.31774026173093395	me1
RNF112	0.3373157915332974	me3_domain
SLC47A1	0.4196430493915695	me3
ALDH3A2	0.4840124134362982	me3
SLC47A2	0.4826239152607239	me3
ALDH3A1	0.4717944273964617	me3_domain
ULK2	0.45482381219422163	Unassigned
AKAP10	0.46960418655407676	Unassigned
SPECC1	0.5081947366377448	Unassigned
LGALS9B	0.5200377885226202	me3
CDRT15L2	0.5623678644309313	me3
USP22	0.33395104405194476	ac
DHRS7B	0.3124776006529504	me1
TMEM11	0.3228844024652888	me1
NATD1	0.35297277188727416	me1
MAP2K3	0.4162838323048088	me1
KCNJ12	0.4846915323956198	me3_domain
KCNJ18		me3
WSB1	0.232243391563426	ac
KSR1	0.23891680315368102	me1
ENSG00000266728	0.26193042737310945	me1
LGALS9	0.26721391091495794	me1
NOS2	0.3189380419800345	me3_domain
ENSG00000266202	0.279232529916828	me3_domain
LYRM9	0.2499040635640115	me3_domain
NLK	0.26184697546595814	me1
TMEM97	0.2959880147697861	ac
IFT20	0.29480248556236366	me1
TNFAIP1	0.2933588497966124	me1
POLDIP2	0.2911365531168628	me1
TMEM199	0.2888300397857506	me1
SEBOX	0.2878550153755959	me1
ENSG00000273171	0.28723159818721	me1
SARM1	0.2821092846011517	me1
VTN	0.2862849792890454	me1
SLC46A1	0.27627386187392877	me2
RSKR	0.22853699349588907	me1
SLC13A2	0.24584534994350837	me3_domain
FOXN1	0.232544279641269	me3_domain
UNC119	0.22294669730342376	me1
PIGS	0.2186516056261233	ac
ALDOC	0.2145984364305591	me1
SPAG5	0.2104412343972173	ac
ENSG00000258472	0.20785261937899646	ac
BLTP2	0.19851051433572964	ac
SDF2	0.19214928199646764	ac
SUPT6H	0.18653217766992503	ac
PROCA1	0.1819293039473826	ac
RAB34	0.18057108932616617	ac
RPL23A	0.17986415310172144	ac
TLCD1	0.17915307012556325	ac
NEK8	0.17813552985116066	ac
TRAF4	0.17647293867586	ac
FAM222B	0.16983388457016502	ac
ERAL1	0.16511818758682706	ac
FLOT2	0.1661116100433001	me1
DHRS13	0.16777957865994664	ac
PHF12	0.17687527327385022	ac
PIPOX	0.22056145572173846	me3_domain
SEZ6	0.20630413678756454	me3_domain
MYO18A	0.2507485371706726	me1
CRYBA1	0.25316727263224026	me1
NUFIP2	0.2582565202786965	ac
TAOK1	0.25488951008562166	me1
ABHD15	0.23362642720295934	me1
TP53I13	0.2319314043791888	me1
GIT1	0.22702832419083452	me1
ANKRD13B	0.2226220058795877	me1
CORO6	0.2199013997696888	me1
SSH2	0.2711105749604088	ac
EFCAB5	0.31350554351045845	Unassigned
NSRP1	0.27666699042302345	Unassigned
SLC6A4	0.26765027122452534	me3_domain
BLMH	0.27328876999006824	Unassigned
TMIGD1	0.283967362819062	Unassigned
CPD	0.2943286134406289	Unassigned
GOSR1	0.2898574181403104	Unassigned
CRLF3	0.24165167521460662	ac
ATAD5	0.24210719831325733	Unassigned
TEFM	0.2543254532881919	ac
ADAP2	0.2686663205084051	me3_domain
RNF135	0.2929959077587806	Unassigned
NF1	0.3301679161737673	Unassigned
OMG	0.346589352273418	Unassigned
EVI2B	0.3435955056760541	ac
ENSG00000265118	0.3429219914872178	ac
EVI2A	0.3412720264230241	Unassigned
RAB11FIP4	0.3205592402411901	me2
COPRS	0.24073528598286642	me1
UTP6	0.24165735212688555	ac
SUZ12	0.2602573433441183	ac
LRRC37B	0.26397784579068584	me1
RHOT1	0.2184569611661752	ac
RHBDL3	0.21619706327053512	me2
C17ORF75	0.22813298780508406	ac
ZNF207	0.23881511097573338	ac
PSMD11	0.276171872027684	ac
CDK5R1	0.2821152406426759	ac
MYO1D	0.2676764093163473	me1
H2BN1	0.20207755655800608	ac
TMEM98	0.20108340951016346	me1
SPACA3	0.21364531363046313	me2
ASIC2	0.44281130466898555	Unassigned
CCL2	0.5366809507041814	Unassigned
CCL7	0.5385072043145595	Unassigned
CCL11	0.5397337040528261	Unassigned
CCL8	0.5398269535332034	me2
CCL13	0.5363469561659387	me2
CCL1	0.5356639114551769	me2
TMEM132E	0.5045143823447851	me3_domain
CCT6B	0.3475772052955851	ac
ZNF830	0.34573986557694847	ac
LIG3	0.3398746260854736	ac
RFFL	0.32753483738607003	ac
ENSG00000267618	0.32285202407209956	ac
RAD51D	0.31261555476626446	me1
FNDC8	0.31009169598722863	me1
NLE1	0.3097191853387483	me1
UNC45B	0.3135669060263063	me3_domain
SLC35G3	0.32010786002098723	me3
SLFN5	0.3400844955987826	me3_domain
SLFN11	0.33082762366275054	Unassigned
SLFN12	0.30125337758932547	Unassigned
SLFN13	0.2881644849268752	me3
SLFN12L	0.24498537871414938	me3_domain
SLFN14	0.2153676069434498	ac
PEX12	0.2098158812621661	ac
AP2B1	0.2280595495344072	ac
RASL10B	0.25075088699957904	me3_domain
GAS2L2	0.25095835389795895	me3_domain
MMP28	0.24892257363016734	me3_domain
C17ORF50	0.25036240645095886	me3_domain
TAF15	0.24558315471412728	ac
HEATR9	0.24794673551633206	me2
CCL5	0.25157706248000056	me2
RDM1	0.2727970268331883	me1
LYZL6	0.28094579032111455	me2
CCL16	0.30460489838225735	me3_domain
CCL14	0.3085983581251832	me2
CCL15-CCL14	0.31242022256973756	Unassigned
CCL15	0.3162910831519672	me3_domain
CCL23	0.3262551326852626	me2
CCL18	0.3542786083171363	Unassigned
CCL3	0.36564247995428356	me3_domain
CCL4	0.373122718756442	me2
TBC1D3B	0.4064417432724229	me3
CCL3L3	0.4214259353418932	me3
CCL4L2	0.43439614972729357	me3
TBC1D3I	0.5038563637149802	me3
TBC1D3G		me3
TBC1D3H	0.6369538787965419	me3
TBC1D3F	0.500570011138916	me3
ZNHIT3	0.38337286050016395	ac
MYO19	0.34648564402511584	ac
PIGW	0.3261894853572538	ac
GGNBP2	0.31811052177900445	ac
DHRS11	0.3200839183989025	ac
MRM1	0.32204809966529924	ac
LHX1	0.3237865698740572	me3_domain
AATF	0.31375497366293237	me1
ACACA	0.27434608699745733	ac
C17ORF78	0.2197958294865786	Unassigned
TADA2A	0.23904211562498157	ac
DUSP14	0.2585891041359979	me1
SYNRG	0.2789023381468928	me1
DDX52	0.30890372267417465	Unassigned
HNF1B	0.3626120083601415	me3_domain
TBC1D3K	0.4084020788692734	me3
TBC1D3L	0.3860120471966425	me3
TBC1D3D		me3_domain
TBC1D3C		me3_domain
TBC1D3E		me3_domain
TBC1D3		me3_domain
MRPL45	0.29929262846267024	ac
GPR179	0.292025084579165	me3_domain
SOCS7	0.30132593800857777	me1
ARHGAP23	0.3439449943310007	me2
SRCIN1	0.3199577487235016	me3_domain
EPOP	0.25391599886005556	ac
MLLT6	0.23812819191950196	ac
CISD3	0.23265008175934399	ac
PCGF2	0.2289647995833809	ac
PSMB3	0.2228430954975561	ac
PIP4K2B	0.21195365711625225	me1
CWC25	0.1992920224342295	ac
C17ORF98	0.1908504825894498	me2
RPL23	0.18845393690900647	ac
LASP1	0.19404678091802408	ac
LASP1NB	0.2081391534847341	Unassigned
FBXO47	0.2258908343260555	Unassigned
PLXDC1	0.25216612328863075	me3_domain
ARL5C	0.22472503386974618	me2
CACNB1	0.2140734800916616	me1
RPL19	0.20817071380011254	ac
STAC2	0.2037913833939059	me3_domain
FBXL20	0.20255407056919728	ac
MED1	0.2041975024755035	ac
CDK12	0.2195613591388842	me1
NEUROD2	0.24735073342437874	me3_domain
PPP1R1B	0.24926042102131518	me1
STARD3	0.24914411050050722	me1
TCAP	0.24859459414443208	ac
PNMT	0.2484328942906021	ac
PGAP3	0.24765028967995362	me1
ERBB2	0.24693016361590414	ac
MIEN1	0.24682347649055203	ac
GRB7	0.2471296534006916	me2
IKZF3	0.24077439568612236	me3_domain
ZPBP2	0.21932363363001162	Unassigned
GSDMB	0.19729085057482654	me1
ORMDL3	0.19153995560836634	me1
LRRC3C	0.1872773464571238	me1
GSDMA	0.18093523907173492	me1
PSMD3	0.1812631032255828	ac
CSF3	0.1869599072732271	me1
MED24	0.19513148705020367	me1
THRA	0.20610325378581962	ac
NR1D1	0.2112170787679888	ac
MSL1	0.21466195147949652	ac
CASC3	0.2154483848174783	ac
RAPGEFL1	0.2165796567185887	me1
WIPF2	0.22898156292453464	me1
CDC6	0.24228421210438067	ac
RARA	0.2508795170120486	me1
GJD3	0.25556248555725314	me1
TOP2A	0.2581152576987614	ac
IGFBP4	0.26156375564371426	me1
TNS4	0.26725115477531636	me2
CCR7	0.2814067040702858	me2
SMARCE1	0.29787182423216185	ac
ENSG00000264058	0.3002868458243124	ac
KRT222	0.3035290338414053	me3_domain
KRT24	0.31376681306664667	me3_domain
KRT25	0.3217110960401218	me3_domain
KRT26	0.3219610985279906	Unassigned
KRT27	0.32146775526408533	me3
KRT28	0.31978703612445525	me3_domain
KRT10	0.31569009825982974	ac
KRT12	0.3081668117276817	me2
KRT20	0.3073445983482922	Unassigned
KRT23	0.31733189918258287	me3_domain
KRT39	0.3354461175756098	Unassigned
KRT40	0.3499427844535228	me3
KRTAP3-3	0.35890693528233075	me2
KRTAP3-2	0.36358700101267083	Unassigned
KRTAP3-1	0.3750669507679799	me3
KRTAP1-5	0.384944519151311	Unassigned
KRTAP1-4	0.38733573888763184	me3
KRTAP1-3	0.39073531828592434	me3
KRTAP1-1	0.3954128711560634	Unassigned
KRTAP2-1	0.3993814703150912	me3
KRTAP2-2	0.4043432544987806	me3
KRTAP2-3	0.40717392653401696	me3
KRTAP2-4	0.4102974095420232	me3
KRTAP4-7	0.4181813499240349	me3
KRTAP4-8	0.4223296961047712	me3
KRTAP4-16	0.4232924728482892	me3
KRTAP4-9	0.4239105929783412	me3
KRTAP4-11	0.4257148566813541	me3
KRTAP4-12	0.42618585075976523	me3
KRTAP4-6	0.4265392326044314	me2
KRTAP4-5	0.42622017472324314	me3
KRTAP4-4	0.4255153820219494	me2
KRTAP4-3	0.42487853961754896	Unassigned
KRTAP4-2	0.42392180670489066	me3
KRTAP4-1	0.42325524656451563	Unassigned
KRTAP9-1	0.4227879409659473	me2
KRTAP9-2	0.41943910394226225	Unassigned
KRTAP9-3	0.41890596802427194	Unassigned
KRTAP9-8	0.4183604881271408	Unassigned
KRTAP9-4	0.41702857990584885	me2
KRTAP9-9	0.4162507139318583	Unassigned
KRTAP9-6	0.41465361152077873	Unassigned
KRTAP9-7	0.4125498510196509	Unassigned
KRTAP29-1	0.4039299380649819	me3_domain
KRTAP16-1	0.40129008457578463	me3_domain
KRTAP17-1	0.3979988677452643	me3_domain
KRT33A	0.37701408624275023	me3
KRT33B	0.3625776707611168	me3_domain
KRT34	0.35125649608166853	me3_domain
KRT31	0.3376315659743089	me3_domain
KRT37	0.3153444840298164	me3_domain
KRT38	0.3038373283268453	me3_domain
KRT32	0.2900178190467324	me3_domain
KRT35	0.284119378888664	me3_domain
KRT36	0.281262089754145	me3_domain
KRT13	0.27858097810037263	me1
KRT15	0.2768290252607577	me2
KRT19	0.27615478577282093	ac
KRT9	0.2708329895458875	me3_domain
KRT14	0.2661324120960096	me3_domain
KRT16	0.2516481727229447	me3_domain
KRT17	0.24520201273177533	me3_domain
EIF1	0.1873100183958991	ac
GAST	0.17165792864441587	me3_domain
HAP1	0.16610267212582275	me3_domain
JUP	0.1655366212238748	ac
P3H4	0.18002339425105784	me2
FKBP10	0.18509576026542107	me2
NT5C3B	0.19219092715103014	me1
KLHL10	0.1971162540686392	me1
KLHL11	0.20325599094155533	me1
ACLY	0.20809147232196235	me1
ODAD4	0.20120926400322725	me1
CNP	0.19504301112887257	ac
DNAJC7	0.18839520656628717	ac
NKIRAS2	0.1847588169687988	ac
ZNF385C	0.1840011143657605	me2
C17ORF113	0.18284004970370793	me2
DHX58	0.1882628065971751	me1
KAT2A	0.18981928524245217	me1
ENSG00000267261	0.19262274701587745	me1
HSPB9	0.190554321269361	ac
RAB5C	0.19303491613833967	me1
KCNH4	0.1959280928828231	me1
HCRT	0.19672168290121905	me1
GHDC	0.1968279001061275	me1
STAT5B	0.19222861931696034	ac
STAT5A	0.18264880690785124	ac
STAT3	0.17311710353104004	ac
CAVIN1	0.16606502128539502	ac
ATP6V0A1	0.16370470357947964	ac
NAGLU	0.16427409915714886	me1
HSD17B1	0.16499490463947253	ac
COASY	0.16574468855233393	ac
MLX	0.16632634927119527	ac
PSMC3IP	0.16694508002455777	ac
RETREG3	0.16955300396150585	me1
TUBG1	0.17193996605203887	ac
TUBG2	0.18056721634073813	me1
PLEKHH3	0.1822197795891003	ac
CCR10	0.18352114935739072	ac
CNTNAP1	0.18460117084094296	me1
EZH1	0.1865264199343527	me1
RAMP2	0.18571083702926017	me2
VPS25	0.18413357476090542	ac
WNK4	0.18251367068450508	ac
COA3	0.18119423791367328	me1
CNTD1	0.18005895928365445	me1
BECN1	0.17729982583790627	ac
PSME3	0.17550378770003772	ac
AOC2	0.17372881622828218	me1
AOC3	0.1729151379172571	me2
G6PC1	0.17068848835935102	me3_domain
AARSD1	0.17522430013306178	ac
PTGES3L-AARSD1	0.17624764897117917	ac
PTGES3L	0.17736201917001482	ac
RUNDC1	0.17890891242262985	ac
RPL27	0.1803258509172252	ac
IFI35	0.18124822200185675	ac
VAT1	0.18199965921242822	ac
RND2	0.1824291532333584	ac
BRCA1	0.18223431653082334	ac
NBR1	0.19095011487597235	ac
TMEM106A	0.19943623163566082	me1
CCDC200	0.202973781595	ac
ARL4D	0.24996582441223825	me2
DHX8	0.30259833465541486	me1
ETV4	0.3052591279011022	ac
MEOX1	0.3457119827392394	me3_domain
SOST	0.3432984657653063	me3_domain
DUSP3	0.3392036134916324	me1
CFAP97D1	0.3363150875800808	me3_domain
MPP3	0.325328447267077	me2
CD300LG	0.3093215445154951	me3_domain
MPP2	0.2864238400166902	me3_domain
PPY	0.24683219184689964	me2
PYY	0.21443412975760967	me3_domain
NAGS	0.1925036934701504	me1
TMEM101	0.18485907840125737	me1
LSM12	0.1704702690987948	ac
G6PC3	0.16548269666957283	me1
HDAC5	0.16626039080710586	me1
HROB	0.17304352506234633	ac
ASB16	0.17593440878116684	me1
TMUB2	0.17702420957936538	ac
ATXN7L3	0.17732746041900616	ac
UBTF	0.17759764230859754	ac
SLC4A1	0.17910057577428773	me3_domain
RUNDC3A	0.1919750565748949	me3_domain
SLC25A39	0.19606466507705567	ac
GRN	0.2088970012555016	me1
FAM171A2	0.2143420978673638	me2
ITGA2B	0.2255525188022649	ac
GPATCH8	0.2437968275455228	me1
FZD2	0.25642030994122333	ac
MEIOC	0.2783772386598329	Unassigned
CCDC43	0.2786001790798227	ac
DBF4B	0.27406758843307477	me1
ADAM11	0.2682854845489959	me3_domain
GJC1	0.2619859694468728	me3_domain
HIGD1B	0.2581027672832409	me1
EFTUD2	0.255403973350529	ac
CCDC103	0.25290542496239043	ac
GFAP	0.2521252749132218	me2
FAM187A	0.2527154071335861	me2
KIF18B	0.24971571049550545	me1
NMT1	0.22923514163336833	me1
C1QL1	0.246639542246743	me3_domain
DCAKD	0.2289384681722637	ac
PLCD3	0.20007686732112928	me1
ACBD4	0.19495655369065057	me1
HEXIM1	0.19173746717298357	ac
HEXIM2	0.18852103134198062	ac
FMNL1	0.18704250123639565	ac
SPATA32	0.19090891466993387	me1
MAP3K14	0.19696648132014571	me1
ARHGAP27	0.2041541306020942	me2
PLEKHM1	0.20885570611765436	me1
LINC02210-CRHR1	0.3671475456346506	me3_domain
CRHR1	0.369650637031384	me3_domain
SPPL2C	0.36055255479336834	me3_domain
MAPT	0.3381458752600299	me3_domain
STH	0.335112766939051	me2
KANSL1	0.2972491577384475	me1
ARL17B	0.5171081938295015	me1
LRRC37A	0.5125404069919697	Unassigned
ARL17A	0.29842053868120477	me1
LRRC37A2	0.29797780327466894	me1
NSF	0.29853276101266646	Unassigned
WNT3	0.2136692685492061	ac
WNT9B	0.22300146961898992	me3_domain
GOSR2	0.24139526517077659	me3_domain
ENSG00000262633	0.23020212224625314	me3
RPRML	0.23473110464439717	me3
CDC27	0.2074119129401627	ac
MYL4	0.19329066811826268	ac
ITGB3	0.17682815884392222	me1
ENSG00000259753	0.17930239512040447	me1
EFCAB13	0.21383259021987544	Unassigned
NPEPPS	0.21732035488836454	ac
KPNB1	0.20496597815195616	ac
TBKBP1	0.21458350374414437	me1
TBX21	0.2201593825073198	me3_domain
OSBPL7	0.20024229029907104	me1
MRPL10	0.194688541762137	ac
LRRC46	0.19205831038356336	me1
SCRN2	0.1897232965616208	me1
SP6	0.1857582001436262	me2
SP2	0.17944771211980726	me1
PNPO	0.18658682352031586	ac
PRR15L	0.1901422608207206	me1
CDK5RAP3	0.19713818708333675	me1
COPZ2	0.21649450746635968	me1
NFE2L1	0.22177603196852946	ac
CBX1	0.22784442464671928	me1
SNX11	0.2328349197973053	me1
SKAP1	0.24849891032607674	Unassigned
HOXB1	0.18996588706423068	me1
HOXB2	0.18815202420474564	ac
HOXB3	0.18877588648318488	ac
HOXB4	0.18780792672974012	ac
HOXB5	0.19004560279467209	me1
HOXB6	0.19176560869535364	ac
HOXB7	0.1978798372800189	ac
HOXB8	0.19535510093434438	ac
HOXB9	0.1989441451891072	ac
PRAC1	0.24404987042744952	me3_domain
PRAC2	0.24434112563648247	me3_domain
HOXB13	0.2455000889769725	me3_domain
TTLL6	0.24713979357475568	me3_domain
CALCOCO2	0.22860745683043593	me1
ATP5MC1	0.21513307577448515	ac
UBE2Z	0.21242237325056035	ac
SNF8	0.21242170854929598	ac
GIP	0.2147623957273247	ac
IGF2BP1	0.22421036838160047	ac
B4GALNT2	0.27893804943510947	me3_domain
GNGT2	0.3075729122318205	me3_domain
ABI3	0.3104000224866946	me3_domain
PHOSPHO1	0.31284390154430686	me2
ZNF652	0.2935450208315896	me1
PHB1	0.29520141427830826	ac
NGFR	0.3170434375342357	me3_domain
NXPH3	0.27338147460555906	me2
SPOP	0.2245571382706869	me1
SLC35B1	0.1951431748678264	ac
FAM117A	0.19747271604737326	ac
KAT7	0.2121375409716285	ac
TAC4	0.22517795826974796	me1
DLX4	0.3041472049077697	me3_domain
DLX3	0.3124648475646973	me3_domain
ITGA3	0.3114868839864784	me3_domain
PDK2	0.305353662567901	me2
SAMD14	0.30238396791203737	me3_domain
PPP1R9B	0.300186930127598	ac
SGCA	0.2998375381487728	me2
COL1A1	0.3005718525640141	me3_domain
TMEM92	0.2937783463956647	me2
XYLT2	0.26140688904279585	me1
MRPL27	0.25416773436144946	ac
EME1	0.251931628291471	ac
LRRC59	0.24864953662702438	me1
ACSF2	0.2457212207204016	me2
CHAD	0.249494129195713	me3_domain
RSAD1	0.25502952867133044	ac
MYCBPAP	0.272102059194276	me3_domain
EPN3	0.2798296656977203	me3_domain
SPATA20	0.28361149161913646	me2
CACNA1G	0.285321963373369	me3_domain
ABCC3	0.2577925994215825	me2
ANKRD40	0.23717698735742387	ac
LUC7L3	0.22674313745004282	ac
ANKRD40CL	0.2260683972858658	me2
WFIKKN2	0.25150712531279107	me2
TOB1	0.2619721818182015	ac
SPAG9	0.22180170596141158	ac
NME1	0.21548628717207974	ac
NME1-NME2	0.2177258131225872	ac
NME2	0.22058469003659098	ac
MBTD1	0.24906359619522223	ac
UTP18	0.27915757626067483	ac
CA10	0.6217772172975935	Unassigned
KIF2B	0.7396263302434356	me2
TOM1L1	0.57023594566101	me1
COX11	0.5646718056707378	me1
STXBP4	0.5195049639646012	Unassigned
HLF	0.4548301489018738	me2
MMD	0.4305906623958916	me1
SMIM36	0.41967036661606205	me2
TMEM100	0.41467752114204437	ac
PCTP	0.41264697550026364	ac
ANKFN1	0.5407933542565293	Unassigned
NOG	0.4492001112424915	me3_domain
C17ORF67	0.32641912181905697	me3_domain
DGKE	0.29988641790906423	me1
TRIM25	0.2823068708169033	ac
COIL	0.2428962804246385	ac
SCPEP1	0.24559435426143184	ac
AKAP1	0.29738710536384483	me1
MSI2	0.36723464542666007	me1
CCDC182	0.33192158170155883	me3_domain
MRPS23	0.29939564850911016	ac
CUEDC1	0.2963475874359244	me3_domain
VEZF1	0.3099714296252968	ac
ENSG00000266086	0.31560573758795496	ac
SRSF1	0.31731006891418034	ac
DYNLL2	0.32334503357528876	ac
OR4D1	0.311082294453482	me3_domain
OR4D2	0.30761784494867195	me3_domain
EPX	0.30001991155679564	me2
MKS1	0.2956998457841027	me1
LPO	0.2851404417977059	me3_domain
MPO	0.27184586127658295	me3_domain
TSPOAP1	0.25656102954156257	me2
SUPT4H1	0.2494453411442321	ac
ENSG00000285897	0.2529358045775004	ac
RNF43	0.2533413133717951	ac
HSF5	0.27228852194682474	Unassigned
MTMR4	0.2785484220652339	ac
SEPTIN4	0.2742306690951851	me2
TEX14	0.25401868010328554	me2
IGBP1C	0.24632335206112832	ac
RAD51C	0.24378129857904351	ac
PPM1E	0.2756428606921594	Unassigned
TRIM37	0.2779396121305979	Unassigned
SKA2	0.24694892221935794	ac
PRR11	0.23764887455383754	ac
ENSG00000265303	0.23523347681163176	me1
SMG8	0.23501972110369052	ac
GDPD1	0.2367421244779664	ac
YPEL2	0.2565041280580419	me3_domain
DHX40	0.2713346631463033	Unassigned
CLTC	0.25285091961567563	ac
PTRH2	0.23875123303076995	ac
VMP1	0.21730365602718094	ac
TUBD1	0.21277009921502554	ac
RPS6KB1	0.21415236915509483	ac
ENSG00000267318	0.2172069548574389	ac
RNFT1	0.21732139555241758	ac
HEATR6	0.2520732805892685	me1
CA4	0.29493041852511004	me3_domain
USP32	0.27361910865951955	ac
CHCT1	0.24802190032394278	ac
APPBP2	0.28747898210272604	Unassigned
PPM1D	0.29402919587862153	me1
BCAS3	0.45472529708827814	me3
TBX2	0.49006148352680434	me3_domain
TBX4	0.4757577649934237	me3_domain
NACA2	0.3805917457635698	me3_domain
BRIP1	0.3434234337389589	Unassigned
INTS2	0.31469662789591357	Unassigned
MED13	0.2737890136627966	Unassigned
EFCAB3	0.2760111235461302	Unassigned
METTL2A	0.2716916287064509	me1
TLK2	0.25638324111496946	ac
MRC2	0.2677326279203832	me2
MARCHF10	0.3208373537385537	me3_domain
TANC2	0.3254030395822479	Unassigned
CYB561	0.2218325509987641	ac
ACE	0.20949234817532225	me3_domain
ENSG00000264813	0.20596079927434952	me3_domain
KCNH6	0.19897257713096805	me3_domain
DCAF7	0.19516787248850365	ac
ENSG00000288894	0.19541746076465827	ac
TACO1	0.19654117834464502	ac
MAP3K3	0.21402426567108535	me1
STRADA	0.2337933203647199	me1
LIMD2	0.23021132650807818	me1
ENSG00000125695	0.2375757146575055	me1
CCDC47	0.24059649286529483	ac
DDX42	0.23733984462389146	ac
FTSJ3	0.23357057879749366	ac
PSMC5	0.23320058187281834	ac
SMARCD2	0.23267242106348962	ac
CSH2	0.2352089350816342	me3
GH2	0.2369677632370275	me3_domain
CSH1	0.2410756451391629	me3_domain
CSHL1	0.24611132898660737	me3_domain
GH1	0.24896915666984798	me3_domain
ENSG00000285947	0.25140272849901446	me2
CD79B	0.25384548788616046	me2
SCN4A	0.2633656337598319	me3_domain
PRR29	0.27485866057932773	me1
ICAM2	0.27612819167772684	ac
ERN1	0.27679744229316805	me1
TEX2	0.273817937979675	me1
PECAM1	0.2424066400846524	me1
MILR1	0.25104921146656056	me1
POLG2	0.26126454709890223	ac
DDX5	0.27028622247217426	ac
CEP95	0.28208398329041207	ac
SMURF2	0.3099888296673744	ac
LRRC37A3	0.22227878608204898	ac
GNA13	0.257544546812411	me1
RGS9	0.33555889470518696	me2
AXIN2	0.5307190491868705	me2
ENSG00000266076	0.5383477916259167	me3_domain
CEP112	0.44851610316035706	Unassigned
APOH	0.2792388963667449	me3_domain
PRKCA	0.3654600284142244	me1
CACNG5	0.4101323546014257	me3_domain
CACNG4	0.39995995922308303	me3_domain
CACNG1	0.3994059102234975	me3_domain
HELZ	0.3597068148310487	Unassigned
PSMD12	0.30296954185354796	ac
PITPNC1	0.3180475351360793	me3_domain
NOL11	0.24901205441903473	ac
BPTF	0.2714611291366704	me1
C17ORF58	0.2730997813124051	ac
KPNA2	0.2830064531503558	ac
AMZ2	0.35283008916885916	me3
ARSG	0.4149181956946977	me3_domain
SLC16A6	0.38903674270675825	me3_domain
WIPI1	0.4293009507737824	ac
PRKAR1A	0.44986425381828654	ac
FAM20A	0.47797958551968445	me3_domain
ABCA8	0.4664959573385954	Unassigned
ABCA9	0.39715221835307124	me2
ABCA6	0.40388204188816623	ac
ABCA10	0.4296771892435932	Unassigned
ABCA5	0.45628556371778184	Unassigned
MAP2K6	0.5087011369324512	me3
KCNJ16	0.3776017126339305	Unassigned
KCNJ2	0.408395290664589	me3
SOX9	0.6574753000528641	me3
SLC39A11	0.4421502390344464	me2
SSTR2	0.34998282224657573	me3_domain
COG1	0.33991182346630344	ac
FAM104A	0.33519612156314704	ac
C17ORF80	0.3335972008646231	ac
CPSF4L	0.33442241486463886	me2
CDC42EP4	0.346101870667609	ac
SDK2	0.4529260375742412	me3_domain
RPL38	0.36913655929527633	ac
TTYH2	0.358798846697281	me2
DNAI2	0.34815073061283675	ac
KIF19	0.3486893924123565	me3_domain
BTBD17	0.3513756399185698	me3_domain
GPR142	0.35339034629298904	me3_domain
GPRC5C	0.37191978824630434	me3
CD300A	0.3776429366750751	me3
CD300LB	0.3715672040901191	me3_domain
CD300C	0.36637885714689866	me3_domain
CD300H	0.3593360975246287	me3_domain
CD300LD	0.35185999491201214	me3_domain
CD300E	0.34290079881352975	me3_domain
RAB37	0.3240141641549691	me3_domain
CD300LF	0.3257838831807095	me3_domain
NHERF1	0.30874497767345443	me1
NAT9	0.3027085155024656	me1
TMEM104	0.2887808905054291	me1
GRIN2C	0.27123416700094904	me2
FDXR	0.2641013197069345	ac
FADS6	0.2576453252109018	me2
USH1G	0.23998134330810028	me2
OTOP2	0.2364857364225017	me3_domain
OTOP3	0.22890011522887588	me3_domain
HID1	0.21811587801254417	me2
CDR2L	0.20015254538746663	me1
MRPL58	0.1904565936908611	ac
KCTD2	0.17857875777007537	ac
ATP5PD	0.17992407933721988	ac
SLC16A5	0.168554880747115	ac
ARMC7	0.1676520429118915	ac
NT5C	0.16798832639987127	ac
JPT1	0.17015787693349627	ac
SUMO2	0.17351675106857034	ac
NUP85	0.18346385302773627	ac
GGA3	0.18996852036147605	ac
MRPS7	0.19243272801773315	ac
MIF4GD	0.19340455599739736	ac
SLC25A19	0.19531480869047313	ac
GRB2	0.20202546394377308	ac
TMEM94	0.20723363952514862	me1
CASKIN2	0.20940476511930484	me1
TSEN54	0.21036905745275658	me1
LLGL2	0.2143293985107414	me1
MYO15B	0.22313709104516088	me2
RECQL5	0.22475980562136366	me1
SMIM5	0.22560292739876675	me1
SMIM6	0.22540029735823408	me1
SAP30BP	0.21784858496230475	me1
ITGB4	0.19753470271761675	me2
GALK1	0.18896827051680742	me1
H3-3B	0.18062898409754102	ac
UNK	0.17540438944666736	ac
UNC13D	0.17214478105892683	ac
WBP2	0.17281116035610666	ac
TRIM47	0.1761458878712533	me1
TRIM65	0.17843799800453808	ac
MRPL38	0.18110524606384681	ac
ENSG00000267426	0.18365365660663713	me1
FBF1	0.185814433825507	me1
ACOX1	0.19131853728078851	ac
TEN1-CDK3	0.19406658616458006	me1
TEN1	0.1939754396942941	ac
CDK3	0.19443776406768476	me1
EVPL	0.194408738397295	me2
SRP68	0.19263490968612595	me1
ZACN	0.19094575516580503	me3_domain
GALR2	0.19110690344576198	me3_domain
EXOC7	0.18826507569287898	me1
FOXJ1	0.18263535532958608	me3_domain
RNF157	0.1704645696796302	ac
UBALD2	0.15552932572423117	ac
QRICH2	0.15624979144767603	me1
PRPSAP1	0.1693531267781867	ac
SPHK1	0.1815431667650097	ac
UBE2O	0.1941302736747239	me1
AANAT	0.20155545129312769	me2
RHBDF2	0.2013494520611897	me2
CYGB	0.19226743325872064	ac
PRCD	0.19218097474078388	me1
ENSG00000284526	0.18501075389569466	me1
ST6GALNAC2	0.18248045765054866	me2
ST6GALNAC1	0.17197773558436535	ac
MXRA7	0.1804527697674968	me2
JMJD6	0.19263832624426247	ac
METTL23	0.1980812070589405	ac
ENSG00000267168	0.2013623393665661	ac
SRSF2	0.20196778253345982	ac
MFSD11	0.21701199402265958	ac
MGAT5B	0.28789569935825976	me3_domain
SEC14L1	0.24823949813708934	me1
SEPTIN9	0.32969819697595537	me1
TNRC6C	0.20154958587943728	me1
TMC6	0.16190585434384086	ac
TMC8	0.15734125957695655	ac
C17ORF99	0.15380043791155895	ac
SYNGR2	0.15246154581175464	ac
TK1	0.15239539403671987	ac
AFMID	0.15339905438900103	ac
BIRC5	0.15647632825289393	ac
TMEM235	0.15955331985636534	me1
SOCS3	0.18578701115098117	ac
PGS1	0.20712289313203058	me1
DNAH17	0.27693230481964937	me3_domain
CYTH1	0.31145060556610926	me1
USP36	0.32431910378921747	me1
TIMP2	0.3353704051338192	me3_domain
CEP295NL	0.3361236106748936	me3_domain
LGALS3BP	0.36724498772351066	me2
CANT1	0.38043547921511367	me1
C1QTNF1	0.39769168046230274	me3_domain
ENGASE	0.41779730375483026	me1
RBFOX3	0.4107429811890323	me3_domain
ENPP7	0.2649467106388451	me2
CBX2	0.2660071140569529	me1
CBX8	0.2681889825304681	ac
CBX4	0.27206961318247114	ac
TBC1D16	0.29924214311473574	me3_domain
CCDC40	0.3178457253711935	me3_domain
GAA	0.313744433716142	me3_domain
EIF4A3	0.3100042814393007	ac
CARD14	0.31191074337968017	me3_domain
SGSH	0.31426358059918735	me1
SLC26A11	0.31535821624841986	me1
RNF213	0.30115558748621263	me1
ENDOV	0.3031771848385334	me3_domain
NPTX1	0.3249180684593892	me3_domain
RPTOR	0.2995283396937001	me1
ENSG00000289764	0.3426717347918816	ac
CHMP6	0.18562464925753897	me1
BAIAP2	0.200286652268429	me1
AATK	0.22779106008516115	me3_domain
PVALEF	0.23448695648291495	me3_domain
CEP131	0.22832766569082874	me1
TEPSIN	0.2173304208504463	me1
NDUFAF8	0.21463442240884445	ac
SLC38A10	0.20030449010463425	me1
BAHCC1	0.19185591029692417	me1
ACTG1	0.18519279175002412	ac
FSCN2	0.1824203989538522	me1
FAAP100	0.17981357995225755	ac
NPLOC4	0.17458000220924563	ac
TSPAN10	0.1729730165420338	me1
PDE6G	0.1725710272492157	me1
OXLD1	0.17223058589054985	ac
CCDC137	0.17206081222250225	ac
ARL16	0.1712662623787612	ac
HGS	0.1704509661463769	ac
MRPL12	0.1692548750868308	ac
ENSG00000262660	0.1684668725432753	ac
SLC25A10	0.16788904420754958	ac
GCGR	0.15682957715077184	me3_domain
MCRIP1	0.15610249578922852	ac
PPP1R27	0.1561103331255418	ac
P4HB	0.15690071458905275	ac
ARHGDIA	0.15848624742507111	ac
ALYREF	0.16109279314676928	ac
ANAPC11	0.16183448784693166	ac
NPB	0.1626896580590812	ac
PCYT2	0.16345641942907263	ac
SIRT7	0.16491025690511263	ac
MAFG	0.16574597255736678	ac
PYCR1	0.16742670844176033	ac
MYADML2	0.16803217157827344	me1
NOTUM	0.16912432911826547	me1
ASPSCR1	0.1699322135124366	me1
CENPX	0.16940296881726635	ac
LRRC45	0.16923469227829313	me1
RAC3	0.16903189591790924	ac
DCXR	0.16887734945219324	ac
RFNG	0.16844404713473993	me1
GPS1	0.16835259140916836	me1
DUS1L	0.16813296682162215	ac
FASN	0.16772795344670954	ac
CCDC57	0.167400508915016	me1
SLC16A3	0.16476925818132104	ac
CSNK1D	0.1638344748112529	ac
CD7	0.1603742335487004	me2
SECTM1	0.1596281914076053	me1
TEX19	0.15710650389697722	me1
UTS2R	0.15600582501195182	me1
OGFOD3	0.1537932224005394	me1
HEXD	0.15299392614045326	me1
CYBC1	0.15344678780604115	me1
NARF	0.15750212900131766	ac
FOXK2	0.2117220197702372	me1
WDR45B	0.2430036713713064	ac
RAB40B	0.25924629118525244	me3_domain
FN3KRP	0.26652437252474326	me1
FN3K	0.26881060275334434	me1
TBCD	0.3054333097744337	me1
ZNF750	0.29960814139359315	me1
B3GNTL1	0.327565857233309	me1
METRNL	0.3234566605956656	me1
TUBB8B	0.4747577377989438	me3
USP14	0.4324682555831537	ac
THOC1	0.44892054521672753	ac
COLEC12	0.4249714981613081	me3_domain
CETN1	0.2723889632983443	me3_domain
CLUL1	0.24979759959397985	me2
TYMS	0.2303807873721947	ac
ENOSF1	0.2184575351696154	ac
YES1	0.19701599475387543	ac
ADCYAP1	0.24249528699712686	me3_domain
METTL4	0.3328518386033358	ac
NDC80	0.3225359515523891	ac
SMCHD1	0.3051366625473044	ac
EMILIN2	0.3025496643072567	me2
LPIN2	0.33063245824647614	me1
MYOM1	0.342265115673985	me2
MYL12A	0.32765694395740197	ac
MYL12B	0.32955662493007576	ac
TGIF1	0.29829696995613375	ac
DLGAP1	0.4244122042915607	ac
AKAIN1	0.7821397677989302	Unassigned
ZBTB14	0.7924898430508147	ac
EPB41L3	0.8121540471919115	Unassigned
TMEM200C	0.7940416219560602	me2
L3MBTL4	0.7735491141739343	Unassigned
ARHGAP28	0.6703200130009248	me2
LAMA1	0.6982833174309944	me3_domain
LRRC30	0.739765584249438	me3_domain
PTPRM	0.6761342965479464	me3
RAB12	0.3822962006682221	me1
MTCL1	0.3125232941653059	me3_domain
NDUFV2	0.24199719827615251	ac
ANKRD12	0.2756179579056891	ac
TWSG1	0.2897752368377712	me1
RALBP1	0.2566349651303981	me1
PPP4R1	0.24082511840523213	ac
RAB31	0.1922203540814208	me1
TXNDC2	0.1572758510107477	ac
VAPA	0.16460304006208915	ac
APCDD1	0.48080103529700713	me3_domain
NAPG	0.4828596779302309	ac
PIEZO2	0.6250724223424551	me3
SLC35G4	0.4661611249296749	me3
GNAL	0.34279036621733494	me3_domain
CHMP1B	0.31457941827319913	ac
MPPE1	0.30493311418072266	me1
IMPA2	0.31577013700441314	me2
ANKRD62	0.324209237736347	Unassigned
CIDEA	0.24864353379048298	me3
TUBB6	0.23702521453555947	ac
AFG3L2	0.2353368293615119	ac
PRELID3A	0.2395180036665745	me1
SPIRE1	0.29180685554507346	me1
PSMG2	0.3178911474678944	ac
CEP76	0.31926201234645357	ac
PTPN2	0.298582610258439	me1
SEH1L	0.3187828622708446	ac
CEP192	0.3763577366496632	ac
LDLRAD4	0.5637548291984181	me3_domain
FAM210A	0.5791070250443633	me1
RNMT	0.5831914224024024	ac
MC5R	0.6170309784483767	me3
MC2R	0.6740442863605467	me3
ZNF519	0.7614778655558385	Unassigned
POTEC	0.8384110318881176	Unassigned
ANKRD30B	0.8484509752177968	Unassigned
ROCK1	0.5874512553618527	Unassigned
GREB1L	0.47064967352359477	me3_domain
ESCO1	0.3958422294895658	ac
SNRPD1	0.31982632516156184	ac
ABHD3	0.27272159137967766	ac
MIB1	0.2934216752266434	ac
GATA6	0.5442752239353612	me3_domain
CTAGE1	0.6222232923710371	me3_domain
RBBP8	0.49748158040348545	Unassigned
CABLES1	0.42598046705473325	me3_domain
TMEM241	0.3749397499619683	me2
RIOK3	0.29841349233091885	ac
RMC1	0.31185492453095653	me1
NPC1	0.33057146774654744	me1
ANKRD29	0.3866228497524452	me3_domain
LAMA3	0.5200337743857082	me3
TTC39C	0.6931009998600136	me3
CABYR	0.6954343863721724	me3
OSBPL1A	0.7237280612573542	me3
IMPACT	0.7365472880516679	ac
HRH4	0.7372952460482551	me2
ZNF521	0.7660908769429757	Unassigned
SS18	0.5864632931201703	ac
PSMA8	0.5869378256031206	me3_domain
TAF4B	0.6024489849298305	me1
KCTD1	0.6811393768036842	me3
AQP4	0.8079015416734467	me2
CHST9	0.8404085427194389	Unassigned
CDH2	0.8927288687062237	Unassigned
DSC3	0.7129957868925552	Unassigned
DSC2	0.72011238188391	ac
DSC1	0.7330383786669861	Unassigned
DSG1	0.7077814896502626	Unassigned
DSG4	0.6880843955356286	me3
DSG3	0.668527324353748	me3
DSG2	0.647920850871996	ac
TTR	0.6303453031583087	me3_domain
B4GALT6	0.6149055791633264	me3
SLC25A52	0.5787179731004488	me3_domain
TRAPPC8	0.5105480448012341	ac
RNF125	0.4928008073071124	me3_domain
RNF138	0.5025933320671092	ac
GAREM1	0.6331922919447086	me2
MEP1B	0.5560292619688685	me2
KLHL14	0.7849784197624673	Unassigned
CCDC178	0.8535016551420778	Unassigned
ASXL3	0.8544961304861513	Unassigned
NOL4	0.8248013038296164	Unassigned
DTNA	0.6532827784417697	Unassigned
MAPRE2	0.4529959269493855	me1
ZNF397	0.4469716953527547	ac
ZSCAN30	0.4488219105448318	ac
ZNF24	0.45712892475085365	ac
ZNF396	0.46220607065654873	me2
ENSG00000267140	0.47576683888449456	ac
INO80C	0.4761531360799808	ac
GALNT1	0.4925056563905943	me1
C18ORF21	0.4175912476780831	ac
RPRD1A	0.3990982508914075	me1
SLC39A6	0.3996685930896585	ac
ELP2	0.41052755321259027	ac
MOCOS	0.429539989328083	me1
FHOD3	0.540723406546049	me3_domain
TPGS2	0.6158800152422854	ac
KIAA1328	0.652190323817913	Unassigned
CELF4	0.6685197312711703	me2
PIK3C3	0.8250388393703807	Unassigned
RIT2	0.835902468886631	Unassigned
SYT4	0.841195199881134	Unassigned
SETBP1	0.7359612193420777	me3
SLC14A2	0.5074367751620217	Unassigned
SLC14A1	0.3686981573202367	me3
EPG5	0.33105452037524474	me1
SIGLEC15	0.34709773840545755	me2
PSTPIP2	0.2542073420347931	ac
ATP5F1A	0.2283434208828764	ac
HAUS1	0.22657106173613617	ac
C18ORF25	0.2625202012746476	me1
RNF165	0.3443638905253492	me3
LOXHD1	0.4281371560065328	Unassigned
ST8SIA5	0.4726791023574046	me3_domain
PIAS2	0.4980699693358036	Unassigned
KATNAL2	0.47446619626348363	me3_domain
ELOA2	0.47640637942955766	me3_domain
HDHD2	0.442686643227439	Unassigned
ENSG00000267228	0.4377400064613044	me1
IER3IP1	0.4296456672314216	me1
SKOR2	0.42906745966202176	Unassigned
SMAD2	0.4381953844435461	ac
ZBTB7C	0.4679269619250116	me3
CTIF	0.28332903610966265	me2
SMAD7	0.2183406887255266	ac
DYM	0.31235722341193817	Unassigned
C18ORF32	0.34434555628860564	ac
RPL17-C18ORF32	0.34435578804135725	ac
RPL17	0.3443528454665896	ac
LIPG	0.3459352061709856	me3
ACAA2	0.42859587308718916	ac
ENSG00000266997	0.4371687221106647	Unassigned
MYO5B	0.4754328194401424	me3
CFAP53	0.3959049540618623	Unassigned
MBD1	0.38431469117958306	ac
CXXC1	0.3805717985773519	ac
SKA1	0.37343583231456967	ac
MAPK4	0.4293853142788776	me3
MRO	0.3749287415099518	me3_domain
ME2	0.35394537153127414	Unassigned
ELAC1	0.3589260167354812	ac
ENSG00000267699	0.3641390448637203	ac
SMAD4	0.3715186406161394	Unassigned
MEX3C	0.4207053386636058	ac
DCC	0.8121858152147274	Unassigned
MBD2	0.44565767465458483	me1
POLI	0.4458215604416772	ac
STARD6	0.4455560654063875	ac
C18ORF54	0.4363310320962681	ac
DYNAP	0.5859927861735633	Unassigned
RAB27B	0.5197684575011324	Unassigned
CCDC68	0.5019967191165542	ac
TCF4	0.39519452488127316	Unassigned
TXNL1	0.4487363289458032	ac
WDR7	0.48444858723520323	Unassigned
BOD1L2	0.4491192795809059	me3_domain
ST8SIA3	0.3569065201051468	me3
ONECUT2	0.336579047714445	me2
FECH	0.29686631856092716	ac
NARS1	0.2766227197938802	ac
ATP8B1	0.3028490759361486	me2
NEDD4L	0.4309311547702157	me1
ALPK2	0.44951048806963423	me3
MALT1	0.49800695894509206	Unassigned
ZNF532	0.5708492101865745	me3
SEC11C	0.5997880577182546	me2
GRP	0.5706379157335035	me3_domain
RAX	0.5596266669061607	me3_domain
CPLX4	0.5595824081187051	me3_domain
LMAN1	0.5675597440121898	ac
CCBE1	0.5774810717827135	me3
PMAIP1	0.4368225781140803	ac
MC4R	0.6693849561911958	Unassigned
CDH20	0.7428783113382469	Unassigned
RNF152	0.6411044449037289	me3
PIGN	0.5408895021221782	Unassigned
RELCH	0.40738701860762383	Unassigned
TNFRSF11A	0.3910604305325581	me3_domain
ZCCHC2	0.3628454760676487	ac
PHLPP1	0.38884702373274405	me1
BCL2	0.42893751215364373	me3
KDSR	0.3945654996353516	ac
VPS4B	0.4005349024233896	ac
SERPINB5	0.4505440642040728	me3
SERPINB12	0.4831343277186003	me2
SERPINB13	0.49470274399034575	Unassigned
SERPINB4	0.5094267424287484	Unassigned
SERPINB11	0.5353593621812887	Unassigned
SERPINB3	0.5177561882686132	Unassigned
SERPINB7	0.6025726128190103	Unassigned
SERPINB2	0.6644268111054266	Unassigned
ENSG00000289724	0.6745539392321979	Unassigned
SERPINB10	0.6829954697064038	Unassigned
HMSD	0.712536245041915	me2
SERPINB8	0.7367400921611029	Unassigned
CDH7	0.8502966913635797	Unassigned
CDH19	0.8290648748316384	Unassigned
DSEL	0.8770757535537355	me2
TMX3	0.8114382394301771	ac
CCDC102B	0.7981123959375915	Unassigned
DOK6	0.6915304252960647	Unassigned
CD226	0.626137087250085	me2
RTTN	0.5769646724336798	me1
SOCS6	0.494104090689942	ac
CBLN2	0.8408413149436893	Unassigned
NETO1	0.8102187754282845	Unassigned
FBXO15	0.5871383636880735	me3
TIMM21	0.5717269545138794	ac
CYB5A	0.5744474447163738	me2
C18ORF63	0.5631762452899954	Unassigned
DIPK1C	0.5471823865537758	me3_domain
CNDP2	0.554743154139412	ac
CNDP1	0.5596565637281328	me3_domain
ZNF407	0.6042671837861311	Unassigned
PTGR3	0.5985949608128871	ac
TSHZ1	0.6035568217121716	me2
SMIM21	0.6267202343949663	me3
ZNF516	0.6415650242479337	me3_domain
ZNF236	0.4889917008260384	me1
MBP	0.539844383179497	me3_domain
GALR1	0.6344623379711768	me3
SALL3	0.5038553325432444	me3
ATP9B	0.4781804041553963	me1
NFATC1	0.3871319018203102	me1
CTDP1	0.4155526744434993	me1
KCNG2	0.41009914281117454	me3_domain
SLC66A2	0.4019574203762786	me1
HSBP1L1	0.393631428345974	me1
TXNL4A	0.3831613681511711	ac
ENSG00000267127	0.3670346689980165	Unassigned
RBFA	0.37103321914040865	ac
ADNP2	0.37062603344793554	me1
PARD6G	0.4512177778068317	me3_domain
OR4F17	0.32767401411464203	ac
PLPP2	0.2515543355273764	me2
MIER2	0.28537106988504557	me1
THEG	0.2876915477932436	me3_domain
C2CD4C	0.26986908225031725	me3_domain
SHC2	0.250784891978023	me3_domain
ODF3L2	0.23133895847461217	me2
MADCAM1	0.21458094416437912	ac
TPGS1	0.20526224193465725	ac
CDC34	0.19356334688635501	ac
GZMM	0.18923978478654935	me1
BSG	0.17935528832388126	ac
HCN2	0.17456699484784632	ac
POLRMT	0.1722226498546492	ac
FGF22	0.17134654920333292	me1
RNF126	0.17095952023722372	ac
FSTL3	0.17092995839928893	ac
PRSS57	0.171166533950169	me2
PALM	0.17268111852650714	me2
MISP	0.17451823311015846	me1
PTBP1	0.17742682047464708	ac
PLPPR3	0.17758713497384893	ac
AZU1	0.1773738070504589	ac
PRTN3	0.17645008469234402	ac
ELANE	0.17562872856367773	me1
CFD	0.1744693033122935	ac
MED16	0.1718768027224291	ac
R3HDM4	0.16777624407918057	ac
KISS1R	0.16557536268062478	ac
ARID3A	0.16240928883981598	ac
WDR18	0.16244146532291015	ac
GRIN3B	0.1637606128768817	me1
TMEM259	0.16513923371062655	ac
CNN2	0.16734475291766426	ac
ABCA7	0.16981132998802384	ac
ARHGAP45	0.17165368946468762	me1
POLR2E	0.171890141854802	ac
GPX4	0.17132952354210884	ac
SBNO2	0.16704906873663494	me1
STK11	0.1606711077833367	ac
CBARP	0.1610319088597657	me1
ATP5F1D	0.16195777201185035	ac
MIDN	0.16336606104435025	ac
CIRBP	0.16545882934525924	ac
FAM174C	0.16720548185993733	ac
EFNA2	0.1699878298970653	me3_domain
PWWP3A	0.17545261907556298	me1
NDUFS7	0.17357236029770873	ac
GAMT	0.17222414297064315	ac
DAZAP1	0.16898741168976483	ac
RPS15	0.1660799233149085	ac
APC2	0.16275159431929598	me1
C19ORF25	0.1609964527958574	ac
PCSK4	0.15886916018432917	ac
REEP6	0.15804657835593017	ac
ADAMTSL5	0.15674267129262165	ac
PLK5	0.1562687555458211	me3_domain
MEX3D	0.15757755377941152	me1
MBD3	0.16115432340286018	ac
ENSG00000267059	0.16327893157284723	ac
UQCR11	0.16577814714451233	ac
TCF3	0.17675188964010924	ac
ONECUT3	0.2003314983441714	me3_domain
ATP8B3	0.18653639819375845	me1
REXO1	0.16730699986319975	ac
KLF16	0.1543266247595172	ac
ABHD17A	0.14689408622167544	me1
SCAMP4	0.1445335205988053	ac
ADAT3	0.14410236156715295	ac
CSNK1G2	0.15566940867419676	me1
BTBD2	0.17371781735906833	me1
MKNK2	0.18315572884731268	ac
MOB3A	0.18506257972055673	me1
IZUMO4	0.18390547795656342	me1
AP3D1	0.17739159178319253	ac
DOT1L	0.16979405537421288	ac
PLEKHJ1	0.17351087642094887	ac
SF3A2	0.1759181611317946	ac
AMH	0.1787431618334604	ac
JSRP1	0.1836509295913501	ac
OAZ1	0.1882465548153529	ac
ENSG00000273734	0.20859169039062952	ac
PEAK3	0.19255087109739277	me1
LINGO3	0.20423381156829445	me2
LSM7	0.22227874316499774	ac
SPPL2B	0.232630000941343	me1
TMPRSS9	0.2603800771199911	me2
TIMM13	0.2733732614510772	ac
LMNB2	0.2770329366794292	me1
GADD45B	0.2831008648553268	me2
GNG7	0.30770658388597194	me3_domain
DIRAS1	0.313936592305345	me2
ENSG00000267001	0.3105307504811238	ac
SLC39A3	0.3081423186045531	ac
SGTA	0.29433482910450637	me1
THOP1	0.27906370374566547	me1
ZNF554	0.2640670066374058	me1
ZNF555	0.2508271766892983	me1
ZNF556	0.2354897169191521	me2
ZNF57	0.21275415314191326	me1
ZNF77	0.1931277292702327	ac
TLE6	0.1701277087059876	me2
TLE2	0.16369846709057512	ac
TLE5	0.16654647513742338	ac
GNA11	0.18576025973724097	me1
GNA15	0.20581594213775378	me1
S1PR4	0.21759293177269246	me1
NCLN	0.22489336127184079	ac
CELF5	0.231114935582454	me2
NFIC	0.20721236501980644	ac
SMIM24	0.18945526029956117	me1
SMIM44	0.1880992918194465	me3_domain
DOHH	0.18493214740967556	ac
FZR1	0.1797727953721533	me1
MFSD12	0.17709535182300873	me1
TEKTIP1	0.17703475043391204	me1
HMG20B	0.1781627421932096	ac
GIPC3	0.1806056700232591	me1
TBXA2R	0.18362377157331866	ac
CACTIN	0.18917199950428976	ac
PIP5K1C	0.20435785465094203	me1
TJP3	0.21550438248770387	me2
APBA3	0.21605750992157924	ac
MRPL54	0.21590097272987463	ac
RAX2	0.2157635371443155	me1
MATK	0.21543088572734104	me1
ZFR2	0.2163075638396198	me2
ATCAY	0.21577968942803682	me3_domain
NMRK2	0.21196191010624466	me3_domain
DAPK3	0.20674234332358876	me1
EEF2	0.20364827021922083	ac
PIAS4	0.19748879569564148	me1
ZBTB7A	0.1953378881510378	ac
MAP2K2	0.19588730505159913	me1
CREB3L3	0.19673014827956892	me3_domain
SIRT6	0.19660235972252227	ac
ANKRD24	0.19613613526791562	me3_domain
EBI3	0.19531002829981825	me2
YJU2	0.19417097764871305	me1
SHD	0.19244236901013712	me3_domain
TMIGD2	0.19137527525057918	me2
FSD1	0.18990752979758274	me1
STAP2	0.18785311841114605	me1
MPND	0.18611907361145708	me1
SH3GL1	0.1844364317693865	ac
CHAF1A	0.18625822963196859	ac
UBXN6	0.19051174456916298	ac
HDGFL2	0.19934665182938804	me1
PLIN4	0.20644833939555896	me3_domain
PLIN5	0.21156154080448464	me1
ENSG00000267385	0.2129500407039454	ac
LRG1	0.21395701304479975	ac
SEMA6B	0.21908058304108224	me1
TNFAIP8L1	0.22709994854370885	me1
MYDGF	0.22704781767200133	me1
DPP9	0.22463965906288064	me1
FEM1A	0.20575805998481878	ac
TICAM1	0.19842791233661738	me1
PLIN3	0.19346611062410746	ac
ARRDC5	0.19476452607244132	me2
UHRF1	0.20695074583830675	me1
KDM4B	0.288761829840947	me1
PTPRS	0.3439720498519009	me1
ZNRF4	0.3358454859999359	me3_domain
TINCR	0.276030762686876	me2
SAFB2	0.2503272685345196	ac
SAFB	0.23033962912259798	ac
RPL36	0.2186027621409068	ac
MICOS13	0.21910615265523437	ac
HSD11B1L	0.218343068110034	ac
LONP1	0.2154319517926484	ac
CATSPERD	0.21309486813910072	me3_domain
PRR22	0.2119442331281921	me1
ENSG00000267157	0.21191832069411565	me1
DUS3L	0.2118320114573241	ac
NRTN	0.21137996302147144	me1
FUT6	0.21158507884363498	me3_domain
FUT3	0.21210472992147145	me3_domain
FUT5	0.2138153473728076	me3_domain
ENSG00000267740	0.21597294338909268	me1
NDUFA11	0.21786719579115332	me1
ENSG00000267314	0.2197314928637002	me1
VMAC	0.21940141127670232	me1
CAPS	0.22051314228886865	me1
RANBP3	0.22608217112256868	me1
RFX2	0.261976005021469	me1
ACSBG2	0.28903891415665073	me2
MLLT1	0.2901542107250834	me1
ACER1	0.25991643683424925	me3_domain
CLPP	0.2544238419352096	ac
ALKBH7	0.25570612544643767	ac
PSPN	0.25663459771617914	me1
GTF2F1	0.25955308330221494	ac
KHSRP	0.27436505375463693	ac
SLC25A41	0.280732010325755	me1
SLC25A23	0.2934951112232763	me1
CRB3	0.30194695797760385	me3_domain
DENND1C	0.3077856273090035	me2
TUBB4A	0.31908470890329366	me2
TNFSF9	0.3286005278614986	ac
CD70	0.3291456407848312	ac
TNFSF14	0.32383311679119675	me2
C3	0.3235554871611598	me1
GPR108	0.32383664506274246	ac
TRIP10	0.32395023118726496	ac
SH2D3A	0.32411215726947873	me1
VAV1	0.327089427193733	me2
ADGRE1	0.3546451792786772	Unassigned
MBD3L2B	0.4217564722337097	me3
MBD3L5	0.42780321246743125	me3
MBD3L4	0.43204683905890295	me3
MBD3L2	0.43701617986810326	me3
MBD3L3	0.44230972807143043	me3
ZNF557	0.4467532981089265	me1
INSR	0.42065364670715644	me3_domain
ARHGEF18	0.3119971866318042	me1
PEX11G	0.2810832482118043	me1
TEX45	0.2802225901810641	me1
ENSG00000267952	0.280586841901729	me1
ZNF358	0.2810047894923383	me1
MCOLN1	0.2825411203915057	me1
ENSG00000268614	0.28430054755444023	me1
PNPLA6	0.2873303273030785	me1
CAMSAP3	0.30637140759794435	me3_domain
XAB2	0.31113872017534616	me1
PET100	0.3122374384197838	ac
ENSG00000268400	0.31343048349716796	me1
PCP2	0.3127387087365828	me1
STXBP2	0.3139627180223996	me1
RETN	0.3147305270275438	me3_domain
MCEMP1	0.3138748983263906	me2
ENSG00000269711	0.3135703762654365	me1
TRAPPC5	0.31301318429746505	me1
FCER2	0.31050357650787586	me3_domain
CLEC4G	0.29841631673604496	me3_domain
ENSG00000288669	0.295829720097186	me3_domain
CD209	0.2929255710891958	me2
CLEC4M	0.2823171969424588	me3_domain
EVI5L	0.2429142947923434	me2
PRR36	0.23418887255915333	ac
LRRC8E	0.22943821864933833	me1
MAP2K7	0.228135637379709	ac
TGFBR3L	0.22795800492178786	me1
SNAPC2	0.2280808579376401	ac
CTXN1	0.22835425058519898	ac
TIMM44	0.22959453146251785	ac
ELAVL1	0.24516478730430658	me1
CCL25	0.28031462152725406	me1
FBN3	0.29013778565526893	me3_domain
CERS4	0.2664370712574331	me2
CD320	0.24330364108085634	ac
ENSG00000167774	0.2400670245854477	ac
NDUFA7	0.2399846554531342	ac
RPS28	0.2378994218620758	ac
KANK3	0.2339466595479256	me2
ANGPTL4	0.22267696271371296	me2
RAB11B	0.21583533392079646	me1
MARCHF2	0.21290136422564743	me1
HNRNPM	0.2169700407571229	ac
PRAM1	0.22437496633182163	me2
ZNF414	0.22924683434324833	ac
MYO1F	0.23969037792550918	me2
ADAMTS10	0.24872694232548198	me3_domain
NFILZ	0.27820430344630065	me3_domain
ACTL9	0.3104325302692402	me2
OR2Z1	0.3387412261962891	Unassigned
ZNF558	0.433294832794195	ac
MBD3L1	0.4495082454719658	ac
MUC16	0.5041875102217719	me2
OR1M1	0.5021908328004429	me3_domain
OR7G2	0.5003651460984897	me3_domain
OR7G1	0.49976814238493106	ac
OR7G3	0.5001004715123208	me2
ZNF317	0.504087776387613	Unassigned
OR7D2	0.5144363941741605	Unassigned
OR7D4	0.5283293710486334	Unassigned
OR7E24	0.5428782257522151	Unassigned
ZNF699	0.5566562031690188	Unassigned
ZNF559	0.5571337367053064	Unassigned
ZNF559-ZNF177	0.5539400350025888	Unassigned
ZNF177	0.5499984789827268	Unassigned
ZNF266	0.5275807339085089	Unassigned
ZNF560	0.49407835663171396	Unassigned
ZNF426	0.4643260112526224	Unassigned
ZNF121	0.43804991391033155	Unassigned
ZNF561	0.41109177149814846	Unassigned
ZNF562	0.38189218704086547	Unassigned
ZNF846	0.32558409271187383	ac
FBXL12	0.3066155416648022	me1
UBL5	0.3030557762127064	ac
PIN1	0.29796350307460895	me1
OLFM2	0.2843374241528087	me3_domain
COL5A3	0.2794878424753885	me3_domain
RDH8	0.276671782212081	me3_domain
SHFL	0.2471240088467873	ac
ANGPTL6	0.24170395898478403	ac
PPAN-P2RY11	0.23398960647535116	ac
PPAN	0.23485263511876808	ac
P2RY11	0.23197976932362607	ac
EIF3G	0.22871641225273787	ac
DNMT1	0.19118726286014853	ac
S1PR2	0.17238690827874836	ac
MRPL4	0.16794549976392625	ac
ICAM1	0.1678972101145172	ac
ICAM4	0.16847179157340264	ac
ICAM5	0.16902351010937766	ac
ZGLP1	0.17095941173908702	ac
ENSG00000167807	0.17148625907776094	ac
FDX2	0.17183917906855195	ac
ENSG00000267303	0.172689045741386	ac
RAVER1	0.17390160606526717	ac
ICAM3	0.17607888081307121	ac
TYK2	0.1810082667759907	me1
CDC37	0.18504188630710416	ac
PDE4A	0.1863420056999141	ac
KEAP1	0.18829361322814142	ac
S1PR5	0.18986181339886343	me2
ATG4D	0.19282046330740854	ac
KRI1	0.1936214170553714	ac
CDKN2D	0.19400572001139327	ac
AP1M2	0.19416045720754782	me2
SLC44A2	0.19066697227079843	me1
ILF3	0.1808036591861627	ac
QTRT1	0.17338112006474826	me1
DNM2	0.1679244254264235	me1
TMED1	0.16823307907499607	ac
C19ORF38	0.16827899945081737	ac
CARM1	0.1665308647202134	me1
YIPF2	0.1641001293909491	ac
TIMM29	0.16359541843197745	ac
SMARCA4	0.1571344717219334	me1
LDLR	0.1608845039662502	ac
SPC24	0.1660199256759397	ac
KANK2	0.17475327126139772	me1
DOCK6	0.19021034008114313	me1
ANGPTL8	0.19265432181843767	me1
TSPAN16	0.2206832324038852	me3_domain
RAB3D	0.22912981647009678	me1
TMEM205	0.23250382492769972	me1
CCDC159	0.2336890806769426	me1
PLPPR2	0.2364709482569809	me1
SWSAP1	0.23951196648475248	ac
EPOR	0.24032756263410338	ac
RGL3	0.2411909857938359	me2
ODAD3	0.23885139465332028	me1
PRKCSH	0.23546388825391007	me1
ELAVL3	0.2279203261675956	me3_domain
ENSG00000267477	0.2194984777648057	me1
ZNF653	0.21608148699226715	me1
ECSIT	0.20582927388535965	me1
CNN1	0.19544842950836572	ac
ELOF1	0.19174728601842872	ac
ZNF627	0.18727543393947632	ac
ACP5	0.18695264388251198	me1
ZNF823	0.2503572525345952	me1
ZNF441	0.2855107210594915	ac
ZNF491	0.3074801319990308	Unassigned
ZNF440	0.3234657179122853	ac
ZNF439	0.3527493517276138	Unassigned
ZNF69	0.37463450528340503	Unassigned
ZNF700	0.3928433174116731	ac
ENSG00000267179	0.39755665282133446	Unassigned
ZNF763	0.40442452328288936	Unassigned
ENSG00000286098	0.41485592327261467	Unassigned
ZNF433	0.4136454530666499	Unassigned
ENSG00000257355	0.41506225806484087	Unassigned
ZNF878	0.4169591645817946	Unassigned
ZNF844	0.42186456792268356	Unassigned
ENSG00000286132	0.4285066608376773	Unassigned
ZNF20	0.43693584850848366	Unassigned
ZNF625-ZNF20	0.44839554307034024	Unassigned
ZNF625	0.4505038471898548	Unassigned
ZNF136	0.45993523825161475	Unassigned
ZNF44	0.45081600425430557	Unassigned
ZNF563	0.4054600748598811	me2
ZNF442	0.3813473270999692	Unassigned
ZNF799	0.35372901886623764	me1
ENSG00000268870	0.34177378113317114	Unassigned
ZNF443	0.33154492454119966	me1
ENSG00000269755	0.3202638193831915	Unassigned
ZNF709	0.3063384898007129	Unassigned
ENSG00000196826	0.2968102336390521	ac
ZNF564	0.28015594363080965	ac
ENSG00000269693	0.2715233394254022	ac
ZNF490	0.23731948310202744	Unassigned
ZNF791	0.22869044067538435	me1
ENSG00000269242	0.21325778671327678	me1
MAN2B1	0.20723026860991012	me1
ENSG00000269590	0.2014662804868962	ac
WDR83	0.19982696079896456	ac
ENSG00000285589	0.19753652282214618	ac
WDR83OS	0.20062227705834612	ac
DHPS	0.19565125251867999	ac
GNG14	0.19185425045615745	me1
FBXW9	0.18973496944922497	me1
TNPO2	0.18309368447606045	ac
TRIR	0.17783115510212766	ac
GET3	0.17631112016592554	ac
BEST2	0.17472632948725564	me3_domain
HOOK2	0.17206530532102282	ac
JUNB	0.1724758137409763	ac
PRDX2	0.17226855033258393	ac
THSD8	0.17210788911295627	ac
RNASEH2A	0.1720609361474088	ac
RTBDN	0.1716730798702677	me1
MAST1	0.1713640288141398	me1
DNASE2	0.17130129645670222	ac
KLF1	0.17147765184836417	ac
GCDH	0.17229642864234906	me1
SYCE2	0.17283525039477043	me1
FARSA	0.1748386468225931	ac
CALR	0.17655208786328624	ac
RAD23A	0.17785999324140522	ac
GADD45GIP1	0.17894989083913115	ac
DAND5	0.18142955834000674	me1
NFIX	0.19297994922656714	me1
LYL1	0.19982970316755444	ac
TRMT1	0.20162701679745032	ac
NACC1	0.2053805862543827	ac
STX10	0.2107420043153838	ac
IER2	0.21217658386341431	ac
CACNA1A	0.3133356151168444	me3_domain
YJU2B	0.2182381973272659	me1
MRI1	0.20369309516015544	ac
C19ORF53	0.1995372587148746	ac
ZSWIM4	0.1837093883461245	me1
NANOS3	0.17433250674133194	me1
BRME1	0.17527527408261756	me1
CC2D1A	0.17718448249855212	me1
PODNL1	0.1790451524472939	me1
DCAF15	0.17975643710151856	me1
RFX1	0.1804372113058088	me1
RLN3	0.1819480574466661	me1
IL27RA	0.18344601618042344	me1
PALM3	0.18633828002728625	me1
MISP3	0.19041626041456694	ac
C19ORF67	0.19414468874208635	ac
SAMD1	0.1962937422204234	ac
PRKACA	0.20268221559178878	me1
SMIM46	0.2058692404754453	me1
ASF1B	0.21256244143126823	ac
ADGRL1	0.22509212572571324	me1
ADGRE5	0.16655415849383826	ac
DDX39A	0.17129628984005818	ac
PKN1	0.1815264481756903	ac
PTGER1	0.18752378436770523	me1
GIPC1	0.19054900505298067	me1
DNAJB1	0.20563853257913467	ac
TECR	0.20607871915386355	ac
NDUFB7	0.21097645948297872	ac
CLEC17A	0.2221858724365886	me3_domain
ADGRE3	0.2515762514485558	Unassigned
ZNF333	0.27909236432750706	me1
ADGRE2	0.29726714856378056	me1
OR7C1	0.3232773943244055	Unassigned
OR7A5	0.3331911863439224	me3_domain
OR7A10	0.3415454763174688	me3_domain
OR7A17	0.364622952588328	Unassigned
OR7C2	0.3910281808424969	me3_domain
SLC1A6	0.3933031622609726	me3_domain
CCDC105	0.389954165234248	me3_domain
CASP14	0.38052815243161464	Unassigned
OR1I1	0.3727361323492867	me3_domain
SYDE1	0.3685709147245021	me3_domain
ILVBL	0.3670524365597131	me1
NOTCH3	0.3567239752952499	me2
EPHX3	0.33903546813258445	me2
BRD4	0.3151340954959052	me1
AKAP8	0.30116185817320085	ac
AKAP8L	0.3098391204652208	me1
WIZ	0.3220329483412969	me1
RASAL3	0.3300599229723702	me3_domain
PGLYRP2	0.33735582134342335	me3_domain
CYP4F22	0.3472216797493224	me3_domain
CYP4F8	0.36809468608430973	me2
CYP4F3	0.37454228714583526	me2
CYP4F12	0.3790160939568067	me2
OR10H2	0.37948512466979656	me3
OR10H3	0.37894543418022963	Unassigned
OR10H5	0.37714503461290916	me3_domain
OR10H1	0.3775759708735761	me3_domain
CYP4F2	0.3789923030587846	me3
CYP4F11	0.3732742407660672	me3
OR10H4	0.36646546528275825	Unassigned
TPM4	0.30677154920823	me1
RAB8A	0.2997369308948802	me1
HSH2D	0.29960613478069675	me2
CIB3	0.30204848048715605	me2
FAM32A	0.3057415504301326	me1
AP1M1	0.3112064429895789	me1
KLF2	0.2873655854527353	me3_domain
EPS15L1	0.22992619309238127	me1
CALR3	0.20585348917935364	me1
ENSG00000141979	0.22771584734614703	me1
C19ORF44	0.2084143285539366	me1
CHERP	0.21445433639038924	ac
SLC35E1	0.22701516799328314	me1
MED26	0.24662685301554643	me1
ENSG00000268790	0.25391504697810574	me1
SMIM7	0.26513974749931646	me1
TMEM38A	0.27364319836911866	me3_domain
NWD1	0.285619841481374	me3_domain
SIN3B	0.298207288748671	me1
F2RL3	0.30258039948013093	ac
CPAMD8	0.2945721849354622	me3_domain
HAUS8	0.26492614899265954	me1
MYO9B	0.2108194803392277	me1
USE1	0.16997169468195916	ac
OCEL1	0.1697289915491822	ac
NR2F6	0.17134472706378634	ac
ENSG00000269095	0.1730632697984309	ac
USHBP1	0.18121392122249314	ac
BABAM1	0.18422341950849874	ac
ENSG00000269307	0.18468210885010283	ac
ANKLE1	0.18967648994033937	me1
ABHD8	0.19938419547690456	ac
MRPL34	0.1980479772835041	ac
DDA1	0.20683246983411419	ac
ANO8	0.21291913225410541	ac
GTPBP3	0.21608030336529793	ac
PLVAP	0.22049951257664202	me3_domain
CCDC194	0.21815100621348715	me1
BST2	0.2145391784535715	ac
MVB12A	0.20963193994117046	ac
TMEM221	0.20152520635572524	me3_domain
ENSG00000269035	0.1996101545706489	me3_domain
NXNL1	0.19702641966158851	me3_domain
SLC27A1	0.1955748474997684	me1
PGLS	0.20188631203659568	ac
NIBAN3	0.21402501249015515	ac
COLGALT1	0.23601267390074898	ac
UNC13A	0.2743140206827235	me2
MAP1S	0.25791950380556006	me1
FCHO1	0.23893005239671894	me1
B3GNT3	0.227907375003653	me3_domain
INSL3	0.22549123860616693	me3
JAK3	0.22431839543277732	me2
RPL18A	0.22397202415379014	ac
SLC5A5	0.22421855424919557	me3_domain
CCDC124	0.22351183591028712	ac
KCNN1	0.22208224585323066	me2
ARRDC2	0.2211324372283715	ac
IL12RB1	0.2142060038231225	me3_domain
MAST3	0.2014476935524513	me1
ENSG00000268173	0.18639461259886003	ac
PIK3R2	0.18779840150188354	ac
IFI30	0.18270280262861904	ac
MPV17L2	0.17628281308893579	ac
RAB3A	0.17442094161992838	me1
ENSG00000285188	0.1672881632618065	ac
PDE4C	0.1678385785528066	ac
ENSG00000284797	0.16362784042608225	me2
IQCN	0.16199346301802175	me2
JUND	0.16032615424586294	ac
LSM4	0.15637224643684022	ac
PGPEP1	0.15127327166165105	ac
GDF15	0.1483417459023859	ac
LRRC25	0.14727478400354488	me1
SSBP4	0.14653875846549835	ac
ISYNA1	0.1468793259943878	ac
ELL	0.15163096055168734	me1
FKBP8	0.15937321860192555	ac
KXD1	0.1633103758692458	ac
UBA52	0.16520540974248876	ac
CRLF1	0.16842010561890286	ac
REX1BD	0.1682039443933654	ac
TMEM59L	0.17356430481917884	me3_domain
KLHL26	0.18512465698916813	me1
CRTC1	0.20608602682827015	me2
COMP	0.21162626338910462	me3_domain
UPF1	0.20513816667328	me1
GDF1	0.2013877840389402	me1
CERS1	0.2013603978120606	me1
COPE	0.1988403610407855	me1
ENSG00000268193	0.1978359896303883	me1
DDX49	0.19759342829204485	me1
HOMER3	0.1965231802642241	me1
SUGP2	0.18721194788412232	ac
ARMC6	0.1836710536593843	ac
SLC25A42	0.18446098521394017	me1
TMEM161A	0.19046757350948829	ac
MEF2B	0.19838913596502095	me1
BORCS8-MEF2B	0.19839112436695727	me1
BORCS8	0.20104053449542159	ac
RFXANK	0.2021363333913686	ac
NR2C2AP	0.20250248810646942	ac
NCAN	0.20119899931507323	me3_domain
HAPLN4	0.19743981314912162	me3_domain
TM6SF2	0.19529322946409233	me3_domain
SUGP1	0.18810380463181697	me1
MAU2	0.179280314479615	me1
GATAD2A	0.17911677892974642	ac
TSSK6	0.19649760632040536	ac
NDUFA13	0.19979642484281157	ac
ENSG00000258674	0.20155972633270336	me1
YJEFN3	0.20490431314779767	me1
CILP2	0.20959643648879567	me3_domain
PBX4	0.2393852630521769	me2
LPAR2	0.26465844114849413	me1
GMIP	0.272575884494774	me1
ATP13A1	0.2867785663644882	me1
ZNF101	0.3037016699898861	ac
ZNF14	0.34169861690853154	Unassigned
ZNF506	0.3976147264118898	Unassigned
ZNF253	0.43634609905633825	ac
ZNF93	0.4622429375237713	ac
ZNF682	0.5127909108644928	Unassigned
ZNF90	0.5693620706118636	Unassigned
ZNF486	0.6114856036425513	Unassigned
ZNF737	0.6668664317922821	Unassigned
ZNF626	0.6733046856503141	Unassigned
ZNF66	0.6002371960426098	Unassigned
ZNF85	0.5243747655775025	Unassigned
ZNF430	0.4475192669439242	Unassigned
ZNF714	0.4265804316043049	me1
ZNF431	0.4322030560554384	Unassigned
ZNF708	0.493676978377373	ac
ZNF738	0.49109233448510303	Unassigned
ZNF493	0.4820448845251861	Unassigned
ENSG00000269237	0.4736252851554307	Unassigned
ZNF429	0.46213799047662296	me1
ZNF100	0.5341444494394523	Unassigned
ZNF43	0.594034474362018	ac
ZNF208	0.6617401138652745	Unassigned
ZNF257	0.7390541214002435	Unassigned
ZNF676	0.7426971207458843	Unassigned
ZNF729	0.748663351251522	Unassigned
ZNF98	0.7614889342904518	Unassigned
ZNF492	0.7988078903406539	Unassigned
ZNF99	0.8025843274355391	Unassigned
ZNF723	0.8136015618547188	Unassigned
ZNF728	0.7975345970240275	Unassigned
ZNF730	0.778765140874657	Unassigned
ZNF724	0.7781107879206708	Unassigned
ENSG00000283201	0.7746599197187366	Unassigned
ZNF91	0.7388197197778312	Unassigned
ZNF675	0.653631208945102	Unassigned
ZNF681	0.6316655306344494	ac
RPSA2	0.6526790046826538	Unassigned
ZNF726	0.6572854398379406	Unassigned
ZNF254	0.6890312397625136	me1
UQCRFS1	0.510341626112012	ac
VSTM2B	0.3204976048160961	me3_domain
POP4	0.29162326680322603	me1
PLEKHF1	0.2998849995861751	me1
C19ORF12	0.3093036440331842	ac
CCNE1	0.316137032124431	ac
URI1	0.3599589635023739	Unassigned
ZNF536	0.5733227112322987	me3
TSHZ3	0.6627963717345795	me3
ZNF507	0.3348335888844539	ac
DPY19L3	0.31017875650894466	ac
PDCD5	0.3024926360378182	ac
ANKRD27	0.29062194679368913	ac
RGS9BP	0.280279979048485	ac
NUDT19	0.2754156417222299	ac
TDRD12	0.2819835807328611	me3_domain
SLC7A9	0.3069584923319465	me3
CEP89	0.329938433816377	me2
FAAP24	0.34090354340247264	me1
RHPN2	0.34130696274869576	me2
GPATCH1	0.3304239416233741	me1
WDR88	0.3329127285443454	me2
LRP3	0.34934326068903276	me3_domain
SLC7A10	0.3663128615566167	me3_domain
CEBPA	0.43501902027548567	me3_domain
CEBPG	0.47742882528917197	ac
PEPD	0.4968140828611687	me2
CHST8	0.5034635139307122	me3_domain
KCTD15	0.44318864059942686	ac
LSM14A	0.2453759027529836	ac
GARRE1	0.208140223066397	me1
GPI	0.2219503256937807	me1
ENSG00000266953	0.23273635750224164	ac
PDCD2L	0.24056430936268047	ac
UBA2	0.2667678106497733	ac
WTIP	0.3058579578750934	me2
SCGB2B2	0.3690243962550457	me2
ZNF302	0.3751128239421061	Unassigned
ZNF181	0.38044770495429714	ac
ZNF599	0.38124089717186194	me2
ZNF30	0.3439443567072873	me1
ZNF792	0.3338954225860775	ac
GRAMD1A	0.31467496507370174	ac
SCN1B	0.30589506673899725	me2
HPN	0.2999022007115363	me2
ENSG00000285526	0.2790011282456487	me2
FXYD3	0.2773231799094157	me2
LGI4	0.2719622646432296	me2
FXYD1	0.26950450073080534	me1
FXYD7	0.2664743434921193	me1
FXYD5	0.26138194089835676	ac
FAM187B	0.24373256822346678	ac
LSR	0.24294708894914951	ac
USF2	0.2447555895800534	ac
HAMP	0.24635607620329214	me1
MAG	0.2516593526628226	ac
CD22	0.2621272555364661	me2
FFAR1	0.26888940014885465	me2
FFAR3	0.2724356025720981	me3_domain
GPR42	0.27759136114301664	me3_domain
FFAR2	0.3039841923973602	me3_domain
KRTDAP	0.31126677465516295	me3_domain
DMKN	0.3113613619220059	me3_domain
SBSN	0.3096206740504418	me3_domain
GAPDHS	0.30732651649946563	me3_domain
TMEM147	0.3056731810209732	me1
ATP4A	0.3024055431200111	me3
PMIS2	0.2912357685360569	me3_domain
HAUS5	0.2755046905031393	me1
RBM42	0.26840007885872386	me1
ETV2	0.26361063251721817	ac
COX6B1	0.25895391890307795	ac
UPK1A	0.25126228573200005	me3_domain
ZBTB32	0.24158450864983294	me3_domain
KMT2B	0.24048833146307158	me1
IGFLR1	0.24079399631942133	ac
ENSG00000267120	0.24093298572730992	ac
U2AF1L4	0.2410643621547207	ac
PSENEN	0.24121660684559443	ac
ENSG00000188223	0.2416221237802767	me1
LIN37	0.2417753518908229	me1
HSPB6	0.24260290266720663	ac
PROSER3	0.24384603011997097	me1
ARHGAP33	0.2477477456399001	me1
PRODH2	0.2553134540368086	me2
NPHS1	0.2675541716625627	me3_domain
KIRREL2	0.27130893198276196	me3_domain
APLP1	0.274258231974691	me3_domain
NFKBID	0.2787352532739038	me1
HCST	0.2800465614530404	ac
TYROBP	0.2806734248814958	ac
LRFN3	0.28520186303209405	me3_domain
SDHAF1	0.29110608287138096	ac
SYNE4	0.2920132649247138	me1
ALKBH6	0.2923719165777069	me1
CLIP3	0.2928402474226445	me1
THAP8	0.2926536443831259	me1
WDR62	0.2894718034494952	ac
OVOL3	0.28563391540390526	me1
POLR2I	0.2854133373268113	ac
TBCB	0.285232124813775	me1
CAPNS1	0.2872347936671237	ac
COX7A1	0.28919847222823136	me1
ZNF565	0.3463353667354647	ac
ZNF146	0.36100145537748096	ac
ZFP14	0.5547344093912541	Unassigned
ZFP82	0.5845606194936073	Unassigned
ZNF566	0.6223925772068364	Unassigned
ZNF260	0.6503760676739323	ac
ZNF529	0.6617745297953203	Unassigned
ZNF382	0.6627325812348659	Unassigned
ZNF461	0.6627951037787585	Unassigned
ZNF567	0.6702367193475423	Unassigned
ZNF850	0.6785556359378372	Unassigned
ZNF790	0.6848033030782534	Unassigned
ZNF345	0.6813486458252775	Unassigned
ENSG00000291239	0.6881706428779152	Unassigned
ZNF829	0.6807770517234677	Unassigned
ZNF568	0.692701224043194	Unassigned
ZNF420	0.6966332506779946	Unassigned
ENSG00000267360	0.6631132338851422	Unassigned
ZNF585A	0.6649329594914154	Unassigned
ZNF585B	0.6521417930796723	ac
ZNF383	0.6602576232003694	ac
ZNF875	0.6918213949174303	Unassigned
ZNF527	0.6881173987812679	Unassigned
ZNF569	0.6663024585581131	Unassigned
ZNF570	0.6466914428125283	Unassigned
ZNF793	0.6147574057685647	Unassigned
ZNF540	0.5820332371723609	Unassigned
ZNF571	0.5857480827825828	Unassigned
ZFP30	0.5418505653600538	Unassigned
ENSG00000267552	0.5049131713890334	Unassigned
ZNF607	0.5019770774029604	Unassigned
ZNF573	0.4486570806902622	Unassigned
WDR87	0.40215891547110216	me3
SIPA1L3	0.3069407005960695	me2
DPF1	0.23135501438276163	me1
SPINT2	0.2070971919093325	ac
PPP1R14A	0.21388863601102914	ac
ENSG00000267748	0.19327449307407574	me1
YIF1B	0.1880059617341423	ac
C19ORF33	0.1902996643612842	me1
KCNK6	0.18404664823769668	ac
CATSPERG	0.18130357837433142	me1
PSMD8	0.18258072488230082	ac
GGN	0.18390230216853243	me1
SPRED3	0.18528730586059694	me1
FAM98C	0.18805778288582242	me1
RASGRP4	0.19125993211757186	me1
RYR1	0.20214348013053796	me1
MAP4K1	0.1985862718163205	ac
EIF3K	0.1969115344354051	ac
ACTN4	0.19427565124262747	ac
CAPN12	0.18858101235272373	me1
LGALS7	0.18508714913381652	me2
LGALS7B	0.1825006863235924	me2
LGALS4	0.18045527281596074	me1
ECH1	0.17957357575233712	ac
ENSG00000268083	0.17959503932970267	ac
HNRNPL	0.18029176524873758	ac
RINL	0.1853365345657778	me1
SIRT2	0.19028952009472266	me1
NFKBIB	0.19545655965851838	me1
CCER2	0.19844919179776288	me1
SARS2	0.2038964171079537	me1
ENSG00000269547	0.20849539448887489	me1
MRPS12	0.2075548273130905	ac
FBXO17	0.22003574926861247	me1
FBXO27	0.241426147484201	me2
ACP7	0.26144219099092647	me3_domain
PAK4	0.25958796191702704	me1
NCCRP1	0.2477057956823765	me3_domain
SYCN	0.2457139310254186	me1
IFNL3	0.22901696820456918	me2
IFNL4	0.22779256383005997	me2
IFNL2	0.22080071752147346	me3_domain
IFNL1	0.2146431740584781	me3_domain
LRFN1	0.21292424504562746	ac
GMFG	0.21240724109492193	ac
SAMD4B	0.21284611944452236	me1
PAF1	0.2126768035608093	ac
MED29	0.21222946109434138	ac
ZFP36	0.21098064884735634	ac
PLEKHG2	0.20906440143080662	me1
RPS16	0.20614550020511535	ac
SUPT5H	0.2014171200762207	ac
TIMM50	0.19493399227678954	ac
DLL3	0.19336294308773494	me2
SELENOV	0.19378609834542349	ac
EID2B	0.19637250773821857	me1
EID2	0.1985667004556132	ac
LGALS13	0.23964316398711627	Unassigned
LGALS16	0.28782453343758096	me2
LGALS14	0.3241423168092826	me2
CLC	0.33948171521153103	Unassigned
LEUTX	0.3564068430914571	me3_domain
DYRK1B	0.36676546011617683	ac
ENSG00000291312	0.36694482186057353	me1
FBL	0.3677972313155148	ac
FCGBP	0.3428940664447576	me3_domain
PSMC4	0.3405340466466442	ac
ZNF546	0.33360897288410096	Unassigned
ZNF780B	0.32370724766125714	Unassigned
ZNF780A	0.3134556108476739	ac
MAP3K10	0.24837520168600224	me1
TTC9B	0.23774945299511463	me2
CCNP	0.232508528731994	me2
AKT2	0.21000295673167746	ac
C19ORF47	0.17575737030291816	me1
PLD3	0.1709800353288865	me1
HIPK4	0.16978947220316232	me1
PRX	0.16961416702034993	me1
SERTAD1	0.17000882716994214	ac
SERTAD3	0.17095611731919025	ac
BLVRB	0.17205937745746813	ac
SPTBN4	0.18388007237200155	ac
SHKBP1	0.20255232794964018	me1
LTBP4	0.21042948158144514	ac
NUMBL	0.21607837249114326	me1
COQ8B	0.21154194226633005	ac
ITPKC	0.2080944030852967	me1
ACTMAP	0.20507040225658524	ac
SNRPA	0.2037707435744971	ac
MIA	0.2027091578609428	ac
MIA-RAB4B	0.2029525545008246	me1
RAB4B	0.20303293525269206	me1
RAB4B-EGLN2	0.20361697876679374	ac
EGLN2	0.20469645427371685	ac
ENSG00000268797	0.2203518655632376	ac
CYP2A6	0.2176938233737986	me2
CYP2A7	0.23317457913492123	me2
CYP2B6	0.30227877719484486	me3_domain
CYP2A13	0.3119495224949972	me3_domain
CYP2F1	0.3049861938374496	me2
CYP2S1	0.28428730018451487	me3_domain
AXL	0.28258968805195483	me3_domain
HNRNPUL1	0.2882458785098604	ac
TGFB1	0.2978793643521339	ac
CCDC97	0.29520431858189555	ac
ENSG00000255730	0.3097103698187169	ac
TMEM91	0.3065462931485099	ac
B9D2	0.30520020918154545	ac
EXOSC5	0.31101913146769067	ac
BCKDHA	0.3132461060999049	me1
B3GNT8	0.31483231463349426	ac
DMAC2	0.3155110293021569	me1
ERICH4	0.31599052060883626	me2
CEACAM21	0.32836672070156614	me2
CEACAM4	0.32907935977749947	me2
CEACAM7	0.30586255349804337	me2
CEACAM5	0.2894306878759878	me3_domain
ENSG00000267881	0.2803957020935668	me3_domain
CEACAM6	0.2628217251918441	me3_domain
CEACAM3	0.23971033078236337	me3_domain
LYPD4	0.22810125350952148	me2
DMRTC2	0.22690200288592255	me3_domain
RPS19	0.22587051682347725	ac
CD79A	0.22615943908691405	ac
ARHGEF1	0.23015323676013077	me1
ERFL	0.23161514763580793	me3_domain
RABAC1	0.2401459697837589	me1
ENSG00000285505	0.2441859978218287	me3_domain
ATP1A3	0.24563163885931005	me3_domain
GRIK5	0.2543211940398028	me3_domain
ZNF574	0.2569406272430723	me3_domain
POU2F2	0.2431125452148286	me3_domain
DEDD2	0.22140657150200183	ac
ENSG00000288671	0.21733515520779179	ac
ZNF526	0.2174043819714342	ac
GSK3A	0.21469843333318694	ac
ENSG00000268643	0.21255097750776597	ac
ERF	0.21133113476940413	ac
CIC	0.2075659618915584	ac
PAFAH1B3	0.2060409538994008	ac
PRR19	0.2057518869910182	ac
TMEM145	0.2052296261863673	me1
MEGF8	0.20570731718504076	me1
CNFN	0.20914977005693114	me3_domain
LIPE	0.21588873525788055	me2
CXCL17	0.22432040133285458	me2
CEACAM1	0.29093250045293884	me2
CEACAM8	0.3282586064124886	me3
PSG3	0.4461822109918301	me2
PSG8	0.47052737874554695	me2
PSG1	0.5198687331402017	me2
PSG6	0.5217221368516546	me2
PSG7	0.5213497415527968	me2
PSG11	0.5168415831980596	me2
PSG2	0.509641465753739	me2
PSG5	0.4622192193968764	me2
PSG4	0.44656246814319356	me2
PSG9	0.4187838685409421	Unassigned
CD177	0.3354819846311585	me3
TEX101	0.30285085132511635	me3
LYPD3	0.28135982496391987	me2
PHLDB3	0.2754597664581214	me1
ETHE1	0.27118747849498104	me1
ZNF575	0.2694276026882666	me1
XRCC1	0.26455981511940696	me1
ENSG00000268361	0.2621540029480742	me1
PINLYP	0.26128672461174607	me1
IRGQ	0.25869282168553287	me1
ZNF576	0.25679914169496765	ac
SRRM5	0.2549020618721155	ac
ZNF428	0.2522897848441994	ac
CADM4	0.24643482908944336	ac
PLAUR	0.23664721298652414	me1
IRGC	0.22097849366542444	me3_domain
SMG9	0.22133865018330612	ac
KCNN4	0.23020691119028303	ac
LYPD5	0.25032996197184365	me3_domain
ZNF283	0.2753075100517637	Unassigned
ZNF404	0.31624003889416086	Unassigned
ZNF45	0.34326312625220223	Unassigned
ZNF221	0.3648811649050483	Unassigned
ZNF155	0.37966464655057974	Unassigned
ZNF230	0.39711217699841383	Unassigned
ZNF222	0.4137540795953424	ac
ENSG00000267022	0.4395397987484082	me2
ZNF223	0.4418349807125722	me2
ZNF284	0.4626621125478856	me2
ZNF224	0.4829934016835613	Unassigned
ZNF225	0.5011075354304151	Unassigned
ZNF234	0.5186892354054007	Unassigned
ZNF226	0.5264300668940236	Unassigned
ZNF227	0.5251251816859772	Unassigned
ZNF235	0.5113039110114483	Unassigned
ZNF233	0.5111233951105865	Unassigned
ZNF112	0.49222088933838026	Unassigned
ENSG00000267173	0.4882068375558817	Unassigned
ZNF285	0.480023105621338	Unassigned
ZNF229	0.4527815826876239	Unassigned
ZNF180	0.40202120980021516	Unassigned
CEACAM20	0.3745048570453158	me2
IGSF23	0.2836410170526932	me2
PVR	0.2711901952260315	me1
CEACAM19	0.265689911577661	me2
CEACAM16	0.2585613283925625	me2
BCL3	0.24652691375869684	ac
CBLC	0.23393473609464965	me2
BCAM	0.22244743618034046	me3_domain
NECTIN2	0.1989615016280547	me1
TOMM40	0.18859392880262205	ac
APOE	0.18614462316075076	ac
APOC1	0.18454080508221338	ac
APOC4	0.1824309188771136	me1
APOC4-APOC2	0.18241683490910743	me1
APOC2	0.18240261597339735	me1
CLPTM1	0.18352597465882736	me1
RELB	0.18633989558902542	me1
CLASRP	0.18585282189460572	me1
ZNF296	0.1841219552501545	ac
GEMIN7	0.1826776283777214	ac
MARK4	0.17105725945612504	me1
PPP1R37	0.1767151202553766	me1
NKPD1	0.17024020863491018	me3_domain
TRAPPC6A	0.16811891866621975	ac
BLOC1S3	0.16594323807256917	me1
EXOC3L2	0.16539849328372058	me1
CKM	0.17371545417321232	me1
KLC3	0.17827991954263656	me1
ERCC2	0.18179814308193454	me1
PPP1R13L	0.1878332779534143	ac
POLR1G	0.1902586932083088	ac
ERCC1	0.19316210417377622	ac
FOSB	0.19406135822871728	ac
RTN2	0.19232031148609519	ac
PPM1N	0.19187652340428418	ac
VASP	0.18844747764170844	ac
OPA3	0.17858046705703645	me1
GPR4	0.17293824851570516	me3_domain
EML2	0.17001040184477234	ac
GIPR	0.1693700400197481	ac
SNRPD2	0.16987067616863838	ac
QPCTL	0.17018530280953537	ac
FBXO46	0.17147546294310811	ac
MEIOSIN	0.17348550415747555	me1
SIX5	0.1752431847461402	ac
DMPK	0.1763349908433598	me1
ENSG00000268434	0.17721116870598208	me1
DMWD	0.1779974578107013	me1
RSPH6A	0.1812923944035788	me1
SYMPK	0.19112812903691212	me1
FOXA3	0.20223951764812143	me1
IRF2BP1	0.21071576501126332	ac
MYPOP	0.21711562461984935	me1
NANOS2	0.2277533754939921	me3_domain
NOVA2	0.25271619438125537	me3_domain
CCDC61	0.28226688308596504	me1
PGLYRP1	0.2877172308896323	me1
IGFL4	0.29622342721010697	Unassigned
IGFL3	0.3012944657180878	me3
IGFL2	0.304732063053759	Unassigned
IGFL1	0.32136088663249085	me3
HIF3A	0.3075449392201013	me3
PPP5C	0.28745628750003194	me1
CCDC8	0.2754645670889907	ac
PNMA8C	0.27342267128165443	me3_domain
PNMA8A	0.2695389977613273	me3
PNMA8B	0.2663981321299269	me3_domain
CALM3	0.22074630978817877	ac
PTGIR	0.21232962875339068	me1
GNG8	0.20693738210895463	me1
DACT3	0.1998149116812279	me1
PRKD2	0.19032895423547525	me1
STRN4	0.18808044562160986	ac
FKRP	0.19098426682915748	me1
SLC1A5	0.1949989827473958	ac
AP2S1	0.21070081862585355	ac
ARHGAP35	0.2003340535370025	me1
NPAS1	0.16455799438664798	me1
TMEM160	0.16023926300689395	ac
ZC3H4	0.1552115651033611	ac
SAE1	0.16222219443207142	ac
BBC3	0.17611197534165546	ac
CCDC9	0.18304171012566273	ac
INAFM1	0.18467017243775818	ac
C5AR1	0.18900520768690943	ac
C5AR2	0.19472245892471884	ac
DHX34	0.202754859090728	ac
MEIS3	0.22446514291397268	me3_domain
SLC8A2	0.2481589896307338	me3_domain
KPTN	0.2651306054826874	me1
NAPA	0.2742732899474294	me1
ZNF541	0.282487032385751	me3_domain
BICRA	0.2610035532777295	me1
EHD2	0.24518544255303454	ac
NOP53	0.24569009233205075	ac
SELENOW	0.2517398161840506	ac
TPRX1	0.26246530227985443	me3
CRX	0.2715106848265846	me3_domain
TPRX2	0.284454928245796	me2
SULT2A1	0.2918072005561767	me2
BSPH1	0.30220813215113396	Unassigned
ELSPBP1	0.2958709004997576	Unassigned
CABP5	0.28720603169092906	me3
PLA2G4C	0.27141596599681383	me3_domain
LIG1	0.2508917115638196	me1
ZSWIM9	0.24245808334025654	me1
CARD8	0.2368245482185063	ac
ZNF114	0.22498376153705446	me2
ODAD1	0.21548478279207284	ac
EMP3	0.2100816009582246	ac
TMEM143	0.20186651493824403	ac
SYNGR4	0.19453471711445858	ac
KDELR1	0.1892247458002282	ac
GRIN2D	0.1836822586994602	ac
GRWD1	0.18181471409262984	ac
KCNJ14	0.18257560485239677	me1
ENSG00000268465	0.18350185921162354	me1
CYTH2	0.18453393474429314	me1
LMTK3	0.1896223086175962	me1
SULT2B1	0.20248866899113538	me2
FAM83E	0.2019486565209998	me1
SPACA4	0.20212385665808486	me2
RPL18	0.20077657403095728	ac
SPHK2	0.19974509414399033	me1
DBP	0.19810061131094736	ac
CA11	0.196540441432574	ac
NTN5	0.19158785676674028	me1
FUT2	0.18600950233619973	me1
MAMSTR	0.18400626969358325	me1
RASIP1	0.18263865063490503	ac
IZUMO1	0.18151659326939795	ac
FUT1	0.18087346658274217	ac
FGF21	0.18051696775341286	ac
BCAT2	0.17475114454137208	me1
HSD17B14	0.1703977205643038	me1
PLEKHA4	0.1629493654093992	me1
PPP1R15A	0.15692692020151877	ac
TULP2	0.15187508130708305	ac
NUCB1	0.14601738370601125	ac
DHDH	0.1396342112314496	me1
BAX	0.13670288846583545	ac
FTL	0.13594993217405937	ac
GYS1	0.13556307314496863	me1
RUVBL2	0.13719942076844094	ac
LHB	0.13930181467171876	me1
ENSG00000268655	0.1399094324415452	me1
CGB3	0.14095076731590905	me3
ENSG00000267335	0.14274889232914	me3
CGB2	0.14316823878964247	me3
CGB1	0.14466744072507975	me3
CGB5	0.14725975816900072	me3_domain
CGB8	0.14914101245235611	me3_domain
CGB7	0.152691209204875	me3_domain
ENSG00000283663	0.15449580428109755	me3_domain
NTF4	0.15575254302899344	me3_domain
KCNA7	0.15930350892982204	me3_domain
SNRNP70	0.17425816485835188	ac
LIN7B	0.1862418082550803	ac
C19ORF73	0.18832339938280906	ac
PPFIA3	0.19746842694871636	ac
HRC	0.20809815286649924	ac
TRPM4	0.21937485330021433	me1
SLC6A16	0.21295328956891313	me2
CD37	0.20732467828678802	me1
TEAD2	0.2056071115575614	me1
DKKL1	0.20390511285082735	ac
KASH5	0.20104743644132217	me2
PTH2	0.19932421500884356	ac
GFY	0.19910992322317356	me1
SLC17A7	0.19815447803486375	ac
PIH1D1	0.1968206394474682	ac
ALDH16A1	0.19570406806870422	ac
ENSG00000269469	0.1944533231710297	me1
FLT3LG	0.1938696036955675	me1
RPL13A	0.19285446038825815	ac
RPS11	0.19209509735388441	ac
FCGRT	0.19048424175708267	me2
RCN3	0.18912578269331637	ac
NOSIP	0.18796973200880385	ac
PRRG2	0.18774814980163768	ac
PRR12	0.18730926356235844	ac
RRAS	0.18627858152148336	ac
SCAF1	0.1854971127839924	ac
IRF3	0.1843401058516001	ac
BCL2L12	0.18370672032192847	ac
PRMT1	0.18204539268212983	ac
ADM5	0.18091160567328857	me1
CPT1C	0.17881648483398005	me1
TSKS	0.16936790921201217	ac
AP2A1	0.16558963051661213	ac
FUZ	0.16556031004496674	ac
MED25	0.16801274135901023	me1
PTOV1	0.17526024378916005	ac
PNKP	0.18076898176117806	ac
AKT1S1	0.18264954707898506	ac
TBC1D17	0.18627882790555628	ac
IL4I1	0.19845867559744657	ac
NUP62	0.20229409366183815	ac
ENSG00000269179	0.2083377205977618	ac
ATF5	0.20735523162685143	ac
SIGLEC11	0.21608138235113572	me3
SIGLEC16	0.22050662422708522	me3_domain
VRK3	0.24094822496339274	me1
ZNF473	0.23459386402703108	me1
IZUMO2	0.29456358945855343	me2
MYH14	0.3020087551759789	me3_domain
KCNC3	0.2777727987008214	me1
NR1H2	0.26845390826813587	ac
NAPSA	0.2661888190008319	ac
POLD1	0.2635141764391917	ac
ENSG00000142539	0.2642385990097139	me1
SPIB	0.26444156378385075	me1
MYBPC2	0.26625762094776617	me3_domain
GARIN5A	0.2676880711674776	me2
EMC10	0.26798562448298424	me1
JOSD2	0.2674067943363966	me1
ASPDH	0.2671042495611914	me1
LRRC4B	0.2643692653361831	me2
SYT3	0.26242149611432897	me2
C19ORF81	0.2645410264519156	ac
SHANK1	0.26786754183409056	me3_domain
CLEC11A	0.26993140558490836	ac
GPR32	0.27147536737165456	me1
SMIM47	0.2725010378383793	me2
ACP4	0.2731585539457204	me1
KLK1	0.2780901058106422	ac
KLK15	0.28060562378756093	me3_domain
KLK3	0.28917322986909066	me3_domain
KLK2	0.29470170591735834	me3_domain
KLK4	0.31367113668411806	me3
KLK5	0.3346142589295831	me3_domain
KLK6	0.34253532706151957	me3_domain
KLK7	0.34979163734641094	me3_domain
KLK8	0.3570433951247287	me2
ENSG00000269741	0.35813476506971587	me2
KLK9	0.35917966362704534	me3_domain
KLK10	0.36199499212764397	me3
KLK11	0.3638602187904635	me3_domain
KLK12	0.3649299402323749	me3_domain
KLK13	0.3658711163574184	me2
KLK14	0.36255195530072104	me3_domain
CTU1	0.3550886907225259	me1
SIGLEC9	0.3411905254038988	me3
SIGLEC7	0.3300254348839736	me3_domain
CD33	0.27139124298582784	ac
SIGLECL1	0.2614721112113928	me3
IGLON5	0.24945569527850997	me3_domain
VSIG10L	0.24738839754027697	ac
ETFB	0.24408269751726452	ac
ENSG00000269403	0.24337028533973026	ac
CLDND2	0.2413277140733544	ac
NKG7	0.24023867425117784	me1
LIM2	0.23669623724388134	me1
C19ORF84	0.234859787851184	ac
SIGLEC10	0.22558441693665554	me2
SIGLEC8	0.21035442785602	me1
CEACAM18	0.20456913154866474	me2
SIGLEC12	0.20422376445152612	me1
SIGLEC6	0.20879151270861696	me1
ZNF175	0.23458344302161127	ac
SIGLEC5	0.258428103909102	me3_domain
SIGLEC14	0.2718896695947213	me3_domain
SPACA6	0.3049180302689627	ac
HAS1	0.31615785261597296	me2
FPR1	0.3454594910843599	ac
FPR2	0.3390705147364512	me2
FPR3	0.36028794357900484	ac
ZNF577	0.37355982215334427	Unassigned
ZNF649	0.3930512211309449	Unassigned
ZNF613	0.4186826873935846	Unassigned
ZNF350	0.4500992386980913	Unassigned
ZNF615	0.4700039841176491	Unassigned
ZNF614	0.48601885045909043	Unassigned
ZNF432	0.5087744708464556	Unassigned
ZNF841	0.5162599789483788	Unassigned
ZNF616	0.5317467293085911	Unassigned
ZNF836	0.543404474187329	Unassigned
PPP2R1A	0.5547764378381446	me1
ZNF766	0.5657222664451738	Unassigned
ZNF480	0.5630697720427582	Unassigned
ZNF610	0.5580442788988815	Unassigned
ZNF880	0.5557937339182903	Unassigned
ZNF528	0.5552403666999207	Unassigned
ZNF534	0.5567261294598849	Unassigned
ZNF578	0.5600263895241516	Unassigned
ZNF808	0.5626528353231467	Unassigned
ZNF701	0.5619029658809455	Unassigned
ZNF83	0.551013565607176	ac
ENSG00000269825	0.5450145077266286	ac
ZNF611	0.5371361415883972	ac
ZNF600	0.5346025792585508	me1
ZNF28	0.5312089164456308	Unassigned
ZNF468	0.5284490226183751	me1
ZNF320	0.5222367087187564	ac
ZNF888	0.5164593901632314	ac
ZNF816-ZNF321P	0.5169416911272136	ac
ZNF816	0.5180540613851519	me1
ERVV-1	0.5408250939842316	Unassigned
ERVV-2	0.5603610581034243	Unassigned
ZNF160	0.5813520406714507	me1
ZNF415	0.5957349749615031	Unassigned
ZNF347	0.6011558938278021	Unassigned
ZNF665	0.6066492570835293	Unassigned
ZNF677	0.6104683265868236	Unassigned
VN1R2	0.6111913906337405	Unassigned
VN1R4	0.6116420385241508	me2
ZNF845	0.6159614264703526	Unassigned
ZNF525	0.6162676899798235	Unassigned
ZNF765	0.6156371139914887	Unassigned
ZNF761	0.6136145822545451	Unassigned
ZNF813	0.6091759164463443	Unassigned
ZNF331	0.5860509806512451	Unassigned
DPRX	0.5422894371444867	me3_domain
NLRP12	0.41443583230249725	me3_domain
MYADM	0.39332357506701976	ac
PRKCG	0.3866294747368687	me3_domain
CACNG7	0.3769224606756947	me3_domain
CACNG8	0.35987054196420487	me3_domain
CACNG6	0.34951540039519646	me3_domain
VSTM1	0.32439918075713936	me3_domain
TARM1	0.3133076931202282	me3_domain
OSCAR	0.29886789652639134	me2
NDUFA3	0.29526195526123045	me1
TFPT	0.2918360381452537	me1
PRPF31	0.2870188028659455	me1
CNOT3	0.27589355977376295	me1
LENG1	0.27134222030639643	ac
TMC4	0.26820830674746776	ac
MBOAT7	0.2655146211850288	ac
TSEN34	0.2635189056396484	ac
RPS9	0.263660523038988	ac
LILRB3	0.2626775355101556	me3
LILRA6	0.26531817051225726	me3_domain
LILRB5	0.2694429016113281	me3_domain
LILRB2	0.2766753685585308	me3_domain
LILRA5	0.29360803835992766	me3_domain
LILRA4	0.30354823303222656	me3_domain
LAIR1	0.31427132256886237	me3_domain
TTYH1	0.3352078819274902	me3_domain
LENG8	0.34703777397886515	ac
LENG9	0.3499174819641404	ac
CDC42EP5	0.3518661582313771	me3_domain
LAIR2	0.36734769293124914	me3_domain
LILRA2	0.3958728831909665	me3_domain
LILRA1	0.3994726021202243	me3_domain
LILRB1	0.40207759716279956	me3_domain
LILRB4	0.39982443343783025	me3_domain
KIR3DL3	0.37238675435384117	me2
KIR2DL3	0.3646360550022085	me3
KIR2DL1	0.3475424000530648	me3_domain
KIR2DL4	0.32987279667724567	me3_domain
KIR3DL1	0.32232451216601954	me3
KIR2DS4	0.3139165813987518	me3_domain
KIR3DL2	0.30517890241521894	me3_domain
FCAR	0.2947025872853698	me3_domain
NCR1	0.2784586394617087	ac
NLRP7	0.2582246471007662	me3
NLRP2	0.23737650172636804	me1
GP6	0.20432682882377617	ac
RDH13	0.18967914765161953	ac
EPS8L1	0.1813000429065883	ac
PPP1R12C	0.17688352040786315	ac
TNNT1	0.17679147782974725	ac
TNNI3	0.17826659637969455	ac
ENSG00000267110	0.17865715771590285	ac
DNAAF3	0.17936106747282277	ac
SYT5	0.18137933054229205	ac
PTPRH	0.18463480811858946	ac
TMEM86B	0.18988825390442687	me1
PPP6R1	0.19227613130374754	ac
HSPBP1	0.19556512794512537	me1
BRSK1	0.1980060064768785	me1
TMEM150B	0.20055766877575953	me1
KMT5C	0.20247316722435682	ac
COX6B2	0.20335850519668586	ac
ENSG00000267706	0.20373579734720526	me2
GARIN5B	0.2040407393239443	me2
IL11	0.20483802812646856	me2
TMEM190	0.20570043958548123	me1
TMEM238	0.20620122337246716	ac
RPL28	0.20734937232526818	ac
UBE2S	0.20836236499042327	ac
SHISA7	0.21167433053835383	me2
ISOC2	0.21389920148233588	ac
C19ORF85	0.2145735287432322	me1
ZNF628	0.2164932135559502	ac
NAT14	0.2173165225164666	ac
SSC5D	0.2203612066434526	me2
SBK2	0.22729846987593616	me2
SBK3	0.23038173964636155	me2
ZNF579	0.24384209423347059	ac
FIZ1	0.25256672973764405	ac
ZNF524	0.25460771634331425	ac
ZNF865	0.26007153429830554	ac
ZNF784	0.2671776781109818	ac
ZNF580	0.2768623707416762	ac
ZNF581	0.2776960986385525	ac
CCDC106	0.28198041146547737	ac
U2AF2	0.2937867435899024	ac
EPN1	0.31357121875897565	me1
NLRP9	0.3367806932771801	me3_domain
RFPL4A	0.36049452384268177	me3_domain
RFPL4AL1	0.3660255352856864	me3_domain
NLRP11	0.3822218988389796	Unassigned
NLRP4	0.3925537791938647	Unassigned
NLRP13	0.3992679676114036	Unassigned
NLRP8	0.4075708197277462	me3
NLRP5	0.4100972687019736	me3
ZNF787	0.39653703369604676	ac
ZNF444	0.38874232197996084	me1
GALP	0.38680953692893927	me3_domain
ZSCAN5B	0.3874731564182311	me3_domain
ZSCAN5C	0.38856735922184193	me3_domain
ZSCAN5A	0.41379416166221983	me1
EDDM13	0.4094161256197274	me1
ZNF582	0.4588021967702225	Unassigned
ZNF583	0.4846907315298469	Unassigned
ZNF667	0.5211072302039488	Unassigned
ZNF471	0.5683506776599796	Unassigned
ZFP28	0.5854335783557012	Unassigned
ZNF470	0.5990117396720391	Unassigned
ZNF71	0.6104832356892254	Unassigned
SMIM17	0.6240021032044787	Unassigned
ZNF835	0.6309663514691961	me1
ZIM2	0.706054695935207	Unassigned
PEG3	0.7141895292152667	Unassigned
USP29	0.6717663117279489	Unassigned
ZIM3	0.6767459084452592	Unassigned
DUXA	0.6840128957548646	Unassigned
ZNF264	0.6944622996067006	Unassigned
AURKC	0.6954031915320387	me2
ZNF805	0.6929598922149781	me1
ZNF460	0.6837543370827067	ac
ZNF543	0.6698821904568748	me1
ZNF304	0.6591568669531916	me1
ZNF547	0.6537923900883948	me2
TRAPPC2B	0.6561293772147959	ac
ENSG00000268133	0.6508188324625057	Unassigned
ZNF548	0.6459282798500063	me1
ENSG00000269533	0.6434953305567324	me1
ENSG00000268533	0.6405884188561067	me1
ZNF17	0.6402518015084413	me1
ZNF749	0.6345081093334262	me1
ENSG00000268163	0.6316367912488737	Unassigned
VN1R1	0.6316585930437517	Unassigned
ZNF772	0.6295819097178712	Unassigned
ZNF419	0.6283898460321544	me2
ENSG00000268107	0.6285160468182948	Unassigned
ZNF773	0.6286352620601898	Unassigned
ZNF549	0.6318970660771083	Unassigned
ZNF550	0.6327213048046698	Unassigned
ZNF416	0.6366975327781313	Unassigned
ZIK1	0.6379551417922625	me2
ZNF530	0.6398413652821693	Unassigned
ZNF134	0.6403870363796459	Unassigned
ZNF211	0.6401090101740943	Unassigned
ZSCAN4	0.6366257870382199	Unassigned
ZNF551	0.6330403636816506	Unassigned
ENSG00000269026	0.6304979225406494	Unassigned
ZNF154	0.6324437146868025	Unassigned
ZNF671	0.6294278315840096	Unassigned
ZNF776	0.6256053155744714	me1
ZNF586	0.6179647199465288	me1
ZNF552	0.6143492725479428	me1
ENSG00000268750	0.6029914740772971	ac
ZNF587B	0.6062738673553034	ac
ZNF814	0.5871706335353336	Unassigned
ZNF587	0.5948178197930047	ac
ENSG00000269476	0.5698306024526165	Unassigned
ZNF417	0.5616718599549133	Unassigned
ZNF418	0.5471760177428413	me2
ZNF256	0.5359247167430797	me2
C19ORF18	0.5201842984306504	Unassigned
ZNF606	0.5037375610490309	Unassigned
ZSCAN1	0.46711613412379405	me2
ZNF135	0.4461986420054258	Unassigned
ZSCAN18	0.4228029299467637	me2
ZNF329	0.38973898563526166	Unassigned
ZNF274	0.34534449952922985	ac
ZNF544	0.3135705346927622	Unassigned
ENSG00000283515	0.3054653855073933	ac
ZNF8	0.29712160999064485	me1
ERVK3-1	0.28925786535191156	ac
ZSCAN22	0.2795196002147956	me1
A1BG	0.2724351340522705	me1
ZNF497	0.2682207753118463	ac
ZNF837	0.2602960379072573	ac
RPS5	0.25277282233089693	ac
RNF225	0.25001734296087375	me1
ZNF584	0.24113734983403234	ac
ZNF132	0.23359012848010163	me2
ZNF324B	0.22967006270878543	me1
ZNF324	0.22814019377533268	me1
ZNF446	0.2281238940628828	ac
SLC27A5	0.2302809780451115	me1
ZBTB45	0.23628090993872408	ac
TRIM28	0.24121945976977532	ac
CHMP2A	0.24275654544018865	ac
UBE2M	0.2435940874698953	ac
MZF1	0.24538956586265348	ac
FAM110C	0.726505164742088	me3
SH3YL1	0.736037655786347	ac
ACP1	0.7337066940875892	ac
ALKAL2	0.732597365452522	me1
TMEM18	0.6983187422493122	ac
SNTG2	0.7836518723725165	me3
TPO	0.7693923785485297	me3
PXDN	0.6998308679208621	me3_domain
MYT1L	0.7159438091828432	me3
EIPR1	0.35710013061171597	me1
TRAPPC12	0.2766402166500592	me1
ADI1	0.2377498551850944	ac
ENSG00000286905	0.22801172149955273	ac
RNASEH1	0.22796009796660754	ac
RPS7	0.22897287737301308	ac
COLEC11	0.2360282063444855	me3_domain
ALLC	0.2607967848240189	me3_domain
DCDC2C	0.3255777965823762	me3
SOX11	0.8022424806229855	me2
CMPK2	0.32877269148130706	ac
RSAD2	0.33047531920898776	ac
RNF144A	0.3380453986006994	me2
ID2	0.34680466421172573	ac
KIDINS220	0.3410928746942524	me1
MBOAT2	0.3177580665473845	ac
ASAP2	0.29793536748271077	me3_domain
ITGB1BP1	0.2920402259424426	me1
CPSF3	0.28231814488288076	me1
IAH1	0.27091987807896634	me1
ADAM17	0.2603926995173811	ac
YWHAQ	0.24818286527641897	ac
TAF1B	0.28059281908553113	me1
GRHL1	0.26750646006702283	me1
KLF11	0.2664301375238426	ac
CYS1	0.2666917239241863	me3
RRM2	0.2528230446771359	me1
HPCAL1	0.24478213192176257	me1
ODC1	0.27255127585647454	ac
NOL10	0.31939717290513414	me1
ATP6V1C2	0.35629942922116453	me3_domain
PDIA6	0.37923198784367806	me3
KCNF1	0.4252309396866605	me3_domain
C2ORF50	0.36804801936544673	me3_domain
SLC66A3	0.36284706795852895	me2
ROCK2	0.3511342945214271	me1
E2F6	0.35343151907060755	ac
GREB1	0.356960768435718	me3_domain
NTSR2	0.3591689056382418	me3_domain
LPIN1	0.3535509550502266	me1
TRIB2	0.46350078595562283	me1
LRATD1	0.7078777999259276	me2
NBAS	0.3628056737366352	ac
DDX1	0.27841815947191895	ac
MYCN	0.46351556203550104	me3_domain
CYRIA	0.6449569939423165	me2
RAD51AP2	0.5803862643214979	ac
VSNL1	0.5879621418619112	me3
SMC6	0.5784804201321658	ac
GEN1	0.5678261331911447	ac
MSGN1	0.5729062095143032	me3_domain
KCNS3	0.7234276334991905	me2
RDH14	0.7704682177134727	ac
NT5C1B-RDH14	0.7737679944836668	ac
NT5C1B	0.7747412654747817	me3
OSR1	0.7200312067639522	me3_domain
TTC32	0.4545045237614004	ac
WDR35	0.4209872760188854	Unassigned
MATN3	0.3942285003693873	me3_domain
LAPTM4A	0.3848830904312168	ac
SDC1	0.4055916920266983	me3_domain
PUM2	0.3914101477889659	ac
RHOB	0.3674877316072994	me3_domain
HS1BP3	0.34958474424403163	me2
GDF7	0.3862833217708209	me3_domain
LDAH	0.43327900447528545	me1
APOB	0.5717377990000581	me3
TDRD15	0.6031178250501525	me2
KLHL29	0.4413059752654529	me3_domain
ATAD2B	0.2844536970879098	ac
UBXN2A	0.2658914097471573	ac
MFSD2B	0.25386856264963753	ac
WDCP	0.25359256798831664	ac
FKBP1B	0.25455607096523925	me2
SF3B6	0.25640295483114084	ac
FAM228B	0.2675144008012481	ac
TP53I3	0.25792384203575947	ac
PFN4	0.2663281563045372	ac
ENSG00000276087	0.2768842841128185	me2
FAM228A	0.28554801264445173	me3_domain
ITSN2	0.2865729029874109	Unassigned
NCOA1	0.2902478393917335	me1
PTRHD1	0.29163610615411306	ac
CENPO	0.29213176834138244	ac
ADCY3	0.29249267604033435	me1
DNAJC27	0.29571420643204094	ac
EFR3B	0.35901742575046114	me3_domain
POMC	0.3790135472809435	me3_domain
DNMT3A	0.40267691042786435	me3_domain
DTNB	0.44076748059385706	me3_domain
ASXL2	0.28996316888041107	me1
KIF3C	0.25498803679324633	me2
RAB10	0.27399415194279153	ac
GAREM2	0.271873119256146	me1
HADHA	0.26823735252371794	ac
HADHB	0.2687301728827769	ac
ADGRF3	0.27984234695823107	ac
SELENOI	0.2849623724658562	ac
DRC1	0.29914689921003823	me2
OTOF	0.3138386220061925	me3_domain
FAM166C	0.3272030132864162	me3_domain
CIB4	0.3304125003452161	me3_domain
KCNK3	0.3069470150356709	me3_domain
SLC35F6	0.2854167185494967	ac
CENPA	0.2829080964216908	ac
DPYSL5	0.2514136292483259	me3_domain
MAPRE3	0.21076199208157265	ac
TMEM214	0.20196389814950888	ac
AGBL5	0.20116840687839155	ac
OST4	0.20145098701508501	ac
EMILIN1	0.2022384983748079	ac
KHK	0.20345108139611146	ac
CGREF1	0.2057544915294467	me2
ABHD1	0.20875167200120825	me1
PREB	0.2100024592874007	me1
PRR30	0.21111482393798486	me2
TCF23	0.21415971311408266	me2
SLC5A6	0.2285270512021088	ac
ATRAID	0.23066288466716134	ac
CAD	0.23524025295669138	ac
SLC30A3	0.243711643108514	me3_domain
DNAJC5G	0.24587935523668336	me3_domain
TRIM54	0.2474075574883311	me2
UCN	0.24792595260187567	me1
MPV17	0.24755815578090246	ac
GTF3C2	0.24486136564042438	ac
EIF2B4	0.24005166023880076	ac
SNX17	0.238739195667096	ac
ZNF513	0.23730638455465458	ac
PPM1G	0.23324707608184525	ac
NRBP1	0.22430455237538416	ac
KRTCAP3	0.22250391951941995	ac
IFT172	0.21945060734292743	me1
FNDC4	0.21754040547132814	me2
GCKR	0.2181682519762712	me2
C2ORF16	0.22836331486003547	ac
ZNF512	0.24708813557356957	ac
CCDC121	0.2611994319370815	ac
GPN1	0.2684079888668254	me1
SUPT7L	0.28015973011743245	ac
SLC4A1AP	0.29335723914264733	ac
MRPL33	0.36756226086369137	Unassigned
RBKS	0.35975395402288113	me3_domain
BABAM2	0.36802959300442584	me2
FOSL2	0.3170483885486014	me3_domain
PLB1	0.3569380940846295	me3_domain
PPP1CB	0.3101045041999355	ac
SPDYA	0.299302490838559	Unassigned
TRMT61B	0.29803236552406265	ac
WDR43	0.3279262032378921	ac
TOGARAM2	0.3813798838831799	me3_domain
PCARE	0.4134165781056255	me3_domain
CLIP4	0.45629869067354045	me3_domain
ALK	0.5586250684596867	me3
YPEL5	0.3850088729889767	ac
LBH	0.3763840128522715	me2
LCLAT1	0.4219257968863469	me1
CAPN13	0.5109614579554147	me3
GALNT14	0.5981831974755492	me3
CAPN14	0.6000430900555804	me3
EHD3	0.5937548597517865	me3_domain
XDH	0.5620949622207996	me3
SRD5A2	0.47913068691554406	me3
MEMO1	0.27546095590872843	ac
DPY30	0.2701477060463813	ac
SPAST	0.23516070163263303	ac
SLC30A6	0.23707535907790744	ac
NLRC4	0.24867165729652896	me2
YIPF4	0.2648003912797756	me1
BIRC6	0.3211912499704249	ac
TTC27	0.3305893790154544	me1
LTBP1	0.4272013093056428	me2
RASGRP3	0.5107701849400335	me3_domain
FAM98A	0.5450400676753817	me3
CRIM1	0.6040680388298234	me3
FEZ2	0.5210488141412604	me1
VIT	0.38873329786166255	me3_domain
STRN	0.3302705068132177	ac
HEATR5B	0.30748942526020284	me1
GPATCH11	0.2881113503063719	ac
EIF2AK2	0.28468266585050583	me1
SULT6B1	0.29652852143245023	ac
CEBPZOS	0.3096515411779315	ac
CEBPZ	0.31768630708131507	ac
NDUFAF7	0.33735386608869034	ac
PRKD3	0.3744730483737928	ac
QPCT	0.4141572619126417	me3_domain
CDC42EP3	0.4838539073665593	me2
RMDN2	0.5022791593175593	me3
CYP1B1	0.4572706379364826	me3_domain
ATL2	0.32926622165919284	ac
HNRNPLL	0.18679090017227662	ac
GALM	0.1894122144868886	me1
SRSF7	0.19929469408748812	ac
GEMIN6	0.2051548081171518	ac
DHX57	0.23176156024908234	me1
MORN2	0.263022311402452	Unassigned
ARHGEF33	0.2719531676181538	me3_domain
SOS1	0.24839992145241208	ac
CDKL4	0.2456299918321091	me1
MAP4K3	0.2776428081376139	ac
TMEM178A	0.3559904204988349	me3_domain
THUMPD2	0.39022957593361474	ac
SLC8A1	0.7135777678693218	Unassigned
PKDCC	0.4331493957538112	me3_domain
EML4	0.41237747459641516	me1
COX7A2L	0.4216128388930618	me3_domain
KCNG3	0.41504621681944764	me3_domain
MTA3	0.404960647925626	me3
OXER1	0.35525464653561956	me3_domain
HAAO	0.3493784383051667	me3
ZFP36L2	0.25032329535140774	ac
THADA	0.3111997637575178	me1
PLEKHH2	0.3396330858156137	Unassigned
C1GALT1C1L	0.342744646495034	me2
DYNC2LI1	0.33218565925261756	Unassigned
ABCG5	0.3335105424206857	me3_domain
ABCG8	0.3385458506994259	me3_domain
LRPPRC	0.3586307068114246	Unassigned
PPM1B	0.3931815568524225	me1
ENSG00000285542	0.40666820769848966	Unassigned
SLC3A1	0.4235184838556	me3_domain
PREPL	0.4381733426337764	me1
CAMKMT	0.4911198124030358	Unassigned
SIX3	0.48945257821251775	me3_domain
SIX2	0.5132377166545407	me3_domain
SRBD1	0.4365890318341987	Unassigned
PRKCE	0.4186776396248333	me3_domain
EPAS1	0.3444353555788475	me2
TMEM247	0.3435144113131584	me3_domain
ATP6V1E2	0.3396200014747305	me2
RHOQ	0.34143829923775926	me1
PIGF	0.349607482273953	ac
CRIPT	0.35692500403172744	ac
SOCS5	0.37580234533739554	Unassigned
MCFD2	0.3479748351223655	ac
TTC7A	0.3275137373952107	me1
STPG4	0.28345571166210515	me2
ENSG00000273269	0.27227296260607003	me2
CALM2	0.24647304363402567	ac
EPCAM	0.2175506594908525	ac
MSH2	0.3109037459263724	me3
KCNK12	0.31844757467086227	me3_domain
MSH6	0.40482965811189753	me3_domain
FBXO11	0.4109281338460823	ac
FOXN2	0.3985143199903429	ac
PPP1R21	0.4003660921567388	me1
STON1	0.42159724283413835	me3
STON1-GTF2A1L	0.4992743345750711	me2
GTF2A1L	0.522337030713524	me2
ENSG00000279956	0.5392595805904576	me2
LHCGR	0.5631516367613035	me2
FSHR	0.7472261075898992	Unassigned
NRXN1	0.8528322807363249	Unassigned
ASB3	0.4733489711939247	Unassigned
CHAC2	0.4416598848806268	ac
ERLEC1	0.4191132597196573	ac
GPR75	0.39339468979669767	me1
PSME4	0.3823306421582596	ac
ACYP2	0.38443458860500446	ac
TSPYL6	0.39249354436861206	ac
C2ORF73	0.3659623751203237	me3
SPTBN1	0.29413117049305315	ac
EML6	0.3039213437170044	me3_domain
RTN4	0.21427618892799383	ac
CLHC1	0.2308796546127373	ac
RPS27A	0.24380361972686326	ac
MTIF2	0.2506605518062537	ac
CCDC88A	0.2812777628275306	ac
CFAP36	0.3132757269938127	me1
PPP4R3B	0.31606905421663223	ac
PNPT1	0.3462179412517905	ac
EFEMP1	0.532229879478995	me3
CCDC85A	0.6970335312126426	me2
VRK2	0.5595614651351477	ac
FANCL	0.5729371514702779	ac
BCL11A	0.5331900447182886	me3
PAPOLG	0.36505039062810885	Unassigned
REL	0.3411163644873174	ac
PUS10	0.362172622933003	ac
PEX13	0.3587534196081519	ac
SANBR	0.33389810356564265	Unassigned
C2ORF74	0.32208588800025606	me2
USP34	0.33616743106491864	ac
XPO1	0.35843762045236094	ac
FAM161A	0.32170664346592703	Unassigned
CCT4	0.31818290823898776	ac
COMMD1	0.3205340927612843	me2
B3GNT2	0.2766878497800599	me1
TMEM17	0.3496371184262773	ac
EHBP1	0.49474019082303033	Unassigned
OTX1	0.49262198951738567	ac
WDPCP	0.5329500213477285	Unassigned
MDH1	0.4846928517969007	ac
UGP2	0.4507854697373934	ac
VPS54	0.44369845103293526	Unassigned
PELI1	0.4368070803603953	me1
LGALSL	0.40400331935884826	me3_domain
AFTPH	0.3718856140060869	me1
SERTAD2	0.3403585032307368	ac
SLC1A4	0.3039197571718948	me1
CEP68	0.2809274352446901	me1
RAB1A	0.26632107751108136	me1
ACTR2	0.25214321204457724	ac
SPRED2	0.27049753321595604	me1
MEIS1	0.592213691419684	ac
ETAA1	0.6718138151589775	ac
C1D	0.2864205718153078	ac
DNAAF10	0.2760630816535111	ac
ENSG00000273398	0.2760456511334698	ac
PNO1	0.27534461130585075	ac
PPP3R1	0.275761095596059	ac
CNRIP1	0.2806561370186551	ac
PLEK	0.2998819400400379	me2
FBXO48	0.3333731352703877	ac
APLF	0.3739726044275399	Unassigned
PROKR1	0.4142064082020891	ac
ARHGAP25	0.42915202000496255	me2
BMP10	0.43127408681997836	me2
GKN2	0.42798949784864815	me3_domain
GKN1	0.424583772160837	Unassigned
ANTXR1	0.39371423702933117	me3_domain
GFPT1	0.2958062167344686	ac
NFU1	0.28670539440969156	ac
AAK1	0.24815967806689176	me1
ANXA4	0.22385588387676103	me2
GMCL1	0.22261804934400575	ac
SNRNP27	0.21540735724157456	ac
MXD1	0.20823824586811446	ac
ASPRV1	0.1903850589321675	me2
PCBP1	0.15040154910673365	ac
C2ORF42	0.1737529608572097	ac
TIA1	0.18730547485287474	ac
PCYOX1	0.2102986831357403	ac
SNRPG	0.22234679313561012	ac
FAM136A	0.22934714664259137	ac
TGFA	0.3197903485555986	me3_domain
ADD2	0.36590645363950225	me1
FIGLA	0.371985160441217	me2
CLEC4F	0.3744816586357671	me3_domain
CD207	0.37524044475164087	me3_domain
VAX2	0.3795486426135901	me3_domain
ATP6V1B1	0.3823956806788076	me3_domain
ENSG00000258881	0.38773846523672884	me1
TEX261	0.3920031059725132	me1
ANKRD53	0.39170707002649163	me1
NAGK	0.4183987951200493	me1
MCEE	0.41862316990234905	ac
MPHOSPH10	0.41644227415013657	ac
PAIP2B	0.4077376889747234	Unassigned
ZNF638	0.3843166729502979	Unassigned
DYSF	0.44555213475758937	me3_domain
CYP26B1	0.5758303293488132	me3_domain
EXOC6B	0.501382851718392	Unassigned
SPR	0.3546695409969246	me1
EMX1	0.35102920034035745	me3_domain
SFXN5	0.3443044709142049	me1
RAB11FIP5	0.34495217218365026	me1
NOTO	0.34684979773875346	me3_domain
SMYD5	0.34788882119315	me1
PRADC1	0.3489739990234375	ac
CCT7	0.35043737524262386	ac
FBXO41	0.3550251971425439	me1
EGR4	0.3599680742091409	me3_domain
ALMS1	0.40930050006551444	Unassigned
NAT8	0.37751699023776586	me3_domain
NAT8B	0.3484811905382713	me2
TPRKB	0.33111799930467056	ac
DUSP11	0.3100218724186774	me1
C2ORF78	0.29510212526621726	me2
STAMBP	0.2751715583580594	me1
ACTG2	0.2667792700785955	me2
DGUOK	0.26589981257745743	me1
TET3	0.23250635779186113	me1
BOLA3	0.1838970989553914	ac
MOB1A	0.18224692732776238	ac
MTHFD2	0.19012775938716064	ac
ENSG00000264324	0.23232676431810306	me2
SLC4A5	0.22952809934282437	me2
DCTN1	0.26231329048449636	me1
ENSG00000159239	0.25895897941418655	me2
C2ORF81	0.25678782527676025	me2
WDR54	0.2555294729340213	me2
RTKN	0.25219477702304127	me2
INO80B	0.2453295349073632	me1
INO80B-WBP1	0.2448456627364648	me1
WBP1	0.24428938220047047	me1
MOGS	0.24280351985778925	ac
MRPL53	0.23989156913086507	ac
CCDC142	0.23827091449490978	ac
TTC31	0.2354136756083749	me1
LBX2	0.23240182046329283	ac
PCGF1	0.2312539982789188	ac
TLX2	0.23005327899589334	me2
DQX1	0.22927157126389075	me1
AUP1	0.2289246776940408	ac
HTRA2	0.22886744492587985	ac
LOXL3	0.22945161758801935	ac
DOK1	0.23020738682175246	ac
M1AP	0.2478042160275108	me2
SEMA4F	0.28383314415062233	me3_domain
HK2	0.39796698073374137	me1
POLE4	0.4455545060259972	ac
TACR1	0.5447252938241038	me3
EVA1A	0.6108149925981692	me3
MRPL19	0.5842277321124267	ac
GCFC2	0.5887796668351865	ac
LRRTM4	0.8548678866046072	Unassigned
REG3G	0.7993266168164957	me2
REG1B	0.8120038801627008	me2
REG1A	0.8092637599409804	me2
REG3A	0.7976314284330493	me2
CTNNA2	0.7153074940485951	Unassigned
LRRTM1	0.612478237053455	me3
SUCLG1	0.5841940344826451	me1
DNAH6	0.52368148566085	Unassigned
TRABD2A	0.4426062188827907	me3_domain
TMSB10	0.42873125848316007	ac
KCMF1	0.37724170832364545	ac
TCF7L1	0.28389916291055894	me3_domain
TGOLN2	0.23426963432329007	ac
RETSAT	0.2289331658149737	me1
ELMOD3	0.22639119128146878	me1
CAPG	0.22367685866394538	ac
SH2D6	0.22133290083666568	ac
MAT2A	0.17336439339136656	ac
GGCX	0.16885124250230066	ac
VAMP8	0.16473415413844505	ac
VAMP5	0.16416279665068234	ac
RNF181	0.16526880637570296	ac
TMEM150A	0.16651262320459426	me1
USP39	0.1779901824745943	ac
C2ORF68	0.16908096796844063	ac
SFTPB	0.2043306676743688	me2
GNLY	0.22621533474036593	me3_domain
ATOH8	0.25635769799871744	me3_domain
ST3GAL5	0.23926352598549916	me2
POLR1A	0.25028277373432883	me1
PTCD3	0.2661624427106548	ac
IMMT	0.2874959889284525	ac
MRPL35	0.30811568629652086	ac
REEP1	0.3457866506944217	me3_domain
KDM3A	0.39418325399149534	ac
CHMP3	0.43237673162856727	ac
RNF103-CHMP3	0.4573502996952983	Unassigned
RNF103	0.46296471767007086	ac
RMND5A	0.4820860976665484	ac
CD8A	0.4908981777444634	me3_domain
CD8B	0.5167605142042506	me3_domain
RGPD1	0.6427496456053139	Unassigned
PLGLB1	0.62998861181474	Unassigned
PLGLB2	0.395504731517727	me3
RGPD2	0.39915142527365877	Unassigned
KRCC1	0.3949341884339339	ac
SMYD1	0.400682967558022	me2
FABP1	0.4067181128934896	me3_domain
THNSL2	0.4221879675346817	me3_domain
FOXI3	0.42442026442525516	me3_domain
TEX37	0.4181911322651677	me3_domain
EIF2AK3	0.41123970079507555	ac
RPIA	0.4182712493209203	me1
AQP7B		me2
TEKT4	0.5815148465440241	me3
MAL	0.5082543305599896	me3_domain
MRPS5	0.5160790705534296	ac
ENSG00000289685	0.5218315911109667	ac
ZNF514	0.5266827663629376	ac
ZNF2	0.5330858006442771	me1
ZNF892	0.5356679493058794	Unassigned
PROM2	0.5313301961093573	me3
KCNIP3	0.5275958625301731	me3_domain
FAHD2A	0.5307269023491252	me1
TRIM43B	0.547504743212112	me3
TRIM43	0.5514200690732944	me3
ANKRD36C	0.47943587735313087	Unassigned
GPAT2	0.3990862839633963	me3
ADRA2B	0.32280678157532217	me3_domain
ASTL	0.3143370441074389	me3_domain
DUSP2	0.3080231688483128	me2
STARD7	0.2890188429416637	ac
TMEM127	0.2710380592833245	me1
CIAO1	0.2683723387165461	ac
SNRNP200	0.26464687669948117	ac
ITPRIPL1	0.2636766192751956	ac
NCAPH	0.26718680089603797	ac
NEURL3	0.29740506245386156	me3_domain
ARID5A	0.2949118438547267	me1
KANSL3	0.27455815010024454	ac
FER1L5	0.25440340953096463	me3_domain
LMAN2L	0.23342767330219127	me1
CNNM4	0.20548937917177934	me1
CNNM3	0.19019394579349513	me1
ANKRD23	0.18575441632960776	me1
ANKRD39	0.18402037334093124	me1
SEMA4C	0.18052747580696182	ac
FAM178B	0.17877665423203992	ac
FAHD2B	0.29244430728074977	me1
ANKRD36	0.3305420692423897	Unassigned
ANKRD36B	0.39676641040186045	Unassigned
COX5B	0.34475006783317186	ac
ACTR1B	0.34134190481258386	ac
C2ORF92	0.33973814947177916	ac
ZAP70	0.3454981837522709	me2
TMEM131	0.41911658451157985	me1
VWA3B	0.4828179945009211	me3_domain
CNGA3	0.4383413547494839	me3_domain
INPP4A	0.44054052509791763	me1
COA5	0.4527025510469761	ac
UNC50	0.4544377061659537	ac
MGAT4A	0.47636766356364657	me3_domain
CRACDL	0.5172764824946203	me3_domain
TSGA10	0.4556187893461532	Unassigned
ENSG00000241962	0.47488678244606675	Unassigned
C2ORF15	0.468628189266462	me1
LIPT1	0.4735702517964484	ac
ENSG00000273155	0.47885133686994585	ac
MITD1	0.47821627828768865	me1
MRPL30	0.48326437886752527	ac
LYG2	0.4835070291467186	Unassigned
LYG1	0.46733273134850206	me2
TXNDC9	0.44892046628926596	ac
EIF5B	0.42876840475902833	ac
REV1	0.40159737789275174	ac
AFF3	0.48336973452627585	me3_domain
LONRF2	0.4909073987875112	ac
CHST10	0.5049526414903587	me1
NMS	0.5085575620135809	me3_domain
PDCL3	0.5264473986792194	ac
NPAS2	0.5388001043497099	me3_domain
RPL31	0.5035999398682331	ac
TBC1D8	0.4485706103672845	me3
CNOT11	0.4020334637931512	ac
RNF149	0.4092114281880729	me1
CREG2	0.4474704666437497	me3_domain
RFX8	0.4758884333182135	me3_domain
MAP4K4	0.4347250581397757	me1
IL1R2	0.4129628969926016	me3_domain
IL1R1	0.41910261797972803	me2
IL1RL2	0.42750203868186143	me2
IL1RL1	0.46363474823761996	me2
IL18R1	0.469282895080099	me2
IL18RAP	0.4778573450221759	ac
SLC9A4	0.47518392641491747	me3
SLC9A2	0.5406266503805464	ac
MFSD9	0.5847493151346514	me1
TMEM182	0.6307176855055927	me2
POU3F3	0.5984297948211204	me3
MRPS9	0.5199498427202263	ac
GPR45	0.4214546648078009	me3_domain
TGFBRAP1	0.41773671538275425	me1
C2ORF49	0.4203555316052602	ac
FHL2	0.4221323773017065	me1
NCK2	0.5008995616162654	me1
ECRG4	0.5250237584141049	me3_domain
UXS1	0.5185912771253007	me1
RGPD3	0.5889672981130791	Unassigned
CD8B2	0.6222881432590104	me3
ST6GAL2	0.7450870370176217	me2
RGPD4	0.6549353780511133	Unassigned
SLC5A7	0.6047182272766105	me3
SULT1C3	0.4355248466674453	me2
SULT1C2	0.41721715456986597	me3_domain
SULT1C4	0.3718524785029572	me2
GCC2	0.32497371727130187	Unassigned
LIMS1	0.3526344121887257	ac
RANBP2	0.36712803079031475	ac
CCDC138	0.3701023473378846	Unassigned
EDAR	0.41406978379571635	me3_domain
SH3RF3	0.5964920524823705	me3_domain
SEPTIN10	0.6293054366825304	Unassigned
SOWAHC	0.622663511435897	me2
RGPD5	0.912697760668218	Unassigned
LIMS3	0.9763056606029152	me3
ENSG00000284337	0.9231900400738078	Unassigned
MALL	0.5506751949432168	me3
NPHP1	0.5591430087930439	Unassigned
MTLN	0.564970173122562	Unassigned
ENSG00000257207	0.7437833891351245	Unassigned
LIMS4	0.8105853356121998	me3
RGPD6	0.7563352048975251	me3
BUB1	0.4074113214566306	ac
ACOXL	0.37092230182212693	me3_domain
BCL2L11	0.32873390440095596	me1
ANAPC1	0.2704227084083749	me2
MERTK	0.32247316730660647	me2
TMEM87B	0.33824406821906694	ac
FBLN7	0.3359652141341788	me3_domain
ZC3H8	0.3316698967591972	ac
ZC3H6	0.339622373298221	ac
RGPD8	0.32569869103522886	Unassigned
TTL	0.2653630227327096	ac
POLR1B	0.23357189271870904	ac
CHCHD5	0.21698007735295988	ac
SLC20A1	0.190239917922564	ac
NT5DC4	0.1990715923392763	me1
CKAP2L	0.20610009440524724	me1
IL1A	0.21776380705291432	me2
IL1B	0.2412914477593544	me3_domain
IL37	0.28339215428491726	me3_domain
IL36G	0.32779022643172073	me3_domain
IL36A	0.3474601020961917	me2
IL36B	0.36835179430500875	me2
IL36RN	0.3818026730935754	me3
IL1F10	0.38665656714173946	me3_domain
IL1RN	0.4020879599932703	me3_domain
PSD4	0.4073083500909648	me1
PAX8	0.3939277132089757	me1
ZNG1B	0.3448966263192278	Unassigned
FOXD4L1	0.34501378626776913	me1
RABL2A	0.3065329506901636	me1
SLC35F5	0.32734468386607607	ac
ACTR3	0.4302126338378609	ac
DPP10	0.8180112198735491	Unassigned
DDX18	0.5878502460160671	ac
CCDC93	0.5736098230510338	me1
INSIG2	0.6195204270691006	me2
EN1	0.6505839788019381	me3_domain
MARCO	0.6054089160156949	me3
C1QL2	0.5386900568429681	me3_domain
STEAP3	0.5099932328658003	me1
C2ORF76	0.47644687147595766	ac
DBI	0.4763028243470555	ac
TMEM37	0.49579591618037044	me3_domain
SCTR	0.5001515965513528	me3_domain
CFAP221	0.45275706769295976	me3
TMEM177	0.4144402823261243	me1
PTPN4	0.4019257213237518	Unassigned
EPB41L5	0.3691164317521325	Unassigned
TMEM185B	0.37109460047578846	ac
RALB	0.38261575430675965	me1
INHBB	0.41332425047125587	me3_domain
GLI2	0.5616967471439681	me3_domain
TFCP2L1	0.4546198249949537	me3_domain
CLASP1	0.3158512822608611	me1
NIFK	0.24127994964841704	ac
TSN	0.2455006681779085	ac
CNTNAP5	0.8258887443788191	Unassigned
GYPC	0.46196272444748054	ac
TEX51	0.48263408835676413	me3_domain
BIN1	0.43677263366596	me3
CYP27C1	0.35534490885534875	me3_domain
ERCC3	0.3275242880738144	me1
MAP3K2	0.3144328677354461	me1
PROC	0.29464417617064353	me3_domain
IWS1	0.29724633148603985	Unassigned
MYO7B	0.3280783882119258	me3_domain
LIMS2	0.33137104107924986	me3_domain
GPR17	0.33392748159711216	me3_domain
WDR33	0.30343598944068784	ac
SFT2D3	0.32038993751857037	ac
POLR2D	0.2835289783425219	ac
AMMECR1L	0.2817813831317001	ac
SAP130	0.2903778779110996	me1
UGGT1	0.3453098200305602	Unassigned
HS6ST1	0.42039010638334984	me2
RAB6C	0.4760300254400316	me3
POTEF	0.42034826138161785	me3
CCDC74B	0.4049104211932031	me1
SMPD4	0.39712924776266323	ac
MZT2B	0.39213484664561205	ac
TUBA3E	0.3897850808285521	me1
CCDC115	0.3466309450882775	ac
IMP4	0.34604254655426236	ac
PTPN18	0.346603531873763	ac
POTEI	0.4375664127032308	me3
CFC1B	0.4591434705155334	me3
CFC1	0.4588774421010683	me3
POTEJ	0.46081914885652064	me3
GPR148	0.47767602009346266	me3_domain
AMER3	0.4730112959064513	me3_domain
ARHGEF4	0.3774956254449474	me3_domain
SMIM39	0.31880048396010197	me2
FAM168B	0.314557193064553	ac
PLEKHB2	0.36161654332973514	me1
POTEE	0.37380365238480706	ac
RAB6D	0.36946726228274773	me3
MZT2A	0.2995047550759523	ac
TUBA3D	0.29919224460879024	me1
CCDC74A	0.30270392424454684	ac
ANKRD30BL	0.5946720199205192	me3
GPR39	0.7081743727172685	me2
LYPD1	0.7319942325639701	me3
NCKAP5	0.7435069574249407	me2
MGAT5	0.5356681769340983	me2
TMEM163	0.5420182534765622	me3_domain
ACMSD	0.4168407531090984	Unassigned
CCNT2	0.39452714239676157	ac
MAP3K19	0.3956273323551036	me3_domain
RAB3GAP1	0.42125175047474994	me1
ZRANB3	0.43240617188048425	Unassigned
R3HDM1	0.36723404981471586	me1
UBXN4	0.312311335267197	ac
LCT	0.30286081316925095	me3_domain
MCM6	0.30246636637753066	ac
DARS1	0.32891033794476565	ac
CXCR4	0.44039107336599603	me3_domain
THSD7B	0.7942471950102696	Unassigned
HNMT	0.7309772744043774	me2
SPOPL	0.6509383839810364	ac
NXPH2	0.6797876133079068	me3
LRP1B	0.8735666329964369	Unassigned
KYNU	0.7402643887549607	Unassigned
ARHGAP15	0.6401673698336013	Unassigned
GTDC1	0.41620538597262424	ac
ZEB2	0.3394408246677366	ac
ACVR2A	0.7064242070674787	Unassigned
ORC4	0.7370878160735883	ac
MBD5	0.6826018309292647	me2
EPC2	0.5465757150488795	me1
KIF5C	0.6792915693802133	me3_domain
LYPD6B	0.6989648630055614	me2
LYPD6	0.7424912912189765	me2
MMADHC	0.7450930715386939	ac
RND3	0.7979002920817044	me2
RBM43	0.5011325094253184	ac
NMI	0.48334616610318093	ac
TNFAIP6	0.43601215177140384	me2
RIF1	0.427750381427787	ac
NEB	0.42811898752926714	me2
ARL5A	0.412161053738488	ac
ENSG00000283228	0.43168573969380875	me3_domain
CACNB4	0.4676541984726391	me3_domain
STAM2	0.5358601100683555	me1
FMNL2	0.632592853403688	me3_domain
PRPF40A	0.6655651704428119	ac
ARL6IP6	0.6817349802020365	ac
RPRM	0.7701153176502117	me2
GALNT13	0.8622304261561291	Unassigned
KCNJ3	0.812717880109096	Unassigned
NR4A2	0.4117742654958554	ac
GPD2	0.45128990100256816	me1
GALNT5	0.35043981869541485	ac
ERMN	0.37136879114077037	me2
CYTIP	0.43298533456626376	me3
ACVR1C	0.44472165507863237	me3
ACVR1	0.3757230506591269	ac
UPP2	0.36836561419203295	me2
CCDC148	0.5241794853683595	me2
PKP4	0.5608068643029898	me1
DAPL1	0.5280132488415585	me3
TANC1	0.44349242932091304	me3_domain
WDSUB1	0.3608326681029259	ac
BAZ2B	0.43802387445036584	ac
MARCHF7	0.47352008293468717	ac
CD302	0.4557300673967182	me3_domain
LY75-CD302	0.46343207661576225	me3_domain
LY75	0.46343647509380725	me3_domain
PLA2R1	0.5681722928496278	me3
ITGB6	0.6230367685808085	me2
RBMS1	0.7138520335991058	me2
TANK	0.5646465262989777	ac
PSMD14	0.563646053386593	ac
TBR1	0.5851098861391295	me3_domain
SLC4A10	0.7389978714709116	Unassigned
DPP4	0.8021594714195378	me2
GCG	0.7972837528543055	Unassigned
FAP	0.7848938848072248	Unassigned
IFIH1	0.7963799648571535	Unassigned
GCA	0.8316616018027386	Unassigned
KCNH7	0.8749313184943646	Unassigned
FIGN	0.8039141377815702	Unassigned
GRB14	0.658608285557696	Unassigned
COBLL1	0.5892092911364915	Unassigned
SLC38A11	0.5966435757624047	Unassigned
SCN3A	0.6346443051926283	Unassigned
SCN2A	0.7001877472981044	Unassigned
CSRNP3	0.741820361221808	Unassigned
GALNT3	0.7437558892578696	me3
TTC21B	0.7105552504666481	me1
SCN1A	0.6886897113310442	me2
SCN9A	0.6416184307241733	ac
SCN7A	0.6897881833900085	me2
XIRP2	0.7847000351928232	Unassigned
B3GALT1	0.6118774613920674	Unassigned
STK39	0.47643058891139156	me3_domain
CERS6	0.30840941380113374	me2
NOSTRIN	0.22409522213483157	ac
SPC25	0.23718907365453734	me1
G6PC2	0.24956304800424467	me1
ABCB11	0.2663678299526415	ac
DHRS9	0.28625042721342875	me2
LRP2	0.33548761348501643	me3_domain
BBS5	0.2612860529887142	me1
ENSG00000251569	0.25862326607797936	me1
KLHL41	0.2543571992020146	Unassigned
FASTKD1	0.24396032151756075	ac
PPIG	0.22813478478554672	ac
CFAP210	0.22124618651586858	ac
PHOSPHO2	0.220721912829967	ac
KLHL23	0.22140406105429888	ac
SSB	0.2221060330313126	ac
METTL5	0.22234779770400914	ac
UBR3	0.26132324834218035	ac
MYO3B	0.3382482775489015	me2
SP5	0.37989044825575813	ac
ERICH2	0.341875274080071	ac
GAD1	0.32974247102229237	me2
GORASP2	0.31357980146360487	ac
TLK1	0.30179279739645193	ac
METTL8	0.3130406752152196	ac
DCAF17	0.3006735105376831	ac
CYBRD1	0.31085864769014204	ac
DYNC1I2	0.3012525441532574	me1
SLC25A12	0.2661896533946415	me1
HAT1	0.24487809437448593	me1
METAP1D	0.2148320141748673	ac
DLX1	0.22132358953181086	ac
DLX2	0.2274596191173761	me1
ITGA6	0.4246121764364793	me3_domain
PDK1	0.4600160697241099	me1
RAPGEF4	0.4803120956266623	me3_domain
MAP3K20	0.4278320624191084	me1
CDCA7	0.47059838764342976	ac
SP3	0.4087905454561782	ac
OLA1	0.39558151206806824	me1
SP9	0.43214871309446923	me3
CIR1	0.43235169375952054	me1
SCRN3	0.43250631835508524	Unassigned
GPR155	0.4364209616489896	me3_domain
WIPF1	0.48196998469531693	me3
CHRNA1	0.5364333191563626	me3_domain
CHN1	0.5280794458435591	me3_domain
ATF2	0.44287427679257196	ac
ATP5MC3	0.43185867516473153	ac
LNPK	0.47794459692752467	ac
EVX2	0.47942226094184937	me3_domain
HOXD13	0.4821866753516776	me3_domain
HOXD12	0.48388671360867597	me3_domain
HOXD11	0.4854547480950572	me3_domain
HOXD10	0.48762431521222593	me3_domain
HOXD9	0.49062428877641795	me3_domain
HOXD8	0.4931605229909155	me3_domain
HOXD3	0.5023619236857493	me3_domain
HOXD4	0.5012936786399388	me3_domain
HOXD1	0.5179260681529103	me3_domain
MTX2	0.58129434548302	me1
HNRNPA3	0.2660980693718241	ac
NFE2L2	0.28614486132555883	ac
AGPS	0.339854172118777	me1
TTC30B	0.3760353190920258	ac
TTC30A	0.401821831536887	ac
PDE11A	0.430268067667819	me2
RBM45	0.3682551970736988	ac
OSBPL6	0.31034266579154735	me1
PRKRA	0.3183269285307456	ac
PJVK	0.31980918116600743	ac
FKBP7	0.3214670580648348	ac
PLEKHA3	0.3248927905319854	me1
TTN	0.38636374855753186	me3
CCDC141	0.5725389030548111	me2
SESTD1	0.7273412590275374	me2
ZNF385B	0.7632731006822088	me2
CWC22	0.7324250386550981	ac
UBE2E3	0.7434488827381072	ac
ITGA4	0.7992285247617439	Unassigned
CERKL	0.7855638765864262	me2
NEUROD1	0.7597643374995048	me3
ITPRID2	0.6751426718770968	ac
PPP1R1C	0.7336023664506384	me2
PDE1A	0.7061556545027089	Unassigned
DNAJC10	0.4685891773901768	me1
FRZB	0.4269477199165115	me3_domain
NCKAP1	0.3623781641163649	ac
DUSP19	0.35586167248256484	ac
NUP35	0.37983985595671066	ac
ZNF804A	0.8389430888904912	Unassigned
FSIP2	0.7609593989867032	Unassigned
ZC3H15	0.5436014740206689	ac
ITGAV	0.5336576927957748	ac
FAM171B	0.5310057143017601	me3
ZSWIM2	0.494143904146255	Unassigned
CALCRL	0.4372108490872091	Unassigned
TFPI	0.37906807712331936	ac
GULP1	0.6272715991512584	ac
COL3A1	0.5431268976509396	Unassigned
COL5A2	0.46031986334224273	Unassigned
WDR75	0.24510118389167812	ac
SLC40A1	0.2602444176747085	ac
ASNSD1	0.26833931960248947	ac
ASDURF	0.26874381572954076	ac
ENSG00000286165	0.2686045148757009	ac
ANKAR	0.2639695229435197	Unassigned
OSGEPL1	0.2684186133747761	ac
ORMDL1	0.27921886081268554	ac
PMS1	0.3178054460516172	Unassigned
C2ORF88	0.35337626959133783	Unassigned
MSTN	0.3679123837196664	Unassigned
HIBCH	0.25367005048350744	ac
INPP1	0.24273297083059897	ac
MFSD6	0.266134431580482	me1
NEMP2	0.2647307149374468	ac
NAB1	0.29424539568326324	ac
GLS	0.3399996030551691	ac
STAT1	0.34042662459495443	ac
STAT4	0.3742170665235536	Unassigned
MYO1B	0.4147041289413369	me3
NABP1	0.2955655999181128	ac
CAVIN2	0.36022129422063287	ac
TMEFF2	0.4309693078628074	Unassigned
SLC39A10	0.3093970022108161	ac
DNAH7	0.3742751600689034	me2
STK17B	0.29980265200290845	ac
HECW2	0.34229903827831865	Unassigned
CCDC150	0.47027297827995074	Unassigned
GTF3C3	0.47926759427261034	Unassigned
C2ORF66	0.47677137203059194	Unassigned
PGAP1	0.46839566622781925	Unassigned
ANKRD44	0.40350998280219486	me3
SF3B1	0.2590509607906947	ac
COQ10B	0.2620946496299298	ac
HSPD1	0.278933235129764	ac
HSPE1	0.2783179181092299	ac
HSPE1-MOB4	0.29166869995935674	ac
MOB4	0.2964672697372337	ac
RFTN2	0.3130442521439356	me3
MARS2	0.27615322455005253	ac
BOLL	0.25187018751220336	Unassigned
PLCL1	0.35973385110437295	Unassigned
SATB2	0.4671641948896659	ac
FTCDNL1	0.447712283936736	me3
C2ORF69	0.42305276891841403	ac
TYW5	0.4282402422018199	ac
MAIP1	0.4547403385464751	ac
SPATS2L	0.4239346022753091	me2
KCTD18	0.41623417255891715	Unassigned
SGO2	0.41148632168949006	Unassigned
AOX1	0.38064463862383957	me3
BZW1	0.26993900854777675	ac
CLK1	0.2587383755409669	ac
PPIL3	0.2571820832400148	ac
NIF3L1	0.25770069396957007	ac
ORC2	0.2636675672022879	ac
HYCC2	0.2557061031184916	ac
NDUFB3	0.22337082258822916	ac
CFLAR	0.17488516519084496	ac
CASP10	0.1692015816023671	ac
CASP8	0.22006613652834972	ac
FLACC1	0.2371475972200665	Unassigned
TRAK2	0.281741034418834	ac
STRADB	0.28830794977738894	Unassigned
C2CD6	0.3138105729306644	Unassigned
TMEM237	0.3343913398373829	Unassigned
MPP4	0.3540633678758851	Unassigned
ALS2	0.38233026642359635	Unassigned
CDK15	0.3973045771616608	Unassigned
FZD7	0.33829990653930253	ac
KIAA2012	0.2760935496357323	me3_domain
SUMO1	0.24848893269231187	ac
NOP58	0.26398082696245895	ac
BMPR2	0.31929996025611374	Unassigned
ENSG00000289490	0.29527099003065505	ac
FAM117B	0.31980337723719476	ac
ICA1L	0.3063093847205337	Unassigned
WDR12	0.31740312125663483	ac
CARF	0.31991296937239166	ac
NBEAL1	0.3071694753296772	Unassigned
CYP20A1	0.3416541620656358	ac
ABI2	0.3165569318079585	Unassigned
RAPH1	0.337323813304363	Unassigned
CD28	0.45104539824118417	Unassigned
CTLA4	0.5491102693392866	Unassigned
ICOS	0.5809370730597914	Unassigned
PARD3B	0.7199171934582094	Unassigned
NRP2	0.5020189191408879	me3
INO80D	0.3799365494805723	ac
NDUFS1	0.3824761613863532	ac
EEF1B2	0.38124535420981553	ac
CMKLR2	0.3880558967335568	me3_domain
ZDBF2	0.43945311623089034	me3
ADAM23	0.5276413798280745	me3
FAM237A	0.5711417329751654	me3
DYTN	0.574332753040767	me3
MDH1B	0.5711791164948643	me3
FASTKD2	0.5697811242169697	ac
CPO	0.5317660212659264	Unassigned
KLF7	0.44352451294077244	me3
CREB1	0.31512718647199167	ac
METTL21A	0.3087159819146912	ac
CCNYL1	0.33414123943549867	me1
FZD5	0.3381666791555267	ac
PLEKHM3	0.3271494425297712	me2
CRYGD	0.36454721348574115	me2
CRYGC	0.3665305626658061	me2
CRYGB	0.37145506436680276	me2
CRYGA	0.37634466384293197	me3_domain
C2ORF80	0.37958213101365923	Unassigned
IDH1	0.38390397027132006	ac
PIKFYVE	0.3780579696359856	ac
PTH2R	0.4146454366996273	ac
MAP2	0.7125175557127787	Unassigned
UNC80	0.6332457412751233	Unassigned
RPE	0.5735786114303034	ac
KANSL1L	0.5882786694020691	ac
ACADL	0.6479288972487949	me3
MYL1	0.7023723128752108	Unassigned
LANCL1	0.7615718702614751	me1
CPS1	0.7690224840687223	Unassigned
ERBB4	0.8074418576773218	Unassigned
IKZF2	0.5640414170919688	Unassigned
SPAG16	0.7426697823343613	Unassigned
VWC2L	0.683274014687399	Unassigned
BARD1	0.6164183588178659	ac
ABCA12	0.4855090977349774	Unassigned
ATIC	0.40200318546672986	ac
FN1	0.38575016067139134	me1
MREG	0.3316175551213493	me2
PECR	0.3145645360376439	me1
TMEM169	0.3077059105776426	me2
XRCC5	0.31510420806557027	ac
MARCHF4	0.30714215294867553	me3
SMARCAL1	0.29242611056109746	ac
RPL37A	0.33441746955791307	me3_domain
IGFBP2	0.3741217880034464	me3_domain
IGFBP5	0.38388029322523753	me3
TNP1	0.4259054471901951	me3
TNS1	0.39940816787252376	me3
RUFY4	0.309229121178339	me3
CXCR2	0.2657282477492656	me3_domain
CXCR1	0.2481102868273406	me3_domain
ARPC2	0.2140911235195918	me1
GPBAR1	0.20102022774575856	me1
AAMP	0.1977113630362436	ac
PNKD	0.18077219255176602	ac
TMBIM1	0.1897756771109287	ac
CATIP	0.16727145041007974	ac
SLC11A1	0.16817183042194683	ac
CTDSP1	0.16986243340377305	ac
VIL1	0.1783802378900481	me1
USP37	0.20687138171258912	ac
CNOT9	0.23776006693759366	ac
PLCD4	0.24994221668136507	me3
ZNF142	0.25442070521310955	me1
BCS1L	0.2559255296008688	ac
RNF25	0.25644457908666385	me1
STK36	0.2572143484198528	me1
TTLL4	0.26169632380911023	me1
CYP27A1	0.28649526010970405	me3_domain
PRKAG3	0.30458815239413406	me3_domain
WNT6	0.3269022046399308	me3_domain
WNT10A	0.33548661851375394	me3_domain
CDK5R2	0.3323382062939314	me3_domain
FEV	0.3242986883206104	me3
CRYBA2	0.32103500036456756	me3
CFAP65	0.309320089545302	me3_domain
IHH	0.2959763391941952	me3_domain
NHEJ1	0.271621243766041	ac
ENSG00000280537	0.26781355343090396	ac
SLC23A3	0.24686252512004492	me1
CNPPD1	0.24244787934153822	ac
RETREG2	0.24024108256331744	ac
ZFAND2B	0.23143678397526035	ac
ABCB6	0.22710795270712136	ac
ENSG00000284820	0.22657869227691974	me1
ATG9A	0.22435327909089087	ac
ANKZF1	0.2226288730041187	ac
GLB1L	0.22110088072352996	ac
STK16	0.22030875963842944	ac
TUBA4A	0.21922746181831043	ac
TUBA4B	0.2192262431703632	ac
DNAJB2	0.2191197733485114	me1
PTPRN	0.2199964621395205	me1
RESP18	0.22251386234281756	me3
DNPEP	0.23048827520808812	me1
DES	0.2386559813791187	ac
SPEG	0.2519018743446172	me1
ENSG00000286143	0.26170434593475744	ac
SPEGNB	0.2623011050195606	ac
GMPPA	0.2646312636491648	ac
ASIC4	0.2686659691459764	ac
CHPF	0.2708180012728998	ac
TMEM198	0.2711954329411439	ac
OBSL1	0.27166079984658364	ac
INHA	0.27157103491776824	ac
STK11IP	0.26940292425756707	me1
SLC4A3	0.2683723755431021	me2
EPHA4	0.7840298628738209	Unassigned
PAX3	0.5780330756264218	me3
ENSG00000288658	0.5348750876346136	me2
SGPP2	0.42884253811951834	me2
FARSB	0.35651122435454896	ac
MOGAT1	0.3308121974308853	me3
ACSL3	0.307965915682075	me1
KCNE4	0.4176816473635637	me2
SCG2	0.5604019725304159	Unassigned
AP1S3	0.498906656152424	me3
ENSG00000286239	0.4896076243588626	me3
WDFY1	0.49780591761537063	me1
MRPL44	0.5029054204382764	ac
SERPINE2	0.5077216541716367	me3
FAM124B	0.4713612729767608	ac
CUL3	0.47108762473165866	ac
CCDC195	0.5145967655913862	me2
DOCK10	0.6435623393021199	Unassigned
NYAP2	0.7523146831522287	Unassigned
IRS1	0.4791933175016446	me2
RHBDD1	0.5207416391993089	ac
COL4A4	0.5101333602301903	me3
COL4A3	0.4314212506151417	me3
MFF	0.3849161069435355	ac
TM4SF20	0.3819074800121658	me3
SCYGR1	0.38120929808341897	me3_domain
AGFG1	0.37218376895082383	ac
SCYGR2	0.39346613575409894	me3_domain
SCYGR10	0.39798540355583967	me3_domain
SCYGR3	0.4010401543817059	me3_domain
SCYGR4	0.4019422071511901	me3_domain
SCYGR5	0.4230173853887852	me3
SLC19A3	0.43468935743685455	me3_domain
SCYGR6	0.4427599082912046	me3_domain
SCYGR7	0.44380614135174856	me3
SCYGR8	0.4508251549232788	me3
CCL20	0.49296255972425185	me2
DAW1	0.573345487026518	me2
SPHKAP	0.682086378580696	Unassigned
PID1	0.7890634918434059	Unassigned
DNER	0.6020087922607736	me2
TRIP12	0.4470878228006382	Unassigned
FBXO36	0.45400169104153587	me2
SLC16A14	0.44757018840722185	me3_domain
SP110	0.4379615661353584	me2
SP140	0.4030270624953347	Unassigned
SP140L	0.3613381640747073	me1
SP100	0.33305650689317257	Unassigned
CAB39	0.28300996783149335	ac
ITM2C	0.32510157530526185	me1
GPR55	0.3480683956996671	me3_domain
SPATA3	0.37114032096533645	me3_domain
C2ORF72	0.37760891667439955	me3_domain
PSMD1	0.36808420607670733	Unassigned
HTR2B	0.36937432413064253	Unassigned
ARMC9	0.3291847431417888	me3
B3GNT7	0.32938629709446177	me2
NCL	0.3411558569842881	ac
NMUR1	0.3439042753364404	me2
TEX44	0.32452918743919257	me3_domain
PTMA	0.29978175015428976	ac
PDE6D	0.3082725873313915	Unassigned
COPS7B	0.3112085338163335	me1
NPPC	0.32517141183786247	me3_domain
DIS3L2	0.396758992319034	me1
ALPP	0.3967493970238142	me3_domain
ALPG	0.3890668813336975	me3
ALPI	0.3842621779259705	me3_domain
ECEL1	0.38439921688228895	me3
PRSS56	0.3844889831542969	me3_domain
CHRND	0.3841869542385321	me3
CHRNG	0.3834426627782488	me1
TIGD1	0.3831045400662997	ac
EIF4E2	0.38107011889305964	me1
EFHD1	0.3712522388587488	me3
GIGYF2	0.3686509976303275	Unassigned
KCNJ13	0.3714362381899775	Unassigned
SNORC	0.3608103464074651	me1
NGEF	0.3456091306889446	me3_domain
NEU2	0.3357376471314991	me3_domain
INPP5D	0.2957167393113158	me2
ATG16L1	0.2638325474492401	me1
SAG	0.2697358945785925	me2
DGKD	0.2850662256209573	me1
USP40	0.3404521200192272	me1
UGT1A8	0.4182375328059449	Unassigned
UGT1A10	0.42093588869725207	Unassigned
UGT1A9	0.42722413469099874	Unassigned
UGT1A7	0.4286825784389735	Unassigned
UGT1A6	0.43015753727136175	me3
UGT1A5	0.4328902771587292	me3
UGT1A4	0.43360202115261526	me3
UGT1A3	0.43484050969953736	me3
UGT1A1	0.43837287931650926	me3_domain
MROH2A	0.4467390016502598	me3_domain
HJURP	0.45865787955580284	ac
TRPM8	0.5354560624690432	me3
SPP2	0.5768577060221514	Unassigned
ARL4C	0.6095917308408574	me3_domain
SH3BP4	0.5482095575667694	me3_domain
AGAP1	0.4132010708223206	me1
GBX2	0.41991030674142815	ac
ASB18	0.41145573868736396	me3
IQCA1	0.49233473738210787	me3
ACKR3	0.5814599216388652	me3_domain
COPS8	0.5627757387119054	ac
COL6A3	0.5159163889266363	me3_domain
MLPH	0.44451823453431916	me3
PRLH	0.4252627779452244	me2
RAB17	0.4163059518608001	me3_domain
LRRFIP1	0.37672455422042217	me1
RBM44	0.3506119099162658	Unassigned
RAMP1	0.30935714279165794	me3
UBE2F	0.26201904650671237	me1
UBE2F-SCLY	0.2688886758736282	me1
SCLY	0.278125815053997	me1
ESPNL	0.284069958574083	me3_domain
KLHL30	0.2811753446618924	me2
ERFE	0.27516705690369436	me1
ILKAP	0.2630198868429795	me1
HES6	0.23239140316229678	ac
PER2	0.22188713619572187	me1
TRAF3IP1	0.24135818245437934	me1
ASB1	0.29867281465106965	ac
TWIST2	0.4570324200149596	me3
HDAC4	0.4773633914662091	me1
NDUFA10	0.508857334239742	me1
OR6B2	0.4967345975587637	me3_domain
OR6B3	0.4908072490690222	me3_domain
COPS9	0.47185630029972625	me1
OTOS	0.47085103497586156	me3_domain
GPC1	0.410545601552903	me3_domain
ANKMY1	0.3908659447970855	ac
DUSP28	0.38690062065192155	ac
RNPEPL1	0.3873480715231614	ac
CAPN10	0.3904536370650409	me1
GPR35	0.3931115163835631	me2
AQP12B	0.4025206897993848	me3
AQP12A	0.40391357342256073	me3
KIF1A	0.40861907842532785	me3
AGXT	0.4147438459729573	me3_domain
MAB21L4	0.4121593133236705	me3
CROCC2	0.3840597168480643	me3_domain
SNED1	0.3154554933221331	me3
MTERF4	0.294982189158392	me1
PASK	0.29252023194157106	me1
PPP1R7	0.2988297868356592	me1
ANO7	0.30930230586178853	me3
HDLBP	0.3122175033364062	me1
SEPTIN2	0.28822381681809006	ac
FARP2	0.2444546951759089	me1
STK25	0.2402233756316552	ac
BOK	0.24864824978883293	me2
THAP4	0.2394275616527033	me1
ATG4B	0.22803082769753213	me1
DTYMK	0.22298015277372807	ac
ING5	0.2216373429037639	ac
D2HGDH	0.22280554564510258	me1
GAL3ST2	0.22655414362328286	ac
NEU4	0.2293899688720703	me1
PDCD1	0.23465014371489945	me2
RTP5	0.23652713721001362	me3
FAM240C	0.23883151836546834	me2
DEFB125	0.3848422316379292	Unassigned
DEFB126	0.3130845755375904	Unassigned
DEFB127	0.29376286439790045	me3
DEFB128	0.2591190135858409	me3
DEFB129	0.2326201918500288	me2
DEFB132	0.21768745359555552	me1
C20ORF96	0.20773886938308483	me1
ZCCHC3	0.20006408575096057	ac
SOX12	0.186875521039366	ac
NRSN2	0.17711020239818953	ac
TRIB3	0.17191094744597668	ac
RBCK1	0.1742619637034909	ac
TBC1D20	0.18206444807090283	ac
CSNK2A1	0.2121396503517936	Unassigned
TCF15	0.25123078833433576	me1
SRXN1	0.26557237228365393	ac
ENSG00000270299	0.2689296941496463	ac
SCRT2	0.27111190641373983	ac
SLC52A3	0.27883598823176314	me2
FAM110A	0.2733075149081742	me1
ANGPT4	0.2808013880959056	me3
RSPO4	0.3049069944880286	me3_domain
PSMF1	0.2533995615217991	me1
TMEM74B	0.23656078582946094	ac
C20ORF202	0.23043351451165905	me2
RAD21L1	0.23234140921697433	ac
SNPH	0.23697802765028575	me2
SDCBP2	0.24515566532236266	me1
ENSG00000274322	0.2568190308244026	me1
FKBP1A	0.26610368247938576	me1
NSFL1C	0.30846613408246215	ac
SIRPB2	0.3209468424512346	me3_domain
SIRPD	0.34591676523992065	Unassigned
ENSG00000260861	0.35381119382643733	Unassigned
SIRPB1	0.356325373668096	Unassigned
SIRPG	0.3738085366711694	Unassigned
SIRPA	0.5170044268841273	me3
PDYN	0.5145757721697789	me3_domain
STK35	0.4742461470993188	me1
ENSG00000286022	0.44998886582872233	me3
TGM3	0.4394122235237351	me3
TGM6	0.39790765506570946	me3_domain
SNRPB	0.3697232769333453	ac
ENSG00000256566	0.3610069937572822	ac
ZNF343	0.355220166936427	ac
TMC2	0.32816028886994686	me3_domain
NOP56	0.31422591265642086	ac
IDH3B	0.31350394473792	ac
EBF4	0.312360630335469	me3_domain
CPXM1	0.3088258478772177	me3_domain
ENSG00000241690	0.30535668325877874	me2
C20ORF141	0.30560914345799617	me2
TMEM239	0.30495988339418967	me2
PCED1A	0.2997396875325723	ac
VPS16	0.29584213391754577	me1
PTPRA	0.2707285939253754	me1
GNRH2	0.24741435445735493	me1
MRPS26	0.24649435336085246	ac
OXT	0.2372091145007954	me2
AVP	0.23268238571999988	me1
UBOX5	0.21897062410126267	me1
FASTKD5	0.2152344683480112	ac
LZTS3	0.21382340014595247	me1
DDRGK1	0.21369325577124498	ac
ITPA	0.21526557777908706	ac
SLC4A11	0.21811349659362245	me2
DNAAF9	0.2454746824281121	me1
ATRN	0.2608737786061852	Unassigned
GFRA4	0.23978555432017545	me3_domain
ADAM33	0.23321236879877705	me3
SIGLEC1	0.22110960592505036	me3_domain
HSPA12B	0.2025548103258814	me1
ADISSP	0.19622276423535323	me1
SPEF1	0.19131328315079144	me1
CENPB	0.1900710451964548	ac
CDC25B	0.18821440874329365	me1
AP5S1	0.18417064088093482	ac
MAVS	0.18030279675363414	ac
PANK2	0.17473136465660333	ac
RNF24	0.167904176292887	ac
SMOX	0.19726107711934016	me2
ADRA1D	0.2553266919137527	me2
PRNP	0.3984491808069037	ac
PRND	0.40459856981443154	me3_domain
RASSF2	0.42363621327699597	me3_domain
SLC23A2	0.3986173675684783	me2
TMEM230	0.36096523421991134	ac
PCNA	0.3638340906640116	ac
CDS2	0.3765723910509059	me1
PROKR2	0.38355210254329397	me3
GPCPD1	0.3004846672469209	ac
SHLD1	0.24838796484228365	me1
CHGB	0.2805547574330327	me3_domain
TRMT6	0.2754744179358112	ac
MCM8	0.26677669872164755	Unassigned
ENSG00000286235	0.26264625067229086	ac
CRLS1	0.2574608752952545	ac
LRRN4	0.2586742258784773	ac
FERMT1	0.2803154652788058	me3
BMP2	0.7038295080717858	me2
HAO1	0.7333617315201737	Unassigned
TMX4	0.7262937540711456	ac
PLCB1	0.7142532900009502	Unassigned
PLCB4	0.6192384964694457	Unassigned
LAMP5	0.6717065439398123	me3
PAK5	0.6964759224250552	Unassigned
ANKEF1	0.7210254339468671	me2
SNAP25	0.658054185449239	me2
MKKS	0.5752815684842862	ac
SLX4IP	0.5992925656895277	ac
JAG1	0.6010721213260413	me3_domain
BTBD3	0.808745122676303	me2
SPTLC3	0.6634013113254376	Unassigned
ISM1	0.6174461259880031	me3
TASP1	0.5151482078678534	Unassigned
ESF1	0.47267310251461037	Unassigned
NDUFAF5	0.5094999023465938	ac
SEL1L2	0.5872992236040939	me2
MACROD2	0.756277670513477	Unassigned
FLRT3	0.8092428777747175	Unassigned
KIF16B	0.6836650408302725	me2
SNRPB2	0.603490007389857	ac
OTOR	0.6059824001645758	me2
PCSK2	0.42691723872723863	me3
BFSP1	0.2915090753195979	me3
DSTN	0.2859277793214965	me1
RRBP1	0.31240516562954757	me1
BANF2	0.3433541102604515	me3_domain
SNX5	0.31906010229775705	ac
OVOL2	0.33061195933493404	ac
MGME1	0.32230360604777164	ac
KAT14	0.4043774466305238	Unassigned
PET117	0.3922627997409718	ac
ZNF133	0.404658954496089	Unassigned
DZANK1	0.37520603591073387	me3
POLR3F	0.3681341640160871	ac
RBBP9	0.36425836342115137	ac
SEC23B	0.35365125234564043	me1
SMIM26	0.3473185789507296	ac
ENSG00000284776	0.3721280862030225	me2
DTD1	0.379318024158926	me2
SCP2D1	0.44287378045849335	me3
SLC24A3	0.6552012015720733	me2
RIN2	0.577926650704738	me3
NAA20	0.5032944482983458	ac
CRNKL1	0.5125586977336787	Unassigned
CFAP61	0.6194210213995458	me3
INSM1	0.6321071986586739	me2
RALGAPA2	0.6368209107804528	me3
KIZ	0.46619444861873827	me1
XRN2	0.4467875085431987	Unassigned
NKX2-4	0.4246235148594547	Unassigned
NKX2-2	0.5038018922655008	me3_domain
PAX1	0.611729430887415	me3_domain
FOXA2	0.4987058400356451	me2
SSTR4	0.2821961577365518	me3_domain
THBD	0.27729159945533377	me1
CD93	0.2683912764727059	me2
NXT1	0.3259925554632015	ac
GZF1	0.3363524347707767	ac
NAPB	0.360695796982329	me1
CSTL1	0.38791734718618665	me3
CST11	0.39838449321125313	me3_domain
CST8	0.4145650775993335	me2
CST9L	0.4252888129290696	me3
CST9	0.43232015592817075	me3
CST3	0.4407058582449318	me1
CST4	0.462681643006259	me3
CST1	0.4953424633002621	me3
CST2	0.5452657347103467	me2
CST5	0.5763074232994705	me2
GGTLC1	0.6084653749849025	me3
SYNDIG1	0.6422205483305512	me3
CST7	0.45131007045660787	me1
APMAP	0.4390881892915295	me1
ACSS1	0.41206129348990483	me3_domain
VSX1	0.38963473133038296	me3_domain
ENTPD6	0.2944828116020708	me1
PYGB	0.28613919463469184	me1
ABHD12	0.31572492591949	me1
GINS1	0.33979737415799893	ac
NINL	0.3508076690947063	me3_domain
NANP	0.3924250974370944	ac
ZNF337	0.4702786136105711	ac
DEFB115	0.5313776120693043	me2
DEFB116	0.3696709610310923	me2
DEFB118	0.2869067184807812	me3
DEFB119	0.2814574451146423	me2
DEFB121	0.2741779195909796	me2
DEFB123	0.2617120833839376	me2
DEFB124	0.24780421766416338	me3_domain
REM1	0.243029809127566	me3_domain
HM13	0.2043743916344244	ac
MCTS2	0.20262237813146555	ac
ID1	0.18291795774153197	ac
COX4I2	0.17821469425345138	me2
BCL2L1	0.1773025620478461	ac
TPX2	0.19222387836214838	ac
MYLK2	0.22160837512737575	me2
FOXS1	0.23436132243775376	me2
DUSP15	0.2439688265555826	me3_domain
TTLL9	0.2702407970847439	me3_domain
PDRG1	0.2843549459919452	me1
XKR7	0.2857314208827526	me3_domain
CCM2L	0.2817241012572572	me3_domain
HCK	0.2669595933811465	me3_domain
TM9SF4	0.23867045683946264	me1
PLAGL2	0.20121439215467474	me1
POFUT1	0.18966927212329054	me1
KIF3B	0.17546101770744982	me1
ASXL1	0.1982050444459782	ac
NOL4L	0.194634410042964	ac
C20ORF203	0.1692870998832453	ac
ENSG00000285382	0.1723018207150827	ac
COMMD7	0.17584354385304113	me1
DNMT3B	0.17732827920366523	ac
MAPRE1	0.17804056991621775	ac
EFCAB8	0.20698182945633603	me3_domain
SUN5	0.2702392843556499	me3_domain
BPIFB2	0.28590061820535095	me3_domain
BPIFB6	0.3004201099338816	me2
BPIFB3	0.3136983405081576	me3_domain
BPIFB4	0.32423500245028936	me3_domain
BPIFA2	0.3265442616672197	me3
BPIFA3	0.309285643724314	me2
BPIFA1	0.3006416379050938	me2
BPIFB1	0.2717713170117314	me3_domain
CDK5RAP1	0.23747011557686715	me1
SNTA1	0.22726011230372978	me1
CBFA2T2	0.1966777344158036	me1
NECAB3	0.18807069694476286	ac
C20ORF144	0.18804601564902734	ac
ACTL10	0.1880475874608032	me1
E2F1	0.1883356660014387	me1
PXMP4	0.19093388556098256	ac
ZNF341	0.20493231815159219	me1
CHMP4B	0.24167669418118765	me1
RALY	0.2816016512071028	me1
EIF2S2	0.2739731210234746	ac
ASIP	0.2266090954351495	Unassigned
AHCY	0.2031895851311506	ac
ITCH	0.23395059571083	me1
ENSG00000289720	0.23607630924210232	me1
DYNLRB1	0.2472361985591638	me1
MAP1LC3A	0.24496284696498438	me1
PIGU	0.2391175442262201	me1
NCOA6	0.24138143816458513	me1
TP53INP2	0.24044883680442763	me1
GGT7	0.22337758014093867	me1
ACSS2	0.20576274400811156	me1
GSS	0.19452915752195854	me1
MYH7B	0.19897843238435542	me1
TRPC4AP	0.22810041764592792	me1
EDEM2	0.25047654613192893	ac
PROCR	0.24962641762886617	me1
MMP24OS	0.2482407833611937	me1
MMP24	0.24792222404889885	me1
ENSG00000261582	0.24638457675066772	me1
EIF6	0.24537728196602293	ac
FAM83C	0.2442772688936924	me3_domain
UQCC1	0.23631790873161218	me1
GDF5	0.2223572248385013	ac
CEP250	0.2260775624455751	me1
C20ORF173	0.2294330744894586	me2
ERGIC3	0.23179144561449772	me1
SPAG4	0.24532648540098678	ac
CPNE1	0.2519303659462264	me1
ENSG00000272897	0.2530323812877172	me1
RBM12	0.25409080480286195	ac
NFS1	0.25513686324277995	ac
ROMO1	0.2541422617624397	ac
RBM39	0.24799328603398352	ac
PHF20	0.2232108165409188	me1
SCAND1	0.22720311944932614	ac
CNBD2	0.22329558040133402	me2
EPB41L1	0.26831051826209174	me2
AAR2	0.3104769120319478	me1
DLGAP4	0.29537614688557634	me3_domain
MYL9	0.2508538882872381	me1
TGIF2	0.24382152072337926	ac
TGIF2-RAB5IF	0.24242611065507602	me1
RAB5IF	0.2404535440841421	ac
SLA2	0.23850820666211292	me2
NDRG3	0.23557340145886452	me1
DSN1	0.23620303037536416	ac
SOGA1	0.23562326034658998	me1
TLDC2	0.23104265148054082	me1
SAMHD1	0.22935714225716652	me1
RBL1	0.25362382433394914	ac
MROH8	0.2621736543229741	ac
RPN2	0.24875833323515129	ac
GHRH	0.24440290560607747	me3_domain
MANBAL	0.2548423375860722	me1
SRC	0.28920289427938317	ac
BLCAP	0.33339607192391507	me1
NNAT	0.3347591971311199	me1
CTNNBL1	0.34875617767600564	me1
VSTM2L	0.30961076293718337	me3_domain
TTI1	0.26265010343146455	ac
RPRD1B	0.2372026444930474	ac
TGM2	0.22737788232738798	ac
KIAA1755	0.25740041200928776	me3_domain
BPI	0.2988454962550121	me3_domain
LBP	0.30286179340541153	me3_domain
RALGAPB	0.2691441331232679	me1
ADIG	0.2843023215979068	me3_domain
ARHGAP40	0.29408676043939364	me3_domain
SLC32A1	0.27023016967047697	me3_domain
ACTR5	0.25892603849281093	me1
PPP1R16B	0.27686441835480224	me2
FAM83D	0.29410797948094436	ac
DHX35	0.29111787028292313	me1
MAFB	0.4404674555669208	me3_domain
TOP1	0.24345151133813214	ac
PLCG1	0.2598601703639437	me1
ZHX3	0.2694180148216384	me1
LPIN3	0.28759198990875035	me1
EMILIN3	0.293859872651704	me3_domain
CHD6	0.3103745343617006	me1
PTPRT	0.5836579733311322	me2
SRSF6	0.2914802680620856	ac
ENSG00000288000	0.27310969041744726	me1
L3MBTL1	0.2641782354773714	me1
ENSG00000277611	0.2518168078422295	me1
SGK2	0.2464438244630922	me1
IFT52	0.2363209673647212	me1
MYBL2	0.2346961280668124	me1
GTSF1L	0.24471819256880556	me3_domain
TOX2	0.4222113018606849	me3_domain
JPH2	0.46787738713620763	me3_domain
OSER1	0.45695026928481186	ac
GDAP1L1	0.436111946239246	me3
FITM2	0.4174590742222636	me2
R3HDML	0.4020161752256477	me3_domain
HNF4A	0.3856030098998271	me3_domain
TTPAL	0.36412341271568915	me1
SERINC3	0.35783972881351933	me1
PKIG	0.34497269394212493	me2
ADA	0.34353117944364087	me2
CCN5	0.36204544489012713	me3_domain
KCNK15	0.3644179638306845	me3
RIMS4	0.36129751734124715	me3_domain
YWHAB	0.32746930191727075	me1
PABPC1L	0.3186842722708303	me1
TOMM34	0.3155444172167644	ac
STK4	0.3162804063313349	me1
KCNS1	0.32696933219955815	me3
WFDC5	0.33017451491576477	me3_domain
WFDC12	0.33235739547677157	me3_domain
PI3	0.33859624521325504	me3
SEMG1	0.3383148788844237	Unassigned
SEMG2	0.33683476997483774	Unassigned
SLPI	0.3309124391134861	me3_domain
MATN4	0.31789971676234474	me3_domain
RBPJL	0.31500038439798816	me3_domain
SDC4	0.3086815269948454	me1
SYS1	0.30351359449498905	me1
SYS1-DBNDD2	0.3027814499125262	me1
TP53TG5	0.3024954644029032	me2
DBNDD2	0.30253751876331036	ac
PIGT	0.3053863523746646	me1
WFDC2	0.311758155763056	me3_domain
SPINT3	0.31841843203132625	Unassigned
WFDC6	0.32048118037943896	Unassigned
EPPIN-WFDC6	0.32058083281962324	Unassigned
EPPIN	0.3206585011999149	me3
WFDC8	0.319272780454681	Unassigned
WFDC9	0.3014442876491298	Unassigned
WFDC10A	0.29591265399830435	me2
WFDC11	0.27499245896103386	Unassigned
WFDC10B	0.2471242743302945	Unassigned
WFDC13	0.2396768427360947	me2
SPINT4	0.22624030158309183	Unassigned
WFDC3	0.2026593118585217	me3_domain
DNTTIP1	0.19379204208897205	me1
UBE2C	0.1917152698506922	me1
TNNC2	0.19022919511613112	me2
SNX21	0.18960680134994068	me1
ACOT8	0.1890615416730561	ac
ZSWIM3	0.18863993771523513	ac
ZSWIM1	0.1885362730177621	ac
SPATA25	0.18856466998302468	me1
NEURL2	0.18859835948262893	me1
CTSA	0.18866447076052528	me1
PLTP	0.18904748431751317	ac
PCIF1	0.19248448711235921	me1
ZNF335	0.1967768057695113	ac
MMP9	0.21674059717765926	me3
SLC12A5	0.2332035260449722	me2
NCOA5	0.25807030515773877	me1
CD40	0.2939175190755583	me3_domain
CDH22	0.3672371327084625	me3_domain
SLC35C2	0.40552353909130834	me1
ELMO2	0.40623346703665153	me1
ZNF334	0.38314045112083517	Unassigned
OCSTAMP	0.372720781091727	me3_domain
SLC13A3	0.37023647387986824	me2
TP53RK	0.381051884249637	ac
SLC2A10	0.39147891136028146	me3_domain
EYA2	0.32133969599114864	me3_domain
ZMYND8	0.1888313995919444	ac
NCOA3	0.23852159996472277	ac
SULF2	0.3063098390630179	me3_domain
PREX1	0.3401120361123253	me2
ARFGEF2	0.2257345504853383	me1
CSE1L	0.2219231338792469	ac
STAU1	0.21617746909487667	ac
DDX27	0.2277306673799272	me1
ZNFX1	0.2383299342573162	ac
KCNB1	0.28556014438700483	me3_domain
PTGIS	0.3035513967452671	me3_domain
B4GALT5	0.23197771410325285	ac
SLC9A8	0.19278863927796608	me1
SPATA2	0.20442520162505606	me1
RNF114	0.21626897518846855	ac
SNAI1	0.22953241672187263	ac
UBE2V1	0.22017663732953763	me1
PEDS1-UBE2V1	0.21578570900468508	me1
PEDS1	0.2115079287251932	me1
CEBPB	0.21126747873057028	ac
PTPN1	0.17753885366873978	ac
RIPOR3	0.16531391335529022	me1
PARD6B	0.18716631326509525	ac
BCAS4	0.23300818805392864	me2
ADNP	0.26693109603537124	ac
DPM1	0.28057351735042535	ac
MOCS3	0.28557172295934863	ac
KCNG1	0.30913220402034736	me3_domain
NFATC2	0.3700883478544914	me1
ATP9A	0.4039697216660251	me3_domain
SALL4	0.46457214222797716	me3_domain
ZFP64	0.5217312198995199	Unassigned
TSHZ2	0.436648180192004	me3_domain
ZNF217	0.26980328001938825	ac
BCAS1	0.38747275536654324	me3
CYP24A1	0.47564470411647486	me3_domain
PFDN4	0.512610179151866	ac
DOK5	0.648291419618349	Unassigned
CBLN4	0.6020331606625027	Unassigned
MC3R	0.4176148438407912	me2
FAM210B	0.33918000066916	ac
AURKA	0.3358122406171514	ac
CSTF1	0.33463172484105785	ac
CASS4	0.33715931273073085	ac
RTF2	0.341394423825478	me1
GCNT7	0.34214033298330304	me1
FAM209A	0.34260276893188546	Unassigned
FAM209B	0.34352188745688284	me3_domain
TFAP2C	0.38291937345232685	me3_domain
BMP7	0.33907135674441935	me3_domain
SPO11	0.26292821911776176	me3_domain
RAE1	0.24958959970622618	me1
RBM38	0.23579911867206793	ac
HMGB1P1	0.22873391011689082	me2
CTCFL	0.235064626863968	ac
PCK1	0.2651622809974805	me2
ZBP1	0.30355986425352344	me3_domain
PMEPA1	0.3562586492096409	me3_domain
C20ORF85	0.3795860069187411	me3_domain
ANKRD60	0.33189502666435033	me3_domain
RAB22A	0.348475002612732	me1
VAPB	0.35745057277414394	me1
APCDD1L	0.3542833224461497	me3_domain
STX16	0.4041412862028918	ac
STX16-NPEPL1	0.4058084905840391	me1
NPEPL1	0.40742986771293044	me2
GNAS	0.3232456417189329	ac
NELFCD	0.2759691834146274	ac
CTSZ	0.27473400686559857	ac
TUBB1	0.27392857589369246	ac
ATP5F1E	0.2745252843873047	ac
PRELID3B	0.27592684055906036	ac
ZNF831	0.3871868290247015	me3_domain
EDN3	0.46526033603359307	me3_domain
PHACTR3	0.5811649235185096	me3
SYCP2	0.5963465715991074	Unassigned
FAM217B	0.6071320122768361	ac
PPP1R3D	0.6064395269771448	ac
CDH26	0.630029182768601	me3_domain
CDH4	0.5373119823350974	me3_domain
TAF4	0.30874444572869164	me1
LSM14B	0.2723205142715496	me1
PSMA7	0.26936065649083074	ac
SS18L1	0.26371969681812546	me1
MTG2	0.2565360572148728	ac
HRH3	0.25064472068693644	me3_domain
OSBPL2	0.2384817475661133	me1
ADRM1	0.2257159161659742	ac
LAMA5	0.2173692877108927	ac
RPS21	0.2160698740653898	ac
CABLES2	0.22011839652532184	me1
RBBP8NL	0.23151151501102685	me3_domain
GATA5	0.2751694328635347	me3_domain
SLCO4A1	0.27769266658033787	me1
NTSR1	0.2523478369827157	me3_domain
MRGBP	0.2247152620705435	ac
OGFR	0.22211308535782803	me1
COL9A3	0.220244350948531	me2
TCFL5	0.2231432577586543	ac
DIDO1	0.2517355930337559	ac
GID8	0.27412699468833057	ac
SLC17A9	0.28436248163107736	me3_domain
BHLHE23	0.30251498338564586	me3_domain
YTHDF1	0.3486185634504628	ac
BIRC7	0.3523392623855153	me3_domain
NKAIN4	0.35380955702757577	me3_domain
ARFGAP1	0.3551625013791043	me1
COL20A1	0.35542599919734996	me3_domain
CHRNA4	0.3477383889418375	me3_domain
KCNQ2	0.2964127293331219	me3_domain
EEF1A2	0.24012887329640675	me2
PPDPF	0.21726375857891356	ac
PTK6	0.2089487983156556	me3_domain
SRMS	0.203008239526008	me2
FNDC11	0.19913100639160408	ac
HELZ2	0.1939306235405147	me2
GMEB2	0.19031443000971082	me1
STMN3	0.19551660365457335	ac
RTEL1	0.20023706392224427	me1
RTEL1-TNFRSF6B	0.2004736304426039	me1
TNFRSF6B	0.20324377342297073	me1
ARFRP1	0.20391168762877032	ac
ZGPAT	0.2047255079093443	ac
ENSG00000273154	0.20475716441496228	me1
LIME1	0.20482126402229728	me1
ENSG00000273047	0.20475244335764042	ac
SLC2A4RG	0.20467214053185634	ac
ZBTB46	0.2005030516560311	me2
ABHD16B	0.193754635737728	ac
TPD52L2	0.19262933178521924	ac
DNAJC5	0.18966350565667445	me1
UCKL1	0.18684812955702323	ac
ZNF512B	0.18599972583408497	ac
SAMD10	0.18583635168325985	ac
PRPF6	0.18926819671065886	me1
C20ORF204	0.19617679618423944	ac
SOX18	0.20072171193154675	ac
TCEA2	0.20549401067154216	me1
RGS19	0.2126494738703869	me1
OPRL1	0.21806307172832762	me3_domain
LKAAEAR1	0.2158142308957849	me2
MYT1	0.24539116899906677	me3_domain
NPBWR2	0.22436854329657696	me3_domain
PCMTD2	0.3469872111181064	me1
TPTE	0.6887959941317444	Unassigned
POTED	0.6409329534897714	Unassigned
LIPI	0.4099820942883684	Unassigned
RBM11	0.36959980066004616	me2
HSPA13	0.24486242678063785	ac
SAMSN1	0.17779109574453922	ac
NRIP1	0.35354155165197143	ac
USP25	0.5274898937014717	ac
CXADR	0.6385404073604916	me3
BTG3	0.6326331924925723	ac
C21ORF91	0.6691210588356775	ac
CHODL	0.7588385983396566	Unassigned
TMPRSS15	0.7373007255061887	Unassigned
NCAM2	0.6070957993242658	ac
MRPL39	0.7052606792031139	ac
JAM2	0.6796365221029832	me3
ATP5PF	0.6640211487711876	ac
GABPA	0.6569621506281218	ac
APP	0.7555758907442109	me2
CYYR1	0.8490907228728937	Unassigned
ADAMTS1	0.8014563388511196	me2
ADAMTS5	0.825720482172179	Unassigned
N6AMT1	0.298668754430762	ac
LTN1	0.28352212075608507	ac
RWDD2B	0.2710529016381459	ac
USP16	0.26750169616817887	ac
CCT8	0.2683086124481022	ac
MAP3K7CL	0.2927894586796852	me3_domain
BACH1	0.3727974174510903	me1
GRIK1	0.3694352735579287	ac
CLDN17	0.5710615773266949	me2
CLDN8	0.6104677444596186	Unassigned
KRTAP24-1	0.6665241506982265	me2
KRTAP25-1	0.6713786610512837	Unassigned
KRTAP26-1	0.6879110250855884	me2
KRTAP27-1	0.69473926905928	me2
KRTAP23-1	0.6980639178547638	me1
KRTAP13-2	0.7028862469355941	Unassigned
KRTAP13-1	0.7055993480873959	me1
KRTAP13-3	0.7072965750296654	me1
KRTAP13-4	0.7074431098279336	Unassigned
KRTAP15-1	0.7077734730041887	Unassigned
KRTAP19-1	0.7092245844899532	me1
KRTAP19-2	0.7095895553012306	Unassigned
KRTAP19-3	0.7098588361445162	me1
KRTAP19-4	0.7101870713042076	me3
KRTAP19-5	0.7105250932712748	me2
KRTAP19-6	0.7143801389421736	Unassigned
KRTAP19-7	0.7170631924205356	Unassigned
KRTAP22-2	0.7221744720565194	Unassigned
KRTAP6-3	0.7224580559112623	me1
KRTAP6-2	0.723880652509749	Unassigned
KRTAP22-1	0.7242012972301908	Unassigned
KRTAP6-1	0.7271469688415527	Unassigned
KRTAP20-1	0.7275858940573301	me1
KRTAP20-4	0.7285560608533472	me1
KRTAP20-2	0.7322022487958721	me1
KRTAP20-3	0.7341417906102663	Unassigned
KRTAP21-3	0.7556393664452141	Unassigned
KRTAP21-2	0.7630202663676637	me1
KRTAP21-1	0.7649245676933624	Unassigned
KRTAP8-1	0.7724265312634796	Unassigned
KRTAP7-1	0.7720588810358021	Unassigned
KRTAP11-1	0.7611573694905609	me1
KRTAP19-8	0.6821123095094163	me2
TIAM1	0.5954010943919514	me3_domain
SOD1	0.38929616817739676	ac
SCAF4	0.37646288372616865	ac
HUNK	0.4837424848889317	me3_domain
MIS18A	0.4635340597165295	me1
MRAP	0.45259864372381997	me1
URB1	0.42976986843922516	me1
CFAP298-TCP10L	0.37579171076775064	me3_domain
EVA1C	0.39369647571412714	me3_domain
TCP10L	0.3652925101893367	me3
CFAP298	0.33619458839691196	ac
SYNJ1	0.3333228622027975	me1
PAXBP1	0.3623775231481403	ac
C21ORF62	0.3812080582088343	me3_domain
OLIG2	0.3930044016665777	me3_domain
OLIG1	0.37067922772233575	me3_domain
IFNAR2	0.31259684913666097	me1
IFNAR2-IL10RB	0.30207375536830183	me1
IL10RB	0.2911951381340817	me1
IFNAR1	0.2683481543054681	ac
IFNGR2	0.24627956569604437	me1
TMEM50B	0.2455115145899398	me1
DNAJC28	0.24726958580458946	ac
GART	0.25263354950033734	ac
SON	0.2600035958566673	ac
DONSON	0.26347393677425535	ac
ENSG00000249209	0.30855674156608415	me3
CRYZL1	0.2757277118749021	me1
ITSN1	0.31429317889353825	me3_domain
ATP5PO	0.3177074044508378	ac
MRPS6	0.39216218021628235	me1
SLC5A3	0.38461393114170717	me1
KCNE2	0.45059951810918764	me3_domain
SMIM11	0.4531709883170696	Unassigned
C21ORF140	0.45371825485190587	me2
SMIM34	0.4559081446843516	Unassigned
KCNE1	0.46025726633551056	Unassigned
ENSG00000288711	0.45794292031600425	me2
RCAN1	0.4578664884257446	me2
CLIC6	0.4381263332972182	me3_domain
RUNX1	0.4566766444703694	me2
SETD4	0.36522937352197093	ac
CBR1	0.36115955790579735	me2
CBR3	0.34400696239575324	me3_domain
DOP1B	0.31335991279382436	me3_domain
MORC3	0.3197283848774872	ac
CHAF1B	0.34716617867873123	me1
CLDN14	0.39602628150140495	me3_domain
SIM2	0.4113562072973488	me3_domain
HLCS	0.3748362065211479	me2
RIPPLY3	0.30388951249728147	me2
PIGP	0.29192709490037116	ac
TTC3	0.2915852804541794	me1
VPS26C	0.284489691689354	ac
DYRK1A	0.2881409807185217	ac
KCNJ6	0.45430018156108265	me3_domain
KCNJ15	0.5371700749704436	Unassigned
ERG	0.5446204556974603	me3_domain
ETS2	0.4592959456870055	ac
PSMG1	0.23560842647474	ac
BRWD1	0.19372271163280308	ac
HMGN1	0.16743390421957216	ac
GET1	0.1820409082602752	ac
GET1-SH3BGR	0.2110609780360987	ac
LCA5L	0.19337634503954237	ac
SH3BGR	0.2307916821508761	ac
B3GALT5	0.3230327778440598	me3_domain
IGSF5	0.4386468486097882	me2
PCP4	0.5286921238910185	me2
DSCAM	0.7025386416289405	Unassigned
BACE2	0.6606306118025389	me3
FAM3B	0.6484960857956248	me3
MX2	0.635075453238685	me3_domain
MX1	0.6181738410620359	me3_domain
TMPRSS2	0.5967944389228196	me3_domain
RIPK4	0.4660395101848276	me3_domain
PRDM15	0.4276204439742318	me1
C2CD2	0.41055048906919156	me1
ZBTB21	0.3948517316928607	ac
UMODL1	0.43357585767006157	me3_domain
ABCG1	0.5203527343564771	me3_domain
TFF3	0.5113121471529694	me3_domain
TFF2	0.49378939691660906	me3_domain
TFF1	0.4851765566050076	me3_domain
TMPRSS3	0.47437068884572775	me3_domain
UBASH3A	0.4530386942563712	me2
RSPH1	0.4268352007940047	me3_domain
SLC37A1	0.4069084049391951	me3_domain
PDE9A	0.30332999785039083	me3_domain
WDR4	0.222180689144717	ac
NDUFV3	0.20622046581234432	ac
ERVH48-1	0.19533658857892855	ac
PKNOX1	0.18173691964545424	ac
CBS	0.19660166007352342	ac
U2AF1	0.2164723043939527	ac
CRYAA	0.2683005171629129	me3_domain
SIK1	0.33187308590458786	me1
HSF2BP	0.2492073487893416	me3_domain
H2BC12L	0.26465218661671686	ac
RRP1B	0.20340093289173622	me1
PDXK	0.16708105070003398	me1
CSTB	0.15657427066787155	ac
RRP1	0.15527713650380126	ac
AGPAT3	0.1842353045194811	me1
ENSG00000288593	0.19072170754738016	me1
TRAPPC10	0.21730948830974905	ac
PWP2	0.23675480181466924	me1
GATD3	0.26187701462597046	me3
ICOSLG	0.29460193455736805	me3_domain
DNMT3L	0.31098924415571205	me3_domain
AIRE	0.3341815853360578	me3_domain
PFKL	0.346484521393014	me1
CFAP410	0.35761251701090657	ac
TRPM2	0.38014443342392634	me3
LRRC3	0.3939226699765581	me3_domain
TSPEAR	0.37980030019372746	me3_domain
KRTAP10-1	0.3979246010188324	me3_domain
KRTAP10-2	0.3972860848066029	me3_domain
KRTAP10-3	0.39667606007660605	me3_domain
KRTAP10-4	0.3948127345264537	me3_domain
KRTAP10-5	0.39395969390869146	me2
KRTAP10-6	0.3915550994873047	me2
KRTAP10-7		me3_domain
KRTAP10-8	0.38699209192922635	me3_domain
KRTAP10-9	0.3824008098946051	me2
KRTAP10-10	0.3788646383194696	me2
KRTAP10-11	0.37537937208643757	me3_domain
KRTAP12-4	0.371931488495822	me3_domain
KRTAP12-3	0.37075114692525657	me3
KRTAP12-2	0.3665094820475564	me2
KRTAP12-1	0.35907009847108284	me3_domain
KRTAP10-12	0.35155291661691745	me3_domain
UBE2G2	0.3098351299420279	me1
SUMO3	0.3019805431628576	me1
PTTG1IP	0.29474757138584506	me1
ITGB2	0.29174076948349736	me3_domain
SLX9	0.2902815259189424	me1
ADARB1	0.31595099681037553	me2
POFUT2	0.3214535069726293	me1
COL18A1	0.35479469815021547	me2
SLC19A1	0.37561505399381145	me1
PCBP3	0.4178691980857241	me3_domain
COL6A1	0.3737026747739727	me3_domain
COL6A2	0.28810218194402215	me3_domain
FTCD	0.27257290132318956	me1
SPATC1L	0.26758488042761575	ac
LSS	0.27300009374707346	me1
MCM3AP	0.2945261379925814	ac
YBEY	0.308474990525042	ac
C21ORF58	0.3166634901208564	me1
PCNT	0.32767112852580493	me1
ENSG00000286224	0.3210374233968234	ac
DIP2A	0.31645208532798597	me1
S100B	0.3250853055293116	me3
PRMT2	0.3390742043133763	me1
OR11H1	0.8541187168293665	Unassigned
POTEH	0.6760676002894428	Unassigned
CCT8L2	0.5886448732014575	me2
XKR3	0.5346771297646165	me1
GAB4	0.48576275071594655	me3
IL17RA	0.3974587453398677	me1
TMEM121B	0.3850791673404227	me3_domain
HDHD5	0.37026341851584366	me1
ADA2	0.3594264747071384	me3_domain
CECR2	0.2789858020687689	me3_domain
SLC25A18	0.2255202481712536	me3_domain
ATP6V1E1	0.22570237773344304	ac
BCL2L13	0.22266603259768414	ac
BID	0.21907020538176014	me1
MICAL3	0.276114879423917	me1
PEX26	0.2993124027899279	me1
ENSG00000288683	0.3096736594341536	me1
TUBA8	0.3309662925193162	me3_domain
USP18	0.37371653866396937	me3_domain
GGTLC3	0.29060483787650326	me3
TMEM191B	0.28357142069180474	me1
RIMBP3	0.3717466559306071	me2
FAM246B	0.45767738578037487	me3
DGCR6	0.40446383736651514	me2
ENSG00000283809	0.3897122104665339	me3_domain
PRODH	0.3916760509404902	me3_domain
FAM246C	0.29010510934631184	me3_domain
DGCR2	0.2659260230324092	me1
ESS2	0.2570955044675707	me1
TSSK2	0.2568336459133075	me1
GSC2	0.2577535026372866	me3_domain
SLC25A1	0.2604470805750354	ac
CLTCL1	0.2691037455781654	me3_domain
HIRA	0.3083873832189562	me1
C22ORF39	0.3115998007836509	me1
MRPL40	0.31991181514405753	ac
UFD1	0.3217770302930062	me1
CDC45	0.31810111845212274	me1
CLDN5	0.3126185612607719	me1
SEPTIN5	0.2412969134330215	ac
ENSG00000284874	0.24084524017515963	ac
GP1BB	0.23999401883485338	ac
TBX1	0.23029491633410815	me2
GNB1L	0.22414711763303585	me1
RTL10	0.22092878443110808	ac
TXNRD2	0.21479916514187736	me1
COMT	0.21077897467771878	ac
ARVCF	0.21106998937654764	me1
TANGO2	0.21653516122426364	me1
DGCR8	0.2289872413416263	ac
TRMT2A	0.2348096763842601	ac
RANBP1	0.23683292680747425	ac
ZDHHC8	0.2432174591346965	me1
CCDC188	0.24829876457465871	me3_domain
RTN4R	0.32247691477580687	me3_domain
DGCR6L	0.33408166960354324	me1
ZNF74	0.30578488971384343	me1
SCARF2	0.2941070470320135	me3_domain
ENSG00000277971	0.29440865079362966	me3_domain
KLHL22	0.3018192333101388	me1
MED15	0.3145322028315014	me1
PI4KA	0.28494892863348453	me1
SERPIND1	0.2882074323906956	me1
SNAP29	0.26341412185518964	me1
CRKL	0.2507911800124042	ac
AIFM3	0.2537754967005267	me3_domain
LZTR1	0.2588296283738244	me1
THAP7	0.26302104438280327	ac
TUBA3FP	0.267831320641746	ac
ENSG00000291240	0.27252603237619344	me3_domain
P2RX6	0.2711935005160181	me2
SLC7A4	0.27801383441997274	me3_domain
LRRC74B	0.29132849663878957	me3_domain
FAM246A	0.20556343406421296	me3
RIMBP3B	0.20609278816105214	me2
HIC2	0.2318213279135709	me1
TMEM191C	0.25551104852719775	me1
RIMBP3C	0.26281522354566045	me2
UBE2L3	0.24266965407620422	me1
YDJC	0.22017608760505591	ac
CCDC116	0.21843202920498528	me1
SDF2L1	0.21598072311574412	ac
PPIL2	0.21344446504037673	me1
YPEL1	0.21940806829054582	me3_domain
MAPK1	0.2401757672636795	me1
PPM1F	0.26218069767942953	me1
TOP3B	0.27438476603529693	me1
VPREB1	0.4074956893920898	me3_domain
ZNF280B	0.3798767796788556	me1
ZNF280A		ac
PRAME	0.37116661707659926	ac
GGTLC2	0.38992339581432633	me3_domain
IGLL5	0.4828941928456385	me3_domain
RSPH14	0.41775137955973796	me3_domain
GNAZ	0.41784789783221965	me3_domain
RAB36	0.4128964925392187	me3_domain
BCR	0.40768872208529594	me1
IGLL1	0.2914270054608926	me2
DRICH1	0.25575769604359666	me2
RGL4	0.2065239459784578	me1
ZNF70	0.19131048943669626	ac
VPREB3	0.19048926661630372	me1
C22ORF15	0.1901507153213179	me1
CHCHD10	0.19015854248844077	ac
MMP11	0.19048983215399884	ac
SMARCB1	0.19534332494188955	me1
DERL3	0.20074769495731148	me1
SLC2A11	0.21045282884190886	me2
ENSG00000251357	0.21264660919172784	ac
MIF	0.21758452748864643	ac
GSTT2B	0.2340579936111855	me2
DDTL	0.2357894480651087	ac
DDT	0.23664190844182253	ac
GSTT2	0.23738569216528038	me2
GSTT4	0.23905591772368895	me2
CABIN1	0.23244151477082353	me1
SUSD2	0.23435113495297888	me2
GGT5	0.24479360571432107	me2
SPECC1L	0.25728184408119203	me1
SPECC1L-ADORA2A	0.2573212486902837	me1
ADORA2A	0.2577216746227965	me2
UPB1	0.2623407756156443	me2
GUCD1	0.272695783893366	ac
SNRPD3	0.28002261912037385	ac
ENSG00000286070	0.28895254030279827	ac
LRRC75B	0.28844338408506853	me1
GGT1	0.2962857656306541	me1
PIWIL3	0.2992737807857897	ac
SGSM1	0.3304194292169115	me3
LHFPL7	0.3904697612490535	Unassigned
KIAA1671	0.4324926631797741	me3
CRYBB3	0.41144544443055553	me3
CRYBB2	0.4034464786668739	Unassigned
GRK3	0.301649737618653	Unassigned
MYO18B	0.35575226095480095	Unassigned
SEZ6L	0.3005335060495713	Unassigned
ASPHD2	0.19942733343019214	me2
HPS4	0.18062181211833417	ac
SRRD	0.16750353381743432	ac
TFIP11	0.16270122828204725	ac
TPST2	0.16000506315742058	ac
CRYBB1	0.16914471137324472	ac
CRYBA4	0.1732875409533512	ac
MN1	0.35923636255207614	me3_domain
PITPNB	0.364094043359555	Unassigned
TTC28	0.3430235984368123	Unassigned
CHEK2	0.2849601639184439	ac
HSCB	0.26020058289889236	ac
CCDC117	0.2356457337841903	ac
XBP1	0.22343198556072674	ac
ZNRF3	0.23988798395951294	me1
C22ORF31	0.2560623909876897	me1
KREMEN1	0.23183584464799756	ac
EMID1	0.1841888289267447	me1
RHBDD3	0.17955364784507066	ac
EWSR1	0.18122474533804256	ac
GAS2L1	0.18622968734615075	ac
RASL10A	0.1887382493536749	me1
AP1B1	0.20494090548269894	me1
RFPL1	0.2227624856317506	me3_domain
NEFH	0.21214473465831984	ac
THOC5	0.1953355842280483	me1
NIPSNAP1	0.18518427361998446	ac
NF2	0.19043146209917727	me1
CABP7	0.200969069365468	me2
ZMAT5	0.20150849244348334	me1
UQCR10	0.20165521010126553	ac
ASCC2	0.20531502206192354	me1
MTMR3	0.2571295777836775	me1
HORMAD2	0.2828940745646701	Unassigned
LIF	0.3041709117959883	me2
OSM	0.3093091216135755	me2
CASTOR1	0.31317869461453096	me1
ENSG00000248751	0.31368629668759074	me1
TBC1D10A	0.3141700183532492	me1
SF3A1	0.3106125195379815	me1
CCDC157	0.3046208037594923	me2
RNF215	0.29482200032174977	me1
SEC14L2	0.2896562307481664	ac
ENSG00000249590	0.2871691457146297	ac
MTFP1	0.2846359338540789	ac
SEC14L3	0.281058433962304	me2
SEC14L4	0.28863691160104565	me3
SEC14L6	0.30433876128136117	me2
GAL3ST1	0.3158921164535806	me2
PES1	0.32096644578801115	ac
TCN2	0.32087583616930104	ac
SLC35E4	0.31609740424400523	me1
DUSP18	0.3147911752382594	me2
OSBP2	0.33638844908131316	me2
MORC2	0.3136904586294732	me1
TUG1	0.3014336129456141	ac
SMTN	0.2680774121748858	me1
SELENOM	0.26555918592545924	me1
INPP5J	0.2657147521043032	me1
PLA2G3	0.26627044331668126	me2
RNF185	0.2725434550385786	me1
LIMK2	0.279330908112545	me1
PIK3IP1	0.27607623886876387	me1
PATZ1	0.25951952744220863	me1
DRG1	0.22950211939142695	ac
EIF4ENIF1	0.22592016187831576	ac
SFI1	0.2333357546857796	me1
PISD	0.237004569901635	ac
PRR14L	0.22306282921325238	ac
DEPDC5	0.19011222967610042	ac
ENSG00000285404	0.1877714758724075	ac
YWHAH	0.18255710804452407	ac
SLC5A1	0.23829705251217492	Unassigned
C22ORF42	0.2885326218442823	Unassigned
RFPL2	0.316959265913757	me3
SLC5A4	0.3391227215246404	Unassigned
RFPL3	0.38137037068847046	me3
RTCB	0.3881636113411182	Unassigned
BPIFC	0.3933287471906256	me3_domain
FBXO7	0.40105549520156036	ac
SYN3	0.4592069546770554	Unassigned
TIMP3	0.44940043853567	me3_domain
LARGE1	0.6533484627728285	Unassigned
ISX	0.3599704832861841	me1
HMGXB4	0.2417506017349167	Unassigned
TOM1	0.24848791393441483	me1
HMOX1	0.2680859293744432	me2
MCM5	0.2733942033455974	ac
RASD2	0.297561397359992	me3_domain
MB	0.3531818183152471	me3
APOL6	0.37287596626451003	Unassigned
APOL5	0.37145805547020383	me2
RBFOX2	0.32225153496344316	Unassigned
APOL3	0.23717353405359798	me2
APOL4	0.23978745782204658	me1
APOL2	0.24074436592858472	me1
APOL1	0.23804194593738004	ac
MYH9	0.20303338188574982	me1
TXN2	0.15666634987515882	ac
FOXRED2	0.17105531714269984	ac
EIF3D	0.1908139789895078	ac
CACNG2	0.27923301957119007	me3_domain
IFT27	0.3477016990219193	me3_domain
PVALB	0.37429344740702075	me3_domain
NCF4	0.39510521114897346	me2
CSF2RB	0.3923405342453181	me3_domain
TEX33	0.37457556904397593	me2
TST	0.3699083555466326	ac
MPST	0.3673578655256219	ac
KCTD17	0.35558703946871273	me3_domain
TMPRSS6	0.341360660517499	me3_domain
IL2RB	0.31470844320466074	me3_domain
C1QTNF6	0.30328476580762254	ac
SSTR3	0.3029625121981807	me2
RAC2	0.3086342880435775	ac
CYTH4	0.32155309415366506	me2
ELFN2	0.2990903402899129	me3_domain
MFNG	0.23789481315094618	me3_domain
CARD10	0.22097395306386014	me1
CDC42EP1	0.20571245572799013	ac
LGALS2	0.20628427516193382	me2
GGA1	0.21311335626844286	ac
SH3BP1	0.21681109570370094	ac
ENSG00000285304	0.2175430396190784	ac
PDXP	0.21825720224784328	ac
LGALS1	0.2182365933981767	ac
NOL12	0.21751192788264406	me1
ENSG00000100101	0.21430206164793686	me1
TRIOBP	0.20659629251504574	me1
H1-0	0.18624435339081158	ac
GCAT	0.18466465587556546	ac
GALR3	0.18191007179083285	me1
ANKRD54	0.17886535189659014	ac
EIF3L	0.1763777906679994	ac
MICALL1	0.18189491220140397	me1
C22ORF23	0.1896970589353788	me1
POLR2F	0.21297188049365656	me1
SOX10	0.20362040781938506	me1
PICK1	0.24690754941186666	me1
SLC16A8	0.25231030741307336	me3_domain
BAIAP2L2	0.25583268235430623	me2
PLA2G6	0.24968172288759982	ac
MAFF	0.23679926679536123	me1
TMEM184B	0.22382771472758178	me1
CSNK1E	0.2127697759337316	me1
TPTEP2-CSNK1E	0.2112399674169816	ac
KCNJ4	0.20406626778576387	me2
KDELR3	0.19823871083105205	me1
DDX17	0.19459143025753245	ac
DMC1	0.18796182148770202	ac
FAM227A	0.19026473204908523	me2
CBY1	0.20082277221863942	me1
TOMM22	0.20750496706903843	ac
JOSD1	0.21186842905279746	ac
GTPBP1	0.22329671752057967	me1
SUN2	0.2393921146829341	ac
DNAL4	0.24674458413275213	ac
NPTXR	0.2550102348397968	me2
CBX6	0.25803782917496154	ac
APOBEC3A	0.26409190575587327	me3
APOBEC3B	0.2654489475728995	ac
APOBEC3C	0.26475379242837904	ac
ENSG00000284554	0.2641658717522578	ac
APOBEC3D	0.2638620628475735	ac
APOBEC3F	0.26088073416791513	ac
APOBEC3G	0.25355756945363805	me1
APOBEC3H	0.24889511785356444	me2
CBX7	0.23966414542417325	me2
PDGFB	0.22112643734231863	me2
RPL3	0.1966626525093369	ac
SYNGR1	0.1761689690433943	me1
TAB1	0.16200694708252528	me1
MGAT3	0.1672044243017341	ac
MIEF1	0.18407128972006614	ac
MIURF	0.18109358288292443	ac
ATF4	0.19256833298100529	ac
RPS19BP1	0.20077600795723793	ac
CACNA1I	0.26884089943960743	me2
ENTHD1	0.252298383528594	ac
GRAP2	0.22366731345067437	ac
TMA7B	0.21811685935709602	ac
FAM83F	0.2099585372522188	me1
TNRC6B	0.2244782826298437	ac
ADSL	0.2354049799596971	ac
ENSG00000284431	0.2317360447697867	me1
SGSM3	0.22675929408518813	me1
MRTFA	0.22123903148842827	me1
MCHR1	0.18578546493799153	me3_domain
SLC25A17	0.20556999562079636	ac
ST13	0.22671975247220777	ac
XPNPEP3	0.2507641071496761	Unassigned
DNAJB7	0.2368728577344983	me1
RBX1	0.26332995740959186	ac
EP300	0.21633336529094738	ac
L3MBTL2	0.19284029424327442	me1
CHADL	0.1867785792058264	me1
RANGAP1	0.1793280050980962	ac
ZC3H7B	0.17747997666904558	ac
TEF	0.18332867093714922	me1
TOB2	0.1840542157508822	ac
ACO2	0.17980689436516717	ac
PHF5A	0.1819704854593529	ac
POLR3H	0.17605020990664433	ac
CSDC2	0.17507695129002132	me1
PMM1	0.1752549906156482	me1
DESI1	0.17683504633233194	ac
XRCC6	0.1821285661142359	ac
SNU13	0.1951886973173722	ac
MEI1	0.22716397671983335	me2
CCDC134	0.24771943610370728	me1
SREBF2	0.24048322635249986	me1
SHISA8	0.22944259274465795	me2
TNFRSF13C	0.22694096466989222	me1
CENPM	0.22453173433204976	ac
SMIM45	0.22401499329788532	me1
SEPTIN3	0.22644429870695648	me3_domain
WBP2NL	0.2396651119343961	Unassigned
NAGA	0.2549110652565806	ac
PHETA2	0.26009753159917504	me1
SMDT1	0.26248856263199916	ac
NDUFA6	0.26583432333895685	ac
CYP2D6	0.2831543883170805	me2
CYP2D7	0.28971114746362003	me2
TCF20	0.2935689683652487	me1
NFAM1	0.22395359300755924	me2
RRP7A	0.18147134570589918	ac
SERHL2	0.18320565591125293	ac
POLDIP3	0.19809732686045056	ac
ENSG00000289517	0.2022744136827681	ac
CYB5R3	0.25669522222732477	me1
ATP5MGL	0.2282356776205151	me1
A4GALT	0.2948418408033032	me2
ARFGAP3	0.3357998515362428	me1
PACSIN2	0.29975615793731636	me1
TTLL1	0.2561797925102326	me2
BIK	0.26662764267352246	me2
MCAT	0.2741238564795603	me1
TSPO	0.2821460798392148	me1
TTLL12	0.2903940999758923	ac
SCUBE1	0.31059506822239624	me3
MPPED1	0.4263986054126747	me3
EFCAB6	0.4685562003972308	Unassigned
SULT4A1	0.41623007771848985	me3_domain
PNPLA5	0.3949551590517315	me2
PNPLA3	0.37601290367232143	me3_domain
SAMM50	0.3741018072356046	me1
PARVB	0.4040238069119727	me1
PARVG	0.42673444133185245	me3_domain
SHISAL1	0.4444639974027552	me3_domain
RTL6	0.4651308405487148	me2
PRR5	0.3894874436350422	me1
PRR5-ARHGAP8	0.4164017642318897	me3_domain
ARHGAP8	0.42662153286107196	me3_domain
PHF21B	0.43727068312466744	me3_domain
NUP50	0.37257242691130643	ac
KIAA0930	0.3517565728855674	me2
UPK3A	0.3541834331962179	me3_domain
FAM118A	0.36992392667081253	ac
SMC1B	0.3984522599667767	Unassigned
RIBC2	0.4201679276220621	me3_domain
FBLN1	0.4198243333912953	me3_domain
ATXN10	0.4280408593227226	Unassigned
WNT7B	0.3790759386914423	me3_domain
PPARA	0.3037384101261267	Unassigned
CDPF1	0.28963160779341945	ac
PKDREJ	0.28622416216469404	Unassigned
TTC38	0.28240338188697167	me1
GTSE1	0.28129004028132965	me1
TRMU	0.2843336056596999	me1
CELSR1	0.27443502502543926	me3_domain
GRAMD4	0.22503639133319897	me1
CERK	0.23587206204724553	me1
TBC1D22A	0.3407461480990073	me1
TAFA5	0.5790368935332919	me3
BRD1	0.2299694353170575	me1
ZBED4	0.21747594819207128	me1
ALG12	0.21699396704733842	me1
CRELD2	0.22104738368219512	me1
PIM3	0.2364811262070926	ac
IL17REL	0.2509836149726091	me2
TTLL8	0.24233949760455187	me3_domain
MLC1	0.22930647962773099	me2
MOV10L1	0.20378808138435844	me2
PANX2	0.18224687055451472	me1
TRABD	0.1776549612526087	me1
SELENOO	0.17501242955164598	me1
TUBGCP6	0.17439759944863942	ac
HDAC10	0.17563258101764223	ac
MAPK12	0.17635969623608316	ac
MAPK11	0.17850549963318285	ac
PLXNB2	0.18302418273313348	me1
DENND6B	0.18758801539692926	me1
PPP6R2	0.19240499882335538	me1
SBF1	0.20294144866244612	me1
ADM2	0.2096255016359243	me2
MIOX	0.21153862736575535	me2
LMF2	0.218905555160252	ac
NCAPH2	0.22302119953876653	ac
SCO2	0.22665862950901527	ac
TYMP	0.22766199039342938	ac
ODF3B	0.2287492329615306	me1
KLHDC7B	0.23316531983667488	me2
SYCE3	0.2346940696425619	me2
CPT1B	0.2353734337547263	me1
CHKB-CPT1B	0.23521844307365758	me1
CHKB	0.23349767444742253	ac
MAPK8IP2	0.2304523870313676	me3_domain
ARSA	0.2273277868348118	me1
SHANK3	0.3030247598117214	me3_domain
ACR	0.41297133996585034	me3_domain
RABL2B	0.5450109296198625	me1
CHL1	0.8255376416431432	Unassigned
CNTN6	0.8625888781342022	Unassigned
CNTN4	0.8141231626675519	Unassigned
IL5RA	0.6415031609045305	me3_domain
TRNT1	0.6500639817564113	ac
CRBN	0.6562622570365801	me1
SUMF1	0.505303155813456	me2
LRRN1	0.6598847587347026	me2
SETMAR	0.373685869717831	ac
ITPR1	0.2839330603821476	ac
BHLHE40	0.21229192796632101	ac
ARL8B	0.2581695184046755	me1
EDEM1	0.2913497457248081	me1
GRM7	0.8123770039533698	Unassigned
LMCD1	0.597190012538031	me3
SSUH2	0.5579206550941264	me3_domain
CAV3	0.5276047690259994	me3_domain
OXTR	0.5367035227074353	me3_domain
RAD18	0.5025967777150827	me1
SRGAP3	0.42735740028698077	me3_domain
THUMPD3	0.3618165016950442	ac
SETD5	0.359164196642042	ac
LHFPL4	0.3225920961557782	me3_domain
MTMR14	0.26287457595506425	me1
CPNE9	0.24620107778016698	me3_domain
BRPF1	0.23411202606171178	ac
OGG1	0.2170075130911584	ac
CAMK1	0.21975990931099854	me1
TADA3	0.20635455716636597	ac
ARPC4	0.19943509511335966	ac
ARPC4-TTLL3	0.19209648477327468	ac
TTLL3	0.18468819999548702	me1
RPUSD3	0.1800942646525463	ac
CIDEC	0.1729932305213715	me2
JAGN1	0.17234489993633728	ac
IL17RE	0.1740589149118671	me1
IL17RC	0.17734260089768017	ac
ENSG00000288550	0.17902367639101768	ac
CRELD1	0.18139709492000256	ac
PRRT3	0.18381202919656203	me1
EMC3	0.19818164256058002	ac
FANCD2	0.20885417356204516	me1
FANCD2OS	0.20602382807235142	me1
BRK1	0.20166768242582112	ac
VHL	0.19891261405145788	ac
IRAK2	0.2091673519340973	me1
TATDN2	0.23720902982665448	me1
ENSG00000289763	0.22840324966142755	ac
ENSG00000272410	0.23869835290152774	me1
GHRL	0.2519740449619363	me1
SEC13	0.26206424904251335	me1
ATP2B2	0.38720585288390086	me3_domain
SLC6A11	0.5198091497075437	me2
SLC6A1	0.5033107660501838	me3_domain
HRH1	0.4076356790355462	me3_domain
ATG7	0.3943227327057528	me1
VGLL4	0.3718402176167256	me3_domain
TAMM41	0.37836763721326616	me1
SYN2	0.46271278504468794	me3
TIMP4	0.46211304204145254	me3
PPARG	0.38309133995299716	me3_domain
TSEN2	0.3138768054974781	me1
MKRN2OS	0.3021135592513753	ac
MKRN2	0.2874423814117196	me1
RAF1	0.26724962951279807	ac
TMEM40	0.24398653762727862	me3_domain
CAND2	0.23266944524082656	me1
ENSG00000289809	0.22367803661169472	ac
RPL32	0.2265286069282575	ac
IQSEC1	0.2647449610184128	me3_domain
NUP210	0.260122749981326	ac
HDAC11	0.25837438388170486	me2
FBLN2	0.31197179056157265	me3_domain
WNT7A	0.40235156844207476	me3_domain
CHCHD4	0.2506638104932557	ac
TMEM43	0.24086086430312492	me1
ENSG00000268279	0.23656526109505738	me1
XPC	0.22773316133263632	me1
LSM3	0.22080226864475538	ac
SLC6A6	0.2918350164450545	ac
GRIP2	0.3246580846435958	me3_domain
CCDC174	0.3778025833427422	ac
C3ORF20	0.3949804632613618	me3_domain
FGD5	0.3629518167646858	me3_domain
NR2C2	0.3345054014363409	me1
MRPS25	0.3299189953620091	me1
RBSN	0.3229981780789839	me1
CAPN7	0.2738255723064863	me1
SH3BP5	0.2560078124829235	me1
METTL6	0.26127156930761375	me1
EAF1	0.2725364567307309	me1
COLQ	0.3023673581122506	me3_domain
HACL1	0.36078328545249094	me1
BTD	0.379363085593714	me1
ANKRD28	0.40878624680840825	ac
GALNT15	0.5114499708537468	me3_domain
DPH3	0.5113268023075673	ac
OXNAD1	0.5181588287722633	me1
RFTN1	0.522731621016932	me3_domain
DAZL	0.5440959258824287	me3
PLCL2	0.6265270221874581	me3
TBC1D5	0.5449746353959949	me2
SATB1	0.6861396340846881	me3
KCNH8	0.6891440671116251	Unassigned
EFHB	0.3259673338123682	ac
RAB5A	0.3131590583872843	ac
PP2D1	0.3097639614926929	me1
KAT2B	0.3323637019513501	me1
SGO1	0.37506765264119946	ac
ZNF385D	0.7606921714215915	Unassigned
UBE2E2	0.6259648525997681	Unassigned
UBE2E1	0.37025347430709754	ac
NKIRAS1	0.35565500917835124	ac
RPL15	0.35516874695519063	ac
NR1D2	0.3520292995098816	ac
THRB	0.3765105873707807	ac
RARB	0.5826554045102528	me2
TOP2B	0.4850126958960509	ac
NGLY1	0.47001508440259154	ac
OXSM	0.4797681416057902	ac
LRRC3B	0.8163837017561923	Unassigned
NEK10	0.8218051289187539	Unassigned
SLC4A7	0.7886395016949937	Unassigned
EOMES	0.7848874802093722	me2
CMC1	0.778573306105416	me1
AZI2	0.78563819932511	ac
ZCWPW2	0.7995476478795687	ac
ENSG00000283563	0.864085233149425	Unassigned
RBMS3	0.869066932191277	Unassigned
TGFBR2	0.736483702267209	me2
GADL1	0.6672690085775399	Unassigned
STT3B	0.5242572586678573	ac
OSBPL10	0.5919513393818931	me3
ZNF860	0.6062318495494411	me3_domain
GPD1L	0.5664379496440114	me2
CMTM8	0.49207213643215186	me3_domain
CMTM7	0.4042417816036967	me3_domain
CMTM6	0.38202644752951587	ac
DYNC1LI1	0.37379095003764073	ac
CNOT10	0.3467391442477237	me1
TRIM71	0.3156423562345205	me3_domain
CCR4	0.28098019607602776	me2
GLB1	0.2746687501832945	me1
TMPPE	0.27554407308856466	ac
CRTAP	0.2821244809770217	ac
SUSD5	0.30160537271213883	me3_domain
FBXL2	0.34401810696271795	Unassigned
UBP1	0.3456170124671998	ac
CLASP2	0.327454428626893	me1
PDCD6IP	0.2805900119643685	ac
ARPP21	0.8096222354909385	Unassigned
STAC	0.626189243412244	me2
DCLK3	0.4234941181007631	me3_domain
TRANK1	0.3127316652456049	me2
EPM2AIP1	0.2568098823412218	ac
MLH1	0.2538601605612434	ac
LRRFIP2	0.24408973014784108	me1
GOLGA4	0.2615003267677827	ac
ITGA9	0.3928904784346725	me3_domain
CTDSPL	0.32930400554907646	me2
VILL	0.30422523521275524	ac
PLCD1	0.2991971053085034	ac
DLEC1	0.2911869607623402	me3_domain
ACAA1	0.2900784703404288	me1
MYD88	0.2912447032931952	ac
OXSR1	0.30158642064566055	ac
SLC22A13	0.31550061231225013	me3_domain
SLC22A14	0.3259299259805555	me3_domain
XYLB	0.37340380433966447	me1
ACVR2B	0.42020171906308734	me1
EXOG	0.4346604042711565	me1
SCN5A	0.4662859263280492	me3_domain
SCN10A	0.5082244763231436	me3
SCN11A	0.4082154165432942	me3_domain
WDR48	0.3305653126543856	me1
GORASP1	0.3200856106126919	me1
TTC21A	0.31526624521619584	me2
CSRNP1	0.3111388520106374	ac
XIRP1	0.31067741253750836	me3_domain
CX3CR1	0.3307769511270273	me3_domain
CCR8	0.3577844689416003	me3_domain
SLC25A38	0.3861286557123349	ac
RPSA	0.39718166337389327	ac
MOBP	0.42907436054376225	me3_domain
MYRIP	0.4465400376289034	me2
EIF1B	0.2722516841385684	ac
ENSG00000291315	0.2717935565174734	ac
ENTPD3	0.25795691516517916	me2
RPL14	0.2728085343094716	ac
ZNF619	0.2816456439222057	ac
ZNF620	0.28760388516281443	ac
ZNF621	0.3113526754435644	ac
CTNNB1	0.5783791474433576	me3
ULK4	0.5416912201024463	me3
TRAK1	0.4139549854088168	me1
CCK	0.432653017784716	me3_domain
LYZL4	0.37033537015253226	me3
VIPR1	0.3202485085420079	me3_domain
SEC22C	0.2972533768026472	ac
SS18L2	0.29332426767861774	ac
NKTR	0.28872776599454086	ac
ZBTB47	0.2887101277918047	me1
KLHL40	0.29265886427758336	me3_domain
HHATL	0.29461685454070063	me3_domain
CCDC13	0.30608659569505803	me3_domain
ENSG00000280571	0.3116094047867456	me3_domain
HIGD1A	0.3254887478920533	ac
ACKR2	0.350631213228104	me3
ENSG00000273291	0.3946566870862558	me3
ENSG00000290317	0.36613365885477867	me3
CYP8B1	0.3611160682703053	me3_domain
ZNF662	0.3864112353548308	me3_domain
KRBOX1	0.4006385306235636	me3
GASK1A	0.43732838597111323	me3_domain
POMGNT2	0.4557124733828153	me2
SNRK	0.39313259863296846	me2
ANO10	0.3429002950292247	ac
ABHD5	0.27498187268514585	ac
TOPAZ1	0.31183361593366965	Unassigned
TCAIM	0.32956860301650337	ac
ZNF445	0.3457884360728173	ac
ZNF852	0.34290103092725543	ac
ZKSCAN7	0.33907839731512757	me2
ZNF660	0.3402436028565746	me3_domain
ZNF197	0.3460081129613758	Unassigned
ZNF35	0.35587124192148767	me1
ZNF502	0.3682504185019275	Unassigned
ZNF501	0.36814446047496174	Unassigned
KIAA1143	0.36599918693470035	ac
KIF15	0.3388596414080941	me1
TMEM42	0.31240955659271363	me1
TGM4	0.290216554101803	me3_domain
ZDHHC3	0.25132956549376784	me1
EXOSC7	0.21233400222847876	me1
CLEC3B	0.2057021314649623	me1
CDCP1	0.20447513811296958	ac
TMEM158	0.2538086338705581	me2
LARS2	0.30622682524444333	me1
LIMD1	0.30083216495563125	me1
SACM1L	0.3236607246233908	me1
SLC6A20	0.34555855446668904	me3_domain
LZTFL1	0.37832140970221295	me3_domain
CCR9	0.38741473789456526	me3_domain
FYCO1	0.4132507880566534	me1
CXCR6	0.40823189916768177	me1
XCR1	0.45172148614777985	me3_domain
CCR3	0.46982744043321756	me3
CCR1	0.4730019320436408	me3_domain
CCR2	0.39429603124677326	me3_domain
CCR5	0.3864986748201096	me3_domain
CCRL2	0.3676948416372652	ac
LTF	0.3412915159692773	me3_domain
RTP3	0.32791212874992015	me2
LRRC2	0.3339179173475537	me3_domain
TDGF1	0.33753505253674265	me3_domain
ENSG00000283877	0.3466604794272108	me3_domain
FAM240A	0.35644198151925044	me3_domain
ALS2CL	0.3787556114627062	me3_domain
TMIE	0.3812479263926247	me3_domain
ENSG00000206549	0.36945360606782696	me3
PRSS50	0.38136634216579746	me3_domain
MYL3	0.3173966264533987	me3_domain
PTH1R	0.29647129705867115	me3_domain
CCDC12	0.26747944591327344	me1
NBEAL2	0.26070795998222573	ac
SETD2	0.26602155304071284	me1
KIF9	0.22001520655485773	me1
KLHL18	0.20798974702583128	ac
PTPN23	0.21298684625234	me1
SCAP	0.22056924026584412	me1
ELP6	0.2301436587989546	ac
CSPG5	0.2349606065508716	me2
SMARCC1	0.21306302923334963	ac
DHX30	0.2070476903360301	ac
MAP4	0.2595168897489062	me1
CDC25A	0.2738824111682401	ac
CAMP	0.2645852759623566	me2
ZNF589	0.2578182906600808	ac
NME6	0.2544566272262425	ac
SPINK8	0.2513312436507641	Unassigned
FBXW12	0.23712838698666627	Unassigned
PLXNB1	0.22368289037711397	me1
CCDC51	0.21576316390741623	ac
TMA7	0.2142025597205529	ac
ATRIP	0.20750293234876493	ac
TREX1	0.20458605273480557	ac
SHISA5	0.2003303990080212	ac
PFKFB4	0.19817726329757912	me1
UCN2	0.20255870179158908	me1
COL7A1	0.2081349137798414	me2
UQCRC1	0.21734180299027572	ac
TMEM89	0.22343980236233674	me1
SLC26A6	0.2267362625522984	me1
CELSR3	0.2325652187151559	me1
NCKIPSD	0.23858892470842874	me1
IP6K2	0.23668743947004434	me1
PRKAR2A	0.1999955862254582	me1
SLC25A20	0.15113207466544054	me1
ARIH2	0.15327740087674768	ac
P4HTM	0.17641319125781407	me1
WDR6	0.18428275237524983	ac
DALRD3	0.1891603424889351	ac
NDUFAF3	0.1903453456868267	ac
IMPDH2	0.19355865842354136	ac
ENSG00000290315	0.20573380675622843	ac
QRICH1	0.2066198974282295	ac
QARS1	0.21386678708956652	ac
USP19	0.21378458775823939	ac
LAMB2	0.2130859008812529	me1
CCDC71	0.2096494012021114	ac
KLHDC8B	0.20893033833956354	ac
C3ORF84	0.20813621869267307	me2
IHO1	0.20653682884766011	ac
C3ORF62	0.20396846150961034	me1
USP4	0.19753203101429095	ac
GPX1	0.1851603756766571	me1
ENSG00000290318	0.1783013045495565	ac
RHOA	0.1778780641909502	ac
TCTA	0.1719251362799693	ac
ENSG00000283189	0.17039095659519443	me1
AMT	0.17087400978675926	me1
NICN1	0.16998103317631053	ac
DAG1	0.17082332968212743	ac
BSN	0.20878286454449335	me1
APEH	0.22482462390580082	ac
MST1	0.22396438808135644	ac
RNF123	0.2197662028675137	me1
AMIGO3	0.21593199785319594	me1
GMPPB	0.21517393041331534	ac
IP6K1	0.202356315071486	ac
CDHR4	0.19121185737539148	me2
INKA1	0.1904187443592058	ac
UBA7	0.1902228060664123	ac
TRAIP	0.1947481032241376	me1
CAMKV	0.20127548873001022	me2
MST1R	0.21328528813624237	me1
MON1A	0.2207564736254518	ac
RBM6	0.20465486586788528	me1
RBM5	0.17727299473559555	ac
SEMA3F	0.174789532753848	me2
GNAT1	0.1748305449789227	me2
SLC38A3	0.17458704325013552	me3
GNAI2	0.1753437745618628	me1
SEMA3B	0.17942890014465107	me1
LSMEM2	0.18250304742120005	me1
IFRD2	0.1852367172993422	ac
HYAL3	0.18761452383916366	ac
NAA80	0.18838368861672294	ac
HYAL1	0.19231356633511765	ac
HYAL2	0.1999158758618249	ac
TUSC2	0.2021696768329072	ac
RASSF1	0.20894068148441225	ac
ZMYND10	0.2138751147299205	me1
NPRL2	0.2172890837679763	me1
CYB561D2	0.219990316619448	ac
ENSG00000272104	0.2226602291531974	ac
TMEM115	0.22200387604436533	ac
CACNA2D2	0.22631377048443524	me2
C3ORF18	0.18700324057647355	ac
HEMK1	0.19020019112704856	ac
CISH	0.20084797790313724	ac
MAPKAPK3	0.21292063158786234	ac
DOCK3	0.37478252801047784	Unassigned
MANF	0.35058815060703863	ac
RBM15B	0.3506657574584576	ac
DCAF1	0.35028068738751594	Unassigned
RAD54L2	0.3366151338845875	me1
TEX264	0.32666835018821383	me1
GRM2	0.321560486280118	me3_domain
IQCF6	0.31243339711041207	me2
ENSG00000285749	0.30962899150145007	Unassigned
IQCF3	0.3081536186953049	me2
IQCF2	0.3019134038741903	me3
IQCF5	0.29756808142246616	me3
IQCF1	0.28596361972078743	me3
RRP9	0.25939047115771974	ac
PARP3	0.25381303423407797	ac
GPR62	0.24482123743994721	me2
PCBP4	0.23605211901391865	ac
ABHD14B	0.22738047134111516	ac
ABHD14A	0.22791286625400375	ac
ABHD14A-ACY1	0.22320606568352874	ac
ACY1	0.21960761734680734	ac
RPL29	0.21202431805966238	ac
DUSP7	0.17873672569995247	ac
POC1A	0.1781958956925378	me1
ALAS1	0.21594706516865447	ac
TLR9	0.22458969560322306	me1
ENSG00000173366	0.22575701712703622	me1
TWF2	0.2301307312686457	me1
PPM1M	0.23317995039736272	me1
WDR82	0.2365995707754922	ac
GLYCTK	0.23658023447724674	ac
DNAH1	0.2118757696342124	me2
BAP1	0.19356071768921734	ac
PHF7	0.1922202388439852	ac
SEMA3G	0.1934885671821236	me2
TNNC1	0.19685585289059526	me1
NISCH	0.20563730684408665	me1
STAB1	0.22542574394444148	me1
NT5DC2	0.23746983689125922	ac
UQCC5	0.24971750869911802	ac
PBRM1	0.2650137161916235	Unassigned
GNL3	0.2789774224841599	ac
GLT8D1	0.28098699764739066	ac
SPCS1	0.2819328961068801	ac
NEK4	0.2843901511504301	Unassigned
ITIH1	0.2835551954261767	me3_domain
ITIH3	0.2811253295013282	me2
ITIH4	0.27700147253058804	me3_domain
ENSG00000243696	0.2764090069875259	me3_domain
MUSTN1	0.2742898004036973	me2
STIMATE-MUSTN1	0.2677232078973355	me2
STIMATE	0.26739962037674336	me2
SFMBT1	0.2508311958400107	Unassigned
ENSG00000272305	0.23932877961113153	me1
RFT1	0.21974808657423284	me1
PRKCD	0.2169122227929633	me1
TKT	0.23558886423224434	ac
DCP1A	0.26597171891461713	me1
CACNA1D	0.3780098410382473	me3
CHDH	0.46866847924128674	me3_domain
IL17RB	0.4735114594079186	me3
ACTR8	0.48028081903998887	me1
SELENOK	0.4866790965755119	ac
CACNA2D3	0.6580574374972576	Unassigned
LRTM1	0.7097957937744158	me3
WNT5A	0.6839708560858668	me3
ERC2	0.647694267387434	Unassigned
CCDC66	0.45159880262048135	Unassigned
TASOR	0.4114479693787425	Unassigned
ARHGEF3	0.44490988676637544	Unassigned
SPATA12	0.4029773933748837	me2
IL17RD	0.3887287712514831	me3_domain
HESX1	0.38897589382667663	ac
APPL1	0.38323824203303947	Unassigned
ASB14	0.37501157254582695	Unassigned
DNAH12	0.3355998898878677	Unassigned
PDE12	0.31919373744363144	ac
ARF4	0.31856228548743215	ac
DENND6A	0.30662202574138	Unassigned
SLMAP	0.2501507602375044	ac
FLNB	0.2665868829637251	me1
DNASE1L3	0.2607964470534899	me3_domain
ABHD6	0.2579534325493428	me2
RPP14	0.27062848436734976	ac
HTD2	0.26968311168283365	ac
PXK	0.2993260755098044	me1
PDHB	0.317623336435222	ac
KCTD6	0.33040486260154656	ac
ACOX2	0.33788537037841393	me2
FAM107A	0.3752408139601915	me3_domain
FAM3D	0.41193201107253385	me3
CFAP20DC	0.5243427870917178	Unassigned
FHIT	0.7506656528187275	Unassigned
PTPRG	0.7351748509976067	Unassigned
C3ORF14	0.6680350270961182	Unassigned
FEZF2	0.6483191265373852	me3
CADPS	0.7045402283235435	Unassigned
SYNPR	0.6457498693983199	Unassigned
SNTN	0.6142279711748229	Unassigned
C3ORF49	0.6420439275876999	Unassigned
THOC7	0.6463297192306418	ac
ATXN7	0.6170347108934526	me1
PSMD6	0.546674070720331	ac
PRICKLE2	0.5828224751266462	me3
ADAMTS9	0.5100993691674001	Unassigned
MAGI1	0.46332360423861474	Unassigned
SLC25A26	0.5799875293915224	Unassigned
LRIG1	0.5465624933363633	me3_domain
KBTBD8	0.3504853189334496	ac
SUCLG2	0.5709052816612308	me1
TAFA1	0.6691438694784081	Unassigned
TAFA4	0.4992901060739833	Unassigned
EOGT	0.3914053698342198	me1
TMF1	0.37754235250734136	ac
UBA3	0.37601772020520774	ac
ARL6IP5	0.38018609745447796	ac
LMOD3	0.38514952724147666	Unassigned
FRMD4B	0.39921128059752997	me3
MITF	0.27158675951297484	ac
MDFIC2	0.5188710343871382	Unassigned
FOXP1	0.3561340696033932	ac
ENSG00000285708	0.36030677441232795	ac
EIF4E3	0.3849464004452019	me3
GPR27	0.403723180520541	me3_domain
PROK2	0.41044979188781705	Unassigned
RYBP	0.2907656736120895	me1
SHQ1	0.35653557336801656	me1
GXYLT2	0.34672421360607697	ac
PPP4R2	0.3328655327214425	ac
EBLN2	0.331698095443401	Unassigned
PDZRN3	0.56860522546665	me3
CNTN3	0.8217954396111148	Unassigned
FRG2C	0.6687556575889794	me3
ZNF717	0.6879835590592647	Unassigned
ROBO2	0.7024854548595098	Unassigned
ROBO1	0.8059881119452259	Unassigned
GBE1	0.596574351508525	Unassigned
CADM2	0.7727350434957762	Unassigned
VGLL3	0.7119793492790162	Unassigned
CHMP2B	0.5854958474934854	ac
POU1F1	0.5712531677157131	Unassigned
HTR1F	0.46207853055607717	ac
CGGBP1	0.46396847191278157	ac
ENSG00000288654	0.46667687934493307	ac
ZNF654	0.4630673988673958	ac
C3ORF38	0.47734297772398326	ac
CSNKA2IP	0.609633885761163	Unassigned
EPHA3	0.778334481787923	Unassigned
PROS1	0.422486981044671	ac
ARL13B	0.44623185775171004	ac
STX19	0.44802784158139086	Unassigned
DHFR2	0.45095066587202237	ac
NSUN3	0.45650182872188716	ac
EPHA6	0.7716603732066942	Unassigned
ARL6	0.6040024054098145	Unassigned
CRYBG3	0.5642512578868597	Unassigned
RIOX2	0.5280785997344932	me1
GABRR3	0.5318354584331583	Unassigned
OR5AC1	0.5682514119334034	Unassigned
OR5AC2	0.5896032456906966	me2
OR5H1	0.6280659018656113	Unassigned
OR5H14	0.6368705115246792	Unassigned
OR5H15	0.6416790671230503	Unassigned
OR5H6	0.6210772858526012	Unassigned
OR5H2	0.6151996796891175	Unassigned
OR5H8	0.6100459417998287	Unassigned
OR5K4	0.6062456580362873	me2
OR5K3	0.5984883533683458	Unassigned
OR5K1	0.5397753108272532	Unassigned
OR5K2	0.5114250538374814	Unassigned
CLDND1	0.5018764273078873	ac
ENSG00000285635	0.49223988412242947	ac
GPR15	0.4909626543650616	me2
CPOX	0.4999823635979278	ac
ST3GAL6	0.5519287052136077	me3
DCBLD2	0.56003167196516	Unassigned
COL8A1	0.4493796544603813	Unassigned
CMSS1	0.3354897112991767	me1
FILIP1L	0.35490633863452603	me1
TBC1D23	0.2531072070613223	ac
NIT2	0.28518954613048353	me1
TOMM70	0.3006278243548163	ac
LNP1	0.3148450699931806	ac
TMEM45A	0.3367053875060946	Unassigned
ADGRG7	0.36973220085620295	Unassigned
TFG	0.4028063114796102	ac
ABI3BP	0.45568604057463835	Unassigned
IMPG2	0.29154266834025266	Unassigned
SENP7	0.2690200420079012	Unassigned
TRMT10C	0.20368422877982995	ac
PCNP	0.20109764332812974	ac
ZBTB11	0.22475493666876833	ac
RPL24	0.23778806235907612	ac
CEP97	0.28005794018825025	ac
NXPE3	0.30561004055171936	me2
NFKBIZ	0.3120676608937677	ac
ZPLD1	0.5920999139721894	Unassigned
ALCAM	0.7912844444271412	Unassigned
CBLB	0.7138668388225513	Unassigned
CCDC54	0.6035363075350109	Unassigned
BBX	0.4908965156065317	Unassigned
CD47	0.29659636410059687	ac
IFT57	0.30409449392385457	Unassigned
HHLA2	0.37416608964003484	Unassigned
MYH15	0.42460308952869763	Unassigned
CIP2A	0.4446863917537388	ac
DZIP3	0.47809196499265194	ac
RETNLB	0.588518395851824	me2
TRAT1	0.618372834654615	Unassigned
GUCA1C	0.6131148989918334	Unassigned
MORC1	0.6516824287734038	Unassigned
C3ORF85	0.6810192309422103	Unassigned
DPPA2	0.6960881177755132	me3
DPPA4	0.6960015904587199	me3
NECTIN3	0.7044951784606228	Unassigned
CD96	0.751681912408959	Unassigned
ZBED2	0.7548599444246306	me2
PLCXD2	0.6889593020685076	me2
PHLDB2	0.6939629997746352	Unassigned
ABHD10	0.6733294463367214	ac
TAGLN3	0.672163107168845	me3
TMPRSS7	0.678232392183044	me3
C3ORF52	0.6872095145954646	me2
GCSAM	0.6905578355919826	me3
SLC9C1	0.7108872873189906	Unassigned
CD200	0.7156581080904724	me3
BTLA	0.6701563900413785	me3
ATG3	0.6400305829265363	ac
SLC35A5	0.6335909524300788	ac
CCDC80	0.6399777816086739	me2
CD200R1L	0.6594084520324235	me2
CD200R1	0.6491763512066266	Unassigned
GTPBP8	0.642412239622641	ac
NEPRO	0.6394477320789242	ac
BOC	0.6098833507414584	me3
CFAP44	0.5631617504049238	Unassigned
ENSG00000285943	0.528397481580722	Unassigned
SPICE1	0.5099826202548865	Unassigned
SIDT1	0.4668002342015444	me3
USF3	0.41877642130835857	ac
NAA50	0.4075073094722481	ac
ATP6V1A	0.41794837851781164	ac
GRAMD1C	0.4786022604972415	me3
ZDHHC23	0.5139994605390016	me3
CCDC191	0.5234161034524946	Unassigned
QTRT2	0.5282173696110668	Unassigned
DRD3	0.5773922549819148	me3
ZNF80	0.6247024012239992	me3_domain
TIGIT	0.6468842730871787	me3
ZBTB20	0.702600539509231	Unassigned
GAP43	0.5929297538895766	me3
LSAMP	0.6344952992450601	Unassigned
IGSF11	0.5322245709517064	Unassigned
TEX55	0.46317399135879567	me2
ENSG00000251012	0.4572038461994843	me3
UPK1B	0.4484590644748634	me3
B4GALT4	0.4330448763359861	me1
ARHGAP31	0.38629665310288874	me3
TMEM39A	0.3534825086436081	ac
POGLUT1	0.3435655432047666	me1
TIMMDC1	0.33631239954482806	ac
CD80	0.3329666668810958	ac
ADPRH	0.33709745865403873	ac
PLA1A	0.34816092109607066	me2
POPDC2	0.3678325734816036	ac
COX17	0.37630602456047346	ac
CFAP91	0.4042309788025994	Unassigned
ENSG00000285585	0.40642164826321614	Unassigned
NR1I2	0.40977500689601887	me2
GSK3B	0.4380733699387309	Unassigned
GPR156	0.4398068367660376	me3
LRRC58	0.4680180096642885	ac
FSTL1	0.46308279677406183	me3
NDUFB4	0.37062080348766613	ac
HGD	0.3821979945778352	me2
RABL3	0.4126471177145473	ac
GTF2E1	0.43332660601138395	ac
STXBP5L	0.5615970181147079	Unassigned
POLQ	0.4565802901853363	Unassigned
ARGFX	0.42730968025454386	me3
FBXO40	0.42209562308041404	me3
HCLS1	0.4173047978886846	Unassigned
GOLGB1	0.42049196629785834	Unassigned
IQCB1	0.4505798404676442	Unassigned
EAF2	0.468818394247564	Unassigned
SLC15A2	0.4866766159027366	Unassigned
ILDR1	0.5074435686024972	me3
CD86	0.5047563984373082	me3
CASR	0.5206055494867974	me3
CSTA	0.4729204700660684	me3
MIX23	0.43802969193372443	ac
FAM162A	0.41650480785698074	ac
WDR5B	0.4038229465393218	ac
KPNA1	0.37573210514032396	Unassigned
PARP9	0.3612226135244492	Unassigned
DTX3L	0.36462799371564725	ac
PARP15	0.3804233015980897	Unassigned
PARP14	0.4375697040836335	ac
HSPBAP1	0.45308846563058447	Unassigned
SLC49A4	0.43138044383822827	Unassigned
SEMA5B	0.3802527649102784	me3_domain
PDIA5	0.38996662859491305	me1
SEC22A	0.3904783395096607	Unassigned
ADCY5	0.4284077017547864	me3_domain
HACD2	0.45289731119275434	Unassigned
MYLK	0.5026745834541295	me3
CCDC14	0.5312584931624238	Unassigned
ROPN1	0.5290280667336784	me3
KALRN	0.3964468893648795	Unassigned
UMPS	0.32000191499686925	Unassigned
ITGB5	0.3208388900018976	me2
MUC13	0.3347840367103717	me3
HEG1	0.36015628864942084	me3_domain
SLC12A8	0.3771649354720068	me3
ZNF148	0.3155799370098522	Unassigned
SNX4	0.29568744546425396	ac
OSBPL11	0.3094008338139169	Unassigned
ROPN1B	0.5055185938819868	me3
SLC41A3	0.5020874617751954	me2
ALDH1L1	0.5125395560127044	me3
KLF15	0.5352788322035678	me1
CFAP100	0.4907830278916254	me3_domain
ZXDC	0.4640335598583927	me1
UROC1	0.44958358542752586	me3_domain
CHST13	0.4481442236229012	me3
C3ORF22	0.4490873912112092	me3
TXNRD3	0.44786738617420074	Unassigned
CHCHD6	0.4152738173555618	me1
PLXNA1	0.37900646163277296	me1
PRR23E	0.4237746736887168	me3
PRR20G	0.44699473411478896	me2
TPRA1	0.31972881394695296	me1
MCM2	0.31075492622325795	ac
PODXL2	0.3034110203182375	me1
ABTB1	0.30451085659108557	me2
MGLL	0.3558602993022112	me3_domain
KBTBD12	0.35812674744776085	Unassigned
SEC61A1	0.33806164314637643	ac
RUVBL1	0.3297791576031305	ac
EEFSEC	0.2607330490065324	me1
DNAJB8	0.2046055155634794	me2
GATA2	0.20555797815726295	ac
RPN1	0.2213299752024599	ac
RAB7A	0.22180408773203086	me1
ACAD9	0.2370321645933886	me1
CFAP92	0.25347147657959146	me3
EFCC1	0.25797090095334463	me2
GP9	0.24857906910563898	me2
RAB43	0.2301667343109134	me1
ISY1-RAB43	0.2203172065404747	me1
ISY1	0.2102029438013051	ac
CNBP	0.19511219281708458	ac
COPG1	0.18262942728470521	ac
HMCES	0.19035520997957578	ac
H1-10	0.19897416198196782	ac
EFCAB12	0.21984613661342367	me1
IFT122	0.2256237012333664	ac
MBD4	0.2206653317321282	ac
RHO	0.24045143683854564	me2
H1-8	0.2465064203953392	me2
PLXND1	0.2597209825687534	me1
TMCC1	0.28631784783167913	Unassigned
TRH	0.37159045609152697	me3_domain
ALG1L2	0.33878635633605936	me1
COL6A5	0.28479380578459756	ac
COL6A6	0.34179466252126356	Unassigned
PIK3R4	0.332358597810288	Unassigned
ATP2C1	0.31434839321724983	ac
ASTE1	0.3629401773417258	me1
NEK11	0.4554762466208129	Unassigned
NUDT16	0.4908557543567583	me1
MRPL3	0.4670845384172043	Unassigned
CPNE4	0.551699497424113	Unassigned
ACP3	0.4732549656123537	Unassigned
DNAJC13	0.4097532824039323	Unassigned
ACAD11	0.4683172827924901	Unassigned
NPHP3-ACAD11	0.4711626642898922	ac
ACKR4	0.47091069059735813	Unassigned
UBA5	0.47697607263432373	ac
NPHP3	0.475597671559727	ac
TMEM108	0.5298805664360331	Unassigned
BFSP2	0.4551239433395985	me3
CDV3	0.37507331276026756	ac
TOPBP1	0.37115358843717816	Unassigned
TF	0.3684149191504885	me2
SRPRB	0.36333291069620965	Unassigned
RAB6B	0.36134420607264506	me2
SLCO2A1	0.38702844759131505	me3_domain
RYK	0.43221201406414866	Unassigned
AMOTL2	0.47240958261866683	me3
ANAPC13	0.482303464838275	ac
CEP63	0.5044584385781747	ac
KY	0.5499699560234571	me3
EPHB1	0.6279156628923817	me3
PPP2R3A	0.35039026905772797	Unassigned
MSL2	0.3704530273872949	ac
PCCB	0.3391857521098962	ac
STAG1	0.3356699626339248	me1
SLC35G2	0.3095063105424639	me1
NCK1	0.322433803649699	me1
IL20RB	0.3495077171209712	Unassigned
SOX14	0.48363450515191286	me3
CLDN18	0.34604244199904743	me3
DZIP1L	0.31957049499659773	me3
A4GNT	0.3053076031868751	me3
DBR1	0.2964856890589297	ac
ARMC8	0.3115725539071512	ac
NME9	0.3275418539608015	Unassigned
MRAS	0.33138357179646616	me3
ESYT3	0.3342488550441354	me3_domain
CEP70	0.33582976124673247	Unassigned
FAIM	0.31218389788429235	Unassigned
PIK3CB	0.23841095134986956	ac
FOXL2	0.23588226103941023	ac
FOXL2NB	0.23667488071646758	ac
PRR23A	0.2488487996210098	me2
MRPS22	0.29503212370518905	me1
PRR23B	0.25297022176710937	me2
PRR23C	0.2606260927683821	me2
COPB2	0.3315430722399243	ac
RBP2	0.3604994081869358	me3
RBP1	0.3736852851185478	me3_domain
NMNAT3	0.4336738449869769	me2
CLSTN2	0.6179483242453145	me3
TRIM42	0.5707324225797537	me3
SLC25A36	0.42028662188994514	ac
SPSB4	0.3516242877584661	me3_domain
PXYLP1	0.24419231090686921	ac
ZBTB38	0.2341726059888828	me1
RASA2	0.2680839977694538	Unassigned
RNF7	0.29819246487436235	ac
ENSG00000285558	0.28959238899202744	me1
GRK7	0.2845875569516414	me2
ATP1B3	0.2646644049082394	ac
TFDP2	0.27470439316982986	ac
GK5	0.31128320363062356	me1
XRN1	0.33584863028039447	Unassigned
ATR	0.36715635330906404	Unassigned
PLS1	0.3830289800009329	me1
TRPC1	0.387278665122582	Unassigned
PCOLCE2	0.3455970859643077	me2
PAQR9	0.32976435343260524	me2
U2SURP	0.3243748340861443	ac
CHST2	0.31385839923477465	ac
SLC9A9	0.49081403903703	me2
DIPK2A	0.6570992987040594	ac
PLOD2	0.51060485542582	Unassigned
PLSCR4	0.48500964303348193	me2
PLSCR2	0.6217149837203653	ac
PLSCR1	0.5894012744763173	ac
PLSCR5	0.5850228443258432	Unassigned
ZIC4	0.7587230066884157	me3_domain
ZIC1	0.789010891620663	me3
AGTR1	0.7208482753809573	Unassigned
CPB1	0.6218115766631214	Unassigned
CPA3	0.6015484131330437	me2
GYG1	0.5550458941228174	me1
HLTF	0.5294758804735851	ac
HPS3	0.5229835747018624	me2
CP	0.5384942825184309	me3
TM4SF18	0.5743571994549459	me3
TM4SF1	0.5778752992180533	me3
TM4SF4	0.6027028055323986	me3
WWTR1	0.5778858399952502	me3
COMMD2	0.5598885463297176	ac
ANKUB1	0.5589957983917372	Unassigned
RNF13	0.5580097594687281	Unassigned
PFN2	0.5310611308447843	me3
TSC22D2	0.3005182219883742	ac
SERP1	0.3284165147697493	ac
EIF2A	0.32659397369443255	ac
SELENOT	0.3378380689480067	ac
ERICH6	0.34503905699179893	me2
SIAH2	0.35423862692988495	ac
MINDY4B	0.3985802317243494	me3_domain
ENSG00000260234	0.41417625662349533	me3_domain
CLRN1	0.4399413688101328	me3
MED12L	0.5431573211284522	me3
GPR171	0.5385169178268923	Unassigned
P2RY14	0.5484432421638411	me3
GPR87	0.5526963968335239	me3_domain
P2RY13	0.5531873782033232	Unassigned
P2RY12	0.5564755197724859	me3
IGSF10	0.5703090510246289	me3_domain
AADACL2	0.4970051721744124	Unassigned
AADAC	0.449104204244668	Unassigned
SUCNR1	0.4195116512116719	ac
MBNL1	0.2875818594286875	ac
P2RY1	0.42748512667855454	ac
RAP2B	0.40611447552776514	ac
ARHGEF26	0.6569856417276042	me3
DHX36	0.6569148175092783	ac
GPR149	0.6725139173518073	me3
MME	0.43232378499957125	me2
STRIT1	0.3988873730257859	Unassigned
PLCH1	0.3709251475276034	me2
C3ORF33	0.2734183143074863	ac
ENSG00000284952	0.26862916100057244	ac
SLC33A1	0.26316327490558533	ac
GMPS	0.25377978849518423	ac
KCNAB1	0.40961206001283734	me3
SSR3	0.34853917000932555	ac
TIPARP	0.3600263637711816	ac
LEKR1	0.35998650542898447	ac
CCNL1	0.2992522869536519	ac
VEPH1	0.4047240613887082	me2
PTX3	0.43102804825460306	me3
SHOX2	0.470682180814753	ac
RSRC1	0.46498799495421184	Unassigned
MLF1	0.36686077323239763	ac
GFM1	0.3604299358926406	ac
LXN	0.3602767294849011	me1
RARRES1	0.3641596456241849	me1
MFSD1	0.3857703555073769	me1
IQCJ-SCHIP1	0.6204730783043202	Unassigned
IQCJ	0.5547944730830796	me2
SCHIP1	0.6107198564704195	me3
IL12A	0.5692330198182247	me3
C3ORF80	0.4210124066710975	me3
ENSG00000248710	0.39117892676550936	ac
IFT80	0.3969980842451236	ac
SMC4	0.37249697543374505	ac
TRIM59	0.34656332660253	ac
KPNA4	0.3407420846078466	ac
ARL14	0.5306429645909967	me3
PPM1L	0.64924212465253	me2
B3GALNT1	0.687454368119403	me3
NMD3	0.6778809962413038	me2
SPTSSB	0.7002419699129891	me3
OTOL1	0.7525415089870423	Unassigned
SI	0.8178323088004884	Unassigned
SLITRK3	0.8008611911174182	me2
BCHE	0.8344959923503661	Unassigned
ZBBX	0.7341687477228731	Unassigned
SERPINI2	0.7094426022828191	Unassigned
WDR49	0.6585598161510202	Unassigned
PDCD10	0.5971259402632578	ac
SERPINI1	0.5420503432291379	ac
GOLIM4	0.408763459284078	ac
MECOM	0.5946806384696277	me3
ACTRT3	0.3996345112252385	ac
MYNN	0.3956645186581559	ac
LRRC34	0.3884547213420948	Unassigned
LRRIQ4	0.3821771978551477	me2
LRRC31	0.37574279563701085	me3
SAMD7	0.3748598306373423	me2
SEC62	0.37746221523688006	ac
GPR160	0.3651530625268872	me2
PHC3	0.34623152610060093	ac
PRKCI	0.3180466740513367	me1
SKIL	0.3408332847722413	ac
CLDN11	0.35271465983313066	me2
ENSG00000285218	0.3415279976316341	ac
SLC7A14	0.35739163210914715	me2
RPL22L1	0.3359404941097509	ac
EIF5A2	0.35228850185469585	me1
SLC2A2	0.37679389259976726	Unassigned
TNIK	0.33695971170079486	me1
PLD1	0.28303453664491696	ac
TMEM212	0.2635880191457284	me2
FNDC3B	0.34890577333950634	me1
GHSR	0.42589545492146874	me3_domain
TNFSF10	0.4378868061316662	me2
NCEH1	0.4448828437113951	me1
ECT2	0.45518077295712867	ac
SPATA16	0.4762772874789605	me2
NLGN1	0.7884225861876166	Unassigned
NAALADL2	0.8652992958417773	Unassigned
TBL1XR1	0.35466447089751474	me1
KCNMB2	0.6022288961076657	me2
ENSG00000275163	0.5876747692581138	me2
ZMAT3	0.36348895651958957	me1
PIK3CA	0.28611867129680424	ac
KCNMB3	0.2630916439031056	ac
ZNF639	0.25901923600492227	ac
MFN1	0.2748850296757829	ac
GNB4	0.3050765214822323	ac
ACTL6A	0.34825233849543513	ac
MRPL47	0.3526710728613197	ac
NDUFB5	0.3582636557462091	ac
ENSG00000288698	0.4010118088127488	me3_domain
USP13	0.4194226536259861	me3_domain
PEX5L	0.5193881620445193	me2
TTC14	0.7180571584302123	ac
CCDC39	0.7131128368227605	Unassigned
FXR1	0.6403132646365117	ac
DNAJC19	0.6435564358202741	ac
SOX2	0.7221777243711953	me3_domain
ATP11B	0.24227757036993292	ac
DCUN1D1	0.26035426697746455	ac
MCCC1	0.2763369074400619	me1
LAMP3	0.28572582442377426	me3_domain
MCF2L2	0.31326393635052563	me1
B3GNT5	0.3271601375827278	ac
KLHL6	0.3044477409352204	me2
KLHL24	0.31404475262699805	ac
YEATS2	0.3253720642425496	me1
ENSG00000283765	0.3232796159789574	me1
MAP6D1	0.3285156934236526	me1
PARL	0.32207540597266526	me1
ABCC5	0.3026161010398901	me1
HTR3D	0.3077859102893572	me3
HTR3C	0.308940556080576	me3_domain
HTR3E	0.3012093357458858	me2
EIF2B5	0.2833087352692736	ac
DVL3	0.26978149760276326	ac
AP2M1	0.261558390716489	ac
ABCF3	0.2562158368066385	ac
VWA5B2	0.24057695481906416	me3_domain
ALG3	0.23885249444978196	ac
EEF1AKMT4	0.23815295292780947	ac
EEF1AKMT4-ECE2	0.23813137102315163	me3_domain
CAMK2N2	0.2377423784655035	me2
ECE2	0.23830367507710193	me3_domain
PSMD2	0.24030638228426726	ac
EIF4G1	0.24351132566310352	ac
FAM131A	0.24665864939935545	ac
CLCN2	0.2492683424220461	ac
POLR2H	0.2515286400854112	ac
THPO	0.2546353024124386	me3_domain
CHRD	0.2565930264528551	me3_domain
EPHB3	0.34474290001714314	me3_domain
MAGEF1	0.4044212644252897	ac
VPS8	0.4198750666602171	Unassigned
C3ORF70	0.3967345206583667	me3_domain
EHHADH	0.3371510784880791	me2
MAP3K13	0.30441045017774404	Unassigned
TMEM41A	0.27975923071772957	me1
LIPH	0.2743979235070312	me2
SENP2	0.28330942558815186	me1
IGF2BP2	0.30968750176067505	ac
TRA2B	0.2851724230855579	ac
ETV5	0.35304280341098115	me1
DGKG	0.4172637761777739	me3_domain
CRYGS	0.35038116244203044	Unassigned
TBCCD1	0.3404275765890472	ac
DNAJB11	0.3297980046963025	ac
ENSG00000283149	0.32217588140161	Unassigned
AHSG	0.3069835225958226	me3_domain
FETUB	0.2929853590739251	me3_domain
HRG	0.2805197770666128	me3_domain
KNG1	0.24692887231484018	me3_domain
EIF4A2	0.21486976964690985	ac
RFC4	0.2081172124484013	ac
ADIPOQ	0.18742403841587685	me2
ST6GAL1	0.21334936631431878	ac
RPL39L	0.30797360855232303	me3
RTP1	0.33751507572651573	me3_domain
MASP1	0.36543246939049934	me3_domain
RTP4	0.4415663434457088	me2
SST	0.5984403081579742	me3
RTP2	0.5995303756719625	me3
BCL6	0.6045606502671558	ac
ENSG00000285938	0.6073591891056829	ac
LPP	0.7998079968830809	me2
TPRG1	0.8694473145234302	Unassigned
TP63	0.8811157781299866	Unassigned
P3H2	0.8685061346320592	Unassigned
CLDN1	0.867905343547077	Unassigned
CLDN16	0.8774277958489418	Unassigned
TMEM207	0.8713890539343268	Unassigned
IL1RAP	0.8338781600969679	Unassigned
GMNC	0.788990478400022	Unassigned
OSTN	0.6515304779146069	Unassigned
UTS2B	0.6025169619352257	ac
CCDC50	0.6011982701948575	ac
PYDC2	0.6555577866260935	me1
FGF12	0.7644229692412382	Unassigned
MB21D2	0.7106181829442502	me3
PLAAT1	0.6268571814544845	me2
ATP13A5	0.6003405727369204	me2
ATP13A4	0.4815162697214501	me3
OPA1	0.394520154938952	ac
HES1	0.3659117597210191	ac
CPN2	0.33400856231259424	me3_domain
LRRC15	0.33039725951065213	me3_domain
GP5	0.32076363088976934	me3_domain
ATP13A3	0.29928388004193207	ac
TMEM44	0.2505565628583265	me1
LSG1	0.2683961228881454	me1
FAM43A	0.28823400272961563	me2
XXYLT1	0.341467360340451	me1
ACAP2	0.31446432733161567	me1
PPP1R2	0.29841418849143775	me1
APOD	0.2908080569703023	me3_domain
MUC20	0.2541738277550246	me3_domain
MUC4	0.24242735115412173	me3_domain
TNK2	0.22686577790074514	me1
ENSG00000289747	0.22283278393247385	ac
TFRC	0.1601530780115148	ac
ZDHHC19	0.16402298491389	me1
SLC51A	0.1719339553700191	me2
PCYT1A	0.1806882738176927	ac
ENSG00000272741	0.19045662169902922	ac
DYNLT2B	0.19596488275850932	ac
TM4SF19-DYNLT2B	0.19876879937907133	ac
TM4SF19	0.1988993714057007	ac
UBXN7	0.19046346594200858	me1
RNF168	0.15725108113569164	ac
SMCO1	0.15168669758237874	ac
WDR53	0.15541731595777664	ac
FBXO45	0.16068420494812685	ac
NRROS	0.19145244151477858	ac
PIGX	0.19990021243857758	ac
CEP19	0.2048906056628652	ac
PAK2	0.20216183245356345	ac
SENP5	0.2102351321562963	ac
NCBP2	0.22259056473104233	ac
NCBP2AS2	0.22377618289886314	ac
PIGZ	0.22964183735440136	ac
MELTF	0.24304875237092527	me2
DLG1	0.26972086153495	Unassigned
BDH1	0.25416578023286973	me3_domain
RUBCN	0.22144259943531253	me1
FYTTD1	0.22718910179412322	ac
LRCH3	0.24534446569057178	me1
IQCG	0.2648293018202318	ac
RPL35A	0.2670948283323107	ac
LMLN	0.24847032947745118	ac
ZNF595	0.6094563575648856	ac
ZNF718	0.5785226222671493	Unassigned
ZNF732	0.5121895334532542	Unassigned
ZNF141	0.47698609243689616	Unassigned
ZNF721	0.42792376404167076	Unassigned
PIGG	0.4006094341163663	me1
TMEM271	0.3643070789913383	me3
PDE6B	0.31465582179087126	me3_domain
ATP5ME	0.30006704656571304	ac
MYL5	0.29849400558576644	ac
SLC49A3	0.2946728337337716	me1
PCGF3	0.2791196914860733	me1
CPLX1	0.2662096641461409	me3_domain
GAK	0.25189217419099874	me1
TMEM175	0.24496322335277143	me1
DGKQ	0.24408644804848834	me1
SLC26A1	0.24446351951388623	ac
IDUA	0.24511319688454325	ac
FGFRL1	0.24808775720594722	me1
RNF212	0.26684558739440434	me3_domain
SPON2	0.3048591571399958	me2
CTBP1	0.317484708114947	ac
MAEA	0.34417567637964364	me1
UVSSA	0.3696814108574954	me1
NKX1-1	0.38344972407942035	me2
FAM53A	0.2193547951509649	me2
SLBP	0.18724207003086302	ac
TACC3	0.17542737429555333	ac
TMEM129	0.17921231134830562	ac
FGFR3	0.1584795641007556	ac
LETM1	0.1606625248940099	ac
NSD2	0.18143410930251036	ac
NELFA	0.20159904806554918	ac
C4ORF48	0.20800779760084565	me1
NAT8L	0.21281036987276336	me1
POLN	0.22409890503288177	me2
ENSG00000290263	0.22440707928317905	me3
HAUS3	0.2249405776549085	ac
MXD4	0.22253610051580042	me1
ZFYVE28	0.1964391436853934	me1
CFAP99	0.16747578987599487	me3_domain
RNF4	0.1717461742445594	ac
ENSG00000290180	0.1931240903649909	me1
FAM193A	0.20122774604749438	me1
TNIP2	0.20695965106109782	me1
SH3BP2	0.21040267223366838	me1
ADD1	0.2305271150232312	me1
MFSD10	0.25245062387211104	ac
NOP14	0.2622843660483001	ac
GRK4	0.28870292422516086	me3_domain
HTT	0.3199703169943027	me1
MSANTD1	0.33056237921514764	me3_domain
RGS12	0.3622112430074921	me3
HGFAC	0.37177533513434213	me2
DOK7	0.37643197796481453	me3_domain
LRPAP1	0.39103731743230963	me1
ADRA2C	0.4879242116634708	me3_domain
OTOP1	0.37578487760485524	me3_domain
TMEM128	0.36820355525056514	me1
LYAR	0.3619466254350687	ac
ZBTB49	0.3597089246985411	me1
NSG1	0.37326225826136505	me3_domain
STX18	0.4194789532507155	me1
MSX1	0.5118811269884587	me3_domain
CYTL1	0.5302876022510343	me3_domain
STK32B	0.591105797364626	me2
EVC2	0.5929152551000669	me2
EVC	0.5710491682614184	me2
CRMP1	0.5541810360845396	me3
C4ORF50	0.5478312896720399	me3
JAKMIP1	0.532693852915478	me3
ENSG00000284684	0.5553181888815889	me2
WFS1	0.43039389965514285	me3_domain
PPP2R2C	0.3405824012285573	me3_domain
MAN2B2	0.25430371689840214	me1
MRFAP1	0.2364494705095368	ac
ENSG00000170846	0.22584642929353427	ac
S100P	0.21754483994031437	me1
MRFAP1L1	0.21341460354821562	ac
BLOC1S4	0.2115052799698054	ac
KIAA0232	0.19004488031433497	me1
TBC1D14	0.2023243279873117	me1
CCDC96	0.23705437098538495	me1
TADA2B	0.24086974779131043	me1
GRPEL1	0.2485667907890654	ac
SORCS2	0.4588403800546107	me3_domain
PSAPL1	0.4769069345293846	me3
AFAP1	0.5209093916416534	me3_domain
ABLIM2	0.46111889878004997	me3_domain
SH3TC1	0.4091271279705808	me3_domain
HTRA3	0.381514943039889	me2
ACOX3	0.3704116498774155	me2
TRMT44	0.37234393145310274	me1
GPR78	0.3855234586486126	me2
CPZ	0.3953076443139344	me2
HMX1	0.5363315711750469	me3
DEFB131A	0.6379752519944939	Unassigned
SLC2A9	0.44544078008413723	me3
DRD5	0.5075585558968132	me3_domain
WDR1	0.3339864210167991	me1
ZNF518B	0.3997166569630026	ac
CLNK	0.47782450381929276	me2
HS3ST1	0.7885092722544808	me2
RAB28	0.456097570722538	ac
NKX3-2	0.42500338841157226	me3_domain
BOD1L1	0.43580879090057945	me1
CPEB2	0.6068202382187499	ac
C1QTNF7	0.5851926303096704	me2
CC2D2A	0.5524777599766758	me2
FBXL5	0.4915928538063232	ac
FAM200B	0.46654750192089844	ac
BST1	0.4665487522142999	me3_domain
CD38	0.539571974778972	me3
FGFBP1	0.5895434584970318	me3
FGFBP2	0.5815569078016211	me3_domain
PROM1	0.5656060967873193	me3_domain
TAPT1	0.5800511597797342	ac
LDB2	0.6996256570282616	me2
QDPR	0.49051482668832735	me1
CLRN2	0.4889461434554464	me3_domain
LAP3	0.4826716081524721	me1
MED28	0.4762432719868376	ac
FAM184B	0.4718683871542836	me3_domain
DCAF16	0.49962339307114445	ac
NCAPG	0.511550853957589	ac
LCORL	0.5430730604836007	me1
SLIT2	0.6088073609264002	Unassigned
PACRGL	0.5997430676519206	me1
KCNIP4	0.7596030398589372	Unassigned
ADGRA3	0.752864943158355	Unassigned
GBA3	0.6797107870838056	Unassigned
PPARGC1A	0.6609953258267462	Unassigned
DHX15	0.5069593462190387	ac
SOD3	0.5708042524166872	me3
CCDC149	0.5442057825340183	me3_domain
LGI2	0.4738456352849203	me3_domain
SEPSECS	0.42685958256798306	ac
PI4K2B	0.41702857377664604	ac
ZCCHC4	0.40375495359547475	me1
ANAPC4	0.42523985595863223	ac
SLC34A2	0.5157665189007098	me3_domain
SEL1L3	0.5188271979498147	me2
SMIM20	0.5178553434328875	me3_domain
RBPJ	0.4937012949784042	me3
CCKAR	0.44577188054921424	me3_domain
TBC1D19	0.43291079432720514	Unassigned
STIM2	0.48293437947211504	me1
PCDH7	0.8262815437962536	Unassigned
ARAP2	0.8623485990276494	Unassigned
DTHD1	0.8569764250723605	Unassigned
NWD2	0.6831128697074591	Unassigned
C4ORF19	0.5905261274471896	me2
RELL1	0.5502450147825633	me3
PGM2	0.4597081479172821	me1
TBC1D1	0.4294755345977588	me3_domain
PTTG2	0.44701996984542414	me3_domain
KLF3	0.3904662248756977	ac
TLR10	0.3975564946278728	Unassigned
TLR1	0.37041546131799796	Unassigned
TLR6	0.35939266479480214	Unassigned
FAM114A1	0.3264164350350366	me2
TMEM156	0.3328713960253522	ac
KLHL5	0.336429837024506	ac
WDR19	0.3295038489027341	Unassigned
RFC1	0.3165277731173214	me1
KLB	0.30119451629939564	Unassigned
RPL9	0.30113669177445535	ac
LIAS	0.30146935430231336	ac
UGDH	0.30159795981885706	ac
SMIM14	0.29785583166758345	Unassigned
UBE2K	0.30605952367511036	ac
PDS5A	0.26099622657750476	me1
N4BP2	0.25730146573033896	ac
RHOH	0.23249066725354484	ac
CHRNA9	0.28659467409009254	me3_domain
RBM47	0.36867984622639594	me3
NSUN7	0.5249182042346721	Unassigned
APBB2	0.6170188081144601	me3
ENSG00000289761	0.6613735493392803	Unassigned
UCHL1	0.6709389272782094	me2
LIMCH1	0.663058173350943	me3
PHOX2B	0.6029552316699444	me3_domain
TMEM33	0.5459226616499239	ac
DCAF4L1	0.5580405615090072	me2
SLC30A9	0.5574421430209369	me1
BEND4	0.5638841369375902	me3_domain
SHISA3	0.6833890922864279	me3
ATP8A1	0.7237290190836602	me2
GRXCR1	0.8606930491909401	Unassigned
KCTD8	0.8476627114346541	Unassigned
YIPF7	0.7515338161796059	ac
GUF1	0.7524498246722039	ac
GNPDA2	0.754230111758115	ac
GABRG1	0.8074885992551071	Unassigned
GABRA2	0.8099262067600688	Unassigned
COX7B2	0.8102810701547813	Unassigned
GABRA4	0.8182012562317056	Unassigned
GABRB1	0.7519362242922607	Unassigned
COMMD8	0.637775627787547	ac
ATP10D	0.6309917492963502	me3
CORIN	0.5489006948572115	me3
NFXL1	0.4218705328480443	ac
NIPAL1	0.35382223503583476	me3
CNGA1	0.35308826962565976	me3
TXK	0.2873673869848602	Unassigned
TEC	0.24472491944153862	ac
SLAIN2	0.23115933346081818	ac
SLC10A4	0.26590746894445616	ac
ZAR1	0.26807960986905455	me1
FRYL	0.30673832278003343	me1
OCIAD1	0.34151699033123795	ac
OCIAD2	0.35434565793917105	me2
CWH43	0.4155363973954336	Unassigned
DCUN1D4	0.6316219096405802	ac
LRRC66	0.6532693619458284	me3
SGCB	0.6639091505773018	me3
SPATA18	0.6726995340276796	me3
USP46	0.5216054908134586	me1
ERVMER34-1	0.4823243664627561	me3
RASL11B	0.49584659214230586	me2
SCFD2	0.4434655769592645	Unassigned
FIP1L1	0.359407765230787	Unassigned
ENSG00000282278	0.4771392249760754	me3
LNX1	0.3777217862906841	me3
CHIC2	0.5321767023600674	Unassigned
GSX2	0.5422256660461426	me3_domain
PDGFRA	0.5187675077377174	me3
KIT	0.4890070332592088	me3_domain
KDR	0.39551544607338573	me3
SRD5A3	0.2893347356186744	ac
ENSG00000288695	0.2899445222385384	ac
TMEM165	0.29109715256967106	ac
CLOCK	0.27664448671997766	ac
PDCL2	0.24349564105995714	ac
NMU	0.23297436762468604	ac
EXOC1L	0.30294904631752384	Unassigned
EXOC1	0.31830273224542927	Unassigned
CEP135	0.3661839652701909	me1
CRACD	0.4101088941332093	me3_domain
AASDH	0.3857463300017373	ac
PPAT	0.37329549010659446	ac
PAICS	0.3625152312431589	ac
SRP72	0.3529255383289933	ac
ARL9	0.3485949016043631	ac
THEGL	0.35635636536572435	Unassigned
HOPX	0.38650290128022713	me3_domain
SPINK2	0.3935721609602246	me3_domain
REST	0.39085396377339765	ac
NOA1	0.3921467759526869	ac
POLR2B	0.40189346100771306	ac
IGFBP7	0.4481818219883582	me3
ADGRL3	0.8618905270814319	Unassigned
TECRL	0.8663516817600613	Unassigned
EPHA5	0.8382571045228782	Unassigned
CENPC	0.2568973258953591	ac
STAP1	0.25422787521984913	ac
UBA6	0.28516518450611783	ac
GNRHR	0.32882015973422507	Unassigned
TMPRSS11D	0.3704527935917731	me2
TMPRSS11A	0.40791059325044376	me2
TMPRSS11F	0.5019223225836458	me2
TMPRSS11B	0.5142932963925628	Unassigned
YTHDC1	0.5454395176211306	ac
TMPRSS11E	0.6300095106581131	Unassigned
UGT2B17	0.6962543702183914	Unassigned
UGT2B15	0.730925673897239	Unassigned
UGT2B10	0.7295293924641904	Unassigned
UGT2A3	0.7458050920851433	Unassigned
UGT2B7	0.7560747682290729	Unassigned
UGT2B11	0.8012553336810788	Unassigned
UGT2B28	0.7811813351504302	Unassigned
UGT2B4	0.801351032452779	Unassigned
UGT2A2	0.7782978077894422	Unassigned
UGT2A1	0.7774893986426469	Unassigned
SULT1B1	0.7716426314683514	Unassigned
ENSG00000284695	0.7681218748145069	Unassigned
SULT1E1	0.7696906435983619	Unassigned
CSN1S1	0.7910874611663957	Unassigned
CSN2	0.794329146085367	Unassigned
STATH	0.7902551172922349	Unassigned
HTN3	0.7751202189833096	Unassigned
HTN1	0.759586826713999	Unassigned
PRR27	0.6708871505083258	Unassigned
ODAM	0.6409918143504333	Unassigned
FDCSP	0.627269112813601	Unassigned
CSN3	0.6220748443484416	Unassigned
CABS1	0.5825497799990128	Unassigned
SMR3A	0.5613565336728292	Unassigned
SMR3B	0.5470412602691535	Unassigned
OPRPN	0.5242920267368953	Unassigned
MUC7	0.474455434644075	me2
AMTN	0.42015170908492716	me2
AMBN	0.37640303371983574	me2
ENAM	0.36082162151833475	me2
JCHAIN	0.35201167652079646	me2
UTP3	0.34769063929374644	ac
RUFY3	0.32680920459644736	ac
GRSF1	0.2941837718005962	ac
MOB1B	0.32394721220903333	ac
DCK	0.3577809574215395	ac
SLC4A4	0.5381650327852832	me3
GC	0.6268878299040579	Unassigned
NPFFR2	0.6556541633748101	me2
ADAMTS3	0.4813813861630625	ac
COX18	0.4466173579576962	ac
ANKRD17	0.45419749289165456	ac
ALB	0.46392594969274026	Unassigned
AFP	0.4542923431522483	ac
AFM	0.44373989781986056	Unassigned
RASSF6	0.42913468048735237	Unassigned
CXCL8	0.34960905975588963	ac
CXCL6	0.3696535885432579	Unassigned
PF4V1	0.3741154044463386	me2
CXCL1	0.3797929954528808	me2
PF4	0.3569556184389272	me2
ENSG00000288796	0.355012127240773	me2
PPBP	0.35336434874423717	me2
CXCL5	0.3472086341411792	me2
CXCL3	0.32304969067083233	ac
CXCL2	0.3000758996914564	ac
MTHFD2L	0.27916553073314754	Unassigned
EPGN	0.2622538905491645	Unassigned
EREG	0.2568128339755441	ac
AREG	0.0	ac
BTC	0.44536094138454807	me3
PARM1	0.570425169901775	me3
RCHY1	0.4368457677447979	ac
THAP6	0.4149765031655456	ac
ODAPH	0.39660648452380987	me3_domain
CDKL2	0.3780591149055885	Unassigned
G3BP2	0.37579019698037	ac
USO1	0.3797805437252836	ac
PPEF2	0.38450740289048513	me3_domain
NAAA	0.4039162827264592	me1
SDAD1	0.41795964507604244	me1
CXCL9	0.4238915809467898	Unassigned
ART3	0.41407686223657425	Unassigned
CXCL10	0.42259003404470585	Unassigned
CXCL11	0.4200719493484235	Unassigned
NUP54	0.40079606352917896	ac
SCARB2	0.397106449432475	me1
FAM47E	0.39997398453157207	ac
FAM47E-STBD1	0.4067397939538341	ac
STBD1	0.41635428204983416	ac
CCDC158	0.45827655414215784	Unassigned
SHROOM3	0.5491284689517276	me3_domain
SOWAHB	0.4815630884779829	me3_domain
SEPTIN11	0.4760682998555885	me1
CCNI	0.46426702996356584	ac
CCNG2	0.519439087077196	me2
CXCL13	0.49788145652302984	Unassigned
CNOT6L	0.3935488758110206	ac
MRPL1	0.4099966827916519	ac
FRAS1	0.34463054338937127	me3
ANXA3	0.1676009671103995	ac
BMP2K	0.1929419979674486	ac
PAQR3	0.23811079224429543	Unassigned
NAA11	0.4231915428315889	Unassigned
GK2	0.47590719321449104	me2
ANTXR2	0.26617832950074316	ac
PRDM8	0.2326413212655658	me1
FGF5	0.2851552195597806	me2
CFAP299	0.5018005817958087	Unassigned
BMP3	0.5855399066766559	me3
PRKG2	0.5824528757593109	me3
RASGEF1B	0.5972761926198367	me3
HNRNPD	0.34310514062899544	ac
HNRNPDL	0.3298374089425161	ac
ENOPH1	0.33020651004216905	ac
TMEM150C	0.35173749897910256	me3_domain
SCD5	0.349635307559786	me3_domain
SEC31A	0.2624096865115888	ac
THAP9	0.24697436313804033	ac
LIN54	0.24715674380610053	ac
COPS4	0.2639332721667078	ac
PLAC8	0.28710311961397805	me2
COQ2	0.3388934673608349	ac
HPSE	0.3376942851093525	me3_domain
HELQ	0.3318535920992082	me1
MRPS18C	0.3304687427849552	ac
ABRAXAS1	0.32785482951882916	ac
GPAT3	0.3198619447171308	ac
NKX6-1	0.6222746439397937	me3_domain
CDS1	0.6559967613195339	me3
WDFY3	0.648493632794342	Unassigned
ARHGAP24	0.7005919639455633	Unassigned
MAPK10	0.6300828973879178	Unassigned
PTPN13	0.44164836788061745	me2
SLC10A6	0.3685916502980531	me3
C4ORF36	0.3418107731265603	me2
ENSG00000285458	0.3323464482082753	ac
AFF1	0.33244823473124674	ac
KLHL8	0.344240163126748	me1
HSD17B13	0.34097339923565206	me2
HSD17B11	0.3418918579544449	ac
NUDT9	0.3562642009539515	ac
SPARCL1	0.36647103324073904	me2
DSPP	0.437466838842793	Unassigned
DMP1	0.47477228497782276	me3
IBSP	0.5932136715689889	me3
MEPE	0.6064502966517227	me3
SPP1	0.6147180893715365	me3_domain
PKD2	0.6194408155650291	me3
ABCG2	0.6100540188093926	me3
PPM1K	0.578738882711895	ac
HERC6	0.510892831340447	me3
HERC5	0.4720216144147481	me3
PYURF	0.4547040467616835	ac
PIGY	0.4547040467616835	ac
HERC3	0.46394527108845807	ac
NAP1L5	0.4974390161989648	ac
FAM13A	0.5116503449450895	me1
TIGD2	0.4752670780966828	ac
GPRIN3	0.5713024628068983	me2
SNCA	0.7969477815748334	Unassigned
MMRN1	0.7928820820404232	Unassigned
CCSER1	0.8787668796665395	Unassigned
GRID2	0.8409034469019568	Unassigned
ATOH1	0.624800417509352	me3_domain
SMARCAD1	0.40435132180633315	Unassigned
HPGDS	0.367115731505397	Unassigned
PDLIM5	0.39304016878363124	ac
BMPR1B	0.5571080805449988	me3
UNC5C	0.5724716538895784	me2
PDHA2	0.7586713106756869	me2
STPG2	0.7726893305172426	Unassigned
RAP1GDS1	0.5836937794212387	Unassigned
TSPAN5	0.460190119371754	me3
EIF4E	0.3113567491650394	ac
METAP1	0.33903451241777005	me1
ADH5	0.370689807396162	ac
ADH4	0.41666920299293375	me2
ADH6	0.4624822463563034	me3
ADH1A	0.4981640089210093	me2
ADH1B	0.5117014700823004	me2
ADH1C	0.5276941386347233	me2
ADH7	0.576065056998656	Unassigned
C4ORF17	0.6040851943031982	me3
TRMT10A	0.5991995160054617	ac
MTTP	0.5897900312553223	ac
C4ORF54	0.5789688250451879	me3
DAPP1	0.5338913651965012	ac
LAMTOR3	0.524715597551855	ac
DNAJB14	0.5302867752544738	ac
H2AZ1	0.5404517502507667	ac
DDIT4L	0.6770289043192328	me2
EMCN	0.7916139261147811	Unassigned
PPP3CA	0.728668551822609	Unassigned
BANK1	0.7048760411556861	Unassigned
SLC39A8	0.4665542858611277	ac
NFKB1	0.39224074050787183	ac
MANBA	0.3543107803072758	me1
UBE2D3	0.3537384209912048	ac
CISD2	0.3593871112751905	ac
SLC9B1	0.37441675689789267	me2
SLC9B2	0.3931359782860482	ac
BDH2	0.404121982478272	me2
CENPE	0.44346665383708805	Unassigned
TACR3	0.6880524077308142	Unassigned
CXXC4	0.8016367938856012	me2
TET2	0.603636446705702	Unassigned
PPA2	0.6144153034578683	ac
ARHGEF38	0.6197130677358734	me3
INTS12	0.6065960177266096	Unassigned
GSTCD	0.6066760141848604	me1
NPNT	0.6020958227959348	me3
TBCK	0.6602049318902283	ac
AIMP1	0.6603284618445819	ac
GIMD1	0.6561004226960503	me2
DKK2	0.7437622790583129	Unassigned
PAPSS1	0.6064605659939626	me2
SGMS2	0.514881718568956	me3
CYP2U1	0.49962418220868643	me3
HADH	0.489327751080361	me1
LEF1	0.44393073132848404	ac
RPL34	0.46733895744005727	ac
OSTC	0.46439698139181473	ac
ETNPPL	0.4695067974074455	me3_domain
COL25A1	0.4628705337629644	Unassigned
SEC24B	0.36774599336027547	me1
MCUB	0.30845790825211294	me2
CASP6	0.24981647860927692	ac
PLA2G12A	0.2334908926395366	ac
ENSG00000285330	0.2243065552274104	ac
CFI	0.22236682176408384	ac
GAR1	0.2344943702853608	ac
RRH	0.24470350895775228	Unassigned
LRIT3	0.2579342562389363	Unassigned
EGF	0.3140800845973435	Unassigned
ELOVL6	0.35251872177951526	ac
ENPEP	0.4827433744509292	me3
PITX2	0.5764320539638721	me3_domain
FAM241A	0.43654300044522687	ac
AP1AR	0.42359102123414716	ac
TIFA	0.4301080054571399	ac
ALPK1	0.4606943750099951	me3
NEUROG2	0.5209739870433105	me3_domain
ZGRF1	0.5253297130353264	me1
LARP7	0.5213508601369514	ac
ANK2	0.6678932312270225	Unassigned
CAMK2D	0.599957911129853	Unassigned
ARSJ	0.7214619486860159	Unassigned
UGT8	0.7459108872548363	ac
NDST4	0.7943614490971356	Unassigned
TRAM1L1	0.897637393451707	me2
NDST3	0.7474127911372541	Unassigned
PRSS12	0.6419755757397617	Unassigned
METTL14	0.49482113187686805	ac
SEC24D	0.48891619859352553	me1
SYNPO2	0.5276302401121846	me3
MYOZ2	0.552883666144792	me3
USP53	0.5200466360887395	ac
C4ORF3	0.5282349202333659	ac
FABP2	0.5381020138417142	Unassigned
PDE5A	0.6375313481077125	me3
MAD2L1	0.7261452719447425	ac
PRDM5	0.8104567210724758	Unassigned
NDNF	0.7537913446728245	me2
TNIP3	0.6855343774773717	me2
QRFPR	0.6206153453618082	me3
ANXA5	0.4271112934905955	ac
SMIM43	0.3723309369894058	me3_domain
EXOSC9	0.35213198133812096	ac
CCNA2	0.3502798886321732	ac
BBS7	0.35373038739089024	ac
TRPC3	0.38649180930829996	me3_domain
BLTP1	0.437795457365311	Unassigned
ADAD1	0.3700643429016083	Unassigned
IL2	0.3525799489692044	Unassigned
IL21	0.28304688169222747	Unassigned
BBS12	0.2076695596317394	ac
FGF2	0.2140897618275972	me1
NUDT6	0.229892093326161	ac
SPATA5	0.3466135467312229	me1
SPRY1	0.4464217025216668	ac
ANKRD50	0.7507239008721032	ac
FAT4	0.7707894755986282	Unassigned
INTU	0.3583816155551396	Unassigned
SLC25A31	0.32016904847495975	Unassigned
HSPA4L	0.3196102056916019	ac
PLK4	0.3216108108953045	ac
MFSD8	0.306744074882224	ac
ABHD18	0.2863824998256008	ac
LARP1B	0.27922908609648867	ac
PGRMC2	0.2993359651492844	ac
JADE1	0.4527742713942776	ac
SCLT1	0.5066374846966497	Unassigned
C4ORF33	0.5231467125090775	ac
PCDH10	0.8456638730032414	Unassigned
PABPC4L	0.8110471314720755	ac
PCDH18	0.8565959473216272	Unassigned
SLC7A11	0.6076574073784848	ac
NOCT	0.28035216039830646	ac
ELF2	0.25200872908523064	ac
MGARP	0.2503078355074293	ac
NDUFC1	0.25104984114930673	ac
NAA15	0.2585623726458963	ac
RAB33B	0.29269848434769974	ac
SETD7	0.3290205269057619	me3_domain
MGST2	0.38497788539453703	ac
MAML3	0.460296190142952	me3_domain
SCOC	0.5277697451287915	me3
CLGN	0.5772988694816079	me3
MGAT4D	0.608781560590421	me3
ELMOD2	0.6356483230750374	ac
UCP1	0.641462799125152	me3
TBC1D9	0.6540832009537645	me3
RNF150	0.7311836401690206	me2
ZNF330	0.7681856702913126	ac
IL15	0.8270849838843077	Unassigned
INPP4B	0.8094574004656513	Unassigned
USP38	0.5668576469808266	ac
GAB1	0.5123621560951912	ac
SMARCA5	0.4548315369347464	ac
FREM3	0.38930286447739204	me3
GYPE	0.3011420634533247	ac
GYPB	0.27498095846492376	ac
GYPA	0.30898416651131766	ac
ENSG00000285713	0.5383656971793125	me2
HHIP	0.5998808249598395	me3
ANAPC10	0.5854930284186776	Unassigned
ABCE1	0.5320249899518303	ac
OTUD4	0.5057465415601068	ac
SMAD1	0.6006342470013436	me3
MMAA	0.6231650038316294	me2
C4ORF51	0.6624881349815464	me3
ZNF827	0.6537348264369283	me3_domain
LSM6	0.6336449848011894	me1
REELD1	0.6285488665034623	me3_domain
SLC10A7	0.6120572369227292	me2
POU4F2	0.6148141128659925	me3
TTC29	0.6616162288504033	me2
EDNRA	0.6501847626168205	me3
TMEM184C	0.6141833527336704	me1
PRMT9	0.61347754743602	me1
ARHGAP10	0.6865257947820163	me3
NR3C2	0.8159372301354361	me2
IQCM	0.683715347441796	Unassigned
DCLK2	0.34442322808399306	me3
LRBA	0.30920308681168596	me1
MAB21L2	0.3646132419595872	ac
RPS3A	0.21607215676004254	ac
SH3D19	0.291681940906946	me3
PRSS48	0.3433247469847498	me3
FHIP1A	0.504495028383547	me3
GATB	0.5617854494198606	me1
FBXW7	0.45501361828438003	Unassigned
TMEM154	0.4274573126533031	me3_domain
TIGD4	0.44053244138189385	me3_domain
ARFIP1	0.44061180021766266	Unassigned
FHDC1	0.42541163519328795	me3_domain
TRIM2	0.37532468114991613	me3_domain
ENSG00000288637	0.3566438714904967	me3_domain
MND1	0.30818438516707414	ac
TMEM131L	0.3348897479778433	me1
TLR2	0.397168421241754	me3
RNF175	0.4212545531552021	me3
SFRP2	0.4522120524572897	me3_domain
DCHS2	0.47269973011454003	ac
PLRG1	0.4602601036835833	ac
FGB	0.4591589233682499	me2
FGA	0.46005523699348405	me2
FGG	0.46382234696331426	me3
LRAT	0.5169548482604993	me3
RBM46	0.6254886695636637	Unassigned
NPY2R	0.7983445913817158	me2
MAP9	0.7970435401427864	Unassigned
GUCY1A1	0.8222427978919672	Unassigned
GUCY1B1	0.8218336322918066	Unassigned
ASIC5	0.8169979829432152	Unassigned
TDO2	0.8077651687531892	Unassigned
CTSO	0.7946859912692392	Unassigned
PDGFC	0.8280678065228149	Unassigned
GLRB	0.8475101086888079	Unassigned
GRIA2	0.8296980962220544	Unassigned
GASK1B	0.5938682762733374	me2
TMEM144	0.547467738910058	ac
RXFP1	0.4506086144178546	me2
C4ORF46	0.37191969169126304	ac
ETFDH	0.3728382802334713	ac
PPID	0.3741049612303847	ac
FNIP2	0.357927106550854	me1
C4ORF45	0.35281978373755674	me2
RAPGEF2	0.36571523250901083	ac
FSTL5	0.7552147752997078	Unassigned
NAF1	0.4746722715687286	ac
NPY1R	0.523246055597097	me3
NPY5R	0.5280585989867193	me3_domain
TKTL2	0.5619082046779779	me3
TMA16	0.5698478490215833	ac
MARCHF1	0.7442861198742079	Unassigned
SMIM31	0.706441763710602	me3
APELA	0.6651552196065438	me2
TRIM61	0.645790792198356	me3
TRIM60	0.6205286810703878	me3_domain
TRIM75	0.6022452113736605	me3_domain
TMEM192	0.5618491276915416	me3
KLHL2	0.588772988518752	me1
GK3	0.5984940229011784	me1
MSMO1	0.5938905418799247	ac
CPE	0.5856363334694138	me3
TLL1	0.8070563000717998	Unassigned
SPOCK3	0.9035515803258447	Unassigned
ANXA10	0.8265769826145477	Unassigned
DDX60	0.813073916078065	Unassigned
DDX60L	0.7925378500514472	me2
PALLD	0.7101698488348435	me3
CBR4	0.6360826176777561	Unassigned
SH3RF1	0.5675577541181425	me3
NEK1	0.5272628188158914	Unassigned
CLCN3	0.4897843391016	ac
HPF1	0.42473443038720415	me1
MFAP3L	0.5705791642164243	me3
AADAT	0.5848557389980675	me2
GALNTL6	0.6631154294379222	Unassigned
GALNT7	0.3871542625033647	ac
HMGB2	0.3881768127095385	ac
SAP30	0.3993511434071312	ac
SCRG1	0.40719804313700037	me2
HAND2	0.45206413158763425	ac
FBXO8	0.5724705057261602	ac
CEP44	0.5864311280518493	ac
HPGD	0.6132294709722288	ac
GLRA3	0.6396560614301419	ac
ADAM29	0.7207745769992464	Unassigned
GPM6A	0.8330874716295271	Unassigned
WDR17	0.7676509539594402	Unassigned
SPATA4	0.7614599981647134	me3
ASB5	0.7527991256626684	me3
SPCS3	0.7259988074360124	ac
VEGFC	0.8405128248859574	Unassigned
NEIL3	0.6792006583833198	me1
AGA	0.6682433792254026	ac
TENM3	0.6202109900193623	me3
DCTD	0.3546747742824724	ac
WWC2	0.3606840171244612	me1
CLDN22	0.37529303486181353	me1
CLDN24	0.3754980375160314	me2
CDKN2AIP	0.4056862938531416	ac
ING2	0.42044283132375393	ac
RWDD4	0.43108426159475677	ac
TRAPPC11	0.44390217596304515	me1
STOX2	0.5333856832169392	me3_domain
ENPP6	0.4619249251466446	me3_domain
IRF2	0.37964799086507595	me1
CASP3	0.3826032706462419	ac
PRIMPOL	0.38074145985023866	me1
CENPU	0.37375696080361154	me1
ACSL1	0.3553857427467778	me2
HELT	0.3705748279210327	me3_domain
SLC25A4	0.37087866081603427	me1
CFAP97	0.3799412093928095	ac
SNX25	0.3914372698143457	me1
LRP2BP	0.4010804697529551	ac
ANKRD37	0.4074933835749279	ac
UFSP2	0.414822915672878	ac
C4ORF47	0.42771353461723194	ac
CCDC110	0.43990610226519133	me3_domain
PDLIM3	0.4718042802965512	me3_domain
SORBS2	0.5962006658202241	me3_domain
TLR3	0.6209301501985806	me3_domain
FAM149A	0.6229329120665856	me3_domain
CYP4V2	0.6293107515848136	ac
ENSG00000290316	0.6274191710015364	me3
KLKB1	0.6265849306228852	me3_domain
F11	0.6204794680751495	me3_domain
ENSG00000272297	0.5583206616763772	me2
MTNR1A	0.5320032497479799	me3_domain
FAT1	0.4815880419293276	me1
ZFP42	0.8270111022138465	me2
TRIML2	0.847472414464258	me3
TRIML1	0.8398051712957105	me2
FRG1	0.7103527263006528	ac
FRG2	0.6613516232802549	me3
DUX4		me1
PLEKHG4B	0.46092245026154044	me3_domain
LRRC14B	0.4456967923412585	me3_domain
CCDC127	0.4447460797003566	me1
ENSG00000286001	0.4493876801603467	me1
SDHA	0.44606503222555605	ac
PDCD6	0.4524445283596147	me1
PDCD6-AHRR	0.44212210361382775	me3_domain
AHRR	0.43964012875042957	me3_domain
EXOC3	0.4099206428949508	me1
SLC9A3	0.4003050080797551	me3_domain
CEP72	0.419231414522918	me1
TPPP	0.4225952667581111	me2
ZDHHC11B	0.42083310160900156	me3
ZDHHC11	0.4138944949152128	me3_domain
BRD9	0.404897271072865	me1
TRIP13	0.3958762547965826	me1
NKD2	0.38196598976703133	me3_domain
SLC12A7	0.3846309076702784	me3_domain
SLC6A19	0.37334543141872556	me2
SLC6A18	0.3708051121899021	me3_domain
TERT	0.37161333669126373	me3_domain
CLPTM1L	0.38558824115837675	me1
SLC6A3	0.4148690175724151	me3_domain
LPCAT1	0.4215841566562224	me1
MRPL36	0.507511926973842	ac
NDUFS6	0.5118552785272747	ac
IRX4	0.5579213535212977	me3_domain
IRX2	0.7981595931268796	me2
IRX1	0.8130593787441149	me3_domain
ADAMTS16	0.690098429866277	me3
ICE1	0.6877291081348418	ac
MED10	0.5617591719455179	ac
UBE2QL1	0.5003884442268798	me3_domain
NSUN2	0.46314473276143364	ac
SRD5A1	0.45950405501481983	ac
TENT4A	0.44941677271113634	me1
ADCY2	0.6850872433401203	me3
CFAP90	0.6341028559931691	me3_domain
MTRR	0.6255939738076057	ac
FASTKD3	0.6270686794771563	ac
SEMA5A	0.7007173447815866	me2
TAS2R1	0.5528219989224661	me2
ATPSCKMT	0.18477615480842513	ac
CCT5	0.1783835637111324	ac
CMBL	0.17511502826752268	ac
MARCHF6	0.20510728131962952	ac
ROPN1L	0.23164254906230042	me3_domain
ANKRD33B	0.28340199561917245	me2
DAP	0.33485086842202105	me1
CTNND2	0.6690774794699146	me2
DNAH5	0.6043816235350438	me2
TRIO	0.5421520004324657	me3_domain
OTULINL	0.5502724949912187	me3
OTULIN	0.5520359422146757	me1
ANKH	0.5402240846047442	me3_domain
FBXL7	0.7885620566132219	Unassigned
MARCHF11	0.7257797984842762	me2
ZNF622	0.6245222667099496	ac
RETREG1	0.6525016988120187	me3_domain
MYO10	0.7430487827380841	me3
BASP1	0.7885261683798034	me2
LINC02218	0.8375414568037753	me2
H3Y2	0.847614589338619	me2
H3Y1	0.897349895050018	me2
CDH18	0.853007657007319	Unassigned
CDH12	0.8717199140339248	Unassigned
PRDM9	0.8585693237045181	Unassigned
CDH10	0.8780583848639321	Unassigned
CDH9	0.8621984039719328	Unassigned
CDH6	0.5065408295633471	me2
DROSHA	0.4854135359488163	me1
C5ORF22	0.48558015665508625	ac
PDZD2	0.46965364373224605	me3_domain
GOLPH3	0.3522434196025179	ac
MTMR12	0.3496899470587711	me1
ZFR	0.3355565808265153	me1
SUB1	0.44050858692706474	me3
NPR3	0.5451879603349377	me3
TARS1	0.5988238618575344	ac
ADAMTS12	0.61947417729074	me3
RXFP3	0.5785811668760946	me3_domain
SLC45A2	0.5765483553758148	me3
AMACR	0.576844475919928	ac
C1QTNF3-AMACR	0.5867227237657617	me2
ENSG00000289791	0.5771876425505436	ac
C1QTNF3	0.5802673560640559	me2
RAI14	0.4202256389398277	me1
TTC23L	0.3835332367156076	me2
RAD1	0.3778622350414351	ac
BRIX1	0.37925959353901895	ac
DNAJC21	0.3876443008541285	ac
AGXT2	0.44033132487757687	me3_domain
PRLR	0.5244085043683651	me3
SPEF2	0.6815678114275899	Unassigned
IL7R	0.6630339397783199	me2
CAPSL	0.6371394052639805	me2
UGT3A1	0.5972424690833377	me3
UGT3A2	0.549453458574056	me3
LMBRD2	0.5442719712396679	ac
SKP2	0.5500291550653051	ac
NADK2	0.5488602096795026	ac
RANBP3L	0.5390495265113984	Unassigned
SLC1A3	0.5208662473509775	me3_domain
NIPBL	0.4507915238900524	ac
CPLANE1	0.37131919135426483	me3_domain
NUP155	0.3450840068046209	ac
WDR70	0.3991589986220332	me1
GDNF	0.4556322501290313	me3_domain
EGFLAM	0.6252131018796898	me3
LIFR	0.6545094806942511	me3_domain
OSMR	0.5699477651767915	me3
RICTOR	0.5453631191210212	ac
FYB1	0.5503182895867544	ac
C9	0.608014865840607	me2
DAB2	0.6379014167584331	ac
TTC33	0.33643821183813083	me2
PTGER4	0.3116292149859251	me2
PRKAA1	0.25708505936159876	ac
RPL37	0.24890653130129603	ac
CARD6	0.2544875530229863	ac
C7	0.3269633874789045	me2
MROH2B	0.3672866319247656	me2
C6	0.47687114279297016	Unassigned
PLCXD3	0.6091567771372974	Unassigned
OXCT1	0.5406424128117171	ac
RIMOC1	0.517584901477103	ac
FBXO4	0.5201302057291317	ac
GHR	0.5721455199134117	me2
CCDC152	0.42565192626691173	me2
SELENOP	0.3796743561821355	me2
ANXA2R	0.2778286652779376	ac
ZNF131	0.28031903730101504	ac
NIM1K	0.2903276744328417	me2
HMGCS1	0.283645540645162	ac
CCL28	0.2937415501308186	me2
TMEM267	0.2977782840575348	ac
C5ORF34	0.29383314157568885	ac
PAIP1	0.289676267617216	ac
NNT	0.32005317486329854	ac
FGF10	0.7416340075410552	Unassigned
MRPS30	0.7536787523762611	ac
HCN1	0.866786522727561	Unassigned
EMB	0.8431260696301598	Unassigned
PARP8	0.843740736367522	Unassigned
ISL1	0.866759587026017	me2
PELO	0.6459833069956722	ac
ITGA1	0.6350562338555498	Unassigned
ITGA2	0.5700427774896961	me3_domain
MOCS2	0.5380270982778882	ac
FST	0.41579399463990374	me3_domain
NDUFS4	0.41718546699130565	Unassigned
ARL15	0.5305098080148232	me1
HSPB3	0.47418569402370947	ac
SNX18	0.46489405375727866	me2
ESM1	0.4572739527150511	me3
GZMK	0.4474156361005499	me3
GZMA	0.41835029183218564	Unassigned
CDC20B	0.40523031482640004	me3_domain
GPX8	0.39850066462150724	me3_domain
MCIDAS	0.3822167011240064	ac
CCNO	0.38052654801540575	me3_domain
DHX29	0.3783289452068259	ac
MTREX	0.4017743979681305	Unassigned
PLPP1	0.43846192473959633	me3_domain
SLC38A9	0.44571538871843364	Unassigned
DDX4	0.43796950947016067	me3_domain
IL31RA	0.3898552734158073	me3_domain
IL6ST	0.3436582712644445	me1
ANKRD55	0.3967113424916152	me2
MAP3K1	0.4518086880153759	ac
SETD9	0.44827258272866144	ac
MIER3	0.4434762719036279	Unassigned
GPBP1	0.38427419167201393	ac
ACTBL2	0.5549581772739408	me3
PLK2	0.7090848252626063	Unassigned
GAPT	0.7061546476586507	Unassigned
RAB3C	0.7335702941051665	Unassigned
PDE4D	0.673363285327399	Unassigned
DEPDC1B	0.46905668209829865	me1
ELOVL7	0.45777797738685033	me2
ERCC8	0.4554122466076338	Unassigned
NDUFAF2	0.47141467359486033	Unassigned
SMIM15	0.48996534953320003	ac
ZSWIM6	0.5259266123671569	Unassigned
KIF2A	0.22468466854390035	ac
ENSG00000288643	0.25584508568242637	ac
DIMT1	0.23284860509694383	ac
IPO11	0.2908183062125609	ac
LRRC70	0.3135504597892046	Unassigned
HTR1A	0.7276570475926668	me2
RNF180	0.6916754751411927	Unassigned
RGS7BP	0.5875099868430947	me2
SHISAL2B	0.5354677893223192	me3
SREK1IP1	0.5188800535344684	ac
CWC27	0.43743365219146213	ac
ADAMTS6	0.4317176525870413	Unassigned
CENPK	0.3901580719260752	ac
PPWD1	0.37871385239948263	ac
TRIM23	0.36415651168330265	ac
TRAPPC13	0.3466938469534676	ac
SHLD3	0.35494264037254686	ac
SGTB	0.3268056681717836	ac
NLN	0.3150164494740382	me1
ERBIN	0.2880382557151391	ac
SREK1	0.32093763720007773	ac
MAST4	0.5232450171189245	Unassigned
CD180	0.5318709950649751	me3_domain
PIK3R1	0.38418078088484675	Unassigned
SLC30A5	0.2575655095269751	ac
CCNB1	0.23129191849905184	ac
CENPH	0.22381965908284485	ac
MRPS36	0.21985434325402042	ac
CDK7	0.21892010145580487	ac
CCDC125	0.22707741115854807	me1
AK6	0.2508941095688315	ac
TAF9	0.2542482270247999	ac
RAD17	0.2702518345708219	ac
MARVELD2	0.2907290689544889	Unassigned
OCLN	0.30019625740661016	me3_domain
GTF2H2C	0.36099171709995825	Unassigned
SERF1B	0.28266325306261697	me1
SMN2	0.3706507047538635	Unassigned
SERF1A	0.6116809881050758	Unassigned
SMN1	0.5946429622610485	Unassigned
NAIP	0.46814791002848244	Unassigned
GTF2H2	0.36465318937034774	Unassigned
BDP1	0.3194806183925022	Unassigned
MCCC2	0.3334650767290387	ac
CARTPT	0.35789275666493336	me3_domain
MAP1B	0.4096936594791737	me1
MRPS27	0.427662864672953	ac
PTCD2	0.42539470365560694	me1
ZNF366	0.4361388070454163	me2
TNPO1	0.37746182046033605	Unassigned
FCHO2	0.4137569553719481	Unassigned
TMEM171	0.4423702405498421	me3_domain
TMEM174	0.4558143667429837	me3_domain
FOXD1	0.4025979586244083	me3_domain
BTF3	0.3984619458501044	ac
ANKRA2	0.4207479305586148	ac
UTP15	0.42908008527901775	ac
ARHGEF28	0.511902526973568	Unassigned
ENC1	0.47827458178523186	me3_domain
HEXB	0.4683500678398089	me3
GFM2	0.47714207087274463	Unassigned
NSA2	0.49072720762167865	ac
FAM169A	0.5161154466445779	me3
GCNT4	0.5428607144621294	me3_domain
ANKRD31	0.5010483472824472	Unassigned
HMGCR	0.44259785490082904	ac
CERT1	0.4162719376222249	me1
POLK	0.3650458755490035	ac
ANKDD1B	0.34535910270433134	ac
POC5	0.35170484871851715	ac
SV2C	0.4212608555687911	me3_domain
IQGAP2	0.356855731682559	me1
F2RL2	0.3563664051710198	me2
F2R	0.3287736846709488	me1
F2RL1	0.3311686360207168	me3_domain
S100Z	0.35830667586247855	ac
CRHBP	0.4070830008193689	me3_domain
AGGF1	0.46354032194206374	Unassigned
ENSG00000285000	0.48058570076989127	Unassigned
ZBED3	0.472489227242221	me2
ENSG00000284762	0.5163264954367955	me3_domain
PDE8B	0.5245803175197283	me3_domain
WDR41	0.5136388505428388	Unassigned
OTP	0.49865949198367954	me3_domain
TBCA	0.4762809555598819	Unassigned
AP3B1	0.40613857795710295	Unassigned
SCAMP1	0.3312418803835361	Unassigned
LHFPL2	0.33814282273880014	me2
ARSB	0.4058103842843549	Unassigned
DMGDH	0.41231029423247134	me3_domain
BHMT2	0.4195446517748077	me3_domain
BHMT	0.41584574324680657	me3_domain
JMY	0.39692639193460666	me1
HOMER1	0.3332743876334563	Unassigned
TENT2	0.3141488568097368	ac
CMYA5	0.34370543357778915	Unassigned
MTX3	0.4397556812617375	Unassigned
THBS4	0.4437217402428907	me3_domain
SERINC5	0.4439011009485614	me2
SPZ1	0.39672350711004567	me3_domain
ZFYVE16	0.4092261157751744	ac
FAM151B	0.41073698714712903	Unassigned
ANKRD34B	0.41195913579269283	me3_domain
DHFR	0.4419456302787165	me1
MSH3	0.48193390737927166	me1
RASGRF2	0.4731075517868386	me3_domain
CKMT2	0.4388502839070314	me2
ZCCHC9	0.41521919220777403	ac
ACOT12	0.4019323172857926	me3_domain
SSBP2	0.35729226818897564	Unassigned
ATG10	0.34305089036362313	Unassigned
RPS23	0.38276588296191916	ac
TMEM167A	0.6513601318832656	ac
XRCC4	0.6908688902757393	Unassigned
VCAN	0.6154225905886421	me3
HAPLN1	0.6557974886292526	Unassigned
EDIL3	0.8596296570453155	Unassigned
COX7C	0.7060521415795535	ac
RASA1	0.4972574195191537	ac
CCNH	0.5151891018912433	ac
TMEM161B	0.6283920873153632	ac
MEF2C	0.44775978860969534	ac
CETN3	0.2675408996549057	ac
MBLAC2	0.21597081627096704	ac
POLR3G	0.19961059187358687	ac
LYSMD3	0.18509503790130766	ac
ADGRV1	0.28358255349457917	ac
ARRDC3	0.35612414527533653	ac
NR2F1	0.6506352044229453	me3_domain
FAM172A	0.7596608213597704	Unassigned
POU5F2	0.762679844959854	me2
KIAA0825	0.6759191258875874	Unassigned
SLF1	0.6247250933208317	Unassigned
MCTP1	0.5483780921265368	me3
FAM81B	0.3354093483125906	me3_domain
SKIC3	0.27443354073544346	ac
ARSK	0.23274328153925583	ac
GPR150	0.21344755956639783	me2
RFESD	0.19937891282756237	ac
SPATA9	0.1970134990515393	ac
RHOBTB3	0.19677352069195342	ac
GLRX	0.19976757639240095	ac
ELL2	0.2779942231391881	ac
PCSK1	0.5086637508879841	me3
CAST	0.4225742608117974	ac
ERAP1	0.3489295267140726	ac
ERAP2	0.3247734152642834	ac
LNPEP	0.33201596905627584	ac
LIX1	0.3774573250639236	Unassigned
RIOK2	0.4070585799116273	ac
RGMB	0.44373063192264783	me3
CHD1	0.3629204714721098	ac
FAM174A	0.8089206051686468	Unassigned
ST8SIA4	0.7871294159908319	Unassigned
SLCO4C1	0.7282193832189321	Unassigned
SLCO6A1	0.7124219677116418	Unassigned
PAM	0.556794270242297	me3
GIN1	0.47533729488590826	ac
PPIP5K2	0.4552054144257487	ac
MACIR	0.48018485239492403	ac
NUDT12	0.620393597419465	ac
EFNA5	0.7179812335143263	me2
FBXL17	0.6717623406542115	Unassigned
FER	0.45599146517907807	Unassigned
PJA2	0.42104724186935505	ac
MAN2A1	0.5545399077648231	ac
TMEM232	0.6782768014389791	Unassigned
SLC25A46	0.6674902650718442	ac
TSLP	0.6136505772664569	me3
WDR36	0.6107033717010344	ac
CAMK4	0.6572657033215329	me3
STARD4	0.6595606773694538	ac
NREP	0.6886868457562024	me2
EPB41L4A	0.5353578537018743	me3
APC	0.31743405778158307	me1
ENSG00000258864	0.32833299825153395	ac
SRP19	0.32722844728075084	me1
REEP5	0.3236035880323166	me1
DCP2	0.30769597593178555	ac
MCC	0.4350517880928174	me3_domain
TSSK1B	0.5082794576250331	me3_domain
YTHDC2	0.5462440458754194	Unassigned
KCNN2	0.7979167848057318	Unassigned
TRIM36	0.6500103287535601	me3
PGGT1B	0.6152764077744362	me1
CCDC112	0.6093012096411032	me2
FEM1C	0.5929056581884062	ac
TICAM2	0.5963817544369754	ac
TMED7-TICAM2	0.5991754766295265	ac
TMED7	0.6040675153164674	ac
CDO1	0.6292782638985366	me3_domain
ATG12	0.6300518352494473	ac
AP3S1	0.6255212088082394	ac
LVRN	0.6006307514280537	me3
ARL14EPL	0.604708434634665	me3
COMMD10	0.6741441549730529	me2
SEMA6A	0.6808300869280006	me3
DTWD2	0.3578369665936093	me2
DMXL1	0.30229865669378797	ac
TNFAIP8	0.2579490831143241	ac
HSD17B4	0.32667944833462015	me2
FAM170A	0.37489323498803995	me3
PRR16	0.7941067223091396	ac
FTMT	0.6496014130310934	me2
SRFBP1	0.5972347765661251	me1
LOX	0.5821663627951439	me2
ZNF474	0.5658519878007973	me2
ENSG00000250803	0.5658460620878406	me2
SNCAIP	0.5957828172404847	me3
SNX2	0.4899168213318227	me1
SNX24	0.5342164677663523	me2
PPIC	0.5544004443443491	me3
PRDM6	0.567247226348749	me3_domain
CEP120	0.5869847739802159	ac
CSNK1G3	0.5876751587480568	ac
ZNF608	0.4722056473440176	ac
GRAMD2B	0.3778140210252524	me2
ALDH7A1	0.28848919902771675	me3_domain
PHAX	0.2624952487392782	me1
TEX43	0.25489081249442147	me2
LMNB1	0.26544857592395776	ac
MARCHF3	0.309319308889224	me1
C5ORF63	0.3469722774778764	ac
MEGF10	0.5257969744451529	me3
PRRC1	0.5658838569205368	ac
CTXN3	0.5871834441548514	me3
CCDC192	0.6127267321983578	me3
SLC12A2	0.6571652060541374	me1
FBN2	0.711553223374532	Unassigned
SLC27A6	0.6218706283295933	Unassigned
ISOC1	0.5181585580385648	ac
ADAMTS19	0.7181582041793803	Unassigned
MINAR2	0.742270451394256	Unassigned
CHSY3	0.7797995234586278	Unassigned
HINT1	0.29410218470249594	ac
LYRM7	0.2934320489228598	ac
CDC42SE2	0.32463439394926885	ac
RAPGEF6	0.37294700034719197	me1
ENSG00000273217	0.3564599211028532	me1
FNIP1	0.3340612138958804	ac
MEIKIN	0.3130637570254371	Unassigned
ENSG00000281938	0.30680246657287535	me2
ACSL6	0.29373072973700265	me2
IL3	0.2560970568159937	me2
CSF2	0.249676807929185	me1
P4HA2	0.21186858471054648	me1
PDLIM4	0.21324686845835983	me1
SLC22A4	0.2175007000541873	ac
SLC22A5	0.21553781916050907	me1
ENSG00000283782	0.21172907958009557	ac
IRF1	0.2148633684229838	ac
IL5	0.2155965500790069	ac
RAD50	0.20660789181521477	ac
IL13	0.19545032019817388	me1
IL4	0.1937915226629272	me1
KIF3A	0.1954866938965436	me1
CCNI2	0.2001660695223021	me1
SEPTIN8	0.20451315795469083	ac
SOWAHA	0.208178323088681	me1
SHROOM1	0.20858457450494006	ac
GDF9	0.2076250349422628	ac
UQCRQ	0.20745638172251601	ac
LEAP2	0.20700565216498246	me1
AFF4	0.20339103740804676	ac
ZCCHC10	0.20096218497078833	ac
HSPA4	0.21366189707807526	ac
FSTL4	0.41917160217502036	me3_domain
C5ORF15	0.2907005490600284	ac
VDAC1	0.2829014020242875	ac
TCF7	0.2868059588594172	me1
SKP1	0.28720202345524504	ac
ENSG00000272772	0.2842033126399217	ac
PPP2CA	0.2817245895335536	ac
ENSG00000273345	0.2597982664040539	Unassigned
CDKL3	0.24504135194935217	Unassigned
UBE2B	0.23240635914296903	ac
CDKN2AIPNL	0.2305284111599193	me1
JADE2	0.2396753673949097	me1
SAR1B	0.2186653340011533	ac
SEC24A	0.19747071318827192	ac
CAMLG	0.19084186667123815	ac
DDX46	0.2055903573751603	ac
C5ORF24	0.2209362774320921	ac
TXNDC15	0.23072255402718012	me1
PCBD2	0.23430705594397339	me1
CATSPER3	0.23198778562755962	me2
PITX1	0.22728354134890116	ac
MACROH2A1	0.2912409240555256	me1
DCANP1	0.3174567945450364	me2
TIFAB	0.3180706381813465	me2
SLC25A48	0.42871495018850037	me3_domain
NEUROG1	0.3358855658896236	me3_domain
CXCL14	0.3525020636316265	me3_domain
IL9	0.5362271562465073	me3
LECT2	0.5240499335585669	Unassigned
TGFBI	0.46162581766142463	me3_domain
SMAD5	0.4685161173552115	me1
SMIM32	0.48704008230517215	me3_domain
TRPC7	0.5399774373729294	me3
SPOCK1	0.5786753201391281	me2
KLHL3	0.44575310208187613	me3
HNRNPA0	0.38574245509435623	ac
MYOT	0.3578220396540648	Unassigned
PKD2L2	0.35846993710383745	ac
FAM13B	0.3355844420935661	ac
WNT8A	0.2945428063194093	me3_domain
NME5	0.28149986363706503	me3_domain
BRD8	0.2731777078039964	ac
KIF20A	0.2673546579218936	ac
CDC23	0.26273158618963877	Unassigned
GFRA3	0.24326586392852934	me3_domain
CDC25C	0.22161242357587807	ac
FAM53C	0.2069968194375491	ac
KDM3B	0.18420708032989097	ac
REEP2	0.17560510025700637	me1
EGR1	0.1801363161551519	ac
ETF1	0.20540622542449027	ac
HSPA9	0.22567157194460463	ac
CTNNA1	0.33416134041336665	Unassigned
LRRTM2	0.3633566026964198	Unassigned
SIL1	0.27156891149202866	me2
MATR3	0.2003035615501837	ac
PAIP2	0.19970910738072123	ac
SLC23A1	0.20132004437902185	me1
MZB1	0.20237021756205154	me1
PROB1	0.20269368627511197	me1
SPATA24	0.20327754140920762	me1
DNAJC18	0.20540632643243062	me1
ENSG00000279686	0.2105352951031838	me1
ECSCR	0.21289728728475021	me1
SMIM33	0.2174710476343651	me1
STING1	0.21912753593520184	ac
UBE2D2	0.22979705528699068	ac
CXXC5	0.2109108814192081	ac
PSD2	0.23072004493112974	me3_domain
NRG2	0.2991341365363682	me3_domain
PURA	0.2827896422238535	ac
IGIP	0.27798606338364007	Unassigned
CYSTM1	0.2344168002506979	ac
PFDN1	0.21619803539615545	me1
HBEGF	0.20538012855332866	me2
SLC4A9	0.20948885687796248	me2
ANKHD1	0.2399782420723935	ac
ANKHD1-EIF4EBP3	0.24063114883085024	ac
SRA1	0.2477563045643656	ac
EIF4EBP3	0.24780550176447091	ac
APBB3	0.24518609735094432	me1
SLC35A4	0.24429412636727377	ac
CD14	0.23336454682104757	me2
NDUFA2	0.23347777197045394	ac
TMCO6	0.23339617165515436	ac
IK	0.23436448762995066	ac
WDR55	0.23683116511549185	ac
DND1	0.23768848527085995	me1
HARS1	0.24072289644898637	ac
HARS2	0.24507137289988445	ac
ZMAT2	0.24820621044505797	ac
PCDHA1	0.37292350733351975	me2
PCDHA2	0.3762076047443873	me2
PCDHA3	0.3786978748501959	me2
PCDHA4	0.38126390927569476	me2
PCDHA5	0.3856865642775855	me2
PCDHA6	0.38758055299162797	me2
PCDHA7	0.3895878286538442	me2
PCDHA8	0.39197236962455806	me2
PCDHA9	0.39442009043259063	me2
PCDHA10	0.39771642466770585	me2
PCDHA11	0.4034180335090991	me2
PCDHA12	0.4066253128546833	me2
PCDHA13	0.4082287597872498	me2
PCDHAC1	0.4254469326048851	me2
PCDHAC2	0.4402218487692806	me2
PCDHB1	0.4770414134409998	Unassigned
PCDHB2	0.4927748716884034	me3
PCDHB3	0.4944307369052612	me3
PCDHB4	0.5009394240170977	me3
PCDHB5	0.5044443890318578	me3
PCDHB6	0.5079118630362582	me3
PCDHB7	0.5121566439680911	me3
PCDHB8	0.5128308284810383	me3_domain
PCDHB16	0.5133792114257811	me3
PCDHB9	0.5140916499326502	me3
PCDHB10	0.5144465625394348	me3
PCDHB11	0.5149387670476386	me2
PCDHB12	0.5151884159342448	me3
PCDHB13	0.5151539868164565	me3
PCDHB14	0.5147954685872433	me3
ENSG00000279983	0.5139838292536592	me3
PCDHB15	0.512440136172982	me3
TAF7	0.5010364124581741	me2
SLC25A2	0.49730671837130525	me2
PCDHGA1	0.44387355178378574	me3
PCDHGA2	0.4422997709957702	me3
PCDHGA3	0.44125662516256126	me3
PCDHGB1	0.43987704788117377	me3
PCDHGA4	0.4387178162975237	me3
PCDHGB2	0.43747130820088365	me3
PCDHGA5	0.4363628325734946	me3
PCDHGB3	0.43463057502754543	me3
PCDHGA6	0.4335187319121726	me3
PCDHGA7	0.43056604105344787	me3
PCDHGB4	0.4293211570007195	me3
PCDHGA8	0.42865230549022515	me3
PCDHGB5	0.4267332387323399	me3
PCDHGA9	0.4254884304001795	me3_domain
PCDHGB6	0.42400923341768415	me3_domain
PCDHGA10	0.42284723691789217	me3_domain
PCDHGB7	0.4216484196885085	me3_domain
PCDHGA11	0.42069691570875467	me3_domain
PCDHGA12	0.4182565428277041	me3
PCDHGC3	0.4054478521252869	me3_domain
PCDHGC4	0.4028755773731696	me3_domain
PCDHGC5	0.4016340381632274	me3_domain
DIAPH1	0.3582901871051283	ac
HDAC3	0.32327075084921364	ac
RELL2	0.31979632304351	ac
FCHSD1	0.31746887943971314	me1
ARAP3	0.3124408483808966	me1
PCDH1	0.33531279265724745	me3_domain
DELE1	0.3299933434536426	ac
PCDH12	0.3215073101464623	me3_domain
RNF14	0.31404477614222825	ac
GNPDA1	0.2996521626862918	ac
NDFIP1	0.2699061083463056	ac
SPRY4	0.330683927276717	ac
FGF1	0.4256184880003896	me3_domain
ARHGAP26	0.46397758278245116	me3
NR3C1	0.37826642961759604	ac
HMHB1	0.6447033569252906	me3
YIPF5	0.6510092885381822	ac
KCTD16	0.7253008098397693	Unassigned
PRELID2	0.4364225200220134	me2
GRXCR2	0.3385881220958705	me3
SH3RF2	0.298846487732208	me3
PLAC8L1	0.2700970572371604	me3
LARS1	0.2619367078176844	ac
ENSG00000275740	0.2624185598953125	me3
RBM27	0.2533854939134408	ac
POU4F3	0.2852824141004704	me3_domain
TCERG1	0.3547522013437089	ac
GPR151	0.3671438201138907	Unassigned
PPP2R2B	0.5699823761589953	me2
STK32A	0.7146012638474155	Unassigned
DPYSL3	0.73690045665989	me2
JAKMIP2	0.7558186981886509	Unassigned
SPINK1	0.7521940798229642	Unassigned
SCGB3A2	0.726441096009301	me3
C5ORF46	0.7165130635280279	me2
SPINK5	0.6775465136302163	Unassigned
SPINK14	0.6573168046160858	Unassigned
SPINK6	0.6373759927395151	Unassigned
MARCOL	0.6231106980509985	Unassigned
SPINK13	0.5971335115850684	me2
SPINK7	0.5785251551368944	me2
SPINK9	0.5710755989831822	me2
FBXO38	0.534695751586622	me1
HTR4	0.4896333350707165	me2
ADRB2	0.4964744688148638	me3_domain
SH3TC2	0.46283482812978516	me3
ABLIM3	0.3500250541414225	me3_domain
AFAP1L1	0.28645159052023683	me3_domain
GRPEL2	0.26617638336055405	ac
PCYOX1L	0.2603078462446965	ac
IL17B	0.2501466139367752	me2
CSNK1A1	0.21960235694009456	ac
ARHGEF37	0.24997207367331897	ac
PPARGC1B	0.2858633832314659	me1
PDE6A	0.24723749320166588	ac
SLC26A2	0.26177684355222997	me1
TIGD6	0.2720218722882002	ac
HMGXB3	0.2873110516751727	ac
CSF1R	0.31295946012049225	me3_domain
PDGFRB	0.32788155387056817	me3_domain
CDX1	0.3320374976011341	me3_domain
SLC6A7	0.3282599418105082	me3_domain
CAMK2A	0.3075819406891326	me3_domain
ARSI	0.26567024300612774	me3_domain
TCOF1	0.22668760126422716	me1
CD74	0.2128883145053263	me2
RPS14	0.2031316627817783	ac
NDST1	0.20947149332208292	me1
SYNPO	0.25162958778945466	me3_domain
MYOZ3	0.2626493107315183	me3_domain
RBM22	0.26402974841401616	ac
DCTN4	0.25984190421694164	ac
SMIM3	0.25332476485352173	me2
IRGM	0.26708910619975823	me2
ZNF300	0.2749602804585437	ac
GPX3	0.2985602937167846	me1
TNIP1	0.3013908015447698	me1
ANXA6	0.2981071715726994	me2
CCDC69	0.2877610316176805	ac
GM2A	0.29218425611373944	ac
SLC36A3	0.3137944538331702	me3_domain
SLC36A2	0.344496820837606	me3_domain
SLC36A1	0.40711958525785863	me1
FAT2	0.3981180527698749	me3_domain
SPARC	0.37506026246576074	me3_domain
ATOX1	0.37132343456105665	ac
G3BP1	0.379061372956046	ac
GLRA1	0.4060651215633355	me2
NMUR2	0.619889341385824	Unassigned
GRIA1	0.6286929323918595	me2
FAM114A2	0.42877173629678045	ac
MFAP3	0.4074781181517786	me3_domain
GALNT10	0.3897353819138908	me1
SAP30L	0.33965439192954905	me1
HAND1	0.32869794271942365	me3_domain
LARP1	0.2366205279737832	ac
FAXDC2	0.22572895897868095	ac
CNOT8	0.22790217563945792	ac
GEMIN5	0.24320869889482877	ac
MRPL22	0.2659140597014198	ac
KIF4B	0.3062569161374914	me3_domain
SGCD	0.8435239039824124	Unassigned
PPP1R2B	0.813386163056892	me2
TIMD4	0.7708647559293575	me2
HAVCR1	0.7505960280311439	me3
HAVCR2	0.7187226131322584	me2
MED7	0.6953676815593448	ac
ITK	0.6643403544095103	me3
GARIN3	0.6837869378354062	me3_domain
CYFIP2	0.6293586822136126	me3_domain
ENSG00000285868	0.6116269545852666	me3
FNDC9	0.6301151296510472	me3_domain
ADAM19	0.5738170822917337	me3
NIPAL4	0.5804305483401782	me3
SOX30	0.5151611988610008	me2
C5ORF52	0.5012245052677664	me3_domain
THG1L	0.46438581872353846	ac
LSM11	0.4573583322324307	me1
CLINT1	0.457291954140959	me1
EBF1	0.5651372297886832	me3
RNF145	0.3805038021644872	ac
UBLCP1	0.3905710743779498	ac
IL12B	0.4308388684254233	me3_domain
ADRA1B	0.5264960944631596	me3_domain
TTC1	0.4817057020182627	me1
PWWP2A	0.45516492724165825	me1
FABP6	0.4136979075241761	me3_domain
CCNJL	0.41766526359622347	me3_domain
C1QTNF2	0.4278730617955637	me3_domain
FAM200C	0.44310924105959626	ac
SLU7	0.45183823468060447	ac
PTTG1	0.45991969399945065	ac
ATP10B	0.6583779213222449	me2
GABRB2	0.8527101006179305	Unassigned
GABRA6	0.8590175898475805	Unassigned
GABRA1	0.8641019415871696	Unassigned
GABRG2	0.816808836691328	Unassigned
CCNG1	0.4724378084725904	ac
NUDCD2	0.4685746645124359	ac
HMMR	0.46165192271598776	ac
MAT2B	0.4511956258365438	ac
TENM2	0.7896172408518075	Unassigned
WWC1	0.5599969506954822	me3_domain
RARS1	0.5048543172756365	Unassigned
FBLL1	0.49228971735090665	me2
PANK3	0.47970157843742556	ac
SLIT3	0.6106085134965097	me3
SPDL1	0.5400661958836499	ac
DOCK2	0.5470929596008889	me2
INSYN2B	0.5532662036795526	me3
FOXI1	0.5438405984292695	me3_domain
C5ORF58	0.5473425453338174	me2
LCP2	0.5556346861290105	ac
KCNIP1	0.6014901851376766	me3
KCNMB1	0.5804428732505689	me3_domain
GABRP	0.6228158152494857	me2
RANBP17	0.5650730355356157	Unassigned
TLX3	0.4462559404990656	me3_domain
NPM1	0.4275352801745864	ac
FGF18	0.42687325150256417	me3
SMIM23	0.4950286787460758	me3_domain
FBXW11	0.45575400205497063	me1
STK10	0.4294476146043319	me2
EFCAB9	0.45936883691752295	me3_domain
UBTD2	0.46205480969870916	me3_domain
SH3PXD2B	0.44124468080239043	me3_domain
NEURL1B	0.3321794607446701	me3_domain
DUSP1	0.26830390236086954	ac
ERGIC1	0.2627581353010736	me1
RPL26L1	0.2759979860653743	me1
ATP6V0E1	0.27723230342685834	ac
CREBRF	0.2872792749158619	ac
BNIP1	0.3049312868375986	me1
NKX2-5	0.3423807775772897	me3_domain
STC2	0.38471584615917875	me1
BOD1	0.3146012582384401	me1
CPEB4	0.23081577229101113	ac
C5ORF47	0.26723726434429085	me2
NSG2	0.36946678823770784	me3_domain
MSX2	0.5914050517730818	me3_domain
DRD1	0.5356251376389021	me3_domain
SFXN1	0.5213967286740391	me1
HRH2	0.4445304002748829	me3_domain
CPLX2	0.40374689514797235	me3_domain
THOC3	0.3496853222112728	me3
SIMC1	0.19654597791382544	me1
KIAA1191	0.2171106630810753	me1
ARL10	0.2234757266021652	me1
NOP16	0.22417773154190745	ac
HIGD2A	0.22450947477472538	ac
CLTB	0.22833275920252882	me1
FAF2	0.2509488679494727	ac
RNF44	0.2645533829887754	ac
CDHR2	0.2680413199756225	me3_domain
GPRIN1	0.27106381442219996	me1
SNCB	0.27502263200215527	me3_domain
EIF4E1B	0.2784294099830703	me3_domain
TSPAN17	0.28356866249347046	me1
UNC5A	0.31634424931091165	me3_domain
HK3	0.28400783333962965	me3_domain
UIMC1	0.23510395990010735	ac
ZNF346	0.2189586492315151	me1
FGFR4	0.22574472260319323	me1
NSD1	0.21867166825429896	me1
RAB24	0.19449662414241042	ac
MXD3	0.19256324454750628	ac
PRELID1	0.1937055125060756	ac
LMAN2	0.18181179371243839	me1
RGS14	0.17021206598446748	ac
SLC34A1	0.1639861411378445	ac
PFN3	0.16182156255148483	me2
F12	0.16095616682394676	ac
GRK6	0.1610657177488608	ac
PRR7	0.16349899335620888	ac
DBN1	0.16728784537409236	me1
PDLIM7	0.17632287542189795	ac
DOK3	0.1838495414041642	ac
DDX41	0.18787218015905272	ac
FAM193B	0.20129854892739152	me1
TMED9	0.23693160434748162	me1
B4GALT7	0.24298904137586264	me1
FAM153A	0.28067350787427114	me3
PROP1	0.3271415638542784	me3_domain
N4BP3	0.2810156907366651	me1
RMND5B	0.2852432466103757	ac
NHP2	0.28895119702166416	ac
GMCL2	0.30440263308694515	ac
HNRNPAB	0.316147842747155	ac
PHYKPL	0.3245068112169607	ac
COL23A1	0.42493896517035823	me3_domain
CLK4	0.4981661769585505	ac
MSANTD5	0.5193550234592046	me3
ENSG00000285978	0.5235664304859334	me2
ZNF354A	0.5257546028381828	me2
ZNF354B	0.55823366934247	me1
ZFP2	0.5626285069527349	Unassigned
ZNF454	0.5642117616964296	me2
GRM6	0.5622080040405771	me2
ZNF879	0.5555627463651651	me2
ZNF354C	0.5428042121380234	me2
ADAMTS2	0.4547797713699555	me3_domain
RUFY1	0.2401726618509663	me1
HNRNPH1	0.21650958068059534	ac
CBY3	0.19603934185659289	ac
CANX	0.19220125377092967	ac
MAML1	0.19443104697844815	me1
LTC4S	0.20797391537881593	me1
MGAT4B	0.21203775038457384	ac
SQSTM1	0.2218724170275963	ac
MRNIP	0.23644236645069872	me1
TBC1D9B	0.25395401367493053	me1
RNF130	0.2882645231673756	Unassigned
RASGEF1C	0.35396330743184434	me3_domain
MAPK9	0.40407189887234507	me1
GFPT2	0.4292154753360832	me3_domain
CNOT6	0.41731132384484637	me1
SCGB3A1	0.4142810130268646	me3
FLT4	0.4064141730403755	me3_domain
OR2Y1	0.34325476607015304	me3_domain
MGAT1	0.3109307354584856	ac
ZFP62	0.30829269008863935	ac
BTNL8	0.34064358594567035	me2
BTNL3	0.35148950614561514	Unassigned
BTNL9	0.31786409480275457	ac
OR2V1	0.24579597279205456	me2
OR2V2	0.22187586584616836	me2
TRIM7	0.17681920771186355	ac
TRIM41	0.1578814368791135	ac
RACK1	0.15413224482301802	ac
TRIM52	0.15687226226051787	ac
OR4F3	0.5075441636776268	ac
DUSP22	0.6632795153142839	me3_domain
IRF4	0.6123384433185326	me3_domain
EXOC2	0.5730895024030765	me1
HUS1B	0.5568710903234773	me1
FOXQ1	0.6370421691411052	me2
FOXF2	0.5857102315617204	me3_domain
FOXC1	0.47750095125520275	me3_domain
GMDS	0.5924163493418342	me3_domain
MYLK4	0.29596215786815416	me3
WRNIP1	0.2566017555852308	me1
SERPINB1	0.2229817014786818	ac
SERPINB9	0.20722452828134164	me1
SERPINB6	0.19730921536122725	ac
NQO2	0.18997651050961362	ac
RIPK1	0.18487881733874412	ac
BPHL	0.19273663207335812	me1
TUBB2A	0.19822862691622334	ac
TUBB2B	0.22230325788269012	me3_domain
PSMG4	0.23688405821133185	me2
SLC22A23	0.27660477738128875	me2
PXDC1	0.4610921667764353	me3_domain
FAM50B	0.4831558561777972	me3_domain
PRPF4B	0.42928148652386455	ac
FAM217A	0.42288982814695997	Unassigned
ECI2	0.40796022419814315	ac
CDYL	0.4125137396192231	me1
RPP40	0.39354852927644723	me1
PPP1R3G	0.4184895735526284	me3_domain
LYRM4	0.46858391930784504	me1
FARS2	0.5518295417893317	me2
NRN1	0.5384557935359218	me3_domain
F13A1	0.5759514564146013	me2
LY86	0.40722530084814756	me3_domain
RREB1	0.29895614267866055	ac
SSR1	0.36120899558859143	me3
CAGE1	0.38192272195467303	ac
RIOK1	0.3979537735102747	ac
DSP	0.4560770412318724	me3_domain
SNRNP48	0.4543675024177508	ac
BMP6	0.4728985702343045	me3_domain
TXNDC5	0.45056267902664604	ac
BLOC1S5-TXNDC5	0.4458388410934009	ac
BLOC1S5	0.4538639247401567	ac
EEF1E1-BLOC1S5	0.4611471451008582	ac
EEF1E1	0.47153746083998516	ac
SLC35B3	0.6349795634110724	ac
TFAP2A	0.4330546945545657	ac
GCNT2	0.34253167076626345	me3_domain
C6ORF52	0.31011344490645854	ac
PAK1IP1	0.3071259627638683	ac
TMEM14C	0.30437874113549623	ac
TMEM14B	0.31389048399126773	ac
ENSG00000272162	0.32853321277644365	ac
MAK	0.31320718693902916	me1
GCM2	0.34308247559327243	me3_domain
SYCP2L	0.36111313418968105	me1
ELOVL2	0.37947215258387357	me3_domain
SMIM13	0.4221192826574309	ac
ERVFRD-1	0.41761758818295225	me1
NEDD9	0.514837499309083	me3_domain
TMEM170B	0.4746310732364951	me3
ADTRP	0.3709929960258236	me2
HIVEP1	0.34651117972853096	ac
EDN1	0.4652374432845964	me3_domain
PHACTR1	0.5154727287387261	me3
TBC1D7	0.3915812459030885	ac
GFOD1	0.38975090785163025	me2
SIRT5	0.3492068606002249	ac
NOL7	0.3406367584908342	ac
RANBP9	0.320364552318277	ac
MCUR1	0.28265630560054067	ac
RNF182	0.28530499939692977	ac
CD83	0.31087548373012397	me2
JARID2	0.3507958695628113	me1
DTNBP1	0.3811558857624019	me1
MYLIP	0.26753184583365297	ac
GMPR	0.26780255852509716	ac
ATXN1	0.42232334765314594	me3_domain
ENSG00000288708	0.3000078841743119	me2
STMND1	0.5359172154614329	me3
RBM24	0.5054670981352886	me3_domain
CAP2	0.4015103244197591	me3_domain
FAM8A1	0.3054518661892227	ac
NUP153	0.2807343975798038	ac
KIF13A	0.29297414742870787	ac
NHLRC1	0.3342472024108245	me2
TPMT	0.33771625191416565	ac
KDM1B	0.3526078986763297	me1
DEK	0.379852285276044	ac
RNF144B	0.46898536989756645	me3
ID4	0.5585217515949361	me2
MBOAT1	0.3320019941222736	me1
E2F3	0.2915294494694072	ac
CDKAL1	0.42492959517459805	me1
SOX4	0.5804760653856036	me3_domain
PRL	0.6595361926772298	Unassigned
HDGFL1	0.7068973109599892	me2
NRSN1	0.6682395913478563	me2
DCDC2	0.5893070360570201	me2
MRS2	0.4985542287892114	ac
GPLD1	0.4950703400181422	me2
ALDH5A1	0.49542768756690225	me1
KIAA0319	0.47712197459937744	me3_domain
TDP2	0.450543440916109	ac
ACOT13	0.44116400661385125	ac
C6ORF62	0.4342673824545278	ac
GMNN	0.4353559637904333	ac
ARMH2	0.439452317696046	me2
ENSG00000282804	0.44096547457636615	me3_domain
RIPOR2	0.5089807026699806	me3_domain
CARMIL1	0.6368513617722863	me3_domain
SCGN	0.5855440839341088	me2
ENSG00000290217	0.5774471677996402	me3
H2AC1	0.5634812861958548	me3_domain
H2BC1	0.5630656562450207	me3_domain
SLC17A4	0.5465425103260626	me3_domain
SLC17A1	0.5291810192186823	Unassigned
SLC17A3	0.5070548552160784	me3
SLC17A2	0.48902312536276893	me3_domain
TRIM38	0.4856393737222643	me1
H1-1	0.4818594276063263	me2
H3C1	0.4814357500556925	ac
H4C1	0.48122279413416447	ac
H4C2	0.47990425219796917	ac
H3C2	0.47873224398539127	ac
H2AC4	0.47832386166735574	ac
H2BC3	0.4753347022307344	me1
H3C3	0.47496459432116755	ac
H1-2	0.47084815734387275	ac
H2BC4	0.44490382103927173	ac
HFE	0.4533717466327648	me1
H4C3	0.4465560887292611	ac
H1-6	0.4435330817981552	ac
H2AC6	0.4276071362551549	ac
H1-4	0.4086155435768132	ac
H2BC5	0.40236974815924176	ac
H2BC6	0.39164512482778	ac
H4C4	0.3825806932728034	ac
ENSG00000282988	0.37591130821064045	ac
H3C4	0.37627143590829415	ac
H2AC7	0.37471900353842225	ac
H2BC7	0.3748770757702363	ac
H4C5	0.37100110975270906	ac
H2BC8	0.36148717978882905	ac
H2AC8	0.3617464423132477	ac
H3C6	0.35548799347459226	Unassigned
H1-3	0.34874995377686646	ac
H4C6	0.3454499334952049	me1
H4C7	0.3409084438968014	me2
H3C7	0.3386805518787389	ac
H2BC9	0.33844249281772354	ac
H3C8	0.32700098670102695	me1
H2BC10	0.32647538750116967	me1
H4C8	0.321713648055743	ac
BTN3A2	0.28697935901949445	ac
BTN2A2	0.28124475887043954	me1
BTN3A1	0.27537936889644077	me1
BTN3A3	0.2683670979782691	me2
BTN2A1	0.26806832735769914	me1
BTN1A1	0.2743452245027569	me2
HMGN4	0.28726261108615336	ac
ABT1	0.3104577759598699	ac
ZNF322	0.33173380574648414	Unassigned
H2BC11	0.3505415079590338	ac
H2AC11	0.34900087110004563	ac
H4C9	0.3459463805169315	ac
H2BC12	0.3421935887161305	ac
H2AC12	0.34231275821599394	ac
PRSS16	0.32436848069621105	ac
POM121L2	0.3348213502108247	ac
ZNF391	0.3591101511875111	ac
ZNF184	0.35300614732981217	ac
H2BC13	0.3890106585007713	ac
H2AC13	0.38888708786980364	ac
H3C10	0.38971468975490997	ac
H2AC14	0.3913406113621988	ac
H2BC14	0.39126521471735554	ac
H4C11	0.3940102251353583	ac
H4C12	0.3960652714284444	ac
H2AC15	0.3974829654897598	ac
H2BC15	0.39862274017669985	ac
H2AC16	0.3997184759080812	ac
H1-5	0.39962828653682647	ac
H3C11	0.3993001508903249	me1
H4C13	0.3991911009257014	me1
H3C12	0.3958871543155944	ac
H2AC17	0.39554514856088374	ac
H2BC17	0.3956479285408545	ac
OR2B2	0.3890287837844214	me1
OR2B6	0.36416252976956753	me1
OR2B8P	0.3040097293912811	me2
ZNF165	0.2923154837038575	ac
ZSCAN16	0.2850017200217876	me1
ZKSCAN8	0.28276451063612995	ac
ZKSCAN8P1	0.2829627073829525	ac
ZSCAN9	0.28691237467325026	ac
ZKSCAN4	0.28676688071408885	me1
NKAPL	0.28596448108721817	me1
ZSCAN26	0.28438920090921505	ac
ENSG00000276302	0.284084434422214	ac
PGBD1	0.2804717256061937	me1
ZSCAN31	0.2648859159354344	ac
ZKSCAN3	0.2588760772421418	ac
ZSCAN12	0.25153437954941993	ac
ZSCAN23	0.2524405909126929	me2
GPX6	0.2784233334770909	me2
GPX5	0.2824586165586713	me2
SCAND3	0.28522537122828506	ac
TRIM27	0.2519044658966071	ac
ZNF311	0.26650092964820715	ac
OR2W1	0.2905784301446884	Unassigned
OR2B3	0.31500086549793327	Unassigned
OR2J1	0.3227229036836543	me3_domain
OR2J3	0.3287061845049172	Unassigned
OR2J2	0.365954864211248	Unassigned
OR14J1	0.45506706444059786	Unassigned
OR5V1	0.500299518773698	Unassigned
OR12D3	0.4948604328850912	Unassigned
OR12D2	0.5031175407423218	me3
OR12D1	0.5079778949818776	Unassigned
OR11A1	0.509547365845447	me3_domain
OR10C1	0.5100148706236285	me3_domain
OR2H1	0.5088129586709108	me3_domain
MAS1L	0.5037647947800898	me2
OR2I1P	0.48718436535105447	me3_domain
UBD	0.48627806587847955	me3_domain
GABBR1	0.48213013018225925	ac
OR2H2	0.4819003232878204	me3_domain
MOG	0.48340800955666785	me3_domain
ZFP57	0.48510116761711475	me3_domain
HLA-F	0.4931454145593861	me2
HLA-G	0.48982358746529553	me3_domain
HLA-A	0.46225517763661916	me2
POLR1H	0.4545942134908867	ac
PPP1R11	0.4529679279966612	ac
RNF39	0.45146682517931214	me3_domain
TRIM31	0.43915336520283776	me3_domain
TRIM40	0.4240173989536129	me3_domain
TRIM10	0.4166984574264718	me3
TRIM15	0.4117058207877805	me3_domain
TRIM26	0.3967886589912427	me3_domain
TRIM39	0.34029693906166525	ac
TRIM39-RPP21	0.33908660534340695	ac
RPP21	0.33553584213090615	ac
HLA-E	0.2624629078052264	me1
GNL1	0.23507944349425924	ac
PRR3	0.23068109627118494	ac
ABCF1	0.22162424361019983	ac
PPP1R10	0.21290771639347073	ac
MRPS18B	0.20947105811699107	ac
ATAT1	0.20548079779645578	me1
C6ORF136	0.20210047877705828	ac
DHX16	0.19889347276574398	me1
PPP1R18	0.19503539363781475	ac
NRM	0.19373089368669316	ac
MDC1	0.19130554496356267	ac
TUBB	0.19034939087128588	ac
FLOT1	0.19008892517356468	ac
IER3	0.19037455178118767	ac
DDR1	0.26351750834638976	me1
GTF2H4	0.27974720313030743	me1
VARS2	0.2856973758900403	me1
SFTA2	0.2996957263665908	me3_domain
MUCL3	0.2996671016108351	me3_domain
MUC21	0.31917633381521615	me3_domain
MUC22	0.331505272208511	me3_domain
HCG22	0.34092042203969075	me3_domain
C6ORF15	0.3503955876730981	me3_domain
PSORS1C1	0.35113834378931386	me3_domain
CDSN	0.3508000273794498	me3_domain
PSORS1C2	0.35144696033476275	me2
CCHCR1	0.3512734671274821	me1
TCF19	0.3508277933118982	me1
POU5F1	0.3501038640508298	me2
HLA-C	0.33533243883586483	me3
HLA-B	0.29131509125215904	me3_domain
MICA	0.26155884113491756	ac
MICB	0.23046724606600033	ac
MCCD1	0.22691160372520325	ac
DDX39B	0.22565145352710314	ac
ATP6V1G2-DDX39B	0.22527249299938334	ac
ATP6V1G2	0.22378068535132745	ac
NFKBIL1	0.2226082216721994	ac
LTA	0.21739024478045854	me2
TNF	0.21626655477481327	me2
LTB	0.21453287695947698	me1
LST1	0.2129026407522936	me1
NCR3	0.2113881461870316	me1
AIF1	0.20238736087030684	ac
PRRC2A	0.1971144187662328	ac
ENSG00000291302	0.19970187681140217	ac
ENSG00000289282	0.1989583730298149	ac
BAG6	0.19001176355125182	ac
APOM	0.1866770535568001	ac
C6ORF47	0.1846800258891811	ac
GPANK1	0.18308639342435284	ac
CSNK2B	0.18196943339518867	ac
ENSG00000263020	0.18123269435595735	ac
LY6G5B	0.18049457185344375	me1
LY6G5C	0.17721300693652098	me1
ABHD16A	0.1725730368313111	ac
LY6G6F	0.1689680950860537	ac
LY6G6F-LY6G6D	0.16799803980122097	me1
LY6G6D	0.16688670561001262	me1
MPIG6B	0.16536196122003777	me1
LY6G6C	0.16572272308863323	me1
DDAH2	0.16360727943187203	ac
CLIC1	0.16211383117927525	ac
MSH5	0.15877843881607046	ac
MSH5-SAPCD1	0.15851330067506697	ac
SAPCD1	0.1561339623536303	me1
VWA7	0.15450418042429148	ac
VARS1	0.15225197806183577	ac
LSM2	0.15097350311351476	ac
HSPA1L	0.15094885946446934	ac
HSPA1A	0.15109297504716424	ac
HSPA1B	0.15244000382541356	ac
NEU1	0.16328223133041364	me1
SLC44A4	0.16986270324019004	me1
EHMT2	0.1836492593799498	ac
C2	0.21670080524102775	ac
ZBTB12	0.1951013621504305	ac
ENSG00000244255	0.23641729295495917	me2
CFB	0.24615236157961906	me1
NELFE	0.25399209872577755	ac
SKIC2	0.2615024811771499	me1
DXO	0.2682122315733092	ac
STK19	0.27202685365653667	ac
C4A	0.2819229346267612	me1
C4B	0.28991577591580286	me1
CYP21A2	0.2878725841499248	me1
TNXB	0.2713925966654087	me3_domain
ATF6B	0.2520173708388769	ac
FKBPL	0.24942535530403542	ac
PRRT1	0.24523127560011693	ac
ENSG00000285085	0.24506415329401687	ac
PPT2	0.2447554231458	ac
PPT2-EGFL8	0.2446978424589027	ac
EGFL8	0.24459144799012933	ac
AGPAT1	0.24490388782450412	ac
RNF5	0.2452966662711118	ac
AGER	0.2457200090866002	ac
PBX2	0.24633315249978116	ac
GPSM3	0.24718080694868405	ac
NOTCH4	0.2504256261000464	me3_domain
TSBP1	0.30815976741730666	Unassigned
BTNL2	0.3619775368625533	me3_domain
HLA-DRA	0.3886498763043754	Unassigned
HLA-DRB5	0.4332981007647505	Unassigned
HLA-DRB1	0.47393321982422254	me3
HLA-DQA1	0.5016474628314194	Unassigned
HLA-DQB1	0.5058802810642788	me3
HLA-DQA2	0.47326683315631224	me3_domain
HLA-DQB2	0.4619607913656636	me3_domain
HLA-DOB	0.425256515846533	me3_domain
ENSG00000250264	0.4199661297105667	me1
TAP2	0.4177905451869981	me1
PSMB8	0.4113876314872267	me3
PSMB9	0.4073496773517369	me3_domain
TAP1	0.40805315266243125	me3_domain
HLA-DMB	0.36965994541065117	me3_domain
ENSG00000248993	0.3669418001837872	me3_domain
HLA-DMA	0.3623226667673558	ac
BRD2	0.35782223024746684	ac
HLA-DOA	0.35125387505398886	me3_domain
HLA-DPA1	0.34769418581751255	me3_domain
HLA-DPB1	0.3470898793005819	me3_domain
COL11A2	0.309390262447924	me3_domain
RXRB	0.2941319732401566	ac
SLC39A7	0.29056031490277645	ac
HSD17B8	0.2876767458629038	ac
RING1	0.283493334371971	ac
VPS52	0.24014073241246892	ac
RPS18	0.231322261648229	ac
B3GALT4	0.22698090606934718	ac
WDR46	0.2244332254296788	ac
PFDN6	0.2196113388288139	ac
RGL2	0.21835609425910496	ac
TAPBP	0.2132779838890363	ac
ZBTB22	0.21007157838420765	ac
DAXX	0.2088189585459148	ac
ENSG00000285064	0.2078116152268048	ac
SMIM40	0.20757326849812996	ac
KIFC1	0.2172300252227447	ac
PHF1	0.22246158111593894	ac
CUTA	0.22471786546773476	ac
SYNGAP1	0.23372631365808705	ac
ZBTB9	0.24334983205326266	ac
BAK1	0.29769875065563767	me1
ITPR3	0.3295698291090665	me1
UQCC2	0.34649407372553553	me1
IP6K3	0.35784722719772477	me3_domain
LEMD2	0.37360788769248143	me1
MLN	0.3792700229652529	me3_domain
GRM4	0.29336042127354256	me3_domain
HMGA1	0.20933558904752958	ac
SMIM29	0.20903171936329856	ac
NUDT3	0.21991102974941512	ac
RPS10-NUDT3	0.22216689943573964	ac
RPS10	0.23019936631404225	ac
PACSIN1	0.2285620343455761	me2
SPDEF	0.21872263067598197	me2
ILRUN	0.1836489032585925	ac
SNRPC	0.18215111699013908	ac
BLTP3A	0.20123271589602976	me1
TAF11	0.21459377121320455	ac
ANKS1A	0.28825846028610025	me1
TCP11	0.3466248428064128	me3_domain
SCUBE3	0.27068033398545244	me2
ZNF76	0.25181459787640326	ac
DEF6	0.24750756510081573	me1
PPARD	0.2543167326346196	me2
FANCE	0.25680187051385606	me1
RPL10A	0.2563655219930314	ac
TEAD3	0.25553909394932217	me1
TULP1	0.25472210536324214	me3_domain
FKBP5	0.260522589208246	ac
ARMC12	0.2605378433183101	me3_domain
CLPSL2	0.26473889941788586	me3_domain
CLPSL1	0.2668613898741026	me3_domain
CLPS	0.26949910906004193	me3_domain
LHFPL5	0.278113116382268	me3_domain
SRPK1	0.2999160386333086	ac
SLC26A8	0.3256190283922916	me3_domain
MAPK14	0.34902092291692943	me1
MAPK13	0.37182506854982567	me3_domain
BRPF3	0.36125403331559713	me1
PNPLA1	0.3271027779817244	me3_domain
BNIP5	0.3039025005084056	me3_domain
ETV7	0.29332285432107386	me3_domain
PXT1	0.28887589293733607	ac
KCTD20	0.2850584427285877	ac
STK38	0.28008336985612525	me1
SRSF3	0.2770967098313325	ac
CDKN1A	0.27644767829315653	me2
RAB44	0.2727292393578482	me3_domain
CPNE5	0.2518466416177554	me3_domain
PPIL1	0.2242016457208842	ac
C6ORF89	0.2139631534968336	ac
PI16	0.202079463692851	me3_domain
MTCH1	0.19931896680075423	me1
FGD2	0.19537400939446614	me1
PIM1	0.19668796390413734	ac
TMEM217	0.19549874453843463	ac
TMEM217B	0.19549882515848827	ac
TBC1D22B	0.19791561340797148	me1
RNF8	0.21677232322017825	me1
CMTR1	0.24751230575066385	me1
CCDC167	0.2615917686790421	me1
MDGA1	0.3354567447103375	me3_domain
ZFAND3	0.42627879283975967	Unassigned
BTBD9	0.49032217096841135	me3_domain
GLO1	0.3963775545024739	me1
DNAH8	0.4316080917809991	me3
GLP1R	0.45926263636683184	me3_domain
SAYSD1	0.45604352492097466	ac
KCNK5	0.43985619374893026	ac
KCNK17	0.44515249146297586	me3_domain
KCNK16	0.4495371551028142	me3_domain
KIF6	0.5547931419550205	me3
DAAM2	0.637792765684047	me3_domain
MOCS1	0.6546753628320235	me3
LRFN2	0.6487295701637923	me3_domain
UNC5CL	0.5384666156432469	me2
OARD1	0.5313919454604372	ac
TSPO2	0.5362569420182385	me2
APOBEC2	0.5328265053438708	me1
NFYA	0.5271260894690146	ac
TREML1	0.5158887656717486	me3_domain
TREM2	0.5144442933412783	me3_domain
TREML2	0.5086823678445397	ac
TREML4	0.5012625549042795	me3_domain
TREM1	0.48916526373710534	me3_domain
NCR2	0.4664974800759313	me3_domain
FOXP4	0.37666964910349476	me1
MDFI	0.34309174358432526	me3_domain
TFEB	0.30048137363003946	me2
PGC	0.27613963376504513	me3_domain
FRS3	0.25543666260816433	ac
ENSG00000124593	0.25217546407699065	ac
PRICKLE4	0.2527607704076069	ac
TOMM6	0.2502969684665647	ac
USP49	0.23198914982761243	me1
ENSG00000288721	0.22992528705189175	me1
MED20	0.21980098023966277	ac
BYSL	0.21813720591857932	ac
CCND3	0.20554802923012705	ac
TAF8	0.19335877873455887	me1
C6ORF132	0.1985831151903763	me2
GUCA1ANB	0.21338179435632643	me3_domain
ENSG00000290147	0.21798373711289942	me2
GUCA1A	0.22350134169384628	me2
GUCA1B	0.2317639621002262	me2
MRPS10	0.24857084083636238	ac
TRERF1	0.32895198174149054	me3_domain
UBR2	0.3071628406950515	me1
PRPH2	0.26398372354012944	me2
TBCC	0.25234193762356927	ac
BICRAL	0.24283857111159846	ac
RPL7L1	0.23685702000625564	ac
C6ORF226	0.2359539165264073	me1
PTCRA	0.23182082309986585	me1
CNPY3	0.2300490686960701	ac
GNMT	0.22705093082458472	me1
PEX6	0.22625286778172216	ac
PPP2R5D	0.22499447249173699	me1
MEA1	0.2247534143616322	ac
KLHDC3	0.22478001327849773	ac
RRP36	0.2250238220318569	ac
CUL7	0.22605755176149	me1
KLC4	0.22711213916878248	me1
ENSG00000288564	0.2267750300515462	ac
MRPL2	0.22697216759977779	ac
PTK7	0.23741062321723883	me2
SRF	0.25229011584524796	ac
CUL9	0.2608358647041341	me1
DNPH1	0.26882790009557356	ac
TTBK1	0.27931401530896394	me3_domain
SLC22A7	0.28641622072169726	me3_domain
CRIP3	0.28699011155358756	me3_domain
ZNF318	0.2870040197470507	me1
ABCC10	0.26020993670049064	me1
DLK2	0.2540749199752902	me1
TJAP1	0.2413624332268196	me1
LRRC73	0.23679956454015483	me1
POLR1C	0.23265092668442433	me1
YIPF3	0.2356093417401045	me1
XPO5	0.23093759886697418	ac
POLH	0.22812347352419493	ac
GTPBP2	0.22762050766119035	ac
MAD2L1BP	0.22734336496226115	ac
RSPH9	0.2271638145373328	me1
MRPS18A	0.22751047184495776	me1
VEGFA	0.24319451139417447	ac
MRPL14	0.24802037941775412	ac
TMEM63B	0.24452053541912633	me1
CAPN11	0.24067067270141562	me2
MYMX	0.24083106171883462	me2
SLC29A1	0.2419928004942008	me1
HSP90AB1	0.2462871247754791	ac
SLC35B2	0.2479695052384584	ac
NFKBIE	0.2495622236430335	me1
TMEM151B	0.2581032048984949	me3_domain
ENSG00000272442	0.2734592148234454	me3_domain
TCTE1	0.2578974977221491	me3_domain
AARS2	0.26461777095888717	me1
SPATS1	0.2887608695159264	me3_domain
CDC5L	0.3183981440301349	me1
SUPT3H	0.6052728185469554	me2
RUNX2	0.5401624399070621	me3
CLIC5	0.659621886945916	me3
ENPP4	0.6905450269041762	Unassigned
ENPP5	0.6919188714332973	me3
RCAN2	0.7181425421762027	me2
CYP39A1	0.7039964443472686	me2
SLC25A27	0.6941794864487876	me3
TDRD6	0.6853665552245884	me2
PLA2G7	0.6761760461270752	me3
ANKRD66	0.6629655980382345	me2
MEP1A	0.6344963372388636	me2
ADGRF5	0.5922178246859163	me3
ADGRF1	0.5357797015972745	me3
TNFRSF21	0.40331177256176465	ac
CD2AP	0.3673453693371749	ac
ADGRF4	0.47226426388927534	me3
OPN5	0.5411904458987837	me2
PTCHD4	0.655327758095516	Unassigned
MMUT	0.4368869687761483	ac
CENPQ	0.4090422535271502	ac
GLYATL3	0.3809207246057911	me2
C6ORF141	0.35571685318618873	me2
RHAG	0.33512587056814924	ac
CRISP2	0.34276603267382966	me1
CRISP3	0.3557454739265328	ac
PGK2	0.3800906026917201	me1
CRISP1	0.41239608106781533	Unassigned
DEFB114	0.4742559849216843	Unassigned
DEFB113	0.47920482578737544	me2
DEFB110	0.5133207207334465	Unassigned
DEFB112	0.5355169570088292	me2
TFAP2D	0.6152409640686705	me3
TFAP2B	0.55162964117911	me2
PKHD1	0.5278604920106664	Unassigned
IL17A	0.30119998857967756	me3
IL17F	0.27235902353866626	me3_domain
MCM3	0.2581463489075433	ac
PAQR8	0.25392052971455126	me2
EFHC1	0.26917823181007294	me1
TRAM2	0.28776687866040873	me1
TMEM14A	0.35662818735506563	me1
GSTA2	0.40432997257434944	me3
GSTA1	0.41039967914295683	me3
GSTA5	0.40829033729477593	me3_domain
GSTA3	0.41109465704330506	me3_domain
GSTA4	0.42282732084178387	ac
CILK1	0.4103820226783812	me1
ENSG00000288614	0.4071738955633981	me1
FBXO9	0.38833830241076983	ac
ENSG00000288646	0.3945252646261186	ac
GCM1	0.3585629324543951	me3_domain
ELOVL5	0.3292060346304382	ac
GCLC	0.397905640804219	me2
KLHL31	0.44593199524465144	me3_domain
LRRC1	0.6013881360649401	me2
MLIP	0.7339650875155185	Unassigned
TINAG	0.8378528768017546	Unassigned
FAM83B	0.8494634872181048	Unassigned
HCRTR2	0.8154573384235874	Unassigned
GFRAL	0.8369271877297735	Unassigned
HMGCLL1	0.788185840094008	Unassigned
BMP5	0.8424737934662133	Unassigned
COL21A1	0.6992038165950222	Unassigned
DST	0.4522624442317499	Unassigned
BEND6	0.33726699458425824	ac
KIAA1586	0.3271845225714144	ac
ZNF451	0.31835215688322815	ac
BAG2	0.3191422395065172	ac
RAB23	0.3288391163805041	ac
PRIM2	0.562277624356527	Unassigned
KHDRBS2	0.8571267910701823	Unassigned
FKBP1C	0.7680653762151771	Unassigned
LGSN	0.7128036703905516	Unassigned
PTP4A1	0.5267109425398513	ac
ENSG00000285976	0.5123613430525691	ac
PHF3	0.54534410885743	Unassigned
EYS	0.7938773979446756	Unassigned
ZC3H11C	0.8231286904178188	me3
ADGRB3	0.6052606643867544	Unassigned
ENSG00000288712	0.4685244428956663	ac
LMBRD1	0.5673887551642927	ac
COL19A1	0.4955721895636609	me3
COL9A1	0.35972357317415016	me3_domain
FAM135A	0.3572810272135899	Unassigned
SDHAF4	0.3898575267469999	ac
SMAP1	0.4268816700275464	me2
B3GAT2	0.5226155229037371	me3
OGFRL1	0.6684204635735012	me2
RIMS1	0.5568056498256914	Unassigned
KCNQ5	0.45558706167147844	Unassigned
ENSG00000243501	0.3748228493919553	me3_domain
KHDC1L	0.3761749736997487	me3_domain
KHDC1	0.3691925689518025	me1
DPPA5	0.34273158996085806	me3_domain
KHDC3L	0.33763043597091635	me3_domain
OOEP	0.3253234914735885	ac
DDX43	0.3097920187873765	me1
CGAS	0.2920504176745139	ac
MTO1	0.2680959694659566	ac
EEF1A1	0.2626903718078595	ac
SLC17A5	0.2890944823293973	ac
CD109	0.36943516455020387	me3
COL12A1	0.549405104568851	me3
COX7A2	0.5138582126036939	ac
TMEM30A	0.5063180375642939	ac
FILIP1	0.4764836043249504	me3
SENP6	0.4197802083009323	ac
MYO6	0.47513653672757294	Unassigned
IMPG1	0.6001886884633386	Unassigned
HTR1B	0.8041209871138157	me2
MEI4	0.8431119363741151	Unassigned
IRAK1BP1	0.5824769784799366	ac
PHIP	0.566945614701071	ac
HMGN3	0.5399705449034045	ac
LCA5	0.4552917724979678	ac
SH3BGRL2	0.5187709160613887	me1
ELOVL4	0.5960969781806222	me3
TTK	0.5984262735409314	ac
BCKDHB	0.6972538983786403	me2
TENT5A	0.7768716040669179	Unassigned
IBTK	0.5402716411135837	ac
TPBG	0.5841211916447142	me3
UBE3D	0.5197871878006498	me1
DOP1A	0.5309547609459557	me1
PGM3	0.5323562430357638	me1
RWDD2A	0.529509338712888	ac
ME1	0.482801515435881	ac
PRSS35	0.45180966452429727	me3_domain
SNAP91	0.45585938381592706	me2
RIPPLY2	0.32334055482555113	me3_domain
CYB5R4	0.2977184472036204	me1
MRAP2	0.2686423361694995	ac
CEP162	0.3001200013270845	me1
TBX18	0.5623746038995725	ac
NT5E	0.3918901275041503	me3
SNX14	0.3460530444026343	ac
ENSG00000271793	0.32567126592842743	ac
SYNCRIP	0.30193699932762474	ac
HTR1E	0.547691374107308	me2
CGA	0.4875227236902807	me3
ZNF292	0.45765823093194835	me1
GJB7	0.4371192338527825	Unassigned
SMIM8	0.4318821051627295	me1
C6ORF163	0.43287402460599433	me1
CFAP206	0.4177172744365135	Unassigned
ENSG00000213204	0.4107745486539751	ac
SLC35A1	0.4013016130703223	ac
RARS2	0.3863203163994452	me1
ORC3	0.3801814395648565	me1
AKIRIN2	0.38091029238631957	ac
SPACA1	0.502477689802748	me3
CNR1	0.5590979601816048	me3
RNGTT	0.5158565726980441	me1
PNRC1	0.4768623848455009	ac
SRSF12	0.4783883889358026	me3_domain
PM20D2	0.4830285923245371	me3_domain
GABRR1	0.4891517523272526	me3_domain
GABRR2	0.48999779096887863	me3_domain
UBE2J1	0.4775438315698217	ac
RRAGD	0.4619574517617032	me3_domain
ANKRD6	0.4275275802027989	me3_domain
LYRM2	0.4037110450849477	me3_domain
MDN1	0.36420427881839723	ac
CASP8AP2	0.37187199809637006	ac
GJA10	0.37108578590124486	me3
BACH2	0.3799423418124587	me3
MAP3K7	0.36194628038596255	ac
EPHA7	0.8743809981710651	Unassigned
MANEA	0.671097214580347	ac
FUT9	0.7880432517297021	Unassigned
UFL1	0.6979018992328544	ac
FHL5	0.6827094959037134	Unassigned
GPR63	0.5701135901071515	ac
NDUFAF4	0.5657114827439969	ac
KLHL32	0.5939367157900567	me3
MMS22L	0.6306832248203674	Unassigned
POU3F2	0.6449855046365458	ac
FBXL4	0.6231920567080959	ac
FAXC	0.45504812436424336	me3_domain
COQ3	0.4288392768411772	ac
PNISR	0.42786030332929914	ac
USP45	0.4287487016295656	ac
TSTD3	0.4206498342583034	ac
CCNC	0.41995559170484287	ac
PRDM13	0.42036435618928225	me3_domain
MCHR2	0.5703185756339268	me2
SIM1	0.5641924045771072	me3
ASCC3	0.6049317805733336	Unassigned
GRIK2	0.7731975715794729	Unassigned
HACE1	0.3663833765033804	me1
LIN28B	0.3195196157869552	ac
BVES	0.3573923113359182	me3_domain
POPDC3	0.38105000653721766	ac
PREP	0.47886573116438447	me1
PRDM1	0.4007208698335041	Unassigned
ATG5	0.40614559010982243	ac
CRYBG1	0.4154394531492439	me3_domain
RTN4IP1	0.4124598110878356	me1
QRSL1	0.41940595753465704	ac
CD24		ac
MTRES1	0.3696721600352183	me1
BEND3	0.37745093626707527	ac
PDSS2	0.4273645109956298	Unassigned
SOBP	0.43568703360010974	me3_domain
SCML4	0.4468180483888995	me3_domain
SEC63	0.3701522505014416	me1
OSTM1	0.34777433832248517	me3_domain
NR2E1	0.32194235551168815	me3_domain
SNX3	0.311767345055741	ac
AFG1L	0.3360344769991832	ac
FOXO3	0.3498241856783083	me1
ARMC2	0.34005064141247976	me3_domain
SESN1	0.2984758450914228	Unassigned
CEP57L1	0.272855367825766	ac
CD164	0.2123301657266855	ac
PPIL6	0.21681889971975332	me2
SMPD2	0.22344931507019683	me1
MICAL1	0.22916850554270196	me1
ZBTB24	0.23754594049870614	me1
AK9	0.32969306400061926	Unassigned
FIG4	0.4713241864711587	me3
GPR6	0.527941563990209	me2
WASF1	0.5048703765973134	Unassigned
CDC40	0.514610657049567	Unassigned
METTL24	0.5251007961359775	me3
DDO	0.5002756232976961	me3
SLC22A16	0.464687521065287	me3_domain
CDK19	0.3420237542475043	Unassigned
AMD1	0.29713686798350936	ac
GTF3C6	0.28674938159581187	ac
RPF2	0.2959840213500452	ac
SLC16A10	0.3499971608117478	me3
MFSD4B	0.3475080587112287	me1
REV3L	0.3551138408594686	ac
TRAF3IP2	0.37155134705762083	me1
FYN	0.3752316834615922	me3_domain
CCN6	0.470319987622451	me3_domain
TUBE1	0.47663105771705316	ac
FAM229B	0.4830826152801514	ac
LAMA4	0.5388588073456506	me3
ENSG00000281613	0.6149095543367717	me3
RFPL4B	0.6477907203758831	me2
MARCKS	0.5420439239214825	me2
HDAC2	0.5701110706673648	ac
HS3ST5	0.704613098365978	Unassigned
FRK	0.5682043131231607	me2
NT5DC1	0.5178056755469598	ac
COL10A1	0.5304229411182548	ac
TSPYL4	0.48447099840883556	ac
DSE	0.44239557162030085	me3
TSPYL1	0.4733966393181497	ac
ENSG00000285446	0.4028912877008669	me2
CALHM6	0.3835861365953521	me2
TRAPPC3L	0.3544560625907639	me2
CALHM5	0.35513402309889497	me2
CALHM4	0.34675082409576996	me2
RWDD1	0.3390967239271879	ac
RSPH4A	0.3360820957523102	ac
ZUP1	0.33757972269791225	ac
KPNA5	0.3544453033670453	ac
FAM162B	0.3815703306806848	ac
GPRC6A	0.41707163693735927	me2
RFX6	0.4758203997724	me3
VGLL2	0.582753310927701	me3_domain
ROS1	0.5397271562554778	me2
ENSG00000282218	0.5169001125372594	me2
DCBLD1	0.5031017472549764	me1
GOPC	0.5071049623069624	ac
NUS1	0.532860426789735	ac
SLC35F1	0.5862838355624951	me2
CEP85L	0.4171843671762472	me1
PLN	0.42399859188019784	Unassigned
MCM9	0.34481918162717007	ac
ASF1A	0.33726418944365744	ac
FAM184A	0.3117637252353066	ac
MAN1A1	0.30906212262546606	ac
TBC1D32	0.8038059409919762	Unassigned
GJA1	0.8135955963785126	me3
HSF2	0.6172821116318432	ac
SERINC1	0.6160200883214163	ac
PKIB	0.6261360812293957	Unassigned
FABP7	0.6365052158891721	me3
SMPDL3A	0.6403031713190709	me3
CLVS2	0.6942209986724364	Unassigned
TRDN	0.6784597828218646	Unassigned
NKAIN2	0.6402244115108118	Unassigned
RNF217	0.3118553188943609	ac
TPD52L1	0.2879840834069941	ac
HDDC2	0.3200294183097492	ac
HEY2	0.2919455370171078	me3_domain
NCOA7	0.23746536238038063	ac
HINT3	0.23058092798188223	ac
TRMT11	0.2843361096331044	ac
CENPW	0.3879442692848396	ac
RSPO3	0.6109148472402568	me2
RNF146	0.6297143101389506	ac
ECHDC1	0.6423491781355677	ac
KIAA0408	0.6503168024697505	Unassigned
ENSG00000255330	0.6549250073077695	me2
SOGA3	0.6580730411090432	me2
C6ORF58	0.687011419885277	Unassigned
THEMIS	0.7915646993833455	Unassigned
PTPRK	0.8179496698389195	Unassigned
LAMA2	0.5970906615139011	Unassigned
ARHGAP18	0.28702053438864605	ac
TMEM244	0.3046699601355459	ac
L3MBTL3	0.441020128172288	me2
SAMD3	0.5314076304493772	me2
TMEM200A	0.6024887232159247	me3
SMLR1	0.46642022149760587	me2
EPB41L2	0.4081623996436248	ac
AKAP7	0.390303818567875	me2
ARG1	0.4003455838056943	me3
MED23	0.39396552855896094	ac
ENPP3	0.4178012620838516	ac
OR2A4	0.42284619918502353	me3
CTAGE9	0.42420175369471724	me3
ENPP1	0.4539740643669272	me3
CCN2	0.5319298225531897	me3
MOXD1	0.618903003628909	me3
STX7	0.5518153911168866	ac
TAAR9	0.5279076138098263	me3
TAAR8	0.5224208445743406	me3
TAAR6	0.5159527272494899	me3
TAAR5	0.5095158284741779	me2
TAAR2	0.5017660037189295	me3
TAAR1	0.4984663994419264	me2
VNN1	0.5004163122194871	me2
VNN2	0.5014163420419198	me3_domain
SLC18B1	0.4937216840380715	ac
RPS12	0.4864633023679197	ac
EYA4	0.6323904527429687	Unassigned
TCF21	0.37479409203351854	me3_domain
TBPL1	0.3425989300814176	ac
ENSG00000288529	0.3432099625081365	ac
SLC2A12	0.3411846863472209	ac
SGK1	0.4049701037941391	ac
ALDH8A1	0.23230171213902762	me3_domain
HBS1L	0.16757160294589812	ac
MYB	0.16512386997725703	ac
AHI1	0.25252336530505426	ac
PDE7B	0.4718682478017254	me3
MTFR2	0.34957326252754395	ac
BCLAF1	0.32976685821194995	ac
MAP7	0.36884145257145495	me3
MAP3K5	0.3927922009399972	ac
PEX7	0.42569120344362366	Unassigned
SLC35D3	0.4271487648377724	me3_domain
IL20RA	0.44908650455260224	me3_domain
IL22RA2	0.49257228983593526	ac
IFNGR1	0.4946557355156481	ac
OLIG3	0.5056614837837458	me3_domain
TNFAIP3	0.27001056990799976	ac
PERP	0.377066042115453	me3_domain
ARFGEF3	0.463340186572756	me3_domain
PBOV1	0.43632825432541844	me3
SMIM28	0.5490885632380784	me3_domain
HEBP2	0.5646090415733083	ac
NHSL1	0.6012066788900183	me3_domain
CCDC28A	0.5533091070648413	ac
ECT2L	0.5436088996108973	me3_domain
REPS1	0.555293121234716	me1
ABRACL	0.5700634156862281	me3_domain
HECA	0.5662110224422732	me3_domain
TXLNB	0.5034973849181584	me3_domain
CITED2	0.4342607579586222	ac
NMBR	0.6602763800351991	me2
GJE1	0.6503883155640573	Unassigned
VTA1	0.6534415622333218	me1
ADGRG6	0.6639654863887521	me3
HIVEP2	0.5051939031342698	me3_domain
AIG1	0.4705663429942999	ac
ADAT2	0.41356524787430227	ac
PEX3	0.4003605036251844	ac
FUCA2	0.3862553356770688	ac
PHACTR2	0.3594393980329924	me2
ENSG00000257065	0.3434502056954848	ac
LTV1	0.34043296662975664	ac
ENSG00000280148	0.3399143250998934	me2
ZC2HC1B	0.3398806248977454	me2
PLAGL1	0.3481377699561259	ac
SF3B5	0.3611813307542068	ac
STX11	0.37910181923155273	me3
UTRN	0.4746277101045677	me2
EPM2A	0.6094909476042335	ac
FBXO30	0.5468935826165457	ac
SHPRH	0.563248545243157	ac
GRM1	0.5995468173447703	me2
RAB32	0.461455406039159	ac
ADGB	0.34645891522577	me2
STXBP5	0.30690570460583855	ac
SAMD5	0.4700471453824988	me3
SASH1	0.6387624087806156	me3_domain
UST	0.5214058607826707	me3_domain
TAB2	0.3536770513890951	Unassigned
SUMO4	0.3194923965991223	Unassigned
ZC3H12D	0.30326553384848476	me3_domain
PPIL4	0.2800106332226605	ac
GINM1	0.25397772231504834	me1
KATNA1	0.24059381892471432	me1
LATS1	0.24741676552424408	ac
NUP43	0.2651532757926912	ac
PCMT1	0.27598442646891275	ac
ENSG00000285991	0.2838201372077065	me3_domain
LRP11	0.28178349758574517	me3_domain
RAET1E	0.2891901460425548	me3_domain
RAET1G	0.300297122051675	me3_domain
ULBP2	0.31327686984415504	me3_domain
ULBP1	0.3271279387552404	me3_domain
RAET1L	0.35548978912320006	me3_domain
ULBP3	0.3642209834970467	me3_domain
PPP1R14C	0.32853621398817767	me2
IYD	0.37827696778695297	me3_domain
PLEKHG1	0.45334916672014014	me3_domain
MTHFD1L	0.41883355254459087	me1
AKAP12	0.39390779181355384	me3_domain
ZBTB2	0.40155373182881793	ac
RMND1	0.4213937069386915	me1
ARMT1	0.44010033275690885	ac
CCDC170	0.49996567134235315	me3
ESR1	0.6698928418629769	me2
SYNE1	0.732272372196489	me2
MYCT1	0.6942637788296108	Unassigned
VIP	0.670753591543024	Unassigned
FBXO5	0.5997718022105518	ac
MTRF1L	0.6078710878767476	ac
RGS17	0.6523875949793394	me2
OPRM1	0.579257369061676	me2
IPCEF1	0.4839146506867883	me2
ENSG00000288520	0.4327841215940188	me2
CNKSR3	0.3596777376155861	me1
SCAF8	0.35072884877334887	ac
TIAM2	0.4583458168644029	me3_domain
TFB1M	0.5233795069976965	ac
CLDN20	0.5184364058926314	me1
NOX3	0.5812816268282056	me3_domain
ARID1B	0.37812999621028565	me1
TMEM242	0.28779442369196406	me1
ZDHHC14	0.28230832666586214	me1
SNX9	0.2183271594031908	ac
SYNJ2	0.24616546777242587	me1
SERAC1	0.26057091103159435	me1
GTF2H5	0.272035338922884	me1
TULP4	0.2968373520655585	me1
TMEM181	0.3002722321115757	me1
DYNLT1	0.31329719163221836	ac
SYTL3	0.3214527746065805	me3_domain
EZR	0.307174529761842	me1
RSPH3	0.34146798140716883	ac
TAGAP	0.35969812674761126	me3_domain
FNDC1	0.4753648784517339	me3_domain
SOD2	0.3779476382254259	ac
WTAP	0.36328583440785145	ac
ACAT2	0.3547663852623245	ac
TCP1	0.3520078123449869	ac
MRPL18	0.3508871152882762	ac
PNLDC1	0.35022113961483625	me3_domain
MAS1	0.3725932312011718	me3_domain
IGF2R	0.4286537719113317	ac
SLC22A1	0.4688026092190879	me3_domain
SLC22A2	0.5159122921982295	me3
SLC22A3	0.5783353721672193	me3_domain
LPA	0.5207300642407269	me3
PLG	0.46688795840123165	me3_domain
MAP3K4	0.36061449589933936	me1
AGPAT4	0.3430474117626967	ac
PRKN	0.6554822881560827	me2
PACRG	0.6689503735795974	me3
QKI	0.4791846489434731	ac
C6ORF118	0.8331813020005299	me2
PDE10A	0.7520639641595498	me2
TBXT	0.4929896789620456	me3_domain
PRR18	0.42890781979987236	me3_domain
SFT2D1	0.4221471262464003	me1
MPC1	0.4163541502152228	ac
RPS6KA2	0.39860464467193435	me3_domain
RAMACL	0.4235068014091802	me3_domain
ENSG00000249141	0.3272228626675363	me2
RNASET2	0.31901939875586693	me1
CEP43	0.31888681216044934	ac
ENSG00000272980	0.3307514214903996	me3
CCR6	0.34797838020223737	me3_domain
GPR31	0.37070977355556556	me3_domain
UNC93A	0.4845132392924413	me3_domain
TTLL2	0.49437412965474237	me3_domain
AFDN	0.42534475190972576	ac
KIF25	0.48459806835404073	me3_domain
FRMD1	0.5164235489019336	me3_domain
DACT2	0.5916386450318047	me3_domain
SMOC2	0.6358519134589365	me3_domain
THBS2	0.5982761968285215	me3_domain
ENSG00000285733	0.45808869723383616	me2
WDR27	0.4498166323190288	me2
C6ORF120	0.4077292526084806	ac
PHF10	0.40518900964898086	ac
DYNLT2	0.3999579715828109	ac
ERMARD	0.39903766478649916	ac
DLL1	0.39839214402267986	me3_domain
FAM120B	0.3659073910996038	me1
PSMB1	0.23651147845190523	ac
TBP	0.2158589470342035	ac
PDCD2	0.19967783050918653	ac
FAM20C	0.37149962744707554	me3_domain
FOXL3	0.364666905943244	me3_domain
PDGFA	0.32788307854208754	me2
PRKAR1B	0.3277502522623743	me1
DNAAF5	0.309819935430087	me1
SUN1	0.2782898190702263	me1
GET4	0.2735041054362728	ac
ADAP1	0.27231582054798986	me2
COX19	0.27218638346881396	me2
CYP2W1	0.27130871172948434	me3_domain
C7ORF50	0.27661151229878045	me1
GPR146	0.27061131661585736	me1
GPER1	0.27507932498370335	me1
ZFAND2A	0.2980472077121551	me1
UNCX	0.3231168696388643	me3_domain
MICALL2	0.2765879605415449	ac
INTS1	0.27263672073752643	me1
MAFK	0.2723668222909137	me1
TMEM184A	0.2727557211515762	me2
PSMG3	0.2733402561682332	ac
ELFN1	0.2848576972771262	me3_domain
MAD1L1	0.28350650757325224	me1
ENSG00000286192	0.28224996636579136	me1
MRM2	0.21889151435490517	ac
NUDT1	0.21562866353205212	me1
SNX8	0.19581779736733151	ac
EIF3B	0.1822712187363631	ac
CHST12	0.18756505676826063	me1
GRIFIN	0.20494783980914644	me3_domain
LFNG	0.22407344824383357	me2
BRAT1	0.2346068512681997	ac
IQCE	0.24599578690563528	me1
TTYH3	0.26030368727526565	me2
AMZ1	0.286361916769316	me1
GNA12	0.31428775483588933	me1
CARD11	0.4135026776655354	me2
SDK1	0.604916995954651	me3
FOXK1	0.37542888310718137	me1
AP5Z1	0.37074067957521917	me1
RADIL	0.3613029215184078	me1
PAPOLB	0.35886598079298704	me2
MMD2	0.3602445818879575	me3_domain
RBAK-RBAKDN	0.33016287900237107	me1
RBAK	0.316294122681154	ac
WIPI2	0.3241598479973863	me1
SLC29A4	0.27565883497464616	me2
TNRC18	0.1980132142746831	me1
FBXL18	0.165390644271472	me1
ACTB	0.17218011215561868	ac
FSCN1	0.17760800222309459	ac
RNF216	0.207108368255301	me1
OCM	0.27218679822122327	me3_domain
CCZ1	0.27105605463477755	me1
RSPH10B	0.25949210094407216	me3
PMS2	0.2410688834898922	ac
AIMP2	0.23203478666998445	ac
EIF2AK1	0.22961540703931194	ac
ANKRD61	0.22909097267312672	ac
USP42	0.2575331947088081	ac
CYTH3	0.27230645583366775	me1
SAGSIN1	0.2653840696811096	me1
FAM220A	0.26538352001646925	me1
RAC1	0.260497199729247	ac
DAGLB	0.25348464631639545	me1
KDELR2	0.2516674967794872	ac
GRID2IP	0.2565631855035114	me3_domain
ZDHHC4	0.2771305937192584	ac
INTS15	0.28550358395860553	me1
ZNF853	0.2971830310315192	me3_domain
ZNF316	0.3137988227508659	ac
ZNF12	0.34213991521414566	ac
RSPH10B2	0.3730351818050902	me3
CCZ1B	0.38228877759904867	me1
C1GALT1	0.4163478145969557	ac
COL28A1	0.4006636803271654	Unassigned
MIOS	0.3598547216034035	me1
RPA3	0.4050226613471106	ac
UMAD1	0.4076531312227245	me2
GLCCI1	0.3751326605023416	ac
ICA1	0.38841661339771283	ac
NXPH1	0.5181625712046143	me2
NDUFA4	0.34937932466816124	ac
PHF14	0.3830304403411665	me1
THSD7A	0.6196726189704269	Unassigned
TMEM106B	0.45683508349587487	ac
VWDE	0.39081372244223433	ac
ENSG00000226690	0.3465438551391099	me2
SCIN	0.3139666590424476	ac
ARL4A	0.29960340043504685	ac
ETV1	0.5890312056875313	ac
DGKB	0.7404806736666015	Unassigned
AGMO	0.7631944631176512	Unassigned
MEOX2	0.7099495377407159	Unassigned
CRPPA	0.3818821744676234	ac
SOSTDC1	0.33384410844357215	ac
LRRC72	0.33943576709975365	me2
ANKMY2	0.340787844684578	ac
BZW2	0.33408339156573097	ac
TSPAN13	0.32626850135615504	ac
AGR2	0.340166330689036	me3_domain
AGR3	0.3769653798864784	me3
AHR	0.5681068852081059	Unassigned
ENSG00000283321	0.6894576360281309	Unassigned
SNX13	0.6429199209564282	me1
PRPS1L1	0.6289637351001636	me2
HDAC9	0.7540339765390631	Unassigned
TWIST1	0.8249691657616343	Unassigned
FERD3L	0.8468889996191351	me2
POLR1F	0.7274231441948176	ac
TMEM196	0.723837653415359	Unassigned
MACC1	0.5424303886574455	ac
ITGB8	0.6117430586308943	me3
ABCB5	0.6705561585121403	me3
SP8	0.6462729342251456	me3_domain
SP4	0.6126705878800565	ac
DNAH11	0.5918726354465779	me3
CDCA7L	0.5174881352784091	me3
RAPGEF5	0.39890617801991923	me2
STEAP1B	0.2912934602594436	ac
IL6	0.24063752378133396	ac
TOMM7	0.25302895853426377	ac
HYCC1	0.297668966524961	Unassigned
KLHL7	0.3044435220617483	Unassigned
NUP42	0.2988807050389035	ac
GPNMB	0.27435701974564086	me2
MALSU1	0.2617525984187641	ac
IGF2BP3	0.26781710810449855	ac
TRA2A	0.26251329256381284	ac
CCDC126	0.29934558446874915	me2
FAM221A	0.35585207498211957	me2
STK31	0.4028888057067248	Unassigned
NPY	0.5566814044743518	me3
PALS2	0.44267202512242176	Unassigned
GSDME	0.4286276396257279	me3
OSBPL3	0.37393830486546054	me1
CYCS	0.33352042921117697	ac
C7ORF31	0.3544816478030326	me2
NPVF	0.39596869274928403	Unassigned
NFE2L3	0.358001622815574	me1
HNRNPA2B1	0.35530322439808315	ac
CBX3	0.3527715028135546	ac
SNX10	0.3712050776129765	me2
SKAP2	0.5482123029352708	Unassigned
HOXA1	0.5592507709190992	me3_domain
HOXA2	0.5585839399789283	me3_domain
HOXA3	0.5565383378241187	me3_domain
HOXA4	0.5564701878682243	me3_domain
HOXA5	0.5556818336402747	me3_domain
HOXA6	0.5553277168691773	me3_domain
HOXA7	0.5548076541815149	me3_domain
HOXA9	0.5538025736925011	me3_domain
ENSG00000257184	0.5535343437122804	me3_domain
HOXA10	0.5532062142497325	me3_domain
HOXA11	0.5524024924901266	me3_domain
HOXA13	0.5506020252078493	me3_domain
EVX1	0.5381539895302984	me3_domain
HIBADH	0.4156060196098088	Unassigned
TAX1BP1	0.38953193928731267	ac
JAZF1	0.5040253337465705	me3_domain
CREB5	0.5317075344471027	me3
TRIL	0.36373836118869507	me2
CPVL	0.3700959448557647	me3
CHN2	0.40937842764636134	me3
PRR15	0.3513949659732084	me3_domain
WIPF3	0.3337137312851891	me2
SCRN1	0.3389137574708847	me3_domain
FKBP14	0.3283938193271082	ac
PLEKHA8	0.3312032369648982	ac
MTURN	0.34049523643321056	me2
ZNRF2	0.31031970706560785	ac
ENSG00000281593	0.3123433668288821	Unassigned
NOD1	0.30579825593080334	me1
GGCT	0.29466772395738905	ac
ENSG00000281039	0.29077886877605663	me2
GARS1	0.2883470308459367	ac
CRHR2	0.289437500832024	me3_domain
INMT	0.28784342948233965	me3_domain
INMT-MINDY4	0.2930181162855745	me1
MINDY4	0.29363755273952574	me1
ENSG00000250424	0.29853309405464157	me1
AQP1	0.30095392601099025	me1
GHRHR	0.3109423383318106	me3_domain
ADCYAP1R1	0.37566490312884804	me3_domain
NEUROD6	0.5087858998546126	me3
ITPRID1	0.5925169551097322	me2
PPP1R17	0.5926428862892837	me3
PDE1C	0.5093537211080823	me2
LSM5	0.28382082276472376	ac
AVL9	0.26917697437944754	ac
KBTBD2	0.20257799433812895	ac
FKBP9	0.2191622552477126	me1
NT5C3A	0.24141183794372378	ac
RP9	0.26135997875105366	ac
BBS9	0.4796657740678508	me2
BMPER	0.699623292285319	Unassigned
NPSR1	0.6994274253221395	me2
DPY19L1	0.6353159408598855	ac
TBX20	0.665687511356684	me3
HERPUD2	0.4507233647087938	ac
SEPTIN7	0.4653919972463161	ac
EEPD1	0.5011651760578493	me3_domain
MATCAP2	0.4318563960511842	me3_domain
ANLN	0.4443884621371963	ac
AOAH	0.5666039372437236	me3_domain
ELMO1	0.6649171409997275	me3
GPR141	0.6451962294292093	me2
ENSG00000290149	0.6115154599291084	me2
NME8	0.5856317621602661	me3
SFRP4	0.5175872929492455	me2
EPDR1	0.5320232835754256	me2
STARD3NL	0.4428661106555325	ac
TARP	0.42162560414485617	me3_domain
AMPH	0.5148246982936007	me3
VPS41	0.5443449079102896	Unassigned
POU6F2	0.4926348224632897	me3_domain
YAE1	0.351907352859287	ac
RALA	0.33059754708694755	me1
CDK13	0.3950762553115128	ac
MPLKIP	0.4260396817705441	ac
SUGCT	0.5287762092011938	Unassigned
INHBA	0.615357786357901	me2
GLI3	0.6385127718461374	me3
C7ORF25	0.38219900117510464	ac
ENSG00000256646	0.3781465605886426	ac
PSMA2	0.3766391215829864	ac
MRPL32	0.37177863342922135	ac
HECW1	0.39307555047226916	me3_domain
STK17A	0.27422216718617276	me1
COA1	0.2653143032682004	me1
BLVRA	0.2534854651359053	me1
MRPS24	0.23942662379838442	ac
URGCP-MRPS24	0.2370870512452541	me1
URGCP	0.2359377834367562	me1
UBE2D4	0.23494542181000666	me1
SPDYE1	0.23972536281404588	me1
DBNL	0.24121749907185996	me1
PGAM2	0.2411502249592823	me2
POLM	0.24099256305460093	me1
AEBP1	0.24145901198989894	me3_domain
POLD2	0.24230300785266667	me1
MYL7	0.24543279201917745	me2
GCK	0.2551911473746977	me2
YKT6	0.27115903784121786	me1
CAMK2B	0.3030745618326557	me3_domain
NUDCD3	0.31504079780206407	me1
NPC1L1	0.28061516188090085	me2
DDX56	0.25939193820134454	ac
TMED4	0.255214848983363	ac
OGDH	0.24164106180802103	me1
ZMIZ2	0.24615886409583854	me1
PPIA	0.24116777440051795	ac
H2AZ2	0.23606171812204724	ac
PURB	0.22644023107867217	ac
MYO1G	0.20047849572737098	me1
CCM2	0.19276157496414714	me1
NACAD	0.20602970568665824	me2
TBRG4	0.22017856950851222	ac
RAMP3	0.2720081747421632	me3_domain
ADCY1	0.4878200635222254	me3
CCDC201	0.5382874777606588	me3
IGFBP1	0.5401422826927099	me3_domain
IGFBP3	0.5427352051685581	me3
TNS3	0.567372563029702	me3_domain
PKD1L1	0.647283843092603	me3_domain
HUS1	0.6107367006915647	ac
SUN3	0.6017268610726074	me2
C7ORF57	0.601577961850435	me3
UPP1	0.6147681056971439	me3_domain
ABCA13	0.7600500689295401	me2
CDC14C	0.7974168444802354	me2
VWC2	0.5985184496818869	me2
ZPBP	0.484865348575628	Unassigned
SPATA48	0.3838870749728225	Unassigned
IKZF1	0.3471944297595202	ac
FIGNL1	0.36889767211510693	ac
DDC	0.4001444862154955	me3
GRB10	0.460453354612283	me1
COBL	0.4966583941592847	me3_domain
POM121L12	0.8500922986757168	me1
VSTM2A	0.7610457337929815	me2
SEC61G	0.6706868120166156	ac
EGFR	0.6198415796103867	me3_domain
LANCL2	0.5209931953571061	ac
VOPP1	0.4950185175439672	me1
SEPTIN14	0.430729813224632	Unassigned
ENSG00000249773	0.4010677098269674	me2
ZNF713	0.40072812810473823	me2
NIPSNAP2	0.4076360636029456	ac
MRPS17	0.40319208297078335	ac
PSPH	0.4160126568677073	ac
CCT6A	0.41747097732733174	ac
SUMF2	0.4182705871838518	ac
PHKG1	0.41956696689311423	me1
CHCHD2	0.422120181189643	ac
NUPR2	0.4247854618996567	me2
ZNF479	0.8076874159763123	Unassigned
ZNF716	0.8146848688797168	Unassigned
ZNF722	0.8119868517061044	Unassigned
ZNF727	0.7814781146163734	Unassigned
ZNF735	0.7549053063343899	Unassigned
ZNF679	0.7451651494727743	Unassigned
ZNF736	0.6964175026100168	ac
ZNF680	0.5934915296291682	ac
ZNF107	0.4744895814409268	me1
ZNF138	0.3971249379358185	ac
ZNF273	0.3842004794010545	ac
ZNF117	0.35459173916520736	ac
ERV3-1	0.34972191260605257	ac
ZNF92	0.38339401202848333	me1
VKORC1L1	0.28963380807255446	me1
GUSB	0.28223943147569575	ac
ASL	0.29242242454799505	me1
ENSG00000249319	0.2996183076555564	ac
CRCP	0.30273183576317464	ac
TPST1	0.3141242840800297	me3_domain
KCTD7	0.2339540291453689	me1
ENSG00000284461	0.23310661017526968	me1
RABGEF1	0.23157637557212707	me1
TMEM248	0.2093517005436858	ac
SBDS	0.22904316054285556	ac
TYW1	0.2687560970406935	me1
SPDYE21	0.31108220905314166	me1
AUTS2	0.7027724810171204	me3
GALNT17	0.6780348782463818	me2
CALN1	0.5652425816470339	me2
TYW1B	0.32482612477210837	me1
POM121	0.24436625142809376	ac
TRIM74	0.4004354789273983	me1
SPDYE8	0.7165962233760002	me1
SPDYE11		me1
SPDYE9	0.6900715170481464	me1
SPDYE10	0.8637094318604335	me2
NSUN5	0.2589549534059118	me1
TRIM50	0.23958106475613494	me3_domain
FKBP6	0.23267196423221848	me3_domain
FZD9	0.24783520912218338	me2
BAZ1B	0.21662561750410037	ac
BCL7B	0.18982493938704792	ac
TBL2	0.19566154832968363	ac
MLXIPL	0.21204634348391538	me2
VPS37D	0.2373664397933365	me2
DNAJC30	0.24106512086963217	ac
BUD23	0.24294863299268188	me1
STX1A	0.24719203340350293	me1
ABHD11	0.2524679241906014	ac
CLDN3	0.25783046309740376	me2
CLDN4	0.26340821235229417	me2
METTL27	0.26549327152526103	me2
TMEM270	0.2675547464827267	me3_domain
ELN	0.29716046383487127	me3_domain
LIMK1	0.27410188584125106	me1
EIF4H	0.2336400356960121	ac
LAT2	0.22820169505431365	me2
RFC2	0.22731588833956962	ac
CLIP2	0.24728934948559622	me2
GTF2IRD1	0.25826928959358586	me1
GTF2I	0.21300373210750745	ac
NCF1	0.16736157774690508	me1
ENSG00000289346	0.1769864672499325	ac
GTF2IRD2	0.17836045083731278	me1
SPDYE12	0.2549288558959961	me1
CASTOR2	0.18912439059602038	me1
RCC1L	0.1686992789312779	me1
GTF2IRD2B	0.2761132670055573	me1
SPDYE13	0.8211190547287823	me1
SPDYE14	0.7563139200210571	me1
SPDYE15	0.7202379735310872	me1
TRIM73	0.46644575898854723	ac
POM121C	0.26665928087314283	ac
SPDYE5	0.19811292960553284	me1
HIP1	0.23063502312713868	me1
CCL26	0.22223527459075132	ac
CCL24	0.22116771139268365	me3_domain
RHBDD2	0.2244725747453703	me1
POR	0.24513703748671378	me1
TMEM120A	0.2590590008170107	me1
STYXL1	0.26339334545131	me1
MDH2	0.2656886063196382	ac
SRRM3	0.2219098856143702	me3_domain
HSPB1	0.19877189054500055	ac
YWHAG	0.19532219318336463	ac
SSC4D	0.20054843430482505	ac
ZP3	0.20303364300314963	ac
DTX2	0.2117510962251622	me1
UPK3B	0.21765603385199195	me2
SPDYE16	0.22543332795799353	me3
POMZP3	0.27076956222132154	ac
SPDYE17	0.4244497261516609	me1
SPDYE18	0.44534346572393924	me1
CCDC146	0.442027006398218	me3
FGL2	0.45892335842764953	me3_domain
GSAP	0.38386436388433376	me3_domain
PTPN12	0.32316716276973967	ac
RSBN1L	0.3570885405918195	ac
TMEM60	0.3496436891610931	ac
PHTF2	0.3246336715893703	ac
MAGI2	0.6728405573031093	Unassigned
GNAI1	0.8629360814168197	Unassigned
CD36	0.8083277541640379	Unassigned
GNAT3	0.7995306294122296	Unassigned
SEMA3C	0.7529579995207507	Unassigned
HGF	0.8035836769353984	Unassigned
CACNA2D1	0.8277133506825194	Unassigned
PCLO	0.8438672207150808	Unassigned
SEMA3E	0.8105511142149107	Unassigned
SEMA3A	0.6636933154311366	Unassigned
SEMA3D	0.5247905599772527	Unassigned
GRM3	0.44886960279450516	me2
ELAPOR2	0.3066484102028254	me1
DMTF1	0.2581331790059537	ac
TMEM243	0.27030823642022017	me2
CROT	0.39803668936823766	ac
ABCB4	0.4468452961992928	me3
ABCB1	0.5425265718870895	me2
RUNDC3B	0.5938066758470464	Unassigned
SLC25A40	0.5993614859554	ac
DBF4	0.6062349465794284	ac
ADAM22	0.6307221298172472	me2
SRI	0.6746039413573197	ac
STEAP4	0.7078720424366327	me3
ZNF804B	0.8175852403216142	Unassigned
TEX47	0.7712059187961566	me2
STEAP1	0.6770827627140084	me2
STEAP2	0.6591285050833571	me2
CFAP69	0.6486381868212991	me2
FAM237B	0.647762404254123	me3_domain
GTPBP10	0.6460294506338953	ac
CLDN12	0.6515064043404024	me2
CDK14	0.6941834819682622	me2
PTTG1IP2	0.656711876670107	me2
FZD1	0.6247017812233562	ac
MTERF1	0.3903135178992798	me2
AKAP9	0.3191329707591336	ac
CYP51A1	0.335871020527462	ac
ENSG00000285772	0.3408549681092091	ac
ENSG00000289027	0.34834790525216763	ac
LRRD1	0.34317029457014214	me2
ENSG00000285953	0.35164997489955563	ac
KRIT1	0.35841890001990406	ac
ANKIB1	0.3613024736072066	me1
GATAD1	0.3219561624688332	ac
ERVW-1	0.3158767529510357	me2
PEX1	0.3121466679528264	me1
RBM48	0.31393903289417924	ac
FAM133B	0.32725863808237055	ac
CDK6	0.37730983494993875	me1
SAMD9	0.5020743895141577	me2
SAMD9L	0.5197700081207071	me3_domain
HEPACAM2	0.5655008573210378	ac
VPS50	0.6013936242938913	me1
CALCR	0.6846661020516085	me3
GNGT1	0.7756511173014806	me2
TFPI2	0.8023223867173388	me3_domain
GNG11	0.788994086528563	me3_domain
BET1	0.7732056208362128	ac
COL1A2	0.8164808072223015	me3
CASD1	0.7969497052662013	ac
SGCE	0.8024281659355658	me2
PEG10	0.8172212875694831	me3_domain
PPP1R9A	0.8202741423942166	Unassigned
PON1	0.7855420594017346	me3
PON3	0.7824545451212533	me2
PON2	0.7742025727148021	ac
ASB4	0.7732417816585927	me3
PDK4	0.7457839317746298	me3
DYNC1I1	0.601244948835451	me3
SLC25A13	0.4565996475334816	me1
SEM1	0.5578452294085195	me3
DLX6	0.5907655678312818	me3_domain
DLX5	0.5925599016589587	me3_domain
SDHAF3	0.6355763867600924	ac
TAC1	0.5882933530442847	me3_domain
ASNS	0.5173043213127888	ac
OCM2	0.4436573943724754	me3_domain
LMTK2	0.36899814802425857	me1
BHLHA15	0.35240265853282926	me3_domain
TECPR1	0.3484147653068008	me1
BRI3	0.3448743752337884	me1
BAIAP2L1	0.3594171819449088	me1
NPTX2	0.4802477130124706	me3_domain
TMEM130	0.42282246131607293	me3_domain
TRRAP	0.3661973690492468	me1
SMURF1	0.32591394494599857	me1
KPNA7	0.2848808690054584	me3_domain
ENSG00000284292	0.2251359815048406	ac
ARPC1A	0.2240522445834494	ac
ARPC1B	0.227072223612392	ac
PDAP1	0.2282411944658328	ac
BUD31	0.22847752733555493	ac
PTCD1	0.22581762857022925	ac
ATP5MF-PTCD1	0.2256592416415688	ac
CPSF4	0.22542409669757257	ac
ATP5MF	0.2236434158987345	ac
ZNF789	0.2176773790726001	ac
ZNF394	0.21732757293543725	ac
ZKSCAN5	0.21348925449026357	ac
FAM200A	0.21452077336061703	ac
ZNF655	0.21716135534104652	ac
ENSG00000272647	0.2220896873399505	ac
TMEM225B	0.22927618889255297	me3_domain
ZSCAN25	0.2380204745885096	me1
CYP3A5	0.25717527828230613	me2
CYP3A7-CYP3A51P	0.2781919230163734	me2
CYP3A7	0.28237679670245786	me2
CYP3A4	0.2984266952519503	me2
CYP3A43	0.2983139760840927	ac
OR2AE1	0.28896658384775775	me3_domain
TRIM4	0.2784921991012077	me1
GJC3	0.263454198955274	me3_domain
AZGP1	0.23759943408443174	me3_domain
ZKSCAN1	0.21282717948624919	me1
ZSCAN21	0.2053747597427824	me1
ZNF3	0.20308346247374953	ac
COPS6	0.20211514342986847	ac
MCM7	0.20213539388583224	ac
AP4M1	0.20240467794600758	ac
TAF6	0.20301663114265578	ac
CNPY4	0.20387098279918314	ac
MBLAC1	0.20455769571594884	ac
LAMTOR4	0.2094199615710256	ac
TRAPPC14	0.2106821566073962	ac
GAL3ST4	0.2126202916795633	ac
GPC2	0.2152685674582162	me2
STAG3	0.22134381517496327	me2
ENSG00000292277	0.22604065531023243	me2
PVRIG	0.22763022723029636	me1
SPDYE3	0.22953207399430453	me1
PILRB	0.2194369147352938	me1
PILRA	0.21419154455535727	me1
ENSG00000289690	0.2082047103711233	ac
ZCWPW1	0.20803152705528793	ac
MEPCE	0.20551132230177072	ac
PPP1R35	0.20461719895097763	ac
SPACDR	0.20070517020925793	me1
TSC22D4	0.19889026006590327	ac
ENSG00000289760	0.1977186147490544	ac
NYAP1	0.1959098803454996	me1
AGFG2	0.18495403780579156	ac
SAP25	0.18271632984074315	me1
LRCH4	0.18228093055755923	me1
FBXO24	0.18192308781795896	me1
PCOLCE	0.1820189306275113	ac
MOSPD3	0.18244909042012825	ac
TFR2	0.1844687994219142	ac
ACTL6B	0.18751052648061628	me2
GNB2	0.19378515883161707	ac
GIGYF1	0.19735750275898756	ac
POP7	0.2040561181372338	ac
EPO	0.21017370748936703	me3_domain
ZAN	0.22975858196623622	me3_domain
EPHB4	0.25290945646120766	ac
SLC12A9	0.2648249371159026	ac
TRIP6	0.27349757040700606	ac
SRRT	0.277543763070057	ac
UFSP1	0.28019368279249146	ac
ACHE	0.281500233647475	ac
MUC3A	0.3024336496988933	me3
MUC12	0.32524033841606537	me3_domain
MUC17	0.32022870301006534	me3_domain
TRIM56	0.2990912522503857	ac
SERPINE1	0.27955624998305095	me2
AP1S1	0.2713773622689706	me1
VGF	0.2698645867763614	ac
NAT16	0.26832830484541814	me3_domain
MOGAT3	0.26844048232077466	me2
PLOD3	0.27080130707894856	me1
ZNHIT1	0.27279460597506555	me1
CLDN15	0.27810328401281015	me1
FIS1	0.2827097922419476	ac
IFT22	0.32471360188187115	me1
COL26A1	0.37545311363110156	me3_domain
MYL10	0.3823883032291494	me3_domain
CUX1	0.33763685692350254	me1
SH2B2	0.24539199130485412	me3_domain
SPDYE6	0.22260031018085513	me1
PRKRIP1	0.20618339798373553	me1
ORAI2	0.20635140511287464	me1
ALKBH4	0.21298013302335217	me1
LRWD1	0.21669403209497884	me1
POLR2J	0.22083541668014017	ac
RASA4B	0.23177071638105728	me1
POLR2J3	0.23669040746960834	me1
UPK3BL2	0.2407937099336347	me1
ENSG00000270249	0.2310241355791246	me1
SPDYE2	0.23713377950928072	me1
RASA4	0.2131429883025412	me1
ENSG00000205236	0.2039923090629847	me1
UPK3BL1	0.18836349600048807	me1
ENSG00000267645	0.18563903955740757	me1
SPDYE2B	0.18453011206952763	me1
POLR2J2	0.18430399169001666	me1
FAM185A	0.2549929858467036	me1
FBXL13	0.28705988101990865	ac
LRRC17	0.288818662664046	me1
ARMC10	0.2956165909885996	ac
NAPEPLD	0.30297489171078695	ac
PMPCB	0.34069495521845394	Unassigned
DNAJC2	0.3415941622107057	ac
PSMC2	0.34248596350469707	ac
SLC26A5	0.34564749147346585	Unassigned
RELN	0.34831904922588663	me1
ORC5	0.3481006615681548	Unassigned
LHFPL3	0.4107593123227722	Unassigned
KMT2E	0.304636294357172	ac
ENSG00000289360	0.3098009965857681	ac
ENSG00000288914	0.3098063929716601	ac
SRPK2	0.29428588152386426	me1
PUS7	0.26123247036390784	ac
RINT1	0.23867237584633727	ac
EFCAB10	0.242477820394162	me2
ATXN7L1	0.3246058851356781	me3_domain
CDHR3	0.3727805799549553	me3_domain
SYPL1	0.3343845523952379	ac
NAMPT	0.39937997062317176	ac
CCDC71L	0.2973018020354016	ac
PIK3CG	0.18876302840179437	ac
PRKAR2B	0.18279033915937293	ac
HBP1	0.21209704542278163	ac
COG5	0.30990592749927814	me1
GPR22	0.35625045634467545	Unassigned
DUS4L	0.38443752863876834	ac
DUS4L-BCAP29	0.3813539516238085	ac
BCAP29	0.379688381614255	ac
SLC26A4	0.366164035530515	me3_domain
CBLL1	0.36115968704320967	ac
SLC26A3	0.3554971473474535	me3_domain
DLD	0.31518249262807585	ac
LAMB1	0.30237633264979413	me1
LAMB4	0.29231248379302843	ac
NRCAM	0.3901196227230579	me3_domain
PNPLA8	0.4349267917810372	ac
THAP5	0.44478337437826465	ac
DNAJB9	0.44659098882088677	ac
IMMP2L	0.6530502257493251	me2
LRRN3	0.7287219025830936	Unassigned
DOCK4	0.618278388419226	me3
ZNF277	0.5991999518740534	me2
IFRD1	0.5818916392803565	ac
ENSG00000288640	0.5883178948259508	ac
ENSG00000288634	0.580241077479049	ac
LSMEM1	0.5956697738742744	me2
TMEM168	0.590796995367508	ac
BMT2	0.6438616278270406	me2
GPR85	0.6376720986066879	ac
SMIM30	0.6373094857397358	ac
PPP1R3A	0.8210043381091829	Unassigned
FOXP2	0.8207259537677625	Unassigned
MDFIC	0.8438275903427976	Unassigned
TFEC	0.5947588285201976	Unassigned
TES	0.46859954113272406	ac
CAV2	0.40777984415841206	ac
CAV1	0.3833699732849736	me3_domain
MET	0.3730463499142683	me3_domain
CAPZA2	0.313262576336478	me3
ST7	0.3296712387926829	me1
ENSG00000288635	0.29707289185089014	ac
WNT2	0.4692532307517341	me3_domain
CFTR	0.5853259764290003	me3
ASZ1	0.530007634913626	me2
CTTNBP2	0.7030924373795571	me3
LSM8	0.7147041383265262	ac
ANKRD7	0.7505102720411765	Unassigned
KCND2	0.5115084825405786	Unassigned
TSPAN12	0.33589846012229985	me3_domain
ING3	0.257246014979989	ac
CPED1	0.31541090412190764	ac
WNT16	0.3772581505567487	me3_domain
FAM3C	0.37788569548466966	ac
PTPRZ1	0.7224198739241425	Unassigned
AASS	0.7423782825543055	Unassigned
FEZF1	0.7992567635445407	me3_domain
CADPS2	0.8039615903901584	Unassigned
RNF133	0.8067250373830727	Unassigned
RNF148	0.8061623995795747	me1
TAS2R16	0.7635053148971657	me1
SLC13A1	0.7009691142801233	Unassigned
IQUB	0.4831926692399895	ac
NDUFA5	0.45508116515074115	ac
ASB15	0.45195204172538406	me2
LMOD2	0.4623911381121971	me3_domain
WASL	0.47053771489199436	ac
HYAL4	0.5027602744462251	me2
SPAM1	0.5758972299191958	Unassigned
TMEM229A	0.6434145414620911	me3
SSU72L6	0.7766092763036438	me1
GPR37	0.7370594310510714	me3
POT1	0.7491041288551343	me1
GRM8	0.7133199811248145	me2
ZNF800	0.49449922389012724	ac
GCC1	0.40954045380825854	me1
ARF5	0.4088427858142698	ac
FSCN3	0.4067395433082658	me3_domain
PAX4	0.40235589123623416	me3_domain
SND1	0.43001965498962946	me1
LRRC4	0.38203860415752033	me1
LEP	0.328684083064507	me3_domain
RBM28	0.3079303652549149	me1
PRRT4	0.2941125628209009	me3_domain
IMPDH1	0.26612421105699324	me1
HILPDA	0.23118485922506204	ac
METTL2B	0.2228914007992604	ac
GARIN1A	0.2651043370246611	me3_domain
GARIN1B	0.2455118830588673	me3_domain
CALU	0.23125156378955325	ac
OPN1SW	0.22616480283449536	me1
CCDC136	0.22399742943714984	me1
FLNC	0.2263457213355211	ac
KCP	0.23143988807762328	me2
ATP6V1F	0.2286625990170037	ac
ATP6V1FNB	0.22927109525543699	me1
IRF5	0.23879002716734032	me3_domain
TNPO3	0.2594980667037351	me1
TSPAN33	0.34063223818433297	me3_domain
SMO	0.3398548164819616	me3_domain
AHCYL2	0.30573442985146326	me2
STRIP2	0.28890022200063414	ac
SMKR1	0.2854768531030213	me3_domain
NRF1	0.27766343687090955	me1
UBE2H	0.2567351849482934	me1
ZC3HC1	0.24079047872609338	ac
KLHDC10	0.23917543678225717	ac
TMEM209	0.24920219226961404	ac
SSMEM1	0.2583528422388903	ac
CPA2	0.3003131245833667	me3_domain
CPA4	0.31565963367177285	me3_domain
CPA5	0.32598766470457874	me3_domain
CPA1	0.3306715283876348	me2
CEP41	0.3560144702732537	me3_domain
MEST	0.5140146528603633	me2
COPG2	0.5101925048710789	me2
TSGA13	0.4288632462656147	me3_domain
KLF14	0.4175760037790276	me3_domain
MKLN1	0.4130759616081222	Unassigned
PODXL	0.48128320104978695	me3_domain
PLXNA4	0.6110856011707668	me3_domain
CHCHD3	0.5358759882231039	me1
EXOC4	0.5701208386673877	me2
LRGUK	0.4591470021436017	ac
SLC35B4	0.470905447053911	me1
AKR1B1	0.5435271327324962	me3_domain
AKR1B10	0.5876672568996367	me3_domain
AKR1B15	0.5966347360325754	me3_domain
BPGM	0.6105076765673321	me1
CALD1	0.6125513755474168	me3_domain
AGBL3	0.5209219650854455	me2
CYREN	0.4865251982862444	ac
TMEM140	0.47356092445032394	ac
WDR91	0.4493737689567965	me1
STRA8	0.4193084634743336	me3_domain
CNOT4	0.32441415647550187	me1
NUP205	0.2993225196449262	ac
STMP1	0.3096802751548128	ac
SLC13A4	0.3166418143087901	me2
FAM180A	0.32593249673647007	me3_domain
MTPN	0.30027894296192914	ac
CHRM2	0.6449271093470101	Unassigned
PTN	0.6784126656706368	Unassigned
DGKI	0.583421290532703	me3
CREB3L2	0.484395825142656	ac
AKR1D1	0.4777613279182781	me2
TRIM24	0.515985613764272	me1
SVOPL	0.5066751698321548	me3_domain
ATP6V0A4	0.4565442190892647	me3_domain
TMEM213	0.418917036069405	me3_domain
KIAA1549	0.36506816013947907	me3_domain
ZC3HAV1L	0.2832810164477929	me3_domain
ZC3HAV1	0.26743108468158294	ac
TTC26	0.2663450379601112	me1
UBN2	0.26861827363755975	me1
FMC1	0.27555670346671013	ac
LUC7L2	0.2910512316313414	ac
FMC1-LUC7L2	0.2910148331368706	ac
KLRG2	0.3390015775803126	me3_domain
CLEC2L	0.3733921335575361	me3_domain
HIPK2	0.4102188084829854	me2
TBXAS1	0.38000822650042876	me2
PARP12	0.34736314903607535	me1
KDM7A	0.3330766847347658	me2
SLC37A3	0.3062271335393467	me1
RAB19	0.2952627974754114	me3_domain
MKRN1	0.2946051987691838	ac
DENND2A	0.3395872592385015	me3_domain
ADCK2	0.37715313476701806	me1
NDUFB2	0.3851811392369707	ac
BRAF	0.42061981094758527	me1
MRPS33	0.45843141433241885	ac
TMEM178B	0.5505008736902559	me3_domain
AGK	0.5367179446396484	me1
DENND11	0.525910232966741	me3_domain
WEE2	0.535648039222895	me3_domain
SSBP1	0.5555086742749568	me1
TAS2R3	0.5560454514297856	me1
TAS2R4	0.5633136063281308	me1
TAS2R5	0.5690444845556936	me1
PRSS37	0.5912392403590887	me2
OR9A1P	0.6090913638431186	me2
MGAM	0.6479956561942954	me2
OR9A4	0.6194069347159001	me2
CLEC5A	0.6256465414537771	me2
TAS2R38	0.6365798711131456	me2
MGAM2	0.6993364274631021	me2
PRSS58	0.6997321474214315	me2
PRSS1	0.6121392020696326	me3_domain
PRSS2	0.6079035568237305	me3
EPHB6	0.5650950544331673	me3_domain
TRPV6	0.5569825610182487	me3_domain
TRPV5	0.5404373031747154	me3_domain
LLCFC1	0.5357169839260132	me1
KEL	0.5333255547963838	ac
OR9A2	0.5261787815163066	me3_domain
OR6V1	0.521880364030078	me3_domain
PIP	0.4889730392459577	me3
TAS2R39	0.46824715521173654	me3
TAS2R40	0.45815151595509174	me3_domain
GSTK1	0.453703087165766	ac
TMEM139	0.4512435991628758	ac
CASP2	0.4497545275014425	ac
CLCN1	0.443987316100553	me3_domain
FAM131B	0.4389416957873984	me3_domain
ZYX	0.4332399865215958	ac
EPHA1	0.43088213925271956	me3_domain
TAS2R60	0.43004294547976185	me3_domain
TAS2R41	0.4410405793854204	me3_domain
OR10AC1	0.4649281727882849	me3_domain
CTAGE15	0.5126004180929473	me3
TCAF2	0.5091686056408683	ac
TCAF2C	0.5298311222097075	me1
CTAGE6	0.4682884119038042	me3
TCAF1	0.5134675658466492	ac
OR2F2	0.5382609775976612	me3_domain
OR2F1	0.5542707127141628	me2
OR6B1	0.5677680420508132	me3_domain
OR2A5	0.5945109531082655	me2
OR2A25	0.6036015751652272	me2
OR2A12	0.6110892758755768	me2
OR2A2	0.6157951537820838	me2
OR2A14	0.6188889274567541	me2
CTAGE4	0.6282847972569129	me3
ARHGEF35	0.6303544176014594	me3
OR2A42	0.6519026445513152	me2
OR2A7	0.674245634588075	me2
CTAGE8	0.6804832098658814	me3
OR2A1	0.7279632627084616	me2
ARHGEF5	0.7679868723698644	me2
NOBOX	0.7854373936698135	me3_domain
TPK1	0.8045931942706119	me2
CNTNAP2	0.7543907956519148	Unassigned
C7ORF33	0.3913614840766072	me3_domain
CUL1	0.3442016184637784	ac
EZH2	0.2967593574520542	ac
PDIA4	0.2647461016228949	me1
ZNF786	0.2791531499628883	me1
ZNF425	0.28185899940535175	ac
ZNF398	0.28189713224516777	ac
ZNF282	0.28554181991213223	me1
ZNF212	0.29444371353261	me1
ZNF783	0.30560594839248123	me3_domain
ZNF777	0.3428293900977516	me1
ZNF746	0.3474563550908937	me1
KRBA1	0.3727486131256337	me1
ZNF467	0.37394230341973167	ac
ZNF862	0.39244588844262573	me3_domain
ATP6V0E2	0.40503095566845304	me2
ACTR3C	0.3179948972079282	ac
LRRC61	0.2926807602387608	ac
RARRES2	0.28939777133764355	me2
REPIN1	0.2855471649971142	ac
ZNF775	0.2867355714930926	ac
ENSG00000284691	0.29136488911576963	ac
GIMAP8	0.31735809417937877	me3_domain
GIMAP7	0.3442180621256533	me3_domain
GIMAP4	0.3600755722156542	me3_domain
GIMAP6	0.3579647066883054	me3_domain
GIMAP2	0.33796927894008033	me3
GIMAP1	0.32364201000366133	me3_domain
GIMAP1-GIMAP5	0.3188002412386247	me3_domain
GIMAP5	0.3157908832789552	me3_domain
TMEM176B	0.2839892888439395	me3_domain
TMEM176A	0.2810873080334353	me3_domain
AOC1	0.2590451671210643	me3_domain
KCNH2	0.2035216744623236	ac
NOS3	0.19495534081810673	ac
ATG9B	0.19379187166293133	me1
ABCB8	0.1943575495314337	me1
ASIC3	0.19561530227870538	me1
CDK5	0.19658741260733448	ac
SLC4A2	0.198572826960979	ac
ENSG00000288608	0.19750220896741755	ac
FASTK	0.20159866040521013	ac
TMUB1	0.20255357202388358	ac
AGAP3	0.21352912019199122	me1
GBX1	0.2334367243994433	me3_domain
ASB10	0.2427914038673752	me3_domain
IQCA1L	0.25027982155487405	me3_domain
H2BK1	0.2549959796099125	me1
ABCF2-H2BK1	0.2584935387697235	me1
ABCF2	0.25926606349719217	me1
CHPF2	0.26572479527611936	me1
SMARCD3	0.2733446015039821	me3_domain
NUB1	0.2886116090583285	me1
WDR86	0.2908843789473192	ac
CRYGN	0.29788798932686844	me3_domain
RHEB	0.32307692889993234	me1
PRKAG2	0.4402240011771458	me3_domain
GALNTL5	0.4412849794199637	me3_domain
GALNT11	0.42685627936778114	me1
KMT2C	0.40273838222988834	me1
XRCC2	0.3254346914058778	ac
ACTR3B	0.37576708712915063	me1
DPP6	0.6640257269527012	me3
PAXIP1	0.5376318787441274	ac
HTR5A	0.514493211485168	me3_domain
INSIG1	0.49864802606251046	ac
EN2	0.48533649811044566	me3_domain
CNPY1	0.4770240242314755	me3_domain
ENSG00000283128	0.4677288747756366	me3_domain
RBM33	0.4697503867113242	me1
SHH	0.5164491400355156	me3_domain
RNF32	0.4074430310919064	ac
LMBR1	0.3419811675019194	me1
NOM1	0.312987451761894	ac
MNX1	0.32019857412788866	me2
UBE3C	0.33717669407901274	ac
DNAJB6	0.3399785745833853	me1
PTPRN2	0.540084627752439	me3_domain
NCAPG2	0.2866519472759689	me1
ESYT2	0.25941136440290113	me1
DYNC2I1	0.3140780259346394	ac
VIPR2	0.39220465559185524	me3_domain
OR4F21	0.572166140390586	ac
ZNF596	0.5409685556267878	ac
FBXO25	0.5935286235985204	me2
TDRP	0.6105155028086884	me3
ERICH1	0.617400241113484	me1
DLGAP2	0.5720030115681694	me3_domain
CLN8	0.36653217155433215	ac
KBTBD11-OT1	0.3999235963845382	me3
ARHGEF10	0.4108695429061523	me3_domain
KBTBD11	0.4276636310694214	me3_domain
MYOM2	0.49570909714148126	me3_domain
CSMD1	0.7513074876224701	Unassigned
MCPH1	0.4423831057924976	me1
ANGPT2	0.4469833225933384	me1
AGPAT5	0.373179349552757	ac
XKR5	0.38812725530823033	me3_domain
DEFB1	0.4264307617498344	me3_domain
DEFA6	0.46834148777232454	me3_domain
DEFA4	0.4767890559755221	me3_domain
DEFA1	0.5017191629044271	me3
DEFA1B	0.5106311949772422	me3
DEFA3	0.5183887873838997	me3
DEFA5	0.532151638024742	me3
DEFB109B	0.5470873609491604	Unassigned
ZNF705G	0.5619522488988957	Unassigned
DEFB108C	0.5625820683149496	Unassigned
DEFB4B	0.554785080754745	me3
DEFB103B	0.549902150380035	me3
SPAG11B	0.5438715510983936	me3
DEFB104B	0.5440879331646544	me3
DEFB106B	0.5482892251710927	Unassigned
DEFB105B	0.550007569367031	Unassigned
DEFB107B	0.5610827001907139	Unassigned
PRR23D1	0.6168334548842458	me3
PRR23D2	0.6275509249212977	me3
DEFB107A	0.6345553437103766	Unassigned
DEFB105A	0.6356073852885407	Unassigned
DEFB106A	0.6356800913534233	Unassigned
DEFB104A	0.6340333027459473	me3
SPAG11A	0.6230256686378887	me3
DEFB103A	0.5975357954267044	me3
DEFB4A	0.5770059828507272	me3
ZNF705B	0.4990354715772687	Unassigned
PRAG1	0.4621409520490315	me2
CLDN23	0.39022356932676283	me3_domain
MFHAS1	0.32628422447963046	me1
ERI1	0.3617805992743489	ac
PPP1R3B	0.3644773405673457	me1
TNKS	0.5075670025496147	Unassigned
MSRA	0.5574903102831061	me3_domain
PRSS51	0.43259113547092154	me3_domain
PRSS55	0.41485675371664665	me3_domain
RP1L1	0.3605980577348662	me2
C8ORF74	0.35626274408920566	me2
SOX7	0.3602026338025558	me2
PINX1	0.37638197590192635	me1
XKR6	0.47252060394457274	me3_domain
MTMR9	0.4355700971177201	Unassigned
SLC35G5	0.43491328566264176	me2
FAM167A	0.4245628930691082	me3_domain
BLK	0.3985128493861738	me3_domain
GATA4	0.3098887187016146	me3_domain
NEIL2	0.2715010788184914	me1
FDFT1	0.24966166745267127	ac
CTSB	0.23443826363130116	ac
DEFB136	0.24471940146679627	me3_domain
DEFB135	0.24881473032252188	me3_domain
DEFB134	0.2580313634333292	Unassigned
DEFB130B	0.3411540513872059	Unassigned
ZNF705D	0.39491427866879836	Unassigned
FAM86B1	0.47441911724890484	ac
DEFB130A	0.4324576117003628	Unassigned
FAM86B2	0.5400317729058799	ac
LONRF1	0.6322585965318803	ac
TRMT9B	0.6037857914586251	me3_domain
DLC1	0.6615895923932595	ac
C8ORF48	0.7530803560619512	me1
SGCZ	0.7845323167981657	Unassigned
TUSC3	0.5568030689554404	ac
MSR1	0.7421220400105171	Unassigned
FGF20	0.6522382682906209	me3
MICU3	0.6260823952509454	Unassigned
ZDHHC2	0.5913265599260524	me3
CNOT7	0.5856968628347234	ac
VPS37A	0.5868596762561975	ac
MTMR7	0.596015450995647	me3
SLC7A2	0.6003404153692549	me3
PDGFRL	0.5785542906891497	me3
MTUS1	0.5243533575696778	me3
FGL1	0.4542932466005669	me3
PCM1	0.39912610621174527	ac
ASAH1	0.352270266492567	ac
NAT1	0.3810351181459839	me2
NAT2	0.5345044880378962	me2
PSD3	0.6593458909928732	me3
SH2D4A	0.6846962640589511	me3
CSGALNACT1	0.6506283123211083	me3
INTS10	0.5540643431071968	ac
LPL	0.5583536572619499	Unassigned
SLC18A1	0.520460126567299	me3_domain
ATP6V1B2	0.518925244000414	ac
LZTS1	0.5311156722445789	me3_domain
GFRA2	0.41760742273032914	me3_domain
DOK2	0.3061045248084726	me2
XPO7	0.2680727736615184	ac
NPM2	0.2362209820440978	me2
FGF17	0.23453201188953643	me2
DMTN	0.2351738570702273	ac
FHIP2B	0.23911645926377778	me1
NUDT18	0.24148741753546732	ac
HR	0.2449883879438306	me3_domain
HRURF	0.24647069136404032	me3_domain
REEP4	0.24844647528964714	ac
LGI3	0.250802054494606	me3_domain
SFTPC	0.25220520136194113	me3_domain
BMP1	0.2561795840923733	me1
PHYHIP	0.2602907550127632	me1
POLR3D	0.26224974860820727	ac
PIWIL2	0.26946214932507573	me3
SLC39A14	0.27424495998417986	me1
PPP3CC	0.26590598107558927	ac
SORBS3	0.2691987005230826	me3_domain
PDLIM2	0.2763751273767261	me3_domain
ENSG00000248235	0.2786490744569423	me2
C8ORF58	0.2805785506190759	me2
CCAR2	0.2840582430479084	me1
BIN3	0.2940249674511396	me1
EGR3	0.3060379087369276	me2
PEBP4	0.3202838587870245	me3_domain
RHOBTB2	0.3315078241385646	me2
TNFRSF10B	0.33914007972111937	me1
ENSG00000284956	0.33647754187753265	me3_domain
TNFRSF10C	0.3340735775270324	me3_domain
TNFRSF10D	0.3186280749492023	me3_domain
TNFRSF10A	0.29897598234075784	ac
CHMP7	0.29530900589175235	me1
R3HCC1	0.2965357817339441	me1
LOXL2	0.2762227791510622	me3_domain
ENTPD4	0.24771677022230354	me2
SLC25A37	0.21868141783528916	ac
NKX3-1	0.3079469366848627	me3_domain
NKX2-6	0.33162512055381654	me3_domain
STC1	0.41084929950987337	me2
ADAM28	0.6420358187736986	Unassigned
ADAMDEC1	0.6862785213706601	Unassigned
ADAM7	0.736953307349473	Unassigned
NEFM	0.6976840284137278	me2
NEFL	0.6854080434579624	me2
DOCK5	0.6191325743403475	me3
GNRH1	0.6069244704634877	Unassigned
KCTD9	0.6077833353887432	ac
CDCA2	0.6119367806526975	ac
EBF2	0.5508788916365288	me3
PPP2R2A	0.3816708014746719	ac
BNIP3L	0.3808341685827621	ac
PNMA2	0.3953059515024351	me3_domain
DPYSL2	0.4317868259921738	me3_domain
ADRA1A	0.5346596804271351	me3
STMN4	0.34692870520430086	me3_domain
TRIM35	0.31411313568448407	me1
PTK2B	0.3095639572398693	me1
CHRNA2	0.3190455918526929	me2
EPHX2	0.3230867502171003	me1
CLU	0.33372792819086494	me2
SCARA3	0.34641771129513343	me3_domain
CCDC25	0.3732202319162936	me1
ESCO2	0.37947490960315755	ac
PBK	0.3831658707939237	ac
SCARA5	0.40359129525570914	me3_domain
NUGGC	0.4313844249975206	me3_domain
ELP3	0.4304327233609757	me1
PNOC	0.36262829216736536	me3_domain
ZNF395	0.36235921149038175	me2
FBXO16	0.36410908269200526	me3_domain
FZD3	0.3492729159881357	Unassigned
EXTL3	0.30994909309481855	me1
INTS9	0.34079678760250065	ac
HMBOX1	0.3553150043027319	ac
KIF13B	0.33146273288719486	me1
DUSP4	0.33663432742053745	me3_domain
SARAF	0.33404652900339626	ac
LEPROTL1	0.33295037740571987	ac
MBOAT4	0.3324597326335246	me1
DCTN6	0.3348230694944939	ac
RBPMS	0.308017134226108	me3_domain
GTF2E2	0.25965289676006553	ac
SMIM18	0.25036690249243554	ac
GSR	0.22749467441805493	ac
UBXN8	0.21926100624727296	ac
PPP2CB	0.2219667135942618	ac
TEX15	0.2432816423741726	me1
PURG	0.2997659776029806	ac
WRN	0.3390525440640727	ac
NRG1	0.7293916544521162	Unassigned
ENSG00000286131	0.7224129591317012	me2
FUT10	0.4290823850664065	me1
TTI2	0.39672500534924016	ac
MAK16	0.39705230855598406	ac
RNF122	0.3826840464473795	me3
DUSP26	0.39656065059195156	me3_domain
UNC5D	0.8458245424685442	Unassigned
KCNU1	0.6760694061931305	Unassigned
ZNF703	0.3092055731704555	me3_domain
ERLIN2	0.28249639268908056	ac
PLPBP	0.2698890250033772	me1
ADGRA2	0.2518032573793424	me1
BRF2	0.24170229893971462	ac
RAB11FIP1	0.23477938154170686	ac
GOT1L1	0.21971890347523693	me2
ENSG00000285880	0.21498551207342786	me2
ADRB3	0.2095395575335124	me2
EIF4EBP1	0.176944922470465	ac
ASH2L	0.15129348447488655	ac
STAR	0.14585974940927315	ac
LSM1	0.14280552415988224	ac
BAG4	0.14372618905700407	ac
DDHD2	0.16369002481239958	ac
PLPP5	0.17385000433183162	me1
NSD3	0.2222669446545983	ac
LETM2	0.2710159118402642	ac
FGFR1	0.28494325817567145	me3_domain
TACC1	0.36438100100996285	me1
PLEKHA2	0.3520825937876576	me1
HTRA4	0.3520602793074482	me1
TM2D2	0.353679309018742	ac
ADAM9	0.3742592792366678	me1
ADAM32	0.47238953321684607	me2
ADAM18	0.6017126357264313	Unassigned
ADAM2	0.601460903665294	Unassigned
IDO1	0.6016279927594905	Unassigned
IDO2	0.5979005260186085	ac
TCIM	0.6534027656779016	me3
ZMAT4	0.6502002584648018	me3
SFRP1	0.41824814135732247	me3_domain
GOLGA7	0.300720252106331	ac
GINS4	0.29123168754271334	me1
GPAT4	0.2745526885322165	me1
NKX6-3	0.2558773356585452	me3_domain
ANK1	0.20592206920514433	ac
KAT6A	0.27915225724822623	me1
AP3M2	0.24726972312339413	me1
PLAT	0.2324854706360533	me2
IKBKB	0.2633474995260514	me1
POLB	0.30118433348285867	me1
DKK4	0.31240146604922003	Unassigned
VDAC3	0.31933940302069264	ac
SLC20A2	0.31449304918833487	me1
SMIM19	0.3044291529665918	ac
CHRNB3	0.334863323515025	me2
CHRNA6	0.3298280184777682	ac
THAP1	0.32597736651774045	ac
RNF170	0.32692775213597225	ac
HOOK3	0.3350346447943625	me1
ENSG00000254673	0.3465499853879206	ac
FNTA	0.3487966336800955	ac
POMK	0.3623602166521698	me1
HGSNAT	0.38839628184269537	ac
POTEA	0.49499263006402816	Unassigned
SPIDR	0.39682975082229566	me1
CEBPD	0.34194144745279587	ac
PRKDC	0.29771267996635065	ac
MCM4	0.25717828055859415	ac
UBE2V2	0.267853439303687	ac
CLXN	0.63962732060008	me3
SNAI2	0.672979021074242	me3_domain
PPDPFL	0.7215702927577738	me2
SNTG1	0.8611135612722778	Unassigned
PXDNL	0.7996069890934752	Unassigned
PCMTD1	0.7076380221370311	ac
ST18	0.7354449689188212	me2
ALKAL1	0.6655599882263117	me3
RB1CC1	0.6626652251027387	ac
NPBWR1	0.6895174112015965	me3
OPRK1	0.6701412399784101	me3
ATP6V1H	0.3622852222037459	me1
RGS20	0.3010628621941166	me3
TCEA1	0.2945673004958874	ac
LYPLA1	0.2915489257937245	ac
MRPL15	0.3013464107890248	ac
SOX17	0.45630548835704277	me3_domain
RP1	0.5625121402739341	Unassigned
XKR4	0.4879468513757427	me3
TMEM68	0.20493935363160676	ac
TGS1	0.1846790227793551	ac
LYN	0.20557185730264604	ac
RPS20	0.25472500353297234	ac
MOS	0.28106649687569374	me3_domain
PLAG1	0.32889860398504345	me3_domain
CHCHD7	0.3476091411558646	ac
SDR16C5	0.411707300252387	me3
PENK	0.5100557568472588	me3
BPNT2	0.6394831500104179	me1
FAM110B	0.6194809723742472	me3
UBXN2B	0.3722941552610819	me1
CYP7A1	0.3349122010930171	me3_domain
SDCBP	0.3201911716840975	ac
NSMAF	0.31198971270104014	ac
TOX	0.4596787046499238	me2
CA8	0.43233166552976243	me1
RAB2A	0.4212128963687658	me1
CHD7	0.46859307462739697	me1
CLVS1	0.6069641485805215	me3
ASPH	0.6598048990045291	ac
NKAIN3	0.820702026868835	Unassigned
GGH	0.7008392439435118	ac
TTPA	0.6862950548051294	me3_domain
YTHDF3	0.6673634785723486	ac
BHLHE22	0.7318955398942562	me2
CYP7B1	0.7771266641204371	Unassigned
ARMC1	0.3829590109156996	ac
MTFR1	0.3842696269206184	ac
PDE7A	0.39057255055889906	ac
DNAJC5B	0.4953933250668606	me3_domain
TRIM55	0.5299823607462392	me3_domain
CRH	0.5375481613371588	me2
RRS1	0.4672125263073865	ac
ENSG00000285655	0.4622227528133652	ac
ENSG00000285791	0.4439162410043377	me3_domain
ADHFE1	0.4549470599003156	me3_domain
VXN	0.43182269653698424	me3_domain
MYBL1	0.4216725180848184	me3
VCPIP1	0.4208644127854243	ac
C8ORF44-SGK3	0.407213922784895	ac
SGK3	0.4041099456775382	Unassigned
MCMDC2	0.3910873045221058	Unassigned
TCF24	0.3729111709380455	me2
PPP1R42	0.3552867944781908	Unassigned
COPS5	0.3536307855058667	ac
CSPP1	0.3739907049563105	ac
ARFGEF1	0.40276311400876774	me1
CPA6	0.5715325230664774	me3
PREX2	0.5694231362796225	Unassigned
C8ORF34	0.7494654695298326	Unassigned
SULF1	0.7776420204828226	me2
SLCO5A1	0.7165090659917025	me2
PRDM14	0.6049651495091437	me3_domain
NCOA2	0.587560787941005	Unassigned
TRAM1	0.5187227888115955	ac
LACTB2	0.5404755048224172	ac
XKR9	0.5681901450321705	me2
EYA1	0.8066432860954047	Unassigned
MSC	0.7754417660017927	me3_domain
TRPA1	0.7392046694008352	me2
KCNB2	0.6398705214505012	me2
TERF1	0.5061285832631244	me1
SBSPON	0.4591248453537674	me3_domain
C8ORF89	0.3846232993920644	Unassigned
RPL7	0.3643152844272304	ac
RDH10	0.35732478076881835	ac
STAU2	0.34280982260937176	me1
ENSG00000258677	0.3395860626748255	me1
UBE2W	0.3374148635195807	me1
ELOC	0.340551000409026	ac
TMEM70	0.34728758286408645	ac
LY96	0.3616080741762374	me2
JPH1	0.5223982484784668	me3
GDAP1	0.6190193110051541	Unassigned
PI15	0.7765584334304922	Unassigned
CRISPLD1	0.8140157466361848	Unassigned
HNF4G	0.8253650271666942	Unassigned
ZFHX4	0.7382765818489484	Unassigned
PEX2	0.7984393496002758	ac
PKIA	0.7938664143513949	Unassigned
ZC2HC1A	0.7501024465026636	Unassigned
IL7	0.7305748961520642	Unassigned
STMN2	0.39430214183977585	me2
HEY1	0.32644134790812473	ac
MRPS28	0.32158542262958745	ac
ENSG00000276418	0.33715580008171797	ac
TPD52	0.41891846085677553	me3
ZBTB10	0.5740301058300044	ac
ZNF704	0.6590975173217242	me3
PAG1	0.7147212172162176	me3
FABP5	0.6950013760417892	ac
PMP2	0.6485881815104759	me2
FABP9	0.6436915685531585	me2
FABP4	0.6349367164147601	Unassigned
FABP12	0.5861630880628541	me2
IMPA1	0.557046980823048	ac
SLC10A5	0.5548114833486139	me1
ZFAND1	0.5488830822120716	ac
CHMP4C	0.5381110297598968	ac
SNX16	0.5182183427071396	ac
RALYL	0.8272860449146895	Unassigned
LRRCC1	0.5783884767454504	ac
E2F5	0.555142361391953	ac
RBIS	0.5554405724882481	ac
CA13	0.5695715001513038	me2
CA1	0.6499349904502558	me2
CA3	0.6798076387701117	me3
CA2	0.6766519162115134	me3_domain
ATP6V0D2	0.5130818552192635	me3
PSKH2	0.5065876915697323	me3
SLC7A13	0.5767139489031703	me2
WWP1	0.5971393432897913	me1
RMDN1	0.617920327730529	ac
CPNE3	0.6210052397400941	me1
CNGB3	0.6472200675716975	me2
CNBD1	0.8440572695891527	Unassigned
DCAF4L2	0.8794968778753649	ac
MMP16	0.8532269100169025	Unassigned
RIPK2	0.39146151724056555	ac
OSGIN2	0.320088790154316	ac
NBN	0.300417754965736	ac
DECR1	0.2746940384462395	ac
CALB1	0.2564614533694648	Unassigned
TMEM64	0.43069462397906644	ac
NECAB1	0.3955608840592577	me3
C8ORF88	0.3521969050778604	ac
PIP4P2	0.35054470855598996	ac
OTUD6B	0.3544078915558714	ac
LRRC69	0.38057810039087725	me2
SLC26A7	0.46280840241426957	me2
RUNX1T1	0.7357859977657939	me2
TRIQK	0.6949890529595337	me2
CIBAR1	0.42766485671989085	Unassigned
RBM12B	0.42341636721554543	ac
TMEM67	0.4164477799075512	Unassigned
PDP1	0.4428827591224669	me3_domain
CDH17	0.4451625167645643	me3_domain
GEM	0.4004784964486917	me3_domain
RAD54B	0.32235062700142436	ac
FSBP	0.3299894314647007	ac
VIRMA	0.29816615149728587	me1
ESRP1	0.3306074109703723	me3_domain
DPY19L4	0.3094216360094114	me1
INTS8	0.2800360941500706	ac
CCNE2	0.270596184851676	ac
NDUFAF6	0.2301211702418562	ac
TP53INP1	0.2568735517185411	me2
PLEKHF2	0.2021646081178602	ac
CFAP418	0.24967752834001633	ac
GDF6	0.4519093191255176	me3_domain
UQCRB	0.42395463712075176	ac
MTERF3	0.4253831101942879	ac
PTDSS1	0.43495964429822676	ac
SDC2	0.39745109617424534	me3_domain
CPQ	0.4807257946451178	Unassigned
TSPYL5	0.4562525644216483	me3_domain
MTDH	0.29723861362736614	ac
LAPTM4B	0.2746515018112011	me1
MATN2	0.31946255695983183	me3_domain
RPL30	0.32841953831603565	ac
ERICH5	0.3232284428347595	me3_domain
RIDA	0.32412370727554485	ac
POP1	0.3303956085096956	ac
NIPAL2	0.36451160128093907	Unassigned
STK3	0.3676632288507059	Unassigned
KCNS2	0.39471565780949425	me3_domain
OSR2	0.3211782960622126	me1
VPS13B	0.48807307884739815	Unassigned
COX6C	0.4597390484007313	ac
RGS22	0.45438134648561657	Unassigned
FBXO43	0.4446023958743951	Unassigned
POLR2K	0.4443685140481307	ac
SPAG1	0.4393370669631055	Unassigned
RNF19A	0.42166148755708965	ac
ANKRD46	0.41656481334190854	Unassigned
SNX31	0.37173719104835357	me3_domain
PABPC1	0.3327939255491559	ac
YWHAZ	0.2848871448178636	ac
ZNF706	0.2675516353445304	ac
GRHL2	0.4910991616345618	me3_domain
NCALD	0.47389189823316313	Unassigned
RRM2B	0.39824852201053274	ac
UBR5	0.3603500327686924	ac
ODF1	0.3259216233689628	me2
KLF10	0.32932820197407764	ac
AZIN1	0.32339750531589573	ac
ENSG00000289653	0.32409744429500864	ac
ATP6V1C1	0.3975282522259401	me1
BAALC	0.5167998580613107	me3
FZD6	0.568182505427722	me3
CTHRC1	0.5722950672758687	ac
SLC25A32	0.5746582775849354	ac
ENSG00000285982	0.5859382607252979	ac
DCAF13	0.5785438649986283	ac
RIMS2	0.5952780107702802	Unassigned
DPYS	0.36738056171948996	me3_domain
DCSTAMP	0.3932025840565292	me3_domain
LRP12	0.26873636440751425	ac
ZFPM2	0.3633748613239145	ac
OXR1	0.6217676984290085	me3
ABRA	0.6011469492971481	me3_domain
ANGPT1	0.4608798789829691	ac
RSPO2	0.6837347949494745	Unassigned
EIF3E	0.6624089906357105	Unassigned
EMC2	0.695646395895464	ac
TMEM74	0.6920890792066712	Unassigned
TRHR	0.6011576180978624	me2
NUDCD1	0.5448317859980999	me1
ENY2	0.5286523431308779	ac
PKHD1L1	0.52164969861408	Unassigned
EBAG9	0.52873415729539	ac
ENSG00000289767	0.5258755418644395	ac
SYBU	0.5591200105991869	me3
KCNV1	0.7628236627143135	me2
CSMD3	0.8793377489451523	Unassigned
TRPS1	0.5490285297095335	ac
EIF3H	0.38514233905085593	ac
UTP23	0.3766068244533618	me3_domain
RAD21	0.36724336639931965	ac
AARD	0.4066521699892559	me3_domain
SLC30A8	0.5079243729668752	me2
MED30	0.7670486653385951	ac
EXT1	0.7865761489776484	me2
SAMD12	0.8234870956559484	Unassigned
TNFRSF11B	0.8373541292529179	Unassigned
COLEC10	0.8449133757432571	Unassigned
MAL2	0.8490702343635141	Unassigned
CCN3	0.7581434741345379	me2
ENPP2	0.6540095010733619	me3
TAF2	0.5932023916113278	me1
DSCC1	0.605168904375617	ac
DEPTOR	0.6487624856756238	me3_domain
COL14A1	0.6867110800498128	me2
MRPL13	0.7334893082992522	me1
MTBP	0.7077975888908672	Unassigned
SNTB1	0.7205560481353872	me2
HAS2	0.7834281834645598	Unassigned
ZHX2	0.34674079000936187	me3_domain
DERL1	0.263579529872501	ac
TBC1D31	0.22043888362286157	ac
FAM83A	0.19566324783556832	ac
C8ORF76	0.20595784314680576	ac
ZHX1-C8ORF76	0.21241686381600478	ac
ZHX1	0.21629798432607794	ac
ATAD2	0.23319295069383206	ac
NTAQ1	0.2596221380561521	me1
FBXO32	0.30319723421964073	me3_domain
KLHL38	0.3483549893058866	me3_domain
ANXA13	0.3584591346398228	me3_domain
FAM91A1	0.3597768280725262	Unassigned
FER1L6	0.35711065221599014	me2
TMEM65	0.3311705597844	Unassigned
TRMT12	0.2872148267142569	ac
RNF139	0.2812409420674704	ac
TATDN1	0.27630700621604587	ac
NDUFB9	0.27080609308126924	ac
MTSS1	0.25589265492649915	me2
ZNF572	0.2845432282139332	me1
SQLE	0.2971861446905565	ac
WASHC5	0.31375262525488556	me1
NSMCE2	0.3221258988769786	me1
TRIB1	0.2980714279873139	ac
LRATD2	0.6388319434490712	me3_domain
POU5F1B	0.48232157489209326	me2
MYC	0.259609646337025	ac
GSDMC	0.2532860975921001	me2
CYRIB	0.2961270614609919	me1
ASAP1	0.34104057422159106	me1
ADCY8	0.6103089824624486	me2
EFR3A	0.6751853499352631	me1
OC90	0.7016836356038081	me3
ENSG00000258417	0.7029097694674913	me3
HHLA1	0.7025361398915135	me3
KCNQ3	0.6899965459578652	me2
DNAAF11	0.6741016905421171	me3
TMEM71	0.6307478171380969	me3_domain
PHF20L1	0.5861291101441146	me1
TG	0.6193001994347573	me3_domain
SLA	0.6311577792068797	me3_domain
CCN4	0.615355008270576	me3
NDRG1	0.6276449368899193	me3_domain
ST3GAL1	0.6127473881740548	me1
ZFAT	0.48334451773355314	me2
KHDRBS3	0.7620503207000242	Unassigned
FAM135B	0.7301973710839649	me2
COL22A1	0.6285077139953983	me2
KCNK9	0.48037611374292144	me3
TRAPPC9	0.38842828202303037	me3_domain
CHRAC1	0.2350792082536297	ac
AGO2	0.2530772888006412	me1
PTK2	0.29311722513895133	me1
DENND3	0.26934267113672794	me3_domain
SLC45A4	0.2646643254445057	me1
GPR20	0.23239644853356756	me2
PTP4A3	0.2303924405960377	ac
MROH5	0.2497983716523292	me3_domain
C8ORF90	0.27644856001910045	me3_domain
TSNARE1	0.5164364467481635	me2
ADGRB1	0.4636257435889328	me3_domain
ARC	0.45390562026071857	me3_domain
JRK	0.4402225796978668	me1
PSCA	0.4391657475192744	me2
LY6K	0.431098830838209	me3_domain
THEM6	0.42343580613543863	me1
SLURP1	0.42135381867771127	me2
LYPD2	0.41985551300184143	me3_domain
LYNX1-SLURP2	0.417987026316497	me3
SLURP2	0.41821765693378943	me3
LYNX1	0.4177832986712816	me3
LY6D	0.4174823517293478	me3
GML	0.4199610296575955	me3
CYP11B1	0.4209352569391388	me3
CYP11B2	0.41718160041067787	me3_domain
LY6E	0.3733225013656071	me1
LY6S	0.35800014214185294	me3
LY6L	0.3307923831400674	me3_domain
LY6H	0.26459815623447613	me3_domain
GPIHBP1	0.22703821749882236	me2
ZFP41	0.21596207066276984	me1
ENSG00000264668	0.21574070928025468	me1
GLI4	0.21555834576815402	me1
ZNF696	0.21831819608552538	ac
TOP1MT	0.22632412799284873	me1
RHPN1	0.23166940881151998	me2
MAFA	0.22422905086188782	me3_domain
ZC3H3	0.20172552129133847	me1
GSDMD	0.1871567728173319	ac
MROH6	0.18797570250088114	me1
NAPRT	0.18898477340651199	ac
EEF1D	0.19186367831158113	ac
TIGD5	0.19464811965231232	ac
PYCR3	0.19708165112782383	ac
GFUS	0.20057773801850742	ac
ZNF623	0.21550319653448657	ac
ZNF707	0.2468456493105431	me1
CCDC166	0.25211783516485964	me2
MAPK15	0.257869983334976	me1
FAM83H	0.2637197445944359	ac
IQANK1	0.2724950481081757	ac
SCRIB	0.27560585609802546	me1
PUF60	0.2720921627959748	ac
NRBP2	0.2682731294780305	me1
EPPK1	0.2591353378836587	me1
PLEC	0.23868662775860916	ac
PARP10	0.22687262210879988	me1
GRINA	0.2290152194521844	ac
SPATC1	0.2138044005997145	me2
OPLAH	0.19888986897757632	ac
ENSG00000290230	0.1755599740054472	ac
EXOSC4	0.17763014020859413	ac
GPAA1	0.16851717233395458	ac
CYC1	0.15894131906879705	ac
SHARPIN	0.15020614845081004	ac
MAF1	0.14847448258479234	ac
WDR97	0.1418068820000271	me1
HGH1	0.0	ac
MROH1	0.21795115974368995	me1
BOP1	0.31885285097972793	me1
SCX	0.31270934373484705	me1
HSF1	0.24711122477901126	ac
DGAT1	0.1666403139162611	ac
SCRT1	0.12853081154384105	me1
SLC52A2	0.10623994774649281	me1
TMEM249	0.0951759687396152	me1
ENSG00000271698	0.094708845114863	me1
FBXL6	0.09218862164131392	ac
ADCK5	0.0895850129446365	ac
CPSF1	0.10045226543052266	ac
SLC39A4	0.11168483797685613	ac
VPS28	0.12374298860817645	ac
TONSL	0.13375557375200287	ac
ZFTRAF1	0.15156821758785466	me1
ENSG00000291316	0.1526482322847279	ac
TMEM276	0.1587532436567538	ac
KIFC2	0.16222660294578584	ac
FOXH1	0.16647030300564236	ac
PPP1R16A	0.17655566078907625	me1
GPT	0.18628167944016794	me1
MFSD3	0.18938038736202645	ac
RECQL4	0.19276467019854793	ac
LRRC14	0.196199411071173	ac
LRRC24	0.19863020180389046	ac
C8ORF82	0.2002220932700418	ac
ARHGAP39	0.23518982748583583	me1
ZNF251	0.2571661895248414	me1
ZNF34	0.26136463783319996	ac
RPL8	0.26282820198444246	ac
ZNF517	0.2644473497251003	ac
ZNF7	0.267104418274106	ac
COMMD5	0.26723921065454104	me1
ZNF250	0.2639854642310826	ac
ZNF16	0.2673084026405944	me1
C8ORF33	0.4193653732664707	ac
WASHC1	0.19283432070207018	ac
FOXD4	0.20474470932729805	Unassigned
ZNG1A	0.20858875041864555	Unassigned
DOCK8	0.24755789645135462	ac
KANK1	0.34803438798340236	me3
DMRT1	0.4723956489375888	me3
DMRT3	0.5151953061532435	me3
DMRT2	0.5519277575790642	me3
SMARCA2	0.4644201943934335	ac
VLDLR	0.5787640610030798	me3
KCNV2	0.5932239516228349	me1
PUM3	0.6034442111941642	Unassigned
RFX3	0.5892223108423276	ac
GLIS3	0.5397228308264879	me3
SLC1A1	0.345743123654901	me3
SPATA6L	0.3066774355151375	me3
PLPP6	0.27162058380242404	ac
CDC37L1	0.25069948202994596	ac
AK3	0.23256182530493386	ac
RCL1	0.22015563161613572	ac
JAK2	0.24187505469331272	ac
INSL6	0.31603081016656687	Unassigned
INSL4	0.34509578312902334	me3
RLN2	0.3761172142269956	me3
RLN1	0.3916388901947365	me3
PLGRKT	0.40508690348849374	Unassigned
CD274	0.4038464426460078	Unassigned
PDCD1LG2	0.38026493429831143	me2
RIC1	0.3184679637607195	Unassigned
ERMP1	0.27593168246993505	ac
KIAA2026	0.2945216490800222	Unassigned
MLANA	0.26985477592968354	me2
RANBP6	0.3294180537453508	ac
IL33	0.44462497296841463	Unassigned
TPD52L3	0.48716155605556855	me2
UHRF2	0.5119686795632552	me1
GLDC	0.499428727168971	me3_domain
KDM4C	0.4911849403174222	me1
DMAC1	0.7566701466910256	Unassigned
PTPRD	0.8489494197815634	Unassigned
TYRP1	0.8098578717695951	Unassigned
LURAP1L	0.8372203497890389	Unassigned
MPDZ	0.6875623297811839	Unassigned
NFIB	0.43220984122998585	Unassigned
ZDHHC21	0.349106843478465	Unassigned
CER1	0.40470596448560603	me3
FREM1	0.47609907877863944	me3
TTC39B	0.46970406826425193	Unassigned
SNAPC3	0.3763459897502348	ac
PSIP1	0.3811312971646008	ac
CCDC171	0.562959880044269	Unassigned
BNC2	0.7404124534900023	Unassigned
CNTLN	0.8154220583956089	Unassigned
SH3GL2	0.7694294818895663	Unassigned
ADAMTSL1	0.5737132373146124	Unassigned
SAXO1	0.2880509712004563	me2
RRAGA	0.2477332146803477	ac
HAUS6	0.24773177322364215	ac
PLIN2	0.2475889282796525	ac
DENND4C	0.26193735701291276	me1
RPS6	0.26661968901294686	ac
ACER2	0.2651317863227749	me1
SLC24A2	0.3842301037298077	Unassigned
MLLT3	0.6604211348630571	Unassigned
FOCAD	0.4528051468387607	Unassigned
HACD4	0.2638065150711262	Unassigned
IFNB1	0.32252190623612687	Unassigned
IFNW1	0.41053082089595283	Unassigned
IFNA21	0.44130057414058643	Unassigned
IFNA4	0.46225058411341635	Unassigned
IFNA7	0.4729437936004304	Unassigned
IFNA10	0.47562125940075106	Unassigned
IFNA16	0.4801221385206249	Unassigned
IFNA17	0.48314151794741855	Unassigned
IFNA14	0.48429572933448295	Unassigned
IFNA5	0.44882327100880426	Unassigned
KLHL9	0.41812394449477386	Unassigned
IFNA6	0.39766740789995514	Unassigned
IFNA13	0.3796025208080649	Unassigned
IFNA2	0.36424231621756487	Unassigned
IFNA8	0.34976913699209544	Unassigned
IFNA1	0.3482942716458354	Unassigned
IFNE	0.3735972780015734	Unassigned
MTAP	0.4474134376821811	Unassigned
CDKN2A	0.3965331547845683	Unassigned
CDKN2B	0.41335326887700385	Unassigned
DMRTA1	0.4011921831565458	Unassigned
ELAVL2	0.42785855389169347	Unassigned
IZUMO3	0.2861479180327643	Unassigned
TUSC1	0.4520765469879249	Unassigned
CAAP1	0.3281282042564463	ac
PLAA	0.33418969250693564	ac
IFT74	0.33691048881588725	Unassigned
LRRC19	0.3380665561213596	Unassigned
TEK	0.3486498433736629	Unassigned
EQTN	0.33973906622804195	Unassigned
MOB3B	0.3257846272947549	ac
IFNK	0.2987841066982785	Unassigned
C9ORF72	0.2922400291938684	Unassigned
LINGO2	0.5202508411092306	Unassigned
ACO1	0.4853302666556186	Unassigned
RIGI	0.47240232832818263	Unassigned
ENSG00000288684	0.469628699659028	Unassigned
TOPORS	0.4608101913649859	ac
SMIM27	0.4593332302292932	ac
NDUFB6	0.45894235814626116	ac
TAF1L	0.4573093190161457	me3
TMEM215	0.4056371430483211	me3_domain
APTX	0.328657953858	ac
DNAJA1	0.2864966009058889	ac
SMU1	0.27247332210979325	Unassigned
B4GALT1	0.24474060847287749	me1
SPINK4	0.23226842967721895	me2
BAG1	0.23273077759194805	ac
CHMP5	0.23323621041961373	ac
NFX1	0.22950809574683007	ac
AQP7	0.21462561713407335	me1
AQP3	0.2030258739867722	ac
NOL6	0.20326264622320678	ac
ANKRD18B	0.2494970707878248	me1
PRSS3	0.2992598475963162	Unassigned
UBE2R2	0.25787914400546585	me1
UBAP2	0.1871641782772251	ac
DCAF12	0.16090691444693173	ac
UBAP1	0.19697245640715655	ac
KIF24	0.23122712838236326	me1
NUDT2	0.24890753259725285	ac
MYORG	0.2606657981482021	me1
C9ORF24	0.26543534580714057	me1
FAM219A	0.27636260768743726	me2
DNAI1	0.2914417772682417	me2
ENHO	0.29808592109214327	me2
CNTFR	0.29846730705210633	me3_domain
RPP25L	0.29205291745133777	ac
DCTN3	0.29083458545348717	me1
ARID3C	0.28910982666218676	me3_domain
SIGMAR1	0.28677488720709055	ac
GALT	0.2854117767349349	ac
ENSG00000258728	0.28385409798209127	ac
IL11RA	0.28344586112314785	ac
CCL27	0.2826255878509878	ac
ENSG00000187186	0.2824251827951205	ac
CCL19	0.2821264580514188	me2
CCL21	0.28440767234530284	me3_domain
FAM205A	0.28783021059903235	me3_domain
FAM205C	0.29397612369932247	Unassigned
PHF24	0.2685006971161069	me3_domain
DNAJB5	0.26231247312608985	ac
C9ORF131	0.25670515988849085	me1
VCP	0.25865766160919645	ac
ENSG00000288699	0.25977620059571105	ac
FANCG	0.26146532641295106	me1
PIGO	0.26629231484997407	me1
STOML2	0.27017974739592543	ac
ATOSB	0.27432528501411146	ac
UNC13B	0.32557803339378055	Unassigned
RUSC2	0.25528843580353955	me1
FAM166B	0.24382452986224068	me1
TESK1	0.2350190042409931	ac
CD72	0.2328295971784432	me2
SIT1	0.23149063772896628	ac
CCDC107	0.23144287698475563	ac
ARHGEF39	0.2316599223305248	me1
CA9	0.2320790166919734	me2
TPM2	0.23285743253006175	me1
TLN1	0.23736504043419826	ac
CREB3	0.24150968947793672	ac
GBA2	0.24391901000391925	ac
RGP1	0.24664196931872506	ac
MSMP	0.24716463300183578	ac
NPR2	0.26072156617077125	me1
SPAG8	0.2640620645349411	me1
HINT2	0.2652791514782912	ac
ENSG00000285645	0.26728489683330126	ac
TMEM8B	0.2724932878445827	me3_domain
FAM221B	0.267801861110058	me2
OR13J1	0.28090886840505536	me3
HRCT1	0.2909645640449622	me2
SPAAR	0.29610091897185664	ac
OR2S2	0.3077067686303627	me3_domain
OR13C7	0.3224482852844269	ac
RECK	0.3255005890239603	Unassigned
GLIPR2	0.30481577873297194	me1
CCIN	0.29714049252243735	me2
CLTA	0.28825721564609563	Unassigned
GNE	0.28624593537119236	Unassigned
RNF38	0.31345008139730846	me1
MELK	0.3419206431875037	Unassigned
PAX5	0.38832060884241415	me3_domain
ZCCHC7	0.3046578611340288	ac
GRHPR	0.27664751305634594	ac
ZBTB5	0.2739218241161987	ac
POLR1E	0.27281942549641924	ac
FBXO10	0.2812592390564228	me1
ENSG00000256966	0.2838338443860645	me1
TOMM5	0.29441511722080504	ac
ENSG00000255872	0.3281582905517739	me1
FRMPD1	0.31027478928874686	me3_domain
TRMT10B	0.301789864732147	me1
EXOSC3	0.3031720639513761	ac
DCAF10	0.3105750290636493	ac
SLC25A51	0.3337723384109641	me1
SHB	0.3638725498241022	me1
ALDH1B1	0.484693707877192	ac
IGFBPL1	0.49445351351785694	me3_domain
ANKRD18A	0.5920933684297898	me2
FAM240B	0.6440297654648701	me3
CNTNAP3	0.8360505862622831	Unassigned
SPATA31A1	0.9398564172464428	me3
ENSG00000283886	0.7689101554088223	me3
FOXD4L6	0.538908259853202	me3
ZNG1F	0.630444697823218	Unassigned
CNTNAP3B	0.7616759196062537	Unassigned
SPATA31A6		me3
SPATA31A5	0.9976367529405468	me3
SPATA31A7	0.582237434387207	me3
CNTNAP3C		Unassigned
FOXD4L5	0.8150013602612576	me3
ZNG1E	0.7618719597032283	Unassigned
FOXD4L4	0.8057645911272237	me3
ZNF658	0.7482363864278563	Unassigned
SPATA31A3	0.8438458362006641	me3
ANKRD20A1	0.5031850310004277	Unassigned
ZNG1C	0.5847843490724209	Unassigned
FOXD4L3	0.509793423545368	me3
PGM5	0.43118805689144557	Unassigned
TMEM252	0.36843397036936487	me3_domain
PIP5K1B	0.2612309398676065	ac
PABIR1	0.27227829021734296	ac
PRKACG	0.2751209890431372	me1
ENSG00000285130	0.3012223638212861	me1
FXN	0.2915158292547284	me1
TJP2	0.30528256438818036	me1
ENTREP1	0.3508769890869545	me3
APBA1	0.4830202167909816	me3
PTAR1	0.5045472743051468	ac
CFAP95	0.5091485188550823	Unassigned
MAMDC2	0.44711653558836095	me3
SMC5	0.3538386978874618	ac
KLF9	0.31227974500107647	ac
TRPM3	0.49222124817660773	Unassigned
CEMIP2	0.3179575094552122	ac
ABHD17B	0.4102042746845642	ac
C9ORF85	0.4312786120335971	ac
C9ORF57	0.45781189649734355	me3
GDA	0.5175691686892068	Unassigned
ZFAND5	0.548383027010904	ac
TMC1	0.5095154087068017	Unassigned
ALDH1A1	0.34683271537392557	ac
ANXA1	0.3195424048944189	ac
RORB	0.6195464861352624	me3
TRPM6	0.5240391449554834	me3
C9ORF40	0.48477267855739203	ac
CARNMT1	0.49359575894564234	ac
NMRK1	0.511812231109454	ac
OSTF1	0.5234752260013567	ac
PCSK5	0.5968614361004505	me3
RFK	0.4791659238493089	ac
GCNT1	0.5458051440813255	me3
PRUNE2	0.5807838546858102	me3
FOXB2	0.49675983309486527	me3_domain
VPS13A	0.48289854010514754	Unassigned
GNA14	0.4507999747607042	me3
GNAQ	0.37839300238893825	ac
CEP78	0.4067596692187353	Unassigned
PSAT1	0.42257592785044984	me1
TLE4	0.6418668284739037	Unassigned
TLE1	0.815238385169938	me2
SPATA31D4	0.8680689265349789	me2
SPATA31D3	0.8683319121773443	me2
SPATA31D1	0.8584473340506861	Unassigned
RASEF	0.6908732380065604	Unassigned
FRMD3	0.5466677318175611	me2
IDNK	0.4193785097253311	ac
UBQLN1	0.3848285805675069	ac
GKAP1	0.3331790251130411	Unassigned
KIF27	0.3365218829252653	Unassigned
C9ORF64	0.3407966336139602	ac
HNRNPK	0.34044394359438	ac
RMI1	0.34098318076170064	ac
SLC28A3	0.48129620622099045	me3
NTRK2	0.6776720478753655	Unassigned
AGTPBP1	0.4952281306500522	Unassigned
NAA35	0.41247121632149275	ac
GOLM1	0.43973819108493073	me3_domain
C9ORF153	0.4600769261465333	Unassigned
ISCA1	0.45067228807142223	ac
TUT7	0.44728968430531413	Unassigned
GAS1	0.578728678667646	me3
DAPK1	0.315665397534977	me1
CTSL	0.2643357254374493	ac
SPATA31E1	0.33386169593195436	me3_domain
SPATA31C1	0.3546034972079266	me3
ENSG00000283205	0.3694980127939921	Unassigned
CDK20	0.3734273012411732	me2
SPATA31C2	0.4347717181228159	me3
SPIN1	0.5261684026416356	me1
NXNL2	0.4999842887870092	me3
S1PR3	0.5123419991006004	me3
SHC3	0.5265157988497651	me3
CKS2	0.5037880686685079	ac
SECISBP2	0.5021482654417138	ac
SEMA4D	0.5073440877773852	me3_domain
GADD45G	0.5671558606699578	me2
DIRAS2	0.6314840304608291	me3
SYK	0.5291569145098435	me1
AUH	0.3864554367835443	Unassigned
NFIL3	0.42267718102498886	ac
ROR2	0.375849303419754	me1
SPTLC1	0.29330770165491626	me1
IARS1	0.31870015757166437	ac
NOL8	0.3293841339192628	ac
CENPP	0.34883662716057917	Unassigned
OGN	0.34648208621225474	Unassigned
OMD	0.35131330066451294	Unassigned
ASPN	0.36038082363125024	Unassigned
ECM2	0.3625447082244819	Unassigned
IPPK	0.31356135912385885	me1
BICD2	0.3076679286388725	me1
ZNF484	0.3722439300161092	Unassigned
FGD3	0.3605376466277532	me3_domain
SUSD3	0.33450088007842926	me1
CARD19	0.3296893093535427	me1
NINJ1	0.33073777916751024	me2
WNK2	0.36355089705683463	me3_domain
FAM120AOS	0.33454706747464613	ac
FAM120A	0.3576889595097894	me1
PHF2	0.40568157702879437	me1
BARX1	0.33836633092985524	me3_domain
PTPDC1	0.2699926433174591	Unassigned
ZNF169	0.24550026574875128	ac
NUTM2F	0.24224898628827374	me2
MFSD14B	0.25682607735748963	me1
FBP2	0.3218885702656178	me3_domain
FBP1	0.33615191847945747	me3_domain
AOPEP	0.42368935991678347	me1
FANCC	0.4054930501725744	Unassigned
PTCH1	0.37988540066502186	ac
ERCC6L2	0.46753982868527255	me3
HSD17B3	0.37113138762930165	me2
ENSG00000285269	0.35883161475335823	Unassigned
SLC35D2	0.33483073979269573	Unassigned
ZNF367	0.32023205379124986	ac
HABP4	0.31712355812741866	me2
CDC14B	0.3301138266146333	Unassigned
PRXL2C	0.34228225807357193	ac
ZNF510	0.3673741050689483	Unassigned
ZNF782	0.37120367070440163	Unassigned
NUTM2G	0.32324620000511517	me1
CTSV	0.31936067644078137	me3
CCDC180	0.3048987164323107	me2
TDRD7	0.27935083835641406	Unassigned
TMOD1	0.28878693577096615	me1
TSTD2	0.2803351027220675	ac
NCBP1	0.26866935697894045	ac
XPA	0.2576429050910509	ac
FOXE1	0.1944749836569265	me3_domain
TRMO	0.16648026657184756	ac
HEMGN	0.15944045205788027	ac
ANP32B	0.15608308370313595	ac
NANS	0.17642990104492828	ac
TRIM14	0.18631073682533272	me1
CORO2A	0.20649457677163985	me1
TBC1D2	0.21686717500406827	me1
GABBR2	0.28037959368290544	me2
ANKS6	0.23218973991679048	me1
GALNT12	0.20552863569332347	ac
COL15A1	0.19288526302273123	me2
TGFBR1	0.21290595400984258	ac
ALG2	0.25810927563995334	ac
SEC61B	0.26218812854645435	ac
NR4A3	0.44482809535632273	me3_domain
STX17	0.4180388908936896	Unassigned
ERP44	0.405833510114296	me1
INVS	0.38048834492629535	me1
TEX10	0.3231069137410816	ac
MSANTD3	0.30997439420532524	ac
MSANTD3-TMEFF1	0.34531874806231233	me2
TMEFF1	0.3537000562157917	me2
CAVIN4	0.3966267430566264	me3
PLPPR1	0.5404196748212963	me2
BAAT	0.4538326305559981	ac
MRPL50	0.46375623505043495	ac
ZNF189	0.4690227867054996	ac
ALDOB	0.48476094531870384	me3_domain
PGAP4	0.5179381425868037	ac
RNF20	0.5426062625845978	me1
GRIN3A	0.6062441302781224	me2
PPP3R2	0.5730069095789442	me3_domain
CYLC2	0.8557021255830015	Unassigned
SMC2	0.7818147954930573	ac
OR13F1	0.7633201042486697	Unassigned
OR13C4	0.7474427229345728	Unassigned
OR13C3	0.7397644162766168	Unassigned
OR13C8	0.7112483480883932	Unassigned
OR13C5	0.6847214898492953	Unassigned
OR13C2	0.6796526488517094	me2
OR13C9	0.6699933361312718	me1
OR13D1	0.6320751517916094	me1
NIPSNAP3A	0.6186512420127427	ac
NIPSNAP3B	0.6158302554526462	ac
ABCA1	0.6204364997145932	me3_domain
SLC44A1	0.48023370128637	me3_domain
FSD1L	0.3688569200417018	ac
FKTN	0.3267599376899385	me1
TAL2	0.3305284039065134	me2
TMEM38B	0.3603411351930428	ac
ZNF462	0.6291723002611587	Unassigned
RAD23B	0.47884015874321206	ac
KLF4	0.5324186505769428	me3
ACTL7B	0.340427731652715	me3_domain
ACTL7A	0.33572420849947504	me2
ELP1	0.3104204537771784	me1
ABITRAM	0.28696490215478565	ac
CTNNAL1	0.2747697162120333	me1
TMEM245	0.2561485836334265	ac
FRRS1L	0.23858701110347658	ac
EPB41L4B	0.26775765497122406	me3_domain
PTPN3	0.39985178455592385	me3_domain
PALM2AKAP2	0.5788902308066932	me2
C9ORF152	0.5943961388838246	me3
TXN	0.5909742760599086	ac
TXNDC8	0.6080687160469058	me3
SVEP1	0.6805497208072566	me2
MUSK	0.7321224322513515	Unassigned
LPAR1	0.7060531462078568	Unassigned
OR2K2	0.49416164947105	me3
ECPAS	0.4372869065062206	ac
ZNF483	0.41493281451817876	me2
PTGR1	0.40819251602547135	me3
DNAJC25	0.37497827370286485	me1
DNAJC25-GNG10	0.37007233143051266	me1
GNG10	0.3612150290224959	me1
SHOC1	0.32921065580268527	Unassigned
UGCG	0.2756407017545621	ac
SUSD1	0.20178562942237832	ac
PTBP3	0.17076516689960453	ac
HSDL2	0.24111960002896682	me1
KIAA1958	0.2829359205774067	me1
INIP	0.31069512931972	me1
SNX30	0.3368809198073198	me2
SLC46A2	0.3542702663192284	me3_domain
ZNF883	0.3875944922764081	Unassigned
ZFP37	0.3844082813078926	me2
SLC31A2	0.31685432936604097	me1
FKBP15	0.2903865114798393	me1
SLC31A1	0.2621381827969119	me1
CDC26	0.2552431539358382	ac
PRPF4	0.25377822761740476	ac
RNF183	0.2543800263925937	me3_domain
WDR31	0.2584298247671468	ac
BSPRY	0.26550544134617493	me2
HDHD3	0.2689432441791594	ac
ALAD	0.27247108444671286	me1
POLE3	0.27503167485471414	ac
C9ORF43	0.2766407320451707	ac
RGS3	0.315007293652221	me3_domain
ZNF618	0.5589450952664172	me2
AMBP	0.5368595954868002	me3_domain
KIF12	0.5332701238445197	me2
COL27A1	0.5001919631211802	me3_domain
ORM1	0.4465385368761544	me3_domain
ORM2	0.44203387329846566	me3_domain
AKNA	0.422423646211428	me2
WHRN	0.3924796013348054	me2
ATP6V1G1	0.3906046115647175	ac
TMEM268	0.39363885708405144	me1
TEX53	0.39816036039861424	me3
TEX48	0.4018938823531284	me3_domain
TNFSF15	0.4777762450681151	me2
TNFSF8	0.5528169543883388	me2
TNC	0.6308136377747848	me2
PAPPA	0.4368852193223757	me2
ASTN2	0.6147718998316025	me2
TRIM32	0.5281184266325187	ac
ENSG00000285082	0.8664521564421079	Unassigned
TLR4	0.8580207274631436	Unassigned
BRINP1	0.8272962368661253	Unassigned
CDK5RAP2	0.3419280429644913	me1
MEGF9	0.28221801943761937	me1
FBXW2	0.22496386296422644	ac
B3GALT9	0.21229223568162836	ac
PSMD5	0.2023089960273612	ac
PHF19	0.2225340068679077	ac
TRAF1	0.231333320427909	me2
C5	0.27926029647153217	Unassigned
CNTRL	0.288590720937527	me1
RAB14	0.2850609167411393	ac
GSN	0.3106729419034916	ac
STOM	0.35040817876974006	ac
GGTA1	0.36768454212735524	me3_domain
DAB2IP	0.4471064577279108	me3_domain
TTLL11	0.39242203840276146	me3_domain
NDUFA8	0.33006552162530856	ac
MORN5	0.32496996387880595	me2
LHX6	0.3170560474742543	me1
RBM18	0.3122730308280466	ac
MRRF	0.3179312513815278	ac
PTGS1	0.3524007921939575	ac
OR1J1	0.381635924669133	me3
OR1J2	0.3890609616869878	me3_domain
OR1J4	0.39096346241315527	me3_domain
OR1N1	0.39280261490955826	me3_domain
OR1N2	0.3980358501258374	me3_domain
OR1L8	0.4008575158453883	me2
OR1Q1	0.3982579121136113	me2
OR1B1	0.38856732024336094	me2
OR1L1	0.38010017684372466	me3
OR1L3	0.37274518083017083	me2
OR1L4	0.3455396760593762	me2
OR1L6	0.33611340988991245	me2
OR5C1	0.3249612063360773	me3_domain
PDCL	0.3214982526730269	ac
OR1K1	0.32322821687026737	me3_domain
RC3H2	0.3118538009995746	ac
ZBTB6	0.3032243217414705	ac
ZBTB26	0.2998110095430576	ac
RABGAP1	0.28785862902073134	me1
GPR21	0.2884913919670815	me1
STRBP	0.23149788654928583	me1
CRB2	0.21833738159531502	me1
DENND1A	0.32141835259375895	me2
LHX2	0.3506120951432621	me3_domain
NEK6	0.3343486684320197	me1
PSMB7	0.31077896876860467	me1
ADGRD2	0.29751046390089	me3_domain
NR5A1	0.2962934628939703	me3_domain
NR6A1	0.28547142765015365	me1
OLFML2A	0.2539109591815266	me2
WDR38	0.24868727784719524	ac
RPL35	0.2482886578400244	ac
ARPC5L	0.2475642165136004	ac
GOLGA1	0.24296349808621454	me1
SCAI	0.21180178621021573	me1
PPP6C	0.17810445381481	ac
RABEPK	0.18242276480495645	ac
HSPA5	0.1873395488278008	ac
GAPVD1	0.21188479525442516	ac
MAPKAP1	0.31489621317627314	me1
PBX3	0.41702005405243103	Unassigned
MVB12B	0.5166906263770173	me3_domain
LMX1B	0.4237054147892537	me3_domain
ZBTB43	0.3646549876231139	me1
ZBTB34	0.36330316232471926	ac
RALGPS1	0.39128952282017426	me3_domain
ANGPTL2	0.4055012591673992	me3_domain
GARNL3	0.343485262002017	me3_domain
SLC2A8	0.2802172912848513	me1
ZNF79	0.25529374775699476	ac
RPL12	0.24484685429150532	ac
LRSAM1	0.23283912279158547	me1
NIBAN2	0.22728965796419653	me1
STXBP1	0.2353762525547768	me1
PTRH1	0.21572089022578023	me1
CFAP157	0.21425496244311515	me1
TTC16	0.20768365044926484	me2
TOR2A	0.20206127807043783	me1
SH2D3C	0.1904233917477416	me1
CDK9	0.17952688524759708	ac
FPGS	0.17616963739879554	me1
ENG	0.17451979957168062	me1
AK1	0.17722646157794353	me1
ENSG00000257524	0.17881721104174175	ac
ST6GALNAC6	0.1797976230308752	ac
ST6GALNAC4	0.18131002930967588	me1
PIP5KL1	0.1820650385279876	me1
DPM2	0.1823849966680915	ac
EEIG1	0.18210259051720135	me1
NAIF1	0.18324096907402065	ac
SLC25A25	0.18563228785433883	ac
PTGES2	0.18963064737004587	ac
LCN2	0.19184245454496596	me1
BBLN	0.19259500246498207	ac
CIZ1	0.19387375386209627	me1
DNM1	0.19563644417215176	me1
GOLGA2	0.1969249795812381	me1
SWI5	0.19687842682347867	me1
TRUB2	0.1964163715354832	ac
COQ4	0.19572678670640353	me1
SLC27A4	0.19425308458395696	me1
URM1	0.19245095877617457	me1
CERCAM	0.19242128975852713	ac
ODF2	0.19854712552127562	me1
GLE1	0.2043721323879112	me1
SPTAN1	0.2001188369103165	me2
DYNC2I2	0.18736927687882843	ac
SET	0.1750442241017225	ac
PKN3	0.16988239680135298	ac
ZDHHC12	0.16747489680141958	ac
ZER1	0.163544877884795	me1
TBC1D13	0.16162182876318065	me1
ENDOG	0.16338285534957986	ac
SPOUT1	0.16410726188500835	ac
ENSG00000286112	0.16961585056017836	me1
KYAT1	0.17114222243073784	me1
LRRC8A	0.18207924277681276	me1
PHYHD1	0.18930491482872402	me1
ENSG00000251184	0.19182946552852131	ac
DOLK	0.19171430489733066	ac
NUP188	0.1920115723988084	ac
SH3GLB2	0.18857219839763328	ac
MIGA2	0.18474813942745827	ac
DOLPP1	0.18448721304316562	me1
CRAT	0.18697130925689176	me1
PTPA	0.19395943950479488	ac
ENSG00000235007	0.2284833018894219	me2
IER5L	0.21451351883469238	ac
NTMT1	0.2726873886127842	ac
C9ORF50	0.2732040877543541	me3_domain
ASB6	0.270585384213031	me1
PRRX2	0.2503635860586677	me3_domain
PTGES	0.2200414390330887	me3_domain
TOR1B	0.19405307248468262	me1
TOR1A	0.19231246192930274	me1
C9ORF78	0.19193357614676987	ac
USP20	0.1961322628847404	ac
FNBP1	0.23315766374320135	me2
GPR107	0.2580862110893526	me1
NCS1	0.23271709647956773	me1
HMCN2	0.43902367576675994	me3_domain
ASS1	0.3050079465825474	me2
FUBP3	0.2970383946639471	me1
PRDM12	0.3152544424831728	me3
EXOSC2	0.339566538191182	ac
ABL1	0.41259390260039874	me1
ENSG00000288570	0.3535092031185577	ac
QRFP	0.43294913416323455	me3_domain
FIBCD1	0.4302604109124233	me3_domain
LAMC3	0.42326176969560503	me3_domain
AIF1L	0.4193568043075304	me3_domain
NUP214	0.407769194646887	me1
FAM78A	0.33333343990921915	ac
PLPP7	0.247377134037016	me1
PRRC2B	0.20240638901645025	me1
ENSG00000291303	0.19169735129820098	me1
ENSG00000288841	0.19680487826337956	me1
POMT1	0.2477575890735727	me1
UCK1	0.2564449045653605	me1
PRRT1B	0.26702319560334387	me3_domain
RAPGEF1	0.29738613320155427	me1
MED27	0.369904810197919	me1
NTNG2	0.3421805434466991	me3_domain
SETX	0.2992246063123065	Unassigned
TTF1	0.31399196372678195	me1
CFAP77	0.3417620013162934	me3_domain
BARHL1	0.34662772708812084	me3_domain
DDX31	0.3405173508720897	me1
GTF3C4	0.3312734114383722	ac
AK8	0.2842050991280145	me3_domain
SPACA9	0.23837139246323535	me3_domain
TSC1	0.21355435099743547	me1
GFI1B	0.1847440581656763	ac
GTF3C5	0.16639994031420569	me1
CEL	0.1693866488815461	me1
RALGDS	0.19016045449434937	ac
ENSG00000285245	0.19338959949347456	ac
GBGT1	0.20533888207837736	me1
OBP2B	0.22247203767083956	me3_domain
ABO	0.22950344279905	ac
SURF6	0.23439372335703879	ac
MED22	0.23574441055644368	ac
RPL7A	0.23638709641318612	ac
SURF1	0.2372655557022404	ac
SURF2	0.23811580493177242	ac
SURF4	0.24046573916876557	ac
STKLD1	0.24650750624074091	me3_domain
REXO4	0.25494756102758376	ac
ADAMTS13	0.2680602326735815	me3_domain
CACFD1	0.28310511372379077	me3_domain
SLC2A6	0.28952065809653993	me3_domain
MYMK	0.31745370287218366	me3_domain
ADAMTSL2	0.33544081948559834	me3_domain
FAM163B	0.3575152630387807	me3_domain
DBH	0.3821549195455819	me3_domain
SARDH	0.3998636643093736	me3_domain
VAV2	0.4334488677601077	me3_domain
BRD3OS	0.3807428796694411	me1
BRD3	0.3705474738436817	me1
WDR5	0.36078718124637565	ac
RXRA	0.4013501386083711	me1
COL5A1	0.5263772212268176	me3_domain
FCN2	0.5464263177604172	me3_domain
FCN1	0.5416423541323794	me3
OLFM1	0.46978863570133056	me3
PPP1R26	0.2902528536192973	ac
PIERCE1	0.2927162436843076	ac
MRPS2	0.29322160811332065	ac
LCN1	0.2973509060170403	me3_domain
OBP2A	0.3022741805060062	me3_domain
PAEP	0.30584584038026874	me3_domain
ENSG00000236543	0.3192830490931996	me3_domain
GLT6D1	0.3266821558911741	Unassigned
LCN9	0.3388881160130225	me3_domain
SOHLH1	0.34832037712145125	me3_domain
KCNT1	0.3409632846438333	me3_domain
CAMSAP1	0.27258657278938625	me1
UBAC1	0.22377272142923688	ac
NACC2	0.1097129835309455	me1
TMEM250	0.1937918093702048	ac
LHX3	0.22121198910380047	me3_domain
QSOX2	0.228550365667337	me1
CCDC187	0.23457546525432516	me3
GPSM1	0.2257003791561467	me1
DNLZ	0.22227086648823302	me1
ENSG00000289701	0.22132685378754058	ac
CARD9	0.22116924926769188	ac
SNAPC4	0.2191765080027076	me1
ENTR1	0.21831099544530264	ac
PMPCA	0.21836790015765895	ac
INPP5E	0.21887965197261705	me1
SEC16A	0.22031016112973323	me1
NOTCH1	0.21691802780276892	me1
EGFL7	0.1557970872446809	ac
AGPAT2	0.15100495246590795	ac
DIPK1B	0.14401605484579927	me1
LCN10	0.14287863737238826	me2
ENSG00000204003	0.14290930783726452	me2
LCN6	0.14294438331480752	me2
LCN8	0.1433724038108184	me2
LCN15	0.14384464781417594	me1
TMEM141	0.14755782408929152	ac
ENSG00000272896	0.14823534231194313	ac
CCDC183	0.1494255265079364	me1
RABL6	0.15472468412652063	ac
AJM1	0.1600975859979017	ac
PHPT1	0.16121584654431653	ac
MAMDC4	0.16280241506758708	me1
EDF1	0.16521060329135906	ac
TRAF2	0.17297157098686156	me1
FBXW5	0.1756733926712657	ac
C8G	0.17559755951988365	ac
LCN12	0.17526767468785354	me3_domain
PTGDS	0.17253576988426633	me1
ENSG00000284341	0.17209267867148836	me1
LCNL1	0.17169142860757558	me1
PAXX	0.17024729582466192	ac
CLIC3	0.16966936700853774	me1
ABCA2	0.16574888709192503	me1
FUT7	0.16356598439551961	me2
ENSG00000279073	0.1628496033558896	me2
NPDC1	0.16185671725389927	me2
ENTPD2	0.16081953093407397	me2
SAPCD2	0.15934124147837647	me1
UAP1L1	0.15847542772384615	me1
MAN1B1	0.15793664074831026	ac
DPP7	0.1577336813759629	ac
GRIN1	0.15779413654455765	me2
LRRC26	0.15771880418399986	me3
ENSG00000261793	0.15770735161438953	me2
TMEM210	0.15769619659382206	me2
ANAPC2	0.15755096814512537	me1
SSNA1	0.15744075739968533	ac
TPRN	0.15729867358494642	me1
TMEM203	0.15721792357043152	ac
NDOR1	0.15721291783444524	ac
ENSG00000284976	0.15724247856618978	ac
RNF208	0.15731041662997214	ac
CYSRT1	0.15740440746204087	me1
RNF224	0.1575046253720831	me1
SLC34A3	0.15775092906926658	me1
TUBB4B	0.15837547783961736	ac
FAM166A	0.1587776222030436	me1
STPG3	0.1594391053780021	me1
NELFB	0.16139019856941283	ac
TOR4A	0.16482493701700107	ac
NRARP	0.17162507696028628	ac
EXD3	0.20113229911237884	me1
NOXA1	0.2144500515822244	me1
ENTPD8	0.21422234678161245	me1
NSMF	0.21234589102386825	me1
PNPLA7	0.19777668493212164	me1
MRPL41	0.18519386332448773	ac
DPH7	0.18379157054144524	ac
ZMYND19	0.18422504395928996	ac
ARRDC1	0.18912165977303663	me1
EHMT1	0.26747556997737176	me1
CACNA1B	0.3630979948294234	me3_domain
PLCXD1	0.29038850917989645	ac
GTPBP6	0.2970845069402286	ac
PPP2R3B	0.3440671837220013	Unassigned
SHOX	0.480451795868999	me3
CRLF2	0.4534474235979026	Unassigned
CSF2RA	0.4382809701078393	Unassigned
IL3RA	0.40267601181592705	Unassigned
SLC25A6	0.3864048217186056	ac
ASMTL	0.37292520473109547	me1
P2RY8	0.3779767650152994	Unassigned
AKAP17A	0.40588312612400557	Unassigned
ASMT	0.4059987311722536	me3
DHRSX	0.4204945295038919	Unassigned
ZBED1	0.396546244752106	ac
CD99	0.3807379721657608	Unassigned
XG	0.36333184512222305	me3
GYG2	0.3504595526230402	ac
ARSD	0.35406328674045684	me2
ARSL	0.36395634584676084	me3
ARSH	0.3966980784164543	Unassigned
ARSF	0.4295565866257587	Unassigned
MXRA5	0.5010108327416128	me3
PRKX	0.41515681427764917	me1
NLGN4X	0.8271742409215994	Unassigned
VCX3A	0.7672585608624591	Unassigned
PUDP	0.8020343562914035	me1
STS	0.7353118208481865	Unassigned
VCX	0.6907796185948136	me2
PNPLA4	0.7215698366669004	ac
VCX2	0.800660293196647	ac
VCX3B	0.6779165911078675	me1
ANOS1	0.6398201224197532	Unassigned
FAM9A	0.611769581994789	me2
FAM9B	0.5359465465934863	me3
TBL1X	0.4695394341586837	me1
GPR143	0.5141226589844972	me3
SHROOM2	0.5397757293058169	me3
CLDN34	0.5283896783240756	me3
WWC3	0.4847679869245406	me3
CLCN4	0.44636275156136707	me3
MID1	0.5227552920256262	Unassigned
ENSG00000291314	0.5297286802153316	me2
HCCS	0.3654724615488779	ac
ARHGAP6	0.2742305815901044	ac
AMELX	0.30545194986123847	me1
MSL3	0.35040302627873343	ac
FRMPD4	0.5174701995932827	Unassigned
PRPS2	0.37672631284773395	ac
TLR7	0.32858189638341206	me3
TLR8	0.31082979314646497	Unassigned
TMSB4X	0.30480832602138164	ac
FAM9C	0.3215755108235111	me2
ATXN3L	0.39811695433277083	Unassigned
EGFL6	0.3599390479177623	me3
TCEANC	0.3565430200803149	ac
RAB9A	0.3536090103267382	ac
TRAPPC2	0.35280191946290584	ac
OFD1	0.3557644100702465	ac
GPM6B	0.398048658007609	me3
GEMIN8	0.5008302119708701	ac
GLRA2	0.6526293116905306	Unassigned
FANCB	0.6239829111543965	Unassigned
MOSPD2	0.6108707026411497	me1
ASB9	0.4477794602244757	me3
ASB11	0.4177831248703193	me3
PIGA	0.3976837776722507	ac
VEGFD	0.37267366763010157	me3
PIR	0.3338274098623272	Unassigned
BMX	0.3173315619196201	ac
ACE2	0.3240219990126618	ac
ENSG00000285602	0.3480754489722466	ac
CLTRN	0.36181729235726556	ac
CA5B	0.38699170296442653	me1
ZRSR2	0.41531062852431555	me1
AP1S2	0.42884498478177135	ac
GRPR	0.5106254717264942	Unassigned
MAGEB17	0.5072967332745058	me2
CTPS2	0.29445733682258957	ac
S100G	0.2966174108822506	me1
SYAP1	0.26249434724994714	ac
TXLNG	0.23755023463223945	ac
RBBP7	0.24184213307576796	ac
REPS2	0.3470208142590482	me3
NHS	0.5351060052586771	Unassigned
SCML1	0.5646617576080619	Unassigned
RAI2	0.574229849794424	me3
BEND2	0.5768694011128896	me3
SCML2	0.5215528123188875	me1
CDKL5	0.5931222423554315	me3
RS1	0.58313311239956	me3
PPEF1	0.5732123425815947	me3
PHKA2	0.5988717112730948	me1
ADGRG2	0.5850603140148992	me3
PDHA1	0.5220260626418955	ac
MAP3K15	0.515860679914875	me3
SH3KBP1	0.49397390333280033	me3
BCLAF3	0.4311098738498096	Unassigned
MAP7D2	0.4110508543321524	me3
EIF1AX	0.40859137176517	ac
RPS6KA3	0.4247550921727484	ac
CNKSR2	0.6434556841824279	Unassigned
KLHL34	0.5889079524925673	me2
SMPX	0.5353206351528002	me2
MBTPS2	0.4849699151001585	me1
YY2	0.4862759963184452	me1
SMS	0.47294462674802595	ac
PHEX	0.6050319753450777	Unassigned
CBLL2	0.6127378994570193	me3
DDX53	0.6929195473714215	ac
PTCHD1	0.4743517302642516	me3
PRDX4	0.29547237020310524	ac
ACOT9	0.2717759568253598	me1
SAT1	0.2681824361150249	ac
ENSG00000288706	0.26804138708552083	ac
APOO	0.2736384504917443	ac
CXORF58	0.2645247375996417	ac
KLHL15	0.25889107466369066	ac
EIF2S3	0.2803829067497936	ac
ZFX	0.3213783946987324	ac
SUPT20HL2	0.3277119193786088	me3
SUPT20HL1	0.34159609898461496	me3
PDK3	0.4368285602082854	me3
PCYT1B	0.46947917938728234	me3
POLA1	0.4736874360771012	Unassigned
ARX	0.48284911089213745	me3
MAGEB18	0.7881571716663763	Unassigned
MAGEB6B	0.7859258787216241	me2
MAGEB6	0.7901299986806425	me2
MAGEB5	0.7978810900645745	me1
PPP4R3C	0.794075768868609	Unassigned
DCAF8L2	0.8383780448813043	Unassigned
MAGEB10	0.8384664043599097	me1
DCAF8L1	0.8491466318111668	Unassigned
IL1RAPL1	0.8522503070364847	Unassigned
MAGEB2	0.7540677720676048	ac
MAGEB3	0.7511586121117404	me2
MAGEB4	0.7490360822522057	me2
MAGEB1	0.7477248065113229	ac
NR0B1	0.7245964932114055	me3
TASL	0.5608008789206235	Unassigned
GK	0.5754789810293974	ac
TAB3	0.5087365617620743	ac
FTHL17	0.5356604181461535	me2
DMD	0.6889059372707687	Unassigned
FAM47A	0.8614357448929052	me2
TMEM47	0.8246850996160151	Unassigned
FAM47B	0.894266939102075	me2
MAGEB16	0.9130022518580299	me1
CFAP47	0.8440632547085456	Unassigned
H2AL1Q	0.7490575441617338	me2
FAM47C	0.7069938625948848	me3
PRRG1	0.5901161941205828	Unassigned
ENSG00000250349	0.5544362539843224	Unassigned
LANCL3	0.5440017715606759	Unassigned
XK	0.5435368125152396	ac
CYBB	0.5447893522965559	Unassigned
DYNLT3	0.5464364636453893	Unassigned
H2AP	0.5881174533565839	me2
H2AL3	0.5895891849963999	me2
SYTL5	0.6040451604632548	Unassigned
SRPX	0.5888495136029983	me3
RPGR	0.5800313430272142	Unassigned
OTC	0.553430395926576	me3
TSPAN7	0.4836252559105556	Unassigned
MID1IP1	0.43887301571058723	ac
BCOR	0.28329298934356684	ac
ATP6AP2	0.37241119370968045	me1
MPC1L	0.372667700564952	me2
CXORF38	0.37309398043161723	me1
MED14	0.37814942634388793	Unassigned
USP9X	0.37976696341431104	ac
DDX3X	0.40456194047628324	ac
NYX	0.4448379467242227	Unassigned
CASK	0.5036924328498422	Unassigned
GPR34	0.487535067745579	Unassigned
GPR82	0.4987618356498883	Unassigned
PPP1R2C	0.6631963461896071	me2
MAOA	0.604367930210703	Unassigned
MAOB	0.585971995934473	Unassigned
NDP	0.5448333628950037	me3
EFHC2	0.4507471166259226	ac
FUNDC1	0.46334716639540674	ac
DUSP21	0.4181585285546182	ac
KDM6A	0.4114550040189644	me1
DIPK2B	0.41325315539498975	me2
KRBOX4	0.5751014660402609	Unassigned
ZNF674	0.5613353445606509	Unassigned
CHST7	0.5263076034764118	Unassigned
SLC9A7	0.4926842397965463	Unassigned
RP2	0.4159559200442593	Unassigned
JADE3	0.3742599792544906	Unassigned
RGN	0.34689501718889204	Unassigned
NDUFB11	0.34498994200743793	ac
RBM10	0.3439131911263861	me1
UBA1	0.3405447778283598	me1
CDK16	0.3380431796738974	ac
USP11	0.3363722438982565	ac
ZNF157	0.33911604446022225	me3
ZNF41	0.3088593631911024	ac
ARAF	0.2643621295816836	ac
SYN1	0.26085040865818954	me1
TIMP1	0.2614319782405926	ac
CFP	0.2602780520362	me2
ELK1	0.2620185147930336	me1
UXT	0.2641206492706645	ac
ZNF81	0.3680417797015687	Unassigned
ZNF182	0.40203652636839604	Unassigned
ZNF630	0.4102595193710674	Unassigned
SPACA5	0.408179933957559	me3
SPACA5B	0.408276250917722	me3
SSX5	0.40900652727919284	me3
SSX1	0.41278467316431333	ac
SSX3	0.37734088525061127	me3
SSX4	0.34367164649059456	me3
SSX4B	0.3240455008176688	me3
SLC38A5	0.2613920629536576	ac
FTSJ1	0.24681438807203682	ac
PORCN	0.22153865103849213	me1
EBP	0.21550913502152869	ac
ENSG00000286268	0.21139612567838517	ac
TBC1D25	0.20393913676437814	me1
RBM3	0.1957439449113485	ac
WDR13	0.1912222287037788	ac
WAS	0.17931260333479537	ac
SUV39H1	0.1765063647317876	ac
GLOD5	0.16636650530253538	ac
GATA1	0.16360713149264516	ac
HDAC6	0.1621557110575539	ac
ERAS	0.16205254556927529	me1
PCSK1N	0.16225803760413227	me1
PQBP1	0.17404947249046399	ac
TIMM17B	0.17393270816443107	ac
SLC35A2	0.17785972010078754	ac
PIM2	0.18071879934187995	ac
OTUD5	0.18881530177341477	ac
KCND1	0.1954493190144163	ac
GRIPAP1	0.19830123061913607	me1
TFE3	0.19691831024871476	ac
CCDC120	0.19443379713283515	me1
PRAF2	0.19342641281523643	me1
ENSG00000288053	0.19330466270446778	ac
WDR45	0.19312848335718447	ac
GPKOW	0.1943482245802649	me1
MAGIX	0.19377097146096078	ac
PLP2	0.19221401916791303	ac
PRICKLE3	0.18989712010630744	ac
SYP	0.18493057137304603	ac
CACNA1F	0.17379332488365817	me2
CCDC22	0.16567056406049685	ac
FOXP3	0.16598551893033697	me1
ENSG00000290184	0.16852918329927102	ac
PPP1R3F	0.1894812170266098	ac
GAGE10	0.24451982437401354	me3
GAGE12J	0.06506076113487036	me3
GAGE13	0.3691696421305338	me3
GAGE2E	0.4422345615662251	me3
GAGE12B	0.6710669746501379	Unassigned
GAGE12C	0.5533725829444927	me3
GAGE12D	0.672859761507937	me3
GAGE12F	0.6001149643528628	me3
GAGE12E	0.5398648301485525	me3
GAGE12G	0.6327994943387062	me3
GAGE12H	0.6095612842720112	me1
GAGE2A	0.5832777099435335	ac
GAGE1	0.5516056236385314	me3
PAGE1	0.37474309369737335	Unassigned
PAGE4	0.44329984249143584	me3
USP27X	0.45082803550159123	ac
CLCN5	0.4731959579320588	Unassigned
AKAP4	0.4921289484467587	me2
CCNB3	0.5084903287415414	Unassigned
DGKK	0.511603931944708	Unassigned
SHROOM4	0.5882646926292662	Unassigned
BMP15	0.5928082243799386	me3
NUDT10	0.6267548072396809	me3
EZHIP	0.6099954344291054	me3
NUDT11	0.580039457966677	Unassigned
CENPVL3	0.5962655630286409	me3
CENPVL2	0.6042482346978806	me3
CENPVL1	0.6050690622111312	me3
GSPT2	0.6019923126776153	me3
MAGED1	0.5856829328649165	Unassigned
MAGED4B	0.6397916580431087	me3
MAGED4	0.59402209087505	me3
XAGE2	0.7045537081935076	Unassigned
XAGE1A	0.26645984912494347	me3
XAGE1B	0.5586498595259596	me3
SSX7	0.5685598133093601	me3
SSX2	0.649157643472431	me3
SSX2B	0.6315361235477555	me3
SPANXN5	0.5759457382095257	me3
XAGE5	0.5381746881040436	me3
XAGE3	0.44465394223309995	me3
FAM156B	0.41291458433945116	ac
FAM156A	0.39518016523625765	ac
GPR173	0.3345903208712029	me2
TSPYL2	0.3201584573771783	me1
KANTR	0.30012964663688924	Unassigned
KDM5C	0.2917265364769227	ac
IQSEC2	0.2922155753027669	ac
SMC1A	0.27567235081678376	ac
RIBC1	0.2734006858782341	ac
HSD17B10	0.27353283737496425	me1
HUWE1	0.36246820878227926	Unassigned
PHF8	0.4437484408961744	Unassigned
FAM120C	0.4585876970235109	Unassigned
WNK3	0.4716337262760595	Unassigned
TSR2	0.4512954350028423	me1
FGD1	0.4547857182510311	me3
GNL3L	0.4606104506955294	Unassigned
ITIH6	0.4888261467459931	me3
MAGED2	0.490761104108574	me1
TRO	0.47904248721219145	me2
PFKFB1	0.47372194205649454	Unassigned
APEX2	0.468423991513658	me1
ALAS2	0.4659235178473128	ac
PAGE2B	0.4585867777339747	Unassigned
PAGE2	0.4575825580339976	Unassigned
FAM104B	0.46336676764856854	Unassigned
PAGE5	0.49097385660380144	ac
PAGE3	0.510443481307003	me3
MAGEH1	0.5485102165722455	ac
USP51	0.5507096483098088	ac
FOXR2	0.5626062026402268	me2
RRAGB	0.5808642356841651	Unassigned
KLF8	0.6523139955181652	Unassigned
UBQLN2	0.6594703306527776	ac
NBDY	0.6119604244107903	me1
SPIN3	0.6798233302031758	Unassigned
SPIN2B	0.644197209841493	ac
SPIN2A	0.6448291121928407	ac
FAAH2	0.7178915348326493	Unassigned
ZXDB	0.7424158564818704	ac
NLRP2B	0.7750795742575192	me2
ZXDA	0.8298388635493329	ac
SPIN4	0.6994359680459735	ac
ARHGEF9	0.6438130173450911	Unassigned
ENSG00000288661	0.6376753449844103	me2
AMER1	0.6538447780704534	me1
ASB12	0.6575101806521255	me2
MTMR8	0.6469779208375708	Unassigned
ZC4H2	0.6374361185534159	Unassigned
ZC3H12B	0.5267395665493877	Unassigned
LAS1L	0.3584334892912534	Unassigned
MSN	0.3316569387486452	ac
VSIG4	0.2607998833519567	ac
HEPH	0.2886063779479606	Unassigned
EDA2R	0.49432584719721295	Unassigned
AR	0.6320669453635612	Unassigned
OPHN1	0.4893520712348002	Unassigned
YIPF6	0.4015085611010246	ac
STARD8	0.3939452708360798	ac
EFNB1	0.434874159968051	me2
PJA1	0.5069703701223105	me2
NALF2	0.5517782104168534	me2
EDA	0.5615483851298022	Unassigned
AWAT2	0.48028468381972156	me2
OTUD6A	0.4645109567071338	me3
IGBP1	0.4337766702221595	me1
DGAT2L6	0.4389537182484766	Unassigned
AWAT1	0.44601183273892675	me3
P2RY4	0.447591780034599	me3
ARR3	0.44781336833699825	me3
PDZD11	0.44763514301622553	ac
RAB41	0.4477249361608949	me3
KIF4A	0.4433688324170737	Unassigned
GDPD2	0.439479424691536	me1
DLG3	0.43709519579861356	me3
TEX11	0.39990296476529297	Unassigned
SLC7A3	0.2682886953544704	me3
SNX12	0.2612667218198035	ac
FOXO4	0.269204420262398	ac
CXORF65	0.2701058907142052	ac
ENSG00000285171	0.2703512168544069	ac
IL2RG	0.27054657661779	ac
MED12	0.27087299530901365	me1
NLGN3	0.26757992796900165	ac
GJB1	0.25476549188359787	me3
ZMYM3	0.2508030407522389	ac
NONO	0.25076175727055416	ac
ITGB1BP2	0.25277019324110783	ac
TAF1	0.29705182004034336	Unassigned
OGT	0.28785586813608033	ac
GCNA	0.2943420420715799	Unassigned
CXCR3	0.3198202574902832	me2
ENSG00000283599	0.45971193732098314	me3
CXORF49	0.6132822199265566	me3
CXORF49B	0.6714262074575785	me3
NHSL2	0.37231473697654094	me3
RTL5	0.3331546610255016	me3
PIN4	0.28898593858759103	ac
ERCC6L	0.28478273411052324	me1
RPS4X	0.28814409212206227	ac
CITED1	0.30029287854842546	me3
ENSG00000285547	0.3528331815895638	Unassigned
HDAC8	0.35769532473675514	Unassigned
PHKA1	0.45629329154639164	Unassigned
DMRTC1B	0.5354877446930192	me3
FAM236B	0.5304579106524155	me3
FAM236D	0.5364313326597481	me3
DMRTC1	0.5266229403522462	me3
FAM236C	0.5252790497686026	me3
FAM236A	0.5223582423025357	me3
PABPC1L2B	0.5296829676307782	me2
PABPC1L2A	0.5458260420527324	me2
NAP1L2	0.5781774876683389	Unassigned
CDX4	0.5900998831982283	me3
CHIC1	0.5656651905261175	Unassigned
ZCCHC13	0.5001681745791371	me3
SLC16A2	0.5448125633578569	me3
RLIM	0.5467212130771506	ac
NEXMIF	0.551903828945892	Unassigned
ABCB7	0.5551115862731022	Unassigned
UPRT	0.5751584142704276	Unassigned
ZDHHC15	0.6060009715215657	Unassigned
MAGEE2	0.6348569712177776	me2
PBDC1	0.5590613817313752	ac
MAGEE1	0.5945397771627544	me2
FGF16	0.4616577839344441	me2
ATRX	0.45319556674315054	Unassigned
MAGT1	0.36505556603079514	Unassigned
COX7B	0.36821281439081277	ac
ATP7A	0.402276187130472	ac
PGK1	0.4158942911592123	ac
PGAM4	0.399596388919646	me3
TAF9B	0.4463375840602113	ac
CYSLTR1	0.5386946232167737	Unassigned
RTL3	0.6471215565879981	me2
LPAR4	0.6697081935411688	Unassigned
P2RY10	0.6250719280974548	Unassigned
GPR174	0.6893389438754454	Unassigned
ITM2A	0.6858791070281451	ac
TBX22	0.6538706950529635	me2
TENT5D	0.5183290979735353	Unassigned
BRWD3	0.5958665788138501	Unassigned
HMGN5	0.6634762178838776	Unassigned
SH3BGRL	0.7480668652168949	Unassigned
POU3F4	0.8011907689243173	me2
CYLC1	0.8636512871381435	Unassigned
RPS6KA6	0.8547882366941391	Unassigned
HDX	0.7979983462922995	Unassigned
APOOL	0.791488973127572	Unassigned
SATL1	0.7815646781035341	Unassigned
ZNF711	0.7887569501361372	Unassigned
POF1B	0.8285524138475322	Unassigned
CHM	0.7194559373079227	Unassigned
DACH2	0.7896156244909794	Unassigned
KLHL4	0.7182904012636623	Unassigned
CPXCR1	0.8272463731951781	Unassigned
TGIF2LX	0.8387245525522271	Unassigned
PABPC5	0.8591036985164175	Unassigned
PCDH11X	0.8585841398319314	Unassigned
NAP1L3	0.8292370469722398	Unassigned
FAM133A	0.8215532952783903	Unassigned
DIAPH2	0.7382810407048621	Unassigned
RPA4	0.7576391775235534	me3
PCDH19	0.6305696953045468	Unassigned
TNMD	0.5260246958287158	Unassigned
TSPAN6	0.5144027368715332	Unassigned
SRPX2	0.5112894745709877	Unassigned
SYTL4	0.5047435967388132	Unassigned
CSTF2	0.42678010374294173	ac
NOX1	0.4079878147225746	me3
XKRX	0.3874339955072966	me3
ARL13A	0.3856917464049896	Unassigned
TRMT2B	0.3819847641495595	me1
TMEM35A	0.36889574828429783	me3
CENPI	0.3570820540338535	Unassigned
DRP2	0.3632139426409684	me3
TAF7L	0.3776536395172164	Unassigned
TIMM8A	0.3953186743987184	ac
BTK	0.3980600733095232	ac
RPL36A	0.40050346873338205	ac
RPL36A-HNRNPH2	0.40147476151957984	ac
GLA	0.40145834856869456	ac
HNRNPH2	0.4026759599756311	ac
ARMCX4	0.4174732422569509	Unassigned
ARMCX1	0.4375173186526472	me3
ARMCX6	0.45491551188067236	ac
ARMCX3	0.45801533248772675	ac
ARMCX2	0.4750661490881408	me3
ZMAT1	0.5814266329877182	Unassigned
TCEAL2	0.6285928699817032	me3
TCEAL6	0.6277006870537186	me3
BEX5	0.6232166388275426	me2
TCP11X1	0.5599301014808918	Unassigned
NXF2	0.5406087438557762	Unassigned
NXF2B	0.6394172014960788	Unassigned
ENSG00000284800	0.6279047179830615	Unassigned
TCP11X2	0.5854191523324026	Unassigned
TMSB15A	0.5070400229200699	me3
ARMCX5	0.46844992633814475	ac
GPRASP1	0.4747726490658798	me2
GPRASP2	0.4817946123974486	me2
ARMCX5-GPRASP2	0.4852488131847599	me3
GPRASP3	0.48592256663736966	Unassigned
RAB40AL	0.4604327045702006	me3
BEX1	0.36793996802590667	me2
NXF3	0.35664007249933904	me3
BEX4	0.32020833863996334	ac
TCEAL8	0.3232368519337494	ac
TCEAL5	0.3277225669710506	me3
BEX2	0.3382594161746557	me3
TCEAL7	0.3453639874541429	me3
TCEAL9	0.3551076985752334	ac
BEX3	0.36266747906406005	me3
RAB40A	0.424465877015046	Unassigned
TCEAL4	0.45762484949296434	Unassigned
TCEAL3	0.46792837384892005	me3
TCEAL1	0.47019262751652646	ac
MORF4L2	0.47561761203451214	ac
TMEM31	0.47615775559737084	me3
PLP1	0.47511198735710825	me3
RAB9B	0.4777016828839029	me3
TMSB15B	0.5404834815417832	me3
H2BW1	0.5956230804533318	me3
H2BW2	0.6063868716404043	me3
TMSB15C	0.606674690246582	me3
SLC25A53	0.581891487449361	me3
ZCCHC18	0.5929861701486066	me3
FAM199X	0.5494080089224579	ac
ESX1	0.5348350325044816	me3
IL1RAPL2	0.7304566522677911	Unassigned
TEX13A	0.7419448525071969	me2
NRK	0.7604222378848517	Unassigned
SERPINA7	0.7415622121009842	Unassigned
PWWP3B	0.74877915032072	Unassigned
RADX	0.6504828160671187	Unassigned
RNF128	0.5696542236569184	Unassigned
TBC1D8B	0.559161874009926	Unassigned
MORC4	0.5149827825676796	Unassigned
RIPPLY1	0.5317517261545244	me2
CLDN2	0.5190224533446904	me3
RBM41	0.4407430586521037	Unassigned
NUP62CL	0.43002416253020104	ac
DNAAF6	0.3938211924480236	ac
FRMPD3	0.42938867111889734	me3
PRPS1	0.41456119339832764	me1
TSC22D3	0.425931310680148	me3
NCBP2L	0.4352585598449582	me3
MID2	0.4777669010572264	Unassigned
TEX13B	0.517419447425261	me3
VSIG1	0.5386855801832883	me3
PSMD10	0.5438176727843602	ac
ATG4A	0.5475061202981737	ac
COL4A6	0.5888428907307337	Unassigned
COL4A5	0.6848225224966594	Unassigned
IRS4	0.737405348851497	me3
GUCY2F	0.5987972074323087	Unassigned
NXT2	0.5314396134776727	ac
KCNE5	0.46590812781827917	me2
ACSL4	0.44962491185862663	Unassigned
TMEM164	0.3564780516708401	me1
AMMECR1	0.2800902734301711	ac
GNG5B	0.25932154651554085	ac
RTL9	0.26147370097062295	ac
TDGF1P3	0.32562758125407687	me3
CHRDL1	0.4305954664169186	Unassigned
PAK3	0.5937782837419989	Unassigned
CAPN6	0.5955831003729448	me3
DCX	0.6146669452469076	Unassigned
SERTM2	0.6051468845498861	Unassigned
ALG13	0.6087573458714264	Unassigned
TRPC5	0.6460898288647123	Unassigned
TRPC5OS	0.6405432312602246	Unassigned
RTL4	0.7074734077633359	Unassigned
LHFPL1	0.7375700289214773	Unassigned
AMOT	0.6884060182015701	me2
HTR2C	0.745342757459393	Unassigned
IL13RA2	0.7096800290916356	Unassigned
LRCH2	0.6818436596913902	Unassigned
RBMXL3	0.678500332452706	me2
LUZP4	0.6729683969312059	me3
PLS3	0.6314799667157309	Unassigned
AGTR2	0.7637902761111863	Unassigned
SLC6A14	0.8344629170490208	Unassigned
CT83	0.8381553649902344	Unassigned
KLHL13	0.4942588300825814	Unassigned
WDR44	0.24745976175702988	ac
DOCK11	0.26765988086228565	ac
IL13RA1	0.326116752221298	Unassigned
ZCCHC12	0.3581319575660623	me3
LONRF3	0.39731934140637915	ac
CT47C1	0.42351605830741046	me3
KIAA1210	0.43350154596240953	me3
PGRMC1	0.43217914616045583	ac
SLC25A43	0.3368512354021972	me1
SLC25A5	0.31480331823960794	ac
UBE2A	0.30950581718170345	me1
STEEP1	0.3093931343238161	me1
NKRF	0.3146561787340201	ac
SEPTIN6	0.3071598270916889	ac
SOWAHD	0.27886032387494586	me2
RPL39	0.28009359794007793	ac
UPF3B	0.290174271686243	ac
RNF113A	0.2927785941804073	ac
NDUFA1	0.29278918040430457	ac
AKAP14	0.2891716933213577	me2
NKAP	0.2831427224213102	ac
RHOXF1P3	0.2752165096178193	me3
RHOXF2B	0.29649717992522184	ac
RHOXF1	0.3245472099951724	Unassigned
RHOXF2	0.32498208704182674	ac
ZBTB33	0.3387663793492155	ac
TMEM255A	0.3491095591772465	me2
ATP1B4	0.36229001888324197	me3
LAMP2	0.343528141504596	ac
CUL4B	0.3549345994728855	ac
MCTS1	0.3759104772130719	ac
C1GALT1C1	0.38339899069845085	ac
CT47B1	0.6540596576654855	me3
ENSG00000278646	0.6643368766113151	Unassigned
CT47A12	0.7402264895757873	me3
CT47A11	0.7387382789120738	me3
CT47A10	0.7355825700214994	me3
CT47A9	0.7309096613885517	me3
CT47A8	0.7247812430747758	me3
CT47A7	0.7172493204548283	me3
CT47A6	0.7083175504932849	me3
CT47A5	0.6982129867071911	me3
CT47A4	0.6870216129875668	me3
CT47A3	0.6748690787780183	me3
CT47A2	0.6619109974529576	me3
CT47A1	0.648355013292061	me3
GLUD2	0.46568917843395874	ac
GRIA3	0.4672486530340927	Unassigned
THOC2	0.340524012305367	ac
XIAP	0.31052330674042394	ac
STAG2	0.42729339315014336	ac
SH2D1A	0.4580989722559997	Unassigned
TEX13D	0.45211531612119427	Unassigned
TENM1	0.6305486636348603	Unassigned
TEX13C	0.6652506748539696	me2
DCAF12L2	0.7732434231560138	me2
DCAF12L1	0.8615055554739405	me2
PRR32	0.8715031584420962	me1
ACTRT1	0.8115615800596669	me1
SMARCA1	0.44859144648471616	Unassigned
OCRL	0.40571246453205245	me1
APLN	0.39700062429956195	me3
XPNPEP2	0.36026394655337557	me2
SASH3	0.3386800838680053	me2
ZDHHC9	0.3177352778334437	me1
UTP14A	0.2860150676247535	ac
BCORL1	0.24363586929007341	me1
ELF4	0.22987872585447677	ac
AIFM1	0.23756484120015553	ac
RAB33A	0.24338716222686396	ac
ZNF280C	0.25352473826456323	me1
SLC25A14	0.3171141277131698	Unassigned
GPR119	0.3398305920606962	me3
RBMX2	0.3593399945103285	ac
ENOX2	0.45714526113567633	Unassigned
ARHGAP36	0.5063032181449563	me3
IGSF1	0.5611013044890315	Unassigned
OR13H1	0.5426409742853217	me2
STK26	0.46503051611596424	ac
FRMD7	0.46894797621783635	me3
RAP2C	0.48243660866889837	ac
MBNL3	0.5572297321153366	Unassigned
HS6ST2	0.6094091266027546	Unassigned
USP26	0.6498695092334749	me2
TFDP3	0.6518788334661993	me2
GPC4	0.6168347810052047	me3
GPC3	0.6118581973038282	Unassigned
CCDC160	0.5022105331498634	me3
PHF6	0.39907487434936306	ac
HPRT1	0.3700833653706437	Unassigned
PLAC1	0.3993466827226103	Unassigned
PABIR2	0.40418950073452964	ac
PABIR3	0.4059107109898653	ac
MOSPD1	0.42099092984977426	Unassigned
SMIM10	0.4196229769230081	ac
RTL8B	0.4149626216699581	me3
RTL8C	0.41421766293309903	ac
RTL8A	0.4149273597599392	ac
SMIM10L2B	0.4298504088090358	me2
ETDB	0.44413726338340187	me3
CT55	0.47677951087700055	me1
ZNF75D	0.5045411861848532	Unassigned
ETDA	0.5128590735829732	me3
ETDC	0.5025755588725462	Unassigned
ZNF449	0.4905399951668419	ac
SMIM10L2A	0.4808862263181539	me3
INTS6L	0.47701880706010036	ac
CT45A1	0.46011289596557614	Unassigned
CT45A3	0.44308374404907225	Unassigned
CT45A5		Unassigned
CT45A6	0.2847155547852037	Unassigned
CT45A2	0.4001657104492188	Unassigned
CT45A7	0.39749666849772136	Unassigned
CT45A8		Unassigned
CT45A9	0.39133869171142577	Unassigned
CT45A10	0.38861270904541023	ac
SAGE1	0.3864075896856256	ac
MMGT1	0.3891014946294514	ac
SLC9A6	0.39858471020960673	me1
FHL1	0.4444477815029809	me3
MAP7D3	0.4541914763924948	Unassigned
ADGRG4	0.4423533212473424	Unassigned
BRS3	0.4158590783645857	me3
HTATSF1	0.41095398955653506	ac
VGLL1	0.39552431477633265	me3
CD40LG	0.3386413738475872	me3
ARHGEF6	0.2944546001520455	ac
RBMX	0.2439167841742622	ac
GPR101	0.3136578009834541	me3
ZIC3	0.5552393558956075	me3
FGF13	0.6161638944764793	Unassigned
F9	0.6051530607825144	me3
MCF2	0.6444158677736898	Unassigned
ATP11C	0.579671324014486	me1
CXORF66	0.5670624801956637	me3
ENSG00000230707	0.5801960703167621	me3
SOX3	0.7417398254604741	me2
SPANXB1	0.8236970640388882	me2
LDOC1	0.8220004019829283	Unassigned
SPANXC		me2
SPANXA1	0.7210459285610719	me2
SPANXA2	0.7237244965212188	me2
SPANXD	0.837191860934338	me2
MAGEC3	0.8268040443323028	Unassigned
MAGEC1	0.8093615362376017	ac
MAGEC2	0.8295356578058942	ac
SPANXN4	0.8634802503200443	Unassigned
SPANXN3	0.9061307644844055	me1
SLITRK4	0.8766440463497707	Unassigned
SPANXN2	0.8949501123495864	me1
UBE2NL	0.8879276943206788	Unassigned
SPANXN1	0.8842932443807426	me1
SLITRK2	0.8284954964459437	me2
CXORF51B	0.9151839816345084	me1
CXORF51A	0.9148744843455624	Unassigned
FMR1	0.7554002263016343	ac
FMR1NB	0.7644728826513176	me2
AFF2	0.6860314682945958	Unassigned
ENSG00000287585	0.46479892248610044	me2
IDS	0.45396083142214483	me1
ENSG00000241489	0.45220936165023273	me1
EOLA1	0.43491880519858706	me1
HSFX3	0.4337743215402845	me1
MAGEA9B	0.42348690032302183	me2
HSFX2	0.4223682159314053	me3
TMEM185A	0.4236350968144985	me3
MAGEA11	0.45312353457685217	me2
HSFX1	0.4596667225549129	me3
MAGEA9	0.4586195443233688	me2
MAGEA8	0.5126004398515072	me2
EOLA2	0.5183447288834137	ac
HSFX4	0.520728839825091	me1
MAMLD1	0.5050563047693266	me3
MTM1	0.4676727024681614	me1
MTMR1	0.48263426172424373	me1
CD99L2	0.49530872772798884	me2
HMGB3	0.48214898451600463	ac
GPR50	0.5366225935447302	me3
VMA21	0.5224707469072583	ac
PASD1	0.46681209684497427	Unassigned
PRRG3	0.4188471652045035	me3
FATE1	0.411511011207805	me3
CNGA2	0.4044042326845446	me3
MAGEA4	0.3398044070359376	me2
GABRE	0.32394724631830585	ac
MAGEA10	0.2445787357337017	me1
GABRA3	0.31125663149028293	Unassigned
GABRQ	0.3150790326959826	me1
MAGEA3	0.3287923177083333	ac
CSAG2	0.33179620608289784	ac
MAGEA2B	0.33251762002742136	ac
CSAG1	0.33447031648191683	ac
MAGEA12	0.3344067708495104	ac
MAGEA2	0.33379001643075357	ac
CSAG3	0.333309318043846	ac
MAGEA6	0.33091590881347654	ac
CETN2	0.3093638391758994	ac
NSDHL	0.3032157716136129	me1
ZNF185	0.2993577639128777	me3
PNMA5	0.34215338360992387	me2
PNMA3	0.4909700311913313	me2
PNMA6A	0.20812690547658563	me2
MAGEA1	0.3783764725726525	me2
PWWP4	0.3813227610861082	me3
PNMA6F	0.3891740476110447	me2
ZNF275	0.3890264414326229	ac
PNMA6E	0.3837032653892185	me3
ZFP92	0.3805482973983927	me1
TREX2	0.3718665280223399	me1
HAUS7	0.36723822981179044	me1
BGN	0.35563617709484474	me2
ATP2B3	0.3245048197353164	me3
CCNQ	0.2896736545291687	me1
DUSP9	0.2497466874543549	me2
PNCK	0.23254299310928195	ac
SLC6A8	0.22833612758822408	ac
BCAP31	0.2234554337021304	ac
ABCD1	0.22087082914470035	ac
PLXNB3	0.22023153470268297	ac
SRPK3	0.22043979294019878	me1
IDH3G	0.22068242174913488	ac
SSR4	0.22078141287686348	ac
PDZD4	0.22070222237515613	me3
L1CAM	0.21284212274318182	me3
ENSG00000284987	0.20693505540146295	me2
AVPR2	0.20158542419173686	me1
ARHGAP4	0.19255455718058334	ac
NAA10	0.18598126120995762	ac
RENBP	0.1811877615574845	ac
HCFC1	0.1686261589718674	ac
TMEM187	0.1596310513095207	ac
IRAK1	0.15651379181580372	ac
MECP2	0.23955911544338127	ac
OPN1LW	0.4154901481503276	me2
OPN1MW	0.4516054083046407	me2
OPN1MW2	0.41431799059765406	me2
OPN1MW3		me2
TEX28	0.33995403289794923	me2
TKTL1	0.28753596529336733	me3
FLNA	0.17392889012504753	ac
EMD	0.1470319193164772	ac
RPL10	0.13201432891705067	ac
DNASE1L1	0.1279181560780267	ac
TAFAZZIN	0.12571179313018144	ac
ATP6AP1	0.12588298974133538	ac
GDI1	0.12728740064889787	me1
FAM50A	0.12943643805620209	me1
PLXNA3	0.1374700891528764	me1
LAGE3	0.14385959625244138	ac
UBL4A	0.1473044994165421	ac
SLC10A3	0.14918524518241838	ac
FAM3A	0.16067470023111186	ac
G6PD	0.1719988645934981	ac
IKBKG	0.1798042456984018	ac
CTAG1A	0.19299558365749703	ac
CTAG1B	0.20092611716277875	ac
CTAG2	0.1998611355412957	me3
GAB3	0.17443362481000269	ac
DKC1	0.14945444911232497	ac
MPP1	0.14464509987654894	ac
SMIM9	0.14588619939979863	ac
F8	0.19615213630791128	Unassigned
H2AB1	0.16398450643519003	me1
F8A1	0.1648717734115257	Unassigned
FUNDC2	0.27178672426682793	ac
ENSG00000288258	0.2861522621911806	me1
CMC4	0.2877909060272783	ac
MTCP1	0.30502738825018827	Unassigned
BRCC3	0.301991329613869	me1
VBP1	0.33336366009482343	ac
RAB39B	0.34770634884020946	Unassigned
CLIC2	0.37156660612994097	Unassigned
H2AB2	0.42380732176065594	me2
F8A2	0.4252803313075989	Unassigned
F8A3	0.4781786161267013	Unassigned
H2AB3	0.479198847158685	me2
TMLHE	0.4688787626054167	Unassigned
SPRY3	0.43879492996449077	Unassigned
VAMP7	0.3894559804449751	Unassigned
IL9R	0.37239250860577544	ac
WASH6P		me1
SRY		Unassigned
RPS4Y1		Unassigned
ZFY		Unassigned
TGIF2LY		Unassigned
PCDH11Y		Unassigned
TSPY2		Unassigned
AMELY		Unassigned
TBL1Y		Unassigned
TSPY4		Unassigned
TSPY8		Unassigned
TSPY3		Unassigned
TSPY1		Unassigned
TSPY9		Unassigned
TSPY10		Unassigned
USP9Y		Unassigned
DDX3Y		Unassigned
UTY		Unassigned
TMSB4Y		Unassigned
VCY		Unassigned
VCY1B		Unassigned
NLGN4Y		Unassigned
CDY2B		Unassigned
CDY2A		Unassigned
HSFY1		Unassigned
HSFY2		Unassigned
KDM5D		Unassigned
EIF1AY		Unassigned
RPS4Y2		Unassigned
RBMY1B		Unassigned
RBMY1A1		Unassigned
RBMY1D		Unassigned
RBMY1E		Unassigned
PRY2		Unassigned
RBMY1F		Unassigned
RBMY1J		Unassigned
PRY		Unassigned
BPY2		Unassigned
DAZ1		Unassigned
DAZ2		Unassigned
CDY1B		Unassigned
BPY2B		Unassigned
DAZ3		Unassigned
DAZ4		Unassigned
BPY2C		Unassigned
CDY1		Unassigned
