"FSC-A","FSC-H","SSC-A","SSC-B-A","SSC-B-H","SSC-H","AF-A","DRAQ5-A","FITC-A","Time"
380,226,284,224,148,202,387,497,856,0
315,230,226,170,128,179,361,327,854,0
282,179,228,170,111,162,351,332,829,0
669,465,226,178,127,170,394,334,835,0
692,466,282,209,143,202,413,483,856,0
599,395,279,214,147,201,386,326,845,0
304,260,152,119,106,137,323,142,758,1
385,222,126,102,64,88,297,651,547,1
554,352,279,211,146,202,423,380,847,1
582,358,328,257,174,234,414,482,860,1
316,227,179,154,111,130,342,281,799,1
351,255,269,219,161,211,376,332,828,2
721,384,169,126,75,108,388,657,415,2
595,446,245,190,142,193,398,344,852,2
542,348,366,283,192,260,369,620,877,2
603,370,355,281,197,263,431,580,880,2
521,376,220,168,127,172,381,353,824,2
571,407,285,221,164,224,438,314,830,2
698,455,349,259,179,255,420,462,871,2
499,258,313,237,162,227,484,343,835,2
518,426,136,101,87,118,423,1,195,3
560,332,441,303,192,305,430,543,870,3
255,197,141,129,108,119,337,172,780,3
290,183,203,172,115,144,345,315,846,3
380,215,369,304,195,254,382,604,871,3
463,302,266,218,161,204,408,324,863,3
697,421,347,263,185,251,430,566,854,3
509,299,306,250,167,216,407,584,866,3
425,257,301,240,153,202,337,555,855,3
613,441,210,159,122,167,393,353,832,4
692,451,339,259,180,254,448,480,875,4
599,374,380,297,200,264,470,508,871,4
637,337,379,318,205,252,477,630,864,4
271,172,259,199,133,184,363,318,871,4
326,207,287,222,150,210,356,528,865,4
529,361,279,214,153,213,402,256,819,4
611,385,324,236,173,245,424,513,860,4
306,186,330,254,163,221,299,657,874,4
564,328,323,252,166,232,420,479,855,4
579,386,310,228,172,239,427,373,862,5
438,265,334,245,175,248,427,340,838,5
376,275,238,189,144,188,376,321,843,5
361,232,369,286,184,246,421,546,876,5
627,369,442,304,197,307,439,570,863,5
631,480,275,210,166,221,377,338,836,5
628,405,259,191,122,186,401,367,849,5
300,195,324,261,171,227,310,605,876,5
546,304,366,262,172,249,511,334,847,5
262,212,190,144,112,150,315,320,828,5
292,227,222,183,143,173,337,340,800,5
477,333,289,220,151,208,380,329,841,6
433,315,263,195,151,214,373,408,825,6
378,258,219,174,126,169,376,329,833,6
396,222,424,305,182,279,433,561,883,6
448,298,325,251,187,246,417,343,863,6
425,309,251,181,141,200,352,325,837,6
413,286,240,178,138,187,353,459,848,6
637,457,233,189,142,179,348,322,821,6
552,404,257,193,151,206,423,329,841,6
497,360,295,201,153,234,401,373,846,6
504,398,176,159,136,152,372,283,744,6
200,143,215,180,125,159,326,311,830,7
267,195,296,244,173,218,355,347,850,7
212,156,219,166,129,172,401,309,822,7
622,417,236,166,121,184,379,327,836,7
343,196,355,267,178,249,439,404,863,7
367,297,161,133,114,141,334,187,798,7
488,342,135,100,74,106,389,346,844,7
513,395,190,151,118,152,329,329,813,7
339,192,324,276,186,222,488,89,620,7
474,322,314,233,162,228,371,551,873,7
489,318,322,241,195,266,467,475,856,7
701,480,267,202,148,201,418,363,841,7
559,392,278,191,146,221,394,328,824,7
215,164,189,154,125,154,302,331,837,7
669,415,306,243,167,220,454,513,852,8
411,276,234,171,125,178,390,334,844,8
696,432,379,288,188,264,471,667,889,8
507,407,197,165,142,170,362,341,854,8
319,191,291,233,160,215,407,377,838,8
535,342,502,406,241,328,445,660,879,8
287,216,128,105,70,92,161,656,480,8
501,391,169,148,119,140,346,331,819,8
620,433,375,297,217,282,428,349,837,8
438,319,321,255,194,246,388,330,844,8
587,418,247,183,129,187,391,338,839,9
242,157,319,231,156,225,332,578,875,9
295,237,193,142,115,161,343,324,825,9
315,260,114,91,79,101,325,149,771,9
358,258,190,164,139,159,431,317,808,9
508,373,297,263,216,248,443,332,831,9
466,298,287,216,166,227,438,329,826,9
645,410,279,211,146,201,407,481,848,10
326,272,160,119,100,137,332,237,824,10
652,473,295,240,184,230,386,334,860,10
538,371,253,171,127,194,407,349,855,10
658,467,232,167,124,181,396,337,818,10
512,391,204,150,121,172,383,335,843,10
594,363,363,261,163,234,394,653,877,10
517,355,338,252,188,257,574,5,515,10
244,161,292,222,158,213,332,447,842,10
616,361,362,286,203,264,520,632,863,10
555,386,324,245,181,256,486,322,855,10
367,211,330,240,160,234,415,552,868,10
504,328,406,272,189,299,441,330,846,10
337,258,250,201,161,200,362,324,844,10
348,222,323,231,166,246,399,345,795,10
314,241,183,132,108,155,359,209,796,10
263,201,262,196,151,210,481,132,726,10
533,302,352,291,186,249,414,667,880,10
703,423,279,195,99,155,451,695,752,11
352,233,322,250,171,235,398,548,857,11
559,405,226,184,142,180,413,335,838,11
211,157,273,212,164,219,355,318,818,11
264,170,323,259,170,223,360,482,874,11
428,295,263,203,141,190,361,371,845,11
547,346,376,276,201,284,513,381,846,11
571,337,340,259,182,243,440,524,856,11
469,351,287,229,170,221,386,371,845,11
424,301,226,183,143,180,397,350,841,11
262,174,292,234,161,207,292,556,860,11
549,396,212,155,120,167,392,326,829,11
468,330,259,198,127,175,459,348,849,11
718,427,502,383,230,332,447,572,870,11
289,227,263,200,159,216,366,318,815,12
628,411,420,302,204,293,435,434,868,12
700,470,264,210,160,208,440,338,845,12
423,278,275,219,156,203,378,446,842,12
330,220,177,135,101,136,370,338,815,12
308,194,258,194,139,195,377,332,846,12
545,390,375,290,213,282,475,545,859,12
322,212,277,209,142,197,357,390,837,12
597,418,112,98,71,87,357,659,378,12
681,461,125,97,67,91,377,379,446,12
316,262,297,219,189,254,454,303,686,12
330,246,283,219,171,222,282,520,837,12
212,154,248,196,142,187,363,316,835,12
322,244,203,153,124,168,432,306,808,12
561,437,189,136,114,163,359,332,809,12
313,209,237,193,138,175,372,329,840,12
594,403,348,289,214,263,431,640,873,13
294,201,289,226,161,212,333,521,855,13
580,421,210,167,127,166,395,334,830,13
496,352,230,154,114,178,429,335,841,13
385,286,199,159,116,154,341,329,818,13
604,414,259,197,140,192,394,360,836,13
211,192,173,152,137,155,348,134,759,13
526,340,391,278,190,282,444,584,890,13
256,192,232,179,141,190,336,313,823,13
307,184,351,256,168,245,335,659,872,13
500,328,378,263,189,281,429,574,884,13
432,292,263,225,158,198,436,392,843,14
422,265,426,325,194,279,388,615,868,14
298,212,303,199,138,223,370,381,847,14
638,404,284,231,159,197,411,331,855,14
480,299,308,240,177,237,451,437,854,14
598,447,240,183,147,198,388,336,811,14
209,146,273,210,152,203,289,500,848,14
553,403,275,196,146,218,367,344,837,14
366,290,228,179,154,195,386,325,822,14
378,280,113,89,72,90,326,328,536,14
473,394,178,150,129,157,345,336,817,14
515,385,283,230,179,224,396,334,839,14
497,329,378,278,194,274,362,656,879,15
405,313,303,204,158,244,387,337,857,15
648,433,362,269,188,261,427,477,873,15
556,408,246,198,148,192,382,324,799,15
429,284,311,233,174,237,444,336,845,15
455,259,336,247,162,229,455,605,859,15
726,473,391,300,208,287,424,538,843,15
577,433,154,120,94,123,337,348,670,15
534,342,339,259,189,253,424,668,916,15
257,193,232,170,124,176,316,379,832,15
307,225,360,263,179,262,312,563,850,16
644,459,254,195,146,198,393,358,850,16
615,365,460,344,186,274,406,941,907,16
567,423,201,150,110,156,363,331,808,16
201,163,152,115,90,126,258,326,797,16
313,202,303,237,169,228,399,339,863,16
164,142,133,100,86,116,308,137,750,16
405,229,375,270,170,256,438,591,881,16
421,312,323,236,187,266,466,328,834,16
598,454,176,147,119,144,364,330,829,16
561,408,167,125,96,131,364,694,614,16
379,286,242,202,163,198,393,332,842,17
566,366,356,271,184,255,388,505,856,17
354,269,221,184,141,175,346,330,838,17
517,349,357,272,191,267,369,554,861,17
423,285,338,231,161,250,397,510,866,17
504,377,292,197,151,234,380,321,848,17
512,292,353,268,176,248,473,498,859,17
379,277,288,223,162,218,359,452,865,18
691,450,346,248,169,246,413,369,835,18
373,283,256,190,142,201,525,4,510,18
531,330,353,271,186,256,423,593,871,18
340,189,349,258,174,245,441,464,857,18
454,269,311,218,137,205,392,386,872,18
588,473,176,135,115,150,336,326,830,18
665,422,351,256,178,253,449,345,841,18
304,172,270,211,146,197,467,329,835,18
444,307,268,183,125,193,483,325,831,18
552,306,153,126,74,97,371,638,503,18
395,284,238,178,136,186,368,316,833,18
703,416,445,311,199,308,471,683,880,18
256,194,214,171,140,173,313,313,830,18
392,254,338,264,174,233,356,600,874,18
279,196,252,202,149,195,368,370,859,18
560,421,352,288,227,282,415,324,844,19
216,161,253,186,137,194,368,341,832,19
560,354,326,241,154,223,415,348,855,19
516,358,260,201,147,203,393,429,834,19
302,243,170,111,90,142,438,153,450,19
672,420,388,281,206,301,443,601,870,19
373,229,126,105,63,82,308,639,498,19
321,242,195,152,116,156,365,327,841,19
193,136,226,170,123,165,271,411,837,19
257,175,271,217,156,200,332,457,835,19
328,239,290,220,171,236,375,383,840,19
503,340,247,181,128,180,323,754,838,19
532,374,187,141,104,144,383,334,826,19
415,266,312,232,158,223,405,490,867,19
684,442,401,257,178,293,428,611,870,20
469,326,310,221,162,238,366,327,842,20
498,350,357,248,181,274,408,381,853,20
663,448,223,169,126,168,380,341,842,20
464,275,432,340,232,314,518,664,883,20
346,266,251,193,152,200,350,314,825,20
335,236,259,187,140,198,387,344,851,20
691,398,381,263,178,269,454,471,870,20
400,297,300,213,175,247,447,402,860,20
474,360,178,128,99,140,436,278,665,20
406,308,318,241,195,262,386,401,851,21
271,180,222,157,120,170,364,333,816,21
401,241,386,264,177,280,434,546,864,21
549,418,221,169,133,177,385,332,841,21
705,437,377,272,182,274,427,542,865,21
590,412,310,234,178,243,425,541,862,21
635,443,357,279,196,264,417,333,832,21
266,197,250,185,139,194,321,472,849,22
320,277,203,158,129,173,411,327,840,22
641,448,263,191,139,200,379,335,853,22
630,444,167,136,101,129,376,330,761,22
643,411,399,307,178,275,441,423,854,22
515,328,324,255,182,239,423,490,845,22
331,217,273,204,150,210,380,317,850,22
552,348,406,307,215,302,453,665,880,22
476,310,353,259,192,273,423,509,853,22
504,328,389,267,195,298,414,458,848,22
596,404,273,190,143,215,458,357,852,22
677,415,459,342,241,339,438,478,878,23
440,292,259,191,132,190,478,325,817,23
672,465,400,294,224,316,487,372,845,23
703,417,531,418,242,347,443,615,873,23
458,351,205,172,138,168,368,338,822,23
552,395,249,174,140,205,406,166,714,23
514,320,329,223,138,226,404,370,851,23
620,389,387,303,232,301,495,535,860,23
228,153,203,153,105,153,332,323,826,23
368,297,195,170,138,157,309,323,801,23
255,202,155,114,93,127,309,174,784,23
566,426,247,192,150,197,379,346,840,24
339,208,338,282,177,229,355,607,870,24
477,346,280,196,142,212,405,372,857,24
619,406,296,216,150,214,404,341,861,24
309,222,231,192,143,176,367,320,822,24
439,317,198,173,131,157,382,285,778,24
436,250,487,375,218,303,494,574,861,24
612,397,453,314,216,314,447,541,870,24
638,444,266,203,153,211,400,331,860,24
356,243,231,169,122,174,416,328,837,24
566,441,248,184,152,206,381,313,832,24
513,341,286,221,160,216,403,505,833,24
646,372,484,377,236,323,466,666,884,24
614,360,438,361,231,303,412,646,883,24
524,305,389,293,194,276,439,659,862,25
184,142,221,175,136,173,311,337,832,25
474,316,232,173,127,177,405,359,836,25
608,422,328,230,162,252,426,335,823,25
600,366,408,339,243,293,434,533,867,25
413,269,251,174,129,194,443,333,832,25
283,188,320,239,159,231,404,422,867,25
532,352,364,291,223,285,477,563,883,26
425,278,182,142,96,132,379,337,842,26
570,331,456,323,196,294,438,639,880,26
622,419,387,288,176,246,438,613,854,26
461,323,443,351,237,317,422,634,866,26
578,433,284,205,166,231,372,321,848,26
671,436,348,259,181,256,431,454,858,26
471,304,458,327,215,327,431,599,884,26
271,205,248,206,161,196,366,331,838,26
633,348,464,346,251,360,558,674,875,26
445,285,268,190,142,212,405,335,851,26
681,437,447,349,237,311,456,685,895,26
433,286,322,251,174,235,405,321,848,27
572,319,399,310,211,284,422,574,864,27
364,262,227,158,113,171,346,336,802,27
436,318,249,168,126,192,361,329,821,27
563,422,196,174,135,154,397,332,807,27
428,285,345,303,211,255,407,522,878,27
269,237,94,68,59,83,326,245,639,27
453,320,227,170,121,171,442,326,824,27
488,288,391,306,215,292,476,552,865,27
441,298,386,285,208,294,384,664,870,27
551,397,263,223,168,204,393,372,820,27
635,444,198,148,106,149,418,348,844,28
610,456,390,303,222,293,445,600,841,28
611,434,259,194,140,197,409,330,824,28
456,362,216,158,130,181,363,199,794,28
405,306,165,124,100,138,353,328,779,28
409,233,443,327,207,293,437,647,899,28
598,451,271,215,171,218,350,327,827,28
521,429,196,153,123,164,442,2,178,28
570,360,357,282,207,264,412,414,848,28
405,291,297,241,180,224,383,397,866,28
516,388,235,182,138,181,352,337,834,29
480,325,219,167,121,164,395,339,843,29
381,263,287,231,174,223,373,452,841,29
726,478,251,204,139,183,469,334,854,29
381,249,253,182,132,191,390,326,849,29
264,184,327,235,174,249,346,508,841,29
650,385,556,426,263,355,477,658,896,29
374,286,177,142,115,148,335,218,811,29
399,308,195,150,126,167,359,321,843,29
232,168,274,206,161,222,340,327,839,30
412,304,128,92,71,104,295,333,448,30
541,348,248,189,143,193,480,325,842,30
521,329,358,272,193,271,439,379,838,30
637,460,285,194,158,238,406,343,848,30
374,238,384,290,190,266,415,546,864,30
570,367,374,279,191,271,420,587,864,30
539,375,312,226,167,235,404,382,839,30
349,267,215,174,133,168,356,329,813,30
539,392,264,193,148,212,389,330,845,30
235,163,291,232,170,217,358,324,842,30
463,319,267,224,157,196,375,442,862,30
280,204,280,196,152,220,344,324,849,30
692,420,566,450,282,371,413,962,914,30
558,364,368,250,173,267,439,525,862,31
646,409,344,276,190,244,441,401,860,31
521,330,430,331,201,288,409,571,857,31
470,328,202,165,121,158,390,330,843,31
490,299,396,327,226,287,438,577,865,31
412,283,298,230,174,231,466,340,843,31
424,267,378,293,196,267,394,668,876,31
382,241,288,233,167,217,416,438,842,31
678,429,320,235,162,233,413,357,857,31
392,286,249,183,140,197,368,326,840,31
266,168,309,259,174,214,383,484,861,31
453,275,352,262,174,249,401,584,862,31
625,455,225,184,146,180,397,332,826,31
526,337,155,114,86,122,364,646,454,31
543,338,404,320,215,276,479,617,869,31
625,413,158,123,90,121,368,688,476,31
572,367,298,250,176,221,427,601,884,31
498,354,306,220,163,232,395,511,864,31
264,189,227,203,139,165,326,371,833,32
237,193,131,101,86,114,272,321,618,32
585,402,384,273,196,287,485,404,831,32
297,198,245,167,124,188,373,330,832,32
438,306,308,246,160,217,382,406,862,32
549,384,224,170,123,169,389,338,836,32
439,314,281,198,151,228,400,336,847,32
394,290,306,205,159,246,396,319,839,32
629,442,345,255,175,248,407,339,858,32
360,210,400,313,204,272,411,674,897,32
458,269,370,321,191,239,380,590,887,32
301,255,164,122,103,139,397,2,224,32
443,240,221,164,103,148,412,683,870,33
601,388,332,243,169,245,430,575,866,33
389,245,260,198,147,200,405,372,855,33
252,176,247,187,136,188,368,350,843,33
548,386,244,181,136,191,407,333,838,33
373,250,249,200,148,196,392,342,850,33
322,210,342,260,172,236,307,599,871,33
256,223,159,157,152,152,371,2,385,33
542,390,236,185,139,184,378,358,847,33
620,387,304,223,155,219,412,336,849,33
555,351,287,207,148,212,424,417,859,33
328,231,232,191,144,183,373,338,827,34
620,324,361,281,203,269,520,579,862,34
532,344,293,213,161,228,459,350,849,34
544,288,408,317,204,275,436,550,871,34
589,407,307,231,164,237,394,425,833,34
546,390,151,111,82,114,332,331,472,34
430,250,301,204,132,208,423,636,904,34
342,280,152,130,115,134,340,212,751,34
309,193,357,263,185,259,318,602,873,34
654,495,210,167,130,164,381,324,816,34
581,310,504,392,244,339,527,692,876,34
627,437,306,220,168,248,412,473,868,34
677,428,335,280,199,244,480,390,852,34
384,291,316,247,190,257,388,328,827,34
474,358,243,196,154,195,383,326,827,34
614,464,257,192,143,205,376,352,828,35
614,428,258,215,156,194,392,327,843,35
648,377,427,321,207,299,456,654,880,35
514,391,301,244,177,235,355,311,800,35
640,484,284,206,163,235,371,330,823,35
578,345,351,272,188,256,417,571,877,35
451,302,302,221,166,232,416,467,847,35
728,466,329,235,178,252,505,465,867,35
295,210,294,221,165,227,358,420,854,35
451,326,273,220,160,204,370,348,852,35
574,339,415,303,192,286,422,663,885,35
711,466,378,283,193,279,447,569,889,35
300,191,356,284,190,249,383,495,838,35
390,323,199,173,147,167,335,321,835,35
538,396,317,253,193,253,440,480,852,35
395,307,253,180,155,221,449,333,834,35
270,181,261,203,140,189,353,421,855,35
209,160,247,203,163,199,318,310,824,35
542,318,374,301,189,249,497,650,853,35
268,187,211,176,133,163,336,322,823,35
435,264,314,235,164,228,406,630,877,36
595,422,215,173,132,168,354,338,824,36
601,429,282,224,166,218,387,335,834,36
211,170,168,128,105,140,280,324,815,36
614,351,431,324,194,284,452,662,876,36
458,289,272,209,142,193,399,328,860,36
593,398,367,283,194,274,413,553,858,36
358,286,260,200,168,223,393,331,842,36
438,302,324,263,190,242,403,363,834,36
566,420,205,177,140,166,387,328,851,36
274,215,167,124,83,114,187,734,611,36
293,252,156,122,107,136,318,299,802,36
578,341,380,334,206,252,407,596,877,36
591,397,255,193,145,197,482,344,858,36
302,212,249,214,158,187,344,322,833,36
617,377,396,290,182,260,424,518,850,36
446,288,308,229,163,231,486,321,837,36
425,291,345,267,199,260,372,632,878,36
523,338,340,266,167,219,380,480,869,37
420,253,351,270,188,253,421,508,851,37
615,406,258,204,152,196,406,330,837,37
600,343,493,343,211,333,431,597,874,37
575,396,293,249,188,227,375,418,855,37
461,300,273,181,118,192,390,356,858,37
423,310,204,156,120,167,363,342,828,37
483,339,363,251,178,264,409,332,834,37
647,393,348,249,152,239,416,537,865,37
280,231,260,212,163,209,377,337,832,37
428,291,241,170,121,182,344,334,796,37
522,373,168,127,88,123,444,336,468,37
376,256,277,221,158,205,378,412,834,37
650,449,362,280,171,235,399,659,856,37
643,458,271,180,131,206,418,373,861,37
390,266,294,218,169,236,447,327,830,37
475,295,366,276,143,202,489,495,863,37
729,416,321,234,153,225,498,376,852,37
273,184,218,180,131,166,372,327,837,38
362,204,298,236,148,200,343,543,861,38
346,224,243,205,141,175,428,409,846,38
421,291,295,223,166,228,371,326,842,38
389,255,291,225,151,210,382,559,854,38
475,362,264,228,180,211,367,390,827,38
632,455,223,165,126,177,373,345,815,38
394,274,447,356,227,306,396,615,879,38
576,297,454,351,208,291,479,676,884,38
570,398,284,203,148,217,384,341,870,39
330,240,195,148,114,152,341,304,828,39
516,370,130,110,79,99,323,648,452,39
315,202,295,236,167,217,362,557,855,39
604,440,282,201,144,214,397,331,819,39
252,155,294,212,149,219,279,578,860,39
286,184,274,229,161,209,349,574,860,39
163,152,226,152,140,210,394,3,338,39
577,408,296,252,181,218,401,469,858,39
394,228,196,148,111,149,460,321,829,39
435,273,427,308,216,317,450,441,873,40
246,185,256,183,141,201,365,318,846,40
560,426,207,164,131,171,376,337,833,40
427,270,322,242,166,239,401,560,869,40
444,296,327,270,176,221,408,457,849,40
453,285,362,308,216,263,413,533,869,40
507,362,266,207,162,212,398,374,840,40
415,321,133,100,82,111,327,366,487,40
188,144,218,168,131,174,330,326,835,40
501,330,218,173,124,163,371,339,838,40
281,190,290,226,152,211,309,477,830,40
404,317,205,143,114,172,351,194,811,40
293,217,247,177,133,197,345,321,844,40
541,394,326,250,203,266,411,373,837,40
681,426,409,315,218,299,505,485,884,40
265,193,317,239,185,253,333,459,853,40
513,339,387,297,189,258,388,594,878,40
464,246,203,161,94,127,295,785,548,41
590,438,351,249,198,293,453,390,846,41
303,218,152,111,75,106,296,668,483,41
461,321,356,240,163,255,411,334,863,41
422,316,367,273,225,307,474,342,825,41
497,268,335,236,157,241,498,400,843,41
306,167,339,254,150,218,328,564,878,41
381,245,388,295,195,272,367,559,863,41
681,435,274,213,147,199,519,342,831,41
446,350,300,219,180,250,386,335,839,41
362,256,277,209,158,216,375,381,851,41
722,460,299,191,123,208,414,637,861,41
687,456,462,346,258,360,428,475,838,41
550,425,251,214,165,197,386,394,834,41
500,286,402,297,192,283,419,571,877,42
627,448,250,181,137,195,376,325,859,42
504,347,257,185,130,190,387,330,855,42
347,255,193,152,121,157,358,326,805,42
671,454,399,293,201,294,435,401,872,42
266,174,258,206,142,185,371,375,843,42
586,374,387,313,211,273,447,604,864,42
402,322,190,148,119,158,353,316,829,42
535,405,145,113,91,120,329,327,617,42
621,452,265,211,168,214,398,337,829,42
388,246,378,282,188,269,410,617,873,42
324,249,206,165,135,172,342,319,815,43
462,363,303,211,159,242,365,328,854,43
578,391,277,186,138,213,438,1,193,43
352,238,307,233,171,230,441,406,851,43
658,436,315,218,150,229,402,502,858,43
586,384,305,238,154,201,491,343,838,43
546,316,415,274,164,266,413,542,855,43
322,246,198,152,123,163,339,320,793,43
712,433,439,315,212,310,451,671,868,43
408,270,365,293,202,257,388,649,858,43
640,409,398,290,201,284,450,458,856,43
507,381,194,152,120,157,384,333,834,43
478,327,269,200,150,209,389,419,842,43
696,486,307,236,172,235,408,417,833,44
432,300,302,231,170,228,389,448,830,44
413,311,253,218,166,195,339,474,841,44
677,473,314,250,174,232,408,364,859,44
422,321,219,172,141,181,377,330,832,44
472,314,257,186,134,195,400,370,838,44
554,407,260,187,143,207,370,331,829,44
402,254,345,270,183,244,368,631,866,44
539,319,416,304,199,297,447,635,867,44
489,301,384,271,186,279,441,567,868,44
509,372,235,179,135,184,384,320,832,44
466,350,233,178,143,193,371,328,817,44
414,271,375,253,186,283,399,591,879,45
602,355,494,365,251,362,461,582,858,45
324,237,291,229,167,220,351,497,867,46
457,345,178,153,122,143,363,325,837,46
463,277,385,282,221,313,463,524,849,46
520,329,407,263,180,296,426,535,871,46
691,448,366,277,190,263,469,627,865,46
487,344,249,188,140,195,404,389,843,46
333,238,244,193,136,179,308,471,830,46
561,370,291,202,135,209,405,557,851,46
557,378,210,156,110,154,393,489,845,46
458,298,340,284,191,242,407,493,846,47
492,303,294,231,154,208,427,469,861,47
384,278,309,226,166,235,372,347,847,47
493,293,380,306,194,258,398,637,888,47
375,252,312,246,176,235,397,378,833,47
258,180,239,169,135,195,448,92,572,47
573,382,298,218,154,219,401,349,843,47
339,248,211,154,120,167,350,321,830,47
368,264,317,250,184,236,324,492,855,47
417,291,226,185,146,182,375,331,830,47
645,404,264,208,149,196,423,461,838,47
507,290,311,240,154,216,438,378,869,47
598,359,488,346,195,301,448,644,884,47
271,238,119,100,90,107,327,216,808,47
466,298,401,329,213,276,380,645,882,47
640,459,273,203,156,218,398,338,846,48
381,254,239,172,128,183,369,336,841,48
520,356,256,209,150,192,451,425,855,48
457,243,386,287,175,256,456,586,868,48
335,240,251,195,143,187,352,314,830,48
576,411,408,332,259,327,499,580,868,48
307,199,179,143,99,130,616,0,217,49
632,323,444,339,219,296,535,649,904,49
652,436,446,299,208,329,401,438,852,49
628,415,236,170,118,171,393,335,848,49
610,449,241,184,140,191,386,323,836,49
234,167,282,235,176,221,364,328,836,49
342,245,212,161,127,169,382,327,844,49
522,315,401,259,169,289,412,537,860,49
648,494,238,181,140,190,394,330,851,50
554,399,262,208,151,200,385,518,849,50
572,346,426,284,192,311,508,310,848,50
465,357,190,147,109,148,343,325,835,50
634,459,292,208,158,234,389,336,840,50
423,298,263,210,146,192,398,343,830,50
642,445,217,172,127,171,388,340,831,50
503,347,392,292,220,309,388,395,851,50
714,471,309,249,179,229,399,336,828,50
497,313,495,387,235,300,393,806,899,50
330,234,268,197,143,202,283,665,850,50
418,316,206,157,121,163,352,320,849,51
456,340,291,195,139,219,570,3,618,51
225,163,262,222,177,215,338,311,839,51
177,131,174,142,105,133,286,328,818,51
336,232,192,152,128,161,402,260,797,51
653,419,378,313,215,272,403,401,856,51
608,402,178,132,94,132,383,340,830,51
620,335,523,398,246,349,520,880,921,51
471,349,162,113,88,130,372,334,737,51
288,211,214,152,111,164,349,326,826,51
219,154,267,208,153,206,353,316,835,51
494,304,320,246,178,243,395,484,847,51
421,308,286,207,159,228,377,326,843,51
347,243,253,203,151,194,359,429,837,51
627,397,430,315,193,296,420,602,871,51
510,387,272,211,180,229,389,331,815,51
476,288,394,285,189,285,484,523,864,51
294,187,312,228,157,226,373,447,826,52
490,289,343,290,186,237,429,572,870,52
483,300,349,276,182,241,395,606,860,52
441,356,114,97,83,97,353,335,644,52
342,224,239,176,129,180,432,327,846,52
449,323,273,214,156,201,340,563,852,52
571,324,384,267,168,266,430,597,862,52
592,347,534,422,257,328,435,742,884,52
472,282,369,288,196,258,438,615,866,52
398,318,264,208,160,214,355,321,842,52
478,345,315,251,189,252,406,317,841,52
438,338,254,194,151,203,383,326,847,53
655,372,457,359,215,291,446,625,867,53
686,441,440,310,203,309,400,442,851,53
326,224,278,206,156,217,400,341,844,53
408,313,213,180,138,171,358,318,832,53
561,430,240,178,142,197,376,332,838,53
601,390,166,131,93,121,354,656,416,53
377,270,236,192,146,183,429,1,206,53
488,250,421,316,199,288,517,510,859,53
296,224,228,169,130,181,351,327,819,53
459,287,304,223,164,232,473,324,840,53
392,307,230,175,146,190,424,342,837,54
569,321,369,260,165,252,433,579,855,54
158,135,121,103,91,105,294,161,793,54
657,452,364,276,194,264,419,516,862,54
261,206,178,135,108,145,321,324,832,54
683,450,286,227,154,205,407,423,829,54
427,281,262,229,168,192,394,330,827,54
471,290,324,244,168,239,412,566,850,54
386,323,145,97,83,126,358,76,783,54
342,224,236,204,157,183,462,329,835,54
412,302,273,207,156,215,371,399,841,55
291,234,140,109,88,115,379,100,383,55
711,431,435,324,189,272,467,598,889,55
565,412,233,169,131,189,383,317,829,55
375,199,373,273,171,245,410,598,884,55
363,255,256,206,154,197,429,383,842,55
266,200,207,165,132,169,338,319,823,55
292,194,262,197,164,220,417,458,831,55
439,330,239,184,149,198,357,324,841,55
504,339,241,176,128,180,375,336,844,55
397,217,372,281,182,251,399,599,878,55
590,454,200,160,133,167,376,340,839,55
562,426,218,161,127,177,362,327,811,55
716,466,324,247,173,235,417,490,851,55
511,345,247,202,150,192,396,407,878,56
505,362,272,204,151,210,369,316,837,56
496,353,247,171,125,190,387,321,828,56
296,181,344,255,157,229,404,525,870,56
315,273,110,91,77,94,246,312,719,56
342,239,328,216,148,244,400,415,859,56
389,262,232,166,112,169,368,324,833,56
513,255,476,351,188,274,434,766,893,56
565,405,252,213,162,201,391,337,837,57
371,299,142,123,102,121,314,316,712,57
257,173,233,177,126,179,355,326,832,57
494,346,348,272,187,249,406,557,857,57
304,231,234,182,140,188,353,309,840,57
399,254,439,342,209,289,403,657,890,57
540,300,382,299,188,262,465,606,872,57
334,257,196,138,120,173,397,227,728,57
443,314,289,224,160,211,353,547,869,57
551,386,286,207,152,217,370,323,852,57
410,248,408,310,196,277,400,505,858,57
533,356,228,176,125,168,385,399,850,58
289,214,258,211,153,195,327,326,824,58
724,478,335,261,183,250,398,457,857,58
593,373,456,339,231,330,448,580,871,58
465,283,337,278,192,241,384,575,863,58
655,354,584,413,246,368,476,1023,919,58
672,429,373,323,221,268,422,508,856,58
689,431,423,329,209,284,440,602,866,58
513,413,176,132,109,150,317,337,704,58
423,290,338,258,174,244,363,509,863,58
600,432,272,216,165,212,389,324,851,58
652,421,263,205,154,204,407,428,853,58
271,223,197,144,119,163,323,325,821,58
282,194,236,184,138,181,369,341,839,58
712,425,438,340,195,262,447,807,838,58
277,187,243,179,127,182,322,320,841,58
414,299,375,255,189,283,510,458,880,58
329,255,130,103,85,108,307,332,614,59
309,204,297,221,156,223,356,519,860,59
707,416,466,342,217,318,458,673,888,59
656,437,311,234,166,229,453,381,837,59
632,457,271,188,147,222,450,331,828,59
463,332,265,190,147,215,381,329,827,59
465,328,247,189,153,202,360,409,839,59
714,462,333,248,168,239,415,330,841,59
469,345,224,169,127,177,360,364,820,59
363,257,265,214,169,213,374,392,842,59
623,405,375,280,181,262,474,530,876,60
628,441,245,176,126,179,346,327,822,60
531,320,321,253,168,221,428,576,870,60
509,370,312,236,182,252,395,465,853,61
333,244,267,222,154,198,336,447,837,61
272,196,277,204,140,202,323,439,845,61
403,299,290,241,189,233,397,318,844,61
671,469,291,226,167,223,404,348,819,61
639,477,290,207,162,229,393,336,835,61
692,458,316,230,158,237,409,551,868,61
349,231,253,189,137,189,396,342,857,61
303,224,208,147,106,160,338,311,824,61
443,324,242,198,143,181,368,663,802,61
432,285,426,332,236,317,397,389,862,61
489,288,325,234,152,230,429,428,855,61
397,296,306,250,187,237,363,457,849,61
448,301,336,262,185,246,373,569,865,61
426,270,372,315,223,277,416,464,851,62
367,243,222,161,115,169,392,337,834,62
559,439,198,157,129,163,364,322,838,62
591,426,278,224,175,226,389,385,862,62
273,208,195,138,103,152,338,319,827,62
383,265,417,349,231,291,480,379,855,62
347,225,315,231,164,235,338,535,866,62
349,218,349,285,184,238,341,592,886,62
500,304,449,330,212,313,413,658,874,62
680,478,284,227,182,233,424,418,849,62
439,347,188,141,118,158,432,199,660,62
595,415,275,206,151,209,394,347,854,62
679,481,346,240,180,276,407,427,826,62
549,343,342,275,184,242,395,545,855,63
625,383,322,233,151,221,397,485,853,63
371,273,263,216,168,214,404,319,855,63
492,255,361,260,166,243,536,717,881,63
502,342,271,207,150,204,428,331,833,63
273,224,175,113,92,149,330,142,765,63
580,341,329,235,176,252,502,357,846,63
321,239,251,197,144,192,364,317,821,63
500,283,332,246,152,215,424,396,857,63
532,389,189,133,97,146,321,317,610,63
314,222,232,178,135,181,371,340,861,63
641,367,444,351,209,281,486,614,854,63
426,278,320,232,164,236,484,345,836,63
568,380,479,355,241,340,462,545,863,64
690,445,427,346,223,288,411,570,869,64
623,462,261,210,161,211,387,320,839,64
343,260,271,198,167,232,367,322,845,64
481,355,182,155,125,150,340,326,834,64
472,344,292,214,160,225,384,346,850,64
352,226,412,320,214,288,384,672,884,64
319,231,341,254,179,256,345,531,868,64
544,342,416,274,167,280,423,421,861,64
695,460,426,325,225,302,447,495,887,64
613,364,418,325,224,299,456,629,878,64
708,451,458,332,227,324,517,649,880,64
690,452,336,255,166,228,407,566,852,64
505,358,256,218,164,194,410,333,822,64
490,356,195,157,117,150,378,327,849,64
691,441,351,269,188,259,426,424,848,64
336,200,373,277,170,245,423,674,858,64
327,215,301,244,181,231,399,418,843,65
436,322,223,158,126,185,395,318,841,65
642,439,338,273,205,268,438,455,851,65
452,316,266,183,131,203,369,260,836,65
544,370,359,274,207,281,479,529,870,65
381,275,246,168,127,193,370,328,846,65
587,410,249,203,159,199,392,330,839,65
722,394,570,427,251,361,508,613,874,66
654,370,468,345,255,367,533,642,882,66
426,296,255,194,133,185,361,358,831,66
241,204,197,148,123,166,289,323,833,66
411,320,161,136,112,138,349,334,766,66
417,223,253,183,115,177,412,346,849,66
494,357,205,170,127,158,383,324,830,66
445,310,244,187,136,186,383,361,844,66
551,400,279,223,178,221,400,321,849,67
491,336,281,193,135,209,404,317,852,67
667,434,403,301,208,304,415,478,853,67
446,321,228,150,111,179,391,370,859,67
527,361,313,257,187,237,395,408,838,67
552,392,318,257,205,257,424,329,839,67
367,299,171,142,122,147,361,328,824,67
334,257,248,180,142,200,389,323,837,67
233,171,199,170,139,161,381,330,825,67
620,425,308,235,175,242,412,462,863,67
370,224,244,167,113,180,398,323,865,67
397,320,178,148,123,147,360,319,804,68
427,267,244,259,193,181,397,1,218,68
548,396,401,301,245,336,508,635,872,68
383,254,303,236,188,245,393,324,855,68
514,371,326,248,190,260,432,270,803,68
322,218,329,221,159,250,381,482,861,68
260,221,98,71,65,90,309,102,510,68
286,193,301,222,157,221,353,461,843,68
546,380,306,249,185,229,382,345,826,68
545,275,522,380,202,289,309,1023,890,68
396,245,412,295,189,290,416,633,879,68
301,190,322,249,172,232,322,513,864,68
577,393,290,243,173,216,406,413,853,69
222,166,210,164,127,166,335,318,846,69
474,299,447,313,221,327,421,546,884,69
245,192,215,155,125,176,332,323,836,69
623,492,173,123,98,146,334,338,842,69
339,246,251,182,137,198,319,445,862,69
244,169,211,172,126,160,327,325,837,69
375,259,208,162,121,165,378,344,850,69
609,390,410,294,200,291,424,464,867,69
615,461,249,175,147,214,460,268,670,69
567,331,460,315,191,305,410,595,864,69
339,211,362,272,189,261,322,603,873,69
375,257,231,176,132,178,385,332,826,69
412,302,276,216,165,214,379,349,867,69
703,465,259,204,149,197,449,392,839,70
369,278,199,152,123,161,360,326,767,70
238,183,220,178,138,179,342,325,826,70
728,479,332,258,180,239,498,339,847,70
721,474,377,278,194,276,412,479,863,70
328,287,339,265,224,293,466,20,440,70
733,395,432,316,195,281,425,638,889,70
195,162,169,135,113,145,327,166,791,70
430,305,239,157,115,187,357,319,851,70
468,282,483,363,228,318,439,665,887,70
633,476,221,162,128,180,365,321,847,70
407,293,260,204,152,204,362,389,820,70
394,319,241,191,160,198,503,5,451,70
621,446,358,262,197,279,404,340,841,70
299,214,347,280,196,261,342,463,840,71
412,275,249,192,134,180,382,337,847,71
516,381,280,206,158,225,357,325,834,71
612,445,329,259,204,265,405,399,849,71
359,237,366,294,195,263,360,517,874,71
550,405,217,171,134,176,376,328,833,71
282,196,220,165,118,161,293,444,829,71
511,359,407,310,229,311,402,435,861,71
307,221,127,92,71,101,198,662,485,72
645,498,235,159,127,195,364,340,798,72
546,438,208,165,136,175,346,316,804,72
705,456,325,272,192,240,430,380,831,72
352,267,207,147,121,174,342,309,798,72
325,240,254,193,147,197,326,348,843,72
406,306,244,206,154,191,372,322,832,72
554,422,178,136,109,145,331,325,792,72
329,193,325,234,143,220,400,553,860,73
598,362,470,342,247,345,432,670,891,73
520,324,340,269,188,248,410,361,844,73
521,246,337,231,134,209,504,454,840,73
337,249,296,213,168,238,323,445,840,73
574,454,240,188,157,206,419,321,822,73
591,346,347,271,168,230,416,565,878,73
360,256,235,180,139,187,351,368,842,73
491,307,380,301,210,278,423,599,869,73
384,311,262,185,156,225,375,331,836,73
252,204,172,164,126,134,429,42,600,73
355,285,200,131,107,169,324,316,719,73
615,378,135,107,73,95,347,635,431,73
706,461,332,301,205,251,414,332,863,74
725,489,312,244,182,243,412,445,847,74
476,314,343,267,186,251,479,352,822,74
442,315,254,182,133,196,369,319,853,74
705,449,345,270,189,257,431,534,853,74
316,245,353,261,218,303,435,2,210,74
476,272,322,247,161,223,424,435,853,74
240,207,231,166,137,193,405,2,184,74
719,390,432,323,208,294,490,615,867,74
590,330,458,333,203,301,493,523,868,74
485,313,377,294,185,252,385,651,863,74
496,326,333,257,199,265,489,466,860,74
331,207,329,230,154,233,360,540,857,75
287,198,313,256,173,223,306,635,885,75
286,198,318,255,177,237,363,383,850,75
553,310,391,283,174,261,463,660,894,75
704,390,483,370,215,294,433,813,910,75
436,320,216,168,130,172,381,327,844,75
217,148,247,170,122,186,355,306,807,75
208,165,239,182,145,197,327,321,839,75
581,370,462,343,235,331,508,411,860,75
596,414,287,229,174,227,400,400,831,75
265,189,256,193,136,184,347,331,848,75
630,360,494,346,228,348,461,667,867,76
401,321,283,226,189,236,381,322,847,76
438,260,363,253,167,257,431,574,846,76
525,308,485,347,235,347,431,660,883,76
404,285,262,193,148,206,418,323,830,76
520,377,220,172,129,172,386,317,831,76
311,211,347,232,165,257,400,402,856,76
650,363,392,308,188,259,435,663,866,76
429,312,218,183,135,168,356,341,841,76
442,301,248,200,145,184,392,344,853,76
373,276,171,123,91,131,341,314,817,76
492,345,235,191,141,186,384,331,834,76
626,419,390,287,210,302,406,567,870,77
392,266,266,189,143,209,365,560,867,77
399,292,251,208,153,192,345,352,842,77
494,328,348,267,189,263,415,456,861,77
328,212,332,244,170,242,356,481,876,77
478,332,351,260,188,264,422,332,868,77
689,462,398,321,231,305,431,446,858,77
391,272,315,239,164,232,329,575,853,77
475,290,450,343,232,315,417,700,876,77
292,235,292,233,193,247,426,391,843,77
248,171,278,197,144,212,353,410,858,77
675,423,409,304,200,293,419,556,860,77
621,433,333,264,196,254,414,319,847,77
603,433,304,215,167,243,425,537,849,77
569,423,270,187,149,221,398,322,852,77
294,194,376,267,169,257,404,421,876,77
450,332,259,220,177,211,387,319,821,77
617,379,399,285,193,285,425,559,869,78
447,326,206,153,119,162,323,316,822,78
410,329,232,173,145,191,362,297,791,78
345,251,248,197,146,188,372,308,853,78
611,423,248,206,148,185,390,398,811,78
355,239,233,164,125,184,379,329,832,78
677,489,348,246,178,270,396,321,852,78
607,329,482,351,206,310,449,641,878,78
227,176,220,156,117,173,338,307,834,78
300,179,343,250,163,232,303,609,863,78
338,257,285,211,162,225,394,322,835,78
446,320,264,208,163,213,380,382,840,79
445,266,376,292,200,268,466,425,863,79
403,284,260,203,158,208,393,323,845,79
544,354,335,253,168,233,414,487,861,79
281,216,141,119,91,111,329,324,853,79
364,217,340,270,171,231,383,652,855,79
548,387,325,219,166,251,351,316,830,79
504,365,200,151,115,157,466,314,789,79
465,287,340,251,175,248,482,318,805,79
726,457,368,302,204,258,488,541,868,79
676,458,265,193,130,191,373,313,841,79
302,212,257,191,135,192,345,420,828,80
568,304,420,336,209,281,454,694,884,80
635,404,393,289,200,281,423,449,859,80
243,197,142,112,87,114,370,53,725,80
483,370,221,181,150,184,373,332,844,80
615,458,234,168,138,196,394,328,840,80
362,211,380,277,180,258,489,442,856,80
493,383,273,216,176,225,446,324,843,80
455,322,278,214,170,227,382,321,833,80
417,261,255,192,123,177,370,335,842,80
422,247,423,267,164,286,413,640,882,80
697,371,554,422,263,372,480,668,907,80
402,301,212,170,134,171,391,321,813,80
626,391,341,250,178,255,421,493,862,81
699,460,356,275,193,262,488,470,855,81
507,348,320,235,178,245,388,332,868,81
537,425,152,115,102,137,359,320,800,81
602,382,394,276,199,298,415,581,853,81
601,410,344,280,204,258,406,317,863,81
285,190,323,244,168,235,295,655,882,81
557,372,302,208,149,223,397,386,859,82
476,334,267,219,153,196,424,319,847,82
493,349,262,194,138,198,390,322,847,82
483,338,276,199,146,212,369,364,839,82
334,215,274,226,157,198,327,456,821,82
417,270,323,248,185,246,398,498,853,83
586,295,406,290,169,251,455,727,862,83
362,298,185,145,125,157,331,322,833,83
481,311,306,219,159,232,385,586,860,83
515,338,408,328,220,292,450,612,858,83
364,232,278,211,159,214,379,398,849,83
629,415,364,287,194,256,416,507,859,83
298,231,224,172,136,185,337,325,816,83
452,342,191,138,114,161,361,331,826,83
333,220,344,242,168,257,360,521,864,83
331,221,220,176,128,165,360,315,844,83
500,367,320,256,195,252,400,401,853,83
484,275,483,342,216,324,453,634,873,83
345,228,312,247,178,234,415,371,774,83
397,248,388,312,204,265,372,617,883,84
368,249,209,155,113,158,384,325,856,84
347,229,306,230,151,213,348,505,860,84
577,326,381,274,173,257,493,474,866,84
407,295,342,283,202,253,355,519,855,84
375,259,228,174,135,183,400,321,845,84
395,289,197,161,132,164,362,255,818,84
418,310,302,224,176,240,407,345,852,85
359,278,326,242,201,273,476,358,827,85
505,373,257,197,140,195,365,337,850,85
567,317,325,219,144,230,405,578,878,85
421,283,315,251,181,234,386,430,870,85
698,464,437,363,252,317,403,582,868,85
428,273,136,107,70,92,407,415,394,85
435,316,358,271,207,286,364,433,851,85
699,426,314,250,187,242,485,351,838,85
711,475,268,196,139,198,408,334,831,85
702,479,324,245,177,246,407,342,847,85
549,374,329,217,147,245,384,319,867,85
416,308,238,175,134,188,338,313,834,86
717,392,452,346,231,316,513,650,864,86
206,151,264,222,167,201,331,403,849,86
454,286,252,184,135,190,366,322,844,86
309,197,341,280,208,261,381,308,851,86
289,200,252,197,143,198,370,318,839,86
577,366,380,280,194,280,421,531,864,86
360,242,299,236,164,214,342,482,845,86
514,349,395,288,206,300,490,514,856,86
377,238,388,274,187,280,417,648,888,86
591,304,589,425,210,334,492,659,903,87
626,371,379,284,186,264,442,505,857,87
689,471,310,209,146,225,397,327,842,87
352,305,114,83,75,102,289,322,749,87
429,316,376,259,195,298,399,372,855,87
350,240,218,139,102,168,347,318,838,87
502,303,413,297,193,288,449,643,888,87
586,322,159,124,66,92,323,674,465,87
443,298,348,277,199,257,404,508,854,87
639,430,328,250,175,239,414,486,879,87
252,169,301,220,151,225,293,599,874,88
235,158,272,186,133,204,375,367,842,88
609,409,252,219,152,184,408,326,847,88
187,150,185,157,127,151,293,289,797,88
505,403,200,154,126,166,347,317,839,88
315,256,310,229,185,255,402,418,846,88
500,282,271,210,125,170,414,333,825,88
709,381,384,289,181,264,527,544,860,88
513,298,427,357,230,302,454,581,853,88
673,492,262,223,165,200,389,328,847,88
724,418,441,333,213,303,432,576,876,88
428,313,268,177,138,219,364,335,839,89
229,170,206,155,112,156,320,315,829,89
670,458,298,233,171,226,407,423,852,89
594,429,229,171,129,179,404,327,848,89
646,373,456,325,200,301,473,647,871,89
461,349,212,163,125,166,366,310,824,89
696,397,448,337,199,286,443,520,858,89
505,362,301,221,183,251,490,319,833,89
693,374,456,336,198,290,461,640,886,90
357,259,128,100,78,104,360,340,856,90
502,400,170,137,116,145,368,332,782,90
472,282,413,287,183,277,438,357,881,90
382,279,253,199,156,205,368,430,857,90
280,201,257,186,143,204,330,366,852,90
493,317,328,230,161,236,390,454,864,90
693,482,298,241,168,214,408,467,857,90
661,470,351,260,193,267,421,406,850,90
401,253,275,204,141,202,406,390,833,91
433,267,351,261,171,251,425,455,878,91
542,386,292,205,153,225,393,419,848,91
415,296,196,150,120,161,431,311,825,91
715,416,452,354,246,333,468,593,861,91
536,343,302,217,151,226,413,419,846,91
486,329,326,224,158,244,398,507,867,91
625,394,382,322,205,252,395,647,881,91
430,318,285,217,168,227,360,330,832,91
457,341,246,203,153,191,364,324,835,91
638,425,253,167,111,174,464,385,739,91
560,328,266,210,140,183,401,324,851,91
724,388,426,332,208,287,447,637,868,92
612,336,404,323,210,287,440,555,874,92
475,365,207,152,128,174,354,320,829,92
433,315,261,182,140,208,350,314,831,92
440,259,460,332,196,293,444,619,888,92
663,408,489,375,263,359,460,628,881,92
328,206,264,212,158,204,374,303,834,92
584,346,428,296,189,288,444,571,868,93
253,220,232,173,161,218,372,1,206,93
497,352,204,164,126,163,341,326,803,93
617,440,291,230,163,215,393,313,841,93
444,262,165,132,82,112,364,656,535,93
492,332,254,187,136,191,387,316,851,93
491,396,182,152,132,159,358,332,814,93
591,333,187,151,83,113,433,480,454,93
544,385,252,190,140,195,384,327,862,93
452,344,198,146,118,165,380,324,822,94
267,210,216,199,161,180,347,315,835,94
516,349,298,234,174,231,415,321,845,94
552,360,402,287,193,295,425,401,862,94
339,279,148,110,90,123,318,298,757,94
582,385,182,132,96,141,438,327,691,94
438,314,293,240,177,218,404,371,847,94
398,260,293,215,145,208,421,330,866,94
493,389,198,155,120,158,384,332,802,94
499,386,104,82,68,86,331,335,526,94
332,236,201,131,94,152,365,331,818,94
285,229,169,123,102,143,307,327,819,94
461,303,277,223,164,206,372,445,860,95
619,364,439,334,221,300,450,507,865,95
457,309,283,222,160,214,381,385,859,95
387,257,333,251,178,244,376,420,850,95
464,347,202,169,139,170,370,322,832,95
368,295,214,159,127,174,355,331,842,95
509,409,184,152,120,148,352,325,817,95
379,250,265,200,146,202,384,354,864,95
395,289,342,261,205,276,365,375,856,96
607,414,363,257,194,281,407,455,855,96
429,331,242,191,154,201,361,312,836,96
416,318,134,101,79,108,299,327,715,96
619,376,400,303,209,293,432,509,864,96
248,177,236,183,137,187,342,321,853,96
496,352,259,210,153,196,367,335,840,97
382,273,328,240,174,252,407,434,861,97
389,253,257,183,136,199,403,335,821,97
521,304,379,277,181,256,439,495,869,97
622,454,252,174,138,206,377,341,833,97
227,162,174,140,109,139,345,329,837,97
644,452,293,231,175,228,407,332,858,97
550,302,386,291,185,261,436,647,863,98
320,266,133,116,97,111,301,316,821,98
373,260,217,153,114,167,363,331,841,98
713,393,337,237,148,226,429,694,849,98
328,223,269,160,114,205,439,183,683,98
460,285,328,249,173,235,403,516,851,98
269,211,239,196,163,199,344,345,849,99
444,363,194,147,124,166,368,335,853,99
572,359,481,360,220,310,405,656,863,99
469,344,235,179,133,181,368,327,833,99
369,235,241,192,135,178,389,313,854,99
642,371,310,249,157,207,494,327,841,99
475,337,427,331,253,327,515,596,860,99
663,391,344,265,173,244,441,541,870,99
456,343,248,184,147,203,377,303,808,99
458,354,240,199,165,200,362,320,839,99
430,283,291,220,155,220,397,367,858,99
434,288,376,288,204,284,453,592,863,99
593,337,433,303,189,302,477,447,886,99
288,211,267,212,157,205,346,381,836,99
551,337,273,214,140,190,343,627,883,99
417,267,269,196,144,208,435,318,874,100
377,283,235,185,150,194,375,291,823,100
442,356,277,211,181,246,395,336,827,100
187,154,228,158,127,191,260,318,822,101
517,344,205,158,115,152,379,329,822,101
559,380,273,204,154,213,397,399,854,101
512,361,313,226,172,247,383,315,861,101
200,185,112,90,85,104,319,35,563,101
506,377,174,121,91,136,323,328,739,101
424,349,173,132,107,144,304,316,769,102
336,250,296,219,182,252,402,322,838,102
514,324,273,199,170,240,505,439,846,102
432,304,300,219,162,233,380,374,854,102
697,442,480,354,231,341,503,656,888,102
373,247,318,208,133,223,396,335,833,103
580,416,286,194,149,226,387,330,855,103
317,190,365,263,149,233,377,613,871,103
661,446,344,296,201,250,423,327,836,103
433,258,365,254,168,255,408,483,872,103
556,398,200,138,102,154,348,327,830,103
481,283,347,260,175,249,414,477,859,103
685,432,359,279,193,265,426,503,860,103
218,160,251,183,137,195,348,333,832,104
679,412,391,302,202,271,423,589,872,104
306,259,170,118,108,155,378,1,187,104
528,357,340,234,191,281,478,383,860,104
375,266,363,251,175,272,434,357,833,104
636,399,266,210,137,186,404,325,859,104
502,271,273,183,99,171,436,2,197,104
393,322,179,129,113,160,428,212,770,104
641,323,452,349,211,290,445,489,878,104
609,386,371,290,207,275,416,597,876,104
430,314,229,193,144,175,387,317,816,104
672,479,299,238,182,231,390,330,832,104
656,448,304,227,165,233,395,343,852,104
534,351,368,261,189,281,450,560,855,105
638,439,299,242,167,216,418,350,872,105
456,351,182,140,123,161,447,172,701,105
214,143,271,203,140,193,329,348,841,105
574,403,345,249,183,260,414,347,849,105
527,346,405,303,239,330,507,530,883,105
276,248,272,168,153,252,380,80,599,105
424,321,255,206,163,205,420,313,822,105
631,409,321,227,167,242,463,498,851,105
651,389,469,362,224,323,457,724,800,106
488,348,272,217,182,237,478,340,826,106
415,356,319,203,177,282,509,152,579,106
417,299,250,206,147,186,350,318,830,106
694,440,157,112,74,112,342,666,489,106
548,380,274,228,169,206,388,316,831,106
209,175,114,98,88,105,363,121,733,106
352,273,286,209,162,228,457,325,854,106
628,418,356,265,190,272,456,314,840,106
549,413,245,170,136,202,402,321,860,106
193,138,235,191,140,177,348,311,855,106
562,354,274,205,134,194,392,333,859,106
571,439,182,136,109,148,360,325,781,106
482,355,309,237,191,248,368,325,810,107
535,410,277,209,162,223,398,326,821,107
707,390,535,442,269,347,464,652,892,107
567,350,492,355,231,346,453,485,887,107
252,191,314,223,162,235,384,411,854,107
474,340,254,182,138,205,344,323,813,108
473,285,427,308,202,299,425,469,849,108
365,299,112,80,69,98,294,242,671,108
332,238,262,201,152,204,369,338,836,108
373,301,246,167,135,204,381,339,858,108
346,227,250,187,147,207,465,320,857,108
305,208,269,176,127,203,380,345,864,108
468,342,284,195,154,236,392,464,844,108
428,275,352,269,173,246,401,386,861,108
552,310,367,257,167,255,464,634,857,108
421,304,240,200,157,195,396,329,838,109
595,354,471,397,284,350,455,650,921,109
297,210,205,144,108,160,354,310,839,109
250,182,257,179,135,206,335,308,839,109
296,232,196,158,128,163,332,321,832,109
560,384,232,205,147,174,404,386,854,109
698,391,382,305,174,234,414,629,888,109
396,310,228,165,139,195,345,315,811,109
335,205,369,306,189,242,336,632,882,109
575,309,476,330,199,314,455,657,881,110
245,165,287,227,165,216,279,538,847,110
392,251,256,196,147,201,380,328,844,110
620,432,133,108,81,105,381,662,549,110
497,361,293,213,159,226,402,319,843,110
635,458,216,172,133,171,365,327,817,110
515,411,242,161,136,213,349,326,829,110
535,377,334,264,195,257,429,467,874,111
259,187,228,168,124,179,348,315,837,111
481,323,308,229,148,214,391,375,847,111
335,247,329,239,185,269,371,319,824,111
577,397,282,233,170,209,449,308,841,111
301,227,115,89,66,88,174,659,485,111
189,139,181,138,106,145,285,315,804,111
207,170,167,115,94,141,428,14,458,111
447,327,163,121,96,134,350,324,707,111
518,398,250,193,156,209,363,312,843,111
593,417,203,163,115,151,414,344,829,112
493,386,258,198,164,215,400,374,841,112
418,339,288,208,162,223,469,330,809,112
649,482,301,213,164,236,409,320,853,112
385,268,327,227,159,245,381,513,857,112
431,257,389,250,161,269,466,460,870,112
605,410,340,240,173,248,411,524,855,112
613,440,353,291,231,287,413,325,828,112
733,472,355,276,189,252,428,571,859,112
566,351,236,171,101,154,379,410,671,113
545,280,353,253,183,265,522,432,880,113
586,437,262,190,144,207,369,334,832,113
576,425,281,186,143,220,434,301,833,113
533,402,148,116,93,123,355,323,776,113
487,314,435,342,228,310,430,599,878,113
584,450,324,222,183,275,366,324,843,113
326,212,185,130,92,136,444,397,843,113
506,319,320,251,180,242,452,360,857,114
671,398,386,277,178,258,437,357,856,114
564,368,300,203,139,217,415,355,827,114
235,172,169,138,110,134,329,320,797,114
596,373,384,312,214,280,429,580,889,114
398,256,368,280,193,264,384,490,865,114
441,282,342,253,178,255,405,507,848,114
355,246,402,253,178,299,403,532,893,115
643,410,267,215,136,185,420,320,830,115
292,230,226,180,142,181,294,411,841,115
486,305,366,271,168,238,401,507,857,115
430,315,253,199,153,199,384,321,846,115
360,204,355,252,162,245,434,466,870,115
384,295,164,120,98,140,319,207,819,115
667,431,279,205,139,204,402,336,835,115
408,292,248,185,139,198,363,326,841,115
284,232,181,132,111,153,311,320,817,115
408,295,306,223,163,233,426,317,849,115
316,233,302,225,167,237,359,491,872,115
401,267,341,249,164,235,363,504,859,115
561,391,319,250,164,221,342,642,867,116
605,437,248,196,150,196,394,334,830,116
313,226,251,191,149,200,357,318,827,116
575,348,452,349,218,308,426,631,898,116
597,366,470,354,240,336,441,646,870,116
351,231,220,166,124,168,373,316,847,116
317,256,242,170,134,196,332,368,831,116
389,292,261,183,151,221,368,311,841,116
596,422,321,228,172,256,402,480,868,116
467,332,255,200,155,202,400,316,854,116
507,372,371,277,209,286,371,596,866,116
355,252,252,184,138,197,375,324,862,116
320,220,220,182,125,161,356,314,836,116
627,479,218,185,153,181,405,326,855,116
269,194,307,228,174,243,388,314,833,116
160,148,142,115,106,130,509,3,432,117
636,421,379,294,196,270,435,569,862,117
620,400,382,288,206,289,419,488,850,117
488,367,351,235,181,283,430,482,866,117
623,409,293,210,145,212,351,327,843,117
569,395,305,222,163,231,387,325,844,117
288,231,234,190,158,197,339,315,855,117
497,386,262,215,155,200,391,321,807,117
484,247,459,340,186,280,397,835,890,117
209,161,210,161,133,174,371,1,228,118
449,298,334,242,177,255,395,488,857,118
383,256,295,243,165,216,413,372,850,118
530,398,241,202,159,194,407,330,849,118
496,286,522,397,240,335,343,1023,889,118
257,190,297,219,150,216,351,440,867,118
388,282,333,227,169,256,374,322,857,118
651,455,309,228,160,223,400,320,833,118
345,238,339,238,172,258,391,408,843,119
368,302,320,223,181,268,437,321,854,119
265,190,253,188,142,198,370,338,827,119
695,426,400,313,204,268,490,550,864,119
409,290,300,238,178,231,517,109,523,119
490,365,224,183,144,180,385,317,850,119
572,338,370,276,177,258,422,559,872,119
419,226,385,302,172,238,444,635,880,119
544,416,170,113,88,136,322,322,664,119
420,257,317,237,171,240,406,494,864,119
565,397,252,181,133,191,393,443,876,119
466,318,444,324,248,347,459,644,879,119
544,367,306,240,173,228,387,434,857,119
180,147,126,80,70,111,337,76,763,120
586,405,259,197,145,194,386,323,841,120
513,380,207,165,129,167,345,302,829,120
181,142,166,127,101,134,307,2,231,120
432,311,265,224,161,202,367,323,830,120
628,441,228,188,142,176,391,331,854,120
593,413,263,196,146,210,418,438,846,120
581,437,200,133,104,164,390,227,529,120
416,273,376,305,206,272,380,655,875,120
485,336,287,213,156,222,388,328,857,120
491,365,238,180,142,189,368,322,811,120
382,243,295,239,167,212,354,482,860,120
670,494,276,222,171,219,391,326,838,120
633,360,305,223,140,198,486,395,570,120
557,393,334,246,181,255,397,377,855,121
467,249,398,293,184,273,443,494,870,121
426,267,285,207,143,203,387,315,857,121
479,339,381,286,211,290,412,575,876,121
628,417,365,294,204,275,406,476,846,121
582,399,389,296,205,287,418,349,857,121
518,263,220,173,88,120,350,1023,491,121
508,327,335,238,174,259,398,434,858,121
621,392,370,279,191,273,420,645,879,122
565,426,313,223,167,251,378,315,831,122
486,329,355,254,187,268,406,347,854,122
375,249,378,259,183,276,397,504,861,122
554,386,201,157,112,149,402,314,813,122
666,447,322,252,188,246,429,371,843,122
481,328,259,176,138,208,447,330,838,122
701,487,253,196,150,199,400,464,830,122
570,395,423,320,228,309,425,415,865,122
542,393,261,189,148,215,393,317,833,122
372,264,198,168,123,152,361,310,826,122
559,371,324,252,173,233,389,415,848,122
678,491,227,189,145,178,408,318,840,123
673,440,382,315,214,270,421,481,867,123
204,153,254,191,137,191,304,341,835,123
550,414,264,218,175,216,363,314,806,123
610,396,364,277,206,276,425,517,882,123
579,440,278,204,162,226,369,444,848,123
327,236,293,238,199,243,376,598,837,123
703,459,190,133,85,125,434,685,578,123
319,231,258,185,145,208,393,324,837,123
468,322,276,217,165,215,396,473,849,123
293,206,322,251,184,248,337,420,848,123
536,350,297,236,169,222,403,523,875,124
451,345,225,184,148,185,335,333,842,124
286,195,351,264,189,254,364,441,837,124
602,444,243,194,151,192,378,332,832,124
702,481,357,245,169,262,419,651,855,124
733,443,375,293,198,271,449,635,879,124
479,323,259,203,152,202,399,314,838,124
450,266,255,192,127,178,380,561,860,124
679,383,443,328,191,285,453,635,878,124
194,144,229,184,144,185,326,314,839,124
418,283,288,206,156,227,358,489,859,124
370,289,244,181,154,207,366,323,832,125
498,328,277,208,138,192,417,422,836,125
440,303,289,205,150,219,395,442,863,125
298,197,334,278,189,236,318,537,849,125
506,353,261,191,149,212,408,330,820,125
499,373,141,109,89,117,349,417,392,125
529,373,344,262,202,268,421,438,867,125
416,278,374,291,209,281,376,617,897,125
454,269,361,284,193,261,400,530,884,125
570,304,276,224,130,172,449,394,721,125
374,280,218,146,112,174,349,321,827,125
339,202,380,318,207,268,373,630,883,125
607,375,325,241,166,234,413,435,856,125
425,304,263,203,158,214,388,318,844,125
420,277,349,279,184,236,471,513,859,125
698,456,392,284,210,302,445,645,874,125
441,288,132,102,72,98,271,655,476,126
595,411,281,218,147,205,411,331,849,126
285,203,245,163,118,184,366,320,859,126
268,210,223,173,135,180,353,178,793,126
479,359,223,185,141,175,381,313,835,126
449,314,410,307,233,323,398,492,868,126
568,377,184,138,95,134,399,344,834,126
316,211,360,254,182,275,617,2,521,126
336,247,214,158,127,173,360,323,833,127
406,304,273,208,167,225,367,311,824,127
558,305,400,293,194,283,487,459,793,127
534,291,338,257,159,223,460,636,891,127
536,299,413,311,194,276,552,315,847,128
610,386,376,303,197,253,395,605,879,128
546,420,316,224,180,255,374,325,847,128
373,274,261,181,133,202,365,371,802,128
554,403,369,293,202,275,437,326,839,128
520,395,218,153,120,181,440,280,680,128
601,462,197,152,124,164,344,331,820,128
630,477,192,155,121,155,372,342,838,128
420,327,271,208,169,220,387,317,818,128
635,366,376,270,133,199,521,618,870,128
508,326,244,175,121,183,376,403,840,128
459,354,261,219,183,214,385,315,814,128
463,290,334,263,175,238,417,457,838,128
463,288,249,173,114,176,405,328,867,129
413,308,223,160,124,180,382,320,818,129
571,400,368,265,213,303,440,410,856,129
652,394,421,333,194,265,431,599,869,129
510,308,312,234,139,200,497,386,841,129
387,286,223,162,131,184,360,323,832,129
573,342,348,289,179,233,430,551,870,129
263,204,197,159,129,162,320,323,839,129
342,214,235,180,136,182,455,344,840,129
249,187,231,205,155,179,325,309,825,129
627,453,423,269,190,317,463,360,837,129
532,364,289,221,161,222,390,379,860,130
679,430,347,291,185,233,407,314,822,130
548,359,348,223,150,262,466,325,838,130
397,324,119,93,77,99,319,322,803,130
392,277,328,248,198,269,455,402,850,130
609,339,481,355,227,326,431,716,900,130
501,329,356,280,193,259,400,537,871,130
330,206,321,247,165,221,312,641,874,130
564,406,245,202,144,187,364,325,861,130
566,333,349,275,183,234,469,495,857,130
570,403,296,240,173,216,383,332,831,130
441,287,367,277,199,278,415,424,868,130
434,307,397,302,206,282,399,305,826,131
492,359,229,159,120,178,377,325,834,131
384,227,308,205,138,220,422,338,855,131
546,406,274,207,160,217,374,318,841,131
203,170,186,143,124,164,385,321,812,131
358,244,228,160,127,189,447,323,820,131
485,396,139,111,95,121,329,313,764,131
480,382,174,140,113,140,322,303,827,131
434,301,201,154,110,151,378,323,843,131
247,192,223,168,116,162,466,319,824,131
662,438,585,389,265,418,533,389,862,131
639,474,371,270,207,294,449,362,851,132
242,195,255,208,170,214,344,298,843,132
378,242,373,259,172,262,402,570,871,132
554,356,371,290,206,277,436,575,855,132
399,249,278,222,144,190,396,484,860,132
519,407,249,199,163,203,402,315,827,132
655,431,454,336,238,335,411,438,869,132
328,252,218,180,145,181,349,319,835,132
670,470,263,219,160,200,406,441,843,132
358,258,204,148,120,168,481,245,798,132
612,421,358,292,223,280,422,584,865,132
651,423,339,314,217,246,482,318,837,133
626,447,262,200,147,201,363,315,845,133
571,429,257,187,150,214,372,323,838,133
359,240,297,249,176,216,360,513,854,133
502,313,368,314,215,257,457,633,879,133
284,204,287,214,164,222,359,447,849,133
433,340,237,190,148,188,384,311,832,133
393,283,222,165,131,180,363,325,829,133
370,245,226,196,149,175,379,320,844,133
226,150,304,234,146,207,264,649,866,133
431,271,313,263,197,246,400,473,848,133
634,406,354,276,179,250,418,650,871,133
284,189,123,90,56,85,138,639,468,133
554,354,398,328,241,303,418,649,883,133
498,290,260,208,141,186,486,342,834,134
270,197,256,195,158,213,354,313,839,134
376,269,284,238,178,214,350,451,844,134
358,243,219,185,140,170,368,322,845,134
439,258,347,271,175,240,432,499,871,134
563,330,366,283,196,272,474,393,855,134
614,456,219,161,129,176,362,324,850,134
546,423,205,171,136,167,377,331,822,134
564,334,344,251,143,219,442,314,837,134
328,223,269,201,152,210,385,331,857,134
353,290,193,146,116,154,329,323,831,134
695,473,320,222,163,244,423,405,834,134
625,321,503,365,197,289,544,393,851,134
456,305,270,221,162,204,365,376,854,134
530,342,311,224,154,223,421,532,879,134
684,435,128,101,69,91,385,661,456,135
733,455,289,227,149,200,407,327,847,135
447,294,412,309,227,313,430,506,881,135
678,408,415,295,190,286,497,600,894,135
526,384,306,214,167,244,390,353,868,135
717,462,159,129,83,111,426,637,524,135
648,368,533,367,238,368,457,615,889,135
589,440,296,228,178,236,390,382,845,135
464,346,378,264,210,310,436,314,847,135
496,347,294,237,173,224,376,399,838,135
596,389,314,217,148,231,395,329,838,135
226,192,97,75,70,91,435,2,201,135
545,273,484,394,241,328,482,661,881,136
465,274,367,260,166,250,426,520,874,136
413,327,274,195,148,217,385,323,826,136
416,313,203,162,133,167,356,324,829,136
407,264,283,213,149,208,407,361,844,136
402,258,297,245,175,220,407,315,840,136
605,412,346,246,180,265,464,423,841,136
591,296,420,309,171,260,446,639,871,136
700,441,384,239,153,258,408,544,850,136
353,233,319,224,154,234,399,325,845,136
397,278,201,146,110,160,354,318,825,136
511,332,372,265,190,278,427,540,896,137
718,489,216,163,113,159,389,324,864,137
407,292,232,165,138,193,394,248,837,137
279,190,274,191,139,207,455,312,842,137
270,157,157,107,68,104,430,466,862,137
363,236,261,205,156,203,385,307,850,137
457,317,282,233,177,219,393,403,847,137
569,450,210,155,129,177,359,320,837,137
399,291,318,239,176,248,371,455,856,137
392,225,394,286,195,280,512,332,858,137
272,205,220,156,122,179,357,312,822,137
515,386,224,169,130,177,354,317,827,137
488,282,478,355,218,323,435,607,878,137
512,360,126,90,65,95,404,192,634,137
727,432,466,318,217,329,445,481,867,137
483,295,319,232,155,227,402,367,851,137
626,404,409,319,226,303,472,406,859,137
582,369,162,115,81,118,459,645,556,137
470,269,407,290,188,275,445,521,893,137
470,380,233,176,147,203,370,321,818,138
643,404,473,381,283,349,485,460,862,138
567,416,223,183,145,179,340,309,796,138
476,336,253,191,145,194,398,328,856,138
423,301,271,232,177,218,401,339,863,138
629,403,333,315,251,257,505,328,842,138
417,304,264,193,154,217,372,329,852,138
349,285,302,218,173,249,451,361,840,138
607,352,388,291,186,266,426,542,872,138
460,303,242,198,141,181,394,342,831,138
533,309,389,283,178,263,446,522,868,138
532,388,235,177,135,182,380,393,850,138
375,265,301,217,165,243,391,348,855,138
593,446,206,160,124,166,382,325,837,138
534,318,486,375,255,346,456,636,888,138
709,459,313,257,178,232,473,390,860,138
309,221,113,92,65,86,316,331,534,138
451,338,333,261,186,246,353,479,854,139
567,407,286,239,166,209,383,424,853,139
498,315,340,211,139,242,389,349,857,139
586,447,267,210,176,224,385,325,850,139
520,299,517,398,239,331,443,642,905,139
477,298,301,249,181,230,639,0,131,139
610,382,338,255,190,255,447,681,832,139
670,421,350,241,160,243,420,513,869,139
673,424,316,231,162,234,468,524,850,139
572,423,247,189,137,190,376,317,848,139
318,263,272,197,145,211,409,307,833,140
511,281,386,279,168,252,419,572,883,140
278,174,152,105,64,99,330,675,492,140
160,143,109,87,82,103,301,54,739,140
533,356,342,249,179,258,384,320,863,140
655,407,388,291,184,260,429,646,864,140
644,393,324,240,144,216,433,502,867,140
412,280,242,203,164,200,464,313,835,140
594,373,346,240,166,258,434,552,873,140
273,227,279,221,188,240,444,323,844,140
643,465,300,219,164,238,406,421,870,140
503,328,276,221,159,206,398,227,828,140
704,473,387,282,192,281,422,419,850,140
480,325,343,241,174,254,409,397,843,140
523,381,213,149,112,165,365,324,828,140
461,301,273,224,158,202,400,358,845,140
368,266,259,226,171,204,368,294,856,141
530,363,283,205,149,216,380,343,839,141
486,342,277,239,182,224,445,310,841,141
611,396,317,250,169,226,397,320,862,141
403,236,334,241,158,236,377,427,862,141
673,446,388,282,197,288,435,351,852,141
396,251,413,291,194,291,446,646,883,141
511,346,271,206,165,223,465,324,836,141
250,192,234,188,148,187,338,318,832,141
432,350,237,165,136,200,355,331,855,141
324,255,220,182,144,178,365,304,840,141
398,296,219,142,115,181,371,327,844,141
603,309,536,411,224,325,413,813,886,141
501,346,270,224,176,213,404,324,817,142
523,434,187,132,110,160,326,318,837,142
408,245,317,233,154,227,425,555,854,142
708,413,443,329,204,306,455,638,890,142
426,201,350,262,151,216,413,657,880,142
390,253,365,277,172,248,365,634,873,142
450,303,292,244,177,225,391,392,840,142
581,340,489,369,211,298,462,633,866,142
517,312,378,285,192,275,427,608,872,142
645,438,318,224,168,253,417,406,856,142
416,313,251,205,154,197,442,307,829,142
327,246,245,183,140,190,324,358,829,142
672,401,422,310,206,297,461,580,869,142
443,208,243,172,82,136,490,684,875,142
305,190,340,271,178,239,349,547,857,143
410,321,200,178,144,163,343,317,808,143
530,340,354,269,174,247,422,306,850,143
563,400,296,222,156,218,389,312,845,143
468,309,324,273,212,250,406,515,860,144
536,384,285,231,181,235,441,324,808,144
672,405,433,308,208,311,414,642,859,144
568,385,293,234,173,230,363,355,857,144
355,242,278,196,140,212,374,319,857,144
548,386,199,181,143,155,366,323,749,144
451,294,366,263,188,275,434,442,862,144
492,297,370,269,186,270,430,568,872,144
620,397,252,225,178,191,538,309,845,144
576,418,291,212,161,230,379,305,856,144
317,217,283,250,178,215,358,304,841,144
566,325,309,229,169,232,443,519,859,144
586,334,396,307,209,286,477,636,879,144
603,444,269,207,158,209,376,325,831,145
550,313,426,323,214,300,492,647,900,145
319,265,183,141,114,151,347,319,810,145
521,366,244,185,142,192,420,322,833,145
733,463,505,333,218,351,436,562,882,145
530,397,311,223,166,236,430,312,837,145
594,383,288,223,155,205,477,317,840,145
486,321,237,176,129,182,462,320,820,145
667,413,442,365,236,309,492,378,859,145
618,365,449,332,157,218,423,793,846,145
448,326,261,197,154,209,407,345,856,145
589,442,234,187,153,201,368,326,811,145
559,381,262,187,128,193,408,318,862,145
519,419,147,109,91,127,333,333,629,145
692,472,316,246,178,238,416,326,828,145
383,266,384,289,214,292,398,419,861,145
436,285,374,291,201,269,366,644,880,146
676,357,292,210,143,204,440,509,818,146
412,257,318,240,157,230,391,558,872,146
503,356,302,238,184,235,463,332,862,146
241,177,185,144,109,147,298,320,837,146
672,444,335,238,163,244,422,461,851,146
378,275,338,226,162,252,397,486,851,146
507,308,370,281,187,261,428,553,875,146
250,209,144,117,101,124,330,152,803,146
544,372,247,187,132,186,401,319,859,147
582,434,286,228,181,232,385,325,860,147
347,212,333,247,174,247,399,283,856,147
447,305,296,217,169,240,396,330,846,147
461,298,246,187,139,187,473,317,817,147
552,297,396,305,193,268,417,663,879,147
296,234,258,208,166,212,380,334,848,147
426,308,303,239,180,236,417,313,854,147
478,362,250,168,132,205,377,319,834,147
360,275,210,157,126,171,368,323,823,147
425,266,383,293,193,273,427,541,864,147
263,180,200,187,151,163,412,34,585,147
320,198,228,185,134,170,363,326,831,147
241,191,247,196,152,198,322,392,833,147
303,218,218,151,117,181,366,316,822,147
271,217,290,223,186,244,400,308,833,147
657,462,342,246,180,259,383,342,865,148
505,331,297,249,174,219,416,480,862,148
713,465,335,220,145,232,414,542,868,148
623,450,270,212,169,219,396,324,821,148
344,205,347,246,172,255,417,415,852,148
470,298,319,236,162,235,423,317,850,148
521,285,463,324,199,300,449,549,851,148
604,430,255,189,141,198,394,324,850,148
674,418,338,276,181,242,406,314,830,148
558,401,291,233,179,228,401,259,818,148
345,254,192,162,123,148,319,364,852,148
355,241,333,230,164,250,409,495,851,148
302,201,286,234,166,213,316,509,864,149
620,403,389,264,178,277,469,346,852,149
559,418,235,186,145,189,367,315,844,149
555,383,402,310,231,314,494,419,874,149
632,435,307,238,173,232,406,647,830,149
609,375,411,315,207,291,428,584,875,149
638,339,290,212,151,205,553,319,824,149
493,373,297,238,168,220,376,316,836,149
450,342,247,201,156,192,352,308,831,149
380,255,255,182,139,204,382,324,840,149
546,386,230,174,138,183,446,319,840,149
493,255,427,326,198,280,461,580,878,149
656,434,332,268,180,237,418,662,863,149
441,318,238,186,141,191,380,322,844,149
320,234,291,207,154,223,361,306,851,149
424,302,339,246,182,264,347,483,835,149
250,170,286,217,154,211,367,439,858,149
721,482,398,305,211,290,420,528,875,150
587,427,248,191,150,202,411,357,849,150
679,361,545,412,224,319,497,645,891,150
332,218,251,188,141,192,475,315,851,150
519,292,417,314,194,270,439,623,882,150
576,371,331,249,173,244,412,415,864,150
485,303,256,195,139,187,402,393,841,150
613,337,454,358,225,305,452,631,878,150
591,383,348,245,162,251,410,388,856,150
649,434,293,256,203,233,440,376,843,150
359,249,258,204,151,196,373,322,843,150
668,446,274,201,141,201,469,370,847,150
366,252,242,205,152,179,381,312,832,150
508,361,258,202,159,206,403,354,847,150
450,301,276,201,152,218,387,330,799,150
524,377,312,242,180,246,400,325,842,150
581,389,311,234,146,206,514,326,835,150
532,399,242,175,136,196,380,328,829,150
645,483,236,183,142,192,364,321,831,150
234,171,198,145,113,160,281,315,835,151
497,333,260,212,161,201,387,323,831,151
303,218,289,217,153,216,364,309,863,151
519,317,404,295,183,276,440,424,854,151
454,258,347,260,172,241,436,453,868,151
432,273,457,358,246,326,435,646,908,151
577,318,425,323,206,298,454,650,866,151
587,376,284,208,145,211,478,372,854,151
639,439,314,218,161,236,419,508,869,151
287,183,307,244,166,222,364,489,863,151
437,284,306,228,165,229,405,527,877,151
636,434,337,248,177,253,416,319,848,151
712,396,456,356,230,310,456,646,872,151
527,360,291,206,168,243,482,332,846,151
373,277,195,148,116,160,335,319,819,151
498,279,409,294,185,278,450,580,885,151
301,173,329,249,156,222,454,422,867,151
451,321,206,153,121,169,371,318,845,151
487,357,160,116,92,130,385,333,855,152
397,230,303,218,142,206,398,411,837,152
159,150,100,75,72,94,315,65,653,152
303,242,181,137,111,147,338,311,819,152
493,332,298,248,175,219,390,456,832,152
334,203,317,223,145,222,368,310,838,152
447,311,342,248,187,270,420,397,846,152
573,356,271,204,143,198,391,522,868,152
654,391,402,294,195,289,436,553,871,152
448,282,268,216,141,189,383,468,863,152
615,389,521,366,237,362,448,464,855,152
408,279,276,209,154,209,397,432,828,152
464,331,398,294,226,317,461,394,852,152
428,325,173,170,145,146,356,305,776,152
313,208,356,272,191,262,351,655,886,152
448,298,271,179,131,207,384,333,827,152
650,434,368,285,215,285,423,508,861,153
334,261,248,182,145,200,373,310,829,153
663,480,239,204,156,185,403,316,861,153
656,403,330,265,176,233,499,438,851,153
307,210,283,216,154,214,367,398,863,153
464,319,321,229,167,243,394,528,846,153
623,457,289,209,158,233,376,325,811,153
378,210,368,286,180,248,386,601,880,153
618,373,575,467,287,363,477,649,889,153
530,372,260,202,167,217,444,183,651,153
345,242,280,204,147,213,391,320,853,153
230,165,198,151,113,155,352,328,838,153
434,325,297,225,166,231,438,2,187,153
555,390,291,197,137,217,406,423,860,153
469,337,253,182,136,194,375,309,850,153
280,213,252,197,158,206,328,245,836,153
611,449,220,181,138,173,395,366,835,153
575,396,193,145,102,141,369,318,846,153
522,317,408,294,191,288,445,535,873,154
370,271,170,128,103,140,366,318,821,154
419,235,200,198,132,124,416,311,820,154
402,291,260,198,157,208,366,322,842,154
663,462,252,189,140,187,495,323,837,154
597,378,359,285,189,258,400,552,869,154
459,327,151,113,79,110,229,639,563,154
582,425,206,170,125,159,380,332,818,154
299,222,206,170,135,168,353,300,837,154
330,235,275,210,145,196,382,316,831,154
614,410,295,239,158,212,405,371,858,154
593,328,534,421,253,357,468,629,881,154
332,220,212,167,127,166,427,316,816,155
456,246,388,322,208,263,441,613,870,155
680,489,325,241,191,259,501,368,848,155
566,381,340,251,178,258,424,538,863,155
446,322,208,158,123,169,345,319,844,155
292,217,281,206,161,222,425,355,835,155
272,220,177,131,109,147,323,319,802,155
440,316,262,205,159,214,372,316,830,155
292,208,307,234,179,241,353,472,841,155
451,301,259,220,164,194,385,313,815,155
682,460,430,315,219,313,444,601,858,155
442,329,228,181,131,169,363,393,845,155
486,338,271,201,133,194,405,315,836,156
473,327,401,309,216,284,422,676,875,156
333,223,375,283,193,268,361,558,870,156
524,346,318,207,141,231,406,359,869,156
514,327,356,251,169,258,474,455,857,156
415,332,182,155,141,166,399,324,802,156
510,363,327,231,167,248,447,474,857,156
317,239,257,193,158,211,334,333,822,156
416,314,257,175,141,211,442,290,844,156
341,218,297,224,165,226,412,326,830,156
383,276,211,164,126,165,566,2,496,156
448,307,272,189,141,206,434,308,860,157
530,323,135,100,66,95,406,661,424,157
504,384,188,141,114,157,355,329,834,157
437,319,210,171,132,166,353,314,838,157
413,242,360,262,173,251,411,520,858,157
567,383,326,234,174,253,407,446,843,157
642,458,271,178,134,207,385,328,856,157
230,142,233,176,125,174,400,305,842,157
598,378,292,228,156,210,413,535,856,157
521,314,348,262,175,249,365,626,877,157
545,357,299,215,150,218,412,518,848,157
693,472,307,232,176,242,399,315,853,157
583,433,197,144,117,166,363,336,708,157
323,262,268,190,161,230,457,78,426,157
689,462,309,239,174,228,401,414,857,157
530,394,343,266,205,270,424,364,862,158
577,415,336,251,181,252,401,399,854,158
700,475,237,168,127,184,390,504,852,158
417,306,303,242,192,251,459,316,835,158
389,257,226,175,127,172,390,323,849,158
298,263,127,102,93,118,298,142,791,158
691,417,426,289,156,262,442,517,827,158
642,438,252,162,120,195,383,320,840,159
495,336,283,198,147,215,401,340,843,159
570,384,153,120,87,114,367,332,591,159
325,239,254,191,153,203,374,323,847,159
496,297,418,288,189,291,439,639,868,159
480,360,234,193,148,185,374,312,839,159
576,444,248,193,146,191,413,325,822,159
521,334,337,289,201,247,425,546,846,159
330,195,209,156,95,138,627,0,161,159
360,236,337,271,198,258,362,429,859,159
377,264,251,193,145,199,362,307,811,159
615,331,513,383,218,323,466,636,897,159
425,314,208,165,132,171,385,319,830,159
301,237,169,125,102,141,400,4,354,160
645,399,324,251,171,230,467,515,875,160
348,208,307,223,151,221,398,501,858,160
545,364,389,269,193,296,433,548,869,160
444,305,238,184,134,183,373,326,855,160
474,254,352,282,171,231,463,366,848,160
468,311,415,313,234,322,473,91,576,160
247,164,322,240,161,227,345,450,869,160
692,428,330,237,172,252,452,372,742,160
717,407,407,305,190,274,445,594,873,160
579,395,270,200,143,206,470,324,849,160
419,288,265,206,142,188,355,308,832,160
583,435,258,205,165,204,400,427,852,160
716,459,317,244,178,234,432,506,875,160
458,268,415,303,197,287,413,609,890,160
478,343,399,274,207,326,443,538,861,161
667,444,359,313,222,259,407,326,853,161
510,391,215,178,148,179,369,332,827,161
372,261,226,163,117,171,378,356,861,161
432,284,274,210,153,207,368,481,829,161
588,420,267,192,147,210,392,358,844,161
517,398,106,81,62,84,327,327,529,161
443,248,216,159,99,140,404,707,877,161
371,208,340,260,166,240,395,471,854,161
462,281,372,304,204,260,350,635,875,161
331,232,216,163,121,167,338,322,826,161
357,223,287,212,145,208,413,379,863,161
539,384,264,177,130,205,389,331,828,161
577,409,116,94,69,86,363,651,432,161
445,364,216,144,115,177,391,323,809,162
626,352,508,387,234,326,474,654,866,162
388,296,260,186,147,209,392,320,834,162
470,318,330,232,167,247,408,391,841,162
572,344,279,218,171,226,509,437,857,162
457,306,338,240,167,252,382,521,861,162
453,368,254,209,164,202,610,3,551,162
495,376,181,161,120,140,363,333,730,162
397,294,284,214,159,216,397,348,857,162
683,408,399,321,214,277,423,580,869,162
458,329,255,208,162,201,380,215,824,162
535,400,193,145,115,158,367,324,831,162
645,448,218,161,119,165,384,324,836,162
265,181,175,146,108,132,442,124,717,163
524,323,437,308,232,350,475,498,868,163
640,433,274,241,162,198,401,369,858,163
634,481,216,155,129,182,394,330,828,163
353,223,302,247,159,209,355,510,869,163
651,490,259,181,138,212,363,315,823,163
545,320,386,273,167,257,510,378,844,163
296,210,244,182,139,194,396,329,844,163
357,232,318,245,172,234,373,456,855,163
382,273,265,197,150,213,380,316,862,164
672,417,394,307,216,288,425,519,873,164
610,334,469,399,268,322,443,552,875,164
350,200,241,186,107,150,421,535,881,164
619,410,330,256,166,233,413,335,849,164
595,415,300,226,170,235,424,337,832,164
431,273,340,272,190,258,397,519,856,164
520,307,414,323,199,281,429,453,884,164
598,340,517,391,229,312,416,821,905,164
599,306,432,327,178,261,430,603,872,164
551,349,376,270,177,260,444,566,860,164
673,460,299,229,160,215,406,327,807,164
568,360,161,123,74,103,376,664,466,164
610,422,275,197,143,212,404,395,853,164
553,282,448,357,211,283,444,648,887,164
596,470,222,170,139,188,396,326,803,165
654,479,222,170,126,171,394,322,835,165
298,206,225,165,121,171,327,379,835,165
473,320,140,98,73,108,395,419,847,165
445,270,313,234,143,202,478,470,856,165
474,298,465,345,229,334,441,601,870,165
529,382,365,272,221,306,471,432,849,165
227,191,98,74,67,89,326,1,218,165
244,230,127,75,74,126,426,3,185,165
233,191,119,92,83,107,334,1,206,165
631,439,288,234,187,234,387,347,822,165
534,354,275,224,159,203,402,352,833,165
421,296,121,104,76,90,373,453,437,166
556,368,325,260,185,242,420,434,865,166
387,265,249,174,120,187,365,387,871,166
456,365,104,72,57,83,311,342,299,166
406,340,207,149,132,183,448,2,223,166
233,194,173,126,105,147,246,300,798,166
524,322,421,319,205,289,513,455,856,166
616,426,296,236,171,221,407,329,853,166
610,381,379,279,196,276,445,657,879,166
343,239,218,158,112,160,375,315,834,166
187,168,165,135,121,149,292,323,806,166
632,470,382,250,211,330,533,178,507,166
416,318,238,153,117,186,397,325,849,166
631,375,458,345,197,275,424,741,896,166
687,471,314,270,193,233,425,498,865,167
673,452,533,387,267,380,427,736,886,167
376,239,300,239,154,203,373,475,865,167
648,332,568,424,231,335,434,714,911,167
360,273,218,165,138,189,444,202,725,167
395,310,240,161,132,197,356,309,853,167
218,192,212,150,140,198,387,2,402,167
630,403,443,337,234,316,533,610,876,167
660,488,248,199,155,201,352,318,814,167
346,235,297,211,160,226,373,476,881,167
604,299,510,394,236,333,465,668,888,167
502,321,265,186,133,198,405,457,853,167
381,288,195,130,109,166,412,308,807,167
648,385,341,259,169,236,444,369,852,167
263,182,258,177,131,198,352,326,861,167
508,355,323,245,189,251,407,440,861,167
441,278,257,193,137,196,383,332,839,167
557,390,320,221,174,260,431,322,818,167
585,411,234,188,146,186,399,317,841,167
399,272,283,197,144,213,368,318,837,167
460,358,190,154,129,160,331,311,813,167
458,318,405,306,236,327,504,553,885,168
558,387,299,219,158,228,402,323,848,168
583,392,362,253,193,288,415,414,850,168
368,211,397,316,204,274,420,565,868,168
471,321,301,236,184,241,385,327,722,168
575,372,416,278,173,287,482,507,871,168
716,476,355,271,195,276,430,532,857,168
459,332,281,197,161,240,465,339,831,168
538,300,231,163,102,156,424,436,869,168
390,293,188,144,118,156,343,333,822,168
560,331,375,275,184,271,481,400,859,168
599,310,520,372,197,306,476,588,877,168
499,336,242,202,156,191,365,348,809,169
536,340,480,358,211,283,443,659,881,169
514,388,242,180,137,185,387,308,832,169
701,406,483,375,245,337,449,642,878,169
341,210,342,268,174,234,338,662,875,169
490,295,330,255,177,236,467,558,875,169
563,339,150,115,76,106,389,657,478,169
713,454,474,337,241,358,447,639,868,169
366,280,192,147,122,160,358,311,824,169
665,393,441,344,228,301,460,671,871,169
544,398,266,204,156,207,394,405,865,169
390,320,227,188,156,188,370,320,821,170
519,312,397,261,168,271,450,590,871,170
626,413,394,283,178,265,402,513,876,170
476,360,206,178,147,173,358,332,767,170
551,418,249,187,144,199,379,317,834,170
477,312,202,152,103,146,392,483,830,170
421,308,293,219,152,219,392,309,848,170
521,377,262,210,167,212,389,315,831,170
651,476,339,255,202,278,395,413,838,170
642,416,455,343,227,321,410,701,897,171
592,409,346,270,204,271,491,426,836,171
620,381,431,338,211,278,441,693,881,171
722,406,319,215,127,201,521,668,887,171
577,333,415,296,188,280,414,506,875,171
631,467,207,174,134,162,384,314,832,171
460,297,305,219,155,229,379,495,846,171
566,321,418,326,201,273,425,657,882,171
682,477,285,210,144,205,410,334,855,171
202,170,183,151,122,147,284,313,836,171
704,381,445,345,208,294,449,611,882,171
486,379,199,138,99,151,522,3,523,171
568,352,363,283,187,250,408,574,879,171
523,377,279,240,176,207,376,347,825,171
496,337,264,217,157,199,379,318,838,171
438,323,206,160,126,168,376,322,838,171
440,346,256,198,156,206,377,310,838,171
333,274,150,108,85,125,307,318,721,171
464,273,422,303,204,300,438,501,859,171
413,298,280,217,161,214,362,389,837,171
626,437,295,225,161,223,416,317,835,172
641,394,397,301,196,279,429,634,888,172
491,290,333,256,169,236,417,517,868,172
561,330,333,236,166,244,412,542,865,172
303,199,270,213,148,191,264,576,845,172
354,247,204,147,109,156,365,305,856,172
617,352,393,295,185,266,426,635,872,172
343,263,236,162,125,190,367,313,840,172
281,185,288,226,150,208,250,596,871,172
238,199,206,158,136,181,257,314,824,172
329,263,226,170,141,189,397,338,807,172
483,357,303,230,172,234,388,323,851,172
508,377,239,180,145,195,373,304,833,172
701,410,416,305,192,285,463,661,888,172
189,169,105,84,80,98,296,66,788,172
552,297,208,135,66,112,395,339,839,173
629,445,302,228,177,244,399,360,842,173
213,177,231,184,148,188,311,310,830,173
437,321,209,154,123,173,382,314,840,173
546,407,229,191,144,177,390,250,824,173
426,280,251,208,153,195,395,530,858,173
543,390,200,140,125,178,429,265,446,173
725,486,183,138,86,125,365,652,587,173
718,460,382,303,197,261,426,647,884,173
469,328,252,203,151,200,387,306,846,174
365,274,241,194,153,195,344,306,817,174
382,281,206,177,137,162,341,313,825,174
352,263,207,150,119,171,375,318,838,174
386,312,224,161,133,189,363,285,829,174
627,469,296,225,172,232,414,479,860,174
612,445,310,209,160,250,391,317,835,175
527,400,257,203,153,200,378,422,864,175
541,417,171,133,109,143,332,330,759,175
292,228,202,159,128,165,312,309,805,175
377,280,157,124,100,129,329,324,797,175
242,219,86,62,60,82,289,142,742,175
623,453,292,195,141,223,388,311,841,175
384,296,154,117,94,124,331,316,768,175
269,207,265,170,127,208,370,309,861,175
543,289,429,326,207,288,436,631,879,175
499,359,159,135,99,119,340,304,839,175
375,220,409,299,186,275,352,601,878,175
524,342,355,292,203,257,403,525,863,175
729,444,392,305,214,287,430,497,855,175
455,324,309,228,174,243,412,378,855,175
444,277,283,217,147,201,378,452,839,175
368,262,175,137,105,135,332,319,804,176
407,306,232,189,152,195,371,320,845,176
579,420,217,169,128,171,386,314,837,176
391,285,243,170,136,196,358,342,815,176
647,475,215,142,101,165,376,331,799,176
505,325,313,240,168,229,406,477,860,176
539,403,230,164,123,177,395,321,843,176
659,440,312,238,172,235,405,454,855,176
660,423,299,224,150,208,469,334,846,176
628,443,193,138,100,145,371,329,753,176
372,286,269,215,159,205,359,303,849,176
444,270,370,275,186,269,418,511,853,176
479,310,311,251,172,224,404,636,874,176
520,292,411,332,218,288,435,635,881,176
610,403,434,324,233,326,525,428,848,176
608,371,327,241,159,234,417,549,864,176
665,400,469,331,218,319,434,639,889,177
265,221,215,158,128,175,336,339,834,177
401,310,253,178,137,203,383,299,843,177
339,272,202,158,130,169,359,337,837,177
511,313,371,323,234,285,409,485,848,177
547,367,321,255,169,233,404,457,853,177
340,242,242,179,127,179,371,340,857,177
338,215,261,198,140,197,405,334,834,177
411,335,316,254,189,257,447,317,831,177
450,343,199,175,130,154,375,312,854,177
444,316,309,238,174,241,378,491,853,177
682,393,382,303,190,251,528,341,841,177
573,423,366,286,233,301,453,411,871,177
406,263,241,189,136,183,381,318,835,177
416,277,177,132,101,138,325,661,466,177
453,327,194,137,103,150,392,317,825,177
644,410,384,280,191,283,419,523,863,177
323,214,248,178,131,189,395,319,849,177
354,275,185,135,105,145,328,308,849,178
434,287,247,199,169,208,493,314,822,178
412,290,405,291,213,318,491,357,806,178
525,381,322,251,196,255,424,362,841,178
684,419,406,331,208,263,438,621,860,178
354,267,237,180,140,189,364,300,851,178
671,380,313,206,260,350,542,375,840,178
693,490,336,251,190,264,406,332,840,178
679,456,359,259,192,278,425,493,855,178
695,460,301,235,166,221,426,401,846,178
275,191,255,197,149,199,413,345,864,178
593,437,292,247,196,234,443,322,818,178
491,369,265,201,155,213,372,442,862,178
436,290,252,191,145,197,396,320,838,178
514,390,260,204,166,213,373,266,839,178
233,165,144,123,94,110,249,317,619,178
478,330,157,120,91,122,346,672,442,178
441,281,236,184,133,176,395,314,836,178
342,229,298,207,140,212,279,506,858,178
465,350,272,210,163,216,398,326,848,178
463,294,311,245,169,224,419,408,853,178
232,165,203,153,114,157,306,313,815,178
595,357,370,282,183,254,403,636,872,179
602,349,358,275,184,250,431,555,854,179
305,200,325,271,182,230,368,326,857,179
605,353,486,352,229,338,465,511,878,179
703,470,411,303,204,302,438,611,883,179
388,260,237,188,137,175,369,314,840,179
418,231,313,231,152,220,388,418,883,179
498,271,415,321,211,283,420,573,856,179
326,222,345,233,158,251,413,490,864,179
639,444,359,284,212,277,475,313,839,179
670,390,383,276,180,264,440,534,867,179
533,335,421,308,206,290,431,603,876,179
540,317,388,261,169,265,451,623,875,179
451,248,262,218,149,184,480,316,839,179
477,359,222,179,149,183,346,320,832,179
630,359,280,206,96,146,303,965,773,179
398,289,198,152,110,150,338,324,811,180
499,374,235,179,141,189,370,310,838,180
431,336,219,172,156,194,465,326,842,180
564,441,265,200,167,222,365,324,814,180
646,442,286,235,161,207,391,304,857,180
691,472,283,237,174,212,409,512,848,180
295,209,289,227,169,223,351,303,849,180
505,351,270,192,148,216,378,326,844,180
209,170,220,166,132,180,295,306,824,180
583,310,416,283,169,274,456,609,870,180
540,407,274,200,148,211,396,294,837,180
463,337,296,213,159,232,368,312,861,180
526,353,202,159,119,155,387,326,762,180
285,214,211,173,137,171,360,320,829,180
623,328,429,306,183,286,489,692,900,181
502,381,111,76,63,95,380,213,683,181
554,367,309,223,158,230,395,461,845,181
391,236,382,274,193,283,421,498,873,181
658,404,265,216,164,212,500,311,806,181
578,317,383,288,174,256,435,598,896,181
366,215,144,109,64,93,372,671,524,181
587,374,425,343,238,305,416,867,909,181
568,445,145,123,100,119,342,323,729,181
313,225,238,186,132,175,369,325,831,181
527,363,348,253,192,277,416,402,862,181
590,344,399,277,174,279,433,484,867,181
295,192,334,255,175,243,325,557,843,181
621,447,306,232,159,225,388,319,847,181
653,415,332,223,152,229,506,356,828,181
308,259,175,138,122,155,332,316,828,181
429,280,298,227,145,207,340,541,846,181
552,350,416,321,217,291,516,483,843,181
394,212,187,104,58,119,453,343,871,182
687,429,359,262,171,245,412,586,879,182
484,316,277,217,154,206,373,333,856,182
381,285,280,191,146,220,372,313,840,182
560,414,204,149,112,158,341,311,821,182
626,386,401,336,228,280,423,566,883,182
723,471,309,226,159,229,457,419,835,182
440,284,228,165,115,171,396,326,841,182
679,387,373,275,175,253,444,646,875,182
380,247,134,99,61,93,325,641,487,183
619,429,251,184,135,194,417,331,830,183
258,172,253,188,139,191,355,309,866,183
341,290,276,186,152,231,340,166,768,183
548,421,220,178,147,185,363,316,817,183
623,475,243,200,155,198,365,327,828,183
513,349,285,229,174,226,391,324,837,183
417,289,225,186,140,173,493,315,838,183
496,382,209,170,134,169,371,316,852,183
640,405,327,257,178,239,402,629,878,183
452,251,422,316,194,285,440,584,874,183
522,362,301,222,169,232,409,526,851,184
425,295,246,190,132,177,377,303,856,184
250,171,150,130,110,124,552,1,210,184
250,197,253,199,158,207,360,307,841,184
198,160,206,157,124,165,293,319,839,184
657,479,237,179,138,190,379,317,841,184
526,403,229,172,133,181,375,312,837,184
494,358,273,199,150,213,376,406,845,184
686,476,273,210,158,215,402,415,852,184
562,369,276,234,161,195,392,330,847,184
575,396,287,237,177,219,405,490,847,184
473,317,348,276,193,263,409,347,863,184
578,364,304,237,170,228,403,464,853,184
390,273,236,213,153,177,366,315,840,184
502,328,382,301,212,282,374,575,863,184
674,411,348,242,161,250,434,589,868,184
567,426,228,180,142,183,394,321,846,184
489,348,281,241,181,216,407,327,860,184
547,358,364,283,204,275,412,488,854,184
336,240,243,188,137,182,434,330,844,185
367,251,274,208,154,212,404,373,851,185
344,205,300,224,149,216,473,320,840,185
445,258,382,311,214,271,406,597,861,185
704,423,429,320,202,290,440,631,865,185
602,422,245,178,127,187,403,319,837,185
716,417,300,208,139,207,418,412,840,185
442,333,104,85,68,86,390,332,460,185
427,306,249,187,163,216,436,333,840,185
516,349,367,291,216,281,430,399,850,185
422,312,148,107,74,108,149,605,560,185
694,384,455,333,196,281,470,526,902,185
425,303,268,204,158,214,393,363,869,185
482,318,356,248,179,272,417,475,851,185
614,463,240,169,128,196,366,322,826,186
490,322,438,338,224,301,360,639,885,186
321,216,273,209,152,207,324,507,862,186
446,326,369,280,203,287,446,327,842,186
192,168,158,120,110,142,362,77,625,186
381,223,333,273,175,226,362,507,877,186
629,408,358,235,162,267,456,525,878,186
506,309,367,257,178,262,411,424,863,186
657,344,476,345,215,316,529,647,884,186
606,364,400,298,180,267,453,641,883,186
674,455,218,162,115,165,384,476,756,186
427,307,250,204,156,196,452,322,818,186
413,276,254,197,138,189,368,325,856,186
669,422,488,378,257,345,442,485,861,186
538,358,302,219,157,227,378,511,843,186
679,443,330,271,186,237,471,535,870,187
345,214,361,262,172,254,430,477,876,187
607,449,211,159,122,167,373,316,825,187
380,287,208,141,109,165,367,326,844,187
588,386,317,244,178,238,391,538,847,187
620,403,270,208,145,198,420,338,861,187
420,290,392,297,210,288,402,502,864,187
517,378,285,212,156,218,325,467,849,187
544,408,255,204,157,201,395,340,851,187
701,428,385,299,199,264,438,418,863,187
493,313,312,237,163,228,400,485,841,187
402,310,215,157,122,177,372,317,822,187
532,335,267,196,140,199,403,329,848,188
553,296,282,223,152,206,496,500,871,188
516,382,287,206,157,223,361,314,850,188
579,391,371,291,208,270,443,619,884,188
352,240,249,195,148,195,375,315,851,188
568,393,144,99,70,108,345,323,557,188
492,329,390,296,225,305,497,656,875,188
502,269,363,274,165,236,434,638,869,188
501,398,100,79,68,85,330,326,410,188
437,255,399,285,181,278,448,641,875,188
623,423,288,233,173,221,475,323,831,188
472,296,284,223,144,194,407,344,856,188
271,183,316,236,163,233,383,396,848,188
654,448,210,155,113,157,385,324,838,189
549,325,457,356,245,328,439,504,865,189
719,413,427,319,212,303,463,494,876,189
429,289,245,191,128,174,384,370,851,189
438,268,364,288,193,259,405,514,855,189
621,464,269,223,183,229,411,415,854,189
674,483,239,193,139,180,384,311,838,189
579,411,270,214,152,201,456,326,832,189
525,391,232,182,146,185,380,324,836,189
536,366,206,158,110,151,367,317,823,189
590,360,462,343,221,320,462,603,880,189
674,370,484,342,190,297,538,639,857,189
373,283,233,190,150,185,359,308,841,189
603,432,249,196,135,179,360,314,830,189
680,432,472,331,216,322,434,583,883,189
465,319,289,210,157,228,405,339,841,189
482,289,373,282,187,264,430,596,873,190
368,250,288,219,161,219,371,337,849,190
658,418,323,251,170,233,419,413,854,190
666,424,434,296,190,306,427,572,874,190
298,246,226,163,131,187,392,312,847,190
514,322,382,295,200,268,424,575,878,190
440,282,335,293,198,242,356,492,842,190
270,201,171,128,100,137,297,311,792,190
492,296,396,279,186,283,441,552,875,190
358,224,253,184,126,181,399,318,849,190
441,277,143,100,70,104,346,653,423,190
464,353,195,150,118,157,359,315,806,190
555,330,387,316,200,258,411,555,878,190
498,319,441,329,214,312,438,624,867,190
380,297,171,136,113,144,326,320,827,190
438,334,277,213,164,221,401,336,841,190
318,230,230,167,129,179,383,279,802,191
572,331,375,283,182,258,444,561,869,191
474,348,220,162,133,183,383,309,848,191
539,361,306,246,178,225,401,360,842,191
473,376,232,157,130,193,356,311,849,191
444,289,390,271,188,287,437,409,856,191
511,345,368,247,188,283,484,455,871,191
655,452,554,378,262,404,479,828,900,191
596,445,259,201,153,207,394,315,850,191
319,222,193,159,119,147,368,329,857,191
610,410,334,229,163,256,400,345,831,191
721,397,451,340,215,301,463,661,882,191
315,195,113,80,54,82,350,331,854,192
415,306,225,169,131,180,365,310,861,192
551,387,230,186,139,180,373,325,831,192
341,273,233,197,166,196,374,326,824,192
555,379,362,274,205,282,376,327,848,192
562,421,230,175,135,184,374,313,823,192
397,292,298,229,173,234,353,467,846,192
494,373,229,170,134,184,361,327,834,192
448,355,234,161,135,197,376,321,853,192
572,407,260,209,160,207,390,325,843,192
622,431,236,182,129,176,390,318,826,192
550,312,469,334,180,272,506,627,884,192
445,294,334,260,171,231,398,509,866,192
662,428,398,278,187,282,496,349,861,192
362,268,316,237,182,249,286,465,847,192
450,356,234,201,151,179,362,310,833,192
233,150,282,213,142,194,329,364,848,193
450,336,211,150,115,170,349,321,820,193
717,429,391,289,184,260,426,475,869,193
546,434,215,172,140,178,361,313,810,193
483,301,407,309,211,290,431,587,881,193
351,264,169,131,105,140,346,313,757,193
480,328,287,218,158,218,384,423,853,193
471,293,145,111,78,108,357,656,496,193
291,196,324,261,173,232,347,446,864,193
415,313,201,150,123,166,350,312,823,193
439,272,275,218,153,199,398,370,862,193
430,244,318,233,160,229,390,511,855,193
356,322,93,64,58,84,362,54,458,194
463,291,392,271,176,268,438,438,868,194
623,438,270,216,165,209,390,458,850,194
508,322,439,306,212,322,442,606,872,194
673,455,346,286,209,259,438,460,864,194
717,461,287,235,169,212,421,320,841,194
601,337,386,286,184,263,423,586,858,194
692,419,407,313,217,298,451,500,863,194
400,280,311,249,179,229,391,325,847,194
616,403,331,236,163,238,410,373,846,194
507,367,299,242,187,239,393,323,843,194
588,435,257,190,141,198,403,333,833,195
429,312,224,165,127,178,362,325,834,195
508,321,307,246,159,211,378,633,867,195
207,140,249,196,138,181,307,355,838,195
498,407,134,98,83,115,325,322,752,195
298,275,123,93,90,117,348,1,208,195
571,364,289,214,160,225,448,316,847,195
393,281,269,199,144,210,390,318,846,195
562,411,203,170,127,159,394,322,845,195
474,291,312,231,165,239,409,573,858,195
524,400,218,167,134,181,379,322,829,195
528,397,317,222,180,267,410,328,834,195
585,373,312,224,155,228,429,582,858,195
331,273,287,237,205,253,503,88,683,195
429,278,299,249,174,217,408,347,837,195
407,239,428,318,197,296,451,626,875,195
284,192,282,218,150,208,379,314,879,195
666,406,491,354,223,336,436,577,867,195
552,409,225,174,137,179,358,314,840,195
521,343,235,178,131,178,383,382,852,195
660,434,360,297,209,270,449,550,865,196
689,393,531,389,237,358,454,617,880,196
533,345,348,275,187,247,406,552,876,196
643,433,431,279,201,327,439,438,866,196
722,426,477,365,257,351,452,588,884,196
508,371,182,122,90,139,326,341,805,196
319,204,347,252,168,249,367,509,848,196
412,298,241,176,133,191,349,298,866,196
449,256,455,313,197,301,549,539,857,196
435,322,171,144,113,139,371,236,769,196
499,330,363,265,192,268,414,474,871,196
538,351,284,202,149,219,414,327,836,196
369,230,412,341,231,289,470,475,856,196
578,387,300,213,152,223,416,379,853,196
597,390,412,276,188,297,498,645,868,197
588,346,441,331,214,301,440,563,880,197
651,464,273,201,153,216,430,334,845,197
710,387,415,292,197,295,517,457,847,197
302,227,185,136,107,148,315,296,819,197
319,220,268,196,138,200,396,307,853,197
477,325,248,198,148,191,375,304,835,197
374,290,270,228,185,225,370,363,848,197
331,210,285,223,152,210,396,311,818,197
538,375,381,292,185,251,468,461,822,197
542,353,391,302,213,288,434,629,892,197
346,210,350,272,171,236,316,623,856,197
343,211,313,233,161,226,346,514,859,197
425,314,137,115,89,110,308,324,783,197
333,251,192,152,119,152,349,316,849,197
532,411,289,211,158,223,365,332,848,197
653,369,143,117,68,91,397,669,556,197
399,305,223,180,147,182,398,325,830,197
676,421,341,267,183,242,430,561,876,197
656,426,446,359,238,310,410,609,880,197
696,479,144,101,70,103,358,654,487,197
524,384,307,239,184,240,400,322,847,197
232,160,211,157,115,160,335,314,838,197
371,231,362,280,180,251,361,554,860,198
657,359,475,351,180,260,463,648,895,198
642,468,291,226,175,227,401,313,829,198
539,365,285,230,171,219,399,385,882,198
439,321,214,168,139,182,410,321,835,198
443,293,435,292,197,324,404,363,845,198
494,325,289,221,148,208,417,335,854,198
557,433,109,90,73,88,345,334,580,198
338,212,364,285,185,254,344,599,869,198
725,413,415,294,183,275,459,602,863,198
653,391,124,89,58,86,377,676,413,198
696,424,557,408,263,382,437,440,842,199
339,242,254,197,142,203,470,1,213,199
487,323,213,173,122,155,384,313,851,199
450,315,218,170,119,163,372,320,830,199
498,394,224,162,131,186,384,324,836,199
421,336,179,143,119,150,345,302,797,199
674,384,558,382,241,372,536,575,868,199
562,328,496,350,212,337,479,628,878,199
371,278,258,200,164,212,356,324,841,199
620,471,218,176,140,179,387,320,837,200
732,487,335,301,201,226,414,422,878,200
485,346,258,212,171,210,354,310,832,200
572,315,369,285,192,257,435,644,867,200
694,473,271,204,151,208,417,410,853,200
502,354,272,201,140,196,351,429,835,200
379,274,293,211,151,220,354,403,850,200
508,393,205,138,112,170,378,320,822,200
572,431,251,211,162,201,361,318,849,200
510,335,320,243,178,242,415,453,863,200
342,248,325,221,148,232,393,400,862,200
347,289,188,161,139,160,314,307,814,200
391,239,322,237,161,230,401,508,853,200
404,258,266,205,135,187,395,344,864,200
436,250,386,289,186,270,386,626,865,201
584,343,359,263,174,246,527,629,887,201
650,433,281,217,150,207,406,340,853,201
415,313,299,210,167,247,473,336,829,201
381,283,220,170,131,173,367,313,833,201
418,294,213,168,125,164,386,313,843,201
289,225,207,143,114,167,305,319,816,201
415,309,229,181,142,185,374,313,851,201
389,294,138,105,85,114,321,171,805,201
494,365,249,167,129,200,371,370,834,201
389,263,251,200,147,188,393,328,841,201
373,298,195,168,133,162,434,311,829,201
368,280,215,178,140,179,369,322,849,201
511,393,248,188,156,210,404,319,827,201
692,490,410,321,240,311,479,454,852,201
513,318,291,217,136,199,390,430,854,202
428,291,298,211,152,225,401,384,870,202
327,222,315,224,154,222,317,299,836,202
252,165,292,236,164,215,369,350,863,202
573,358,429,305,210,309,500,476,881,202
508,356,323,235,171,240,395,438,865,202
487,290,319,232,157,225,426,491,859,202
530,411,233,155,122,188,353,309,819,202
538,378,296,213,164,233,373,336,855,203
374,250,217,173,128,167,387,313,846,203
706,481,368,288,201,270,415,522,865,203
225,174,214,153,119,172,385,300,851,203
351,268,229,175,145,194,355,327,841,203
399,307,172,133,112,145,323,321,806,203
468,364,178,146,114,142,263,587,850,203
705,412,327,254,156,217,419,448,855,203
645,384,327,245,155,223,435,581,884,203
677,386,387,290,180,263,446,505,874,203
454,322,260,203,146,196,374,352,849,203
668,406,452,334,224,321,449,655,866,203
368,227,333,276,190,242,430,309,839,203
511,343,318,255,190,244,412,400,860,203
429,303,277,191,139,215,409,354,855,203
184,152,128,96,73,101,397,85,644,203
306,240,247,198,163,204,354,388,839,203
610,408,313,223,151,230,418,382,862,204
495,330,120,80,56,91,350,382,470,204
531,411,242,191,150,201,368,311,825,204
717,438,323,233,150,225,432,526,865,204
431,295,326,248,170,233,370,343,848,204
604,417,275,210,162,218,429,337,826,204
331,229,322,230,162,247,388,301,849,204
401,227,237,175,123,173,486,325,836,204
529,365,374,252,194,302,407,321,844,204
671,427,362,293,214,270,436,548,869,204
491,316,241,189,122,166,386,324,840,204
566,383,183,143,98,135,354,299,811,204
470,367,221,194,157,182,382,312,855,204
376,332,146,100,91,133,385,36,779,204
648,471,188,149,115,149,425,187,431,204
535,372,273,211,157,206,421,327,857,204
461,332,237,166,128,188,376,319,838,204
505,347,275,201,150,218,388,347,807,204
341,211,216,153,101,155,365,306,846,205
330,236,162,130,96,124,321,316,817,205
330,233,311,207,155,248,384,334,844,205
190,137,219,162,120,168,303,311,843,205
364,265,253,210,157,190,332,299,807,205
688,455,359,234,159,251,427,363,849,205
655,425,342,269,188,247,431,590,873,205
485,367,228,187,143,178,370,310,829,205
634,447,334,213,151,250,385,314,833,205
521,387,229,184,149,189,379,318,831,205
293,219,273,206,164,221,364,321,868,205
636,411,349,264,198,270,428,430,863,205
576,405,375,262,179,272,368,452,856,205
536,337,236,181,144,192,493,317,771,205
340,233,319,237,169,240,402,330,848,206
331,225,234,170,132,185,381,310,826,206
622,379,382,286,186,256,428,619,876,206
525,336,343,264,184,251,417,584,877,206
647,440,255,176,124,185,407,346,844,206
304,217,218,167,121,167,353,306,842,206
276,221,229,229,192,194,378,2,362,207
278,246,155,131,127,144,419,72,371,207
525,312,433,292,178,291,430,596,879,207
503,378,224,176,137,185,365,318,810,207
243,175,284,186,137,218,381,329,838,207
431,265,291,238,165,212,372,579,873,207
691,494,254,198,159,206,449,328,839,207
632,358,371,247,163,259,532,385,849,207
379,275,125,94,75,101,324,327,686,207
700,409,332,225,140,219,442,429,849,207
394,296,196,142,109,152,375,324,812,207
617,417,304,246,177,224,380,556,848,207
555,397,326,236,175,249,391,362,832,207
234,159,268,203,146,199,312,445,863,208
403,233,347,264,182,245,418,563,866,208
447,344,230,170,138,192,398,319,822,208
256,196,216,155,120,172,298,308,829,208
359,283,237,160,130,192,421,325,735,208
703,479,232,183,131,175,402,331,844,208
543,367,468,332,242,352,440,626,870,208
423,361,96,67,57,84,306,313,429,208
564,436,282,207,167,233,388,299,851,208
594,463,262,179,149,225,359,322,830,208
205,153,236,173,129,178,316,337,823,208
720,466,524,373,256,371,429,538,866,208
483,321,280,225,154,202,369,570,863,208
594,362,373,259,173,263,439,556,873,208
504,317,304,229,151,213,340,637,864,208
496,304,460,314,210,342,435,500,865,208
450,355,223,175,136,181,345,326,817,208
507,309,311,240,169,222,517,333,837,208
425,301,276,206,158,220,403,313,854,209
388,272,252,174,122,192,375,312,827,209
358,254,329,223,167,259,391,346,849,209
507,369,304,231,180,244,405,317,822,209
491,304,215,173,137,171,503,327,804,209
296,186,311,261,167,208,323,638,884,209
455,357,197,140,113,163,361,324,829,209
307,223,117,91,66,88,580,1,180,209
373,269,295,243,174,218,355,472,861,209
684,483,316,244,189,247,414,371,840,209
517,357,329,234,156,234,384,306,859,209
527,402,244,177,140,199,379,317,853,209
176,164,116,82,79,111,344,44,314,209
579,364,123,99,62,83,352,530,394,210
547,408,286,230,175,219,381,417,852,210
680,472,338,274,198,255,420,481,871,210
605,415,277,209,153,210,399,480,853,210
483,368,181,149,117,147,338,322,798,210
232,205,116,88,80,105,357,16,566,210
430,310,282,211,164,226,405,400,846,210
607,389,347,257,174,252,439,475,847,210
636,436,304,221,164,235,415,503,855,210
395,280,220,178,130,167,394,304,816,210
588,335,426,321,198,274,457,631,876,210
696,458,347,259,185,267,448,427,860,210
722,469,442,348,248,325,456,733,901,210
470,331,209,164,125,166,379,340,804,210
625,397,384,255,171,275,473,328,843,210
376,264,253,196,144,199,378,317,841,211
248,191,228,152,118,185,350,313,831,211
403,263,279,214,175,236,474,418,856,211
508,346,271,235,160,193,415,307,859,211
674,402,378,251,173,275,491,538,880,211
436,280,249,187,127,181,394,480,854,211
512,320,470,344,230,328,447,584,851,211
492,303,389,256,159,258,447,478,869,211
608,386,309,232,156,220,419,356,866,211
708,478,293,217,149,216,391,311,832,211
536,359,345,267,191,255,413,442,873,211
174,161,101,86,83,96,296,57,500,211
329,226,310,247,179,234,381,366,838,211
637,390,367,259,173,263,454,422,864,211
647,412,344,275,191,250,425,644,891,211
648,442,288,251,186,218,405,525,854,211
416,328,279,214,176,235,379,325,836,211
421,316,252,183,139,200,401,365,841,212
562,402,336,239,185,275,406,427,853,212
637,460,347,243,176,268,409,429,862,212
469,290,405,295,206,298,438,551,877,212
541,383,247,175,119,181,412,337,853,212
432,287,297,235,193,241,526,368,825,212
546,405,297,237,173,223,386,455,845,212
363,228,206,174,142,170,446,313,826,212
514,278,473,347,218,313,538,573,881,212
662,448,345,241,167,251,394,499,880,212
654,452,295,257,194,226,406,361,823,212
379,209,327,239,145,216,381,624,872,213
601,388,514,366,258,379,566,11,600,213
332,237,247,193,134,186,325,329,843,213
705,472,356,279,210,275,442,454,877,213
281,216,199,143,110,155,299,302,825,213
642,410,291,238,153,200,383,604,885,213
710,488,135,100,65,95,339,613,470,213
662,471,296,210,165,238,416,428,849,213
239,197,163,130,112,139,337,311,813,213
279,217,241,177,145,198,358,329,850,213
506,330,312,249,176,226,392,521,846,213
620,464,316,253,201,257,404,318,838,213
441,327,183,148,111,141,357,298,819,213
351,308,176,126,117,159,387,139,704,213
436,301,382,288,213,301,414,472,861,213
312,238,147,125,103,122,299,310,781,213
425,266,369,287,206,279,405,583,857,214
389,289,254,208,169,214,394,330,841,214
597,438,331,242,158,229,537,394,850,214
616,388,452,306,200,320,452,599,882,214
613,434,248,185,138,197,383,336,840,214
541,303,373,287,187,257,422,532,881,214
417,238,382,266,193,289,534,326,827,214
545,412,182,145,115,149,357,317,844,214
560,390,342,269,198,264,379,438,865,214
419,264,267,189,145,209,495,320,858,214
375,261,174,132,95,126,343,361,844,214
619,454,241,190,145,193,426,348,843,214
473,307,341,247,170,251,432,444,832,214
435,333,263,205,153,208,374,317,821,214
347,212,336,269,195,249,334,593,870,214
475,248,292,216,124,182,434,428,854,214
531,360,173,120,86,133,352,639,427,214
389,279,266,259,210,218,449,329,833,214
526,373,270,222,166,213,383,430,838,214
363,245,249,173,128,192,397,332,841,214
533,404,243,178,151,209,385,325,820,214
413,337,242,206,176,207,394,327,836,215
611,450,253,205,157,198,418,339,838,215
429,295,319,234,172,240,411,325,855,215
465,259,459,343,219,311,450,653,884,215
512,333,301,220,158,229,392,444,861,215
319,242,297,234,173,219,400,405,853,215
590,379,403,302,204,281,350,609,874,215
613,458,218,150,114,170,380,311,842,215
652,460,261,210,165,210,402,375,832,215
591,381,356,247,179,265,412,526,855,215
514,393,243,187,149,197,382,312,837,215
412,291,235,187,144,185,369,288,826,215
545,368,311,245,186,238,401,559,858,215
544,420,268,210,159,217,394,314,816,215
676,438,386,286,196,271,426,488,874,215
403,284,347,252,192,272,403,492,868,215
383,278,182,143,118,152,315,306,804,215
484,268,361,286,180,245,464,616,869,216
503,316,359,257,176,263,407,559,857,216
317,229,283,205,148,217,373,370,834,216
544,414,244,199,156,194,327,307,822,216
687,486,225,183,138,171,400,328,839,216
304,223,221,176,131,171,342,307,844,216
346,220,138,78,56,103,395,428,838,216
381,252,368,272,192,273,337,665,871,216
660,452,308,238,165,222,435,504,859,216
718,485,151,107,75,111,383,664,474,216
366,262,237,178,132,187,368,319,863,216
602,341,243,196,120,157,412,647,832,216
368,264,288,209,166,239,399,336,843,216
439,301,453,331,243,345,442,510,866,216
304,205,193,157,110,138,282,482,847,216
708,431,418,296,191,288,459,417,861,216
699,492,266,219,166,206,386,302,839,217
341,249,269,182,129,204,388,314,845,217
667,403,425,314,217,307,460,651,881,217
322,267,205,165,139,177,336,143,762,217
533,410,295,220,165,234,459,323,840,217
463,345,255,185,148,205,367,350,857,217
249,197,175,123,93,140,335,306,829,217
432,301,239,175,137,193,385,352,845,217
468,303,340,233,158,240,394,521,866,217
400,303,269,218,157,199,347,365,862,217
410,291,232,191,152,188,385,311,817,217
384,281,250,180,137,200,406,345,855,217
435,303,301,219,154,224,405,410,842,217
570,447,207,160,131,174,385,330,829,217
368,278,307,223,176,249,380,315,831,217
418,322,202,150,118,163,333,345,832,217
489,349,214,161,113,154,376,405,827,217
515,421,154,117,103,134,354,320,813,217
208,156,252,181,129,189,330,309,836,218
669,453,315,270,199,239,430,498,869,218
588,366,328,224,140,215,459,531,871,218
531,358,316,240,167,231,409,402,828,218
383,227,124,99,67,89,319,644,501,218
707,460,286,231,161,207,390,603,863,218
677,407,341,291,212,253,543,319,828,218
449,351,222,167,136,188,379,321,857,218
606,367,367,279,191,268,422,574,863,218
377,203,399,312,185,263,423,642,877,218
245,191,206,164,143,182,462,326,827,218
260,228,220,165,161,209,461,3,167,218
577,386,363,263,174,244,402,485,852,219
639,424,240,180,131,179,396,314,844,219
250,219,178,123,118,167,389,2,222,219
362,247,382,297,202,269,306,571,860,219
357,256,244,174,129,190,378,303,835,219
483,311,355,268,202,282,434,612,856,219
398,346,99,72,67,91,371,1,207,219
485,296,315,237,164,226,425,546,876,219
522,340,188,141,98,142,393,702,566,219
481,338,285,211,157,224,382,327,861,220
386,318,161,118,102,140,337,197,797,220
521,373,213,175,133,167,409,313,836,220
430,305,260,209,160,205,473,323,830,220
450,333,251,181,141,197,392,337,839,220
415,300,239,176,130,186,370,326,847,220
470,350,198,162,136,163,357,309,814,220
572,383,413,327,222,300,411,367,813,220
673,371,375,284,178,260,449,643,870,220
676,447,541,404,270,385,572,26,585,220
271,185,257,207,145,188,363,382,856,220
372,239,418,328,225,298,378,621,875,220
405,297,232,182,142,186,356,327,823,220
441,325,266,190,150,217,399,327,850,220
445,282,403,270,191,301,427,590,876,220
477,345,193,152,114,149,351,310,829,220
200,156,242,180,145,199,425,322,821,220
472,259,407,291,184,275,439,544,858,220
490,237,351,271,155,220,442,627,876,221
282,205,364,289,219,274,344,551,892,221
636,418,413,332,223,286,449,537,874,221
458,306,306,215,130,202,407,338,871,221
494,373,256,194,156,214,423,199,698,221
684,477,325,252,183,243,422,346,836,221
351,242,295,225,177,239,470,324,843,221
309,237,218,138,105,171,352,326,811,221
307,214,295,213,151,222,390,476,843,221
492,362,242,177,145,199,382,332,838,221
345,248,198,139,100,152,346,351,838,221
649,486,247,203,164,203,401,345,840,221
701,491,277,214,166,219,416,336,843,221
550,369,263,201,139,192,402,330,846,221
518,347,364,272,194,267,428,612,872,221
421,286,266,199,157,213,474,331,836,222
304,218,246,202,161,200,373,304,823,222
649,423,374,306,208,261,453,545,864,222
558,372,410,326,209,275,392,533,868,222
236,177,165,142,106,128,289,331,719,222
396,287,244,194,150,194,358,366,843,222
555,418,214,169,133,167,363,241,820,222
281,231,182,158,125,148,293,308,819,222
364,305,164,120,106,144,333,179,804,223
325,248,114,87,70,94,336,212,658,223
534,357,169,132,90,126,409,430,530,223
486,315,260,201,149,197,402,326,847,223
565,405,297,206,155,232,381,349,844,223
475,379,169,136,111,138,346,304,827,223
472,282,330,240,174,246,416,436,828,223
521,381,240,184,135,187,405,325,851,223
462,287,306,234,161,226,408,604,862,223
539,362,339,256,192,263,417,414,838,223
728,420,462,325,199,302,456,593,872,223
538,312,394,287,186,272,434,514,874,223
544,392,298,191,143,235,383,313,859,223
177,150,144,97,89,131,336,1,223,223
667,417,410,314,216,300,456,619,886,223
573,398,203,146,107,154,372,304,840,223
406,270,208,166,112,151,356,318,819,224
714,444,392,322,202,255,429,588,878,224
677,438,288,209,142,211,423,322,847,224
439,290,262,214,156,200,367,298,819,224
533,310,348,273,170,234,411,633,865,224
553,323,360,265,176,258,428,501,861,224
462,346,193,154,122,156,346,317,841,224
590,366,408,321,231,306,484,609,863,224
460,350,257,173,131,204,362,302,821,224
406,254,387,277,174,257,437,560,891,224
359,280,243,186,153,205,365,316,829,224
657,386,386,282,190,273,432,633,882,225
653,402,318,258,173,221,441,438,869,225
712,488,290,215,154,216,418,365,854,225
404,314,133,114,91,112,324,313,568,225
496,319,279,219,156,208,414,550,853,225
432,313,379,271,193,280,452,527,880,225
528,333,449,313,207,312,508,558,871,225
386,319,121,103,90,106,305,313,787,225
526,375,281,204,153,211,397,308,859,225
546,385,338,228,176,268,473,357,840,226
377,248,287,215,147,204,391,388,856,226
432,306,279,214,168,227,462,385,851,226
627,442,268,207,153,213,411,323,819,226
413,228,383,270,149,218,352,622,875,226
439,298,254,191,139,192,400,320,860,226
485,346,146,110,84,112,342,322,796,226
551,317,410,295,194,301,450,653,896,226
388,238,363,287,185,247,390,563,863,226
658,443,329,235,163,237,420,326,832,226
604,440,259,189,144,199,397,340,854,226
451,301,374,260,182,273,447,440,879,227
392,315,296,239,200,250,356,471,855,227
649,428,318,227,162,240,424,381,863,227
491,370,148,110,88,119,356,312,666,227
457,343,223,171,139,185,370,316,844,227
512,297,355,259,169,249,435,564,876,227
565,426,220,178,144,182,476,326,839,227
668,407,509,337,213,344,447,583,878,227
665,372,185,142,69,93,415,721,485,227
412,342,137,97,86,120,352,317,812,227
532,315,428,290,181,280,442,394,859,227
363,273,285,228,177,224,354,362,847,227
379,259,350,261,191,265,389,478,857,227
488,382,203,156,136,179,384,332,806,227
393,250,305,213,140,209,437,369,840,227
499,309,392,272,172,261,412,518,853,228
543,408,268,225,175,218,385,234,832,228
595,374,473,312,193,317,458,600,888,228
556,336,405,307,217,297,460,465,878,228
444,340,245,184,146,197,386,325,853,228
652,434,367,266,202,285,433,458,848,228
470,277,411,302,186,276,400,642,873,228
574,328,340,287,182,227,375,982,839,228
559,420,264,187,147,217,367,311,845,228
370,258,259,204,153,204,400,336,833,228
351,247,244,200,166,203,510,19,560,228
487,313,395,283,197,292,441,465,856,228
409,285,412,289,202,303,404,341,860,228
641,477,266,201,156,210,402,413,846,228
342,239,284,215,171,231,425,368,856,228
436,350,104,77,62,88,350,183,411,228
381,275,285,216,160,218,366,506,851,228
513,423,194,146,128,169,340,316,823,228
339,259,221,174,144,187,370,319,830,228
670,373,410,295,190,276,446,670,884,228
441,252,374,263,177,269,421,562,888,229
532,349,286,206,136,200,467,321,843,229
581,430,273,207,154,216,406,314,852,229
594,466,247,174,135,205,347,327,856,229
510,358,293,232,172,226,401,409,865,229
501,274,465,357,203,291,459,662,882,229
531,370,147,113,67,98,247,635,561,229
373,230,340,243,163,236,533,321,851,229
559,359,505,359,242,365,420,554,868,229
549,455,150,111,97,131,342,337,832,229
525,246,409,327,196,272,445,638,883,229
678,439,411,344,262,317,459,657,875,229
636,455,347,263,170,226,559,367,855,229
427,307,233,168,130,182,362,311,833,230
566,392,243,201,136,168,377,309,832,230
429,299,257,197,145,198,403,315,847,230
326,242,299,211,159,228,461,312,837,230
426,306,354,251,191,277,432,456,854,230
594,449,304,221,178,251,409,442,877,230
373,253,318,248,179,235,380,472,842,230
533,430,223,168,145,192,375,313,839,230
684,474,288,209,155,221,419,431,849,230
632,422,316,261,178,232,407,424,849,230
504,306,407,324,191,265,420,591,866,230
654,431,412,298,201,296,503,402,754,230
573,442,189,149,119,156,386,323,820,230
438,255,374,267,172,264,424,643,897,230
725,459,384,295,190,268,447,552,858,231
342,235,368,263,188,275,379,579,865,231
348,245,258,198,152,204,388,316,834,231
271,206,337,268,217,274,500,62,683,231
339,238,119,89,64,88,215,646,474,231
663,424,316,218,149,235,427,534,865,231
375,288,190,149,111,149,349,312,836,231
544,363,359,247,173,265,420,492,877,231
355,220,221,168,117,162,401,344,834,231
428,314,379,312,231,290,403,502,868,231
562,341,405,307,204,287,425,555,887,231
319,238,202,200,157,163,380,1,253,231
338,222,310,231,152,217,382,326,852,231
493,270,412,269,140,220,478,434,857,231
238,191,158,104,81,129,292,322,683,231
166,139,209,158,127,170,283,308,837,231
510,392,258,202,158,205,408,310,815,232
525,381,273,185,147,220,407,350,827,232
633,436,369,274,195,279,407,530,870,232
387,308,234,166,134,196,333,321,848,232
448,261,325,250,164,230,414,524,883,232
270,217,197,156,120,156,309,304,808,232
551,413,265,207,161,214,390,330,833,232
450,291,261,188,132,194,405,366,852,232
398,277,221,153,112,171,395,334,844,232
526,402,183,155,124,148,365,311,839,232
398,320,221,138,111,180,341,317,838,232
558,412,257,200,159,208,404,326,835,233
523,348,345,286,204,257,333,597,850,233
385,279,237,198,157,190,384,350,838,233
450,317,261,189,145,207,380,325,836,233
533,397,280,193,150,228,405,315,859,233
424,342,198,164,133,162,350,303,825,233
263,210,192,180,143,150,290,306,822,233
438,258,241,187,148,194,479,321,853,233
345,273,226,147,114,179,351,307,812,233
708,429,415,309,193,265,513,642,879,233
722,467,472,358,252,343,449,481,847,233
693,462,411,301,245,345,514,646,876,233
418,287,253,186,135,191,400,320,830,234
405,302,395,265,223,337,528,199,482,234
598,327,276,203,129,186,423,451,854,234
710,397,521,381,223,321,478,633,875,234
403,258,422,296,202,311,432,617,881,234
637,452,296,221,167,228,507,321,844,234
482,356,347,249,227,314,517,392,861,234
628,356,436,342,224,311,466,613,876,234
315,233,233,154,111,178,351,315,853,234
545,378,384,274,196,283,398,644,878,234
398,286,222,165,134,184,378,325,839,235
435,343,231,145,116,193,370,313,831,235
359,268,237,189,146,194,368,395,840,235
673,479,241,170,123,186,388,315,845,235
307,201,328,236,165,246,407,466,859,235
646,482,257,182,142,206,399,312,858,235
445,301,360,267,185,270,421,440,841,235
237,231,107,66,64,104,367,1,240,235
568,364,428,317,211,305,433,652,877,235
307,205,182,144,104,137,362,362,832,235
505,410,182,144,124,158,379,309,848,235
389,280,291,218,169,235,391,314,834,235
492,283,379,318,198,254,462,561,871,235
473,299,357,263,170,245,418,478,861,236
571,437,300,217,172,244,475,230,709,236
499,335,309,237,163,223,422,383,868,236
468,301,283,198,133,203,400,360,859,236
466,278,428,321,204,282,424,426,885,236
554,404,275,196,146,211,382,309,852,236
468,330,254,169,123,195,371,311,839,236
514,334,367,296,200,262,349,558,869,236
485,267,423,336,219,297,425,568,872,236
388,306,239,170,129,189,307,311,833,236
622,393,321,255,158,211,424,518,836,236
477,294,321,245,166,238,418,574,877,236
545,393,301,231,162,222,415,315,850,237
498,379,279,205,142,209,402,362,854,237
410,285,282,194,136,206,356,311,836,237
401,271,314,246,180,235,382,359,840,237
498,375,150,107,82,122,414,169,736,237
439,283,361,245,150,240,405,453,863,237
549,375,173,127,90,130,394,336,699,237
380,296,277,189,144,214,430,25,460,237
354,242,300,222,160,224,413,362,843,237
422,310,298,234,174,227,329,522,850,237
696,430,347,299,194,236,437,629,883,237
589,428,216,154,113,171,387,322,822,238
624,363,351,272,175,247,436,428,853,238
438,282,351,245,180,269,486,416,853,238
607,425,377,287,211,288,427,561,866,238
479,262,295,228,145,203,422,501,846,238
472,289,310,223,150,222,409,358,863,238
648,420,235,227,149,171,403,309,735,238
384,296,211,162,126,169,368,304,828,238
474,275,287,221,150,204,472,419,850,238
299,207,269,217,160,205,377,381,845,238
527,336,290,203,145,221,421,464,859,239
431,272,324,249,173,241,403,444,862,239
553,331,311,250,173,219,407,445,862,239
391,281,282,220,160,215,414,345,849,239
502,403,144,128,103,118,317,305,584,239
371,256,252,185,135,196,383,311,862,239
569,338,368,272,184,259,431,604,872,239
409,228,394,312,187,256,414,595,875,239
334,197,307,211,135,216,472,526,870,239
549,333,373,292,200,268,446,575,858,239
648,440,353,266,196,269,425,377,852,239
588,386,335,265,180,233,412,568,862,239
705,458,345,242,171,261,430,324,860,239
597,391,315,219,151,233,422,417,820,240
497,338,334,227,166,260,417,398,857,240
429,247,338,251,168,236,430,583,865,240
365,278,227,181,146,189,383,321,854,240
406,326,205,172,145,174,371,313,827,240
394,274,298,231,177,237,394,304,836,240
490,331,196,150,108,148,401,327,843,240
592,416,247,191,149,194,387,319,845,240
699,407,471,339,203,291,448,547,881,240
592,425,296,194,147,236,378,379,856,240
426,307,245,191,139,187,362,399,847,240
516,330,335,245,159,232,405,335,844,240
546,339,417,318,215,292,431,503,874,241
289,196,274,190,142,213,361,315,846,241
412,282,240,176,133,184,393,320,843,241
553,357,269,207,145,199,413,334,864,241
581,402,269,213,149,198,416,346,860,241
533,373,384,267,187,285,384,390,847,241
441,329,275,205,162,222,384,312,823,241
317,244,176,150,124,145,329,316,814,241
644,372,445,344,237,322,464,641,887,241
569,412,174,137,104,135,334,306,796,241
356,301,147,120,100,127,314,317,724,241
432,306,238,168,128,189,384,318,823,241
610,461,247,177,135,193,372,322,856,241
683,398,427,310,199,296,451,602,883,241
680,468,273,203,138,204,393,370,838,241
486,391,160,132,108,133,329,329,691,241
675,484,356,233,165,265,415,351,855,241
531,377,239,178,136,186,387,321,837,241
525,411,272,190,151,222,393,318,764,242
478,312,310,228,167,242,415,377,866,242
400,294,236,190,152,194,378,325,844,242
317,248,229,162,131,187,348,322,839,242
565,381,285,196,138,210,407,369,853,242
377,277,235,177,138,190,339,306,844,242
319,237,245,192,153,199,382,350,835,242
579,452,158,115,96,135,350,315,773,242
405,254,313,227,147,221,413,436,849,242
245,209,132,87,71,112,299,223,678,242
330,193,316,231,160,224,516,61,521,242
362,259,199,151,121,165,368,319,840,242
554,302,410,301,184,269,437,558,869,242
441,307,244,191,149,195,437,325,840,243
656,464,296,210,158,231,402,319,852,243
439,335,217,162,127,174,365,317,841,243
580,429,283,202,160,236,412,322,818,243
443,284,395,292,190,282,438,620,880,243
497,387,252,209,168,204,388,302,845,243
278,202,254,188,137,193,369,315,846,243
478,330,268,218,172,211,389,498,838,243
587,450,225,191,154,185,397,323,836,243
520,380,185,152,119,146,354,309,827,244
530,341,299,218,154,223,416,378,858,244
381,226,371,306,180,242,328,641,879,244
388,301,180,141,111,143,359,313,821,244
331,256,240,166,129,192,360,304,848,244
361,186,362,266,166,236,388,625,875,244
634,437,389,257,189,303,426,321,834,244
474,290,215,152,102,155,367,311,837,244
595,383,367,269,183,260,429,351,850,244
377,233,360,252,161,251,413,587,858,245
575,380,322,227,154,231,405,401,852,245
527,366,208,161,121,160,378,321,837,245
697,449,348,270,178,242,434,360,851,245
497,369,196,171,136,153,375,320,827,245
434,306,246,188,143,192,399,278,839,245
291,210,214,160,122,172,333,316,840,245
500,315,342,257,170,243,420,520,861,245
663,468,364,258,187,271,416,552,867,245
247,213,236,190,169,208,351,317,833,245
643,398,384,278,188,280,418,534,864,245
432,309,259,194,150,209,382,310,849,245
570,433,233,174,137,190,387,241,829,246
687,492,307,229,169,231,426,351,836,246
393,256,321,240,171,241,384,380,848,246
664,465,184,149,114,144,391,315,814,246
717,473,340,257,163,235,469,588,851,246
459,286,298,231,161,210,416,426,856,246
725,474,399,308,217,292,415,433,876,246
464,334,289,220,176,237,396,337,840,246
696,402,373,269,185,266,482,532,877,246
240,176,215,145,108,167,338,296,847,246
640,391,374,288,194,265,445,522,870,246
580,349,474,360,220,309,454,645,885,246
534,379,251,179,133,193,396,325,826,246
188,153,190,137,111,157,397,313,815,246
558,401,293,217,161,221,412,334,843,246
499,385,231,173,142,193,366,309,829,246
530,384,236,185,143,191,409,321,854,246
446,322,184,129,97,142,373,325,812,246
547,383,283,230,163,208,385,455,849,247
230,178,254,184,134,196,355,308,841,247
423,283,184,169,112,131,380,320,816,247
414,309,211,160,120,166,368,312,811,247
360,224,247,189,132,181,365,333,845,247
547,361,282,223,157,206,409,363,847,247
629,429,328,260,195,252,436,478,784,247
517,321,328,237,155,229,553,325,829,247
369,281,254,172,139,213,368,319,832,247
581,409,408,266,203,322,409,616,876,247
336,257,204,157,130,170,401,333,820,247
719,459,353,277,201,260,428,373,860,247
499,320,370,296,206,273,432,506,861,247
700,458,334,255,172,240,411,465,860,247
408,291,275,191,158,232,389,331,861,247
552,413,314,242,191,250,405,440,843,248
467,322,318,244,174,239,399,328,838,248
485,341,186,152,107,139,378,321,808,248
289,207,202,152,112,155,384,283,823,248
440,264,128,93,63,92,351,673,506,248
397,246,278,195,140,207,392,351,848,248
555,378,253,212,154,190,419,323,851,248
692,362,338,258,149,215,436,536,858,248
529,361,240,176,127,184,402,387,865,248
420,304,274,203,152,210,375,302,826,248
408,303,262,204,159,211,344,396,857,248
455,279,318,250,173,233,407,645,876,249
513,305,319,261,178,224,437,441,867,249
676,421,366,249,173,269,446,543,880,249
519,310,363,264,176,251,467,631,873,249
690,486,348,227,176,276,471,537,746,249
660,462,276,211,147,201,413,341,849,249
536,389,222,158,117,171,391,314,860,249
617,352,431,321,211,305,533,565,882,249
529,284,331,251,155,217,450,645,881,249
311,207,280,243,175,208,356,441,837,249
667,346,471,320,189,296,474,627,905,249
432,318,259,204,156,201,392,355,848,249
712,465,406,314,217,295,428,529,877,250
455,337,194,146,115,158,371,315,844,250
432,321,248,187,139,191,402,322,806,250
729,415,409,328,215,280,442,618,870,250
429,266,207,152,126,172,477,317,849,250
451,263,463,330,205,313,473,635,896,250
341,260,276,217,175,226,466,318,843,250
322,227,251,177,127,192,412,341,852,250
426,296,352,264,198,274,390,442,836,250
340,255,172,122,96,140,397,323,805,250
236,215,114,79,70,102,349,2,202,250
563,418,200,153,118,160,366,328,832,250
574,419,215,149,113,169,385,325,825,251
371,275,238,178,148,197,386,317,835,251
504,286,488,350,221,327,459,646,890,251
613,372,293,221,147,206,502,345,842,251
267,222,132,93,78,112,338,147,783,251
669,417,329,269,179,237,437,643,854,251
438,244,400,296,197,278,351,1023,848,251
345,251,216,191,157,183,376,306,812,251
400,223,311,220,143,219,373,590,866,251
648,338,376,301,178,244,449,611,882,251
496,377,200,158,130,169,403,319,831,252
464,364,145,107,90,124,344,328,776,252
528,330,264,203,128,188,409,371,853,252
364,254,252,200,166,211,470,355,833,252
345,286,209,177,157,183,438,331,818,252
348,220,255,198,148,194,402,328,834,252
714,381,450,342,194,281,458,641,879,252
488,347,201,152,112,152,397,307,816,252
366,262,225,182,135,173,363,317,813,252
462,294,303,223,163,234,454,378,870,252
449,275,411,303,197,291,439,640,889,252
532,329,417,319,224,303,428,345,846,252
482,326,302,225,169,236,399,430,847,252
613,368,419,324,238,305,541,626,866,253
705,473,390,311,228,296,432,542,856,253
652,483,392,295,242,335,446,476,882,253
254,193,184,125,93,143,311,309,732,253
689,467,216,156,123,179,412,666,866,253
541,290,512,384,228,339,463,619,899,253
373,273,238,197,152,191,386,314,819,253
552,372,189,135,98,140,363,328,757,253
417,296,277,245,169,198,395,319,839,253
499,332,264,210,156,198,367,413,829,253
459,289,329,235,168,242,430,593,861,254
540,380,248,183,133,189,396,428,842,254
658,364,379,281,176,252,445,627,868,254
609,415,262,198,144,199,424,331,855,254
439,235,420,326,209,290,444,590,888,254
657,468,365,260,194,284,442,443,874,254
465,311,297,225,164,226,399,489,854,254
500,283,398,308,185,255,429,541,860,254
633,377,439,328,203,295,441,640,866,254
674,479,363,258,213,305,488,146,504,254
469,349,344,215,165,274,373,418,862,254
521,301,399,293,214,305,511,501,879,254
396,288,211,146,114,172,360,320,830,254
403,276,203,149,113,158,368,321,836,254
552,333,371,279,200,273,429,374,854,254
433,309,200,154,112,153,354,315,839,254
467,352,174,138,116,147,359,297,821,254
344,208,318,233,143,204,356,556,873,254
501,268,458,331,215,314,439,655,894,255
386,244,404,302,190,268,419,544,870,255
535,392,201,171,131,160,368,315,814,255
403,289,243,181,142,191,375,335,834,255
659,396,240,209,161,190,451,370,846,255
358,244,244,180,137,192,401,319,847,255
485,284,502,363,220,338,526,659,903,255
462,322,223,176,141,179,393,321,822,255
406,286,244,190,148,192,392,321,835,255
658,430,341,268,180,241,433,642,883,256
464,300,314,240,174,236,380,499,857,256
406,247,378,268,165,254,449,554,879,256
372,273,252,180,139,199,376,307,840,256
458,324,299,213,164,242,402,498,849,256
514,265,455,331,203,297,460,648,897,256
373,240,340,217,148,242,391,362,858,256
519,376,294,223,167,226,382,350,849,257
511,380,232,151,105,175,374,321,844,257
367,219,241,191,134,178,407,315,837,257
378,241,338,283,190,246,440,326,856,257
447,339,149,107,87,126,342,318,681,257
731,449,403,284,196,298,494,508,866,257
581,404,321,281,198,235,416,312,851,257
664,455,335,275,211,264,415,450,861,257
538,347,273,200,135,196,405,339,855,257
698,426,403,287,193,285,454,548,870,257
629,397,327,281,194,244,427,563,869,257
424,335,243,167,137,206,355,316,818,257
479,335,233,173,133,184,378,320,844,257
395,245,337,241,161,239,438,476,859,257
534,377,292,203,155,231,415,426,857,257
588,313,520,382,214,318,490,657,883,257
481,349,207,156,116,163,359,317,816,257
377,302,253,177,142,212,358,323,846,258
553,393,305,210,155,237,399,361,867,258
616,433,249,181,134,193,389,331,834,258
628,497,332,225,174,263,485,187,514,258
570,382,347,267,186,254,426,512,852,258
544,385,273,203,160,222,391,328,822,258
506,283,425,312,203,302,526,447,894,258
578,333,416,291,182,288,482,591,886,258
487,342,201,150,107,148,361,312,821,258
610,406,369,282,186,266,426,623,867,258
469,273,376,290,193,261,432,526,862,259
364,297,179,147,128,155,315,316,820,259
698,414,392,284,190,281,436,633,876,259
363,226,276,201,146,210,406,306,869,259
308,241,204,149,115,166,349,307,820,259
536,368,304,228,173,239,422,320,847,259
352,258,203,172,137,163,359,315,832,259
330,234,158,105,81,124,338,643,515,259
314,267,151,117,103,134,377,154,641,259
441,304,331,261,194,254,337,502,869,259
428,292,145,114,79,105,352,611,455,259
593,435,256,183,140,204,395,332,844,259
474,303,301,241,173,232,404,318,848,259
442,300,344,241,171,250,393,359,862,259
317,206,198,169,122,148,385,314,809,259
623,316,440,352,206,274,439,739,891,259
518,339,341,250,176,258,425,497,881,260
296,215,309,220,156,228,450,323,822,260
243,172,223,188,126,159,267,476,862,260
616,389,351,235,158,253,432,555,860,260
435,290,301,223,173,235,410,478,862,260
458,337,151,112,86,119,325,317,717,260
390,238,350,271,181,253,372,537,871,260
251,179,228,178,138,182,306,299,826,260
320,207,266,200,134,195,352,453,855,260
404,278,249,199,153,194,402,311,830,260
467,286,252,190,130,180,394,334,841,260
534,326,342,284,175,229,428,595,878,261
537,274,200,130,62,103,393,444,452,261
669,477,265,194,144,202,427,402,854,261
268,184,252,202,151,202,391,306,824,261
424,295,367,301,209,260,423,399,855,261
548,385,265,211,154,200,410,332,837,261
590,456,246,187,153,204,363,307,848,261
440,331,229,192,159,190,436,320,793,261
484,333,217,149,110,170,360,309,843,261
611,411,375,285,200,281,415,593,852,261
360,269,232,161,130,194,377,338,841,261
618,367,374,293,203,273,445,507,854,262
382,259,279,212,154,213,386,510,858,262
468,304,224,159,130,188,428,349,813,262
456,309,246,165,112,178,400,311,858,262
443,257,391,305,201,276,412,641,883,262
210,197,98,66,63,95,309,1,215,262
559,382,286,198,148,224,478,419,858,262
623,452,242,180,144,192,489,309,817,262
360,232,361,273,192,264,482,409,848,262
373,249,341,271,176,238,443,385,851,262
414,265,288,223,152,214,386,330,847,263
570,383,338,244,169,247,405,409,847,263
450,321,274,203,157,222,389,308,844,263
570,352,374,280,194,278,426,597,857,263
651,391,356,288,195,253,429,574,866,263
356,245,281,203,143,214,396,331,858,263
403,251,340,265,173,240,425,509,875,263
658,434,405,281,190,291,401,337,856,263
304,226,234,182,141,185,372,310,847,263
571,426,228,164,131,184,390,322,847,263
458,369,247,172,142,207,448,315,819,263
428,296,267,201,151,208,388,319,833,263
476,335,341,262,185,250,391,331,851,264
426,323,230,163,122,178,348,286,827,264
378,228,412,292,178,274,440,580,845,264
512,349,286,203,142,211,404,423,860,264
510,289,145,107,66,95,356,664,420,264
544,377,299,227,169,233,404,433,851,264
552,402,275,188,135,207,399,318,860,264
722,457,524,360,242,381,469,633,884,264
597,409,241,174,123,178,399,329,850,264
510,348,332,234,166,245,366,445,852,265
284,199,346,236,162,254,395,562,876,265
571,418,284,216,167,226,407,337,841,265
502,301,420,303,201,297,429,637,884,265
479,323,351,264,197,263,400,595,875,265
653,465,269,199,145,205,423,335,839,265
312,260,180,150,124,149,320,303,836,265
560,282,193,141,81,122,367,639,414,265
546,346,384,272,185,279,438,540,854,265
725,441,394,309,210,279,487,558,866,265
598,379,288,232,162,204,410,443,855,265
403,259,316,233,164,239,398,560,855,265
656,433,289,217,155,215,416,349,857,266
479,309,298,236,163,216,395,427,844,266
312,239,241,157,126,200,332,300,841,266
536,417,236,170,138,196,398,328,850,266
615,393,375,274,184,262,413,537,877,266
337,308,116,90,85,108,377,1,200,266
615,391,302,230,153,214,390,325,850,266
515,355,304,215,163,234,460,391,850,266
428,319,252,198,154,200,387,332,846,266
451,343,284,208,161,228,388,320,833,266
509,349,354,292,206,264,382,634,880,266
440,314,240,189,143,189,398,316,849,266
657,443,304,243,172,228,382,315,816,266
460,271,292,235,170,216,407,482,848,267
558,407,270,192,151,214,383,400,854,267
516,422,143,112,98,127,332,310,798,267
667,390,357,266,178,251,489,557,874,267
658,492,232,162,128,186,394,321,833,267
406,277,270,194,129,196,363,307,830,267
499,346,317,244,175,243,370,477,850,267
509,381,218,184,147,169,395,319,832,267
503,381,263,193,157,221,383,322,843,267
455,322,248,187,140,191,393,334,842,267
502,313,355,274,182,253,416,452,854,267
605,339,365,271,194,262,498,580,882,267
374,247,249,178,133,197,379,312,830,267
422,304,322,248,197,264,469,340,853,267
501,332,290,214,149,211,377,418,861,267
493,312,280,192,129,201,429,343,845,268
612,451,221,176,139,185,401,318,816,268
316,276,121,95,85,107,328,128,799,268
427,338,186,157,131,153,350,312,831,268
661,452,429,343,237,309,476,653,871,268
288,187,241,182,130,180,399,315,836,268
420,327,245,178,157,216,360,320,843,268
525,386,168,116,73,112,504,330,811,268
389,301,149,109,91,124,341,322,711,268
417,286,263,173,125,207,376,310,851,269
503,342,369,272,202,288,420,289,851,269
666,443,363,273,198,278,424,642,877,269
417,293,172,142,108,133,356,320,813,269
420,302,245,188,147,197,390,322,835,269
579,436,245,184,149,199,375,312,813,269
520,354,272,200,156,214,402,386,848,269
354,243,196,170,127,156,364,307,826,269
608,400,209,154,111,158,380,330,826,269
389,255,273,186,126,202,433,385,846,269
632,411,358,260,193,271,407,408,856,270
452,289,378,283,205,283,443,482,862,270
641,391,298,259,169,205,442,341,855,270
519,367,310,236,162,223,407,298,859,270
509,362,234,222,173,188,386,315,847,270
242,189,216,163,126,174,353,135,795,270
524,302,390,288,184,262,494,393,840,270
732,426,393,297,195,275,432,628,876,270
466,275,367,287,190,256,427,444,864,270
370,272,265,192,137,201,365,311,841,270
354,240,227,177,127,173,377,313,830,270
338,236,254,205,165,201,384,329,838,270
669,446,308,265,192,234,418,331,858,270
432,334,123,92,76,102,344,322,591,270
500,343,338,247,188,261,401,530,857,270
461,325,348,259,198,279,409,362,854,270
645,415,271,212,147,197,407,313,853,270
469,342,166,120,86,125,374,331,800,271
341,262,157,127,104,128,343,311,684,271
572,437,142,126,105,119,349,318,632,271
649,385,367,268,164,242,441,508,860,271
633,411,382,299,203,270,434,591,871,271
396,310,236,170,143,203,393,318,844,271
624,377,382,297,186,264,454,648,864,271
716,477,404,284,210,310,436,405,868,271
606,379,289,232,157,206,416,385,855,272
587,385,348,248,175,255,418,318,861,272
688,368,390,294,186,259,452,619,874,272
351,280,221,167,140,186,335,306,827,272
408,302,246,183,139,195,364,312,835,272
314,207,229,161,102,157,383,321,843,272
506,352,255,191,141,193,561,6,510,272
588,391,278,222,168,215,422,479,851,272
276,215,273,203,151,213,367,348,836,272
433,317,205,154,123,167,378,368,839,273
537,382,295,230,169,223,397,440,849,273
675,431,133,99,65,91,400,651,483,273
373,253,298,238,165,216,277,557,850,273
219,173,211,154,126,172,356,329,825,273
535,389,246,188,147,204,384,316,852,273
499,358,222,170,129,170,370,386,847,273
423,312,418,303,251,352,524,158,830,274
555,385,285,218,164,221,412,447,854,274
595,404,394,289,216,303,441,381,846,274
330,239,248,169,123,187,332,318,843,274
464,343,248,187,132,182,386,307,831,274
405,311,136,102,82,111,328,325,795,274
509,287,494,368,236,334,462,628,897,274
467,358,203,166,132,164,355,315,842,274
627,435,306,261,188,230,385,329,852,274
462,353,205,160,119,156,350,403,848,274
454,294,293,210,151,218,413,412,857,275
658,389,353,257,174,250,428,541,858,275
458,348,158,122,98,129,332,320,790,275
328,242,315,214,163,244,393,350,845,275
294,201,210,168,127,165,332,310,832,275
450,287,382,279,184,269,387,541,883,275
470,320,184,153,128,153,440,324,829,275
403,297,185,146,110,144,351,319,828,275
453,250,336,268,162,218,406,627,884,275
385,284,331,257,197,261,368,314,848,275
556,390,281,204,144,205,401,328,858,275
476,308,256,189,131,187,408,331,834,276
434,280,303,229,165,236,407,307,835,276
479,321,333,275,186,238,452,416,870,276
372,226,205,148,84,125,374,629,676,276
420,333,227,171,147,200,427,102,449,276
460,274,376,273,171,251,422,538,866,276
557,403,213,173,136,172,378,322,828,276
408,292,225,170,129,179,360,315,825,276
203,149,252,172,131,201,333,297,822,276
651,403,212,185,129,153,486,316,843,276
387,280,259,210,172,209,439,307,811,276
482,334,203,139,107,164,374,321,792,276
678,450,359,291,210,266,445,476,853,276
343,237,228,191,145,179,358,306,833,277
305,155,167,118,71,109,431,705,873,277
297,190,293,237,158,203,366,429,853,277
447,335,270,208,161,212,373,428,865,277
469,337,260,182,131,195,399,330,848,277
378,252,394,296,191,276,301,627,880,277
340,224,349,272,189,258,357,433,849,277
332,275,202,137,115,175,335,140,747,277
657,364,523,369,219,326,465,643,904,277
271,219,143,121,100,120,293,311,826,277
459,308,309,267,187,228,369,468,856,278
290,227,240,183,143,192,330,299,816,278
549,396,256,210,168,204,412,390,839,278
583,432,182,135,105,147,347,313,840,278
415,307,126,99,79,103,369,264,512,278
448,286,374,261,189,278,423,508,852,278
552,363,335,255,190,256,421,396,850,278
331,235,220,151,109,168,369,322,829,278
278,240,169,127,118,156,368,2,206,278
645,387,370,259,172,263,446,572,859,279
477,369,260,196,153,209,387,320,818,279
526,399,265,178,136,211,385,301,855,279
731,468,527,401,274,373,454,595,859,279
614,399,266,204,157,212,503,307,844,279
564,399,238,170,111,169,371,313,841,279
471,309,300,205,146,222,403,391,864,279
428,308,257,194,147,200,420,303,834,279
531,395,206,176,140,165,369,314,836,279
488,358,322,222,162,246,376,319,854,279
475,352,146,107,84,118,359,317,823,280
468,337,269,200,155,216,375,323,838,280
428,265,298,240,147,200,367,580,859,280
591,417,325,259,185,245,403,324,852,280
312,216,286,214,166,225,390,317,833,280
519,372,233,175,137,187,395,321,827,280
545,407,224,170,131,176,367,306,835,280
508,319,310,230,153,220,424,474,876,280
528,355,409,294,215,314,478,322,845,281
674,443,253,208,160,198,456,393,844,281
400,275,313,246,179,238,414,371,862,281
726,436,470,370,255,330,460,668,880,281
503,305,329,254,167,226,406,634,864,281
639,446,319,252,181,243,430,358,829,281
358,238,289,198,136,211,419,363,865,281
362,227,360,249,165,258,417,556,866,281
725,433,470,342,232,343,448,636,884,281
390,273,141,110,82,107,316,314,756,281
327,239,259,182,137,204,392,324,843,281
403,207,412,295,168,261,441,568,857,281
592,395,239,197,137,172,392,313,848,281
582,328,361,255,160,244,438,606,870,281
458,399,217,130,113,188,459,10,516,281
455,313,363,296,200,254,375,636,857,281
428,340,205,178,164,186,363,314,810,281
486,317,268,205,152,209,402,393,847,281
362,246,310,221,172,249,466,383,855,281
347,230,233,180,125,172,376,313,844,281
359,266,259,192,164,221,395,295,837,281
436,320,215,149,119,174,354,323,831,282
575,347,323,252,167,220,388,523,874,282
447,299,307,251,178,231,399,312,832,282
529,321,126,91,58,86,373,625,503,282
567,369,125,105,71,90,356,628,468,282
553,396,207,159,118,160,378,305,851,282
236,177,271,173,129,215,380,331,843,282
641,455,230,178,131,173,400,414,851,282
566,397,257,210,168,208,457,327,856,282
434,250,358,260,167,242,381,601,885,282
419,288,210,160,113,157,359,318,833,282
471,335,290,237,168,214,444,336,839,282
269,222,187,146,116,152,313,311,823,283
718,483,275,197,136,199,405,387,864,283
576,370,317,242,170,229,423,341,877,283
431,270,376,251,166,259,416,482,895,283
355,282,199,142,111,159,342,312,741,283
374,254,309,220,151,224,418,388,850,283
404,266,243,176,129,186,384,337,831,283
303,237,148,109,89,124,438,74,489,283
395,308,160,117,93,131,315,301,658,283
476,304,276,203,148,210,410,358,828,283
678,409,357,260,177,258,428,504,855,283
707,438,509,332,202,340,454,599,869,283
488,358,177,137,110,146,351,317,823,283
643,488,189,134,105,152,366,325,804,283
646,391,374,286,197,271,425,532,888,283
156,136,141,109,90,120,234,316,825,284
491,366,250,185,140,200,376,298,824,284
714,437,381,305,211,272,434,610,866,284
543,380,198,160,134,166,434,315,839,284
655,433,285,213,146,212,421,334,836,284
508,409,179,153,128,151,353,314,840,284
478,280,277,207,139,195,394,461,843,284
242,191,179,156,127,146,316,308,779,284
587,326,462,350,213,303,397,643,872,284
261,180,319,214,150,243,392,301,846,284
468,358,211,176,143,179,375,322,844,284
665,361,397,281,173,264,451,631,876,284
349,263,267,179,136,212,369,321,778,284
185,173,200,167,138,168,410,13,459,284
242,164,247,195,146,193,367,336,852,284
586,401,340,238,177,263,417,336,851,285
532,370,303,227,160,230,407,471,865,285
547,303,392,293,177,256,450,639,871,285
445,333,252,195,154,197,383,313,850,285
277,233,153,105,97,140,431,168,576,285
409,291,259,185,136,200,433,337,845,285
556,396,324,237,192,265,477,413,860,285
622,333,431,323,168,236,454,633,884,285
578,292,401,323,204,270,523,658,884,285
460,307,309,259,187,228,523,370,861,285
598,351,366,268,182,268,422,606,836,285
487,292,410,313,199,280,448,653,889,285
359,252,347,249,177,262,378,381,850,286
559,411,247,187,148,199,406,327,812,286
436,288,251,199,141,185,399,324,851,286
452,307,363,264,191,268,343,612,877,286
531,440,205,147,127,178,496,92,428,286
358,253,265,206,159,213,380,352,843,286
289,208,343,264,197,257,291,581,855,286
381,296,279,224,178,224,349,299,841,286
522,388,336,267,206,263,479,379,854,286
467,336,167,133,102,134,352,320,793,286
665,459,316,238,173,244,400,415,842,286
723,468,375,278,192,269,477,407,856,286
561,332,311,233,156,217,416,556,870,286
642,436,262,215,158,200,408,783,836,286
595,445,216,165,130,172,390,319,820,287
379,239,411,280,169,274,446,633,885,287
489,353,246,204,157,193,396,316,852,287
342,265,191,155,124,158,376,308,858,287
499,361,328,259,201,257,415,365,842,287
504,393,305,199,162,255,381,318,842,287
489,331,392,266,187,294,417,518,852,287
697,374,325,259,135,174,450,564,841,287
554,379,272,218,160,208,418,313,854,287
420,307,248,172,129,187,325,429,849,287
447,277,361,259,185,274,412,308,859,287
328,281,166,118,104,147,421,91,438,287
416,293,231,185,146,183,368,311,852,287
402,267,314,250,184,235,408,405,847,288
537,386,180,139,104,140,390,328,811,288
582,358,395,287,190,281,425,505,855,288
505,377,319,208,158,252,383,377,839,288
294,196,281,239,181,218,377,370,837,288
619,427,219,173,125,167,409,331,846,288
467,377,203,173,135,160,351,313,844,288
506,372,267,224,170,205,388,294,837,288
452,255,351,289,191,250,419,501,862,288
284,252,121,94,83,107,262,308,643,288
506,298,322,248,159,216,422,401,854,288
541,396,240,171,130,185,379,320,850,288
712,468,234,207,164,192,493,312,817,288
494,345,296,219,173,244,400,306,838,288
564,337,346,272,169,234,401,626,875,288
255,198,200,154,120,162,296,319,828,289
327,211,268,202,157,210,460,308,846,289
493,325,309,253,186,235,419,488,844,289
352,251,252,194,145,198,385,314,836,289
606,350,379,291,183,248,436,565,871,289
439,262,335,246,162,235,409,602,867,289
567,415,314,230,172,244,400,410,845,289
348,224,293,220,160,219,372,411,853,289
597,366,390,294,195,277,445,648,867,289
382,238,365,286,186,253,381,554,888,289
426,282,217,180,125,154,465,309,855,290
389,307,224,162,131,183,360,313,833,290
503,380,230,193,152,183,425,310,831,290
452,343,162,126,102,135,347,323,768,290
732,422,282,207,145,210,425,638,856,290
242,167,189,122,83,137,398,366,860,290
432,310,213,190,146,172,388,312,833,290
493,354,238,175,132,182,404,323,835,290
617,367,422,291,183,290,460,587,877,290
677,456,410,294,213,305,536,482,879,290
498,293,305,224,149,215,406,378,850,290
659,427,133,112,78,96,375,641,397,290
486,319,240,201,143,181,388,326,842,290
363,221,222,167,118,161,357,416,849,291
467,290,377,292,196,267,447,624,874,291
447,297,269,220,156,195,407,352,853,291
323,219,270,204,154,212,379,326,843,291
331,246,232,181,145,192,357,310,822,291
375,296,184,154,129,154,428,67,399,291
581,421,225,182,140,177,388,325,834,291
433,275,268,194,146,206,479,352,863,291
332,197,331,260,163,219,307,641,869,291
408,230,349,263,170,244,428,614,867,291
346,253,206,153,121,169,363,192,829,292
529,306,295,226,143,204,415,617,876,292
498,340,298,216,158,231,402,314,832,292
452,338,378,255,206,315,450,320,837,292
553,349,342,255,182,258,423,486,860,292
477,340,229,166,131,184,372,311,833,292
451,236,412,317,198,270,445,656,869,292
698,429,384,304,207,276,441,538,862,292
684,459,237,174,123,177,356,424,859,292
610,465,216,171,133,173,379,322,834,292
514,334,307,207,144,227,405,360,859,292
446,325,180,138,105,145,371,325,826,292
361,259,259,182,135,206,365,323,853,292
425,340,193,157,122,153,313,296,818,292
623,446,395,257,192,310,405,486,862,292
624,392,422,359,247,302,438,407,873,292
398,266,284,214,164,222,402,321,846,293
486,355,265,213,162,208,384,313,850,293
655,420,270,207,153,208,423,407,845,293
531,392,290,233,190,232,397,475,833,293
606,351,187,136,96,139,431,608,853,293
485,305,312,252,181,230,478,638,863,293
365,241,249,178,122,183,370,295,867,293
699,493,315,245,187,244,421,448,874,293
465,307,248,211,148,181,404,325,850,294
301,198,158,113,75,110,362,671,519,294
201,167,150,121,96,122,248,314,822,294
688,441,229,176,127,170,482,333,847,294
176,159,105,72,70,100,353,20,637,294
424,302,197,144,111,158,375,309,840,294
613,402,383,267,189,281,493,450,860,294
409,247,282,202,135,197,413,447,866,295
428,224,400,304,165,236,471,620,868,295
649,445,292,264,201,224,398,430,843,295
444,264,123,88,57,83,362,661,471,295
525,362,324,234,160,235,379,310,839,295
577,368,331,250,173,245,431,486,859,295
310,179,233,178,115,157,436,404,860,295
486,283,427,289,181,290,453,629,886,295
613,392,328,268,187,244,414,534,853,295
457,248,399,308,194,269,461,517,871,295
476,359,200,164,136,167,360,316,820,295
518,347,317,230,161,232,424,415,859,295
334,232,322,215,159,244,416,408,850,296
363,274,236,184,151,195,383,302,857,296
667,441,325,241,169,242,422,514,861,296
492,354,275,208,149,202,377,474,850,296
586,372,333,242,165,241,414,536,859,296
689,465,321,241,175,248,434,422,848,296
492,346,278,226,160,204,388,353,848,296
327,250,293,233,191,244,393,313,830,296
430,311,317,220,166,248,499,323,867,296
525,407,193,165,133,160,360,321,827,296
464,346,183,131,104,148,344,329,823,297
290,150,217,173,116,150,448,355,851,297
715,466,322,252,176,238,445,417,838,297
362,285,282,200,142,215,494,299,881,297
391,300,252,182,141,202,465,316,843,297
638,472,256,200,151,196,413,327,825,297
678,385,471,368,222,300,389,743,896,297
287,221,254,166,127,203,369,327,857,297
683,480,312,209,153,238,408,328,837,297
572,389,299,236,182,236,456,395,847,298
374,268,287,221,159,213,384,339,849,298
409,249,294,220,150,211,396,475,862,298
190,144,208,149,114,167,289,303,834,298
355,211,274,194,138,205,453,316,835,298
503,302,268,203,132,184,405,508,854,298
292,215,204,150,116,165,316,304,820,298
374,243,274,224,168,216,390,330,832,298
338,217,338,263,176,238,399,432,849,298
691,414,513,344,236,373,615,373,653,298
726,440,336,268,177,237,457,586,875,298
534,384,285,216,175,235,400,362,851,298
503,362,177,134,97,137,367,316,807,298
416,266,307,237,162,219,409,445,860,298
329,282,206,152,135,183,428,140,386,299
375,279,150,117,91,121,339,321,743,299
561,320,513,383,208,295,555,698,896,299
675,440,114,92,64,84,356,639,515,299
524,274,242,154,86,149,476,611,864,299
647,432,358,273,212,280,430,451,856,299
388,218,387,289,188,262,466,679,886,299
501,397,201,174,143,169,375,312,828,299
374,184,202,127,79,133,420,640,877,299
512,296,355,263,198,274,481,351,840,299
508,368,208,155,116,159,403,307,841,299
300,256,158,125,106,138,317,317,794,299
403,288,294,217,168,234,407,346,838,299
395,284,260,212,168,211,376,334,843,299
464,371,213,178,147,179,348,306,818,299
388,254,269,225,156,194,373,307,824,299
295,219,128,92,74,109,409,155,729,300
507,339,341,264,217,290,478,569,855,300
523,386,235,200,151,180,372,307,833,300
634,395,365,264,182,262,410,510,858,300
660,414,273,227,149,184,475,324,845,300
424,314,289,229,178,231,458,326,837,300
707,466,332,233,158,247,430,364,831,300
589,417,297,239,182,233,415,454,855,300
718,480,317,236,167,240,403,428,847,300
510,385,258,194,150,197,381,326,831,300
440,346,233,166,127,190,357,316,817,300
555,367,153,102,74,120,381,680,468,300
378,293,245,181,139,194,359,347,849,300
555,340,307,245,167,217,427,383,843,300
697,462,328,258,205,266,501,555,863,300
364,319,196,144,121,167,402,2,202,300
318,228,252,192,141,189,386,364,801,300
534,409,217,171,126,163,398,319,838,300
602,348,334,263,170,232,402,604,878,300
645,439,420,318,242,328,456,615,872,301
534,426,131,98,78,106,572,2,490,301
537,316,392,315,192,254,431,629,878,301
270,183,284,233,153,197,260,599,866,301
557,370,317,249,171,233,403,306,852,301
449,328,286,220,165,220,350,484,860,301
442,309,233,159,116,177,364,325,828,301
483,337,222,180,131,169,394,312,846,301
626,384,488,353,231,334,456,607,881,301
520,390,194,154,114,153,373,314,822,301
421,323,256,187,137,193,330,315,826,301
323,241,242,183,152,204,363,339,766,301
549,378,299,236,166,224,424,387,856,301
423,263,291,189,131,215,392,352,850,301
403,311,280,202,143,214,438,2,193,302
655,392,354,270,182,249,416,613,891,302
474,394,147,122,108,129,323,317,731,302
555,328,443,339,223,312,379,788,894,302
372,226,300,222,142,203,384,466,862,302
269,193,209,153,114,163,312,303,830,302
592,448,290,208,161,226,408,340,848,302
195,149,143,121,97,116,250,314,774,302
485,395,189,131,114,165,358,313,819,302
590,353,537,409,259,361,530,636,878,302
709,448,391,311,211,277,441,525,854,302
226,157,183,146,110,141,323,323,827,303
498,380,271,190,154,225,362,353,846,303
432,323,203,155,121,165,358,318,803,303
371,286,214,165,129,172,369,313,850,303
526,378,238,193,153,194,485,317,828,303
394,232,280,217,139,190,407,485,848,303
556,402,207,158,126,168,407,337,830,303
307,235,166,138,111,138,359,220,815,303
402,296,301,212,158,228,380,308,845,303
261,172,273,221,152,197,278,501,850,303
729,481,337,263,186,256,406,499,850,303
554,429,204,162,137,173,383,328,842,303
710,452,149,121,79,107,442,689,511,303
551,408,347,229,172,274,423,354,868,304
657,444,284,203,140,198,390,316,837,304
381,286,235,158,122,191,362,310,841,304
494,359,299,229,172,228,402,415,871,304
640,427,324,261,184,248,410,334,848,304
495,326,279,228,162,208,404,319,843,304
563,400,112,81,175,243,534,87,745,305
628,418,417,277,184,294,424,623,872,305
390,279,303,230,172,235,371,310,846,305
403,248,371,289,190,264,373,612,890,305
543,399,240,165,124,186,388,315,844,305
623,436,231,189,137,173,383,334,825,306
618,430,258,208,149,192,417,324,846,306
693,458,251,179,128,189,371,312,845,306
470,307,278,225,166,215,388,504,865,306
604,447,316,240,195,261,494,343,823,306
647,473,165,120,88,125,399,648,514,306
660,450,368,287,213,280,424,348,850,306
610,396,303,253,175,225,413,447,846,306
192,162,112,85,74,99,348,1,200,306
413,283,228,162,114,169,371,317,850,306
603,388,370,272,185,258,418,436,845,306
707,443,423,283,178,283,455,633,888,306
473,330,314,216,158,242,408,331,849,306
456,298,265,192,142,204,404,372,854,307
536,315,389,292,183,259,432,596,877,307
427,335,189,147,117,156,385,317,835,307
472,322,309,233,159,225,416,306,843,307
503,391,199,161,133,166,349,315,846,307
398,263,371,294,200,259,339,614,882,307
268,226,98,70,62,90,334,149,487,307
312,231,219,148,114,175,371,317,804,307
431,285,185,140,97,134,367,321,821,307
646,464,247,184,139,198,397,349,851,307
403,234,314,236,155,229,418,457,852,307
262,224,258,170,147,222,502,18,695,307
608,420,496,369,270,379,442,637,889,308
432,318,235,194,156,192,352,295,840,308
506,370,245,194,147,193,383,325,819,308
377,264,222,172,131,172,381,309,828,308
331,269,126,96,82,110,322,322,706,308
689,487,348,238,174,263,411,401,815,308
667,481,268,232,177,213,405,310,849,308
470,336,192,145,124,165,440,320,809,308
330,247,130,87,63,98,327,613,509,308
544,411,232,187,148,191,388,310,827,308
277,191,296,209,152,222,351,323,847,308
418,324,278,201,168,236,468,319,844,308
296,245,197,168,135,161,315,291,805,308
284,240,131,100,82,110,429,70,513,308
497,335,273,209,170,221,420,384,848,308
291,200,258,207,150,195,373,309,835,309
626,430,244,205,151,182,390,322,855,309
504,363,185,156,119,144,388,323,845,309
642,470,273,205,152,210,408,309,850,309
406,302,160,108,84,126,343,323,826,309
661,445,324,236,165,236,427,303,848,309
197,146,235,170,128,185,306,306,840,309
596,369,353,251,191,274,463,592,876,309
611,454,226,169,129,179,380,318,836,309
367,326,124,81,73,111,363,124,626,310
598,436,265,226,176,206,409,335,849,310
380,291,348,269,202,270,352,628,872,310
351,243,193,151,113,152,369,355,851,310
724,390,493,327,190,310,507,661,896,310
307,247,165,121,105,147,365,1,178,310
592,372,425,309,203,298,453,644,881,310
561,416,312,250,186,239,419,314,805,310
585,372,356,267,196,270,435,467,836,310
415,285,255,189,136,190,375,302,829,310
567,417,195,130,97,154,350,302,825,310
628,481,189,140,117,159,383,317,834,310
473,297,379,288,195,275,423,496,859,310
701,465,317,252,191,241,436,501,863,310
559,404,290,200,143,218,399,314,840,310
404,289,243,184,136,186,382,329,854,311
620,413,311,233,180,246,528,334,860,311
378,257,333,226,163,253,384,476,856,311
474,282,444,318,209,315,445,633,862,311
532,347,225,182,127,162,393,309,842,311
363,233,256,192,141,195,374,313,841,311
318,200,363,256,179,262,427,450,860,311
563,404,286,212,163,225,424,307,828,311
393,252,304,216,155,229,505,380,857,311
541,360,157,120,91,120,363,650,471,312
462,308,320,253,174,230,357,546,870,312
541,366,269,193,140,206,407,314,844,312
578,360,392,275,177,272,425,563,867,312
482,356,137,107,83,109,353,321,646,312
645,452,359,248,181,272,429,314,836,312
632,406,301,230,152,213,426,467,862,312
470,320,253,177,123,191,398,371,835,313
715,472,292,250,174,214,423,447,849,313
335,250,320,221,177,268,380,294,843,313
577,368,444,312,207,309,457,529,850,313
655,447,292,204,144,215,410,424,835,313
681,380,355,281,159,207,498,532,832,313
446,283,371,248,173,279,393,502,879,313
621,422,329,250,176,246,420,401,846,313
422,332,274,219,169,213,312,501,854,313
332,208,336,278,194,248,372,557,875,313
663,366,437,325,194,281,442,606,865,314
492,308,284,203,143,212,498,315,833,314
305,252,221,159,137,193,335,172,804,314
661,464,287,197,138,217,385,389,839,314
320,213,318,211,142,233,403,329,866,314
385,263,252,176,122,183,369,299,822,314
356,244,197,142,108,157,364,312,814,314
441,340,218,176,140,178,366,320,850,314
485,369,138,110,91,117,356,274,588,314
392,267,243,187,138,186,376,317,848,314
497,320,358,270,186,259,419,604,890,314
414,326,162,139,117,137,327,310,813,314
361,280,293,205,163,239,460,372,835,314
626,417,386,282,194,283,405,348,855,315
455,348,229,174,137,185,364,285,808,315
496,274,419,312,195,277,461,664,872,315
455,340,222,130,95,167,565,4,519,315
706,485,358,253,190,286,407,325,798,315
561,421,194,150,121,160,381,323,829,315
545,394,237,184,137,187,389,328,837,315
396,259,443,343,223,308,528,364,881,315
576,362,308,231,178,245,445,410,867,315
368,273,242,167,132,192,340,296,839,315
554,386,254,183,132,188,373,348,858,315
640,435,477,347,237,340,420,549,878,316
488,354,290,198,152,230,401,416,848,316
708,487,300,233,166,223,420,315,851,316
479,295,456,340,219,318,456,603,884,316
536,394,252,186,135,191,400,317,844,316
302,208,319,231,163,233,394,379,862,316
731,449,333,260,172,230,494,490,857,316
667,449,334,250,191,265,431,453,841,316
431,330,181,129,100,146,352,308,824,316
267,226,124,87,69,103,321,318,521,316
428,311,229,177,139,183,394,303,852,317
474,348,267,242,206,226,432,407,850,317
510,330,257,192,132,184,403,325,831,317
532,352,331,246,168,241,388,490,860,317
328,251,222,154,118,178,373,382,839,317
332,241,186,136,97,140,349,298,847,317
592,388,382,287,195,272,387,434,858,318
574,358,363,253,148,224,529,435,834,318
535,271,383,304,179,237,443,400,863,318
465,319,262,205,157,206,391,366,854,318
652,454,286,225,168,217,414,491,864,318
490,320,426,289,205,317,440,601,877,318
442,319,230,177,137,188,358,318,805,318
536,381,283,204,149,216,386,362,861,318
659,448,335,259,186,250,430,374,854,318
311,233,159,123,99,129,319,317,736,318
536,395,312,235,187,259,383,329,837,318
666,453,306,240,191,253,438,430,876,319
670,413,293,235,163,212,471,383,846,319
484,359,280,215,167,225,391,316,837,319
582,404,280,207,148,208,381,395,837,319
608,416,306,240,172,223,396,553,887,319
493,243,415,310,176,259,469,634,883,319
523,344,402,274,191,292,424,598,867,319
340,200,282,221,144,193,383,553,860,319
680,449,354,269,197,270,428,455,867,319
424,299,273,205,154,209,406,397,851,320
608,417,385,271,198,294,398,381,854,320
460,317,301,228,174,237,390,420,851,320
553,382,264,212,163,209,409,358,842,320
553,393,258,191,151,207,401,323,810,320
653,481,253,215,168,200,397,284,843,320
549,369,336,254,179,249,412,447,861,320
346,286,197,157,130,161,324,305,833,320
724,454,367,275,196,273,444,575,874,320
591,399,293,212,160,235,404,316,836,320
633,379,449,331,213,303,449,570,877,320
490,363,251,204,154,193,398,327,829,320
679,374,537,426,234,314,416,850,903,320
384,241,364,256,161,255,429,474,849,320
593,362,322,256,172,223,430,463,870,321
412,281,227,191,147,178,394,322,827,321
493,369,180,135,107,147,371,328,747,321
229,145,225,171,121,164,393,322,825,321
486,374,232,176,143,193,411,322,858,321
557,395,311,239,189,248,411,355,854,321
601,403,248,186,137,189,469,336,842,321
530,411,202,150,120,165,365,326,766,321
444,347,359,278,226,298,483,72,761,321
504,363,277,229,165,208,373,339,840,321
447,331,271,205,162,221,402,339,861,322
511,352,273,218,170,215,400,375,844,322
593,395,279,235,159,203,416,321,851,322
446,284,311,259,193,236,482,324,840,322
440,318,198,161,124,155,381,310,806,322
625,343,312,231,179,245,531,339,845,322
403,308,194,142,114,159,371,311,820,322
652,357,372,282,156,229,435,646,842,323
501,308,382,302,192,262,434,620,882,323
354,197,353,242,166,261,512,319,858,323
670,419,318,235,159,226,428,336,823,323
693,479,284,207,152,213,420,374,861,323
555,393,228,189,139,175,358,323,842,323
572,297,430,301,180,278,460,596,881,323
607,447,178,123,94,141,368,324,816,323
704,475,281,220,156,209,401,362,859,323
417,288,307,229,163,229,385,375,862,324
509,355,274,223,166,213,404,376,848,324
607,321,406,324,207,277,392,543,875,324
497,277,340,281,181,234,411,473,843,324
228,189,146,112,95,128,321,187,753,324
561,390,227,167,126,175,401,324,820,324
463,363,193,153,117,153,343,298,763,324
429,313,405,307,239,323,397,627,896,324
708,479,297,250,185,225,438,409,872,324
479,366,210,184,158,180,483,318,833,324
626,493,236,190,160,200,388,323,836,324
288,224,239,185,144,191,318,342,841,324
447,336,201,147,122,172,447,280,814,324
365,223,170,143,98,119,397,350,825,324
623,442,334,233,157,244,416,334,848,324
315,256,215,163,134,180,352,325,834,325
691,484,222,179,131,167,440,419,842,325
655,454,325,248,180,246,494,520,858,325
384,225,160,108,62,97,394,586,453,325
534,276,322,219,127,199,428,624,864,325
677,461,342,255,183,255,465,432,849,325
549,365,336,243,177,252,434,643,870,325
545,436,276,203,176,238,495,232,451,325
289,200,218,175,129,167,415,307,844,325
369,302,204,147,131,179,349,316,757,325
486,349,287,231,178,226,394,385,841,325
450,289,245,176,133,191,472,299,857,325
583,390,489,341,231,354,499,294,837,325
626,435,348,242,200,290,489,476,846,326
596,448,217,142,110,174,377,336,843,326
373,265,227,171,129,182,359,295,857,326
634,434,304,236,176,234,428,378,851,326
324,251,193,162,133,158,338,314,811,326
394,267,240,198,141,185,375,325,848,326
447,335,216,185,137,165,375,309,829,326
578,381,284,217,150,208,420,365,856,326
608,355,365,262,162,245,446,551,854,326
328,217,232,180,135,180,365,304,836,326
660,478,309,260,206,249,402,324,838,326
535,312,438,348,227,304,444,671,880,326
460,296,450,335,228,326,476,611,870,326
590,399,234,141,102,174,379,470,868,326
637,461,314,217,165,256,395,350,846,327
608,446,308,215,175,254,420,494,862,327
693,368,444,303,169,273,460,490,846,327
556,400,245,170,125,187,395,326,840,327
392,306,248,183,133,189,345,293,830,327
655,379,372,295,218,275,535,439,873,327
408,277,356,271,201,278,397,529,872,327
545,381,251,183,138,195,397,320,843,328
506,363,166,126,97,131,343,327,805,328
673,415,472,363,253,343,419,886,870,328
262,231,154,99,84,134,380,127,530,328
538,393,309,220,184,264,488,416,843,328
449,361,354,260,229,317,493,167,557,329
364,270,344,247,190,278,426,409,865,329
639,454,292,213,168,238,401,353,836,329
676,399,395,302,201,281,450,654,888,329
558,376,323,252,176,238,419,520,855,329
256,179,241,185,141,189,325,346,830,329
730,454,323,249,165,228,410,555,886,329
430,303,252,196,154,196,384,297,852,329
510,395,190,178,146,158,372,323,804,329
328,224,301,222,161,224,353,496,864,329
446,273,370,288,183,252,417,572,875,330
281,196,302,205,154,238,311,423,832,330
372,286,225,176,138,175,375,324,833,330
265,213,184,122,97,151,321,301,835,330
253,200,252,185,149,209,342,303,833,330
425,279,373,276,192,277,396,381,841,330
609,455,247,183,146,204,406,349,820,330
517,370,263,197,152,211,406,314,845,330
688,456,415,306,212,309,427,427,862,330
639,452,334,272,206,269,428,383,844,331
661,436,303,237,165,218,407,306,846,331
478,351,228,182,142,186,373,315,861,331
596,443,184,137,113,153,445,321,827,331
658,356,411,311,200,280,449,619,892,331
691,465,323,277,200,243,423,502,865,332
331,267,222,153,127,189,341,306,818,332
476,324,319,245,180,249,400,510,855,332
540,314,341,253,169,240,410,569,865,332
421,330,344,276,221,284,570,2,513,332
636,431,429,311,214,310,381,588,870,332
448,349,199,153,124,167,372,324,813,332
388,251,391,268,180,282,415,334,867,333
551,345,412,309,204,289,435,652,889,333
604,352,412,289,188,287,444,651,877,333
524,415,158,110,92,134,338,322,761,333
602,428,219,167,127,169,400,330,847,333
348,248,317,233,202,277,495,355,862,333
245,215,141,128,117,128,404,32,317,333
420,296,283,211,163,225,384,316,848,333
515,300,309,234,155,209,414,471,864,333
503,404,189,142,117,163,339,315,813,333
462,320,308,243,189,242,495,338,826,333
511,364,327,251,189,252,394,472,874,333
457,363,230,176,141,190,368,305,814,333
481,375,168,125,100,136,336,299,687,334
495,357,291,199,159,239,406,328,850,334
724,424,461,369,259,340,457,627,871,334
638,439,357,269,188,264,425,612,863,334
481,322,329,234,168,249,433,316,847,334
608,432,222,175,130,171,383,317,847,334
470,302,249,183,134,186,438,318,841,334
383,270,268,195,157,219,479,312,862,334
471,290,372,269,172,253,456,575,872,334
635,473,374,267,209,300,422,461,883,335
526,263,395,304,190,261,429,664,875,335
528,358,262,176,125,194,424,361,839,335
513,319,294,237,186,233,514,462,854,335
450,277,345,244,165,248,419,499,852,335
622,450,273,218,163,213,469,437,846,335
616,458,306,237,190,253,393,313,836,335
371,251,301,222,161,222,400,316,818,335
694,469,271,195,135,201,422,441,851,335
611,364,360,279,190,262,422,458,868,335
353,226,226,169,117,161,348,382,820,335
381,309,210,156,138,185,370,340,844,335
538,381,334,260,178,245,391,579,873,335
307,212,227,169,127,181,364,311,835,336
573,419,327,240,195,266,425,396,825,336
476,320,204,166,122,157,373,321,831,336
353,244,232,184,140,176,366,405,824,336
459,306,293,209,142,219,413,311,839,336
439,326,281,206,152,213,527,322,830,336
429,265,486,323,188,307,425,481,872,336
314,245,182,138,115,152,324,205,792,336
540,357,317,236,157,228,405,388,874,336
577,414,248,191,139,194,463,314,818,336
572,378,279,225,165,216,406,446,862,336
608,400,405,298,206,296,452,647,833,336
518,333,345,255,189,265,427,559,871,337
261,180,273,217,162,209,337,470,851,337
513,342,401,292,190,269,387,664,906,337
483,389,194,157,132,164,324,205,797,337
374,302,257,186,158,222,368,316,818,337
217,156,285,210,150,209,329,427,840,337
463,353,219,163,129,179,379,314,831,337
516,316,387,288,202,284,421,510,886,337
433,324,217,183,147,181,413,268,801,337
394,264,176,124,93,135,383,166,787,337
487,321,254,202,153,199,396,338,846,337
689,466,283,239,175,216,426,421,851,337
467,296,212,124,160,228,512,242,790,337
587,436,236,183,144,190,447,317,830,338
488,313,342,253,178,250,490,293,851,338
451,304,317,230,155,222,373,561,848,338
381,332,331,249,235,311,433,2,217,338
508,351,288,219,157,214,408,420,866,338
423,318,144,113,90,117,325,314,741,338
642,452,389,285,217,308,547,537,871,338
356,230,370,279,174,248,393,522,858,339
397,298,238,195,152,189,392,207,785,339
531,378,297,233,164,225,346,644,870,339
342,241,224,175,132,171,374,311,850,339
442,291,337,250,175,248,414,478,860,339
539,384,261,205,151,201,380,319,850,339
643,415,375,286,209,284,441,597,873,339
521,378,248,192,148,197,382,264,797,339
580,421,196,147,111,157,366,311,823,339
618,409,355,280,201,265,433,593,874,339
388,294,259,192,152,210,349,304,849,339
614,322,520,388,234,339,487,677,873,339
225,160,211,176,130,157,340,311,819,339
411,242,339,246,154,231,389,470,867,339
589,426,248,200,150,191,391,385,855,339
428,310,276,180,134,218,376,298,822,339
616,418,307,247,180,233,428,351,843,340
685,480,318,247,181,250,421,402,861,340
693,460,321,241,181,248,410,538,861,340
531,317,363,252,170,258,507,393,859,340
512,384,158,140,114,131,374,317,704,340
375,286,200,164,134,164,355,312,826,340
638,432,301,230,166,227,420,333,851,340
357,246,267,203,146,200,389,307,842,340
367,243,309,226,150,222,450,348,839,341
317,248,181,131,106,148,346,319,762,341
382,313,268,186,154,227,407,349,843,341
547,381,153,101,77,123,347,315,634,341
554,400,219,167,124,169,412,327,811,341
563,402,342,250,194,275,420,334,839,341
713,481,248,187,128,177,500,327,513,341
692,484,339,257,191,261,433,536,882,341
389,240,356,274,182,251,435,318,852,341
669,463,294,241,174,218,409,347,834,341
357,254,246,182,145,203,388,348,840,341
590,409,497,416,293,362,435,292,834,342
615,437,273,217,170,222,415,325,843,342
689,441,274,216,140,187,394,315,837,342
644,449,244,193,139,184,384,297,844,342
450,344,248,183,141,200,356,311,833,342
583,439,185,139,105,142,360,310,825,342
433,290,248,219,166,194,384,364,838,342
498,360,223,166,124,179,356,318,832,342
520,369,246,188,143,191,391,307,846,342
359,192,396,305,178,259,437,640,870,342
258,186,242,187,135,183,355,320,853,342
449,329,230,194,149,182,380,410,846,343
484,364,287,225,178,230,414,388,840,343
556,329,361,259,162,243,438,635,878,343
612,353,373,298,209,273,513,561,872,343
715,387,527,419,212,291,442,841,917,343
403,274,368,257,169,262,441,318,861,344
529,383,230,171,130,179,390,314,844,344
400,322,212,142,112,177,361,311,831,344
351,238,248,197,148,190,475,310,854,344
464,338,263,236,187,209,390,302,840,344
580,364,181,125,73,115,383,975,476,344
373,319,137,106,88,116,311,310,813,344
475,378,222,201,174,190,383,240,798,344
549,433,245,202,168,203,408,352,858,345
520,398,146,111,90,122,336,332,792,345
380,266,308,253,178,227,328,577,880,345
509,324,290,228,167,225,406,400,845,345
684,452,337,263,190,255,437,440,853,345
471,329,267,187,142,209,442,329,843,345
298,256,136,88,74,118,340,18,548,345
609,318,325,260,167,220,435,544,880,346
401,268,303,208,147,222,404,402,872,346
646,351,464,357,228,314,447,581,886,346
694,393,425,308,193,291,448,638,882,346
554,361,280,214,161,216,424,393,851,346
295,189,344,252,172,245,360,512,867,346
704,428,449,305,200,314,457,572,858,346
569,279,445,317,196,292,455,646,863,346
415,304,206,161,126,168,348,310,815,346
670,434,338,246,175,252,426,481,887,346
394,321,199,143,121,171,346,317,841,347
484,311,277,213,149,199,415,441,858,347
569,363,399,295,198,281,440,555,879,347
483,340,283,221,160,212,408,378,844,347
481,285,306,231,167,231,430,598,874,347
342,277,180,114,94,153,332,325,821,347
432,280,301,212,144,217,408,464,868,348
616,398,302,219,160,229,420,415,869,348
505,336,207,161,113,152,396,307,828,348
633,469,294,239,181,229,407,322,849,348
595,320,504,363,222,324,474,766,911,348
147,137,146,109,107,141,379,2,197,348
429,268,326,241,166,234,442,418,852,348
543,387,286,189,136,225,376,376,858,348
684,434,408,306,212,297,438,446,841,348
731,470,564,414,287,412,537,660,895,348
411,265,467,345,221,310,433,571,880,348
540,427,207,153,128,176,350,313,820,349
404,245,289,224,154,213,487,303,842,349
494,344,232,173,127,179,384,318,849,349
474,345,207,175,147,176,452,316,820,349
462,295,257,210,161,199,416,328,856,349
672,478,266,191,146,205,413,319,850,349
239,191,173,116,94,141,328,180,795,349
251,227,150,97,85,134,380,73,420,349
631,424,254,181,125,187,399,308,846,349
565,402,313,249,181,237,398,413,854,349
494,325,319,241,177,242,399,411,861,349
643,399,471,322,206,307,448,566,892,350
702,451,282,226,160,201,408,418,851,350
220,142,147,107,77,111,565,1,495,350
646,442,273,220,167,213,422,421,849,350
509,330,230,178,123,167,459,324,829,350
343,265,241,163,138,207,376,312,848,350
207,177,146,116,101,126,242,307,761,350
262,179,226,160,115,169,381,316,843,350
675,370,413,327,173,257,453,438,880,350
583,442,304,211,167,250,372,314,822,350
598,321,418,311,214,299,577,407,862,350
481,343,187,144,109,146,346,320,818,351
589,392,456,318,212,320,463,588,887,351
252,211,210,147,124,178,297,299,827,351
665,474,313,228,168,244,406,381,852,351
221,169,137,109,89,113,361,2,234,351
547,391,243,199,158,193,399,320,849,351
596,312,461,311,155,254,473,2,204,351
188,149,207,159,128,170,332,304,838,351
426,347,182,133,112,155,366,308,836,351
617,366,341,261,161,228,450,646,894,352
455,328,290,221,158,213,373,393,846,352
404,326,215,150,122,180,353,314,859,352
567,430,211,154,116,169,366,309,835,352
460,371,163,121,103,139,354,316,760,352
595,415,381,288,209,292,407,389,852,352
551,318,144,112,70,99,385,651,478,352
431,321,244,193,144,188,358,334,842,353
417,287,223,173,126,168,413,308,833,353
406,291,283,216,172,231,382,426,838,353
610,428,260,183,132,196,389,321,844,353
391,250,359,268,184,255,363,611,712,353
532,422,169,138,120,142,364,244,801,353
568,436,130,112,93,108,321,305,669,353
548,386,241,205,162,194,398,404,808,353
537,381,280,215,158,217,400,409,850,353
284,218,212,168,136,173,336,328,802,353
537,342,272,216,150,196,406,487,867,353
427,316,226,193,163,190,400,303,848,353
494,248,406,301,191,270,448,627,872,354
574,327,387,311,196,263,430,568,885,354
406,281,165,120,86,124,337,308,833,354
501,377,379,289,227,306,510,331,819,354
375,284,226,171,132,179,365,313,840,354
691,399,439,328,198,286,501,653,893,354
585,405,246,199,143,183,379,404,849,354
315,194,333,251,153,218,379,523,848,354
190,153,257,153,112,203,513,23,479,354
228,164,222,173,133,173,327,316,839,354
321,255,163,119,95,133,349,225,817,354
659,345,427,338,212,288,459,605,873,355
412,316,173,135,112,146,357,312,829,355
574,396,446,343,224,300,388,705,890,355
387,331,95,69,61,84,376,125,539,355
420,256,265,206,137,189,405,468,858,355
597,424,254,203,147,193,372,308,840,355
391,289,241,162,127,192,381,318,838,355
642,451,232,176,141,189,477,316,833,355
315,220,215,155,115,167,377,331,844,355
502,382,256,204,160,205,403,310,835,355
483,354,208,158,124,166,370,196,793,355
156,145,121,97,95,117,325,13,670,355
540,411,211,170,133,168,448,317,821,355
454,320,291,221,166,227,388,411,852,355
571,420,239,185,142,188,374,296,825,355
484,358,268,196,142,205,379,408,832,356
174,136,187,137,106,147,494,5,429,356
574,373,253,194,136,187,402,455,839,356
650,414,359,254,160,241,481,540,847,356
383,286,183,153,122,147,344,312,818,356
277,192,297,196,138,220,367,407,852,356
454,327,261,186,138,200,383,308,849,356
443,340,153,108,81,123,364,321,683,356
246,196,107,78,59,83,338,2,212,356
429,296,200,159,117,155,375,352,823,356
436,301,250,175,133,199,393,334,834,356
400,263,312,250,169,222,405,469,848,356
710,423,470,294,189,325,449,588,878,356
601,416,322,229,169,240,473,397,844,356
538,418,215,167,129,172,378,319,823,356
274,224,186,166,129,145,313,304,816,357
553,424,248,174,140,206,396,329,841,357
454,358,228,166,142,196,428,348,809,357
399,276,249,197,149,190,400,323,832,357
375,259,226,171,131,172,449,320,849,357
290,200,269,202,140,196,297,500,827,357
470,337,242,184,140,191,401,318,871,357
498,255,53,43,85,127,549,118,727,357
619,421,334,258,178,237,420,493,867,357
177,159,130,89,88,128,391,1,243,357
375,234,345,235,164,247,422,453,864,357
540,384,318,235,171,246,407,338,857,357
703,446,578,452,275,373,559,665,862,358
349,251,236,154,114,181,364,304,857,358
567,368,347,260,192,264,490,544,859,358
637,447,248,173,126,186,398,330,844,358
388,279,300,198,146,227,380,325,849,358
343,243,264,183,134,202,408,325,865,358
690,448,309,247,177,229,424,539,847,358
558,378,284,213,150,216,394,307,864,358
366,279,200,151,117,157,362,309,831,358
385,232,403,317,213,291,439,630,880,358
300,254,227,204,161,179,304,313,803,358
690,388,389,304,174,241,414,640,903,359
463,351,222,161,127,176,385,318,838,359
432,308,290,219,167,230,381,531,850,359
449,328,224,154,125,190,363,312,828,359
601,426,342,264,194,255,403,500,849,359
572,404,251,193,144,196,398,326,851,359
412,315,163,125,96,129,347,311,833,359
648,380,289,242,172,209,482,362,851,359
627,436,563,448,300,389,558,639,905,360
478,377,155,109,91,130,335,317,823,360
676,452,457,287,201,340,424,518,870,360
352,242,303,231,176,238,409,324,854,360
431,271,391,276,185,285,424,500,880,360
514,286,424,316,197,282,461,664,888,360
291,245,287,190,155,241,391,367,849,360
268,174,162,126,83,114,470,4,403,360
620,427,465,317,242,364,525,562,881,360
313,237,280,216,164,221,371,338,854,360
469,315,314,234,173,244,416,372,847,361
560,399,257,195,148,198,384,439,830,361
681,442,280,207,149,208,423,552,857,361
553,398,305,213,166,241,407,410,863,361
377,251,334,261,183,239,350,427,858,361
383,289,113,89,71,94,327,321,520,361
380,266,241,165,123,187,341,296,834,361
354,287,243,165,135,207,354,310,830,361
370,305,225,151,122,188,307,311,824,361
711,410,366,247,175,267,499,213,759,361
576,372,282,218,153,205,424,305,802,361
479,321,293,214,155,222,460,323,855,361
547,391,223,178,136,172,358,304,834,362
470,323,244,214,158,187,380,322,834,362
170,146,138,116,107,125,367,43,290,362
596,340,409,284,185,279,457,624,881,362
509,286,376,298,206,274,441,655,873,363
517,291,352,257,161,233,430,467,871,363
570,377,395,268,187,294,405,392,867,363
575,421,206,161,126,162,434,314,829,363
318,256,176,129,100,143,331,298,819,363
410,250,367,267,190,280,408,584,874,363
316,205,390,257,170,273,433,591,879,363
720,479,374,264,190,276,440,550,868,363
468,321,221,189,146,177,371,297,833,363
603,425,189,138,103,148,393,328,834,364
509,397,267,212,179,222,376,322,811,364
430,290,195,159,114,144,381,310,845,364
221,162,213,176,135,171,311,311,844,364
397,314,216,173,139,177,361,302,843,364
426,320,260,191,155,217,363,331,807,364
383,280,262,195,142,201,401,321,861,364
568,411,352,265,192,266,399,407,844,364
441,247,405,296,182,268,449,620,883,364
624,451,193,144,110,153,365,322,826,365
403,310,225,162,131,184,355,320,817,365
431,275,435,318,213,302,451,596,865,365
365,295,228,208,180,197,358,304,823,365
324,263,173,124,103,146,338,313,819,365
345,213,303,227,154,209,377,449,860,365
428,283,252,175,125,190,378,396,841,365
402,314,192,157,128,160,368,310,809,365
244,219,165,112,102,152,386,2,193,366
363,223,329,234,157,230,429,411,856,366
504,379,294,220,162,227,399,337,843,366
695,403,392,286,202,290,491,429,856,366
584,352,468,325,228,345,438,636,885,366
627,425,347,231,150,248,427,318,872,366
531,375,289,212,157,223,405,466,846,366
460,270,308,265,162,216,392,249,849,366
455,313,332,240,181,256,425,485,851,366
312,199,294,216,141,206,391,477,855,366
493,367,266,216,179,221,396,356,852,366
276,253,128,96,91,118,395,95,747,366
551,416,203,149,118,167,344,321,834,366
485,294,334,247,144,204,543,364,865,366
345,238,224,157,118,177,390,320,847,366
641,441,271,210,140,197,399,459,848,367
451,259,354,261,178,253,434,559,870,367
629,362,509,385,267,374,520,664,880,367
321,226,159,140,110,129,613,0,154,367
586,382,274,209,146,202,406,324,847,367
484,372,203,150,113,158,368,308,849,367
494,369,207,168,134,167,428,309,814,367
284,219,278,215,164,218,467,318,828,368
539,289,380,302,196,255,441,575,856,368
492,337,277,219,164,219,414,325,855,368
376,245,263,197,136,192,327,528,846,368
350,263,389,267,179,276,413,534,881,368
622,405,335,243,170,246,418,468,871,368
582,384,362,285,190,254,423,545,870,368
650,446,354,262,195,274,478,575,873,368
508,324,449,293,189,309,438,582,872,368
581,375,291,233,168,221,467,397,857,368
422,258,366,270,175,246,417,510,869,368
407,283,258,187,145,207,451,423,854,369
573,405,393,281,214,310,416,372,846,369
419,338,231,170,147,202,382,241,827,369
304,223,118,90,64,91,560,1,183,369
451,336,233,184,148,193,378,313,812,369
462,352,283,208,168,230,345,307,806,369
300,201,270,202,138,197,394,308,859,369
444,290,232,171,117,167,405,338,827,369
395,220,375,296,184,250,429,535,859,370
303,235,197,159,120,154,326,300,824,370
350,264,263,185,142,213,378,323,838,370
347,288,150,121,104,131,351,189,813,370
473,370,268,190,148,213,433,311,852,370
582,394,292,213,155,224,419,342,847,370
453,307,369,250,169,263,471,450,857,370
507,332,258,192,131,188,392,328,855,370
634,474,425,315,255,352,531,447,853,370
709,436,378,279,189,272,435,527,865,371
481,254,303,215,106,160,573,320,836,371
343,308,205,142,129,188,360,2,184,371
723,425,139,110,66,88,377,615,529,371
547,282,366,291,175,235,444,626,880,371
401,305,214,166,134,180,366,325,850,371
477,249,315,227,128,188,476,420,841,371
257,155,165,122,72,97,535,19,503,371
427,284,214,161,118,161,398,333,852,371
593,459,215,149,120,177,362,318,835,371
437,334,328,211,164,267,396,454,866,371
648,445,323,260,194,249,432,470,840,372
626,377,425,326,195,268,405,640,900,372
502,364,325,220,169,259,388,320,854,372
476,354,194,154,117,150,367,326,841,372
398,284,296,238,186,232,483,399,860,372
533,382,247,161,116,186,378,317,831,372
609,420,240,176,128,185,396,418,861,372
379,227,200,152,105,144,396,311,829,372
291,158,183,154,101,126,603,0,171,372
641,444,372,259,182,282,417,334,865,372
330,252,160,133,109,134,333,299,835,372
685,466,339,274,202,253,418,368,846,372
322,262,252,202,161,206,370,241,834,372
335,241,189,139,108,148,356,307,829,372
551,349,227,163,112,165,391,444,858,372
682,443,352,256,183,265,440,516,847,372
496,377,283,215,162,214,390,349,846,373
251,212,162,114,93,137,323,228,798,373
687,455,324,243,173,241,454,257,494,373
471,278,343,262,178,250,419,574,879,373
438,284,253,193,130,183,400,313,818,373
469,242,514,380,201,304,476,618,888,373
325,216,330,258,196,259,413,328,824,373
462,331,299,209,165,242,398,328,846,373
677,406,286,245,160,197,415,487,860,373
489,383,170,133,107,141,355,305,692,373
505,338,307,259,193,242,419,590,860,373
401,288,212,157,120,168,455,309,801,373
343,236,181,151,117,143,375,329,831,373
650,474,331,250,202,272,478,331,837,373
407,316,232,168,136,195,335,327,780,374
533,348,365,253,179,275,426,400,875,374
397,271,268,195,146,214,396,414,856,374
518,374,248,191,140,188,387,320,862,374
528,388,312,223,175,251,382,321,849,374
446,307,229,186,142,181,387,345,820,374
511,365,261,208,163,204,395,325,863,374
273,231,113,84,79,104,330,126,662,374
318,224,225,177,131,174,364,341,860,374
482,342,231,186,134,174,396,338,831,374
527,323,341,258,181,253,431,524,870,374
625,427,377,325,224,271,482,326,838,374
559,426,260,194,154,210,384,321,840,374
569,375,431,323,217,308,436,623,892,374
563,325,431,284,190,302,424,563,858,374
727,432,442,331,218,314,438,618,886,374
410,262,236,165,115,175,376,449,833,375
459,361,213,155,128,179,360,317,831,375
353,279,238,177,138,194,332,302,810,375
696,444,409,324,222,295,439,488,846,375
516,389,259,228,180,207,370,551,870,375
421,279,258,199,150,198,437,381,852,375
216,177,184,144,138,174,369,50,599,375
584,397,323,250,175,233,399,502,871,375
380,229,315,232,160,227,412,426,854,375
370,278,182,142,115,152,359,308,825,375
321,222,217,160,120,169,375,348,838,375
578,427,248,176,129,195,361,325,832,375
566,411,298,232,187,243,410,342,842,375
497,266,459,335,196,296,464,632,903,376
614,405,275,203,146,213,426,383,861,376
306,237,221,170,136,183,372,304,825,376
587,374,292,237,158,205,435,363,870,376
398,286,179,134,105,143,352,311,770,376
487,337,266,199,169,231,449,317,832,376
362,248,269,209,156,209,382,309,844,376
679,471,272,210,157,209,423,424,860,376
545,394,254,203,159,205,397,317,836,376
294,233,180,144,114,144,309,303,828,376
438,292,216,156,111,164,384,313,846,376
413,300,275,225,182,229,395,313,829,377
245,190,209,152,124,176,409,44,493,377
421,336,226,166,148,204,427,320,840,377
425,282,311,224,171,241,508,320,862,377
185,170,90,71,67,85,418,1,160,377
398,247,267,192,134,198,368,456,850,377
474,248,404,311,204,283,428,599,869,377
501,375,282,213,165,226,403,309,850,377
327,238,225,188,148,182,401,317,830,377
595,374,212,163,127,169,452,324,827,377
696,447,371,283,202,278,435,518,863,377
400,267,227,171,131,183,429,327,835,378
524,360,315,251,172,227,459,347,856,378
512,336,369,298,202,259,419,314,849,378
640,429,287,212,150,211,401,371,877,378
243,187,220,178,138,174,318,309,837,378
238,206,130,96,88,116,287,156,789,378
600,358,426,326,210,296,456,567,876,378
407,319,196,148,122,164,343,313,827,378
466,251,438,334,215,298,443,647,910,378
484,341,265,208,160,205,390,430,851,378
421,327,214,148,109,169,354,319,823,378
395,268,223,157,111,165,476,302,835,378
691,379,374,245,191,301,556,364,851,378
689,448,302,214,152,225,434,428,833,379
397,290,177,137,107,142,343,304,832,379
381,292,213,167,131,170,353,308,831,379
420,295,209,155,106,153,346,314,855,379
469,339,163,138,103,124,340,319,809,379
547,421,261,216,181,226,362,314,854,379
480,338,261,165,129,219,449,312,824,379
650,435,343,236,158,250,438,522,869,379
440,352,148,123,106,130,344,311,785,379
291,206,201,151,116,160,345,300,832,379
454,245,359,275,173,238,441,556,860,379
400,290,235,171,132,183,356,303,815,380
696,450,382,271,178,268,421,319,865,380
588,396,249,217,152,181,395,389,861,380
337,216,129,98,70,95,380,343,798,380
661,479,280,207,147,210,390,321,822,380
199,172,146,105,90,126,334,1,209,380
528,309,377,285,188,263,427,533,864,380
524,359,226,179,130,168,391,316,825,380
569,357,163,140,100,120,371,638,509,380
685,485,329,265,174,234,419,419,834,380
650,472,352,272,209,279,409,343,837,380
501,326,366,286,197,267,425,584,889,380
522,370,320,271,201,243,413,311,844,381
626,398,375,285,196,278,421,569,858,381
237,197,298,212,162,236,390,341,855,381
480,279,397,276,180,276,436,626,882,381
643,394,417,308,194,281,459,528,869,381
589,332,404,299,189,272,500,563,865,381
479,270,364,273,170,244,428,484,855,381
486,279,423,339,225,294,492,626,893,381
499,403,227,194,156,184,432,314,819,381
360,241,316,242,165,227,365,407,857,381
299,215,199,164,125,153,355,302,834,381
323,192,344,270,172,227,370,623,878,381
466,324,273,215,146,197,390,438,846,381
317,239,213,167,129,166,329,299,834,381
637,361,317,240,183,247,554,410,845,381
539,354,314,222,153,230,420,502,859,381
396,323,207,158,138,179,437,105,443,382
370,245,260,189,136,191,397,314,832,382
546,407,186,143,110,150,374,325,825,382
350,294,142,110,94,123,394,140,573,382
336,243,192,150,119,155,369,311,816,382
589,377,312,257,184,239,450,458,838,382
385,267,347,236,167,265,361,590,875,382
472,353,260,205,146,192,420,266,849,383
244,185,99,77,63,82,576,0,173,383
645,445,284,225,166,218,398,449,863,383
389,311,357,247,198,298,420,76,583,383
640,382,309,234,150,210,425,421,871,383
405,295,348,262,212,286,497,320,849,383
339,249,185,128,96,142,356,268,839,383
412,290,201,157,110,152,354,336,831,383
431,279,244,180,123,170,398,223,830,383
447,305,248,171,132,194,389,359,853,383
448,307,300,249,172,218,407,331,858,384
412,333,125,97,84,111,328,324,642,384
619,481,259,199,162,219,392,332,851,384
467,307,289,234,167,219,403,371,839,384
585,382,143,107,76,103,396,648,441,384
614,365,390,292,196,273,411,636,887,384
479,325,353,266,188,256,364,608,881,384
438,360,185,132,113,162,342,324,824,385
711,448,369,306,201,257,435,344,864,385
496,354,255,199,152,203,409,328,828,385
651,477,233,182,138,184,389,308,830,385
519,421,178,133,114,152,331,304,827,385
623,465,308,225,189,265,387,311,841,385
544,370,330,267,200,249,383,671,870,385
357,259,227,166,127,180,384,322,827,385
612,409,297,240,174,223,393,539,854,385
683,376,468,367,227,310,461,638,883,385
511,363,272,178,128,203,395,312,843,386
477,326,281,193,141,211,493,339,839,386
531,287,472,345,212,319,482,666,885,386
464,325,231,165,120,179,393,319,850,386
392,234,326,246,168,238,411,542,871,386
496,365,271,197,149,212,410,316,825,386
378,222,262,199,133,184,414,361,867,386
456,374,161,120,107,140,313,308,813,386
414,313,184,153,125,152,359,329,817,386
608,431,317,249,187,245,404,296,850,386
459,295,140,100,73,104,261,659,516,386
481,357,301,205,154,240,374,368,825,386
604,432,261,196,155,208,398,317,807,386
411,302,279,218,157,209,368,381,836,386
400,249,346,260,175,243,403,459,851,386
465,305,387,299,228,298,418,494,861,386
501,277,444,325,212,308,516,660,885,387
527,331,390,281,177,269,421,620,878,387
471,290,321,247,178,246,418,507,846,387
547,339,337,235,147,231,411,493,886,387
353,250,229,169,128,180,374,305,837,387
500,362,346,292,212,258,376,592,861,387
553,428,260,182,140,210,364,308,829,387
667,427,337,283,189,232,415,630,882,387
462,351,180,154,121,144,364,303,836,387
485,321,530,380,222,323,524,533,879,387
626,409,344,270,200,260,428,409,846,388
465,367,222,166,133,182,357,312,815,388
655,461,268,204,166,223,436,326,841,388
502,280,378,275,165,249,440,648,899,388
625,403,340,249,175,253,406,493,859,388
536,388,164,124,98,134,373,315,820,388
511,310,381,269,188,290,404,472,862,388
393,255,205,150,108,151,390,316,842,388
380,270,173,136,105,138,346,306,753,388
633,366,412,324,214,283,438,635,870,388
365,291,194,162,137,170,381,330,806,389
595,350,421,310,202,292,428,496,871,389
292,215,337,253,186,258,341,446,829,389
414,319,149,107,85,123,329,315,718,389
547,381,271,200,148,207,401,318,859,389
431,341,190,153,121,152,360,307,821,389
417,303,240,189,133,172,471,304,839,389
524,291,309,213,145,225,511,357,848,389
507,365,236,178,148,203,426,322,837,389
710,456,433,324,221,313,449,613,865,390
515,298,424,314,194,289,448,598,876,390
430,292,151,106,72,111,332,311,697,390
203,190,90,77,76,85,297,50,318,390
532,374,326,269,198,243,357,534,866,390
552,407,111,75,57,86,326,307,461,390
645,444,342,225,145,246,398,441,846,390
275,237,99,78,72,92,302,131,744,390
337,254,224,164,126,180,315,302,827,390
209,163,212,183,147,171,330,311,843,390
656,365,148,109,70,99,381,638,461,390
527,399,266,200,162,218,399,374,853,390
394,292,241,188,151,198,372,372,825,391
387,290,309,224,168,237,362,304,828,391
477,296,335,253,177,250,434,466,838,391
324,237,206,159,125,166,347,313,832,391
602,429,285,198,153,230,413,320,859,391
515,351,303,250,195,244,412,487,843,391
681,398,460,326,218,334,440,640,871,391
642,383,461,366,241,323,465,601,877,391
420,341,121,97,85,106,335,309,786,391
516,325,315,257,169,218,407,494,860,391
625,394,399,285,185,283,435,560,871,392
392,315,136,91,70,110,293,307,344,392
326,245,183,141,114,154,343,314,818,392
462,259,321,243,160,220,434,473,860,392
622,415,311,235,164,223,400,423,861,392
431,298,330,236,187,269,481,361,861,392
364,215,127,98,60,82,317,652,516,392
374,303,196,148,124,169,342,308,813,392
357,232,268,184,138,211,407,310,849,392
584,379,327,237,169,245,419,442,851,392
545,336,373,273,183,258,429,579,867,393
515,281,399,319,196,265,440,642,877,393
443,328,175,130,110,152,414,264,458,393
603,407,247,204,145,188,392,308,847,393
731,454,344,280,200,254,446,483,862,393
536,439,175,119,99,149,331,331,807,393
626,353,284,223,142,189,442,327,855,393
526,360,248,191,144,191,387,373,853,393
454,296,292,221,157,213,418,337,849,394
330,257,265,189,159,226,441,301,830,394
579,344,293,212,149,212,506,320,848,394
658,447,372,292,213,283,477,529,869,394
509,375,246,180,146,204,371,314,825,394
496,241,417,314,163,235,515,533,851,394
456,299,136,101,58,84,400,433,400,394
463,286,303,237,168,221,420,388,844,394
536,390,296,201,148,233,450,305,832,394
640,426,277,203,136,199,390,268,828,394
557,400,290,217,169,233,410,332,855,394
581,376,266,208,147,199,429,348,867,394
325,248,156,114,93,130,322,318,724,394
349,242,132,91,61,95,329,628,449,394
462,294,351,271,190,256,440,516,863,395
521,355,258,199,144,197,395,352,841,395
495,319,356,250,152,238,432,428,847,395
613,353,374,289,189,255,410,617,869,395
454,342,256,209,172,215,373,311,829,395
503,348,334,247,173,246,397,559,864,395
335,224,318,246,194,251,451,382,849,395
389,219,382,302,191,257,432,603,896,395
731,454,395,311,210,274,419,591,874,396
428,310,240,196,151,189,378,314,849,396
729,407,474,385,257,349,528,332,838,396
478,322,349,235,158,250,409,410,868,396
542,363,278,220,155,210,425,291,864,396
582,397,263,207,149,198,392,352,835,396
569,424,243,196,158,196,385,329,807,396
718,483,300,230,167,227,416,554,865,397
631,409,295,215,148,217,423,506,866,397
491,308,322,244,175,241,401,470,869,397
620,449,218,156,115,169,376,329,834,397
475,322,308,257,175,224,349,573,870,397
439,272,296,228,161,221,387,455,864,397
544,351,336,240,161,241,422,580,852,397
569,370,383,278,186,264,437,468,853,397
228,167,229,146,107,174,344,298,831,397
575,344,333,277,186,238,407,432,846,397
596,351,273,190,138,217,521,314,829,398
381,268,225,170,121,170,357,306,823,398
413,277,324,245,175,238,411,498,874,398
515,393,256,199,148,203,392,335,842,398
529,348,346,264,196,272,448,633,885,398
298,223,117,97,78,97,349,288,742,398
486,306,491,350,213,324,514,183,657,398
242,205,185,146,124,158,288,300,843,398
476,334,256,194,151,204,394,324,837,398
185,166,108,103,98,100,379,2,424,399
646,405,426,314,201,293,440,623,885,399
619,469,166,124,95,135,368,319,821,399
583,309,148,107,60,88,392,660,466,399
419,296,271,217,153,202,381,373,852,399
559,360,385,305,197,265,427,648,876,399
530,403,209,160,133,176,352,295,820,399
608,453,313,222,166,246,482,479,859,399
636,453,275,205,162,222,396,389,846,399
533,409,191,143,117,156,382,307,819,399
538,392,362,284,216,290,494,316,844,399
435,345,211,166,128,165,378,311,815,400
638,456,138,120,87,105,384,648,498,400
505,341,237,173,118,170,396,304,814,400
594,424,282,196,156,228,415,360,857,400
333,255,114,88,71,92,344,1,207,400
615,475,202,164,134,167,364,313,839,401
544,406,229,185,152,185,357,318,828,401
368,252,211,199,132,152,452,135,718,401
372,250,368,272,186,265,434,446,852,401
411,254,223,178,126,166,393,325,845,401
449,270,322,260,190,243,419,333,844,401
508,314,327,243,182,254,466,443,845,402
286,227,180,137,106,141,297,315,784,402
514,366,226,206,154,173,384,315,826,402
391,324,147,108,93,128,315,313,775,402
550,409,231,161,121,180,387,315,842,402
703,441,374,313,211,265,531,555,862,402
485,274,338,273,152,208,417,599,862,402
508,372,227,161,125,178,370,326,840,402
550,369,378,291,230,309,479,415,861,402
531,347,319,257,168,219,393,592,867,402
465,307,296,220,183,248,500,318,836,402
420,276,231,175,136,185,469,319,837,402
635,377,428,329,218,299,448,632,895,402
355,277,193,164,135,162,348,311,838,402
294,249,259,187,161,227,473,6,401,403
550,373,486,355,232,338,642,7,604,403
551,422,275,187,140,211,373,359,845,403
510,265,444,322,200,279,443,512,882,403
549,376,351,255,173,250,403,542,860,403
498,302,355,272,185,257,438,441,865,403
476,360,182,133,107,152,354,310,796,403
443,259,438,319,214,314,420,602,865,403
472,232,440,330,198,283,513,616,884,403
612,372,566,405,244,363,402,955,913,403
660,449,255,204,146,192,423,423,845,403
559,386,280,228,179,227,387,378,866,404
653,362,422,330,217,286,473,916,871,404
565,310,476,371,238,303,444,700,888,404
495,286,406,324,219,298,423,625,874,404
711,448,366,274,192,266,382,595,860,404
576,365,336,269,181,237,423,398,853,404
443,317,219,172,128,166,353,297,827,404
400,274,299,215,153,225,428,542,851,404
255,182,217,160,119,167,334,407,844,404
511,267,394,285,169,255,457,565,883,404
372,275,240,179,152,206,383,377,843,404
437,295,285,233,171,218,373,290,837,404
643,478,386,263,207,309,406,462,861,404
554,343,296,246,169,215,417,463,856,404
556,414,260,233,188,208,372,322,821,405
623,396,324,258,179,233,418,335,848,405
584,388,293,221,157,218,408,335,848,405
461,275,345,258,174,251,437,466,869,405
590,394,326,226,163,250,428,441,863,405
550,388,278,202,146,214,392,425,847,405
450,280,324,242,164,235,403,439,862,405
384,275,252,174,133,199,394,329,844,405
537,391,253,200,152,199,392,318,847,405
669,465,265,193,138,199,398,322,839,405
416,294,256,186,135,197,409,313,843,405
272,205,241,195,142,185,347,329,851,406
421,291,257,191,146,205,375,387,848,406
537,340,546,397,231,341,463,606,894,406
384,287,232,177,136,180,351,318,847,406
393,270,341,245,161,239,415,414,822,406
366,245,268,199,151,209,375,309,842,406
485,346,180,135,101,140,343,327,808,406
485,358,270,179,132,204,376,325,844,406
356,269,204,156,127,172,371,324,840,406
450,315,388,288,209,293,401,448,846,406
423,278,294,227,163,214,384,303,857,406
507,402,255,184,149,215,353,312,822,407
377,275,232,174,130,179,301,403,855,407
620,394,330,259,164,217,359,591,865,407
355,275,227,175,129,177,321,315,820,407
315,215,253,193,138,191,369,309,832,407
524,317,250,228,137,163,387,308,839,407
304,172,313,230,156,224,405,418,875,408
601,315,393,278,170,261,440,822,863,408
542,295,547,419,216,324,380,965,871,408
405,298,305,221,155,228,382,491,859,408
497,332,199,146,95,138,510,414,845,408
467,333,337,244,164,241,343,576,864,408
433,268,345,254,168,249,407,481,861,408
708,452,380,286,203,282,425,307,841,408
336,265,148,115,97,125,403,159,771,408
485,350,198,138,104,156,351,314,830,408
428,280,318,226,150,219,360,571,860,409
719,462,324,240,158,209,455,423,831,409
407,277,281,218,163,216,398,371,818,409
287,203,243,153,109,181,357,318,841,409
423,236,184,139,77,112,601,1,120,409
673,404,446,355,244,323,513,502,880,409
591,410,302,228,168,230,389,443,845,409
371,284,249,186,142,197,379,305,844,409
241,192,210,158,127,170,331,328,854,409
252,161,259,193,126,179,314,486,846,410
603,382,320,249,159,224,421,484,844,410
550,399,227,193,146,177,390,309,850,410
407,250,369,285,198,263,412,541,870,410
606,418,380,267,199,293,386,479,847,410
514,382,240,179,147,200,388,315,819,410
430,299,323,228,171,246,476,429,860,410
440,282,282,210,149,212,415,643,872,410
277,183,204,172,123,150,325,305,820,410
669,396,327,258,172,232,494,443,849,410
557,329,371,279,175,235,353,662,872,410
624,450,280,209,154,218,392,306,846,410
653,425,334,226,161,241,542,505,860,410
495,290,181,134,91,126,414,311,405,410
540,318,428,316,205,293,552,531,862,410
702,489,463,310,224,348,424,616,880,411
381,294,253,186,152,214,389,308,849,411
365,226,147,108,73,107,370,670,426,411
544,359,319,267,201,242,410,509,846,411
301,213,221,163,116,165,349,304,835,411
529,366,270,207,160,215,407,315,849,411
614,386,246,188,130,177,502,353,839,411
443,281,324,253,185,242,400,511,853,411
307,237,242,177,131,189,341,318,832,411
317,203,371,286,193,260,356,503,871,411
410,280,250,186,126,176,393,314,857,412
460,299,279,187,135,209,396,308,838,412
661,450,262,204,145,196,419,393,848,412
609,368,371,269,191,277,434,514,860,412
287,217,186,147,109,144,361,299,799,412
615,415,284,195,137,208,422,343,847,412
396,308,188,167,137,156,345,314,802,412
451,312,207,167,116,150,324,299,828,412
586,434,239,178,135,189,371,316,827,412
584,401,321,253,179,238,405,503,860,412
461,315,115,89,64,84,313,619,493,412
461,260,467,332,210,315,464,592,875,412
562,360,121,102,73,91,362,590,445,412
489,349,288,223,168,227,388,366,848,413
526,360,332,243,170,251,419,497,865,413
425,320,289,214,161,225,368,400,844,413
587,400,400,288,208,301,443,465,881,413
490,334,357,298,217,277,450,414,870,413
405,315,173,128,104,144,342,318,839,413
460,303,286,220,165,223,418,329,849,413
460,270,344,267,174,247,413,553,871,413
448,325,161,119,94,130,356,317,821,413
560,343,372,267,168,256,425,539,872,413
666,454,241,187,142,189,413,317,855,414
528,347,311,233,157,226,404,454,855,414
659,452,288,211,149,210,410,356,865,414
525,365,373,257,170,265,416,331,842,414
484,319,263,203,138,191,409,316,871,414
497,365,233,180,136,182,388,352,840,414
544,333,264,206,127,169,374,583,852,414
447,314,212,163,123,164,383,328,851,414
544,393,193,158,119,152,359,307,806,414
588,394,145,113,78,107,374,651,500,414
561,390,239,199,145,187,396,364,856,414
405,283,317,236,167,233,374,312,831,414
454,381,103,70,59,87,417,1,215,414
336,240,191,132,100,151,353,325,831,415
521,346,435,313,227,328,408,607,880,415
589,417,291,252,181,220,421,391,852,415
731,476,358,269,173,254,409,379,861,415
513,295,383,275,179,261,444,647,886,415
485,351,200,173,143,167,387,268,796,415
560,364,387,286,197,279,451,635,884,415
687,422,357,281,185,248,448,651,869,415
570,334,414,281,174,279,440,529,872,415
628,397,337,273,190,246,420,610,872,415
448,226,419,321,182,263,423,641,874,415
443,314,262,174,133,208,393,312,844,415
636,457,219,171,136,175,379,320,851,415
537,359,455,335,248,347,540,353,854,416
581,423,196,165,122,149,396,322,795,416
444,341,291,211,176,246,390,316,838,416
355,267,212,163,130,170,345,316,818,416
457,364,236,184,150,196,401,311,836,416
450,298,224,164,117,165,393,336,852,417
327,226,222,177,138,177,376,314,837,417
626,443,282,223,158,219,408,308,863,417
331,256,273,205,146,200,498,5,525,417
388,239,115,87,61,86,397,376,835,417
573,356,348,269,178,245,441,603,880,417
340,276,211,146,118,175,382,317,831,417
667,350,624,453,218,326,494,665,912,417
611,381,355,289,194,248,424,549,859,417
401,282,238,181,138,185,382,366,832,417
711,464,340,321,233,249,447,380,835,417
688,400,304,230,150,210,422,600,867,417
584,442,293,223,178,237,401,528,857,418
337,201,287,209,144,204,411,319,858,418
731,443,379,295,189,258,436,569,871,418
510,312,307,260,179,218,411,325,814,418
401,304,258,204,158,208,396,316,846,418
314,217,188,144,112,150,350,328,779,419
365,263,269,214,152,197,385,314,822,419
567,409,247,177,130,188,391,318,832,419
319,249,293,219,173,238,341,332,851,419
350,230,238,171,125,180,361,328,841,419
526,374,337,257,196,259,402,460,861,419
431,317,222,147,121,193,385,318,843,419
570,359,281,231,171,215,461,391,853,419
628,443,211,162,120,164,392,317,840,419
414,271,284,227,164,211,449,327,848,419
476,300,359,291,202,255,405,592,862,419
591,353,474,362,230,315,450,673,878,419
531,347,270,194,129,191,387,308,857,419
428,330,235,180,151,197,385,319,843,419
672,480,319,238,180,243,421,350,837,419
278,217,218,170,136,177,298,303,810,420
417,307,120,97,74,96,328,318,654,420
540,348,313,238,163,230,417,426,847,420
247,198,211,147,117,171,285,297,822,420
485,317,377,257,175,276,422,478,881,420
598,371,361,264,169,248,465,589,870,420
480,309,303,247,167,213,408,365,846,421
563,316,477,329,201,316,473,650,879,421
673,383,256,186,118,174,432,656,884,421
480,245,402,299,180,263,460,608,891,421
414,285,301,211,164,239,395,312,812,421
245,194,301,228,179,238,425,352,831,421
632,388,322,240,162,232,431,432,870,421
371,229,332,242,165,244,470,421,863,421
586,358,348,269,189,249,432,528,860,422
502,323,413,315,220,310,436,594,877,422
384,285,255,171,126,193,364,298,848,422
458,266,309,230,153,214,425,492,870,422
519,357,287,198,143,214,380,496,841,422
692,484,298,237,184,237,462,363,853,422
496,386,359,251,210,299,534,661,881,422
651,446,377,324,264,302,428,318,851,422
622,424,357,277,174,238,457,621,885,422
458,345,278,237,192,233,379,310,806,422
624,422,319,216,145,232,411,375,850,422
354,271,181,125,94,143,292,306,826,422
691,429,428,334,232,320,454,629,877,423
360,253,282,222,166,217,385,311,821,423
625,436,252,202,147,192,405,312,838,423
422,278,390,254,173,280,425,514,871,423
406,236,385,287,159,233,403,527,861,423
637,358,439,330,211,294,460,640,885,423
521,310,389,280,185,270,435,526,849,423
454,301,220,158,112,162,404,335,848,423
349,194,319,252,163,221,403,449,862,423
370,268,204,168,137,168,373,309,821,423
664,460,360,270,185,261,377,578,863,423
709,452,404,281,189,287,440,368,867,423
480,332,407,268,193,316,406,480,879,423
579,357,572,390,242,376,460,627,914,423
321,238,259,169,126,198,427,314,845,423
363,224,310,218,154,231,418,476,863,423
416,299,231,178,131,175,398,308,854,423
635,405,479,342,214,329,460,629,885,423
589,387,290,205,141,208,411,367,854,423
456,350,211,159,124,170,373,317,843,424
567,472,183,130,110,155,429,2,183,424
559,320,372,292,181,252,436,606,870,424
360,269,281,227,171,217,383,326,838,424
486,305,346,248,174,254,496,402,856,424
621,391,396,302,190,270,449,638,879,424
276,213,159,105,82,128,345,315,709,424
409,265,314,224,151,221,414,559,855,424
720,429,382,286,194,278,432,378,850,424
681,484,345,284,215,270,420,324,855,424
568,368,369,292,204,273,420,427,839,424
580,405,271,184,133,210,403,317,865,424
421,268,247,196,142,183,376,292,828,425
484,321,206,152,113,155,396,320,844,425
286,198,274,199,141,207,268,429,847,425
590,361,397,294,181,263,458,632,885,425
198,154,136,108,92,116,490,3,446,425
487,344,343,258,197,268,518,514,853,425
631,441,238,176,132,186,468,316,857,425
161,148,152,114,107,141,386,3,332,425
376,233,268,186,123,188,405,432,838,425
583,402,326,219,168,257,414,328,834,425
423,312,270,206,160,212,369,341,842,425
387,323,171,135,115,146,361,257,649,425
598,419,324,232,173,247,428,332,845,426
597,400,321,217,143,235,492,311,828,426
693,451,392,290,203,292,442,461,867,426
377,278,201,143,109,158,363,309,848,426
515,411,195,143,121,168,369,301,837,426
642,338,412,307,174,263,469,669,872,426
670,493,351,231,175,278,495,256,616,426
653,479,277,242,184,218,388,317,816,426
646,472,219,152,119,175,406,369,839,427
673,486,323,249,187,253,409,302,848,427
482,386,224,169,139,187,371,309,845,427
311,210,259,191,144,198,381,304,844,427
556,362,376,272,177,265,449,618,891,427
429,346,158,128,113,139,344,324,816,427
418,306,214,179,143,176,438,317,854,427
474,317,334,250,190,261,422,448,868,427
371,258,372,278,188,269,339,573,872,427
576,335,559,403,246,358,489,966,904,427
431,290,422,332,221,297,382,617,890,427
372,231,285,218,154,216,500,326,849,428
457,344,288,212,167,230,410,324,848,428
658,448,255,202,148,195,422,328,833,428
535,359,432,314,205,305,399,621,881,428
324,200,269,214,157,201,382,308,829,428
433,305,251,188,160,217,474,303,847,428
443,319,251,200,155,202,404,365,815,429
623,322,514,383,237,338,468,608,882,429
711,480,335,247,173,253,449,323,845,429
630,408,357,227,149,251,404,409,856,429
709,443,337,282,201,248,441,626,869,429
509,264,506,373,198,302,488,690,879,429
477,321,295,212,159,229,392,376,860,430
448,338,167,131,111,141,360,324,808,430
484,380,221,190,155,187,349,304,858,430
373,223,180,134,89,126,246,627,821,430
689,475,378,269,177,267,443,384,844,430
487,366,209,171,135,170,376,311,847,431
373,222,455,324,191,285,456,581,882,431
287,207,239,180,139,190,369,311,827,431
411,187,193,143,85,124,463,681,871,431
517,296,330,281,204,246,490,312,853,431
687,485,311,221,170,249,403,325,842,431
557,382,202,158,118,155,375,302,824,431
642,392,450,313,216,325,470,617,878,431
344,252,225,184,150,186,373,316,835,431
455,318,241,164,121,184,404,316,831,431
476,355,168,115,84,130,329,321,838,431
528,380,438,311,237,344,487,372,860,432
441,265,334,255,171,240,424,425,865,432
419,295,219,170,127,172,389,331,856,432
464,255,447,329,209,303,435,453,858,432
626,397,383,286,208,289,454,403,860,432
488,326,125,103,68,85,382,636,491,432
638,439,296,203,157,238,408,334,846,432
339,241,258,188,145,202,400,318,841,432
612,396,342,253,175,253,424,505,869,432
624,449,252,181,137,191,392,283,828,432
388,304,178,136,118,157,349,315,804,432
282,192,312,232,163,235,395,331,863,432
496,276,408,265,168,284,422,430,869,433
596,429,291,202,147,225,411,320,854,433
423,289,322,252,193,258,392,297,831,433
499,363,340,223,165,264,467,400,855,433
398,294,71,37,101,176,524,24,661,433
664,410,254,203,129,172,421,349,863,433
727,435,443,305,210,324,460,589,869,433
289,215,187,147,116,149,336,314,847,433
373,257,242,182,129,181,506,11,472,433
585,344,466,343,232,332,443,618,847,433
680,429,420,310,217,305,435,455,862,433
672,480,233,181,138,186,406,434,826,433
439,252,308,219,167,248,521,329,846,433
402,254,359,235,164,272,395,499,856,433
484,330,259,189,135,192,395,314,826,434
684,415,135,107,68,95,379,669,452,434
532,336,273,228,152,186,405,321,830,434
372,290,111,80,61,90,330,333,314,434
482,309,145,111,86,114,339,652,580,434
540,391,284,227,179,223,396,370,836,434
510,387,224,167,136,183,505,333,852,434
454,329,240,180,144,200,386,373,838,434
429,311,220,156,104,158,376,291,677,434
463,344,214,173,135,174,378,306,812,434
419,303,207,150,119,168,377,311,810,435
420,287,246,170,124,188,396,321,858,435
360,274,260,216,179,217,374,295,827,435
601,453,190,158,126,153,361,250,797,435
328,259,230,178,148,194,392,307,821,435
487,375,246,189,154,199,365,310,839,435
404,258,364,265,190,268,411,470,855,435
422,244,337,247,160,233,432,397,868,435
315,241,209,174,145,175,345,296,821,435
498,336,253,191,141,194,400,323,860,436
379,267,241,173,127,190,452,313,858,436
451,342,353,270,219,289,400,306,834,436
344,249,214,164,127,173,361,324,847,436
630,382,412,319,214,284,418,626,880,436
449,337,218,179,145,177,387,345,811,436
559,322,413,299,182,276,456,644,880,437
519,302,404,278,173,274,448,619,888,437
493,352,270,171,124,207,385,311,850,437
460,318,250,197,142,189,392,301,857,437
617,478,154,105,87,130,453,1,166,437
459,318,242,173,133,189,375,371,861,437
516,387,206,156,121,164,376,309,844,437
387,306,238,185,144,192,358,314,833,437
438,358,171,119,94,137,329,292,797,437
519,356,242,167,116,181,390,314,846,437
459,278,392,271,175,271,436,535,875,438
451,346,315,216,167,251,331,473,833,438
439,312,230,179,134,182,358,300,841,438
216,163,196,151,119,158,323,318,823,438
545,334,389,276,187,279,437,509,868,438
404,293,240,183,133,186,311,470,843,438
294,210,280,202,138,203,429,302,834,438
570,307,282,224,94,139,265,963,796,438
270,190,275,185,135,205,379,475,872,439
581,393,312,243,179,240,413,431,878,439
376,279,208,154,123,169,371,325,838,439
581,387,340,255,210,285,504,415,857,439
437,270,185,141,96,140,580,2,171,439
427,315,279,216,167,221,390,479,869,439
602,412,247,197,140,186,401,323,844,439
513,383,262,214,166,209,409,351,855,439
647,482,209,173,135,165,353,308,807,440
318,231,195,145,111,153,319,300,817,440
632,459,294,215,169,235,412,447,859,440
367,261,185,141,108,146,371,242,790,440
182,171,106,71,66,98,348,18,386,440
446,306,226,168,134,180,467,318,838,440
273,199,231,178,124,170,377,332,854,440
381,301,238,154,122,191,407,216,548,440
350,253,201,150,115,156,339,313,816,441
348,249,209,160,125,171,386,314,852,441
383,294,192,152,124,161,360,315,830,441
709,379,576,456,206,287,483,1023,919,441
571,386,405,313,219,294,440,469,891,441
711,456,298,233,167,218,427,620,861,441
414,302,204,154,117,163,386,332,833,441
398,289,229,183,147,189,373,311,837,441
417,268,374,276,187,273,427,429,853,441
213,180,110,77,67,94,329,1,225,441
341,245,228,162,123,179,389,312,849,441
480,381,193,156,130,164,371,317,757,442
503,386,271,206,153,206,356,497,849,442
703,444,198,166,107,142,387,642,483,442
233,195,117,87,75,101,314,156,724,442
585,293,435,330,194,285,466,661,877,442
592,425,336,261,194,259,386,293,839,442
419,277,235,176,129,185,391,324,837,442
435,351,254,170,134,211,336,293,827,442
515,301,306,239,172,233,483,508,857,442
548,330,347,265,177,250,445,634,873,442
353,226,207,165,118,155,364,318,840,442
438,290,252,171,114,176,520,324,824,442
336,195,375,256,166,255,489,452,864,443
554,333,306,239,159,200,549,356,837,443
442,259,332,237,156,235,363,561,855,443
552,383,148,100,76,115,334,307,826,443
502,329,292,249,206,245,486,310,821,443
646,389,295,234,157,211,474,444,856,443
592,329,475,359,225,318,389,848,897,443
242,228,123,84,80,116,368,50,757,443
622,389,409,296,194,276,431,577,879,444
358,297,185,127,111,164,333,203,790,444
460,328,290,206,160,231,403,326,843,444
667,447,384,307,222,283,428,531,887,444
565,416,246,179,144,202,381,318,846,444
522,250,380,257,162,255,530,399,867,444
477,364,224,162,137,195,365,320,843,444
325,241,225,173,136,184,330,305,828,444
445,339,192,139,113,160,362,317,814,444
343,229,322,244,177,244,409,440,789,444
572,384,298,244,182,234,428,320,841,444
386,322,121,91,78,105,306,191,786,444
428,342,118,89,74,100,389,360,497,445
467,212,504,374,155,232,399,847,905,445
630,419,423,334,246,322,486,424,848,445
635,393,380,285,187,261,456,628,869,445
468,304,316,229,152,224,391,557,874,446
614,452,289,238,190,233,387,456,854,446
230,192,207,171,142,173,282,304,822,446
488,365,226,179,140,185,385,314,833,446
364,221,180,123,79,125,461,585,861,446
472,378,432,311,254,357,546,61,453,446
335,214,342,247,152,220,430,649,874,446
497,317,344,259,215,284,541,318,843,446
407,320,259,208,159,205,350,298,805,446
367,276,260,205,147,196,356,377,828,446
358,269,224,177,135,174,348,314,836,446
602,432,327,244,181,255,418,515,851,447
589,378,389,298,216,291,436,597,889,447
579,335,447,326,234,335,512,523,859,447
484,359,263,194,145,196,387,206,809,447
696,458,338,281,188,243,414,340,850,447
497,279,435,324,213,314,519,576,864,447
649,425,387,307,211,280,453,567,887,447
580,406,267,206,152,206,370,308,825,447
671,438,423,260,175,311,418,413,852,447
316,202,217,166,121,166,382,310,853,447
429,238,322,229,159,234,402,613,774,447
520,373,307,255,196,243,403,384,828,448
409,279,265,190,142,206,384,306,840,448
721,447,307,215,147,220,437,423,837,448
412,283,399,311,212,291,602,4,559,448
643,452,349,254,178,259,424,448,849,448
678,460,308,229,166,236,400,311,823,448
436,247,389,303,207,280,447,551,880,448
444,305,312,229,171,244,394,382,856,449
714,467,426,354,212,274,451,638,890,449
227,183,184,153,127,152,296,292,837,449
449,330,313,227,170,240,395,336,860,449
355,259,210,147,111,169,364,301,833,449
441,303,241,161,119,187,373,321,828,449
644,433,336,247,168,244,417,321,857,449
547,371,309,218,148,226,414,268,823,449
308,214,314,211,135,220,409,469,856,449
606,331,374,305,190,251,440,631,865,449
503,332,335,248,170,239,412,515,866,449
453,303,302,223,148,214,406,361,858,449
334,244,222,175,138,178,358,268,814,450
594,436,202,167,131,162,372,310,835,450
570,419,237,164,120,186,376,317,806,450
276,201,214,145,107,166,348,307,852,450
336,234,298,220,162,231,374,314,843,450
522,303,382,288,180,254,429,572,867,450
569,428,293,190,150,238,397,319,836,450
613,421,297,223,155,218,413,334,836,450
356,277,154,116,92,124,292,304,738,450
484,305,351,253,174,256,423,505,872,450
370,256,257,191,146,204,397,314,843,450
405,264,237,184,133,176,369,321,829,450
683,436,300,219,164,235,493,467,865,451
704,433,397,307,208,275,443,594,865,451
695,482,362,278,218,287,479,513,852,451
594,407,312,218,154,233,424,489,852,451
605,440,311,249,195,247,410,319,821,452
513,382,252,191,149,200,400,406,860,452
598,342,402,317,212,286,438,602,872,452
633,498,118,88,71,97,400,355,685,452
568,386,329,249,180,244,424,456,853,452
208,174,101,81,69,87,327,2,184,452
635,470,236,171,133,189,389,323,820,452
572,402,300,219,166,238,393,314,842,452
304,198,251,179,122,184,398,317,848,452
459,354,261,187,150,209,391,315,827,452
255,203,179,146,119,148,324,300,820,452
530,328,358,286,202,259,417,472,853,452
502,378,189,161,132,157,379,297,831,452
687,358,519,425,231,305,490,668,872,453
545,374,335,248,184,255,426,324,835,453
536,398,218,164,131,179,382,312,806,453
402,305,199,167,136,163,386,352,847,453
676,473,260,183,142,210,410,345,859,453
437,315,280,199,151,229,368,317,847,453
383,270,264,196,153,216,373,356,825,453
503,373,215,177,139,169,385,310,842,453
293,230,209,167,131,167,343,326,839,453
355,200,263,196,133,186,408,336,864,453
410,281,252,191,134,186,383,400,853,454
421,257,391,292,189,276,415,588,862,454
347,251,229,191,137,173,396,315,841,454
467,323,249,159,118,193,387,304,855,454
252,212,218,166,140,185,334,336,837,454
269,182,296,218,143,211,387,301,845,454
377,297,255,174,141,209,351,296,832,454
539,366,478,338,231,354,456,871,866,454
578,374,305,225,160,231,398,512,858,454
476,341,266,207,159,209,381,339,839,454
458,328,314,220,161,236,364,421,849,455
232,163,208,162,121,162,358,320,827,455
407,318,113,77,59,89,305,326,605,455
479,303,274,229,174,209,402,387,862,455
614,453,474,342,264,384,532,148,523,455
608,417,331,225,157,246,421,311,876,455
536,306,343,230,144,231,411,554,869,455
510,345,202,158,116,154,390,340,826,455
627,458,265,206,157,208,383,417,856,455
524,275,414,309,202,283,502,642,873,456
523,297,392,277,173,263,468,636,897,456
676,435,366,270,191,274,430,492,877,456
527,319,281,228,152,191,471,332,840,456
408,308,217,151,121,178,363,301,798,456
462,362,259,204,165,219,440,325,792,456
673,457,328,256,186,241,435,358,860,456
389,289,249,183,136,197,343,299,818,456
659,476,258,191,149,204,400,329,842,457
457,296,263,206,143,196,396,320,852,457
468,305,355,261,181,259,433,556,862,457
266,220,198,152,122,164,338,307,822,457
628,474,199,152,122,161,378,356,768,457
524,361,214,149,103,154,360,304,839,457
240,180,230,169,125,173,291,336,848,457
393,263,246,210,159,192,364,388,840,457
590,444,237,165,124,186,381,319,836,457
549,416,294,236,184,235,388,309,843,457
561,414,259,175,131,200,409,334,836,457
551,313,382,277,176,264,441,653,891,457
426,306,272,233,163,198,393,348,833,458
533,407,284,224,180,231,360,337,847,458
409,244,290,235,156,204,362,535,838,458
685,377,507,406,245,326,459,611,887,458
377,299,232,171,145,200,331,290,812,458
285,216,237,182,142,192,333,357,851,458
501,381,224,178,138,176,392,325,855,458
565,326,390,274,181,277,628,6,568,458
424,275,306,207,150,235,414,365,853,459
484,318,268,204,142,195,385,409,857,459
581,372,404,320,209,278,437,630,867,459
334,193,199,166,96,132,423,1,207,459
350,279,236,177,142,196,358,287,837,459
266,193,272,196,132,198,323,436,847,459
481,284,421,294,193,292,489,640,893,459
337,280,103,88,78,91,310,317,784,459
284,200,250,194,146,192,342,363,839,459
577,390,321,239,170,238,417,524,854,459
328,244,322,227,167,248,388,428,849,459
467,328,279,194,142,221,363,443,864,459
494,334,286,208,149,216,401,342,839,460
508,362,139,103,75,105,368,323,825,460
414,275,208,153,113,161,368,329,788,460
652,450,266,194,141,203,405,325,834,460
419,246,308,230,146,210,399,562,881,460
360,210,290,211,141,206,398,433,856,460
405,316,226,173,136,177,365,321,833,460
478,339,233,174,139,190,381,333,801,460
560,337,348,241,165,252,420,550,868,461
597,438,237,191,150,187,387,310,831,461
525,358,203,159,124,161,461,310,825,461
527,337,369,282,192,265,414,546,880,461
591,414,347,247,190,274,394,318,851,461
708,437,375,284,192,267,508,499,872,461
530,413,156,148,124,128,355,313,806,461
249,202,181,135,107,147,272,304,808,461
457,286,242,196,137,177,398,310,848,462
500,353,377,288,241,322,493,365,837,462
448,309,272,223,164,203,305,523,859,462
412,307,259,208,151,197,371,345,831,462
585,427,273,216,169,220,389,304,861,462
235,173,223,177,128,169,342,306,843,462
461,360,338,247,191,264,419,592,855,462
678,427,514,382,249,351,480,643,867,462
547,359,450,335,250,356,539,523,872,462
698,470,294,233,161,218,437,326,846,462
262,229,165,117,107,150,413,4,515,462
410,270,281,210,147,208,391,312,832,462
541,332,246,192,135,181,398,500,838,462
701,453,411,285,187,292,449,612,871,463
360,246,270,207,157,210,400,311,862,463
323,227,194,154,120,156,372,326,830,463
621,435,224,161,122,177,374,317,841,463
624,414,278,207,144,205,375,530,875,463
400,275,294,272,214,230,414,384,842,463
594,420,185,143,105,139,368,316,820,463
467,321,153,112,82,118,335,317,742,463
628,417,350,261,173,249,381,557,855,463
241,146,154,102,68,109,408,347,838,463
462,337,302,246,193,247,464,320,847,463
649,436,244,194,135,177,392,317,843,464
596,393,305,205,158,242,492,502,867,464
392,318,181,151,125,149,323,306,771,464
618,437,206,158,117,155,406,331,839,464
443,325,385,269,187,282,417,577,876,464
547,380,227,171,121,174,401,322,758,464
662,405,391,277,191,284,432,604,857,464
337,210,284,199,144,216,449,324,857,464
324,238,281,232,185,234,372,300,839,464
616,384,280,214,154,211,473,431,840,464
415,260,420,318,218,308,438,642,879,464
518,417,219,167,144,190,375,322,832,464
437,338,281,234,169,212,368,436,851,464
230,187,122,87,74,104,539,2,458,464
535,373,344,261,185,252,444,327,864,464
506,330,341,217,140,236,423,459,865,464
498,302,248,182,128,183,405,438,849,465
413,300,154,130,100,123,327,312,811,465
493,275,343,280,180,234,441,638,879,465
504,346,285,215,157,215,410,361,850,465
564,364,229,174,114,163,374,393,829,465
505,343,251,182,132,183,397,333,853,465
336,250,212,162,127,164,399,336,820,465
542,387,223,160,115,171,366,324,844,465
520,315,322,241,163,234,419,513,855,465
570,345,340,268,223,286,509,315,839,466
541,359,412,294,221,317,422,474,856,466
336,288,146,122,107,130,325,113,796,466
634,377,555,368,214,352,526,232,577,466
571,366,292,238,147,192,390,281,824,466
493,361,203,153,116,160,377,313,833,466
580,398,309,235,167,226,430,325,842,466
461,356,176,119,93,139,333,311,764,466
398,275,257,211,162,198,395,374,855,466
440,315,129,102,77,100,367,313,651,466
328,233,289,241,177,219,382,319,837,467
594,349,448,331,235,327,446,637,838,467
330,273,119,96,89,108,389,80,500,467
560,374,294,237,203,250,527,325,840,467
475,374,207,170,140,172,393,322,810,468
527,340,294,224,167,228,407,473,859,468
528,354,365,264,175,265,440,472,862,468
348,265,226,173,137,186,377,303,839,468
521,404,226,174,144,190,360,316,830,468
443,240,360,257,153,246,434,611,858,468
477,316,397,279,208,306,517,500,877,468
405,292,267,221,183,228,465,323,841,468
412,269,319,202,136,225,487,328,858,468
472,265,371,290,174,248,448,649,864,468
432,283,242,202,151,189,372,323,801,468
524,327,170,133,84,115,372,328,358,468
692,491,318,241,178,243,411,311,830,469
362,227,277,219,149,201,397,332,858,469
490,286,446,347,243,327,426,641,888,469
473,356,205,156,130,172,436,308,825,469
356,281,179,121,100,151,373,297,795,469
425,324,299,195,144,234,389,297,830,469
676,459,174,128,94,132,432,323,735,469
445,218,392,305,191,260,430,657,873,469
284,189,318,219,151,231,391,378,864,469
447,334,245,182,143,197,426,306,839,469
622,440,253,198,148,197,393,335,836,470
415,265,323,250,178,247,419,458,865,470
309,230,223,172,130,174,388,315,838,470
645,492,162,112,82,127,458,323,448,470
412,317,241,155,125,199,455,308,825,470
239,202,285,239,213,250,408,309,844,470
445,300,256,214,152,191,376,361,840,470
504,320,367,288,209,269,427,526,858,470
444,340,265,217,167,209,369,348,853,470
362,232,338,248,160,239,425,567,871,470
655,471,261,200,141,195,404,460,853,470
456,336,292,225,171,224,455,304,850,470
320,241,231,181,143,189,378,318,836,470
439,326,268,202,161,216,405,310,840,471
340,249,288,225,176,230,375,299,833,471
617,459,248,196,154,200,375,299,827,471
440,276,234,179,127,172,350,619,861,471
582,404,260,210,159,207,409,318,838,471
538,343,264,200,135,190,408,353,856,471
650,462,355,224,169,278,487,403,860,471
457,314,358,256,176,268,422,342,854,471
580,402,343,271,194,258,419,454,866,471
615,445,259,185,140,205,390,307,850,471
500,357,324,237,147,206,525,388,856,471
394,260,254,187,128,187,350,463,845,471
642,437,269,221,149,192,410,316,845,472
465,294,220,174,122,159,361,654,858,472
635,451,320,250,193,258,410,465,854,472
543,321,387,294,195,281,421,509,860,472
317,263,206,142,118,176,359,311,780,472
409,286,116,91,73,94,298,632,496,472
491,360,198,146,110,154,354,291,834,472
312,255,208,144,120,175,352,313,835,472
220,182,120,91,81,106,293,136,767,472
438,354,165,113,98,144,410,103,787,472
722,482,286,211,153,215,412,459,843,472
309,160,380,294,144,207,570,7,505,473
390,299,154,118,92,123,350,306,731,473
324,248,165,129,105,139,335,320,777,473
516,368,282,203,154,222,412,397,857,473
650,419,388,286,207,288,412,482,875,473
457,290,270,215,148,198,375,473,851,473
656,431,366,262,186,272,438,399,856,473
419,303,295,225,163,225,393,383,838,473
628,441,346,261,190,253,408,319,845,473
433,352,187,144,116,154,361,184,802,473
651,448,309,263,173,215,371,596,848,473
605,439,246,163,130,206,448,151,724,474
479,322,261,206,149,198,379,472,835,474
387,287,216,176,145,181,356,302,828,474
625,372,334,245,161,236,492,517,859,474
514,366,232,179,132,180,385,322,851,474
341,266,187,144,112,153,303,307,822,474
545,396,293,222,165,225,380,302,848,474
393,316,228,148,119,186,349,292,819,475
631,419,316,254,190,240,411,382,852,475
529,408,213,171,145,182,352,309,827,475
466,234,421,307,177,277,437,655,891,475
427,328,137,112,92,112,329,318,728,475
654,440,301,224,155,227,409,330,844,475
558,434,230,159,131,191,375,305,838,475
475,369,197,157,134,165,343,310,809,475
454,275,328,264,182,238,417,398,833,475
468,261,437,309,200,311,464,664,882,475
346,284,99,84,72,87,350,117,482,476
526,407,213,174,137,175,356,294,830,476
732,489,369,293,222,291,436,494,861,476
492,350,220,157,129,186,603,8,47,476
609,439,252,226,170,195,392,316,835,476
617,343,360,262,164,238,506,396,866,476
499,348,257,185,134,186,495,309,838,476
626,437,294,217,164,229,433,357,855,476
521,321,296,221,152,216,400,468,844,477
585,464,335,211,162,268,460,233,751,477
685,424,364,282,182,254,441,606,863,477
527,336,310,243,174,229,468,431,851,477
367,274,217,149,109,165,374,293,842,477
512,388,299,193,137,225,437,317,843,477
568,434,254,233,191,212,368,291,804,477
504,285,393,291,189,265,435,635,891,477
510,308,453,347,230,329,421,637,877,477
573,323,406,312,193,273,450,593,872,477
355,240,235,172,114,165,447,81,778,477
558,367,315,231,164,237,411,322,853,477
333,245,225,149,102,166,353,318,811,477
302,235,220,194,153,175,347,313,813,477
717,465,352,266,170,245,415,619,868,477
571,330,443,342,226,315,466,512,861,477
532,339,307,243,180,232,503,376,840,477
580,369,313,246,170,229,410,567,882,478
316,238,216,155,114,168,385,306,813,478
483,356,213,163,128,175,353,303,841,478
590,439,208,156,127,171,376,314,829,478
408,302,296,207,162,237,373,297,826,478
654,440,382,250,165,272,431,351,851,478
386,287,277,223,168,215,324,477,861,478
518,406,262,184,152,224,450,352,835,478
497,368,246,181,145,203,364,299,825,478
593,431,272,214,161,213,410,313,823,478
467,248,422,291,177,271,441,595,872,478
508,408,211,156,130,177,368,329,799,478
462,353,317,234,184,258,432,373,842,478
616,429,269,203,147,207,414,328,836,479
423,290,305,223,176,245,419,313,853,479
330,219,250,199,145,191,388,315,839,479
615,487,232,148,116,187,373,319,817,479
587,416,257,183,142,208,406,311,847,479
384,262,289,197,146,226,417,353,832,479
702,447,329,273,194,250,497,319,858,480
642,406,424,322,223,306,451,580,862,480
550,408,283,212,158,221,435,319,834,480
214,179,136,100,87,119,340,103,765,480
454,289,308,218,144,216,419,352,868,480
447,324,277,199,140,209,393,295,845,480
395,312,205,146,119,169,587,2,525,480
522,309,341,255,173,240,414,529,864,480
586,443,171,128,102,136,349,309,715,480
577,402,231,156,116,181,398,317,830,480
547,330,180,133,82,119,498,355,860,481
345,244,242,180,130,183,317,366,833,481
510,367,217,164,125,171,388,312,838,481
441,366,281,199,175,245,390,318,841,481
473,300,411,328,207,275,428,489,837,481
341,282,256,171,153,230,474,324,830,482
607,411,371,307,227,280,415,355,876,482
669,385,479,359,206,301,483,659,876,482
446,313,120,85,60,90,183,632,478,482
563,344,452,344,228,314,445,615,878,482
462,362,254,170,132,205,395,320,792,482
382,256,252,199,149,194,385,363,823,482
345,253,281,194,136,206,292,395,853,482
638,454,301,215,161,232,397,375,849,482
280,168,358,276,166,233,356,595,870,482
250,188,243,154,115,186,366,316,845,482
553,424,186,144,111,147,368,315,837,483
319,238,314,245,181,243,407,2,218,483
385,224,339,258,175,244,400,636,863,483
424,313,246,184,141,191,373,331,843,483
505,358,296,234,181,236,398,334,853,483
690,397,380,285,169,251,417,343,855,483
724,464,379,282,195,274,419,433,855,483
631,456,232,189,145,182,396,311,816,483
335,267,224,170,134,181,336,304,813,483
688,473,303,237,168,225,425,336,845,484
248,187,227,177,135,178,334,315,829,484
550,379,276,210,171,227,474,282,530,484
413,245,357,261,172,249,436,427,869,484
695,472,240,195,137,177,402,389,845,484
386,240,292,232,170,219,407,305,840,484
387,295,300,226,181,251,393,319,831,484
321,269,163,118,104,144,312,303,814,484
668,382,509,366,238,358,523,649,895,484
557,396,300,217,151,216,415,365,839,484
451,282,275,211,149,206,377,385,841,484
605,447,235,197,149,186,380,309,825,484
675,435,436,283,187,317,430,549,871,485
722,443,318,256,180,241,475,427,840,485
423,299,272,200,158,223,403,426,850,485
314,244,195,153,118,153,347,318,828,485
555,415,224,160,122,176,368,314,839,486
405,328,205,138,110,169,323,299,833,486
497,386,251,196,164,209,365,310,837,486
698,424,524,374,230,352,469,606,888,486
533,364,271,211,154,205,391,310,851,486
593,339,282,213,143,200,480,485,872,486
358,251,262,198,144,198,334,407,850,487
373,253,281,212,157,224,388,317,840,487
512,359,356,282,201,262,402,641,879,487
524,368,307,229,173,236,425,361,867,487
333,220,314,252,174,231,375,603,861,487
541,384,244,230,196,210,475,328,837,487
324,197,250,199,139,181,394,330,833,487
620,407,310,215,155,233,399,442,842,488
661,448,265,192,147,204,413,326,840,488
380,253,279,198,150,221,403,330,850,488
595,373,528,387,247,342,434,812,908,488
401,248,253,187,133,186,389,339,857,488
332,227,243,174,133,193,377,314,856,488
609,439,222,192,160,187,469,321,848,488
608,388,368,296,214,271,426,543,848,488
665,368,169,133,81,115,438,639,491,488
608,415,284,228,171,216,409,528,876,488
411,299,266,191,156,215,389,320,849,489
524,399,282,224,186,235,411,329,846,489
422,281,294,200,128,206,395,316,843,489
534,426,171,132,111,146,345,319,814,489
474,348,243,210,165,195,397,290,830,489
560,398,476,346,247,355,490,597,884,489
677,357,498,392,255,336,484,698,896,489
417,324,154,108,87,133,338,276,817,489
238,144,233,141,85,150,436,691,873,490
592,353,378,288,178,256,427,515,860,490
270,188,288,228,170,219,343,469,859,490
288,227,181,142,111,143,336,315,828,491
382,310,310,229,175,246,473,311,824,491
328,260,142,102,91,126,337,152,534,491
531,335,226,179,128,173,488,321,818,491
586,386,432,304,232,338,541,423,859,491
326,234,175,129,99,138,317,305,827,491
718,479,325,259,179,241,414,474,867,491
615,441,458,336,247,349,496,559,851,491
283,215,177,133,104,143,317,324,830,491
340,217,324,248,183,243,420,307,850,491
496,358,153,118,95,122,344,322,759,491
312,245,248,186,143,196,352,299,852,491
528,362,301,216,161,232,463,408,832,491
479,317,313,235,168,238,419,346,861,492
473,375,262,209,165,218,395,387,869,492
415,261,285,191,116,190,409,310,855,492
511,305,356,277,161,219,396,616,892,492
491,319,276,224,165,206,389,417,851,492
675,445,261,207,143,188,411,465,841,492
473,312,326,241,160,225,427,458,871,492
583,369,381,290,200,273,425,628,886,492
602,445,226,184,138,173,391,325,832,492
402,282,253,179,136,197,398,321,848,492
655,416,333,234,151,231,430,334,854,492
354,265,218,171,142,186,329,305,788,492
501,328,238,175,122,174,380,348,843,492
488,375,132,87,70,110,340,324,722,492
647,390,431,331,197,257,564,649,853,493
488,357,297,215,170,244,377,314,827,493
547,346,280,209,142,198,403,309,830,493
434,323,220,157,123,182,361,306,848,493
485,358,231,196,165,194,376,317,843,493
614,378,275,207,144,195,480,587,866,493
565,462,115,92,81,101,374,251,809,493
285,229,227,161,137,198,477,124,654,493
526,328,366,285,212,283,487,582,877,494
429,285,320,235,174,245,413,368,844,494
556,352,497,369,227,326,417,633,888,494
509,360,269,207,158,213,370,467,869,494
434,315,232,176,142,188,367,417,843,494
420,249,407,310,203,277,441,595,888,494
615,422,248,197,145,192,410,311,870,494
213,170,181,144,118,150,278,296,842,495
524,349,254,188,145,199,473,194,640,495
199,170,110,85,75,98,432,3,387,495
657,427,258,190,129,186,466,319,849,495
428,260,451,328,204,300,427,510,881,495
668,472,286,216,167,231,416,332,852,495
504,372,231,177,137,182,380,314,844,495
633,357,397,294,159,239,449,649,898,495
511,287,459,352,212,302,462,794,899,495
603,369,373,280,193,266,403,534,870,495
662,452,255,180,135,197,405,344,854,496
442,370,320,231,196,274,460,340,842,496
587,443,198,151,115,161,382,318,819,496
462,301,347,267,180,244,419,644,859,496
711,460,359,260,174,258,432,414,864,496
481,321,297,218,164,228,414,549,881,496
603,422,346,268,214,283,492,467,870,496
725,459,220,175,123,164,495,316,826,497
713,450,371,280,201,266,421,530,852,497
334,266,264,201,161,212,332,297,842,497
424,312,236,195,144,184,327,231,815,497
394,253,336,250,178,253,375,625,873,497
468,353,235,172,131,183,362,318,829,497
576,417,237,186,145,191,377,297,799,497
539,382,243,168,125,183,391,295,830,497
619,448,313,252,203,254,418,397,872,497
481,354,244,195,151,193,385,311,848,498
408,322,252,177,144,209,365,305,833,498
475,365,124,92,77,105,329,322,604,498
437,331,188,131,101,149,364,317,819,498
257,166,193,142,91,132,429,316,821,498
560,390,269,198,148,211,386,514,861,498
518,360,222,168,127,172,396,310,848,498
402,241,329,239,158,232,442,453,855,498
666,453,256,193,124,178,586,2,529,498
639,398,523,362,227,352,465,636,887,498
330,244,240,188,144,189,395,322,847,499
507,316,298,213,141,207,422,374,836,499
538,365,212,154,116,163,362,308,776,499
434,377,181,130,118,165,426,86,483,499
549,342,361,288,198,257,445,518,861,499
639,491,368,275,196,281,483,518,855,499
729,454,381,317,221,272,439,400,835,499
267,201,209,169,138,171,329,302,840,499
216,188,131,98,84,113,290,145,781,499
709,456,408,333,223,288,442,621,892,499
581,350,305,227,151,214,422,483,855,499
444,343,262,193,166,228,369,308,834,499
404,279,253,172,127,195,395,317,833,500
438,289,284,215,164,220,385,431,838,500
378,260,311,224,162,231,480,308,863,500
477,314,269,187,140,206,398,307,852,500
507,291,350,252,170,247,415,538,871,500
574,367,339,269,182,242,406,609,874,500
564,432,173,142,115,143,350,312,829,500
427,328,185,121,97,157,355,306,712,500
491,313,279,197,143,211,406,415,844,500
432,335,173,138,112,142,352,316,830,500
386,293,267,199,148,208,364,368,843,501
606,372,377,291,192,263,448,475,850,501
284,205,260,210,159,195,339,401,847,501
337,253,231,169,124,179,349,293,845,501
590,359,455,332,221,319,440,599,872,501
408,299,269,214,177,227,454,317,812,501
357,261,234,168,128,186,373,304,829,501
490,328,271,225,160,205,387,376,858,501
721,459,318,239,168,232,432,459,860,501
453,324,305,201,167,256,507,320,845,501
537,387,267,204,161,217,405,313,825,501
647,453,293,240,166,215,409,415,844,501
600,413,276,208,156,213,421,362,856,502
214,197,107,78,75,100,446,49,369,502
377,258,180,138,102,135,415,132,458,502
560,410,113,92,73,92,339,648,390,502
647,438,327,251,181,237,407,571,865,502
368,294,224,155,127,189,344,299,839,502
342,279,202,162,131,164,338,308,821,502
578,329,318,253,153,209,436,547,852,502
382,265,327,226,177,257,491,400,859,502
367,210,348,250,163,242,406,537,839,503
476,287,316,230,151,218,434,520,881,503
606,420,360,268,186,268,422,387,840,503
255,193,210,151,115,165,333,306,824,503
669,468,272,200,141,201,406,338,849,503
567,363,354,275,200,273,433,482,870,503
360,227,230,168,126,176,457,324,833,503
356,272,194,162,131,156,347,154,804,503
569,367,127,99,65,92,304,619,480,503
321,261,213,149,117,172,318,309,819,504
644,446,320,250,183,245,431,404,842,504
528,345,285,183,127,209,405,316,838,504
370,256,127,84,64,101,382,319,821,504
425,287,334,230,150,233,404,474,882,504
548,299,393,287,176,265,449,624,880,504
370,263,291,218,170,229,394,334,862,505
689,470,225,174,127,169,397,332,842,505
514,341,229,176,125,167,405,312,845,505
593,417,361,259,185,268,491,455,852,505
580,366,304,253,177,213,403,494,854,505
558,418,185,146,121,155,358,312,768,505
682,425,407,314,202,274,418,622,897,505
435,295,316,260,175,224,363,639,864,505
423,314,260,199,154,212,359,302,808,505
580,405,472,318,210,339,621,6,580,505
468,366,279,181,132,214,480,313,826,506
440,326,205,163,130,163,378,325,844,506
305,234,197,147,122,164,335,312,833,506
427,302,356,264,181,258,368,442,858,506
621,440,302,217,173,246,391,322,822,506
695,478,362,254,170,262,428,410,842,506
381,248,254,200,144,192,351,458,870,506
533,406,217,170,136,175,446,312,827,506
512,352,295,207,155,237,391,386,833,506
402,263,269,221,155,203,404,302,839,506
512,373,240,164,125,186,375,330,832,506
321,263,181,130,109,154,322,183,811,506
382,254,292,205,152,233,396,434,840,506
350,197,125,97,57,84,319,651,388,507
624,453,248,184,142,198,418,318,840,507
427,350,212,153,115,166,488,244,761,507
593,464,225,169,138,189,367,309,832,507
458,342,170,144,120,141,356,325,819,507
537,307,291,226,156,214,501,370,845,507
510,347,283,216,150,217,389,359,849,507
406,226,369,287,182,251,427,583,884,507
479,324,256,196,144,196,407,318,854,507
610,412,331,245,176,247,416,421,866,507
407,299,277,212,159,215,327,469,867,507
643,428,301,227,161,225,426,345,836,507
397,247,275,210,146,203,469,514,849,507
270,170,141,117,79,98,555,1,155,507
641,433,344,242,179,266,430,389,856,508
368,284,292,223,173,238,445,360,852,508
673,413,362,270,169,250,435,622,869,508
176,169,91,55,53,86,299,53,291,508
475,290,329,218,146,232,530,313,851,508
450,321,225,173,128,175,370,322,846,508
658,447,354,261,201,281,449,506,854,508
460,317,312,258,193,245,402,372,860,508
622,426,241,185,138,188,405,399,843,509
482,340,240,178,143,193,435,314,836,509
375,236,314,219,155,231,435,344,868,509
458,383,100,73,64,86,373,1,213,509
398,285,218,167,134,181,365,312,834,509
479,272,356,269,179,256,432,618,875,509
678,374,310,229,152,217,476,416,855,509
346,257,229,178,133,173,280,483,859,509
424,279,307,248,180,233,419,430,864,509
699,419,340,272,164,220,419,585,876,510
565,322,284,220,133,186,437,663,884,510
478,372,174,141,116,143,358,299,816,510
686,401,377,298,198,258,440,551,870,510
470,354,265,196,142,202,427,318,828,510
712,487,384,261,198,300,471,287,838,511
383,238,285,221,162,212,373,392,848,511
355,248,195,142,107,150,430,320,817,511
335,256,185,146,115,154,343,321,833,511
418,312,187,141,117,157,360,323,825,511
702,468,392,283,196,285,432,510,873,511
599,329,412,305,180,259,487,1023,808,511
642,455,309,261,197,235,391,385,856,511
449,358,272,214,158,201,507,311,828,512
686,450,146,103,75,108,404,543,385,512
528,360,291,231,178,231,398,313,825,512
601,302,180,137,108,144,499,322,819,512
502,322,311,218,151,222,413,442,861,512
536,417,124,104,81,98,355,318,659,512
673,422,407,313,208,290,465,610,888,513
591,430,263,191,142,206,394,316,839,513
353,287,204,170,143,173,340,319,836,514
710,404,518,370,220,332,506,637,890,514
441,304,292,210,157,230,417,470,818,514
582,334,476,347,220,338,455,637,893,514
267,180,194,141,103,146,373,267,845,514
591,356,336,252,181,253,492,544,872,514
520,433,156,125,111,137,319,313,776,514
338,238,220,168,127,170,371,306,855,514
486,341,247,186,140,196,394,309,864,514
675,405,323,256,175,234,430,504,860,514
622,360,470,325,213,315,464,622,845,514
406,292,239,188,142,189,378,315,835,514
671,405,595,426,262,374,481,700,909,514
416,293,226,165,116,163,370,294,836,515
532,383,147,110,81,110,411,1,198,515
577,428,224,165,131,179,384,307,829,515
459,306,340,270,197,253,399,460,853,515
638,429,331,266,191,243,398,489,850,515
197,159,181,142,115,150,303,305,823,515
557,402,329,230,192,277,500,400,870,516
524,342,259,200,143,192,394,353,858,516
581,338,462,317,196,310,445,628,903,516
633,380,356,264,144,206,419,616,882,516
262,203,225,204,160,179,329,297,831,516
526,397,344,280,220,275,450,353,851,516
559,378,248,180,129,189,392,306,839,516
354,264,218,161,127,178,351,194,828,516
291,225,282,289,221,217,442,1,248,516
547,367,348,267,192,265,415,474,864,517
325,287,205,128,103,171,402,104,772,517
529,322,367,299,205,267,423,536,871,517
457,309,235,175,135,183,486,323,835,517
629,399,364,249,162,251,414,437,853,517
469,360,321,219,165,247,375,332,850,518
444,321,239,177,143,194,388,300,851,518
501,330,276,210,144,200,361,438,852,518
434,302,222,161,118,172,403,330,837,518
490,374,248,179,138,196,368,297,855,518
621,379,258,169,103,173,442,347,830,518
670,426,429,320,217,301,647,5,587,518
555,394,189,151,114,146,341,304,796,518
584,417,178,150,110,138,392,327,795,518
381,259,256,212,151,190,366,314,835,518
304,230,239,174,134,194,336,428,827,519
301,214,110,79,60,84,398,333,393,519
611,406,331,237,184,264,409,370,852,519
397,284,223,160,118,169,371,311,837,519
555,291,389,330,193,252,396,637,861,519
485,407,111,81,71,99,295,320,619,519
549,317,400,304,195,275,416,559,891,520
720,437,310,247,158,211,412,323,855,520
560,362,234,173,132,183,473,316,843,520
499,282,367,289,181,247,458,604,876,520
500,366,246,194,147,194,435,315,842,521
510,366,214,154,112,165,390,314,844,521
482,340,217,164,124,168,392,313,834,521
353,215,262,206,149,192,402,462,849,521
397,302,238,202,172,203,385,314,840,521
424,321,292,204,167,242,436,428,915,521
440,343,194,151,125,168,360,316,857,521
713,490,289,217,157,223,428,309,837,522
561,332,422,324,213,299,455,642,896,522
433,310,205,155,120,161,380,323,832,522
467,288,262,200,139,187,485,342,836,522
660,425,369,276,193,274,412,505,864,522
392,255,252,181,124,183,402,348,864,522
313,215,306,234,165,231,275,617,867,522
521,369,338,263,192,250,406,441,862,522
364,247,269,233,175,205,461,265,798,522
612,410,419,344,238,295,466,632,876,522
484,351,243,188,133,181,385,314,834,523
518,324,296,233,167,223,412,536,845,523
630,393,361,276,180,254,433,601,872,523
339,208,388,282,172,254,341,623,881,524
330,190,156,138,85,96,586,1,181,524
288,207,249,187,133,187,403,303,845,524
554,453,128,96,82,109,321,325,771,524
550,401,264,203,174,229,479,322,852,524
646,358,342,263,181,243,437,619,885,524
521,333,258,202,150,198,401,369,836,524
639,431,249,201,141,187,403,449,861,524
404,273,294,230,164,217,402,308,826,524
529,379,202,151,117,160,383,329,846,524
497,301,261,194,129,180,419,642,853,524
208,159,253,179,139,203,365,299,835,525
460,306,315,236,173,240,425,472,868,525
571,355,310,234,161,231,411,493,864,525
593,437,238,158,126,195,369,314,835,525
366,275,187,150,120,156,347,315,816,525
207,149,221,155,122,179,317,308,837,525
423,322,214,175,142,174,366,316,818,525
607,446,244,164,121,189,383,303,837,525
488,376,234,186,156,197,382,253,852,525
391,265,318,237,167,238,420,370,851,525
591,384,255,184,123,176,502,314,837,525
514,328,330,246,172,239,409,485,844,525
494,374,279,204,180,248,479,326,830,526
394,205,141,112,70,90,627,0,135,526
492,317,281,223,162,214,391,371,850,526
473,326,220,166,117,162,373,310,856,526
564,351,320,244,169,238,404,592,869,526
536,374,214,160,133,182,470,322,831,526
397,270,299,225,165,231,395,331,851,526
541,276,449,334,158,224,408,794,905,526
346,232,295,229,163,214,340,513,872,526
437,245,290,209,133,199,430,512,858,526
658,485,297,223,172,236,394,321,842,526
470,340,245,201,147,182,392,339,833,526
326,279,143,117,108,129,390,176,782,526
547,410,256,193,151,208,402,324,832,526
389,228,305,227,153,220,383,553,868,526
435,267,385,271,194,281,388,597,872,526
619,398,370,282,195,265,425,581,883,526
509,353,271,218,168,215,385,366,830,526
591,380,348,283,178,229,418,341,854,527
538,381,270,201,152,215,400,328,836,527
471,310,335,269,195,253,398,457,870,527
304,245,187,146,121,154,304,309,833,527
545,335,321,243,162,228,420,473,863,527
281,145,195,149,87,126,653,0,179,527
464,388,225,160,141,198,378,357,863,527
397,257,220,182,135,168,441,315,848,528
305,242,195,145,112,157,336,310,850,528
388,290,259,197,161,213,380,412,841,528
509,363,218,166,127,174,382,310,836,528
621,429,282,217,160,213,423,323,849,528
436,309,300,227,180,242,396,349,864,528
675,413,388,315,205,268,440,641,859,528
645,329,490,384,228,307,558,513,859,528
361,266,171,126,101,142,329,317,820,528
335,234,358,268,207,282,450,327,829,528
313,227,296,205,149,224,403,412,864,528
464,264,396,283,186,277,426,560,889,528
297,224,211,155,106,152,586,3,529,528
304,221,190,151,119,151,342,302,825,528
685,372,378,287,170,239,429,595,860,529
436,252,328,213,156,251,519,399,852,529
625,403,209,173,117,152,410,382,837,529
196,175,150,113,96,130,415,2,183,529
495,376,249,176,140,203,389,360,833,529
512,404,235,175,142,195,383,296,845,530
407,275,293,212,146,214,373,537,853,530
195,142,229,177,133,181,328,311,842,530
213,181,179,141,117,152,281,295,834,530
529,298,420,326,202,279,453,633,891,530
583,372,378,279,192,270,411,451,852,530
559,403,194,149,110,154,373,310,815,530
406,311,231,166,129,187,425,323,816,530
363,260,338,254,198,276,369,427,860,531
458,334,269,208,176,230,448,351,844,531
564,433,239,175,139,194,381,315,840,531
470,290,266,199,128,186,398,499,858,531
317,208,289,222,162,214,405,348,849,531
638,420,336,244,167,241,411,508,865,532
637,433,279,216,163,218,403,466,843,532
489,370,170,122,94,136,339,319,804,532
351,267,214,157,126,175,362,321,827,532
670,465,200,157,115,152,445,311,820,532
435,341,214,170,132,170,372,314,836,532
482,321,306,220,157,232,479,449,861,532
439,317,219,173,135,174,359,235,795,532
356,278,193,141,120,163,358,252,838,532
511,401,204,144,122,176,359,315,829,532
496,335,294,217,170,235,393,506,856,533
384,262,246,188,146,199,372,355,830,533
424,237,353,295,189,237,403,635,871,533
476,350,235,183,144,189,366,310,842,533
457,357,179,137,106,143,338,320,740,533
585,409,248,182,133,193,359,416,856,533
652,362,361,232,124,216,573,471,860,533
406,307,282,212,170,228,374,311,846,533
701,435,322,246,169,233,423,490,855,533
371,294,253,161,126,207,522,8,584,533
407,332,246,185,153,205,492,328,836,533
478,324,345,259,189,268,420,529,865,534
665,454,284,208,148,214,431,329,852,534
525,287,413,343,236,302,512,310,834,534
518,318,329,254,200,269,485,345,871,534
363,263,267,208,160,211,328,542,860,534
668,396,488,338,229,364,440,562,874,534
581,439,253,173,136,205,391,444,861,534
482,354,111,93,71,85,347,322,602,534
607,436,271,212,166,218,405,346,853,535
394,280,230,187,136,172,363,322,860,535
573,453,232,188,154,193,428,307,854,535
709,467,422,312,195,292,428,519,866,535
683,440,371,270,185,271,449,630,853,535
571,362,285,216,154,214,389,386,863,535
525,407,132,89,73,113,322,327,323,535
374,252,195,162,122,148,394,303,837,535
441,306,308,221,165,234,434,641,852,535
553,324,388,307,189,262,424,639,880,535
533,354,402,268,174,280,432,465,860,535
594,410,259,193,147,199,411,434,839,535
557,437,426,320,232,322,401,626,900,536
303,223,233,186,151,199,380,295,799,536
342,246,191,135,102,151,365,305,831,536
391,307,104,73,61,87,299,315,583,536
603,376,336,240,167,252,396,621,859,536
729,410,381,271,149,232,435,611,905,536
447,318,265,190,149,215,370,308,837,536
517,384,281,211,154,214,436,372,853,536
701,418,301,224,140,202,424,378,867,536
318,203,176,139,108,138,419,310,831,537
551,329,379,300,208,264,420,497,888,537
676,379,472,345,218,319,460,630,886,537
655,395,426,346,237,310,438,620,871,537
444,332,205,156,122,165,355,306,826,537
608,409,251,186,130,180,417,305,844,537
649,385,206,150,86,120,408,549,530,537
572,389,336,265,178,237,452,445,866,537
543,403,449,257,191,361,401,294,834,537
498,364,347,242,188,281,414,487,849,537
629,363,355,263,180,253,385,609,874,537
562,417,199,154,128,167,383,309,841,538
702,403,435,337,235,315,469,659,879,538
545,418,230,170,134,181,387,332,832,538
528,367,428,321,223,316,493,553,857,538
508,290,455,370,234,300,421,647,896,538
387,251,243,203,141,177,408,292,623,538
401,297,274,210,169,224,396,313,832,538
653,425,412,303,207,295,432,551,871,538
503,392,192,168,143,164,374,323,858,538
601,413,301,229,174,239,408,353,865,538
563,415,201,151,117,161,377,317,826,538
367,261,221,155,117,175,377,312,839,538
396,286,213,162,129,173,373,314,829,538
524,350,281,209,150,213,420,334,841,538
728,485,287,204,139,209,400,389,852,538
595,431,226,175,133,183,383,312,822,538
503,294,451,338,235,337,455,650,874,538
532,358,362,265,192,281,445,363,855,539
669,393,483,352,204,309,467,612,888,539
406,280,230,173,127,176,383,315,838,539
506,407,197,136,119,171,361,322,837,539
341,244,219,151,105,160,364,307,831,539
251,201,172,132,107,144,298,334,808,539
336,195,319,232,150,225,387,557,858,539
587,432,283,206,169,235,504,370,827,539
475,332,251,198,154,197,372,308,790,539
290,223,239,189,143,184,364,299,829,539
341,239,314,232,175,242,498,319,860,539
665,453,328,230,169,252,465,353,860,539
485,333,285,203,146,211,406,353,853,539
501,373,254,198,157,201,399,307,865,539
467,311,237,161,113,178,384,308,818,539
174,134,203,176,133,153,660,0,960,539
550,370,406,292,196,285,385,526,827,540
698,450,272,209,151,199,424,323,842,540
361,252,260,184,139,203,391,373,836,540
555,401,227,178,137,182,384,323,841,540
422,303,210,148,112,163,334,368,826,540
485,385,123,72,50,92,414,293,433,540
554,310,380,263,174,259,430,527,869,540
536,341,335,240,166,236,406,494,858,540
699,468,285,216,153,208,387,317,843,540
435,322,211,169,133,165,377,303,844,541
468,379,119,87,76,105,333,321,651,541
702,408,454,347,224,315,451,646,883,541
547,397,223,178,133,172,372,284,836,541
606,378,400,298,210,302,437,545,876,541
577,409,286,246,182,217,404,307,839,541
565,338,362,292,199,260,486,542,856,541
465,298,319,263,168,213,355,441,861,541
431,236,334,243,157,232,425,625,874,541
322,238,210,182,141,169,378,311,852,541
382,304,158,120,101,132,313,311,816,541
549,301,514,379,232,343,468,642,888,541
547,387,179,142,108,144,372,325,839,542
499,338,290,222,173,229,395,304,844,542
691,420,375,275,202,288,447,597,864,542
261,187,274,209,154,207,344,326,843,542
459,375,181,125,107,157,377,182,666,542
377,297,144,117,92,115,327,312,764,542
524,377,217,176,135,169,379,324,852,542
529,340,230,175,134,183,493,313,848,542
446,366,213,159,126,174,345,301,801,542
463,348,107,80,65,90,341,318,743,542
421,322,314,217,173,252,509,415,847,542
439,323,157,116,85,120,367,315,442,543
260,185,269,208,154,203,427,397,850,543
444,334,179,129,103,145,349,315,762,543
580,377,369,265,184,274,427,572,896,543
593,382,331,248,159,223,408,343,853,543
594,371,311,241,192,254,504,526,864,543
320,217,235,185,137,182,366,307,844,543
500,356,233,180,142,187,388,332,856,543
542,387,287,226,172,224,425,342,832,543
252,166,322,225,149,228,385,362,865,543
193,136,210,170,124,160,433,2,478,543
487,376,311,252,212,264,488,322,841,543
196,146,232,170,132,184,340,297,827,543
633,407,367,255,189,287,408,449,851,543
360,244,186,133,101,146,417,318,849,543
601,362,416,300,198,295,466,600,891,543
493,335,244,206,156,186,399,310,846,543
722,467,404,327,232,297,438,608,874,544
376,268,221,179,125,161,387,293,847,544
349,251,267,208,156,208,377,332,848,544
611,359,375,291,194,258,436,522,877,544
507,313,340,243,157,232,442,629,853,544
627,419,313,261,176,217,374,518,852,544
663,478,329,235,193,278,391,317,854,544
548,401,359,253,199,286,462,303,819,545
702,458,407,310,233,315,450,459,851,545
469,301,313,234,168,233,406,453,860,545
468,248,396,302,215,292,542,315,850,545
467,293,243,181,120,172,410,382,854,545
679,410,506,380,235,325,444,922,897,545
413,328,355,250,191,272,371,332,828,545
588,399,320,207,150,244,397,315,842,545
453,354,400,304,263,346,466,134,680,545
287,227,204,162,131,167,344,294,824,545
451,287,229,185,152,188,466,321,823,545
381,244,255,192,128,182,381,309,868,545
480,291,247,210,151,188,435,356,819,545
334,238,265,215,154,201,335,382,858,545
372,252,232,171,129,179,388,313,841,545
516,311,371,266,179,266,426,601,868,545
632,435,307,213,158,225,409,337,836,545
239,154,184,119,82,134,373,348,839,546
663,464,225,174,128,171,409,307,827,546
455,318,284,218,148,202,367,447,841,546
427,281,317,223,167,247,406,332,848,546
468,378,174,137,112,147,328,303,688,546
646,430,301,216,146,213,437,385,854,546
499,361,366,244,185,286,421,529,867,546
468,328,206,157,116,154,389,312,833,546
540,379,220,165,129,170,418,650,831,546
503,365,233,177,142,194,407,308,825,547
612,425,154,120,89,114,398,687,463,547
457,339,253,184,149,209,488,218,815,547
500,315,243,172,121,179,413,357,839,547
497,347,362,318,260,296,410,304,842,547
571,349,341,280,187,247,417,559,864,547
478,344,318,222,177,254,379,388,841,547
681,432,385,308,219,281,417,361,849,547
490,331,282,187,141,223,415,396,832,547
420,307,221,163,128,176,404,316,826,547
452,320,400,290,211,308,426,372,842,548
528,333,300,240,161,216,409,316,835,548
257,194,227,164,123,175,374,312,838,548
569,303,478,339,210,327,448,714,897,548
676,402,513,379,180,266,411,831,926,548
412,267,277,197,143,212,408,406,869,548
301,199,191,137,100,144,391,316,846,548
597,387,308,232,161,229,402,513,860,548
540,383,263,217,170,212,403,442,833,548
354,238,252,193,141,185,383,316,852,548
613,436,211,174,134,165,389,325,817,548
367,228,310,265,177,219,367,591,867,548
464,339,230,178,149,195,472,325,847,548
609,428,206,143,98,151,357,312,733,549
683,424,261,190,120,181,426,317,837,549
444,354,240,155,133,210,427,334,758,549
645,456,306,235,170,228,408,389,855,549
716,445,458,354,229,302,458,591,883,549
386,272,241,176,133,192,392,306,813,549
500,399,208,162,141,180,376,314,856,549
695,482,271,210,150,202,491,341,849,549
658,424,406,296,192,287,434,560,858,549
693,472,357,289,208,267,422,399,846,550
321,199,393,311,190,254,369,618,906,550
273,209,144,111,92,121,402,149,776,550
584,420,242,188,140,185,408,320,839,550
562,364,228,178,139,182,407,365,796,550
554,431,221,157,122,180,371,315,827,550
494,353,259,193,151,206,397,320,846,550
536,382,359,288,230,287,493,302,822,550
625,484,175,128,106,148,363,320,686,550
575,447,201,161,125,161,397,313,833,550
476,325,266,187,133,195,399,311,834,550
520,388,220,170,138,180,391,324,854,550
714,416,392,287,187,272,451,570,864,551
686,429,307,229,151,216,427,447,850,551
453,346,127,102,81,103,331,320,643,551
351,243,211,159,119,162,372,321,847,551
579,400,206,156,120,165,384,320,827,551
557,335,462,346,238,341,443,573,853,551
438,325,245,187,141,193,394,313,821,551
621,433,340,234,170,251,421,379,865,551
477,305,260,216,143,179,364,493,857,551
470,314,299,222,162,237,406,496,873,552
558,312,455,333,199,301,464,570,886,552
556,332,370,246,157,257,460,468,851,552
293,229,246,190,157,204,360,301,838,552
655,419,333,229,147,233,423,383,862,552
614,451,217,135,102,171,397,327,852,552
587,377,378,283,200,283,486,384,857,552
673,430,314,257,189,226,528,439,858,552
535,359,328,241,170,251,387,381,863,552
519,302,347,250,153,232,430,564,886,552
442,303,292,227,167,217,393,326,852,552
597,325,377,276,170,255,438,470,879,552
520,377,391,299,238,323,407,309,837,552
649,414,309,234,153,215,440,350,869,552
434,296,325,237,169,248,409,442,850,552
602,422,242,192,141,191,381,325,835,552
305,228,118,90,69,92,325,307,432,552
382,229,378,271,180,265,429,415,858,552
484,296,417,307,209,288,538,447,858,552
632,412,356,289,200,259,454,646,886,552
409,280,224,172,130,179,391,329,836,552
419,338,194,151,122,158,398,309,829,552
501,313,370,271,190,267,388,552,852,553
341,236,295,232,173,228,398,319,859,553
442,286,301,257,189,228,398,473,861,553
700,436,372,274,193,278,437,449,875,553
416,300,191,150,119,154,387,307,814,553
557,427,224,169,133,179,396,312,836,553
641,447,246,179,131,189,390,308,829,553
364,262,297,220,174,243,479,302,848,553
665,443,315,227,156,234,425,443,846,553
579,400,204,154,113,154,378,328,831,554
597,429,328,230,174,252,418,527,875,554
301,231,193,132,108,164,299,308,837,554
445,282,454,314,195,298,449,630,887,554
626,406,388,275,198,296,467,401,841,554
470,295,366,274,196,269,431,605,876,554
708,474,372,301,204,266,441,346,848,554
442,346,153,108,88,130,346,238,790,554
588,396,316,252,181,233,408,636,852,554
628,464,269,217,171,216,404,325,844,554
575,408,261,194,144,203,405,323,849,555
445,275,329,258,181,241,422,497,852,555
529,345,306,220,155,222,403,485,860,555
683,473,286,222,165,222,410,308,857,555
591,409,235,199,139,173,394,305,856,555
246,215,156,110,97,137,266,308,821,555
544,391,257,179,134,204,397,307,843,555
635,484,212,170,141,176,395,309,823,555
482,375,148,113,95,126,345,301,762,555
588,412,282,231,173,217,403,342,845,556
565,304,444,302,180,288,463,635,885,556
494,341,273,227,170,213,419,397,856,556
392,295,158,122,98,132,316,289,827,556
654,461,283,200,156,226,403,309,868,556
732,406,403,302,189,273,452,625,872,556
405,309,206,146,119,173,341,310,860,556
464,361,218,171,139,183,380,313,840,556
404,285,307,205,156,245,403,333,832,556
428,266,269,204,146,200,388,328,850,556
643,424,377,283,183,262,401,584,868,556
584,344,301,218,148,214,413,473,853,556
411,334,138,107,90,118,347,318,794,556
492,373,310,216,165,252,396,312,833,556
584,398,317,274,200,238,431,334,846,557
544,324,317,246,155,207,400,611,856,557
459,261,337,245,163,242,528,362,841,557
425,330,206,155,129,172,378,312,837,557
407,282,317,242,176,235,377,457,857,557
466,346,198,151,119,158,343,324,810,557
644,453,276,232,176,214,430,313,849,557
481,380,263,212,168,209,397,350,849,557
385,251,349,254,171,248,418,562,880,557
516,378,329,243,197,272,465,308,822,558
507,289,293,195,115,190,427,317,861,558
492,331,266,191,144,201,394,318,851,558
401,329,200,149,131,176,387,322,839,558
643,479,181,145,111,145,391,320,820,558
506,317,318,239,175,245,494,572,872,558
423,316,230,182,141,184,383,310,822,558
556,415,283,214,160,218,472,327,843,558
669,351,634,482,233,333,476,1023,920,558
472,361,224,169,131,179,367,299,855,559
542,395,224,159,124,182,404,420,847,559
632,354,488,344,217,329,470,655,893,559
560,345,372,283,187,260,437,615,877,559
554,348,284,235,158,200,410,487,845,559
488,365,200,157,128,165,451,317,815,559
614,406,323,242,159,231,409,328,842,559
490,291,409,315,212,288,447,570,874,559
289,212,211,156,122,172,414,326,824,560
494,280,341,260,159,223,418,593,867,560
342,227,314,206,149,234,406,462,846,560
588,384,247,185,136,189,403,342,830,560
432,326,177,140,116,149,334,261,813,560
356,258,115,108,82,88,340,200,770,560
391,258,242,181,130,181,397,303,828,560
485,269,388,300,193,261,447,603,861,560
344,228,288,222,163,218,406,305,851,561
460,343,268,202,162,218,410,329,844,561
395,290,300,235,180,240,423,464,856,561
631,423,312,240,179,242,430,480,860,561
423,309,193,139,109,156,361,318,832,561
445,245,389,289,195,275,524,528,863,561
685,410,355,262,143,208,384,803,866,561
502,353,280,219,158,208,391,306,861,562
313,232,256,208,169,212,411,266,844,562
558,439,199,147,119,163,342,314,809,562
500,345,266,214,166,210,462,317,841,562
172,155,131,110,105,122,306,117,723,562
559,412,248,176,125,185,395,316,822,562
514,293,408,299,193,275,436,605,894,562
450,333,310,231,174,240,531,327,836,562
309,244,150,102,79,122,328,338,631,562
476,348,221,197,151,174,391,318,816,562
485,387,281,209,156,222,446,316,843,562
384,244,298,225,170,231,492,371,831,562
474,391,285,182,153,247,384,310,833,563
466,371,145,108,91,124,331,311,748,563
259,212,180,152,129,153,341,282,810,563
663,389,362,265,177,255,439,609,884,563
646,413,422,301,183,282,535,6,508,563
421,255,472,378,186,248,458,621,906,563
439,335,267,206,175,227,479,349,834,563
513,396,230,157,123,188,369,298,835,563
313,207,236,167,123,179,389,349,844,563
414,284,253,193,140,195,376,321,836,563
437,337,195,144,119,165,339,300,824,563
591,352,389,285,206,282,544,514,862,563
645,356,443,309,200,306,457,606,877,563
338,231,132,88,66,101,480,1,575,563
398,256,307,208,147,227,389,350,863,563
378,249,322,231,161,236,427,527,874,564
471,305,288,223,161,212,413,344,854,564
253,214,137,108,90,116,322,225,710,564
510,396,177,151,120,141,340,307,812,564
391,275,210,166,127,164,378,318,827,564
297,219,290,206,157,230,379,321,842,564
597,399,322,248,178,246,408,296,845,564
572,416,234,175,134,182,394,319,828,564
563,310,398,297,180,265,444,643,890,564
332,250,324,223,181,271,423,389,855,564
508,385,101,82,68,85,353,314,298,564
643,447,291,222,157,213,411,461,860,564
471,319,330,254,175,240,414,309,766,564
374,269,171,143,113,140,356,314,793,564
466,369,205,155,124,170,391,304,807,564
262,185,272,181,126,199,395,319,844,564
638,350,493,362,224,317,480,591,879,565
580,433,307,238,182,242,396,449,854,565
348,226,246,203,140,180,378,306,843,565
469,277,257,195,143,194,460,365,841,565
629,461,295,201,150,235,394,373,835,565
526,357,281,194,148,220,474,330,860,565
565,363,323,260,188,241,420,420,854,565
325,203,391,280,182,269,415,526,878,565
537,386,266,200,151,210,402,435,853,565
456,259,332,250,165,237,421,476,860,565
483,362,213,172,143,179,381,312,841,565
616,445,411,316,244,325,402,548,857,565
286,191,263,196,146,205,361,312,817,565
475,308,327,252,190,254,396,423,835,566
507,250,455,334,196,296,448,618,889,566
654,495,267,215,166,213,394,322,850,566
432,330,224,177,145,186,384,316,854,566
328,244,213,158,122,173,359,313,821,566
440,364,237,169,143,200,373,319,838,566
644,403,388,298,208,280,449,497,855,566
444,309,266,225,153,189,331,481,861,566
649,334,407,300,195,284,545,589,880,566
262,181,226,182,138,170,348,373,841,566
522,393,245,189,144,191,393,407,834,566
565,320,497,374,217,311,450,623,885,566
486,303,479,351,212,301,472,631,919,567
299,167,148,101,62,100,422,584,866,567
440,349,209,144,118,174,365,310,825,567
602,400,287,217,157,216,420,331,862,567
599,431,277,209,160,219,387,306,868,567
261,186,312,208,145,229,403,465,842,567
429,319,224,194,155,180,390,310,830,567
339,237,190,177,108,126,420,287,803,567
559,373,315,260,195,249,404,417,854,567
555,293,541,429,227,316,501,676,910,567
592,350,326,296,204,228,422,537,849,567
289,191,322,269,184,235,295,577,864,567
461,284,311,215,146,223,422,476,867,568
597,393,278,218,154,206,398,452,860,568
498,386,227,199,164,189,393,316,842,568
502,308,135,98,62,91,401,600,869,568
426,299,275,201,159,224,399,381,834,568
274,228,214,154,122,174,309,303,838,568
511,370,238,205,170,199,401,308,845,568
663,355,441,301,175,270,530,487,864,568
452,314,277,211,151,205,376,360,854,568
548,358,507,365,242,359,460,604,865,568
432,246,406,290,178,273,426,629,861,569
246,184,236,152,117,186,378,313,846,569
645,466,232,186,140,181,399,326,850,569
659,382,502,373,211,297,444,742,910,569
506,331,297,229,153,207,422,338,846,569
312,249,191,146,126,163,292,344,829,569
377,281,346,276,208,272,387,447,859,569
432,258,315,228,161,230,422,448,855,569
705,468,308,229,160,227,484,399,849,570
393,298,214,167,137,175,355,315,814,570
385,227,344,251,148,207,442,468,852,570
402,267,297,208,148,220,465,356,865,570
335,263,137,96,78,112,386,101,693,570
381,235,303,227,181,253,484,326,850,570
544,380,226,168,121,174,401,326,835,570
657,395,489,367,231,333,463,581,872,570
522,396,208,167,136,170,365,318,840,570
349,282,383,281,211,306,439,3,179,570
432,264,406,296,202,285,417,569,879,570
426,334,237,170,131,192,361,307,810,570
365,303,131,93,78,114,309,274,808,570
582,420,307,211,162,246,391,352,849,570
336,251,214,183,149,177,357,221,773,570
615,374,337,266,183,238,433,533,870,570
487,349,284,212,168,229,464,317,831,570
610,432,292,234,177,226,416,321,845,571
728,404,622,481,291,386,478,773,888,571
376,186,350,260,166,236,487,608,874,571
499,353,287,229,172,227,405,297,851,571
429,315,209,166,123,159,337,358,844,571
704,424,284,196,128,196,434,401,864,571
489,273,403,282,184,276,441,635,874,572
425,306,286,202,156,227,379,346,842,572
370,304,198,129,102,163,346,309,785,572
359,234,272,187,129,192,483,347,840,572
555,391,225,186,132,165,443,296,823,572
393,282,249,191,146,198,391,312,814,572
516,323,274,231,162,197,487,327,828,572
347,245,265,213,148,192,353,557,872,572
700,465,386,299,218,293,425,398,852,572
707,490,331,245,178,253,411,365,842,572
314,246,164,137,107,134,359,151,617,572
590,429,238,187,144,189,399,313,852,572
407,270,362,268,191,267,400,492,867,573
517,374,139,107,81,109,370,656,473,573
373,275,291,222,175,230,393,316,845,573
429,358,190,124,104,161,337,310,845,573
630,449,217,156,121,174,383,335,820,573
290,217,242,190,158,201,374,314,857,573
345,289,160,113,94,134,400,207,746,573
315,198,347,262,177,252,416,424,840,573
485,307,177,131,94,135,378,637,758,573
554,400,249,189,143,198,384,316,845,573
372,255,205,149,110,157,376,321,846,574
547,347,356,265,181,255,428,637,853,574
671,489,237,166,132,190,392,327,814,574
334,256,169,124,98,136,320,289,826,574
311,248,247,172,133,192,328,297,816,574
566,408,250,186,146,202,399,325,838,574
430,239,309,203,135,215,472,92,430,574
611,411,254,197,147,200,405,346,841,574
444,295,309,227,163,238,404,345,853,574
377,252,315,244,181,244,404,566,869,574
529,396,203,149,124,170,421,342,830,574
412,294,213,180,142,171,365,300,846,574
547,355,476,383,293,374,497,595,877,575
417,305,217,162,121,164,355,315,828,575
316,221,341,247,179,258,363,633,879,575
307,231,252,204,150,193,343,443,859,575
491,360,323,275,217,258,550,310,840,575
318,235,238,190,145,186,368,306,838,575
640,439,333,242,189,272,411,405,869,575
541,384,206,152,115,162,366,321,842,575
241,191,172,157,131,146,377,159,742,576
570,438,195,160,131,162,368,316,814,576
513,392,152,120,97,125,372,322,715,576
638,439,315,264,193,236,404,335,842,576
488,365,278,190,145,223,376,308,850,576
607,477,202,146,121,169,376,321,835,576
382,258,323,269,184,227,362,510,855,576
536,409,215,147,119,176,390,324,813,576
410,302,167,135,109,136,359,325,841,576
579,407,132,106,80,99,409,502,403,576
403,298,221,171,138,182,396,318,832,576
341,182,318,250,163,220,382,506,855,576
436,312,310,209,161,242,473,398,824,576
457,373,174,141,117,146,355,316,861,576
277,218,188,137,112,156,306,304,799,576
459,359,236,169,128,184,371,299,818,577
537,353,300,221,156,221,415,384,868,577
592,319,348,248,166,245,529,460,850,577
441,319,231,182,139,185,380,319,844,577
329,214,280,238,172,209,349,565,857,577
593,457,194,157,128,161,387,315,824,577
380,292,244,191,160,210,465,328,840,577
564,366,333,245,170,243,414,363,855,577
435,310,208,161,125,167,385,313,823,578
286,194,342,240,176,255,365,431,859,578
421,289,117,88,68,93,341,319,643,578
278,199,248,171,123,189,357,314,852,578
499,399,127,108,89,105,332,315,664,578
604,368,144,116,85,107,370,629,458,578
474,359,163,131,96,122,356,302,823,578
714,456,262,186,126,191,413,445,874,578
323,209,229,172,126,170,392,324,827,578
433,355,139,111,91,119,318,307,743,579
527,371,268,223,177,217,414,308,865,579
449,290,372,265,182,266,351,408,835,579
413,232,421,309,182,272,431,657,878,579
446,330,201,150,116,161,377,324,836,579
680,426,395,310,209,284,459,659,887,579
348,215,261,206,151,200,403,348,844,579
510,390,226,173,145,191,383,366,863,579
388,275,274,204,151,211,394,308,850,579
480,339,226,177,131,176,369,318,839,579
190,166,204,156,133,176,318,305,834,579
486,317,168,125,84,121,381,325,838,580
348,235,266,192,144,210,379,316,837,580
523,342,282,208,157,220,478,236,809,580
483,355,270,201,162,226,392,338,850,580
346,200,382,318,197,250,315,621,873,580
643,451,340,262,200,269,427,393,883,580
425,297,272,215,147,200,369,328,844,580
610,398,406,295,202,287,429,522,868,580
554,347,364,258,171,253,421,599,869,580
628,400,307,227,163,229,425,332,842,580
372,271,193,149,116,156,373,327,825,581
456,357,164,131,109,139,390,316,799,581
674,415,325,251,208,265,530,333,853,581
540,403,240,178,139,199,370,316,831,581
477,335,254,180,135,197,394,328,832,581
651,468,230,189,141,179,385,319,828,581
455,289,266,221,161,199,370,480,865,581
435,315,215,160,122,170,373,309,819,581
562,330,302,225,167,231,495,351,845,581
659,396,341,270,183,242,432,476,863,581
433,268,365,293,204,276,424,538,874,582
448,323,272,184,134,211,387,315,845,582
588,429,266,201,146,202,416,316,843,582
480,269,409,298,195,284,438,431,857,582
404,280,275,213,147,194,393,303,855,582
477,363,198,163,135,164,355,346,825,582
303,251,250,178,148,217,354,210,784,583
606,400,294,237,175,222,403,441,851,583
225,188,220,163,120,169,329,298,846,583
367,259,127,103,78,99,327,320,694,583
583,432,258,188,149,211,372,317,838,583
523,292,375,251,171,276,456,599,867,583
429,303,329,253,176,236,413,364,828,583
377,283,366,255,189,286,484,314,840,584
688,450,360,275,186,250,468,499,849,584
557,432,138,116,97,114,350,324,721,584
439,313,261,212,161,206,413,354,861,584
468,225,193,149,69,101,640,0,91,584
664,423,428,311,204,290,411,545,864,584
472,362,220,168,131,177,347,311,843,584
427,356,103,75,64,91,290,304,802,584
411,292,249,186,143,195,363,330,838,584
725,453,381,293,202,286,450,456,847,584
555,406,158,131,103,127,352,310,741,584
426,260,366,265,188,267,409,527,873,584
467,330,278,235,154,191,383,438,850,585
706,490,314,225,158,237,406,345,864,585
596,392,331,246,172,239,408,521,854,585
337,250,210,163,124,166,371,308,839,585
527,302,478,325,208,326,533,489,873,585
434,318,234,154,117,183,443,5,492,585
263,226,138,93,83,122,345,117,817,585
453,354,216,164,133,179,337,303,821,585
590,338,458,327,210,316,420,603,870,586
487,337,225,183,138,169,387,314,824,586
734,483,395,302,206,283,435,499,840,586
337,271,239,195,151,188,344,308,851,586
511,386,215,181,138,171,368,299,836,586
663,441,321,256,178,237,428,321,865,586
706,408,550,400,256,378,447,946,898,586
496,321,294,188,134,219,407,311,871,586
651,452,259,214,149,189,408,340,837,586
618,417,540,403,266,383,533,205,928,586
365,269,276,209,164,224,351,339,760,587
552,460,202,142,121,174,362,309,838,587
479,347,240,176,132,187,377,321,833,587
433,270,377,259,181,276,421,631,865,587
363,258,259,204,151,196,346,315,828,587
555,424,108,82,67,92,338,321,418,587
487,358,185,148,117,147,374,315,701,587
669,413,379,284,192,276,434,368,847,587
516,322,295,226,159,209,400,488,857,588
430,340,225,166,141,192,405,257,501,588
581,359,415,293,208,310,515,411,861,588
318,258,132,96,81,113,297,316,655,588
347,224,298,239,174,222,409,369,809,588
573,345,389,295,185,271,415,612,903,588
407,289,186,157,115,138,331,308,836,588
619,407,382,297,219,293,434,514,843,588
511,277,414,318,203,286,443,585,905,589
405,299,225,180,146,181,380,311,836,589
432,302,284,206,149,218,395,315,842,589
620,370,439,313,212,313,439,473,871,589
529,362,421,307,216,305,406,456,870,589
426,355,238,175,144,203,362,263,829,589
568,281,486,391,239,299,513,643,887,589
660,482,278,196,149,220,394,360,825,589
547,402,228,151,113,180,378,313,829,589
484,324,331,239,164,244,413,488,864,590
327,254,179,136,102,141,338,316,819,590
391,313,122,98,86,105,338,314,635,590
517,410,158,124,108,137,329,317,817,590
519,383,258,193,159,214,364,310,828,590
171,135,182,138,109,148,249,367,821,590
586,433,358,246,184,282,417,329,838,590
537,335,364,252,167,253,417,337,862,590
485,328,237,184,134,182,375,338,854,590
383,300,345,231,179,281,356,389,860,591
425,318,202,142,111,163,352,317,814,591
273,199,248,204,148,186,361,307,844,591
454,375,176,138,116,151,317,310,824,591
374,210,361,257,175,253,393,495,871,591
442,335,198,154,118,157,359,291,844,591
406,299,245,200,161,196,431,305,838,591
313,213,191,141,101,143,362,178,804,591
562,391,248,184,134,189,394,314,858,591
540,303,457,341,216,312,539,639,879,591
470,300,322,244,175,242,433,344,846,591
340,272,220,163,132,181,355,231,813,591
441,295,288,217,157,219,385,521,851,591
512,322,523,397,254,350,506,474,849,591
575,395,326,261,194,247,413,347,849,592
396,270,271,193,162,237,499,345,849,592
406,288,227,184,143,182,372,312,842,592
401,302,238,167,126,185,351,328,854,592
604,433,220,172,139,176,375,312,826,592
406,329,225,174,135,179,353,304,823,592
416,254,307,258,163,216,472,465,856,593
606,399,278,198,139,209,408,387,851,593
689,494,261,191,148,212,406,312,851,593
155,139,190,135,116,165,402,91,789,593
633,321,492,376,194,279,495,629,907,593
446,300,402,319,224,281,167,909,863,593
542,347,300,221,153,220,417,523,855,593
466,273,473,324,205,323,478,631,894,593
509,288,432,335,212,294,441,643,886,594
554,436,234,159,139,203,375,327,822,594
416,259,306,220,159,232,418,352,859,594
401,296,243,194,155,198,404,322,845,594
636,428,326,249,170,234,415,583,872,594
306,184,300,225,158,222,406,340,831,594
397,261,308,238,171,227,368,456,873,594
612,369,396,311,215,286,441,641,887,594
493,354,222,163,121,170,377,315,779,594
447,311,370,254,177,272,377,488,865,595
360,270,217,186,149,175,381,300,837,595
622,478,186,147,117,148,385,308,807,595
694,462,267,213,148,200,474,350,821,595
231,177,255,125,100,217,289,196,299,595
426,292,248,201,152,194,373,302,842,595
416,293,303,249,196,242,471,338,850,596
301,210,177,148,112,138,336,316,847,596
554,384,244,184,154,206,502,309,830,596
541,396,278,208,159,223,420,325,853,596
455,339,236,191,145,186,360,304,834,596
454,294,317,262,180,231,414,596,884,596
454,278,318,239,173,241,422,562,867,596
396,265,255,171,123,194,385,331,848,596
470,268,351,270,175,247,462,297,802,596
565,419,191,152,121,152,430,329,836,596
624,348,454,359,212,288,451,569,878,596
327,234,149,116,92,118,345,312,826,596
483,374,275,199,157,221,445,150,477,596
615,474,230,176,144,193,388,345,849,597
382,250,245,205,155,197,428,311,839,597
421,277,262,218,164,206,398,306,847,597
453,269,359,265,181,261,428,577,872,597
428,294,313,258,201,246,430,334,839,597
376,285,257,216,180,213,373,340,856,597
363,229,293,218,157,215,393,434,850,597
414,319,237,175,142,192,350,293,823,597
378,257,275,214,162,217,393,335,848,597
612,386,438,313,210,313,449,551,875,597
584,450,228,168,139,190,367,310,842,597
392,267,235,202,151,179,358,439,832,597
386,247,263,196,138,189,405,309,840,598
574,452,183,145,119,152,373,318,806,598
330,303,118,81,71,104,354,130,745,598
428,271,326,231,165,248,413,334,857,598
649,403,329,260,179,238,430,601,890,598
470,353,199,165,128,158,365,306,820,598
311,199,231,179,128,171,379,293,847,598
511,257,474,341,179,278,459,614,902,598
564,406,266,220,165,205,385,376,861,598
492,313,382,262,174,272,398,366,847,598
399,288,253,191,160,211,484,348,843,598
512,323,495,351,224,334,436,590,871,598
209,153,248,170,127,192,361,303,840,598
308,181,311,254,161,213,347,580,877,599
388,221,183,153,67,92,667,0,107,599
584,305,301,231,154,211,476,344,844,599
566,400,302,224,169,232,461,451,857,599
455,259,427,316,198,290,517,634,876,599
487,351,224,169,130,182,391,302,822,599
250,167,265,227,163,203,314,485,854,599
267,203,296,229,179,243,401,312,859,600
407,309,305,215,172,248,448,376,849,600
407,287,220,176,133,176,357,297,829,600
474,365,205,151,122,172,390,373,731,600
354,249,209,155,116,161,388,275,817,600
391,264,253,205,159,203,395,316,850,600
257,240,171,127,120,156,395,2,195,600
683,406,343,261,178,243,422,549,876,600
456,330,325,241,183,259,381,305,822,601
570,374,274,207,139,200,402,329,837,601
499,348,309,234,173,242,422,318,836,601
654,454,316,245,185,246,428,489,859,601
455,317,255,197,153,201,380,342,868,601
311,213,213,145,109,166,379,326,816,601
398,291,208,156,123,169,378,314,858,601
629,433,249,191,141,192,416,315,831,601
530,405,231,186,144,185,377,310,804,601
533,391,258,201,156,209,384,373,832,601
547,378,432,292,196,307,433,413,856,601
508,369,262,194,138,200,387,312,834,601
707,490,293,219,168,232,415,363,835,601
374,230,295,230,151,206,410,494,873,602
510,353,296,231,170,227,405,314,860,602
491,310,367,290,202,266,430,622,867,602
355,266,302,252,185,232,394,354,829,602
490,367,246,191,150,198,453,320,850,602
388,252,317,232,170,249,394,447,849,602
665,404,366,297,198,260,430,605,880,602
559,354,300,217,145,219,425,519,861,602
555,333,366,290,187,252,426,585,876,602
578,376,333,259,178,249,422,571,854,602
501,338,287,217,162,225,407,362,856,602
590,389,337,270,191,249,416,473,862,603
510,349,326,253,168,226,382,530,848,603
704,397,486,347,219,334,474,677,921,603
679,452,362,269,188,268,435,502,869,603
552,376,290,236,178,235,408,313,857,603
728,475,348,271,177,237,421,571,871,603
485,322,264,189,137,197,401,354,869,603
400,291,240,184,143,192,388,313,834,603
589,419,284,229,171,218,402,304,840,603
559,331,345,265,176,241,436,567,865,603
367,230,342,264,178,242,419,544,868,603
701,456,337,266,173,239,434,361,867,603
570,279,491,356,216,317,472,614,885,603
454,334,245,184,131,186,387,327,822,603
382,279,239,163,124,191,396,315,825,603
605,409,146,105,71,102,368,631,428,603
428,284,333,249,171,246,413,503,846,603
391,279,271,227,174,212,420,225,837,603
505,349,266,197,140,200,382,343,843,604
492,297,335,252,173,238,417,625,867,604
455,293,272,215,158,204,407,423,871,604
712,426,360,269,180,250,429,617,884,604
663,456,234,187,138,180,412,351,844,604
460,273,401,304,205,275,406,609,872,604
650,384,392,272,146,233,367,733,883,604
725,429,406,308,197,279,496,629,873,604
651,454,333,205,148,253,399,498,860,604
526,413,296,205,173,256,398,330,829,604
621,409,352,279,188,257,413,543,855,604
600,410,483,366,244,347,515,552,880,604
509,399,221,159,123,176,392,303,842,604
596,382,364,290,202,275,441,581,890,604
396,278,204,152,117,159,367,316,840,605
644,465,226,169,126,177,374,309,828,605
588,363,393,298,204,285,436,534,875,605
703,465,379,281,194,285,448,538,880,605
401,260,298,221,157,224,389,394,860,605
416,326,201,147,121,166,350,301,848,605
523,304,456,353,229,314,524,636,882,605
271,189,192,146,106,143,336,303,836,605
630,441,287,244,182,217,412,472,873,605
428,346,157,120,102,136,346,207,787,605
349,280,187,153,129,162,363,155,751,605
533,354,323,259,192,250,411,584,854,605
474,312,428,299,206,314,435,631,880,606
405,279,348,263,185,261,426,398,849,606
495,308,334,250,162,230,377,542,864,606
447,346,215,161,128,172,356,309,836,606
575,381,397,263,179,291,416,365,844,606
629,435,324,253,184,241,414,322,842,606
435,324,191,146,117,160,364,321,813,607
686,462,301,232,163,225,415,536,864,607
257,191,279,213,164,223,290,533,853,607
680,426,279,200,134,197,421,511,852,607
532,254,483,369,214,313,457,653,885,607
464,368,188,142,116,156,369,300,822,607
453,294,321,241,170,240,429,580,874,607
545,404,291,223,171,228,400,317,857,607
339,266,203,177,145,166,344,309,832,607
675,482,294,221,162,226,408,323,852,607
517,355,244,184,130,174,383,291,856,607
402,261,349,257,187,266,417,432,846,607
302,240,177,138,129,164,427,212,382,608
543,421,195,161,130,161,359,311,825,608
323,209,259,183,128,193,387,383,869,608
687,371,430,290,168,261,462,624,884,608
484,355,281,209,165,228,392,295,845,608
603,412,276,203,150,210,395,364,842,608
450,329,233,161,124,187,380,334,832,608
575,395,293,193,137,217,414,465,872,608
411,304,246,193,161,208,380,392,839,608
458,248,295,226,151,204,462,550,875,609
544,404,247,194,153,202,388,369,833,609
414,257,333,274,182,234,381,545,875,609
318,232,238,171,140,194,354,209,789,609
605,433,326,219,160,258,386,306,840,609
429,315,164,129,101,134,330,304,801,609
582,404,315,240,186,249,409,463,856,609
658,373,254,218,150,178,257,953,675,609
713,471,324,226,172,248,497,374,850,609
491,323,265,193,140,202,394,317,864,610
400,267,240,173,124,180,363,303,843,610
328,250,126,98,77,103,329,305,550,610
465,314,265,180,133,200,393,342,847,610
504,309,369,292,203,270,479,509,870,610
596,403,327,254,198,264,494,549,858,610
320,221,240,195,152,190,379,322,848,610
364,277,216,172,135,177,349,309,831,610
524,355,357,286,195,261,413,583,865,611
570,415,224,198,157,174,366,310,844,611
585,443,270,212,174,222,391,314,843,611
535,405,281,216,176,236,390,318,831,611
355,221,326,245,175,250,392,458,855,611
263,184,279,220,149,203,325,435,865,611
470,355,230,174,136,183,362,307,829,612
522,370,210,151,110,164,366,311,796,612
647,431,347,275,195,252,411,361,852,612
337,189,306,229,150,207,417,471,868,612
704,448,349,289,196,247,435,448,841,612
392,298,178,139,115,148,329,307,779,612
567,440,223,167,135,185,372,326,818,612
681,430,546,423,288,396,525,658,862,612
537,379,182,140,111,146,429,310,811,613
684,382,382,296,181,235,463,633,884,613
369,253,294,212,147,218,380,308,851,613
703,455,372,260,173,261,450,432,851,613
429,291,322,250,180,242,429,576,871,613
365,276,180,141,115,148,360,252,800,613
557,431,162,123,98,135,356,314,807,613
297,252,203,162,139,174,322,309,816,613
488,361,238,169,136,195,395,377,847,613
382,287,107,87,69,87,316,304,663,614
444,266,334,254,180,247,404,520,881,614
495,330,267,192,128,189,386,312,856,614
549,415,217,177,142,179,409,304,830,614
291,247,241,179,162,219,411,3,191,614
563,394,262,201,154,208,412,321,847,614
618,460,323,242,181,252,399,385,849,614
693,475,355,277,201,273,445,492,865,614
723,458,391,292,197,279,440,626,892,614
293,201,281,217,159,214,361,444,854,614
287,222,189,150,119,156,333,310,715,614
460,330,170,132,105,140,361,320,693,614
649,429,213,169,121,157,474,322,835,614
544,420,186,130,100,153,368,318,810,614
454,338,125,102,80,99,340,316,614,615
510,314,500,354,219,337,474,595,880,615
421,267,263,184,124,193,403,315,864,615
273,191,317,214,163,249,378,301,845,615
510,383,187,125,97,154,368,294,821,615
284,180,276,228,167,205,375,441,845,615
630,348,529,366,213,345,448,616,904,615
419,273,308,229,161,226,392,359,862,615
603,442,237,182,136,185,411,321,836,615
273,211,178,148,120,146,300,297,815,615
496,371,223,158,130,189,356,315,823,616
408,287,421,292,211,320,416,502,874,616
626,423,263,199,138,192,404,440,843,616
306,258,175,154,131,148,334,313,817,616
498,306,438,315,214,320,422,641,871,616
427,304,225,156,117,177,369,313,841,616
499,369,269,216,180,227,372,307,833,616
589,439,264,210,163,208,405,387,847,616
568,414,214,155,117,168,376,320,814,616
644,486,322,251,193,258,407,307,852,616
677,449,290,230,171,220,416,420,869,616
495,351,294,213,154,223,385,302,851,616
395,270,357,281,204,270,488,411,864,616
297,245,110,84,71,94,329,102,771,617
426,262,325,259,183,238,378,514,864,617
471,358,252,189,146,193,374,412,840,617
588,383,459,313,208,327,436,600,875,617
296,221,327,226,181,267,488,366,847,617
414,292,205,169,131,163,378,309,853,617
524,346,439,322,215,304,538,480,862,618
443,330,298,234,184,238,369,404,828,618
549,349,296,236,159,213,413,482,841,618
527,314,362,276,174,245,420,589,883,618
442,328,257,191,142,200,392,353,848,618
362,226,265,184,124,187,403,370,857,618
563,367,250,208,161,195,476,323,834,618
434,370,183,116,101,165,328,316,793,618
392,289,311,240,194,259,395,366,845,618
376,274,234,189,139,181,386,382,826,618
498,357,344,248,183,263,385,392,853,618
250,179,193,152,118,156,447,33,420,618
611,441,263,198,147,201,418,349,834,618
460,284,301,226,132,191,404,345,872,618
487,347,268,213,154,200,402,318,856,619
359,246,323,220,153,239,433,525,872,619
383,304,216,147,127,188,447,98,414,619
445,283,344,236,167,264,456,483,881,620
688,424,281,209,130,186,433,324,846,620
463,355,262,207,159,203,392,343,857,620
572,325,417,289,161,257,460,617,884,620
303,206,202,125,81,140,495,404,873,620
563,454,166,117,96,140,364,324,820,620
540,345,246,204,151,188,471,309,849,620
693,479,306,235,164,227,414,403,833,620
504,344,275,219,158,209,413,324,862,620
612,465,272,232,187,217,392,320,828,620
712,400,486,372,241,333,455,628,881,620
702,431,366,260,177,271,437,509,877,620
230,188,145,91,73,123,328,307,609,620
552,349,313,231,159,233,393,554,858,620
607,421,309,225,160,235,399,371,878,620
452,363,165,125,95,128,346,378,757,620
509,422,113,89,73,93,323,308,614,620
364,269,127,81,64,105,305,317,318,620
678,396,439,358,237,307,439,615,880,621
595,332,356,284,175,235,433,604,890,621
610,423,202,136,95,148,374,313,842,621
725,388,671,531,286,388,526,1023,925,621
696,474,318,252,181,241,408,469,833,621
377,261,260,188,134,191,340,480,838,621
604,371,392,296,200,277,444,634,868,621
375,299,246,198,159,200,358,296,825,621
498,367,286,221,170,234,388,306,831,621
290,219,261,182,146,213,347,312,844,621
357,261,209,158,113,159,358,311,825,621
474,344,346,252,181,263,406,480,839,622
464,339,296,256,202,237,471,305,817,622
387,220,370,262,176,264,451,596,866,622
379,313,158,130,108,132,321,293,800,622
482,366,216,185,152,182,375,316,841,622
396,259,342,262,185,256,450,559,874,622
474,356,222,167,130,177,380,310,829,622
550,393,278,208,165,221,398,326,839,622
359,285,197,157,121,151,350,314,825,622
306,237,163,145,122,138,341,315,828,623
558,384,242,174,125,185,398,326,843,623
472,278,296,211,145,219,405,426,847,623
272,205,194,138,109,158,342,317,814,623
651,427,395,281,188,279,416,434,856,623
354,244,314,207,144,231,408,322,857,623
416,324,221,188,152,180,358,427,846,623
451,305,353,262,203,279,410,508,872,623
417,328,178,138,109,147,329,312,812,623
409,305,201,143,107,153,357,309,833,623
401,256,243,206,137,172,405,346,859,624
619,452,339,247,190,265,404,363,859,624
452,318,277,186,140,217,385,352,845,624
542,378,255,177,121,191,398,317,829,624
526,365,377,261,204,296,498,352,835,624
288,210,237,166,121,181,381,339,846,624
510,390,329,233,204,287,456,319,843,624
633,406,407,280,218,327,529,653,872,624
378,286,245,192,157,199,473,303,857,624
536,369,293,223,158,218,400,585,871,624
476,285,333,260,165,222,417,609,884,625
707,488,436,305,232,350,406,313,837,625
597,416,291,209,153,222,467,384,863,625
505,319,296,223,163,225,444,331,840,625
545,387,312,258,206,258,396,306,843,625
435,260,385,274,182,272,431,425,876,625
567,352,316,239,166,227,417,317,807,625
633,442,256,205,149,187,431,315,843,625
658,467,285,226,174,223,412,515,851,625
514,356,235,166,124,181,385,317,844,626
595,389,319,249,177,243,421,484,871,626
350,210,138,121,67,82,406,135,750,626
379,218,297,230,146,199,394,457,870,626
510,353,190,139,101,148,382,313,797,626
417,288,212,154,116,166,375,309,841,626
514,338,337,254,193,261,411,519,857,626
425,257,417,292,197,299,437,614,905,626
500,356,346,250,175,261,406,304,839,626
625,449,248,190,145,195,400,468,854,626
526,363,205,166,128,161,392,320,855,626
329,270,202,161,126,164,355,312,832,626
609,417,238,162,115,176,388,316,837,626
583,429,260,193,151,208,380,315,823,626
545,303,495,377,245,346,462,638,888,626
357,247,163,142,103,123,586,1,207,626
376,275,265,218,167,211,404,325,857,626
535,390,242,169,133,197,419,347,843,627
605,442,243,171,126,186,390,326,841,627
376,307,186,175,148,157,344,305,826,627
488,333,270,198,147,206,411,366,842,627
405,275,256,193,150,203,384,322,849,627
611,370,511,381,229,328,440,754,902,627
612,429,291,234,176,225,401,309,819,627
621,422,219,148,103,160,389,304,831,627
348,211,378,293,185,248,349,622,874,627
637,419,384,283,201,290,464,541,879,627
423,307,224,174,143,187,383,319,830,628
580,361,379,290,202,276,435,600,884,628
389,283,300,236,196,247,384,504,873,628
683,472,306,232,168,231,434,432,854,628
318,224,238,199,137,175,324,432,862,628
510,372,249,182,132,193,385,357,819,628
450,257,343,254,162,234,435,422,854,628
506,294,365,266,186,267,437,533,876,628
642,394,326,235,148,224,421,330,856,628
320,252,175,151,124,148,342,301,806,628
299,243,240,190,158,204,495,4,499,629
408,311,280,227,191,236,482,355,859,629
231,217,97,71,66,90,316,1,206,629
680,485,269,209,155,205,410,315,850,629
579,391,202,143,106,155,379,310,819,629
183,163,113,80,78,108,365,2,375,629
356,237,195,150,113,152,379,311,846,629
513,372,233,168,124,181,402,316,844,629
636,456,301,223,189,256,465,332,852,629
358,286,184,143,116,152,312,304,826,630
620,375,424,321,204,284,444,408,866,630
596,393,441,343,261,359,429,632,886,630
534,404,218,155,126,180,376,318,838,630
535,415,155,124,104,128,406,317,775,630
512,324,233,177,133,176,459,303,838,630
387,236,238,170,118,177,442,326,828,630
406,216,407,278,146,236,458,622,875,631
580,440,265,195,156,216,375,294,851,631
401,281,240,201,153,192,341,453,848,631
344,274,352,257,199,287,403,295,829,631
431,310,220,166,122,172,378,311,848,631
505,369,357,252,187,276,420,550,883,631
590,327,394,267,148,245,446,590,883,631
615,332,462,355,244,332,550,605,891,631
582,449,187,156,125,156,390,327,821,632
422,285,222,173,131,178,381,350,834,632
377,225,281,204,144,209,497,358,643,632
358,230,324,230,155,234,417,363,843,632
506,343,466,305,204,334,447,406,873,632
616,449,232,189,142,181,380,316,856,632
322,241,319,277,231,264,390,315,848,632
516,374,277,215,142,195,443,306,849,632
719,467,368,267,189,273,437,602,861,632
434,288,298,229,169,222,405,315,842,632
690,492,268,202,155,205,383,321,828,632
411,355,143,92,84,131,454,39,696,632
620,388,343,262,180,244,429,306,869,632
539,391,173,114,83,130,406,385,513,633
491,237,417,291,158,254,462,614,861,633
636,429,153,119,83,114,371,634,520,633
526,373,311,238,175,237,415,370,836,633
281,203,258,185,132,195,386,310,856,633
709,444,343,281,187,246,494,507,853,633
460,313,253,194,150,200,377,311,851,633
400,246,367,293,217,284,424,420,860,633
578,368,283,210,140,201,449,560,862,633
716,447,343,253,164,240,449,448,866,633
380,268,189,139,102,147,367,325,839,634
494,267,445,343,210,303,453,676,871,634
390,251,279,212,155,215,395,319,847,634
543,394,256,195,153,206,399,315,846,634
679,441,388,334,225,289,417,458,861,634
609,433,321,233,168,248,382,309,852,634
540,382,207,155,113,156,390,306,837,634
599,417,280,206,156,219,386,308,839,634
641,469,218,181,141,168,378,305,833,634
342,247,123,87,64,92,338,382,479,634
346,258,163,133,101,131,332,317,827,635
602,337,153,122,72,101,404,645,501,635
712,380,497,378,226,317,477,648,894,635
684,420,356,287,179,236,430,524,871,635
206,177,113,78,69,104,346,46,348,635
268,198,200,150,113,154,350,311,838,635
433,284,299,208,142,209,401,350,842,635
452,353,243,174,139,201,382,304,838,635
521,377,180,144,111,142,343,452,695,635
630,347,408,320,211,275,411,825,863,635
398,255,302,233,165,224,352,381,853,635
561,383,320,275,204,241,405,610,888,635
466,352,215,148,118,173,345,305,797,635
565,424,322,242,182,249,376,449,856,635
632,495,216,176,142,177,370,334,819,636
179,152,138,104,89,117,245,293,784,636
418,243,404,276,161,257,450,530,887,636
372,262,220,168,142,187,455,321,825,636
468,358,219,158,127,178,371,312,827,636
493,326,333,238,171,251,410,466,866,636
445,302,300,205,148,231,403,373,837,636
643,481,268,199,155,214,396,328,850,636
473,239,418,326,209,284,431,620,874,636
562,341,395,302,243,322,486,612,873,636
508,304,395,318,213,275,399,602,852,636
474,343,190,133,102,149,377,321,817,636
356,248,238,206,154,187,393,314,853,636
489,335,254,197,144,192,395,365,847,636
552,394,219,176,137,175,371,332,850,636
673,482,189,143,106,142,382,323,834,636
397,315,268,198,164,224,465,313,838,636
319,218,227,170,129,178,376,310,848,637
421,251,278,220,152,204,394,376,845,637
395,297,208,140,109,165,358,317,828,637
463,340,202,167,131,165,363,311,815,637
679,433,305,220,157,221,455,445,870,637
431,298,294,238,176,231,397,503,873,637
365,295,194,146,127,169,363,312,813,637
502,320,352,243,178,268,405,470,880,638
516,365,280,245,177,205,404,330,853,638
401,310,258,187,149,211,362,341,841,638
215,147,173,144,107,134,293,311,826,638
304,215,196,130,95,148,349,308,816,638
434,265,346,276,177,239,374,472,862,638
676,486,330,268,192,253,430,359,839,638
666,465,266,214,152,190,416,343,850,638
621,392,493,371,245,351,424,572,892,639
675,438,314,256,183,240,416,526,847,639
443,268,426,340,221,300,431,486,859,639
287,214,141,111,87,113,311,300,708,639
451,345,234,168,131,184,351,299,816,639
520,327,479,327,222,339,438,578,878,639
263,218,159,111,100,143,347,58,746,639
715,461,392,292,190,284,439,487,858,639
540,351,454,289,198,327,422,550,869,639
481,357,223,169,132,177,369,303,823,640
412,256,130,94,62,87,351,591,501,640
433,292,199,139,104,154,451,329,854,640
700,476,218,176,118,155,409,314,820,640
482,287,378,301,205,273,425,614,872,640
418,309,279,214,160,218,394,311,842,640
520,352,267,194,133,194,404,351,856,640
505,352,258,197,145,196,383,317,843,640
676,457,321,242,181,246,432,549,856,640
326,258,199,149,119,163,360,298,841,640
417,253,378,278,185,265,391,608,869,640
254,197,198,157,120,155,329,305,826,641
356,274,253,180,137,197,378,301,852,641
557,357,300,243,163,220,415,472,860,641
567,428,257,175,130,201,377,312,857,641
561,421,217,183,150,181,376,324,828,641
602,439,267,218,166,211,406,332,830,641
323,235,316,244,182,242,335,491,864,641
515,408,205,160,137,178,379,313,818,641
347,276,248,155,126,206,356,309,819,642
538,345,258,196,133,183,406,306,854,642
225,171,264,202,154,206,305,466,856,642
581,405,225,184,135,174,402,316,839,642
530,399,204,160,128,168,366,306,835,642
586,396,395,278,190,275,418,500,873,642
401,261,283,226,162,210,344,587,873,642
389,328,177,147,132,160,348,327,810,642
415,273,272,200,147,208,400,302,860,642
466,297,295,207,141,222,418,334,867,643
671,444,441,337,231,317,435,461,885,643
191,152,187,149,120,155,353,308,827,643
355,278,204,171,143,169,343,299,828,643
347,253,253,175,135,199,403,305,848,643
626,440,255,196,144,192,399,321,863,643
466,344,225,175,135,180,392,303,830,643
634,477,303,213,173,252,410,400,840,643
719,429,323,254,172,226,438,409,861,643
475,280,306,227,151,215,422,604,865,643
433,265,423,299,217,318,433,576,861,644
361,258,230,208,177,194,365,316,784,644
642,497,186,142,112,148,372,322,832,644
486,274,461,336,217,317,464,666,883,644
539,308,439,335,215,304,462,617,891,644
590,370,415,334,257,330,501,578,883,644
592,420,276,211,151,206,382,307,853,644
425,305,263,185,135,196,382,304,849,644
704,485,273,194,144,211,410,388,863,644
510,303,258,196,137,188,423,342,850,644
471,334,228,167,130,185,391,337,837,644
427,273,298,230,182,238,519,307,823,644
672,469,350,253,192,277,423,323,859,644
598,363,313,214,146,224,429,647,794,644
201,151,183,152,113,142,338,226,819,644
654,440,255,214,149,185,404,311,851,644
344,247,300,247,179,225,302,615,877,644
345,267,202,158,131,167,370,324,840,644
674,475,321,252,191,248,426,389,855,645
595,295,421,322,158,216,442,696,904,645
366,238,354,270,199,271,416,452,854,645
568,393,328,239,178,259,414,412,859,645
392,256,269,200,148,203,407,313,849,645
648,386,417,329,210,276,428,655,877,645
345,214,339,273,191,249,363,536,878,645
492,357,209,150,117,168,340,312,826,645
715,485,374,274,199,280,413,456,858,645
594,440,211,170,132,168,372,320,828,645
424,319,238,187,148,195,376,310,858,646
419,270,249,189,146,202,432,316,844,646
329,250,176,159,128,145,338,307,804,646
321,223,133,102,77,103,346,318,698,646
395,251,364,299,200,255,416,633,873,646
590,421,292,233,170,229,406,352,845,646
549,398,331,240,183,255,363,447,854,646
514,320,271,197,136,196,432,428,851,646
663,424,380,304,225,290,454,497,857,646
659,431,247,171,120,186,468,324,833,646
462,272,202,162,116,145,498,322,788,647
586,415,267,179,135,208,413,323,858,647
604,416,330,237,165,244,414,323,842,647
274,212,290,199,157,234,371,312,843,647
465,347,181,142,109,139,359,332,701,647
445,313,281,211,156,217,395,336,862,647
574,407,233,175,130,182,393,332,831,647
378,233,155,108,68,107,342,620,489,647
528,349,354,254,185,271,422,517,864,647
514,289,358,270,184,259,477,642,877,647
335,243,146,107,72,104,329,616,498,647
586,350,382,276,189,278,442,530,871,647
532,327,446,345,220,308,422,646,888,647
372,296,348,271,215,288,475,427,844,648
365,256,271,176,119,198,391,300,844,648
624,391,311,257,183,226,444,395,841,648
706,466,116,81,60,89,386,670,439,648
484,391,203,162,145,179,370,318,837,648
610,363,374,279,182,264,454,378,850,648
528,334,383,253,159,257,436,407,859,648
329,212,252,194,144,190,433,351,846,648
271,177,259,185,131,195,349,303,847,649
587,378,366,260,171,256,429,347,852,649
541,374,309,197,139,234,406,469,873,649
331,261,210,155,124,173,282,288,815,649
454,283,341,238,157,241,428,513,871,649
452,333,311,230,175,244,388,318,833,649
661,410,357,273,172,246,409,551,867,649
491,363,363,266,201,282,492,460,871,649
662,470,349,258,192,273,427,366,838,649
483,343,184,135,107,149,355,306,812,649
397,289,218,165,132,180,346,313,838,649
666,456,324,253,193,259,411,435,847,649
554,435,153,125,103,126,373,314,774,649
685,463,387,272,192,296,415,449,868,649
299,192,353,240,155,241,560,10,497,649
623,423,350,266,191,266,441,362,862,649
679,400,418,303,190,283,433,580,879,649
457,316,259,196,147,204,412,330,851,649
563,450,160,121,96,129,373,310,738,650
546,380,167,119,84,124,352,310,820,650
669,424,343,257,178,251,428,476,840,650
305,244,171,134,108,137,348,311,839,650
416,227,394,295,183,262,440,575,885,650
463,371,181,146,123,153,352,314,827,650
600,388,479,349,274,380,529,592,881,650
416,302,196,154,123,154,372,306,824,650
370,229,381,296,212,279,434,528,848,650
647,468,241,174,136,191,383,314,845,650
679,438,336,254,176,251,404,358,844,650
462,253,167,124,79,113,375,961,425,650
380,257,338,242,173,260,396,490,863,650
579,320,306,238,151,209,471,535,866,650
487,381,243,163,131,198,380,309,846,650
617,408,358,301,211,265,403,287,850,650
338,234,200,158,115,152,329,307,828,651
231,165,223,158,121,177,324,296,845,651
297,188,222,180,136,174,374,302,841,651
649,430,302,255,186,228,429,427,852,651
384,291,236,185,139,181,356,304,822,651
420,328,155,117,98,131,330,322,826,651
409,337,225,163,137,190,359,315,836,651
356,236,258,202,144,193,343,469,861,651
372,241,390,263,180,276,435,467,862,651
551,349,361,255,180,264,489,463,883,651
470,346,211,172,132,165,385,308,839,651
559,382,284,205,144,210,402,427,836,652
709,397,634,429,208,327,486,861,905,652
367,324,134,101,90,123,500,3,186,652
650,441,465,309,227,355,427,599,891,652
609,426,331,267,194,249,418,569,860,653
195,163,245,163,123,196,373,310,849,653
579,330,373,291,191,262,438,603,871,653
435,335,245,197,157,199,353,410,845,653
569,442,133,112,92,110,364,330,697,653
453,274,385,283,197,284,403,581,874,653
378,294,184,142,116,150,356,319,803,653
501,363,243,175,133,194,352,303,823,654
583,354,436,328,220,307,445,545,867,654
522,366,235,187,146,186,399,309,842,654
447,304,238,193,143,180,360,368,846,654
442,345,151,117,94,125,349,336,717,654
246,199,237,167,138,202,336,308,842,654
308,248,122,96,84,107,322,146,639,654
566,410,270,198,151,213,415,340,813,654
582,402,308,211,160,234,384,314,836,654
275,215,232,173,131,178,341,319,835,654
591,383,342,270,199,262,429,445,857,654
386,272,113,89,65,85,323,311,537,654
237,200,174,145,118,146,292,305,841,654
394,271,266,201,145,199,413,354,865,654
539,365,258,192,141,196,487,114,585,655
412,304,285,204,163,235,386,445,842,655
640,438,316,244,184,246,432,429,857,655
288,239,181,140,124,159,382,151,786,655
524,329,289,233,167,217,435,339,856,655
573,381,309,209,150,234,401,446,854,655
397,321,235,183,152,198,340,316,808,655
232,161,293,199,140,214,396,360,838,655
684,457,398,291,216,293,429,592,893,656
706,492,356,266,196,267,444,488,871,656
625,464,226,173,136,184,385,329,831,656
368,283,195,144,119,165,343,256,829,656
573,442,251,215,171,206,365,300,828,656
700,446,301,216,152,220,424,325,860,656
534,319,410,269,191,304,506,580,882,656
663,476,244,178,137,195,393,313,820,656
575,439,254,198,154,206,379,302,835,657
418,266,319,221,161,241,451,523,852,657
346,249,263,193,146,207,351,328,849,657
183,134,198,155,113,147,294,302,832,657
661,441,473,352,246,347,402,516,867,657
567,398,264,182,137,202,402,329,845,657
585,366,330,241,164,236,485,597,860,657
598,368,311,219,151,226,414,509,856,657
496,319,383,287,207,291,447,647,878,657
398,266,235,167,122,179,379,306,838,658
377,300,155,111,94,133,342,148,817,658
485,238,389,301,198,272,478,544,878,658
432,283,256,207,150,192,391,355,858,658
441,282,268,205,152,203,396,406,857,658
667,401,450,300,194,312,440,399,869,658
505,311,448,328,213,306,507,561,864,658
401,313,237,181,143,193,354,316,818,658
731,443,261,208,146,186,493,318,832,658
615,437,263,182,131,197,407,326,848,658
352,245,212,157,112,155,342,316,823,658
580,373,348,247,165,250,418,461,848,659
312,212,216,173,139,171,448,324,838,659
648,440,287,210,158,225,412,396,840,659
442,344,196,163,136,167,362,306,860,659
357,259,245,197,152,190,361,325,818,659
549,312,398,301,183,258,447,597,865,659
327,276,219,162,133,185,361,321,828,659
360,305,206,165,142,175,368,313,849,659
404,280,240,169,131,189,383,388,844,659
310,211,263,205,144,188,311,531,859,659
386,270,277,216,154,212,387,305,838,659
450,315,351,257,186,266,397,474,862,660
572,322,367,266,169,253,451,617,862,660
500,396,247,176,139,198,375,299,843,660
504,386,208,165,139,175,378,251,854,660
360,232,203,141,93,144,424,460,870,660
612,377,337,252,162,232,498,540,858,660
718,447,364,260,174,264,442,444,876,661
378,272,292,216,165,227,392,364,831,661
645,394,375,286,201,277,497,590,874,661
361,253,234,181,147,189,453,316,825,661
524,394,214,147,122,180,397,331,840,661
397,254,318,233,152,222,426,526,869,661
343,226,352,243,166,253,363,485,871,661
456,358,219,168,133,181,390,308,819,661
311,229,236,164,127,189,346,315,834,661
661,446,367,265,192,274,404,528,863,661
524,366,251,202,150,194,409,341,848,661
672,439,345,242,167,260,439,347,859,662
326,233,319,222,154,233,421,351,854,662
503,321,375,262,183,280,420,550,877,662
541,390,320,283,222,260,409,399,849,662
425,333,252,197,158,207,374,317,827,662
496,315,346,264,173,242,418,480,861,662
547,355,342,252,175,244,423,459,875,662
644,453,352,236,174,274,426,537,862,662
469,300,355,250,157,234,523,365,866,662
683,451,384,284,200,282,438,452,859,663
426,260,415,289,188,287,440,608,873,663
395,285,263,202,146,202,393,303,833,663
161,134,159,123,104,134,465,20,400,663
569,282,502,375,181,271,492,719,906,663
648,370,406,286,187,283,507,653,877,663
377,264,327,238,175,248,395,341,850,663
374,259,248,178,128,182,380,303,834,663
487,321,310,236,168,235,369,514,862,663
431,243,388,292,177,259,385,647,868,663
621,466,238,180,139,198,369,312,824,664
387,283,269,199,161,221,390,303,843,664
239,177,274,191,145,215,277,457,833,664
625,402,316,220,141,212,430,308,842,664
430,261,316,248,156,209,395,584,861,664
294,214,220,178,136,169,350,301,818,664
458,335,227,170,125,177,381,366,827,664
602,439,228,182,140,178,387,332,834,664
557,376,282,189,134,208,394,315,845,664
499,377,186,150,117,151,362,316,825,664
402,299,216,149,116,175,357,311,829,665
379,255,213,170,127,164,398,317,846,665
290,208,312,241,176,236,385,276,808,665
578,424,234,179,137,192,375,322,821,665
444,315,215,167,134,176,372,331,847,665
428,300,268,204,152,209,396,363,832,665
709,485,303,242,179,237,436,486,854,665
446,281,329,270,193,242,405,379,859,665
651,409,414,299,187,280,449,571,877,665
655,368,358,293,202,250,526,446,861,665
365,212,125,90,58,88,348,648,469,665
642,417,256,177,114,180,412,302,866,665
394,301,267,216,173,219,353,411,854,665
637,376,334,253,184,247,482,325,844,666
514,370,289,216,166,225,396,433,852,666
271,193,266,187,139,209,334,329,846,666
442,363,149,110,94,126,454,59,417,666
287,214,191,145,113,154,350,303,827,666
488,318,309,263,193,229,404,348,862,666
571,373,316,226,162,239,393,372,863,666
560,409,245,205,161,200,403,315,831,666
612,447,266,243,189,215,405,320,822,666
509,390,144,109,89,121,330,309,588,667
431,316,206,169,132,166,349,309,849,667
449,279,257,206,149,190,392,338,862,667
475,347,232,176,129,180,352,314,838,667
591,363,400,318,214,281,498,433,851,667
512,409,225,169,139,190,375,311,851,667
419,241,391,295,165,246,502,446,866,667
237,155,232,192,136,174,321,318,835,667
577,381,376,292,217,286,417,462,862,667
547,395,209,171,126,162,392,317,838,667
341,267,276,204,162,222,442,309,841,667
570,377,214,193,150,160,518,329,730,668
618,348,437,327,190,270,454,613,887,668
436,341,153,119,97,127,318,304,699,668
566,440,177,145,116,145,372,315,820,668
566,398,159,129,96,122,378,643,537,668
434,325,207,173,134,164,335,432,830,668
252,183,179,136,111,148,501,52,459,668
451,299,292,241,172,218,393,409,843,668
358,285,232,165,140,199,376,159,807,669
459,353,227,180,146,187,369,313,830,669
591,399,453,333,227,327,439,616,898,669
472,321,175,147,115,138,353,298,757,669
332,203,304,227,147,208,322,558,873,669
624,348,401,308,191,269,461,635,857,669
590,419,234,171,130,182,389,317,859,669
466,356,331,240,192,260,432,250,443,669
470,301,358,266,195,275,417,345,866,669
410,320,244,179,145,199,356,315,814,669
497,338,312,250,182,235,381,433,854,669
571,379,304,242,169,221,409,426,859,669
363,280,324,248,182,248,462,313,831,670
629,461,270,212,164,214,396,310,843,670
575,312,505,379,243,350,501,655,883,670
569,431,267,199,160,218,416,311,821,670
682,409,499,383,262,358,462,648,897,670
434,259,300,222,147,214,408,567,873,670
443,239,447,337,208,293,435,627,892,671
464,308,229,182,134,175,391,305,854,671
615,446,289,199,148,225,385,532,861,671
351,271,172,145,120,142,314,313,822,671
722,391,564,395,242,371,473,851,911,671
401,253,379,288,185,262,342,610,855,671
512,353,251,193,147,194,460,314,835,671
440,354,234,179,146,195,400,317,821,672
411,230,367,285,179,249,426,588,876,672
357,224,316,229,153,223,423,528,835,672
656,458,319,249,185,243,407,315,847,672
353,226,340,262,191,260,404,467,867,672
609,355,339,271,189,244,426,569,873,672
462,301,354,264,182,254,387,650,875,672
429,329,198,149,116,160,340,316,828,672
242,182,193,142,112,156,320,318,849,672
652,335,521,375,202,307,432,846,897,672
570,346,424,319,212,297,439,513,875,672
519,304,463,325,211,325,432,480,854,673
548,403,214,168,132,168,384,321,847,673
189,158,161,116,92,135,330,165,793,673
439,245,360,268,154,233,442,627,889,673
560,407,230,197,150,181,382,335,855,673
345,242,402,277,198,297,410,460,871,673
611,384,371,269,178,261,455,547,864,673
362,252,330,201,139,242,385,322,836,673
503,292,364,277,178,251,435,556,888,673
498,354,317,256,176,227,369,489,882,673
647,367,328,238,149,221,409,442,855,673
633,355,595,463,252,347,479,951,931,673
567,371,309,242,162,224,414,358,861,673
479,296,304,236,185,239,527,345,847,674
315,226,243,191,147,189,382,308,850,674
652,402,393,282,193,282,432,639,864,674
323,248,205,159,123,165,363,310,835,674
553,368,286,214,157,216,390,520,861,674
452,379,99,63,53,85,339,334,282,674
359,264,234,195,152,187,363,314,834,674
457,342,244,177,136,192,398,330,835,675
442,345,105,77,60,84,329,301,460,675
284,225,266,201,154,210,337,192,811,675
653,436,326,259,181,235,421,422,853,675
303,225,290,196,151,227,382,341,844,675
271,188,283,179,117,200,396,310,828,675
438,264,428,291,193,305,444,589,884,675
287,216,125,96,79,103,324,186,469,675
654,484,295,216,171,240,410,322,839,676
417,297,233,182,138,180,388,358,820,676
406,290,272,191,148,223,398,316,843,676
526,338,366,258,177,269,438,612,868,676
718,454,443,347,243,315,444,633,862,676
376,233,331,251,153,213,375,610,858,676
448,266,373,281,184,258,442,512,846,676
422,300,239,181,137,189,368,304,845,676
689,406,310,230,146,211,419,517,858,676
371,250,241,185,138,188,422,309,825,677
466,289,241,178,126,183,417,476,829,677
443,322,161,189,154,128,365,316,764,677
602,356,351,270,181,250,399,557,885,677
586,372,400,298,192,274,434,628,889,677
601,424,312,245,180,238,380,588,884,677
409,330,249,193,154,203,383,313,839,677
464,300,326,240,175,246,419,588,860,677
607,425,315,245,186,242,429,460,876,677
398,287,229,186,138,179,386,302,824,677
383,234,332,258,161,218,333,556,871,677
554,388,212,168,125,164,380,324,828,677
352,258,155,110,82,118,354,314,783,677
469,366,165,124,102,139,353,306,684,677
434,362,100,75,67,88,379,108,602,677
570,421,264,207,161,210,404,323,854,677
468,351,230,176,137,185,377,273,823,677
576,337,426,294,186,306,453,610,871,677
436,228,132,77,152,249,518,114,751,677
566,385,233,176,125,175,398,312,858,677
429,331,149,134,105,122,334,275,775,678
551,325,470,341,207,301,511,615,906,678
257,191,222,156,121,176,362,324,845,678
653,479,181,136,104,141,387,324,813,678
481,341,460,346,259,356,445,625,882,678
663,411,416,308,210,298,433,607,862,678
513,327,250,188,126,181,423,413,838,679
592,433,243,194,144,186,400,307,847,679
149,146,112,81,85,113,313,1,196,679
665,424,343,295,206,253,444,327,869,679
526,330,236,194,134,171,402,353,840,679
361,227,361,261,180,259,406,542,873,679
668,408,356,275,180,247,438,613,875,680
331,217,318,238,160,237,399,372,860,680
597,415,227,175,122,169,398,308,842,680
634,454,307,242,185,240,396,305,810,680
529,380,197,169,126,155,386,325,842,680
335,248,259,180,134,200,395,321,853,680
301,199,249,188,136,191,378,332,846,680
403,278,208,167,123,156,386,316,837,681
392,295,209,160,122,167,355,317,832,681
511,386,237,175,135,188,372,317,821,681
400,303,234,179,153,201,479,306,851,681
491,333,345,274,178,240,417,384,851,681
356,246,308,242,189,246,465,323,830,681
382,306,274,200,165,222,392,329,822,681
430,255,387,296,193,272,424,622,883,681
543,432,208,167,143,182,375,321,775,681
442,273,465,351,225,317,448,605,879,682
550,352,317,250,173,223,466,315,845,682
659,431,306,241,165,223,420,556,853,682
521,389,188,139,112,155,380,312,843,682
375,309,191,147,121,161,348,312,822,682
464,259,323,237,159,221,416,519,868,682
468,283,367,271,184,256,414,418,860,682
465,228,266,190,127,186,524,430,852,682
470,276,295,218,150,216,416,479,861,682
258,176,277,222,168,219,362,346,836,683
416,327,211,165,137,179,330,306,832,683
720,451,262,207,152,197,473,323,832,683
565,370,319,244,168,236,435,512,867,683
690,477,386,261,189,296,422,475,872,683
489,311,356,282,192,260,429,514,882,683
525,376,219,176,140,175,391,319,830,683
622,380,403,315,206,281,432,537,868,683
423,322,210,161,122,164,353,353,867,683
485,370,209,147,116,172,363,311,806,683
359,201,270,204,142,201,506,311,855,683
603,393,274,212,152,203,417,356,838,684
449,305,323,239,175,249,415,431,851,684
627,438,336,242,177,263,486,376,867,684
659,430,328,262,180,235,426,472,872,684
715,489,309,232,169,239,427,365,862,684
388,312,294,194,163,255,321,286,803,684
460,360,158,138,110,127,318,301,727,684
729,448,372,302,190,254,421,418,855,684
448,278,324,253,186,248,543,313,827,684
323,228,249,189,140,195,402,305,851,684
658,431,341,274,202,254,417,494,859,685
493,285,404,293,184,280,424,626,890,685
286,209,224,194,154,185,377,307,839,685
456,297,364,279,205,273,383,441,855,685
567,334,317,239,159,224,513,423,855,685
732,434,430,316,208,305,464,529,870,685
727,483,327,272,192,234,434,588,848,685
581,392,372,291,218,291,426,636,885,685
589,400,316,202,139,229,435,432,847,685
603,395,313,247,158,219,425,460,875,685
661,423,381,274,184,265,435,590,879,685
443,352,238,159,128,193,381,312,839,685
213,180,114,90,80,108,323,1,213,685
633,500,232,168,130,188,367,306,837,685
618,429,288,221,155,212,388,547,856,685
625,456,190,162,127,155,401,332,801,686
511,374,275,216,166,210,512,323,821,686
366,270,249,184,134,191,369,306,846,686
614,370,422,337,238,308,451,629,869,686
423,309,243,180,140,191,366,323,789,686
387,282,247,203,156,198,405,331,839,686
374,214,331,242,152,223,384,610,866,686
302,250,185,153,136,164,325,286,796,686
450,305,272,207,151,206,392,315,838,686
548,366,440,313,216,323,428,501,856,686
391,314,179,125,103,152,337,296,822,686
399,236,273,198,133,196,408,335,844,687
539,304,366,265,167,245,396,572,878,687
497,331,321,232,182,256,482,308,844,687
471,315,333,236,177,260,408,431,871,687
510,361,271,213,160,212,393,314,849,687
560,327,280,209,104,144,448,329,839,687
368,227,422,288,182,293,420,595,883,687
487,387,229,186,153,188,343,305,816,687
348,256,247,183,141,196,337,291,853,687
453,303,292,220,159,215,383,463,864,688
370,282,147,116,97,123,314,308,813,688
527,362,276,220,182,227,529,336,841,688
338,209,331,264,198,253,495,338,821,688
435,299,267,195,147,212,380,414,852,688
646,413,342,267,192,258,420,540,876,688
359,243,327,211,158,257,409,322,844,688
574,405,279,206,147,205,421,327,857,688
530,332,312,218,152,231,405,549,867,688
215,161,159,129,101,126,258,291,799,688
605,424,287,211,150,217,392,422,848,688
655,447,252,213,151,189,415,399,862,688
403,291,222,162,122,171,353,304,836,688
638,433,355,273,204,267,456,539,867,689
322,225,267,200,154,213,379,312,830,689
212,152,214,175,130,168,300,314,832,689
490,283,482,358,219,323,480,655,899,689
373,246,253,173,124,190,401,332,848,689
391,272,171,116,87,134,348,308,735,689
569,430,215,171,136,178,377,323,830,689
285,209,172,135,105,135,322,301,768,690
581,303,377,294,145,203,392,621,843,690
308,207,306,225,158,224,396,452,860,690
510,356,342,213,145,252,390,323,852,690
453,289,328,243,177,249,458,507,829,690
595,435,248,177,135,197,462,295,836,690
681,428,364,274,204,287,419,490,852,690
379,231,370,271,164,243,346,643,882,690
462,294,287,212,144,200,424,262,854,690
620,393,318,264,179,218,480,375,848,690
515,366,231,179,144,188,384,321,838,690
612,378,347,261,174,245,419,444,853,690
583,307,501,391,225,316,405,901,901,690
477,315,268,213,157,201,400,416,840,691
404,326,203,149,119,169,351,286,833,691
498,344,266,191,143,208,398,409,867,691
593,417,262,192,146,199,384,316,840,691
523,387,238,181,134,181,383,310,837,691
485,335,279,225,172,220,451,321,853,691
353,279,123,91,71,99,329,312,671,691
709,462,411,287,193,298,429,599,885,691
450,289,334,248,174,241,336,623,874,691
394,309,192,154,122,154,363,307,837,692
427,319,258,198,150,192,471,323,832,692
555,393,239,194,143,184,384,312,843,692
537,404,306,281,185,224,413,499,422,692
483,271,477,356,232,310,383,613,879,692
589,419,326,256,189,258,418,321,850,692
614,474,239,164,133,200,412,327,833,692
545,359,362,273,193,265,421,434,838,692
569,339,359,262,168,245,445,645,883,693
546,413,265,194,159,226,384,303,836,693
416,279,211,157,122,170,473,305,800,693
609,389,371,274,191,266,418,431,873,693
428,316,235,188,144,188,375,315,847,693
225,186,100,72,62,87,500,1,215,693
374,268,228,180,143,185,367,319,822,693
512,363,334,228,162,246,417,495,870,693
678,406,458,316,205,320,462,625,871,693
404,208,371,299,180,247,456,644,887,693
342,308,245,175,168,234,382,2,209,693
596,450,247,204,154,193,399,325,835,693
409,313,220,170,136,183,375,319,832,694
573,436,286,194,145,220,382,317,841,694
374,250,313,211,155,250,391,320,846,694
664,429,299,263,179,212,420,420,836,694
426,275,299,211,141,211,391,482,857,694
379,277,236,173,133,189,376,318,859,694
384,217,375,279,168,248,443,578,869,694
442,339,231,172,135,188,349,305,840,694
677,441,353,271,185,257,413,578,872,694
491,282,478,362,204,284,435,637,875,694
716,448,492,353,251,370,463,489,852,694
593,336,396,309,213,279,458,655,881,694
377,293,138,111,90,113,322,157,797,695
580,371,413,282,186,286,444,525,857,695
600,425,356,261,174,249,428,433,847,695
400,296,257,187,139,200,375,317,848,695
570,369,304,231,165,231,408,469,871,695
463,332,284,227,179,231,413,304,859,695
581,432,306,202,155,253,473,328,833,695
460,265,355,275,188,253,423,505,866,695
383,334,96,70,64,87,282,301,772,696
507,305,361,269,178,262,435,575,889,696
571,400,310,244,184,248,403,384,838,696
433,256,355,258,168,247,418,387,855,696
575,305,421,302,169,255,479,611,873,696
464,287,134,90,61,96,357,661,472,696
423,297,229,170,134,181,373,317,841,696
593,460,388,280,222,321,427,597,865,696
369,287,183,137,119,159,345,314,816,696
342,246,269,215,152,204,399,313,848,697
414,306,217,169,134,178,365,332,821,697
364,213,153,114,72,105,427,325,846,697
450,330,328,245,177,253,496,343,846,697
407,267,273,208,136,193,399,293,826,697
496,342,264,205,155,214,387,315,835,697
397,322,171,134,112,144,360,308,762,697
517,375,275,189,153,226,415,305,835,697
621,452,217,158,124,172,447,365,596,698
596,368,401,302,198,277,448,568,884,698
294,236,132,96,81,112,305,305,620,698
449,297,287,223,165,217,392,396,840,698
247,197,207,173,134,167,238,460,845,698
323,255,134,98,82,114,331,319,686,698
514,384,227,182,139,174,379,312,832,698
493,370,275,241,193,227,392,316,836,698
547,401,276,196,155,223,417,346,863,698
383,297,211,158,131,176,372,315,816,698
523,353,329,248,174,242,393,529,873,698
596,297,506,365,212,325,505,394,870,698
680,430,314,238,168,230,429,485,863,698
412,311,325,222,167,255,473,391,851,698
635,454,316,208,158,254,418,338,854,699
552,324,344,249,167,247,423,524,870,699
352,260,232,181,134,180,398,332,844,699
449,262,382,301,195,271,411,631,885,699
479,368,257,189,139,203,369,301,840,699
726,469,292,221,161,215,419,443,866,699
342,234,202,164,117,148,377,309,842,699
496,321,264,191,126,190,357,355,860,699
169,153,119,94,88,113,272,59,654,699
420,267,251,186,136,191,402,302,835,699
202,189,129,91,89,124,381,2,206,699
603,332,305,227,138,207,424,589,871,699
410,251,371,269,183,265,448,599,860,699
433,292,305,211,158,239,395,356,850,700
519,345,251,206,148,188,401,361,844,700
332,226,126,100,67,91,288,643,492,700
443,290,329,224,154,239,434,493,860,700
598,350,329,243,155,226,394,477,863,700
352,263,214,140,107,170,322,310,835,700
605,397,350,256,170,252,421,382,870,701
333,232,241,187,138,185,395,303,859,701
221,165,198,130,104,158,342,294,834,701
484,328,293,197,148,228,512,349,851,701
433,301,297,202,150,228,383,398,860,701
614,452,182,149,116,146,375,315,844,701
378,285,269,218,165,204,359,480,860,701
322,262,235,169,143,203,335,343,827,702
505,392,211,168,137,175,362,312,850,702
401,267,250,189,137,189,397,418,847,702
614,435,339,209,159,271,474,298,445,702
716,435,380,306,211,281,436,594,869,702
598,423,153,118,89,121,368,650,487,702
731,459,412,301,207,299,456,541,868,702
399,272,243,183,125,176,381,425,850,702
368,282,228,175,138,185,378,309,815,702
491,306,461,365,210,298,516,249,511,703
507,294,317,219,141,215,505,619,868,703
624,464,294,209,167,239,397,314,839,703
584,365,363,248,154,256,445,314,839,703
442,319,236,180,139,186,393,323,826,703
418,267,320,264,188,231,431,379,847,703
658,471,383,254,199,318,402,467,853,703
481,334,414,303,222,313,422,613,888,703
419,241,323,263,166,206,516,365,835,703
575,375,232,193,137,177,427,322,846,703
571,374,288,200,133,207,387,320,838,703
559,383,298,226,164,226,429,345,849,703
280,164,246,172,122,181,495,15,424,704
304,269,118,89,82,107,312,144,734,704
490,370,228,166,133,187,382,316,844,704
505,391,185,142,112,149,369,305,811,704
238,166,248,191,133,180,384,293,853,704
366,275,225,156,123,183,364,325,854,704
225,164,202,161,117,147,322,305,826,704
566,401,333,249,174,245,385,405,834,704
486,367,178,123,97,145,357,314,812,704
348,249,195,169,135,158,377,227,794,704
657,479,271,208,161,218,398,325,849,704
388,297,199,132,108,166,424,324,810,705
402,229,307,229,162,228,419,421,862,705
558,350,548,402,256,365,456,573,887,705
345,218,324,243,171,240,448,362,843,705
608,358,206,159,105,144,426,704,603,705
357,269,215,154,124,177,359,314,833,705
604,366,402,276,186,289,423,515,874,706
496,358,382,277,208,292,404,655,878,706
487,296,300,252,206,247,516,308,810,706
452,250,349,253,158,226,552,351,848,706
220,170,296,200,147,233,371,307,842,706
280,184,316,262,172,216,358,451,863,706
343,298,175,120,105,156,307,305,836,706
580,398,381,268,192,284,414,446,857,706
567,338,380,268,167,258,409,329,858,706
278,167,312,236,150,210,375,535,849,707
578,429,287,216,155,218,380,325,823,707
464,296,314,220,148,226,414,395,854,707
274,190,236,187,135,177,288,508,860,707
669,462,235,200,161,193,483,324,836,707
451,306,308,253,180,234,502,327,880,707
382,273,196,169,131,155,382,324,823,707
695,478,302,236,175,234,416,387,853,707
349,224,201,157,106,141,365,377,829,707
659,492,219,144,119,185,438,182,662,707
450,272,382,283,184,260,398,589,886,707
348,226,289,205,151,224,405,332,853,707
522,301,336,270,183,243,429,662,879,707
545,317,326,256,171,226,422,529,867,708
644,398,388,283,193,277,430,638,868,708
465,327,204,147,104,151,357,311,834,708
513,318,312,253,179,226,414,588,857,708
502,349,218,137,99,165,352,285,845,708
365,276,250,183,139,200,374,300,864,708
542,336,316,237,166,232,408,431,861,708
389,292,272,224,179,219,390,321,825,708
359,267,152,136,113,127,337,195,812,708
264,191,277,184,141,222,386,341,857,708
519,340,298,227,165,228,417,540,867,708
607,427,238,190,141,182,364,318,835,708
565,365,297,208,151,226,416,497,842,708
592,418,277,193,149,216,402,391,842,709
486,314,379,254,160,261,416,322,854,709
694,443,301,234,166,221,430,450,859,709
433,354,239,181,154,210,457,332,816,709
526,359,253,195,149,202,382,323,827,709
501,399,213,157,136,183,377,321,747,709
474,343,292,238,186,230,406,312,837,709
512,321,358,258,176,254,516,640,881,709
351,244,250,156,107,183,385,299,838,709
709,433,422,320,210,302,447,589,870,709
498,359,243,189,148,191,365,282,819,709
262,205,256,174,135,207,351,297,821,709
395,304,252,177,141,207,446,321,834,709
355,257,321,264,207,259,469,321,835,709
469,310,387,321,240,299,433,511,832,709
497,330,394,298,222,305,409,612,873,710
472,316,352,259,185,262,421,513,867,710
530,351,428,295,205,312,431,503,864,710
378,286,288,235,179,222,385,323,845,710
397,223,345,252,162,244,433,575,853,710
446,321,262,204,144,197,486,314,838,710
513,358,198,152,113,152,389,327,838,710
599,325,478,385,247,329,509,570,868,710
523,390,238,176,140,195,387,318,833,710
521,357,327,229,162,245,428,435,865,711
553,433,431,314,281,379,463,170,791,711
685,498,394,305,233,312,425,320,843,711
544,350,265,204,141,195,397,374,852,711
513,373,267,188,141,210,392,310,858,711
636,418,474,358,237,331,470,952,886,711
415,317,216,154,123,173,382,320,752,711
478,349,237,184,144,194,368,305,810,711
515,294,409,330,210,273,434,627,873,711
720,415,409,316,171,234,442,757,900,711
282,214,118,94,74,96,300,305,696,711
688,480,337,274,205,259,445,447,851,711
571,412,298,211,157,223,403,413,866,711
354,231,310,229,162,231,387,415,869,712
338,283,112,91,77,97,319,141,783,712
477,340,264,207,161,209,506,337,853,712
484,319,325,234,163,243,399,315,840,712
292,201,258,206,149,194,359,343,853,712
536,362,288,227,161,217,415,364,834,712
421,302,237,178,141,194,378,321,842,712
468,347,243,186,146,196,368,311,821,712
351,257,257,182,147,215,373,325,841,712
572,406,326,256,193,254,406,537,856,712
391,256,376,237,172,284,547,322,845,712
716,458,545,383,243,377,465,754,908,712
590,400,337,262,180,248,411,304,852,712
631,450,431,323,224,326,455,649,892,712
601,430,258,238,176,201,404,322,844,712
339,238,243,194,156,195,380,298,844,712
654,458,262,201,149,202,391,298,833,712
561,320,441,323,215,315,452,623,897,713
415,293,224,174,128,168,388,305,852,713
432,278,318,261,178,229,363,575,859,713
647,452,325,241,183,256,413,333,849,713
487,327,335,235,154,232,408,316,846,713
369,283,319,228,192,267,390,384,845,713
650,366,344,269,189,251,523,424,842,713
413,307,251,180,139,200,379,311,829,713
359,254,198,145,115,164,364,323,837,713
435,317,180,131,96,141,362,314,819,714
370,240,282,217,160,215,388,513,871,714
525,319,420,287,181,277,443,650,905,714
494,288,346,268,173,244,423,426,861,714
564,369,373,281,203,278,413,483,846,714
394,300,245,165,131,197,384,347,845,714
522,404,137,109,85,108,334,306,709,714
444,299,319,253,179,242,417,337,867,714
520,370,204,148,112,160,365,320,842,714
637,425,289,229,170,215,537,317,840,714
380,289,259,215,163,199,364,313,849,714
380,279,331,210,159,267,418,428,851,715
488,365,293,235,198,253,420,311,830,715
459,334,273,227,172,213,372,286,823,715
363,273,150,114,86,117,317,315,700,715
489,367,259,222,181,212,343,314,835,715
728,481,404,318,243,320,491,443,846,715
565,413,256,198,145,195,371,306,851,715
496,363,304,227,159,228,410,305,842,715
295,222,233,168,125,182,344,312,845,715
568,380,307,227,171,237,464,411,845,715
528,322,291,216,154,216,480,493,862,715
401,252,356,250,178,270,400,332,861,715
391,267,435,307,210,313,401,427,873,715
459,320,219,175,133,175,357,307,840,715
380,282,176,137,104,140,319,307,844,715
401,263,337,261,178,242,422,448,851,716
462,271,367,260,170,258,436,538,885,716
565,425,199,150,119,164,396,317,837,716
581,324,446,344,212,292,440,640,877,716
457,359,202,150,132,181,380,320,840,716
580,376,322,246,151,210,387,607,882,716
647,402,441,297,200,311,420,490,856,716
718,458,404,309,211,284,425,607,870,716
533,333,345,258,179,252,406,595,881,716
449,385,139,112,104,127,332,306,269,716
634,409,130,104,66,88,394,647,524,716
528,415,185,144,120,157,374,314,826,716
455,272,362,298,205,259,428,509,859,716
448,307,139,115,92,114,357,327,471,716
526,324,338,261,179,246,419,469,863,716
467,266,352,273,197,266,501,459,857,717
329,278,144,98,86,125,323,307,673,717
696,432,369,278,174,248,426,449,867,717
332,236,231,192,144,178,350,305,856,717
498,358,277,186,141,219,403,508,847,717
389,271,299,217,158,237,397,295,831,717
586,479,189,135,110,159,357,313,809,717
295,218,220,184,143,170,329,403,853,717
538,392,265,203,154,207,393,329,827,718
568,383,214,178,128,158,381,310,823,718
502,328,229,178,121,163,404,313,837,718
581,352,324,252,177,238,438,557,868,718
315,235,110,87,69,91,309,318,645,718
402,243,453,303,187,305,446,557,879,718
477,278,347,260,169,239,432,417,871,718
625,351,372,274,171,242,530,328,862,718
476,361,229,195,168,199,373,312,852,718
351,255,197,163,123,151,349,321,853,718
384,253,347,253,182,267,410,341,873,718
328,255,234,157,122,189,312,313,818,718
587,407,390,319,235,302,453,366,829,719
584,373,359,272,185,259,448,429,854,719
533,365,335,254,179,241,366,521,848,719
544,399,233,179,135,181,390,297,852,719
501,358,226,170,126,174,382,311,822,719
402,258,123,95,67,88,296,640,432,719
617,384,393,290,201,286,437,599,857,719
516,355,276,191,139,219,394,336,847,719
416,303,168,116,83,126,355,360,844,719
653,437,298,201,132,208,400,334,857,719
468,323,305,223,157,228,419,433,843,719
483,386,297,241,203,256,416,322,807,719
407,303,255,190,149,207,415,313,850,719
526,381,308,212,154,231,391,304,853,720
462,325,252,196,143,190,407,320,830,720
543,323,387,297,197,268,398,629,887,720
681,453,422,286,197,310,441,619,867,720
638,382,377,285,195,269,421,526,861,721
340,255,177,140,112,145,367,304,818,721
574,314,362,278,173,241,425,623,860,721
519,382,196,146,113,156,378,309,818,721
243,223,110,70,62,101,346,39,441,721
475,279,329,242,159,228,399,559,871,721
637,390,166,108,65,110,384,678,767,721
479,248,431,318,199,294,441,634,881,721
382,240,291,222,155,209,395,521,846,721
516,406,173,124,103,149,352,307,778,722
499,320,258,224,154,185,407,361,858,722
331,225,252,211,157,191,374,306,840,722
612,366,388,278,178,268,429,505,864,722
423,327,288,216,191,255,409,315,831,722
547,421,211,162,123,165,383,319,832,722
665,465,245,191,144,189,393,438,858,722
557,329,382,276,188,278,434,525,867,723
655,477,302,194,135,232,396,320,841,723
361,270,215,152,124,181,376,318,826,723
556,307,394,303,194,263,446,634,867,723
499,328,156,119,89,120,326,613,476,723
559,349,313,268,229,264,532,316,831,723
585,350,355,247,160,248,451,519,876,723
658,420,382,307,209,273,458,641,878,723
590,435,234,186,144,191,390,325,835,723
380,248,259,205,136,182,325,340,837,723
607,415,300,223,162,231,426,379,864,723
288,177,350,262,160,229,421,488,865,723
405,280,270,202,152,215,399,310,860,724
700,464,294,230,168,218,435,584,869,724
266,204,183,141,107,147,303,320,833,724
388,277,240,189,149,194,369,308,824,724
300,150,155,115,76,108,470,333,848,724
513,407,228,160,134,197,381,315,845,724
341,263,221,176,140,178,321,342,845,724
628,369,396,299,206,289,441,656,876,724
633,342,413,306,182,265,467,618,877,725
378,261,209,158,122,168,382,330,846,725
565,387,345,253,182,259,411,446,841,725
373,276,201,167,132,165,378,319,772,725
599,322,156,121,69,96,408,638,487,725
287,218,283,225,170,218,359,417,854,725
390,286,277,223,169,216,396,435,847,725
446,251,296,233,140,195,443,518,867,726
670,457,286,214,158,221,415,430,849,726
389,268,227,194,142,174,399,307,840,726
606,467,228,191,153,185,400,322,837,726
453,271,320,241,170,236,423,553,865,726
403,275,305,219,162,233,402,352,857,726
242,196,185,130,106,155,311,317,820,726
339,270,255,208,169,211,340,303,830,727
590,372,295,208,146,215,423,502,858,727
508,336,312,246,167,227,406,325,834,727
612,343,392,311,182,247,517,561,857,727
605,393,321,262,190,242,422,413,835,727
509,352,231,172,121,174,380,302,855,727
591,345,400,265,181,280,523,441,841,727
682,453,317,252,183,238,419,564,867,727
282,213,169,152,115,133,330,311,822,727
349,249,289,218,153,214,376,310,812,727
437,312,382,313,230,290,468,526,869,728
572,443,168,146,118,137,379,309,837,728
368,250,302,210,152,230,419,362,865,728
262,195,308,205,147,229,401,480,856,728
614,406,333,269,200,254,430,439,867,728
587,319,305,222,144,210,429,442,860,728
725,441,478,339,227,347,465,618,878,728
685,484,269,211,152,205,478,323,844,728
528,422,214,176,146,180,363,319,824,728
428,301,154,117,95,125,394,316,763,728
483,354,246,171,122,189,411,318,851,728
408,289,331,247,198,271,464,408,834,729
612,352,369,281,190,264,508,627,860,729
336,288,111,89,75,95,285,297,819,729
452,326,232,193,149,184,380,316,817,729
648,375,297,220,136,180,563,320,842,729
347,234,347,248,173,257,407,457,879,729
634,466,256,239,193,207,403,436,817,729
461,272,443,320,219,325,456,563,866,729
433,263,430,303,193,299,423,584,881,729
663,421,450,310,231,341,566,579,871,729
600,372,340,262,167,224,412,584,855,729
570,451,149,108,90,128,349,315,749,729
393,287,158,132,107,129,348,323,782,730
583,385,335,264,198,263,424,579,874,730
697,431,372,284,196,269,453,631,881,730
377,248,223,164,119,175,388,311,834,730
290,218,205,162,131,169,322,305,816,730
647,385,301,226,152,205,477,308,849,730
504,335,335,262,179,242,348,580,850,730
307,214,312,238,169,227,341,498,850,730
242,231,88,62,61,86,322,1,195,730
523,332,416,308,208,298,455,633,898,730
544,388,244,201,147,189,391,318,841,730
712,480,389,283,204,294,431,343,841,730
730,456,440,310,207,307,444,553,869,730
468,359,205,149,124,172,435,253,829,731
644,411,377,294,224,301,489,468,847,731
461,360,247,171,134,202,371,310,847,731
425,284,289,226,175,229,497,323,860,731
478,328,255,191,142,194,398,310,828,731
567,430,259,188,152,216,460,218,467,731
509,376,368,253,185,283,412,391,852,731
493,350,269,177,146,227,444,310,854,731
491,336,237,176,125,178,381,341,854,731
386,246,204,157,119,162,427,319,811,732
685,472,394,271,188,288,439,557,870,732
301,220,331,250,173,251,407,299,872,732
653,439,393,288,202,287,418,601,871,732
461,324,285,224,176,232,387,310,848,732
465,353,227,175,134,179,395,323,812,732
526,348,355,271,185,256,438,519,858,732
409,298,238,182,135,188,367,414,830,732
236,185,122,99,82,102,344,111,779,732
505,272,415,279,168,265,596,532,867,732
438,318,282,220,159,212,316,560,870,733
457,297,321,231,165,240,399,560,851,733
435,354,195,146,121,162,356,304,831,733
410,290,218,162,126,175,379,323,852,733
578,295,196,154,87,124,437,668,606,733
548,321,318,239,157,215,494,411,866,733
417,342,228,165,138,186,371,310,839,734
415,288,248,203,147,186,424,309,857,734
674,371,571,388,228,362,474,602,898,734
457,327,202,155,114,156,374,313,833,734
320,245,250,201,157,198,331,414,836,734
451,334,246,178,133,193,381,321,842,734
589,393,350,244,178,259,414,353,839,734
385,271,200,151,108,150,359,311,816,734
464,328,204,154,113,154,355,307,829,734
330,261,245,193,163,206,349,316,839,734
344,282,126,105,92,112,315,314,704,734
417,291,266,197,151,210,384,309,845,735
433,308,290,208,157,230,417,339,863,735
426,356,161,105,87,138,398,304,821,735
505,358,283,217,168,226,396,424,837,735
317,218,134,104,75,102,235,644,519,735
394,249,334,264,184,237,366,508,838,735
193,181,101,85,77,91,365,1,178,735
574,408,259,218,163,198,393,312,840,735
714,470,313,252,174,231,419,504,853,735
550,328,365,278,177,256,447,579,867,735
497,269,367,271,183,264,439,614,878,735
734,461,383,288,204,287,456,552,858,735
566,420,212,169,137,174,374,299,845,735
656,405,470,328,208,325,436,577,883,736
556,384,338,246,169,245,416,510,870,736
490,383,259,203,165,213,374,356,859,736
377,240,311,209,147,233,411,489,847,736
673,376,418,292,179,287,486,639,859,736
451,296,355,234,162,258,430,466,876,736
468,335,306,224,184,254,457,241,613,736
517,352,338,243,174,249,366,613,878,736
221,183,185,153,123,153,307,314,816,736
448,259,447,329,215,311,429,535,877,736
506,335,288,207,146,213,403,319,842,737
475,366,232,171,141,197,356,328,814,737
456,330,255,201,153,196,375,350,834,737
458,307,351,249,176,265,400,480,860,737
451,297,292,215,146,214,399,369,885,737
451,245,375,294,185,255,432,604,871,738
627,382,367,270,180,259,437,542,877,738
398,326,252,151,119,207,382,315,824,738
671,436,317,217,148,227,427,341,842,738
484,292,424,335,211,289,429,626,859,738
361,181,164,115,92,132,580,5,461,738
440,319,264,201,148,204,382,418,817,738
602,415,284,223,166,225,393,331,829,738
511,362,261,203,151,200,410,435,861,739
650,359,451,328,195,289,463,605,868,739
358,231,292,208,139,208,366,452,870,739
423,280,240,150,100,177,405,308,830,739
538,444,156,113,97,134,405,1,194,739
414,254,352,228,146,242,423,462,858,739
410,264,276,200,143,204,425,361,861,739
633,437,244,179,128,182,350,505,833,739
466,359,235,190,145,181,383,315,845,739
399,278,232,169,116,167,395,311,851,739
468,333,231,172,132,184,364,308,815,739
429,267,351,256,178,250,423,538,855,739
585,420,262,226,176,213,400,330,853,740
591,427,237,187,144,189,403,330,845,740
430,299,227,174,141,185,450,306,811,740
421,245,380,282,181,259,441,537,894,740
389,292,306,205,157,244,368,302,824,740
612,381,328,251,177,241,430,401,864,740
225,182,196,157,127,161,311,310,834,740
553,324,393,301,202,285,504,533,874,740
472,327,194,162,123,149,376,316,828,740
322,263,167,123,99,138,322,303,839,740
363,271,252,174,137,206,386,335,853,741
472,318,280,216,158,217,390,308,840,741
469,372,246,187,151,200,464,314,841,741
436,329,171,135,109,143,358,320,797,741
302,227,211,151,118,166,349,312,833,741
540,384,312,216,172,254,411,435,846,741
517,359,307,235,166,228,373,452,855,741
475,309,307,237,160,212,361,561,860,741
645,407,364,266,183,268,431,498,852,742
591,390,338,251,176,249,425,475,850,742
444,339,246,186,151,203,355,309,841,742
393,294,222,178,143,183,371,322,828,742
337,247,172,118,79,123,317,350,834,742
405,279,379,304,223,295,427,307,827,742
716,453,430,336,238,316,457,558,891,742
530,341,314,232,172,239,412,314,857,742
636,408,320,248,180,241,416,428,856,742
618,468,272,201,146,213,392,325,841,742
372,242,279,233,172,213,419,301,848,742
392,323,174,125,106,150,385,279,796,742
578,399,246,211,163,192,405,465,848,742
457,265,372,281,184,261,443,499,856,742
612,408,292,230,163,217,410,311,863,742
430,304,246,196,152,197,380,348,845,742
532,312,363,255,183,270,526,337,860,743
374,247,318,243,172,238,442,471,853,743
605,416,304,223,158,227,419,419,858,743
505,415,114,93,68,90,425,1,188,743
557,292,351,282,188,244,427,662,862,743
271,189,321,212,148,231,390,372,843,743
390,272,332,232,169,250,407,338,862,743
428,302,218,166,134,177,377,315,840,743
410,300,316,235,185,256,351,458,860,743
536,324,309,220,142,223,424,496,855,743
492,353,298,201,151,245,398,251,807,743
499,331,277,202,150,209,396,319,828,744
420,287,269,194,133,196,394,422,862,744
507,347,248,201,152,195,396,439,853,744
591,362,433,366,260,318,453,449,849,744
631,444,340,223,154,252,422,432,865,744
328,252,215,172,137,176,362,331,844,744
580,410,272,193,140,205,390,411,855,744
282,207,274,206,150,211,336,405,854,744
626,451,295,211,159,231,394,388,844,744
322,212,271,230,156,198,396,305,848,744
667,476,231,186,145,183,415,319,829,744
630,324,300,223,136,195,424,630,836,745
418,319,200,152,121,161,387,207,815,745
478,272,393,300,187,258,431,645,867,745
527,396,207,160,129,168,392,398,844,745
531,336,292,237,163,208,479,465,855,745
387,218,295,265,174,204,379,560,875,745
489,329,205,168,122,155,469,320,828,745
416,255,363,300,194,251,393,583,863,745
450,342,251,186,151,209,396,384,844,745
598,358,371,286,196,269,440,512,874,745
598,429,240,174,125,185,394,320,838,746
394,233,393,280,181,264,567,401,845,746
252,137,228,162,98,151,472,163,750,746
583,334,431,348,176,228,453,640,898,746
682,495,256,192,139,197,399,395,843,746
527,416,214,149,123,182,372,320,822,746
536,322,394,291,193,272,408,617,877,746
439,250,308,248,155,211,416,595,853,746
727,484,264,202,140,199,421,326,858,747
534,308,401,318,209,278,461,621,863,747
486,366,202,158,123,160,364,315,815,747
606,396,354,271,190,264,486,497,856,747
670,413,396,282,186,288,427,607,874,747
573,429,241,176,139,186,386,313,814,747
450,353,255,170,134,212,377,307,823,747
453,325,205,151,113,158,360,308,840,747
255,236,118,82,78,110,343,7,650,747
654,427,465,307,214,341,437,587,885,747
389,257,233,186,129,165,366,319,861,747
415,265,269,215,149,198,364,528,870,748
450,304,300,221,155,220,409,462,845,748
530,302,138,105,68,95,371,649,496,748
431,332,287,225,174,229,351,442,844,748
597,373,349,272,192,260,434,620,878,748
399,284,292,212,163,235,378,401,839,748
437,235,443,333,206,295,452,630,888,748
506,372,249,194,152,201,390,323,844,748
495,357,202,186,142,156,376,307,817,748
255,176,233,164,122,176,361,296,818,748
363,254,354,260,200,271,371,550,851,748
397,261,401,278,187,290,384,483,866,748
393,201,229,163,116,167,544,325,836,749
285,224,228,178,133,178,348,302,838,749
311,221,211,159,116,158,330,313,805,749
368,301,164,122,97,134,339,310,801,749
726,476,286,225,151,203,398,317,850,749
544,327,369,261,166,249,423,484,878,749
560,335,383,273,176,261,427,625,876,749
511,391,254,204,162,198,444,331,831,749
373,263,258,184,140,205,371,307,828,749
474,351,237,190,167,210,472,319,834,749
319,235,189,151,112,147,329,309,850,749
203,148,238,188,144,187,298,352,822,749
555,378,207,161,113,152,354,288,857,749
326,245,386,280,204,292,403,412,855,749
626,466,299,257,206,246,400,423,858,749
406,301,256,208,164,204,386,319,861,750
711,440,408,290,184,279,436,651,878,750
468,261,422,304,187,283,443,535,860,750
601,426,276,218,172,220,399,339,832,751
474,310,289,211,150,210,421,353,742,751
374,234,312,242,165,225,360,620,864,751
464,292,364,279,183,250,370,552,866,751
468,328,269,196,153,216,381,409,844,751
557,397,245,196,152,194,401,340,850,751
658,465,241,194,146,184,389,332,825,751
340,243,193,148,111,153,349,307,837,751
327,217,285,222,163,218,410,317,851,751
592,442,262,199,150,209,393,312,841,751
399,278,322,227,160,233,383,420,841,751
689,451,418,308,206,305,436,349,847,751
710,416,505,349,230,352,475,582,880,751
565,326,172,147,87,112,358,613,400,751
328,241,297,211,160,242,403,302,839,751
624,449,262,218,165,205,396,326,825,751
604,435,290,252,200,231,474,339,826,751
576,378,311,227,165,240,410,307,843,752
520,334,487,337,238,351,544,612,904,752
651,417,401,273,195,305,411,483,851,752
652,382,453,336,224,326,448,658,881,752
351,262,240,193,155,197,355,371,836,752
496,340,282,205,151,212,403,318,858,752
592,444,315,219,169,250,401,328,848,752
521,406,164,133,107,133,401,356,665,752
554,410,219,155,115,168,436,315,817,753
520,416,210,185,165,187,408,309,784,753
416,259,329,244,170,244,387,494,865,753
453,325,222,192,149,176,381,308,821,753
574,302,449,347,240,322,513,569,881,753
457,268,439,334,200,283,439,450,862,753
624,367,323,247,191,261,508,473,866,754
493,287,288,209,150,211,449,441,850,754
351,253,219,167,132,180,352,391,833,754
462,272,372,272,176,263,423,558,871,754
197,178,140,107,95,126,334,155,774,754
454,263,333,266,169,229,492,307,817,754
589,412,296,229,162,212,510,319,844,754
439,326,202,163,131,162,355,186,803,754
451,345,166,140,111,137,352,313,743,754
696,397,336,230,141,210,515,363,869,754
436,332,163,123,96,134,343,319,681,755
381,300,214,144,115,176,338,307,847,755
487,361,240,188,145,189,378,297,838,755
506,327,286,211,155,219,398,494,855,755
380,261,386,272,188,283,435,528,879,755
516,381,230,183,143,185,373,309,832,755
221,180,122,88,73,105,298,239,731,756
670,445,432,339,263,350,507,577,870,756
440,290,276,206,159,220,392,393,859,756
268,212,183,152,127,148,378,1,210,756
535,377,279,196,144,212,382,436,863,756
362,272,202,146,108,155,348,192,802,756
681,436,413,306,209,296,447,516,864,756
339,221,201,146,106,153,371,328,831,756
356,284,230,176,143,187,372,301,839,756
522,334,345,236,155,241,426,489,867,756
570,318,334,245,164,236,434,638,868,756
501,348,227,172,129,177,371,333,854,756
426,281,375,293,203,282,395,395,845,756
397,251,395,288,187,275,370,577,872,756
408,297,220,158,117,169,365,310,830,756
508,343,263,198,149,206,445,463,863,756
551,319,409,305,194,279,440,609,889,756
549,396,352,272,204,274,393,333,836,756
662,448,299,240,173,220,426,414,854,756
535,388,330,217,154,247,398,374,848,756
351,233,246,188,137,187,392,315,821,757
320,205,381,282,186,266,360,589,877,757
494,380,271,177,141,225,387,306,843,757
316,276,253,171,146,223,392,2,214,757
725,487,350,266,186,258,426,515,858,757
459,315,270,187,143,220,391,344,855,757
689,450,383,279,187,273,431,442,850,757
424,301,222,172,123,168,377,313,846,757
507,387,141,102,82,116,444,332,633,757
385,283,310,222,152,226,393,595,865,757
501,342,283,221,161,216,393,341,844,757
589,440,285,195,150,231,396,331,863,757
592,356,484,359,239,347,451,519,881,757
599,406,330,271,188,229,386,529,853,758
464,341,243,189,146,193,399,335,847,758
384,249,387,284,189,275,406,857,859,758
540,398,353,257,190,272,404,307,846,758
532,367,333,229,165,253,399,271,850,758
543,407,291,230,185,239,396,327,840,758
375,276,242,183,147,198,451,307,819,758
231,191,188,134,109,155,303,304,830,759
614,455,321,213,155,241,419,461,858,759
610,467,266,182,138,210,347,304,819,759
354,225,274,218,146,198,385,433,845,759
518,377,206,144,107,157,410,312,751,759
341,262,202,158,131,170,372,242,836,759
639,440,288,206,147,214,416,386,846,759
390,279,158,126,99,126,349,317,832,760
480,358,274,214,164,217,400,307,839,760
386,283,207,165,121,156,318,313,826,760
401,295,320,230,166,243,385,403,856,760
464,293,419,337,228,302,423,560,871,760
404,323,255,192,161,218,375,313,797,760
554,315,477,331,214,326,439,620,869,760
560,400,222,172,132,174,363,303,848,760
332,223,291,255,182,216,385,480,841,760
384,257,309,220,157,230,416,366,849,760
317,190,327,271,186,231,319,628,874,760
309,238,113,84,68,93,333,134,750,760
641,345,587,444,185,263,590,662,884,760
542,429,212,166,135,179,385,244,796,760
404,290,216,164,127,170,359,318,832,761
424,364,150,112,101,134,331,261,817,761
446,281,300,235,178,236,421,389,850,761
468,324,256,182,124,185,375,321,850,761
432,262,349,255,168,244,439,436,874,761
571,421,263,220,171,213,395,307,839,761
547,407,234,166,128,186,387,324,815,761
564,360,373,249,181,281,438,387,867,761
416,313,275,214,169,224,390,331,839,761
550,345,328,235,164,245,416,541,855,762
623,428,257,188,134,195,396,313,848,762
320,247,229,174,142,188,367,307,857,762
418,344,248,183,149,207,373,318,850,762
728,471,423,302,221,322,435,479,860,762
417,278,364,266,192,274,425,372,859,762
503,365,180,136,110,148,348,317,822,762
626,395,361,288,206,268,467,412,859,762
405,296,326,225,161,244,404,486,877,762
544,351,359,248,178,267,435,526,859,763
505,373,231,162,125,183,451,308,840,763
360,254,246,170,124,187,362,309,831,763
634,431,242,191,142,181,400,316,830,763
490,360,248,205,154,188,385,309,835,763
546,303,362,273,175,252,434,623,870,763
457,301,324,227,162,248,411,346,863,763
471,306,132,98,64,94,379,683,466,763
333,253,269,199,155,215,351,299,825,763
404,334,225,177,153,194,437,320,836,763
486,340,298,216,150,219,392,351,857,764
490,285,311,240,158,218,431,489,854,764
354,234,268,220,158,202,397,297,828,764
543,409,315,217,175,262,443,321,841,764
447,331,180,145,114,144,353,328,772,764
355,298,116,95,80,101,333,147,773,764
640,463,223,193,145,172,404,326,837,764
181,136,171,131,113,150,346,1,184,764
568,364,257,196,140,193,407,312,844,764
629,436,264,198,146,204,415,322,863,764
427,297,161,138,109,130,405,325,802,764
426,303,305,223,173,254,431,399,853,764
580,366,488,333,229,352,448,434,860,764
609,451,178,129,98,139,353,313,822,764
249,198,228,172,137,186,379,236,816,765
470,292,318,231,162,234,425,449,833,765
439,304,404,342,255,313,403,518,797,765
529,386,289,195,147,224,387,297,843,765
624,413,342,254,180,253,434,619,860,765
300,229,226,183,145,180,348,304,847,765
600,466,179,131,111,155,351,307,652,765
684,402,459,345,247,347,453,624,888,765
474,293,382,301,202,271,432,566,865,765
490,258,385,260,149,245,469,657,886,765
560,340,307,252,171,217,417,538,874,765
677,446,274,203,134,192,408,308,827,766
472,298,265,193,137,194,401,314,855,766
517,421,274,205,176,237,393,307,821,766
555,345,376,297,204,266,450,641,880,766
470,340,296,236,173,231,403,352,849,766
655,376,400,301,195,269,448,559,883,766
646,462,426,271,189,317,504,227,495,766
672,363,233,181,152,198,533,313,859,766
458,330,226,191,135,164,350,313,838,766
477,347,257,201,165,210,378,330,832,766
394,266,246,204,155,190,365,293,835,766
625,391,380,313,208,270,427,316,855,766
524,394,260,200,161,215,400,315,839,766
343,235,290,221,159,222,438,393,852,766
556,375,240,195,141,178,397,318,835,766
640,381,399,284,197,286,460,653,882,766
602,451,134,120,97,109,371,325,685,766
542,313,497,379,223,315,433,641,891,767
311,218,214,166,124,164,349,288,822,767
492,391,184,135,115,161,362,325,763,767
395,343,184,144,131,166,393,72,365,767
650,446,248,200,142,188,409,321,830,767
512,358,321,262,202,250,485,408,849,767
554,319,417,329,228,305,511,455,882,767
693,449,266,201,145,201,416,359,866,767
497,381,191,149,123,159,369,313,785,768
696,378,430,325,197,278,463,636,886,768
688,434,390,291,194,278,452,433,853,768
374,266,255,192,149,202,480,315,857,768
359,221,397,277,179,274,570,8,551,768
395,346,222,140,122,196,424,102,544,768
388,281,209,168,127,166,362,314,818,768
534,322,398,291,184,273,435,641,894,768
467,336,192,149,112,150,368,313,842,768
499,282,378,275,190,274,419,573,873,768
570,326,420,328,192,257,502,379,862,768
528,282,491,345,202,315,451,609,878,768
570,402,240,184,135,179,382,312,827,769
452,322,285,232,175,225,394,304,829,769
681,484,289,240,183,224,421,367,837,769
333,259,274,195,150,219,344,305,853,769
504,310,371,277,196,276,405,580,865,769
466,389,183,111,92,154,415,126,520,769
589,409,239,168,118,178,384,318,842,769
676,399,381,291,190,260,446,476,862,769
431,288,306,233,166,233,381,499,842,769
596,429,203,148,115,162,376,323,796,769
599,453,228,188,148,183,395,316,848,770
188,164,224,161,140,195,470,3,377,770
559,415,250,186,152,206,382,326,835,770
512,359,248,183,120,171,490,332,838,770
427,270,402,288,191,283,415,587,867,770
603,416,282,196,135,199,423,339,851,771
594,422,307,231,179,247,400,383,852,771
549,391,202,160,127,163,372,311,835,771
441,334,342,229,192,294,489,284,820,771
393,244,328,256,165,227,395,510,864,771
577,367,271,231,161,198,418,420,854,771
262,184,220,166,123,172,374,305,821,771
382,238,192,149,111,148,453,313,821,771
303,245,111,78,64,90,288,323,496,771
444,257,383,271,166,255,439,604,876,771
438,271,278,205,144,202,416,425,844,771
661,428,365,278,204,277,439,473,858,771
721,483,334,257,174,241,412,588,868,771
513,327,293,220,159,217,474,311,850,771
518,338,318,256,179,226,411,319,781,771
479,350,173,140,106,135,356,318,822,771
634,484,198,155,121,160,392,305,816,772
187,173,94,69,64,87,340,1,208,772
433,305,267,193,144,206,405,348,861,772
545,363,441,344,222,298,374,558,871,772
332,257,170,133,106,136,343,308,821,772
407,269,297,208,154,228,388,387,851,772
620,412,375,300,223,284,444,439,871,772
646,375,389,290,193,276,468,516,864,772
241,174,231,163,120,180,390,315,808,773
671,409,324,216,138,226,415,465,858,773
266,198,280,214,153,214,344,371,856,773
432,349,256,192,163,219,449,325,848,773
679,427,400,304,208,287,444,574,880,773
618,425,319,246,175,239,393,635,866,773
283,228,214,160,126,172,331,315,838,773
705,468,128,85,64,98,406,676,474,773
463,319,374,287,193,267,423,487,856,774
356,281,171,138,113,144,346,308,838,774
663,374,418,316,214,298,441,565,864,774
246,184,239,200,144,178,333,317,831,774
418,273,389,296,196,278,374,649,873,774
727,395,473,357,225,327,466,636,860,774
404,277,267,209,143,192,372,302,847,774
414,296,302,242,189,236,390,449,833,774
480,350,293,233,179,235,488,323,838,774
268,211,117,84,65,96,512,1,215,774
423,240,276,226,147,193,389,413,846,775
547,374,245,182,134,192,397,356,809,775
295,259,118,102,92,107,360,177,752,775
552,376,360,273,189,263,434,522,850,775
438,340,245,196,166,210,390,257,828,775
567,400,275,218,156,207,408,395,868,775
279,230,269,204,171,222,396,310,820,775
230,168,175,135,96,132,409,1,180,776
554,397,237,183,142,187,403,307,838,776
580,334,404,305,196,281,444,556,864,776
329,251,220,154,116,176,346,294,827,776
660,482,170,124,93,133,370,309,736,776
656,477,255,179,130,195,391,330,835,776
656,378,376,304,207,265,440,538,854,776
350,229,273,209,155,214,401,382,851,776
456,357,213,154,124,167,333,306,830,776
671,440,416,327,212,295,433,529,882,777
422,249,296,234,157,204,424,433,858,777
378,299,199,142,121,169,370,337,825,777
355,261,377,304,222,283,705,19,344,777
665,440,296,195,128,213,402,306,857,777
515,270,571,428,206,296,420,888,901,777
627,435,301,215,152,225,407,364,859,777
682,482,316,224,170,253,409,331,824,777
581,326,412,292,175,269,445,469,886,777
245,186,224,182,146,184,327,305,842,778
438,337,238,182,145,194,377,308,823,778
332,270,145,118,103,125,344,201,766,778
707,467,346,253,171,247,426,322,849,778
618,430,301,256,193,227,402,452,849,778
405,342,369,267,223,316,480,191,777,778
470,302,310,240,167,227,390,527,862,778
270,231,137,108,99,124,391,112,512,778
414,315,197,149,119,163,359,303,835,778
661,362,344,248,159,236,546,407,843,778
425,294,324,227,161,239,411,439,864,779
442,311,214,162,119,161,383,314,828,779
333,261,145,109,88,118,355,308,851,779
560,361,290,224,146,204,409,348,851,779
634,428,339,249,192,268,478,470,841,779
287,226,198,158,120,158,348,337,839,779
531,328,390,295,202,282,440,523,843,780
244,184,227,167,132,186,382,313,843,780
565,404,281,197,154,223,404,328,850,780
689,441,433,333,234,327,456,527,865,780
357,283,100,70,58,86,313,326,599,780
428,264,264,222,153,194,412,334,851,780
599,308,492,385,246,335,519,638,888,780
649,412,359,274,181,246,432,406,849,780
531,405,227,153,115,178,375,318,825,780
510,378,251,193,152,203,385,315,846,780
332,200,373,298,175,237,401,483,865,780
566,314,387,272,155,239,442,608,879,780
614,441,226,154,115,175,395,317,831,780
606,428,419,304,222,321,439,479,839,780
477,274,390,290,198,286,440,465,857,780
610,366,398,296,186,271,458,531,868,780
395,254,322,226,152,230,348,394,820,780
490,350,243,172,133,192,372,315,832,780
723,453,283,215,145,200,424,430,854,781
488,373,185,151,119,147,367,313,796,781
639,382,345,257,163,237,438,552,889,781
314,227,158,113,86,126,419,154,486,781
557,309,347,270,185,248,422,669,879,781
469,358,318,248,191,252,375,661,874,781
592,323,525,379,215,327,474,636,898,781
497,331,305,232,167,229,405,473,852,781
413,273,213,163,120,162,385,319,845,782
660,435,294,223,153,211,430,453,851,782
359,239,294,212,156,224,340,509,847,782
475,315,381,281,207,293,419,478,862,782
294,233,367,304,220,277,429,464,860,782
662,420,340,270,174,238,443,422,862,782
652,369,444,362,221,294,459,631,896,782
541,402,285,208,173,242,474,331,857,782
461,306,319,260,184,234,404,333,860,782
646,415,394,277,197,295,442,497,862,782
633,389,377,293,190,260,419,602,876,783
414,225,362,260,159,236,546,321,832,783
618,399,418,299,205,307,435,601,854,783
414,282,265,194,144,202,389,311,835,783
373,260,296,249,180,219,377,453,846,783
446,335,239,187,147,193,389,309,840,783
368,273,235,161,122,183,374,307,836,783
443,327,279,212,175,231,372,303,842,783
487,357,317,217,177,264,432,328,846,783
492,286,386,280,186,276,413,572,867,783
633,393,367,286,195,260,480,412,863,783
625,436,354,247,184,267,430,357,852,783
269,243,109,83,77,101,350,1,216,784
333,269,197,148,121,164,375,184,820,784
487,373,165,126,114,148,439,330,737,784
431,287,313,225,170,248,398,440,864,784
629,376,485,345,216,318,455,586,885,784
534,358,321,242,154,223,407,311,849,784
475,288,301,226,147,206,410,454,863,784
522,419,159,117,101,138,342,333,807,784
697,484,321,233,170,241,407,334,864,784
593,362,385,295,202,276,427,643,875,784
439,273,299,230,158,219,386,545,851,785
729,482,386,285,195,272,427,589,856,785
673,382,444,362,219,292,450,629,883,785
370,252,279,193,144,211,379,346,835,785
394,279,227,180,133,175,394,299,830,785
696,473,275,194,133,206,394,437,831,785
602,445,301,212,169,245,389,404,835,785
624,329,439,349,204,284,457,521,876,785
474,301,364,286,181,239,396,644,878,786
580,450,155,115,93,131,370,324,685,786
596,421,236,177,140,191,444,315,819,786
495,388,201,136,112,168,364,314,812,786
583,363,334,274,185,236,406,607,870,786
293,199,249,207,146,184,320,440,860,786
407,227,163,118,82,121,455,387,834,786
445,291,293,221,160,225,394,468,857,787
504,292,284,229,154,205,490,306,845,787
323,237,192,149,117,154,358,322,839,787
292,189,284,216,153,209,345,444,865,787
562,443,201,145,119,171,387,335,841,787
542,323,392,264,168,271,461,481,866,787
485,328,279,215,165,223,392,310,841,787
589,355,449,329,232,323,488,413,618,787
251,168,279,204,132,194,388,430,869,787
330,194,299,231,147,202,369,500,872,787
494,398,262,176,145,220,370,313,813,788
477,327,246,186,151,201,421,304,830,788
403,307,224,180,137,174,352,302,818,788
656,407,279,217,164,220,476,314,852,788
708,416,325,252,166,226,431,549,858,788
568,352,398,335,232,293,444,532,866,788
495,368,193,147,112,153,367,293,830,788
347,256,285,194,146,219,384,414,839,788
561,344,337,256,167,238,413,471,877,789
499,273,403,328,225,284,431,564,878,789
307,246,330,243,190,260,351,465,859,789
504,358,299,193,132,220,396,310,839,789
487,249,297,215,147,209,441,494,849,789
421,317,197,154,130,165,346,310,833,789
665,463,214,180,133,167,390,324,825,789
313,194,304,240,171,228,393,363,842,789
487,377,200,179,146,165,365,314,824,790
447,328,234,191,157,194,370,317,826,790
666,444,369,247,173,278,439,481,863,790
390,302,179,133,110,156,345,263,843,790
577,372,341,264,187,254,410,432,868,790
664,383,201,159,107,140,413,657,525,790
521,425,200,149,120,165,348,295,834,790
549,415,161,140,113,132,330,316,766,790
520,314,404,306,225,307,423,475,855,790
387,282,244,175,138,199,349,304,833,790
526,364,292,202,143,217,386,301,849,790
210,147,185,142,106,143,298,304,846,790
656,470,243,184,136,189,414,316,852,790
240,173,222,193,141,165,325,303,839,790
244,190,182,151,129,156,365,146,791,790
271,210,182,132,104,145,334,319,818,790
356,300,228,153,133,204,380,213,602,791
456,350,239,191,146,189,428,301,836,791
470,357,307,207,162,245,398,362,844,791
397,243,409,327,220,294,446,544,875,791
491,356,268,199,150,204,413,377,850,791
534,332,398,295,198,279,499,318,859,791
698,432,324,254,187,244,509,392,850,791
402,293,209,184,139,164,367,313,837,791
413,301,243,187,148,198,387,315,831,791
678,459,334,268,186,239,414,506,854,791
404,313,235,155,112,180,363,301,829,791
583,373,372,282,196,266,426,329,862,792
498,354,371,313,224,274,442,640,867,792
363,253,224,174,133,177,376,353,816,792
606,387,333,254,198,270,472,481,850,792
500,336,355,251,186,274,403,516,859,792
523,403,290,220,183,250,464,76,542,792
460,295,320,219,150,234,398,480,869,792
561,419,224,168,132,179,371,314,822,792
444,284,403,319,211,277,438,658,888,792
382,234,329,253,171,236,436,382,879,792
401,257,270,206,141,197,413,372,850,793
330,243,216,154,120,173,337,318,830,793
361,301,176,133,111,148,324,307,819,793
455,296,277,204,141,203,406,446,857,793
350,217,258,204,148,195,463,327,851,793
601,430,251,200,147,189,388,311,850,793
334,237,311,229,153,224,361,337,845,793
477,359,183,131,104,147,368,319,814,794
427,205,426,335,192,264,471,655,876,794
649,463,274,199,152,216,397,316,841,794
534,410,231,195,162,195,381,313,845,794
494,367,172,133,99,134,369,313,821,794
605,305,378,286,174,241,542,628,872,794
282,225,210,153,122,173,352,302,833,794
470,309,293,229,165,223,412,463,857,794
614,397,256,186,128,186,433,318,839,794
327,230,224,180,134,172,369,306,845,795
515,405,232,160,131,194,380,216,840,795
696,448,365,257,188,280,448,491,859,795
323,244,196,163,137,163,422,312,838,795
628,442,306,229,173,230,457,499,849,795
540,339,350,277,174,235,398,496,837,796
186,142,188,147,117,150,306,310,826,796
433,344,194,126,99,158,343,301,836,796
583,371,260,186,121,177,512,308,841,796
679,390,178,143,96,124,395,637,499,796
386,275,277,221,179,227,408,324,845,796
317,227,127,82,57,93,344,293,400,796
578,418,192,148,122,159,482,332,817,796
496,353,229,178,135,176,472,317,841,796
386,274,258,180,134,198,381,296,831,796
625,388,126,95,62,86,354,615,481,796
643,460,318,233,163,232,394,310,832,797
570,350,276,212,155,208,498,334,836,797
449,295,297,216,159,225,418,348,855,797
461,368,290,224,179,232,369,377,823,797
521,312,532,385,227,334,458,594,914,797
507,357,216,168,122,159,403,259,810,797
553,371,249,207,141,177,386,314,820,797
691,490,331,235,181,261,415,312,895,797
598,461,223,167,132,182,382,307,816,797
347,204,118,91,60,83,191,587,443,797
167,141,177,128,113,155,443,5,413,798
446,313,291,229,171,226,386,425,870,798
473,309,260,203,138,191,413,348,851,798
562,357,510,334,230,370,428,525,851,798
477,367,163,135,109,136,356,322,789,798
547,346,365,272,171,243,418,515,879,798
471,339,205,157,120,162,372,326,843,798
305,174,158,104,69,111,412,344,844,799
482,324,279,190,138,213,388,552,853,799
686,497,360,260,212,298,497,506,852,799
563,395,220,161,122,167,408,332,855,799
459,288,133,91,58,90,320,623,456,799
453,335,242,216,182,210,349,311,841,799
526,363,282,206,154,218,396,420,851,799
516,335,242,178,133,183,396,353,855,799
223,183,132,93,82,118,386,35,508,799
451,333,423,293,247,358,487,217,755,799
622,447,451,331,229,333,439,511,857,799
576,421,258,188,138,199,375,304,839,800
624,399,359,287,193,250,431,385,851,800
363,231,279,209,150,214,390,394,861,800
420,235,361,267,184,259,452,622,860,800
469,308,355,277,191,250,397,425,863,800
369,228,361,269,175,253,422,551,867,800
401,303,155,118,94,127,352,312,833,800
547,360,331,219,160,257,419,424,853,800
568,339,422,334,229,301,452,651,857,800
482,352,219,205,167,178,367,317,848,800
496,366,221,176,144,179,373,304,832,800
575,352,296,212,142,217,425,492,858,800
440,321,267,178,144,224,393,323,854,800
486,296,290,209,142,200,535,316,833,800
664,452,386,279,198,286,443,501,874,800
621,427,305,235,176,225,427,379,853,801
512,374,279,221,153,199,388,653,847,801
581,432,233,185,142,188,399,330,826,801
223,168,253,176,137,206,366,334,848,801
659,420,409,308,217,302,436,454,858,801
693,405,519,360,274,400,561,678,885,801
564,352,306,229,172,235,441,373,850,801
288,214,233,165,127,181,389,323,846,801
542,365,375,292,226,300,417,309,850,802
584,379,468,341,204,303,451,615,888,802
628,340,410,325,160,221,426,631,887,802
686,469,252,203,150,189,406,310,843,802
202,167,227,161,130,184,477,82,695,802
430,342,216,145,115,170,379,310,836,802
582,442,243,186,160,209,473,319,822,802
502,368,362,257,187,278,456,376,857,803
625,457,246,171,134,202,385,319,830,803
538,355,325,207,151,246,528,315,857,803
393,295,237,173,135,190,358,309,841,803
404,320,215,154,128,182,372,325,846,803
509,335,354,284,205,262,411,552,860,803
443,253,389,277,179,273,430,653,892,803
339,303,269,208,201,256,412,2,199,804
507,320,358,287,207,264,416,511,879,804
632,347,322,272,138,188,452,440,851,804
178,150,238,170,131,186,537,3,475,804
316,257,275,213,179,237,452,306,840,804
372,251,243,188,145,189,380,303,860,804
376,229,285,214,146,205,398,440,842,804
484,355,177,144,127,152,402,294,824,804
589,422,228,179,137,180,386,368,841,805
503,344,261,193,140,195,382,302,840,805
691,484,269,204,156,210,419,338,848,805
440,300,119,92,62,84,310,633,439,805
602,373,340,252,167,241,427,585,881,805
390,259,354,284,207,269,451,453,844,805
616,421,319,254,199,254,409,364,843,805
223,188,114,85,73,99,514,3,465,805
562,413,284,231,174,224,402,320,865,805
310,241,210,150,119,173,356,320,850,805
595,397,336,247,171,240,408,289,837,805
389,288,226,198,152,175,377,312,811,805
577,448,251,184,142,201,469,141,527,805
619,418,253,189,131,186,400,313,854,805
640,437,355,251,192,280,430,636,882,805
649,349,447,357,245,327,458,610,903,805
531,403,268,203,160,216,383,314,822,806
531,361,334,231,177,267,398,430,848,806
478,362,271,208,166,219,308,512,844,806
671,444,241,184,145,193,448,325,840,806
668,437,392,282,209,311,435,381,827,806
492,318,354,251,174,261,399,475,860,806
385,285,222,167,136,185,370,381,833,806
571,437,213,180,150,178,381,322,839,806
603,332,436,347,225,296,453,604,871,806
503,348,325,221,156,244,453,306,856,806
617,438,251,197,147,196,402,311,859,806
591,385,363,270,178,241,447,309,815,806
394,295,258,165,127,209,349,304,811,806
680,455,334,261,195,254,439,445,867,806
392,286,274,214,168,222,370,299,838,807
617,456,282,210,168,228,406,306,842,807
411,267,394,316,227,298,442,599,884,807
529,388,273,194,156,228,492,318,839,807
587,403,519,378,268,397,555,645,858,807
455,245,419,317,207,289,421,604,878,807
489,311,256,207,138,181,422,351,845,807
359,239,367,268,178,260,412,519,859,807
733,478,307,249,176,228,435,467,861,807
549,298,363,273,169,237,428,636,866,807
431,308,357,260,186,271,406,328,858,807
660,463,300,220,176,239,500,326,836,807
563,403,305,235,172,234,500,334,827,807
354,261,260,199,153,201,389,313,851,807
542,341,226,164,129,180,488,309,836,808
388,313,271,217,179,227,391,413,869,808
589,425,319,251,183,238,419,311,842,808
228,200,215,191,181,197,353,2,240,808
659,399,443,331,214,313,411,746,897,808
358,266,186,149,114,145,338,302,838,808
394,276,371,278,208,299,391,439,864,808
324,232,226,177,145,189,349,318,829,808
383,262,302,229,168,229,422,372,856,808
265,187,282,218,155,207,379,390,848,808
382,231,299,236,162,216,405,411,874,809
527,412,158,109,94,138,346,318,807,809
327,197,240,195,122,157,396,518,842,809
506,379,143,110,90,119,353,318,718,810
656,448,372,277,186,270,419,408,848,810
460,335,256,195,152,201,366,295,830,810
356,276,173,132,103,135,357,318,693,810
569,365,296,214,150,222,419,460,856,810
593,418,343,256,184,256,395,528,846,810
448,311,289,199,144,222,364,294,833,810
672,451,413,280,177,280,426,394,859,810
327,246,195,153,117,153,308,299,810,810
486,321,270,190,132,200,397,399,837,810
427,251,439,316,200,300,453,419,855,811
658,427,315,240,174,237,420,463,860,811
369,280,197,171,136,161,353,310,831,811
352,244,254,193,143,195,372,453,838,811
406,294,192,154,111,147,375,304,829,811
626,355,338,227,135,228,438,411,846,811
274,196,233,201,155,183,373,301,842,811
510,364,329,242,167,239,349,387,846,811
395,296,158,116,93,128,337,332,746,811
339,250,141,76,57,111,379,357,832,811
229,175,200,168,141,168,381,310,819,812
531,358,304,225,166,233,492,453,858,812
601,470,182,134,110,154,371,310,844,812
406,286,317,211,153,240,384,500,856,812
252,200,195,155,114,148,329,304,812,812
510,323,330,261,172,234,401,553,868,812
619,406,411,307,225,319,453,629,875,812
497,301,370,280,186,251,423,561,871,812
247,188,264,192,144,205,387,374,851,813
355,247,296,232,176,229,375,308,859,813
643,442,326,265,187,240,411,401,839,813
616,443,309,214,170,255,400,458,843,813
221,193,180,148,124,150,309,306,820,813
313,232,272,207,159,211,400,311,830,813
411,244,237,178,137,187,531,319,844,813
318,208,353,284,197,263,410,511,873,813
660,383,362,269,176,248,420,611,879,813
438,314,293,233,177,222,385,438,841,813
532,355,432,311,225,320,592,7,563,813
365,307,213,146,124,184,370,294,853,813
384,231,398,278,172,269,441,473,874,814
522,344,327,269,188,233,399,428,839,814
341,271,125,92,68,95,233,671,451,814
562,454,199,135,114,170,360,321,806,814
368,285,174,150,128,149,352,311,745,814
553,383,257,235,183,210,416,317,851,814
564,428,247,175,147,207,397,323,822,814
542,333,399,309,226,300,422,380,848,814
342,227,352,231,153,256,427,302,853,814
424,257,266,198,139,201,397,340,854,814
655,485,231,168,132,186,388,315,841,814
294,225,203,143,105,153,346,264,832,814
404,287,355,241,196,299,458,317,808,815
390,288,172,137,108,138,339,302,840,815
243,184,214,171,132,171,351,305,837,815
368,220,153,91,65,112,415,467,879,815
697,415,420,336,232,299,427,598,864,815
367,232,301,254,181,221,391,501,850,815
514,318,266,219,149,194,400,436,853,815
699,435,465,325,218,336,460,582,885,815
462,292,285,206,152,221,416,325,856,815
268,199,247,195,158,202,486,6,521,815
525,355,371,270,189,283,413,299,861,815
395,280,175,124,94,139,349,298,824,815
585,448,229,154,123,186,354,312,832,815
463,372,221,146,118,182,376,309,826,816
642,349,322,249,158,216,484,428,853,816
440,338,287,214,182,244,400,337,841,816
375,251,295,233,165,222,391,414,850,816
706,436,170,118,77,118,382,635,482,816
676,462,371,263,197,287,434,386,844,816
643,370,378,274,198,288,491,648,877,816
493,356,110,86,68,89,320,652,464,816
466,291,192,146,99,137,434,309,847,816
546,416,210,150,119,171,382,318,839,816
724,426,408,305,230,320,526,609,881,816
444,270,391,285,188,272,428,471,852,816
351,252,203,156,122,166,363,309,828,817
585,436,250,179,137,197,386,332,852,817
518,387,259,194,159,219,386,314,821,817
504,348,326,240,186,266,398,320,843,817
337,241,248,204,149,186,360,333,843,817
469,321,257,187,139,198,399,370,856,817
457,328,225,149,110,171,372,321,837,817
612,452,214,180,150,181,392,378,860,817
325,239,216,166,134,180,358,324,851,817
518,379,308,243,173,228,432,316,829,817
581,423,240,175,128,184,392,369,837,817
713,393,397,275,175,269,511,605,872,818
416,286,297,209,158,236,414,311,837,818
246,221,116,91,84,105,302,82,656,818
400,309,228,174,135,178,386,311,839,818
594,447,238,155,119,192,367,305,838,818
439,332,140,103,80,113,310,308,722,818
474,272,323,242,161,231,433,562,863,818
240,178,202,162,113,149,304,320,845,818
489,340,274,238,187,212,414,315,855,818
323,206,308,244,168,227,344,445,857,818
444,293,281,219,159,211,423,444,852,818
712,450,225,167,124,169,499,308,834,818
639,414,383,318,232,288,417,399,848,818
490,304,235,195,130,161,414,1,184,818
453,371,168,122,102,146,341,317,784,818
355,216,312,211,151,238,396,476,841,818
639,480,347,234,193,297,427,317,830,818
428,319,325,243,186,255,341,503,865,818
525,379,200,150,117,156,357,303,809,818
622,433,265,197,146,202,418,362,863,819
490,394,144,119,102,123,339,322,833,819
457,303,287,223,184,235,471,319,844,819
425,318,137,109,88,111,361,244,779,819
550,350,307,232,155,210,434,563,859,819
600,431,360,282,238,303,521,526,861,819
246,147,298,251,160,202,301,539,866,819
458,303,208,190,138,160,381,296,840,819
414,246,339,254,163,231,425,559,866,819
467,340,210,161,127,170,376,340,820,819
552,419,194,140,108,154,383,330,833,820
401,307,215,154,123,178,353,319,802,820
634,377,425,278,152,249,429,592,871,820
566,351,354,265,195,261,531,389,872,820
391,271,227,164,122,179,398,263,821,820
267,186,261,194,138,194,301,492,874,820
274,249,102,84,82,100,375,2,210,820
594,436,281,225,166,210,417,425,843,820
649,490,220,187,149,178,413,313,837,820
611,430,243,181,135,188,358,311,837,820
364,233,279,220,156,207,409,429,876,820
407,249,312,239,162,223,413,523,864,820
603,440,236,190,150,191,407,333,858,820
470,365,190,149,120,153,366,303,830,820
260,202,179,138,110,146,341,295,758,820
389,267,225,194,153,182,465,307,821,820
541,271,341,259,167,234,486,651,888,821
609,426,279,213,157,214,420,331,850,821
356,231,236,169,122,184,399,311,844,821
393,286,165,130,104,134,360,310,827,821
228,179,254,168,125,203,379,296,852,821
477,344,272,191,137,202,390,307,841,821
472,261,394,296,190,265,402,620,868,821
695,469,377,303,233,299,433,415,869,821
550,384,344,251,186,261,425,349,846,821
366,261,284,196,138,219,379,306,843,821
376,281,208,149,107,156,347,299,825,821
531,393,237,181,139,189,386,330,813,821
499,324,278,208,139,194,396,543,843,821
555,312,377,275,176,253,447,450,888,821
374,237,250,197,138,180,402,377,846,821
307,280,118,93,83,108,361,8,640,821
458,350,194,158,125,152,361,301,825,822
251,166,277,213,168,226,458,319,825,822
333,203,279,239,167,197,414,342,857,822
258,201,203,149,119,165,340,315,816,822
589,359,509,368,205,303,427,657,895,822
567,384,357,267,187,264,410,530,862,822
680,474,322,263,199,249,413,450,859,822
599,392,261,214,153,190,412,316,856,823
581,429,279,205,173,234,403,319,846,823
560,407,203,162,129,163,389,320,831,823
577,395,297,202,129,204,415,373,831,823
637,482,303,235,177,233,406,306,840,823
334,260,187,164,153,171,385,84,370,823
547,416,245,185,146,200,403,313,822,823
413,262,271,197,137,200,388,370,830,823
363,261,208,157,124,171,350,222,784,823
703,448,332,259,183,242,415,493,858,824
389,301,262,189,156,219,469,329,847,824
451,291,255,186,139,197,392,405,846,824
527,389,252,189,148,200,370,464,859,824
349,240,126,94,73,99,325,328,573,824
314,169,138,81,52,94,396,470,826,824
600,368,429,346,208,281,426,622,888,824
474,291,371,298,197,262,400,556,889,824
301,183,148,99,63,102,385,1,205,824
428,302,172,135,104,137,364,308,734,824
399,313,218,152,122,179,363,323,844,824
518,383,307,242,173,223,368,443,849,824
603,322,318,254,154,201,393,618,881,825
708,485,263,198,146,203,401,538,861,825
181,150,128,95,75,105,335,153,799,825
477,389,172,130,116,152,366,320,786,825
677,410,323,281,209,240,525,328,824,825
331,228,263,178,125,192,382,326,843,825
220,178,204,150,123,170,346,224,837,825
703,453,348,256,174,250,440,436,869,825
377,245,251,175,125,188,415,339,846,825
307,221,201,164,128,159,313,297,828,825
252,218,152,117,106,138,460,119,395,825
721,392,472,354,214,303,443,723,897,825
584,353,381,287,181,266,440,502,873,826
651,336,371,271,167,239,452,795,863,826
448,270,355,284,195,261,424,419,854,826
424,248,334,245,162,235,432,381,859,826
620,391,288,224,148,196,421,326,849,826
542,387,283,207,151,219,396,316,828,826
376,268,183,144,114,149,351,326,825,826
474,315,318,268,185,234,402,508,840,826
517,244,366,282,167,234,495,640,897,826
546,332,282,200,136,208,408,515,858,826
483,297,367,277,195,271,402,491,855,826
500,354,240,183,157,206,446,305,836,826
636,452,332,266,172,234,485,322,844,826
713,415,376,278,169,256,466,670,884,826
557,434,282,212,169,229,386,331,839,827
311,227,240,186,143,187,414,304,812,827
577,426,259,193,148,205,447,326,848,827
491,380,218,186,148,174,373,312,838,827
640,481,246,180,147,205,393,315,842,827
429,298,149,122,92,118,360,320,749,827
411,309,247,208,178,208,505,320,841,827
677,402,451,330,202,308,461,587,885,827
621,342,336,250,162,230,429,413,854,827
285,217,237,199,153,184,290,422,825,827
607,422,288,230,169,218,423,335,862,827
547,347,342,276,186,247,444,499,869,827
563,367,296,235,164,214,421,444,843,828
534,344,449,327,234,325,580,7,528,828
654,455,249,191,140,188,418,328,850,828
613,388,402,304,220,302,427,491,848,828
595,446,180,144,112,144,352,327,824,828
493,367,222,183,151,186,383,306,832,828
546,382,317,258,183,231,392,311,846,828
513,364,272,209,155,207,502,319,827,828
550,416,206,155,124,168,363,315,753,828
586,414,192,142,100,144,384,331,847,828
231,218,213,152,146,200,375,2,207,828
652,407,342,258,164,238,420,515,847,828
448,336,187,156,117,148,351,298,840,829
477,369,201,158,125,162,365,203,837,829
319,228,317,227,174,251,459,438,857,829
567,397,301,229,164,221,386,381,847,829
382,296,267,173,150,234,455,335,845,829
553,343,304,213,142,216,441,323,851,829
485,370,237,172,137,193,366,307,852,829
462,299,347,227,154,252,405,526,868,829
542,328,361,261,167,242,449,638,869,829
406,267,336,237,170,252,428,311,852,829
570,390,289,206,152,224,426,344,851,829
668,450,341,276,187,251,402,359,867,829
511,322,387,276,186,278,435,562,875,830
231,203,112,95,92,104,338,1,226,830
544,402,280,214,173,235,412,354,843,830
588,411,270,201,153,213,402,445,851,830
360,268,292,228,169,221,349,410,818,830
235,184,202,135,108,166,328,305,826,830
596,411,289,224,174,227,418,425,862,830
415,296,292,202,156,228,413,361,842,830
494,370,184,143,113,145,383,321,800,830
423,331,156,118,100,137,316,312,789,830
712,478,269,214,161,214,454,336,826,830
406,277,278,206,153,219,387,398,850,831
395,298,183,149,116,144,434,318,826,831
711,456,446,336,224,318,450,583,878,831
555,278,407,316,213,279,493,631,876,831
322,225,282,208,157,218,367,383,861,831
456,268,348,277,179,239,387,533,866,831
572,333,429,334,226,297,496,458,840,832
638,448,337,257,196,264,422,342,851,832
544,386,296,222,160,227,392,424,837,832
442,317,216,167,130,169,379,304,836,832
619,429,296,227,162,223,419,436,852,832
500,378,185,161,128,149,346,320,822,832
549,374,235,194,143,175,387,324,837,833
624,394,349,252,169,245,408,508,876,833
633,401,281,218,155,205,430,435,861,833
352,245,329,225,157,238,412,359,844,833
283,199,287,219,159,222,395,337,846,833
556,314,372,291,180,248,436,491,859,833
564,384,382,300,211,273,414,411,843,833
188,143,230,153,111,171,349,306,833,834
356,256,243,167,125,190,351,316,855,834
434,255,327,233,175,261,486,496,849,834
729,409,496,372,233,321,476,646,878,834
378,300,286,189,163,245,483,316,848,834
520,315,367,269,196,282,426,539,860,834
498,336,435,325,201,285,418,525,852,834
451,352,164,124,103,139,342,318,821,834
642,464,222,174,133,171,385,338,831,834
412,324,171,122,100,143,565,2,605,835
659,440,218,162,115,162,393,310,858,835
520,295,413,308,189,281,447,574,868,835
713,439,369,288,185,254,443,549,863,835
395,292,259,200,165,219,384,325,843,835
618,367,406,314,229,305,482,483,834,835
483,312,300,204,143,225,438,360,852,835
413,291,223,168,131,180,374,317,856,835
712,480,369,271,200,287,440,446,858,835
633,400,416,347,248,313,444,434,858,835
575,442,239,191,158,201,380,316,833,835
438,264,315,242,170,234,417,479,855,835
609,392,319,240,164,231,428,458,875,836
686,432,386,318,212,275,404,588,874,836
433,306,205,150,113,162,354,315,854,836
434,324,248,181,137,192,321,299,839,836
625,472,165,133,110,136,363,309,763,836
677,469,261,208,151,199,422,319,849,836
546,365,296,250,173,210,483,305,841,836
197,178,110,66,55,96,502,3,526,836
418,252,330,237,160,232,434,485,859,836
533,407,204,163,127,160,380,296,829,837
683,441,295,226,168,223,463,316,844,837
387,288,247,180,152,214,390,314,841,837
721,409,570,407,221,335,469,988,910,837
577,417,320,261,190,243,424,320,863,837
521,267,453,332,210,312,463,650,878,837
516,391,165,125,106,135,364,317,771,837
563,376,338,226,176,274,461,172,641,837
445,315,257,198,138,191,380,489,861,837
460,269,359,266,179,259,416,491,852,837
387,263,315,241,170,233,418,451,869,837
556,357,349,291,213,261,426,480,845,837
342,287,207,164,142,182,352,311,821,837
646,473,225,179,135,174,375,322,827,837
557,296,406,298,201,293,534,629,876,837
528,378,286,192,150,235,373,342,848,838
397,274,316,243,169,232,454,318,834,838
669,429,268,218,143,184,457,350,832,838
641,395,352,279,188,248,421,566,889,838
446,303,346,260,185,261,401,431,851,838
723,468,318,245,165,226,420,371,849,838
234,182,240,177,132,186,345,326,858,838
601,427,299,242,175,221,413,377,825,838
425,278,266,199,158,215,465,326,832,838
262,209,225,192,167,192,313,317,829,838
430,251,299,216,139,211,423,493,841,838
370,267,194,134,105,158,350,306,836,838
429,337,153,125,103,128,329,306,811,838
620,391,425,312,196,283,433,558,875,838
184,155,116,83,71,102,330,1,212,838
623,434,289,222,156,210,413,359,841,839
429,260,332,272,189,239,413,501,875,839
618,398,430,326,203,285,404,629,880,839
557,331,404,313,223,290,499,645,872,839
620,408,308,214,149,225,423,350,839,839
333,258,194,151,119,158,351,297,827,839
491,379,138,107,85,110,333,313,812,839
248,193,233,186,142,184,322,307,830,839
257,201,158,123,99,127,324,306,820,839
393,304,231,170,131,186,361,303,840,839
641,461,326,227,176,256,510,327,850,839
684,390,399,333,224,284,506,657,875,839
425,305,111,89,70,89,342,325,635,840
255,175,303,218,162,230,354,303,829,840
440,305,337,229,164,254,381,326,859,840
648,422,375,298,204,270,431,537,880,840
442,340,146,104,83,121,376,217,820,840
593,462,157,125,104,134,333,316,709,840
680,497,265,200,155,213,409,339,836,840
505,356,282,233,170,217,414,317,861,840
617,406,409,324,239,307,455,413,857,840
360,224,136,107,74,99,345,318,792,840
505,365,237,185,143,192,373,320,852,840
424,238,337,248,161,233,411,553,872,840
633,452,204,159,121,161,451,346,731,841
676,456,265,206,152,200,418,329,853,841
301,217,214,168,124,165,341,297,857,841
568,384,201,150,109,152,410,370,850,841
339,215,346,281,201,255,386,462,859,841
610,390,292,227,156,212,414,481,853,841
377,278,187,149,119,151,362,315,826,841
438,324,229,175,136,182,368,376,845,841
686,385,503,362,211,316,517,630,876,841
619,381,443,309,210,323,452,591,876,841
597,380,485,379,292,371,512,641,874,841
622,353,246,192,121,164,511,362,835,841
563,391,288,223,175,221,535,310,825,841
725,487,370,287,183,256,528,415,838,842
508,297,354,264,176,245,409,607,890,842
677,400,374,307,204,258,447,537,875,842
454,281,319,224,156,233,409,483,864,842
449,300,251,185,132,189,399,341,855,842
699,476,328,260,176,236,428,355,853,842
605,368,319,238,173,242,508,452,858,842
463,356,181,135,107,147,337,305,789,843
714,480,310,253,175,223,432,523,864,843
316,207,283,212,141,198,408,293,795,843
570,306,433,323,227,320,524,606,874,843
420,292,118,94,68,92,302,658,482,843
397,288,266,185,138,202,381,290,855,843
349,203,413,299,186,273,403,629,902,843
599,453,192,152,123,158,372,310,813,843
380,226,264,199,142,195,462,400,852,843
491,328,366,272,195,275,415,528,866,843
546,371,316,235,155,221,435,332,836,843
493,328,312,242,160,223,329,499,861,843
655,413,317,256,180,235,510,410,850,843
288,160,364,277,162,227,394,653,874,843
701,466,313,220,159,233,390,421,850,843
390,263,286,227,170,219,399,281,838,843
490,358,268,208,151,204,407,356,842,843
344,247,237,195,159,197,353,367,823,843
277,219,163,125,107,143,397,331,836,843
604,468,273,206,162,226,380,315,832,843
421,308,236,182,131,178,374,232,833,843
300,199,341,240,164,247,403,491,857,843
600,406,333,281,205,244,423,445,854,844
323,286,134,99,91,125,401,64,413,844
630,414,308,244,173,227,428,370,861,844
668,432,325,244,171,235,430,482,876,844
449,340,200,132,105,165,375,319,833,844
328,230,246,184,143,197,371,506,846,844
456,340,232,185,147,188,387,325,838,844
612,435,241,172,123,185,385,313,830,844
497,302,367,291,194,263,429,632,879,845
632,384,256,203,144,194,474,331,847,845
355,290,243,201,173,211,456,313,830,845
445,207,310,238,167,224,514,357,851,845
338,265,256,167,131,206,439,137,452,845
339,244,266,188,132,200,387,441,844,845
413,338,268,176,152,236,451,311,834,845
676,457,374,282,204,283,428,413,846,845
245,198,153,119,104,134,339,215,825,845
478,297,308,234,164,232,405,586,884,845
436,327,184,121,92,147,341,315,833,845
438,335,183,129,105,155,355,319,845,846
619,445,263,178,135,207,389,318,831,846
350,255,240,188,141,186,374,300,830,846
426,318,250,198,161,210,363,307,841,846
203,133,208,164,128,163,525,5,472,846
342,249,173,121,84,128,317,307,825,846
431,310,273,194,156,225,384,296,830,846
691,377,451,319,209,318,524,615,882,846
719,444,391,303,216,290,452,521,865,846
588,429,383,269,202,297,407,479,862,846
441,248,362,271,177,257,465,490,860,846
518,381,188,133,106,155,362,308,836,847
493,358,200,163,124,154,377,317,764,847
598,408,290,214,152,219,414,354,875,847
619,424,291,219,154,220,405,316,846,847
345,231,264,198,145,204,392,322,846,847
322,242,263,216,156,196,359,267,854,847
674,473,325,277,198,249,418,318,841,847
477,356,297,190,141,228,507,145,817,848
526,319,314,238,161,223,421,527,874,848
640,405,356,285,202,266,411,590,862,848
346,262,329,230,173,255,361,310,844,848
727,460,446,320,216,323,427,533,868,848
650,385,282,231,166,215,471,498,848,848
614,417,294,221,160,224,422,313,844,848
492,360,222,161,130,184,384,320,830,848
681,416,290,241,171,214,412,463,861,848
471,337,284,211,161,223,403,348,839,848
432,284,254,191,140,198,384,219,849,848
389,220,315,232,140,212,397,632,872,848
491,358,274,198,148,211,388,356,840,848
525,376,324,261,191,245,416,314,843,848
306,230,228,178,140,186,335,305,836,849
440,291,308,245,180,235,401,372,859,849
620,437,279,220,168,218,416,325,863,849
204,188,87,66,66,84,330,1,197,849
342,239,254,181,143,208,384,325,831,850
659,438,277,200,135,197,423,317,834,850
502,327,353,264,171,242,404,459,849,850
365,276,247,174,139,204,349,325,831,850
565,436,138,119,97,116,378,322,709,850
527,327,326,259,184,243,410,468,861,850
657,396,333,262,183,243,456,487,864,850
267,142,190,146,93,129,388,363,865,850
448,288,350,282,199,263,390,584,880,850
610,350,346,264,173,237,433,559,870,850
594,419,407,310,212,289,463,476,850,850
531,323,319,227,147,215,568,348,851,851
707,455,430,328,218,290,442,558,892,851
490,342,205,146,106,157,369,312,845,851
568,316,401,282,180,271,437,547,874,851
624,381,330,241,182,253,553,493,855,851
698,487,314,234,175,239,421,448,860,851
583,347,381,276,185,262,419,536,878,851
591,339,434,330,214,303,436,568,878,851
444,277,370,258,184,273,415,480,856,851
513,357,330,245,185,258,477,482,864,851
353,234,217,152,113,164,427,331,841,851
507,364,252,174,120,187,399,303,851,851
364,246,270,196,138,202,383,419,858,851
608,369,426,325,200,268,517,443,834,851
549,337,465,381,257,329,509,622,879,851
350,232,200,150,113,157,376,315,834,851
379,275,202,158,122,160,382,325,817,851
533,262,419,327,207,273,488,550,876,851
702,473,318,238,168,235,410,413,850,851
419,318,291,221,189,248,482,312,835,851
577,417,265,190,143,208,411,315,846,852
404,281,252,198,158,206,391,313,839,852
696,445,370,280,172,247,412,523,856,852
585,408,289,229,161,209,409,317,846,852
492,301,222,178,125,165,357,560,852,852
565,358,328,259,179,248,427,426,852,852
375,280,206,144,114,169,390,313,858,852
601,449,284,221,182,232,404,315,835,852
347,246,283,210,150,211,409,306,829,852
492,330,451,314,209,305,418,485,889,852
591,358,372,283,196,267,457,571,873,852
571,418,305,232,173,239,374,311,827,852
475,316,303,216,156,231,412,313,843,853
503,288,417,302,202,290,426,597,872,853
589,384,312,213,146,223,498,407,845,853
499,345,322,251,193,249,502,421,860,853
376,271,275,179,134,213,387,322,848,853
438,233,414,312,182,260,453,665,883,853
373,309,152,133,110,129,325,310,753,853
695,434,480,334,207,313,440,460,874,853
476,319,264,213,150,193,393,363,851,853
549,379,245,201,156,198,454,326,833,853
220,189,118,94,80,106,400,62,677,853
407,274,247,178,129,188,411,362,849,853
528,307,355,289,189,246,435,647,883,854
446,299,202,163,123,153,385,325,829,854
440,308,237,201,155,188,399,321,849,854
676,469,256,191,136,192,418,316,835,854
394,263,334,257,186,249,517,343,871,854
508,351,282,217,160,217,410,364,854,854
326,213,121,97,76,96,333,314,643,854
690,465,427,277,187,311,425,595,887,854
448,311,218,164,119,163,379,315,852,854
573,319,548,382,195,308,479,623,915,854
696,447,325,279,196,234,431,525,860,854
447,320,281,220,171,228,471,314,849,855
322,232,125,92,72,99,336,306,692,855
268,234,120,83,74,106,323,314,517,855
438,259,442,356,234,311,435,510,892,855
392,261,232,193,146,180,415,326,831,855
324,276,154,126,109,133,298,305,778,855
381,265,218,168,124,170,387,328,830,855
424,317,196,158,127,162,334,302,823,855
610,374,366,296,202,260,427,469,865,855
623,472,215,172,136,175,401,317,819,855
503,416,201,156,131,171,377,302,802,855
687,426,426,316,210,302,477,450,853,855
388,222,221,153,96,150,405,376,801,855
252,207,150,114,94,125,271,307,818,855
503,334,470,383,270,351,445,489,868,855
501,258,390,313,191,256,433,650,898,855
641,454,350,272,220,283,480,478,872,856
357,244,350,276,200,272,402,521,842,856
631,401,293,232,151,206,423,381,829,856
584,431,272,212,169,225,380,401,850,856
648,458,382,278,196,284,419,295,874,856
471,345,260,212,170,214,383,323,803,856
396,300,225,188,148,182,364,403,840,856
512,386,199,159,125,163,372,315,811,856
480,333,213,155,113,162,380,303,840,856
578,339,363,257,173,254,431,628,885,856
404,279,297,229,172,228,373,509,861,856
548,314,420,336,208,284,457,639,866,856
676,449,129,101,62,87,354,619,452,857
443,285,374,253,173,268,431,484,870,857
261,191,212,155,116,164,351,312,855,857
695,444,320,252,183,246,444,555,863,857
719,450,346,283,197,252,459,444,837,857
629,471,268,210,160,214,447,314,829,857
470,303,348,228,155,252,421,445,871,857
248,176,274,192,137,208,409,329,857,857
647,383,158,103,50,84,496,429,401,857
481,358,183,136,106,148,361,316,747,857
445,319,266,211,167,213,426,335,842,857
261,165,300,221,149,212,340,443,833,857
324,229,152,118,89,119,342,324,731,858
405,286,213,161,120,169,386,238,838,858
530,383,256,197,149,201,402,314,834,858
347,244,221,171,128,170,376,352,849,858
653,468,221,175,131,168,415,330,839,858
380,251,279,232,172,211,385,356,851,858
446,338,176,125,99,143,353,334,792,858
430,286,290,212,155,218,405,316,848,858
578,381,329,233,170,255,408,322,840,858
272,202,124,93,69,95,356,1,192,858
446,308,343,248,177,260,408,351,832,858
349,275,164,143,113,129,311,290,762,859
547,350,236,189,150,190,466,314,824,859
413,352,270,186,169,245,386,1,204,859
497,376,236,163,125,185,386,324,829,859
426,313,281,205,184,249,464,338,837,859
281,205,219,174,136,176,361,315,836,859
558,411,322,253,200,265,399,313,852,859
687,491,410,348,246,324,431,354,871,860
540,418,267,170,140,227,367,316,819,860
588,355,442,340,227,310,437,606,887,860
692,406,228,149,92,153,514,627,876,860
509,365,280,202,151,220,393,328,840,860
619,412,280,202,137,199,406,497,844,860
593,353,343,252,166,235,429,574,871,860
577,419,213,176,134,168,372,321,824,860
563,345,306,222,148,214,402,319,852,860
437,327,189,145,116,159,353,320,828,861
390,288,333,231,163,251,427,2,208,861
355,258,109,80,60,83,329,375,448,861
632,370,491,430,270,333,506,466,859,861
362,289,236,158,124,191,354,253,813,861
361,271,224,181,131,167,443,312,829,861
656,448,338,272,183,238,418,592,873,861
539,282,458,315,193,296,468,629,887,861
359,243,210,168,126,164,400,332,832,861
641,420,321,251,177,240,422,409,856,861
526,330,386,275,176,268,447,332,857,861
711,480,388,294,224,295,430,470,861,861
269,181,250,195,149,193,366,317,845,861
479,332,432,294,207,325,413,371,849,861
572,408,245,177,130,184,409,328,853,862
721,404,567,459,236,322,491,930,923,862
656,478,346,246,178,259,413,358,845,862
731,482,257,210,151,191,408,316,840,862
511,347,240,200,177,212,486,321,846,862
643,408,317,245,193,255,489,459,841,862
255,172,194,159,121,152,356,310,809,863
495,335,322,230,169,246,414,465,845,863
466,311,257,186,135,196,406,305,838,863
262,228,113,88,76,98,257,305,742,863
725,437,417,335,229,302,495,433,857,863
672,396,460,354,244,332,486,820,896,863
411,331,185,150,124,160,348,318,833,863
413,297,171,127,96,135,357,309,805,863
701,493,346,248,191,273,424,535,862,863
682,399,474,344,223,328,460,584,891,863
310,193,228,150,117,183,470,324,815,863
467,320,228,165,116,169,406,303,846,863
530,362,320,236,168,238,416,382,854,863
570,345,284,207,149,214,511,324,839,864
564,348,458,342,258,352,510,497,860,864
379,259,279,198,144,211,382,310,855,864
375,309,211,156,131,180,396,143,694,864
612,425,206,161,123,161,377,334,787,864
703,461,258,221,157,190,416,396,854,864
504,313,338,234,167,246,414,490,868,864
408,268,287,194,143,223,435,417,855,864
528,358,295,222,163,229,413,494,867,864
560,327,425,301,194,313,427,620,881,864
528,396,217,169,134,172,383,307,815,865
511,386,173,124,99,143,362,317,752,865
547,378,239,198,145,180,394,320,825,865
410,297,311,241,202,265,479,360,839,865
409,284,342,258,187,254,604,7,558,865
308,225,322,219,159,243,419,375,850,865
190,151,134,101,84,115,325,172,804,865
512,364,340,220,160,260,410,291,837,865
573,368,346,243,176,265,432,601,876,865
439,278,359,294,215,260,388,615,880,865
705,475,127,97,63,87,371,639,459,865
498,359,223,175,129,174,389,292,846,865
532,341,356,266,192,260,433,400,860,865
262,192,197,157,113,150,360,313,808,866
545,308,377,266,187,273,505,430,851,866
516,337,346,252,182,258,408,351,842,866
455,339,246,187,144,198,376,300,839,866
716,479,339,255,183,252,408,358,845,866
676,488,299,208,158,235,358,299,834,866
651,447,294,239,173,221,417,356,856,866
564,312,493,379,203,299,471,647,895,866
573,357,303,227,176,239,511,334,844,866
533,398,329,221,170,259,400,344,840,866
576,345,436,342,237,321,525,521,845,866
253,190,164,133,101,129,368,2,218,866
406,271,319,228,166,244,478,336,848,867
500,347,279,198,133,196,385,329,844,867
401,199,394,295,184,258,533,402,849,867
519,382,249,188,131,184,372,305,846,867
654,422,369,290,192,256,410,480,860,867
585,344,399,300,195,276,451,624,874,867
429,325,279,219,183,237,477,441,856,867
161,153,120,88,81,110,331,1,236,867
680,420,366,291,188,258,436,429,874,867
312,185,363,298,179,228,545,312,858,867
397,248,303,228,153,219,366,552,857,867
687,480,337,258,190,257,432,513,857,868
349,215,240,176,121,175,391,312,853,868
608,302,396,312,181,260,437,622,861,868
267,209,251,209,172,206,334,309,844,868
305,226,228,191,148,179,373,308,845,868
558,335,151,114,71,102,355,663,482,868
431,327,275,195,175,246,481,329,830,868
458,287,334,242,170,241,458,542,869,868
440,316,251,212,170,203,455,307,819,868
609,445,217,165,129,170,387,316,835,868
648,478,268,179,135,209,400,319,853,868
308,233,218,166,132,179,366,316,827,868
396,231,294,217,145,209,421,423,869,868
357,224,346,268,176,237,412,615,876,869
395,284,185,143,110,147,357,320,829,869
451,282,330,258,199,255,496,513,862,869
389,233,317,234,161,235,420,443,869,869
490,303,339,252,164,238,405,492,867,869
634,478,305,202,147,238,499,218,692,869
306,239,152,129,112,134,344,251,804,869
652,373,346,273,174,235,433,449,872,869
576,376,352,275,205,272,414,523,859,869
460,332,251,196,156,204,371,311,833,869
682,471,271,215,156,207,404,336,854,869
694,425,513,357,234,365,456,628,879,869
312,232,251,211,169,207,379,296,841,869
545,347,347,264,183,249,433,555,860,869
438,262,371,304,210,260,385,563,852,869
391,280,204,154,115,159,374,324,817,869
570,306,256,176,97,159,419,445,617,869
388,249,284,222,152,209,432,301,835,870
477,353,274,201,155,219,390,315,852,870
614,452,297,228,175,231,396,306,855,870
447,308,243,190,144,192,371,311,841,870
624,430,313,217,161,236,534,446,879,870
344,227,347,262,185,258,414,390,871,870
441,293,372,288,221,290,515,14,543,870
557,289,445,354,238,311,522,444,860,870
588,405,298,221,153,217,406,478,834,870
384,274,229,151,112,174,376,318,842,870
369,255,229,178,138,182,379,315,831,870
460,362,199,149,126,176,376,312,834,870
353,221,272,201,131,192,412,521,864,871
344,252,255,205,155,199,378,317,840,871
384,280,246,180,135,189,363,399,839,871
357,248,332,270,192,241,476,325,855,871
420,318,141,108,78,107,310,301,725,871
493,401,224,162,138,198,459,329,840,871
398,317,191,143,115,158,343,176,733,871
454,301,277,210,158,213,389,353,854,871
417,278,261,196,145,202,415,312,858,871
458,323,308,223,160,230,371,442,842,871
536,377,207,174,132,161,390,314,850,871
552,368,347,280,196,254,408,435,865,871
477,359,207,179,143,167,388,304,829,871
559,390,320,213,156,247,406,319,855,871
564,329,435,315,203,297,437,604,891,871
730,427,437,324,210,295,457,566,874,871
181,157,109,78,77,105,435,2,187,871
612,388,350,270,191,261,427,410,860,871
417,281,172,134,101,130,567,5,498,871
375,261,195,160,119,151,366,319,797,871
619,411,382,263,171,275,504,431,860,872
504,325,344,244,180,259,435,492,867,872
488,302,301,230,175,236,493,308,838,872
640,408,480,383,246,324,446,616,890,872
497,338,267,207,153,206,397,317,855,872
560,368,507,363,250,362,525,484,868,872
381,278,219,172,134,174,442,308,841,872
408,282,240,184,146,189,387,354,813,872
394,284,198,149,122,164,472,179,822,872
360,275,182,145,118,149,367,220,831,872
569,403,170,134,105,136,379,313,807,873
688,451,285,227,163,211,412,459,857,873
496,323,315,232,145,212,431,346,854,873
584,363,460,324,235,351,520,635,885,873
597,447,313,252,186,240,387,556,862,873
429,332,216,171,144,183,350,301,828,873
618,381,436,317,208,311,454,546,875,873
660,389,462,336,227,335,449,632,877,873
389,262,375,293,196,263,367,633,878,873
552,378,346,240,182,272,417,357,864,873
571,397,244,191,142,181,384,322,826,874
537,315,441,315,195,299,461,646,886,874
539,403,177,155,122,144,364,304,853,874
424,290,169,125,96,135,368,314,822,874
638,399,304,231,149,207,420,425,861,874
554,329,422,312,244,340,532,548,881,874
473,328,214,181,136,168,381,305,833,874
503,353,345,254,196,277,426,409,864,875
679,462,273,197,144,206,475,316,846,875
545,390,242,179,137,187,388,312,843,875
339,281,276,226,197,239,374,304,852,875
500,381,235,186,153,195,381,312,811,875
605,406,356,241,174,266,508,318,856,875
630,452,301,229,177,235,409,309,847,875
421,289,299,226,160,226,424,412,868,875
366,240,280,202,146,205,404,341,864,875
485,337,332,266,193,250,418,315,840,875
459,327,338,247,184,262,392,486,861,875
502,298,206,125,171,250,514,299,797,875
370,303,231,178,145,193,348,306,830,875
583,335,346,285,173,221,441,548,859,876
529,279,360,255,167,250,448,518,846,876
641,472,263,209,156,209,411,306,840,876
330,211,358,280,193,258,370,535,867,876
562,389,338,244,182,261,425,311,850,876
469,359,213,173,134,168,372,311,846,876
664,373,536,433,302,385,576,433,865,876
289,206,250,202,144,192,381,363,836,876
654,456,314,251,192,249,427,388,859,876
709,421,500,354,238,351,547,505,879,876
348,257,194,148,112,150,357,306,840,877
466,290,451,328,221,323,424,589,869,877
484,384,190,166,143,163,354,308,817,877
617,378,339,262,171,235,421,565,879,877
395,304,235,185,150,194,375,306,841,877
457,330,228,167,129,182,340,309,826,877
272,225,221,146,124,190,457,2,196,877
305,217,191,150,115,151,344,310,738,878
372,245,191,155,118,147,372,304,793,878
719,424,497,385,254,343,462,516,867,878
435,312,302,227,166,230,394,308,841,878
523,374,175,128,107,149,377,318,593,879
336,233,257,189,139,196,359,310,838,879
557,418,366,280,201,285,413,291,846,879
606,324,388,291,196,270,545,344,854,879
486,266,384,274,183,271,437,572,861,879
334,248,296,205,164,242,389,298,810,879
381,332,129,101,88,114,478,18,414,879
674,452,336,260,185,256,414,479,864,879
408,276,228,191,143,175,364,468,844,879
635,428,341,264,198,264,405,476,848,879
524,350,271,203,152,211,481,319,844,879
544,378,234,196,139,177,359,296,833,879
356,262,232,192,152,181,350,293,823,879
648,431,343,248,172,254,430,409,844,879
713,435,394,284,185,278,445,556,875,879
649,463,333,263,206,264,392,316,847,880
270,203,200,143,109,157,491,5,515,880
425,338,247,187,151,207,375,314,838,880
677,449,284,227,166,210,403,322,826,880
482,314,255,205,146,190,407,338,842,880
579,417,236,188,149,188,392,317,848,880
480,350,206,153,114,161,351,315,805,881
575,400,197,168,128,153,392,322,851,881
668,485,265,214,166,209,412,323,840,881
481,341,279,192,145,221,395,462,845,881
420,350,168,130,109,139,308,308,795,881
481,382,211,143,114,174,377,319,846,881
633,425,366,269,194,276,424,641,891,881
678,408,380,283,195,277,440,466,844,881
568,391,296,196,137,221,396,294,838,881
361,267,257,183,138,205,374,337,849,882
414,299,298,244,186,229,399,324,862,882
474,340,225,171,137,184,362,306,837,882
391,270,441,344,241,322,462,621,853,882
370,281,198,151,120,162,367,266,829,882
564,355,337,248,173,247,424,563,857,882
562,399,297,202,154,233,385,303,835,882
377,282,286,232,189,240,397,379,852,882
643,390,404,329,227,295,442,473,869,882
503,305,368,271,182,258,448,496,879,883
323,191,329,240,162,233,378,505,846,883
306,191,269,187,119,190,376,410,878,883
581,406,281,211,149,202,389,311,838,883
444,336,241,190,151,196,391,327,850,883
434,276,280,231,157,197,409,397,844,883
422,309,229,181,141,182,357,310,851,883
684,392,426,312,184,278,454,592,882,883
438,354,196,136,113,165,341,325,820,883
455,358,105,79,63,84,334,314,674,883
403,287,303,240,174,221,304,602,875,883
375,311,290,216,193,257,427,318,824,883
405,302,198,143,113,162,349,300,842,884
505,360,265,213,161,210,400,437,854,884
343,266,250,197,167,212,394,254,767,884
630,475,228,194,152,185,386,321,819,884
509,384,209,168,139,172,368,266,840,884
435,329,218,167,126,174,385,304,836,884
608,419,255,186,138,195,398,322,847,884
334,196,320,223,149,222,427,378,865,884
491,345,252,187,138,190,390,295,814,884
606,342,476,379,263,343,494,639,889,884
558,378,297,251,186,226,395,449,852,884
433,343,178,148,121,149,365,308,845,885
618,441,311,213,159,238,400,356,851,885
634,407,324,242,169,242,415,459,852,885
518,397,267,192,151,216,379,316,854,885
453,357,146,102,80,120,328,299,642,885
554,409,278,231,176,216,388,310,849,885
397,238,382,301,198,274,399,635,900,885
405,316,204,159,134,175,354,337,842,885
411,337,224,155,131,192,420,109,480,885
356,269,207,173,144,176,341,302,815,886
635,426,329,255,188,250,499,543,859,886
693,417,400,300,202,281,450,530,866,886
539,364,292,235,172,220,407,425,850,886
682,360,467,348,213,302,460,632,888,886
731,480,299,231,163,219,415,326,830,886
523,353,297,219,154,220,398,318,846,886
605,387,507,353,241,375,513,638,886,886
363,257,190,160,126,150,355,330,833,886
343,226,326,248,174,245,429,368,840,886
422,309,267,219,180,217,397,316,826,886
694,471,424,285,202,311,423,554,881,886
501,332,257,199,137,189,384,323,846,886
564,399,115,86,65,90,371,346,852,886
530,312,385,254,166,268,437,487,857,886
728,488,347,270,200,264,415,351,854,886
532,356,255,201,144,194,401,317,832,886
519,400,217,166,139,182,422,312,815,886
524,397,207,152,123,167,363,320,837,886
476,368,212,166,132,173,367,311,826,886
359,261,327,199,143,250,368,296,842,886
439,308,231,161,117,182,386,311,831,887
612,437,324,228,171,250,393,326,848,887
256,223,154,120,105,138,458,6,427,887
462,359,301,223,177,244,361,621,831,887
281,230,199,160,134,168,336,299,826,887
512,377,293,214,163,228,393,414,860,887
610,427,277,186,138,217,380,305,854,887
643,439,372,283,182,252,522,651,874,887
632,450,219,178,121,154,462,274,828,887
453,300,251,179,134,194,388,415,842,887
473,361,214,162,131,179,388,319,817,888
542,355,358,247,183,268,448,332,847,888
594,387,275,226,164,209,401,343,809,888
315,193,267,207,138,188,395,311,821,888
367,280,137,120,99,116,339,325,805,888
498,386,220,190,152,177,368,266,813,888
608,420,218,158,113,166,389,330,836,888
583,382,268,191,124,193,405,629,874,888
660,467,342,297,212,262,403,384,838,888
566,385,231,170,119,170,386,316,854,889
582,436,173,134,106,138,365,306,791,889
567,408,321,250,196,263,402,342,839,889
439,353,159,122,95,128,332,309,732,889
443,312,332,211,165,269,397,310,827,889
436,339,132,88,75,114,375,177,424,889
353,245,258,202,160,207,371,336,850,889
385,298,186,162,129,155,363,231,797,889
528,379,319,254,187,240,456,506,851,890
534,391,267,193,136,204,350,292,828,890
494,369,240,188,151,197,380,335,837,890
441,331,278,207,173,235,402,346,862,890
454,264,407,292,198,291,463,580,866,890
714,467,305,238,177,229,497,318,847,890
515,342,306,220,158,239,397,345,857,890
405,243,362,247,168,258,459,425,864,890
347,221,299,233,153,208,344,586,845,890
502,347,308,233,173,237,396,506,868,890
544,379,250,206,159,195,395,455,839,890
628,435,313,212,155,229,387,442,852,890
516,363,263,192,147,208,405,319,829,890
439,309,150,105,72,109,330,298,584,890
398,299,230,170,140,193,377,319,829,890
696,436,359,267,166,245,443,468,856,891
726,489,352,253,183,274,443,464,860,891
535,366,284,216,152,214,404,393,840,891
587,420,256,184,140,202,412,329,856,891
610,431,259,199,147,198,399,320,856,891
695,492,256,216,156,194,413,318,828,891
366,190,370,301,193,247,397,535,867,891
431,235,400,304,185,274,414,631,845,891
463,278,484,318,202,321,444,604,890,891
599,301,452,323,168,258,560,661,860,891
673,474,260,195,136,193,411,311,830,892
469,312,304,218,158,233,380,424,853,892
492,325,316,249,177,235,406,566,871,892
178,165,101,71,67,95,301,1,215,892
664,451,337,271,194,251,405,464,846,892
353,204,395,316,205,271,391,569,877,892
557,412,293,227,173,231,389,506,859,893
397,295,188,151,123,155,363,315,833,893
381,258,281,196,150,221,409,312,841,893
452,236,358,280,174,236,423,543,882,893
635,390,338,252,170,239,545,317,854,893
592,351,487,312,219,357,540,524,875,893
334,230,363,261,186,267,370,179,830,893
417,327,156,123,98,129,347,304,628,893
662,413,449,329,232,333,457,583,879,894
428,294,239,177,133,183,370,320,842,894
585,446,219,172,133,177,367,323,844,894
239,199,180,140,122,158,356,2,213,894
405,305,221,182,144,173,377,344,815,894
340,219,283,206,150,215,366,321,838,894
539,429,199,154,125,166,347,297,816,894
345,235,159,122,87,114,570,1,157,894
421,343,143,107,87,116,323,318,651,894
304,202,397,306,208,270,536,446,864,894
425,280,405,299,209,301,426,522,869,894
473,366,266,213,171,218,454,338,840,894
443,275,227,177,131,171,483,310,832,894
493,326,303,245,184,230,407,397,841,894
288,214,282,187,137,213,378,307,862,894
501,295,384,290,194,280,422,595,866,895
559,330,314,253,165,213,403,622,866,895
569,389,230,187,125,163,401,318,851,895
293,210,334,226,156,241,397,488,854,895
425,259,327,268,180,232,406,540,867,895
442,301,267,219,165,206,400,326,837,895
429,324,169,129,101,138,321,316,821,895
296,266,282,196,166,243,439,313,845,895
489,370,230,165,132,190,371,310,845,895
494,355,246,179,134,190,465,315,821,895
557,402,242,183,143,194,370,317,830,895
531,380,348,250,186,265,405,506,861,895
426,344,178,129,104,149,329,315,810,895
357,251,235,161,118,180,381,313,762,896
443,302,263,203,144,196,399,316,832,896
249,167,277,200,141,204,301,544,851,896
521,375,146,106,81,117,358,321,675,896
552,393,249,187,142,198,388,323,839,896
410,298,222,176,141,182,363,309,830,896
470,370,274,191,151,221,384,304,849,896
321,239,297,192,142,232,377,282,854,896
536,337,305,242,168,224,422,381,866,896
482,304,350,225,167,275,500,352,847,896
572,366,392,318,218,275,436,636,888,896
452,353,211,171,139,176,375,321,824,896
493,380,210,155,123,171,394,319,845,896
554,363,258,194,144,197,403,366,862,897
728,400,333,259,163,221,422,653,895,897
331,262,111,74,58,87,359,1,226,897
397,326,224,175,147,189,339,494,834,897
462,365,104,76,61,85,315,322,684,897
247,190,235,183,143,186,335,332,825,897
711,470,316,246,168,226,421,450,868,897
673,491,244,183,145,194,386,315,826,897
417,292,310,231,180,252,392,357,849,897
729,461,274,208,147,201,449,564,867,898
678,401,534,417,241,331,367,965,901,898
364,267,231,173,133,183,372,330,829,898
581,429,240,180,141,195,407,323,822,898
635,359,364,299,194,245,427,606,872,898
425,345,201,166,138,171,368,300,810,898
258,189,303,229,175,238,347,457,870,898
542,369,318,252,167,225,395,336,834,898
497,339,242,179,124,178,457,309,827,898
386,249,348,239,175,271,412,321,851,899
557,395,374,273,214,300,409,567,871,899
576,417,120,103,76,92,338,611,393,899
523,318,261,203,152,200,466,227,515,899
533,388,190,141,106,149,367,314,797,899
458,288,438,301,198,309,416,447,868,899
655,472,276,203,150,213,389,310,850,899
591,404,311,240,178,240,427,519,861,899
390,342,114,88,75,100,304,320,717,899
697,466,230,198,131,161,396,300,830,899
272,218,201,147,121,168,484,4,691,899
547,355,385,281,184,271,389,536,865,900
322,157,153,112,70,102,370,433,652,900
383,248,245,191,136,181,419,311,838,900
423,301,261,201,155,208,394,327,846,900
719,481,326,227,160,238,416,480,843,900
414,292,191,152,115,151,372,321,805,900
458,335,371,271,201,293,407,338,849,900
682,476,355,271,211,282,407,312,846,900
398,287,319,230,168,246,393,442,854,900
597,365,295,241,164,209,412,495,833,900
443,324,158,121,100,133,383,318,760,901
480,322,364,277,202,285,421,361,860,901
225,169,263,211,172,214,550,6,507,901
555,353,349,262,191,262,404,484,860,901
529,385,220,185,142,172,384,315,868,901
527,415,390,297,237,318,386,612,899,901
671,428,339,246,170,243,401,558,855,901
406,284,388,284,205,290,408,540,865,901
530,338,350,269,189,258,407,483,856,901
494,363,278,216,158,219,396,315,855,901
586,352,353,253,165,249,437,502,865,901
367,262,299,238,175,228,372,555,859,902
289,197,251,188,138,192,376,309,841,902
706,481,291,248,185,224,419,493,855,902
531,322,474,357,244,326,560,483,857,902
516,358,293,209,146,214,386,325,864,902
659,463,234,179,128,178,406,312,846,902
389,273,246,200,155,196,373,314,834,902
596,438,274,223,178,220,407,314,841,902
393,244,314,237,166,236,422,478,850,902
565,394,320,244,178,237,543,540,864,902
458,340,263,188,141,208,362,313,816,902
455,336,184,147,121,152,395,331,804,902
514,419,167,117,96,140,343,327,761,902
571,370,367,275,198,273,432,503,863,903
632,445,337,268,193,258,399,311,863,903
339,222,272,193,134,198,373,423,852,903
552,378,191,152,97,131,388,308,828,903
473,349,289,186,146,227,384,302,852,903
455,360,220,159,130,183,366,318,839,903
411,317,177,136,115,151,340,317,828,903
422,242,430,325,208,292,449,615,902,903
636,437,288,221,159,219,414,395,852,903
335,224,286,232,169,220,417,411,855,903
629,466,268,195,147,210,395,316,844,903
315,203,364,268,181,262,426,502,868,904
444,285,311,244,174,234,419,504,864,904
463,304,340,256,183,259,410,509,871,904
565,397,246,201,159,194,392,324,834,904
456,273,338,263,170,237,405,521,862,904
546,329,406,305,205,294,496,633,900,904
402,313,203,171,128,153,334,286,835,904
425,299,155,121,87,115,409,318,795,905
681,442,306,217,152,231,424,523,865,905
504,330,325,250,167,229,409,523,878,905
451,313,107,84,63,83,355,640,469,905
402,304,223,182,146,182,384,304,840,905
665,425,324,255,199,254,486,556,858,905
621,436,357,231,171,274,408,443,859,905
695,385,404,296,184,273,461,631,873,905
440,269,337,268,182,246,401,490,852,906
513,380,285,210,164,230,478,321,850,906
449,326,272,192,158,230,368,295,842,906
317,182,306,242,157,213,410,462,865,906
704,464,299,241,159,207,408,458,855,906
685,369,469,389,246,314,469,662,890,906
685,462,248,187,125,180,410,316,854,906
593,400,299,213,161,226,418,362,865,907
270,181,310,217,146,225,395,388,858,907
267,205,114,88,68,94,306,301,406,907
503,354,288,208,158,230,383,329,839,907
462,348,215,183,141,169,384,319,843,907
547,390,306,225,172,252,396,337,846,907
309,204,128,87,60,94,377,345,831,907
563,366,362,284,184,245,392,556,873,907
323,256,111,88,69,90,303,326,697,907
474,355,254,225,183,213,382,255,827,907
481,316,249,186,132,190,405,367,840,907
706,487,356,274,208,284,423,337,843,907
468,326,273,209,153,208,375,494,842,908
291,188,344,271,181,248,389,511,872,908
394,285,222,160,115,170,359,301,836,908
455,373,178,130,111,156,350,311,804,908
726,437,507,359,243,367,466,580,882,908
520,405,202,145,121,167,366,311,842,908
714,460,373,308,217,269,437,402,874,908
438,338,205,166,131,169,362,307,843,908
481,331,245,176,128,186,385,302,848,908
654,404,493,358,235,339,433,566,867,908
334,243,221,167,127,172,365,325,834,908
616,436,323,247,169,242,380,495,866,908
488,373,211,176,134,167,386,303,838,909
248,144,262,308,168,160,520,4,289,909
379,304,185,147,115,149,323,314,802,909
299,221,260,198,146,201,331,376,845,909
417,291,201,171,135,162,369,317,701,909
295,222,240,184,141,192,319,302,836,909
314,208,275,193,144,212,394,343,833,909
616,458,262,206,165,213,405,317,840,909
470,326,230,190,139,171,399,338,838,910
192,174,93,71,66,85,321,1,216,910
531,387,243,190,154,199,459,318,840,910
593,397,435,304,204,299,446,567,882,910
574,375,298,228,157,216,413,451,847,910
543,400,236,196,150,190,405,317,846,910
530,415,122,92,76,101,351,313,640,910
358,205,347,254,162,241,424,493,874,910
575,392,253,187,136,189,480,308,833,910
404,278,263,195,145,205,368,396,830,911
227,167,191,154,117,150,321,308,835,911
630,478,182,140,111,148,372,323,818,911
493,371,245,204,156,193,354,409,841,911
610,408,352,271,196,273,407,309,868,911
586,334,365,281,190,262,436,449,862,911
250,176,330,265,170,221,336,462,851,911
662,430,362,265,185,265,432,522,871,911
567,351,323,249,167,230,408,493,870,911
642,445,368,270,184,259,411,374,855,911
370,280,112,84,65,92,338,318,383,911
521,376,248,194,154,202,395,351,849,911
251,182,225,186,138,169,351,352,830,911
670,411,431,326,211,295,440,655,878,912
477,310,252,171,122,189,380,301,850,912
581,323,269,203,129,182,487,315,810,912
618,409,349,248,175,258,499,490,857,912
352,244,285,191,139,221,390,303,847,912
585,452,231,184,153,195,389,320,825,912
464,313,286,224,159,218,479,337,838,912
480,285,369,305,199,262,420,627,871,912
512,332,328,248,173,244,424,462,852,912
624,360,183,132,75,114,447,463,473,912
508,359,307,247,181,228,383,476,869,913
405,279,195,156,116,150,373,307,837,913
695,476,360,271,202,282,429,626,864,913
580,372,258,182,114,175,383,345,863,913
439,270,377,255,168,262,416,552,883,913
612,358,379,289,179,261,426,412,860,913
238,180,190,159,126,154,323,296,792,913
429,343,195,131,102,156,538,4,513,913
422,261,298,243,167,213,427,331,868,914
540,411,242,171,145,203,393,321,821,914
292,253,190,145,124,164,316,298,825,914
436,317,224,183,144,179,385,347,845,914
509,308,443,314,216,326,426,650,881,914
484,353,266,217,175,220,425,310,825,915
535,421,195,148,132,174,414,255,830,915
497,310,233,188,141,175,463,318,828,915
686,492,190,145,105,139,393,326,809,915
540,356,289,217,169,232,410,415,854,915
419,280,283,236,168,207,400,322,846,915
459,325,256,210,161,202,369,378,844,915
349,196,315,243,152,213,393,524,855,915
512,412,205,137,113,173,335,303,824,915
375,283,267,193,145,207,357,310,823,915
375,281,216,183,144,175,382,310,832,915
478,359,243,187,148,193,397,325,837,916
589,317,425,315,190,277,435,624,874,916
429,328,207,140,107,167,362,325,827,916
349,201,389,299,191,261,383,650,884,916
593,375,296,221,159,223,402,549,853,916
271,205,225,188,148,179,366,321,858,916
504,378,238,186,140,186,388,329,788,916
450,317,256,199,153,206,380,314,860,916
240,180,195,140,102,150,351,267,827,916
437,288,309,235,172,232,477,308,834,916
724,474,306,246,177,228,419,553,851,916
628,447,263,209,164,212,404,454,855,917
642,384,369,306,198,257,415,550,847,917
571,311,355,266,168,239,439,428,875,917
672,446,318,251,181,240,429,489,858,917
702,477,332,262,183,254,428,465,855,917
458,284,320,258,178,236,422,501,858,917
555,372,367,283,205,283,410,270,845,917
673,400,483,337,213,329,459,623,866,918
531,381,229,176,138,183,380,321,752,918
651,458,258,194,141,199,408,336,841,918
262,197,265,206,158,207,381,332,847,918
403,256,324,236,167,240,399,414,851,918
647,395,274,199,130,190,402,326,842,918
514,401,175,137,111,144,350,299,824,918
447,250,358,227,123,210,532,3,79,918
380,245,367,263,174,262,406,533,871,918
544,403,217,168,134,179,375,312,846,918
467,377,295,195,162,248,354,295,813,918
622,459,272,232,182,217,373,317,805,918
598,426,187,149,112,145,366,312,831,918
660,419,284,224,151,196,478,312,855,918
631,360,355,278,194,258,486,417,851,918
326,224,238,175,128,182,359,356,845,919
614,435,354,245,183,273,421,459,857,919
575,329,130,89,62,92,358,648,437,919
522,371,333,254,183,254,400,313,860,919
348,238,224,163,118,165,377,2,210,919
336,263,251,188,155,208,369,200,816,919
437,285,250,219,165,188,398,332,839,919
535,396,213,158,127,170,378,310,827,919
674,448,376,282,187,272,433,500,868,919
517,255,355,292,170,220,686,0,119,920
539,405,195,152,124,161,353,310,838,920
463,320,307,262,193,226,366,610,858,920
643,417,373,274,193,276,442,551,881,920
408,243,375,293,180,250,395,489,857,920
594,434,234,186,139,183,475,319,836,920
356,282,187,142,115,156,333,304,832,920
646,381,375,295,190,260,459,648,882,920
458,290,309,240,179,241,493,450,850,920
607,426,402,292,203,291,435,478,876,920
354,249,313,228,175,247,379,419,846,920
710,471,317,249,176,240,426,569,848,920
508,407,190,136,117,164,341,318,813,921
394,275,282,224,176,228,408,319,849,921
437,311,264,174,136,211,396,381,827,921
348,281,184,158,131,149,343,302,809,921
268,169,325,242,161,225,282,608,871,921
547,335,320,268,181,235,416,548,863,921
366,283,299,231,191,254,387,310,841,921
429,289,239,172,145,204,434,335,812,921
566,327,334,240,164,241,489,479,870,921
515,388,106,74,60,89,377,323,549,921
431,289,277,222,166,209,390,329,841,921
303,229,248,184,143,200,388,314,860,921
419,322,128,102,80,104,311,326,738,921
583,427,316,237,196,269,480,322,848,921
478,318,399,287,205,293,442,609,868,922
645,479,268,216,171,216,473,304,843,922
504,362,235,180,143,190,374,318,821,922
600,375,307,222,147,216,454,647,879,922
255,145,276,213,135,184,285,638,855,922
720,423,440,341,212,302,438,562,882,922
444,308,212,174,137,173,421,304,838,922
489,368,243,188,148,199,398,345,847,922
627,443,277,196,144,211,377,317,848,922
485,323,230,197,153,181,381,312,853,922
587,366,288,222,158,214,411,516,858,922
337,234,103,78,62,82,316,324,596,923
543,345,255,181,136,199,465,297,831,923
681,443,368,270,192,274,444,487,855,923
351,224,149,104,72,105,402,386,836,923
384,282,230,176,133,181,364,298,835,923
603,413,402,314,235,316,495,255,506,923
685,417,410,323,223,291,457,638,879,923
732,476,465,323,209,329,421,314,836,924
517,300,187,122,82,130,406,594,858,924
487,326,267,222,164,204,397,404,844,924
604,385,393,305,201,279,421,448,886,924
536,360,311,245,179,233,432,548,857,924
346,250,215,153,124,179,359,287,812,924
712,425,389,317,220,285,462,647,864,924
593,454,184,126,100,147,375,321,807,924
542,384,211,149,119,171,434,250,457,925
513,301,337,261,180,240,425,454,877,925
571,373,366,265,179,265,424,426,900,925
621,346,342,265,179,239,448,526,881,925
504,321,351,254,184,266,470,451,854,925
463,331,218,178,143,183,348,438,826,926
340,300,102,81,77,98,353,162,657,926
467,336,312,227,175,247,424,421,864,926
388,289,308,244,184,244,375,413,853,926
640,411,353,267,189,257,442,547,861,926
215,144,207,156,118,160,302,304,813,926
335,212,236,161,102,156,494,679,882,927
644,481,183,151,116,145,390,319,827,927
574,406,271,215,167,218,388,343,854,927
345,229,374,287,191,267,335,639,872,927
345,248,245,191,148,197,380,328,821,927
399,271,261,192,137,194,398,316,848,927
412,278,315,216,141,217,401,343,855,927
567,379,142,108,74,100,424,587,882,927
414,270,412,314,221,304,414,536,878,927
477,285,367,252,163,255,428,555,861,928
381,276,176,128,96,138,371,321,752,928
475,367,141,115,98,120,350,310,713,928
526,314,320,230,151,223,424,475,846,928
596,450,268,194,151,215,400,331,828,928
712,475,356,284,198,268,506,347,837,928
730,432,458,349,244,346,532,527,875,928
581,393,310,248,188,242,406,407,853,928
516,339,346,247,173,251,416,414,863,928
634,474,263,196,155,210,399,320,815,928
311,220,154,124,89,114,165,780,513,928
311,280,302,195,175,270,424,143,743,929
385,252,208,162,127,161,378,311,830,929
525,340,385,261,178,282,398,488,860,929
324,190,357,261,160,234,581,7,568,929
713,417,425,340,210,284,442,577,868,929
416,240,397,310,192,260,473,658,891,929
590,292,160,120,70,104,373,608,523,929
303,257,176,144,124,151,308,299,819,929
608,392,336,253,184,252,415,415,856,929
591,423,236,192,147,185,508,298,831,930
608,377,301,212,145,218,420,479,840,930
532,381,309,238,173,235,386,467,862,930
508,409,229,186,165,201,363,324,817,930
413,291,138,108,76,101,314,312,817,930
372,294,226,176,132,177,333,305,819,930
371,285,223,178,141,183,382,325,843,930
707,439,319,266,181,233,428,582,874,930
567,416,247,177,133,195,378,319,840,930
562,349,339,255,173,244,433,513,873,930
616,352,309,229,146,205,526,318,848,931
596,399,433,287,184,303,466,2,180,931
397,327,281,187,158,243,359,324,826,931
336,248,178,139,104,138,316,311,815,931
434,302,218,168,122,170,367,320,857,931
276,193,231,157,115,177,393,320,851,931
530,347,145,104,69,99,373,632,443,931
261,179,201,157,117,157,370,301,828,931
606,408,282,210,155,212,395,499,844,932
463,361,208,159,129,172,379,306,837,932
513,376,284,229,170,217,378,505,846,932
640,443,222,172,124,167,402,317,851,932
435,314,249,214,169,197,405,331,837,932
592,365,419,317,218,311,415,542,880,932
582,336,385,285,186,273,451,564,881,932
647,394,345,276,196,260,451,335,846,932
706,438,333,252,181,249,436,503,870,932
584,379,249,203,145,187,416,311,855,932
416,284,304,222,166,232,411,314,841,932
305,144,157,89,54,107,488,392,844,932
571,386,309,221,163,238,486,315,840,932
636,479,270,217,167,216,388,318,847,932
571,381,313,244,183,243,407,570,877,933
301,177,329,256,179,235,368,490,847,933
287,198,239,172,125,179,372,306,853,933
416,267,316,240,174,238,371,559,881,933
218,161,284,277,169,178,356,1,206,933
374,248,249,180,130,192,382,309,842,933
395,297,186,155,120,147,353,318,833,933
629,462,247,188,146,197,381,303,843,933
476,322,302,217,166,241,456,309,837,933
486,339,273,205,156,216,394,308,856,934
608,439,318,234,189,264,408,383,828,934
558,423,258,208,161,201,391,313,821,934
622,376,393,300,242,323,534,611,874,934
553,417,173,126,105,147,357,263,819,934
409,253,186,141,99,134,385,311,840,934
366,261,286,232,175,222,361,393,860,934
432,277,312,244,157,215,398,380,849,935
249,210,176,142,120,151,309,306,811,935
554,455,169,130,79,109,423,1,193,935
635,432,265,205,151,202,423,341,859,935
264,199,226,179,129,171,333,305,847,935
438,287,241,176,121,176,376,328,834,935
534,339,361,269,191,265,432,520,875,935
610,344,409,288,211,310,532,633,887,935
697,456,356,258,190,273,441,401,872,936
568,374,175,136,95,126,380,605,876,936
576,405,361,249,139,217,521,537,885,936
564,345,345,268,184,249,423,424,853,936
393,235,423,328,207,280,424,671,900,937
393,234,361,263,172,254,389,549,865,937
498,276,427,294,205,317,499,529,876,937
434,292,200,144,107,157,387,341,834,937
403,264,275,211,149,205,390,526,866,937
667,465,268,200,148,209,405,351,846,937
691,466,399,301,216,299,438,391,855,937
651,464,372,266,186,274,472,509,858,937
471,310,213,156,115,164,513,340,840,937
428,299,389,279,196,293,397,295,858,937
455,290,341,245,171,246,402,526,863,937
233,206,132,97,84,115,323,116,782,938
681,493,262,195,149,204,406,323,841,938
351,249,253,212,165,203,389,310,827,938
344,258,215,151,112,168,353,303,837,938
246,225,118,80,73,109,385,62,490,938
502,392,106,86,70,87,336,336,459,938
409,286,261,188,143,207,373,320,833,939
390,283,187,142,113,150,372,313,839,939
496,269,384,303,191,257,433,652,879,939
508,328,344,260,181,251,439,403,864,939
458,353,192,145,119,160,352,308,830,939
544,426,204,161,126,163,352,285,854,939
481,326,330,256,189,252,404,490,855,939
577,418,233,165,131,195,391,313,827,939
493,332,347,257,190,278,403,301,858,939
471,263,408,318,211,288,458,640,880,939
507,317,161,121,78,110,427,393,836,939
329,223,343,261,191,264,329,572,879,939
433,291,274,211,164,221,370,313,853,939
583,371,407,317,236,308,430,566,877,940
449,294,272,202,148,207,393,387,842,940
369,258,262,206,167,219,448,313,838,940
664,425,371,265,183,274,435,545,871,940
418,218,331,268,166,220,414,477,860,940
557,355,338,234,157,245,438,454,873,940
552,376,286,239,178,213,407,483,851,940
506,345,289,231,163,211,403,319,841,940
541,329,259,206,131,176,414,310,782,940
416,272,345,288,232,283,521,323,849,940
395,285,192,152,117,152,359,304,850,940
591,378,304,210,140,215,465,353,850,940
352,251,253,201,159,205,373,376,840,941
698,404,279,229,148,178,562,328,838,941
486,302,420,307,201,289,592,6,547,941
580,404,246,192,139,191,376,317,842,941
332,237,256,184,143,205,366,285,839,941
313,226,247,187,139,188,363,309,837,941
519,386,260,186,147,212,401,319,838,941
503,405,238,177,143,194,375,513,857,941
378,242,355,250,175,260,403,396,853,941
616,329,426,312,196,292,464,584,891,941
627,416,232,163,117,173,381,317,837,941
571,393,308,210,151,238,395,332,840,941
626,402,379,287,198,275,462,367,875,942
697,470,332,256,186,245,421,456,863,942
379,217,241,191,108,150,644,0,150,942
500,374,296,191,144,230,390,316,842,942
622,412,308,240,169,230,471,313,831,942
545,418,248,182,146,202,385,314,840,943
415,301,252,204,164,205,393,348,826,943
571,358,282,229,154,193,411,312,858,943
357,254,212,160,123,166,372,315,851,943
414,322,278,194,157,232,473,305,829,943
553,408,291,201,154,234,405,328,816,944
575,422,218,193,150,175,385,306,844,944
350,239,288,193,140,221,375,357,859,944
538,382,413,317,244,330,509,331,851,944
682,460,360,275,190,264,434,463,862,944
390,301,219,143,122,189,357,319,840,944
435,264,235,174,137,186,475,320,825,944
423,309,156,113,87,124,357,315,849,944
487,340,290,238,173,218,403,384,858,944
359,299,150,146,135,135,326,158,777,945
371,265,208,169,130,163,368,300,830,945
434,319,224,191,144,177,371,317,835,945
598,415,247,187,137,187,402,316,849,945
517,342,322,250,167,227,374,611,872,945
545,268,201,161,94,119,618,0,210,945
573,407,267,223,175,211,463,357,870,945
606,395,308,258,191,232,421,503,855,946
401,272,223,164,117,168,385,322,843,946
599,438,219,152,125,185,455,249,682,947
731,484,299,219,157,231,412,449,841,947
541,310,409,288,184,272,447,549,883,947
731,474,403,329,250,303,497,329,850,947
536,425,268,205,172,224,395,316,828,947
397,278,183,159,116,137,366,307,802,947
612,384,468,342,203,299,446,625,865,947
620,406,481,361,257,346,548,612,880,947
632,414,335,273,211,257,497,333,822,947
462,411,123,87,80,112,477,1,187,947
645,412,431,329,228,315,430,459,868,947
533,391,231,168,131,184,395,356,826,948
517,396,212,147,119,177,377,317,797,948
594,355,292,237,156,203,401,593,863,948
553,286,390,330,202,253,503,649,873,948
311,212,260,173,127,202,398,335,870,948
641,436,240,185,151,198,479,315,830,948
454,347,162,122,95,131,354,229,792,949
495,339,268,186,128,195,388,359,846,949
329,232,357,238,177,273,405,365,873,949
390,243,364,272,184,258,378,634,873,949
285,198,267,199,151,210,357,289,834,949
469,344,277,206,144,204,398,317,846,949
372,281,209,160,124,168,365,218,828,950
389,314,227,163,130,189,360,310,832,950
683,433,375,291,199,270,439,529,869,950
445,329,186,154,123,150,372,314,820,950
305,185,302,231,165,224,390,392,836,950
677,397,394,290,187,265,458,603,885,950
471,319,309,227,166,234,497,373,867,950
199,157,201,157,126,165,328,300,829,951
543,313,397,294,206,290,437,584,870,951
293,223,233,176,140,191,362,147,779,951
541,377,376,277,195,283,367,525,864,951
547,402,240,183,141,191,389,273,829,951
666,475,303,220,151,223,489,315,829,951
386,278,181,130,98,143,348,321,841,951
430,252,418,314,205,290,466,647,891,951
527,401,277,191,144,219,373,307,846,951
521,340,307,236,161,228,404,421,847,951
528,373,192,154,115,146,374,313,839,951
640,464,257,207,163,206,390,331,851,951
727,471,354,280,199,263,408,375,857,951
429,315,297,229,182,242,401,316,851,952
614,463,351,225,180,287,494,355,890,952
395,243,315,245,168,227,398,471,870,952
343,239,257,193,145,203,385,334,840,952
416,349,98,68,61,87,374,1,203,952
459,270,309,260,166,218,423,577,868,952
684,477,301,230,159,221,420,308,843,952
497,321,336,243,165,237,400,558,883,952
468,281,320,219,144,224,410,568,857,953
666,461,306,220,160,230,411,350,849,953
556,337,389,312,210,272,422,581,873,953
717,436,331,230,143,219,429,463,850,953
400,232,257,202,122,172,421,320,816,953
347,242,305,249,190,238,398,299,868,953
663,429,486,372,249,341,460,681,881,953
500,267,290,239,150,191,436,372,859,953
633,410,333,260,178,240,420,402,874,953
357,254,272,203,158,217,375,308,851,953
663,442,331,276,188,237,422,579,885,953
258,218,140,100,87,125,388,51,395,953
669,394,366,286,206,273,509,358,860,954
406,288,242,158,118,190,405,309,858,954
562,385,264,187,134,198,408,330,847,954
529,363,294,219,171,238,399,435,854,954
441,260,135,101,62,85,389,436,404,954
632,434,295,219,172,237,480,313,833,954
236,192,157,122,104,135,301,308,811,954
604,349,531,431,286,367,469,621,908,954
408,299,270,204,147,199,351,297,848,954
686,424,134,105,74,95,374,663,478,954
445,301,323,254,193,255,420,328,832,955
672,446,245,198,147,186,422,421,840,955
389,290,224,178,134,178,359,305,842,955
551,334,424,312,207,300,452,600,885,956
460,311,290,228,166,215,390,409,850,956
633,442,286,219,158,216,416,309,860,956
690,405,424,319,226,313,504,537,856,956
477,318,329,276,188,239,355,623,879,956
605,459,224,180,142,184,392,321,836,956
475,303,297,217,153,217,383,455,869,956
377,236,328,227,162,239,593,4,578,956
671,423,451,324,219,320,454,591,870,957
632,420,341,274,196,251,423,622,848,957
665,444,319,271,192,236,425,415,856,957
296,194,179,128,96,141,512,2,185,957
401,319,175,143,119,148,354,313,695,957
725,424,474,325,207,323,442,632,881,957
729,484,381,293,211,289,427,447,862,957
604,433,229,165,123,173,376,300,829,957
621,384,399,294,183,268,450,624,875,957
404,259,425,305,210,301,416,634,878,957
602,446,303,210,163,239,409,318,840,957
642,393,495,356,242,353,476,655,900,957
514,337,302,217,158,233,420,460,857,958
630,457,359,283,211,270,471,445,845,958
633,361,459,337,202,305,471,611,879,958
513,328,256,204,159,203,509,306,823,958
393,293,210,145,117,173,335,297,809,958
326,281,142,108,96,126,389,1,217,958
560,376,247,185,134,186,477,320,839,958
680,468,291,240,174,216,410,320,822,958
624,375,376,275,188,266,430,551,879,958
379,260,256,207,137,182,313,612,874,958
467,315,326,259,178,239,381,306,855,958
585,419,390,301,221,296,414,637,898,958
454,326,249,210,163,197,385,308,849,958
620,376,380,292,188,266,400,481,847,959
451,348,295,253,213,248,489,329,839,959
450,256,338,225,162,251,557,388,837,959
417,300,298,212,153,229,368,297,839,959
557,437,118,83,66,98,387,326,414,959
551,347,398,303,201,271,413,504,858,959
473,370,379,310,246,309,468,354,857,959
509,265,200,146,87,132,451,481,885,959
541,377,335,254,186,254,404,603,897,959
361,277,98,78,65,84,324,308,520,959
524,310,398,277,209,312,538,492,858,959
559,401,295,232,176,232,398,311,828,959
520,376,279,191,145,219,383,327,850,960
715,451,396,283,182,274,453,540,862,960
616,432,325,255,197,256,425,320,844,960
721,398,482,355,217,309,473,612,888,960
487,306,419,326,235,317,440,573,867,960
333,252,263,180,137,207,378,419,864,960
441,298,267,189,124,191,422,378,858,960
685,487,252,197,147,198,409,317,835,960
611,449,269,212,168,219,394,334,849,960
473,318,328,254,188,253,389,531,852,960
492,299,337,239,158,242,421,432,855,960
732,473,348,236,140,215,516,325,845,961
709,471,386,287,199,279,435,461,865,961
502,323,340,246,157,241,361,554,870,961
706,468,356,258,184,267,433,552,880,962
438,256,393,271,160,256,460,531,872,962
517,393,302,231,171,236,393,301,834,962
603,373,273,191,127,192,409,437,839,962
715,484,367,279,205,278,435,577,867,962
360,278,260,197,165,223,373,311,841,962
312,197,326,238,132,201,477,79,679,962
227,168,218,160,117,169,385,308,837,962
454,308,273,211,159,214,388,344,848,962
424,282,256,202,146,193,402,315,855,963
563,401,240,200,146,187,394,311,852,963
516,310,127,92,64,95,372,670,503,963
333,255,264,184,141,213,354,302,856,963
366,213,283,207,139,204,391,297,846,963
224,187,103,73,60,87,294,126,769,963
455,260,422,292,199,311,438,537,874,963
500,355,232,181,145,189,478,319,838,963
244,223,93,74,71,89,335,64,555,963
384,314,138,107,89,116,339,318,740,963
642,396,339,279,201,250,434,491,868,963
550,400,250,191,143,191,389,307,842,963
411,298,235,184,146,186,375,318,837,963
519,304,353,256,169,248,428,600,881,964
445,316,216,159,124,173,374,320,837,964
459,344,186,161,129,152,373,314,806,964
701,465,352,270,200,266,438,391,850,964
422,281,403,297,204,285,462,518,884,964
360,275,243,167,131,201,438,313,836,964
449,322,288,229,173,224,366,303,833,965
603,443,284,200,154,228,382,299,851,965
494,376,168,129,106,145,365,312,817,965
505,318,464,376,246,332,433,508,871,965
335,274,149,105,95,133,385,130,738,965
637,454,276,206,164,229,485,318,831,965
586,428,222,155,119,178,370,310,834,965
548,280,509,364,208,314,476,636,866,965
623,443,245,192,137,182,406,310,843,965
633,365,376,279,181,259,552,314,849,965
514,321,339,252,179,252,423,531,874,966
565,404,348,265,191,262,493,219,537,966
638,339,378,298,186,250,538,576,876,966
544,325,394,279,204,299,530,362,864,966
622,426,230,170,117,168,391,322,840,967
381,239,249,203,143,185,405,369,836,967
438,327,274,212,180,232,495,362,839,967
596,426,162,115,85,128,387,463,466,967
645,400,360,254,169,251,443,495,879,967
295,208,143,93,65,106,428,303,501,967
453,310,267,202,144,203,380,299,841,967
679,487,312,234,164,234,399,312,829,967
408,252,337,250,165,240,408,569,874,967
384,266,279,188,136,211,377,309,851,967
288,211,228,160,118,173,356,294,834,967
369,274,293,220,162,219,330,393,859,967
327,248,118,96,78,97,305,309,564,967
292,226,266,199,162,221,346,299,815,968
595,414,318,221,168,248,473,351,862,968
403,301,173,128,105,147,358,298,740,968
689,488,336,260,206,271,426,443,842,968
499,351,239,183,139,188,372,325,845,968
354,235,243,199,139,179,402,256,844,968
366,208,322,235,156,226,378,595,868,968
194,154,221,164,131,181,319,302,814,968
552,417,242,191,157,201,397,326,848,968
391,278,355,247,186,279,365,646,867,968
434,311,236,160,120,189,394,312,842,969
638,433,294,195,146,227,420,338,828,969
519,380,320,268,214,257,474,526,847,969
551,292,312,242,161,219,480,536,832,969
681,401,132,96,65,93,437,693,409,969
598,368,434,299,212,325,459,640,874,969
628,433,323,237,170,246,423,312,836,970
394,257,345,258,185,256,417,434,855,970
365,256,277,218,169,223,371,347,830,970
562,385,243,177,127,184,393,307,855,970
418,245,328,271,180,232,407,614,876,970
478,279,415,305,190,281,447,590,869,970
521,400,261,197,159,212,384,301,850,970
523,342,351,271,186,258,418,454,874,971
705,455,357,266,186,269,478,500,858,971
485,328,257,183,127,190,419,397,849,971
500,276,392,294,193,268,450,672,873,971
474,296,298,226,152,208,414,512,849,971
624,347,452,324,196,291,443,654,880,972
613,379,293,222,161,222,410,455,844,972
539,402,266,216,158,206,390,295,832,972
585,414,361,284,213,284,434,361,845,972
503,385,264,218,167,211,398,310,839,972
458,287,326,220,154,238,406,450,873,972
552,388,318,217,160,249,393,303,850,972
443,350,195,152,127,164,382,324,825,972
491,303,349,248,172,250,423,554,871,972
518,396,167,124,98,140,337,319,750,972
311,246,288,200,158,229,357,311,878,972
417,294,240,169,130,190,361,308,842,973
546,304,366,276,178,255,461,607,877,973
355,254,173,121,103,148,407,323,833,973
529,391,169,127,91,124,379,335,756,973
496,296,351,249,166,245,406,505,862,973
494,323,303,234,167,227,360,439,857,973
524,342,278,208,150,208,392,306,855,973
486,388,193,149,120,161,369,174,802,973
640,433,478,362,237,321,448,571,871,973
552,401,262,187,145,212,395,305,835,973
590,394,326,228,164,247,410,327,858,973
387,336,262,183,154,224,435,159,617,974
626,444,260,202,149,196,418,307,831,974
515,322,299,229,156,220,405,357,844,974
592,365,403,328,226,288,448,627,885,974
717,479,331,279,198,245,427,353,866,974
715,490,381,280,214,303,416,354,859,975
325,238,186,139,109,151,354,315,827,975
408,311,174,131,107,144,345,301,820,975
568,343,367,270,181,264,413,636,884,975
650,458,184,129,93,136,374,320,807,975
436,258,375,287,210,280,484,494,865,975
426,237,182,100,66,125,458,703,856,976
384,312,186,130,109,160,354,266,804,976
530,418,188,141,115,156,366,306,829,976
246,184,229,188,147,187,332,311,838,976
482,309,312,222,150,223,411,413,875,976
706,411,357,257,165,248,458,971,828,976
655,383,429,301,195,298,440,540,884,976
582,385,266,229,161,195,408,372,865,976
355,261,248,163,124,197,376,319,841,976
578,342,373,295,184,247,441,395,849,976
540,335,424,316,207,297,457,649,876,977
327,251,199,162,136,166,359,233,810,977
418,258,126,94,71,100,586,0,168,977
350,270,201,141,110,163,389,324,753,977
462,369,170,141,118,145,347,315,817,977
280,219,203,160,125,166,327,305,711,977
598,437,254,193,149,204,398,320,835,977
524,397,257,192,153,210,378,308,831,977
648,424,256,186,130,193,392,300,865,977
493,367,109,87,68,85,347,615,375,977
432,257,245,193,133,174,614,2,541,978
566,382,214,176,124,156,366,316,827,978
613,377,438,334,219,300,449,597,868,978
471,321,256,183,132,195,370,386,831,978
681,468,341,267,180,241,444,295,838,978
324,223,283,203,150,224,368,315,827,978
270,216,289,221,177,234,448,308,843,978
608,401,370,265,191,280,411,466,870,978
359,278,201,177,150,171,362,318,778,978
479,357,253,190,151,202,374,301,842,978
495,340,305,224,171,242,401,469,849,978
555,311,541,407,238,343,530,618,887,979
315,230,144,110,81,110,391,120,350,979
511,344,344,275,203,263,452,531,874,979
546,414,172,115,99,148,357,312,651,979
681,481,321,253,180,242,418,313,856,979
496,372,177,124,97,144,354,334,762,979
324,215,269,198,136,193,389,402,846,979
676,353,183,138,110,149,489,324,828,979
672,460,262,211,148,199,411,325,853,979
288,200,262,205,151,203,362,330,846,979
525,326,359,280,195,265,409,521,881,979
633,388,372,262,172,261,421,425,859,979
626,367,353,284,188,246,502,388,856,980
681,416,324,271,191,232,419,512,857,980
462,337,257,189,143,204,390,308,852,980
591,391,326,249,182,244,429,372,855,980
617,487,248,177,149,208,395,326,834,980
536,340,417,297,208,306,433,572,889,980
531,324,350,267,182,250,415,542,858,980
537,420,193,129,107,167,363,312,696,980
533,316,529,408,257,349,537,372,851,981
502,296,302,235,163,218,401,515,850,981
575,392,283,218,171,226,405,317,851,981
632,385,356,294,213,271,419,618,872,981
293,201,238,179,125,174,322,409,854,981
484,318,331,247,160,228,386,571,868,981
373,271,312,227,174,250,375,326,826,981
378,262,226,181,135,174,378,335,825,981
660,443,326,262,182,236,428,516,878,982
508,349,301,220,163,239,411,447,851,982
368,233,288,228,168,216,407,303,844,982
355,261,266,187,138,205,400,311,838,982
399,300,173,142,115,145,326,332,827,982
611,403,372,296,219,288,427,535,861,982
424,265,152,105,73,112,395,351,842,982
338,222,288,212,158,225,412,358,852,982
681,398,402,286,190,286,427,611,875,982
604,460,189,156,121,152,384,322,837,982
371,282,288,262,220,236,405,384,857,982
724,436,423,286,177,280,444,637,870,983
464,315,334,243,188,262,402,425,827,983
417,326,205,146,118,172,336,306,814,983
523,323,378,288,195,268,433,522,869,983
621,459,242,190,149,191,392,317,837,983
357,308,109,82,75,100,365,108,377,983
562,331,477,376,245,318,444,628,878,983
462,297,324,258,188,242,418,667,856,983
648,466,217,149,113,176,404,308,826,983
355,297,327,243,187,259,465,314,828,983
410,329,181,151,122,147,318,150,801,984
593,420,216,178,132,166,389,309,838,984
592,402,268,198,138,205,406,326,843,984
364,253,308,248,181,231,419,422,836,984
485,326,307,279,203,233,406,462,861,984
703,439,340,250,178,257,486,485,501,984
244,190,268,194,147,211,337,319,837,984
540,311,339,252,186,258,498,487,861,984
694,480,272,227,165,207,403,325,836,984
708,462,349,261,179,247,422,458,859,984
523,381,238,202,153,188,392,332,848,985
597,368,184,132,84,124,418,419,842,985
557,356,304,209,138,214,466,379,836,985
533,298,435,328,211,296,447,594,885,985
478,229,326,261,141,177,398,424,731,985
294,192,245,185,138,189,384,308,844,985
641,444,343,246,182,265,438,329,846,985
287,214,262,207,160,209,345,396,859,985
451,299,244,190,144,191,476,314,839,985
653,369,461,306,159,272,463,614,903,985
414,287,240,186,125,177,385,304,847,985
321,211,215,169,121,156,370,316,828,986
382,263,344,264,188,260,396,415,843,986
635,478,243,213,167,195,398,397,824,986
414,339,144,112,98,128,342,313,818,986
577,404,310,218,154,233,398,357,868,986
456,345,291,206,158,230,381,333,847,986
727,423,382,290,190,267,432,575,875,986
671,378,323,230,144,213,445,387,863,986
200,158,202,166,137,168,309,300,821,986
464,342,279,204,162,229,402,309,844,986
390,288,215,164,130,173,360,309,822,987
373,256,152,110,79,116,341,296,659,987
355,277,202,161,132,171,362,305,822,987
538,288,364,267,159,232,492,449,865,987
512,365,242,175,139,194,385,312,849,987
653,466,268,212,156,199,430,411,845,987
498,402,211,151,123,176,355,295,805,987
410,298,339,250,185,256,486,149,533,987
578,377,335,270,194,256,405,460,847,987
449,300,266,200,146,203,437,318,838,987
590,397,285,227,172,220,395,450,862,987
370,275,187,141,116,154,347,316,792,988
408,265,247,186,137,189,396,357,847,988
346,248,322,235,182,260,391,298,848,988
492,344,261,194,143,199,399,421,858,988
564,296,396,286,179,264,451,624,884,988
301,222,184,141,112,149,305,303,826,988
531,338,293,235,160,212,403,304,861,988
526,295,477,341,234,342,443,631,890,989
690,462,330,258,179,240,400,372,851,989
536,385,262,177,138,214,395,309,847,989
525,384,256,187,141,198,394,326,857,989
452,343,245,177,145,203,364,340,842,989
259,188,345,259,181,253,343,487,862,989
530,360,275,218,158,203,343,570,878,989
612,438,334,248,175,247,389,444,840,989
652,378,446,340,221,313,448,542,869,990
499,369,203,160,127,164,364,309,838,990
495,340,292,228,168,223,401,439,874,990
595,448,209,163,122,165,372,304,834,990
553,411,290,214,171,239,376,302,834,990
257,225,156,113,98,134,325,131,812,990
605,346,338,253,157,225,518,361,835,991
435,223,382,284,172,251,425,530,868,991
461,304,255,219,158,185,385,334,841,991
214,148,247,190,137,187,341,317,844,991
251,173,194,159,118,148,342,315,837,991
253,186,224,158,123,183,348,303,838,991
469,318,228,167,121,172,391,459,847,991
377,252,221,168,124,170,396,310,835,991
523,270,403,304,183,276,505,634,883,991
490,271,395,296,191,270,432,655,888,991
318,240,192,148,115,154,334,298,833,991
562,409,217,181,144,173,385,320,812,991
688,442,267,200,151,217,519,321,835,991
330,267,360,313,256,292,516,106,704,992
541,391,295,218,167,234,380,319,835,992
643,428,308,252,171,218,422,369,859,992
649,373,451,352,227,314,471,585,879,992
512,389,150,102,80,122,405,293,593,992
460,315,287,200,147,227,398,328,840,992
297,219,268,204,159,207,326,430,846,992
508,355,269,229,166,206,385,486,848,992
448,298,247,192,152,198,460,329,825,992
653,430,314,224,169,244,421,327,838,992
495,345,362,269,198,283,421,370,861,992
547,292,444,352,245,322,528,555,882,992
432,287,235,180,132,176,389,427,847,992
516,363,255,207,156,199,408,396,839,992
489,330,282,222,165,215,410,437,861,992
540,426,169,130,101,136,337,313,786,993
420,246,345,250,164,240,443,441,876,993
357,246,358,247,182,277,410,321,870,993
617,437,236,186,136,179,399,353,829,993
478,304,306,233,163,225,404,437,849,993
247,210,207,164,144,183,446,7,352,993
389,278,361,253,187,285,487,344,843,993
431,335,206,158,122,166,386,326,819,993
633,421,285,227,164,212,394,455,850,993
310,236,210,156,109,154,339,300,840,993
450,305,289,236,167,219,409,373,839,993
604,397,459,349,249,352,450,426,861,994
361,246,222,180,129,166,396,313,846,994
655,477,249,199,151,195,406,323,841,994
486,403,184,132,113,159,357,295,808,994
303,256,125,94,83,109,302,280,709,994
564,376,357,274,174,245,411,462,880,994
625,450,186,130,101,149,394,320,839,994
482,370,197,146,119,164,350,311,818,995
545,392,225,174,125,172,396,334,833,995
543,349,281,226,166,212,393,400,844,995
528,342,321,225,164,246,485,441,852,995
363,254,246,189,146,197,479,313,861,995
393,269,195,153,114,151,374,323,824,995
510,375,282,196,137,212,402,292,837,995
512,325,314,241,169,230,385,501,832,995
497,287,339,244,155,238,418,616,891,995
253,202,157,120,98,132,302,306,813,995
568,314,291,235,152,201,419,404,852,996
235,209,111,76,73,104,340,142,696,996
534,325,343,270,180,241,416,296,837,996
585,381,227,209,165,181,456,316,834,996
521,395,261,208,162,210,373,314,848,997
656,453,410,295,208,304,342,607,856,997
261,199,159,122,90,123,306,304,834,997
333,263,252,187,146,203,349,297,839,997
530,354,269,202,134,183,544,313,837,997
311,200,275,203,153,214,372,304,838,997
376,226,377,258,166,258,430,560,864,997
581,420,279,204,162,226,379,318,828,998
585,417,300,236,176,231,414,306,849,998
605,447,293,203,154,230,388,311,836,998
568,312,453,362,223,304,463,620,878,998
376,298,247,172,140,208,365,302,851,998
732,474,367,291,203,272,441,549,868,998
285,203,280,210,154,205,303,412,849,998
653,421,385,278,199,288,438,538,875,998
732,472,402,324,230,290,424,637,868,998
498,327,255,202,152,198,387,391,844,998
382,292,187,130,106,157,345,295,837,998
369,280,236,196,155,186,379,312,835,998
337,249,279,233,188,228,391,484,835,999
490,337,248,179,124,181,504,280,808,999
499,349,336,269,195,244,388,382,850,999
382,274,219,163,124,167,376,302,826,999
658,401,424,330,201,273,458,617,894,999
327,258,238,181,143,195,372,335,843,999
545,353,318,248,193,249,476,654,871,999
706,487,235,170,121,178,398,307,837,999
657,455,250,176,130,194,402,321,852,999
384,271,200,165,128,161,375,309,830,999
562,373,269,214,156,207,391,533,866,999
514,287,439,327,198,293,451,566,872,999
595,349,334,267,185,237,416,579,861,999
629,392,353,266,204,277,468,535,867,999
643,413,528,377,221,341,387,717,887,999
347,227,268,217,158,203,369,355,842,999
311,229,193,132,104,155,340,314,811,1000
383,268,231,205,163,185,393,316,842,1000
415,310,190,141,115,159,361,311,839,1000
388,271,243,188,137,185,408,330,832,1000
510,395,252,188,145,202,376,307,834,1000
477,290,282,218,149,206,411,386,849,1000
340,229,136,98,75,108,333,318,756,1000
220,168,244,167,129,193,348,295,837,1000
402,301,348,258,185,258,337,548,857,1000
492,378,321,240,203,277,489,323,836,1000
288,209,335,249,180,251,330,503,873,1000
517,351,255,189,143,202,407,352,855,1000
265,197,267,197,145,209,381,356,851,1001
521,412,176,123,102,148,451,226,436,1001
355,216,345,267,169,234,323,592,862,1001
491,278,346,264,173,244,420,575,884,1001
489,339,222,166,132,179,370,301,834,1001
678,358,445,325,172,258,472,654,902,1001
562,371,397,302,192,269,405,603,869,1001
460,292,257,188,132,183,407,332,843,1001
516,327,262,198,141,199,398,391,860,1002
644,425,337,242,166,250,415,456,863,1002
603,359,304,237,144,194,432,314,861,1002
473,351,253,177,139,203,377,293,869,1002
457,348,183,130,106,152,355,312,820,1002
536,378,296,190,166,259,462,323,832,1002
504,310,381,271,182,271,396,625,885,1002
630,474,148,104,78,117,366,316,820,1003
489,262,332,277,172,225,442,549,865,1003
615,425,307,221,166,235,425,505,866,1003
644,403,317,242,164,231,417,520,856,1003
557,367,296,212,155,224,422,382,862,1003
445,344,175,137,112,148,355,321,818,1003
566,399,270,205,157,216,389,328,846,1003
350,196,245,184,115,160,508,319,824,1003
262,206,174,148,122,145,327,312,801,1003
673,473,217,178,128,161,373,313,790,1003
583,421,243,188,143,189,385,321,829,1003
504,339,300,238,168,218,413,381,858,1003
524,333,343,275,199,258,418,483,863,1004
619,330,311,235,181,250,538,404,862,1004
657,428,374,257,193,285,439,387,869,1004
653,392,374,295,201,267,444,538,875,1004
532,340,288,234,165,212,418,492,864,1004
439,307,135,110,80,101,354,337,667,1004
351,274,212,177,150,177,357,306,830,1004
538,357,284,230,156,203,410,450,850,1005
507,384,161,124,99,131,373,306,674,1005
595,367,530,433,291,372,535,644,887,1005
450,315,130,96,74,106,380,331,554,1005
189,155,110,85,71,96,494,2,414,1005
728,476,345,271,196,255,422,307,822,1005
557,411,483,358,284,394,499,314,827,1005
554,356,400,330,231,292,469,447,846,1005
495,345,330,258,193,257,414,355,872,1005
265,229,137,97,87,120,325,227,481,1005
607,407,307,232,175,239,390,549,863,1006
679,494,341,228,179,283,393,317,834,1006
709,385,376,285,194,269,510,610,867,1006
355,220,359,275,197,266,484,505,869,1006
365,250,252,187,138,193,387,316,824,1006
429,282,260,187,137,195,400,326,852,1006
520,338,379,285,193,270,423,506,859,1006
544,374,315,240,184,247,421,438,855,1006
559,353,367,268,180,262,440,517,857,1007
622,399,390,295,198,278,422,438,857,1007
207,151,224,193,154,179,320,299,851,1007
638,466,232,204,155,186,397,314,846,1007
522,401,234,205,171,198,411,315,831,1007
575,424,272,205,149,202,371,304,837,1007
418,332,251,189,158,218,376,313,833,1007
638,465,273,194,145,216,373,407,843,1008
632,392,344,254,202,276,500,398,873,1008
608,435,329,262,210,266,417,436,871,1008
637,482,272,231,181,220,392,320,828,1008
410,251,140,97,65,101,375,295,489,1008
413,325,304,237,191,252,404,2,243,1009
421,290,345,269,199,265,368,532,870,1009
415,350,158,120,105,137,329,304,837,1009
480,317,383,272,170,261,430,369,874,1009
600,381,519,363,261,390,435,615,891,1009
522,335,360,259,182,269,425,388,853,1009
703,466,313,252,170,223,441,537,859,1009
479,346,375,285,207,282,382,555,858,1009
286,217,261,168,126,204,340,287,822,1009
582,377,291,218,151,210,471,354,849,1010
283,207,252,191,143,198,366,222,841,1010
456,310,222,172,117,158,395,242,836,1010
525,408,209,149,118,169,351,301,831,1010
696,441,381,303,218,278,429,618,877,1010
532,280,371,278,164,234,463,615,901,1010
668,360,283,218,151,208,535,317,821,1010
521,347,252,207,146,187,406,355,859,1010
564,403,236,184,135,175,405,326,856,1011
478,299,321,237,166,241,409,358,852,1011
461,323,258,213,168,209,385,307,830,1011
382,282,325,238,178,260,482,318,843,1011
494,367,194,155,120,154,376,316,834,1011
446,351,237,185,163,208,445,321,835,1011
450,317,198,155,121,157,362,316,804,1011
492,357,206,160,122,161,389,315,849,1012
621,347,345,273,187,240,513,317,860,1012
292,216,216,165,131,174,349,314,814,1012
522,379,266,218,169,206,410,326,862,1012
458,390,201,144,123,174,334,312,814,1012
552,342,263,213,164,207,482,293,825,1012
437,304,311,253,206,261,465,332,846,1012
432,330,180,144,115,149,365,318,796,1012
665,481,186,137,102,147,359,313,821,1012
431,289,270,204,151,206,396,443,846,1012
352,255,299,213,152,214,389,323,833,1012
434,330,200,159,127,162,375,319,835,1013
562,402,231,156,111,176,380,321,839,1013
412,261,281,214,158,211,393,405,850,1013
448,282,302,235,156,215,421,341,857,1013
396,257,232,172,122,172,478,325,836,1013
214,169,213,177,142,172,286,307,830,1014
615,394,147,113,70,102,343,632,533,1014
296,201,247,191,143,193,338,302,851,1014
599,450,197,156,122,159,382,318,825,1014
568,399,418,315,217,299,348,785,880,1014
696,442,368,306,205,266,441,512,869,1014
396,277,198,142,106,156,390,321,810,1014
657,410,295,225,155,219,432,464,847,1014
496,341,287,209,153,220,393,406,869,1014
477,305,361,269,189,266,425,432,869,1015
449,299,306,229,170,237,407,338,858,1015
643,383,456,339,191,274,466,566,898,1015
720,408,339,264,174,233,518,335,858,1015
444,312,211,161,124,169,394,327,837,1015
325,256,195,158,130,163,362,309,849,1015
510,341,374,289,211,280,656,2,584,1015
551,415,423,318,257,348,527,12,568,1015
613,367,411,293,183,280,417,540,877,1015
477,277,359,271,177,247,423,572,877,1016
544,406,244,202,165,203,376,416,836,1016
308,201,193,143,104,144,331,304,831,1016
453,211,391,325,209,263,483,657,867,1016
579,419,292,214,164,239,392,353,851,1016
471,342,283,212,170,231,455,338,846,1016
599,392,345,266,182,247,397,610,869,1017
516,356,343,269,197,260,365,294,836,1017
406,288,310,231,173,243,447,359,852,1017
575,419,207,160,117,158,378,307,837,1017
304,250,105,66,56,94,485,3,161,1017
683,453,301,209,139,212,382,446,851,1017
686,462,463,346,237,334,448,612,887,1017
303,239,186,140,111,150,321,307,840,1017
575,305,310,214,121,190,403,589,877,1018
606,414,347,275,204,268,501,314,834,1018
374,255,239,181,136,188,390,299,852,1018
361,265,121,96,75,94,325,310,710,1018
548,346,322,234,172,242,423,394,853,1018
380,253,291,222,155,215,385,472,859,1018
315,244,229,181,147,191,369,326,835,1018
447,295,241,189,138,185,391,363,839,1019
263,235,95,75,67,84,325,1,192,1019
505,361,268,208,157,202,356,432,832,1019
497,361,173,127,103,141,365,310,826,1020
447,259,287,215,169,227,518,320,843,1020
418,287,284,207,163,232,395,370,863,1020
559,324,400,311,200,270,408,623,877,1020
457,272,344,248,159,238,409,397,866,1021
661,447,271,214,159,210,402,303,845,1021
648,454,297,237,180,235,429,340,857,1022
571,308,346,268,195,261,469,438,853,1022
685,481,272,211,165,218,395,620,886,1022
478,299,359,251,181,271,440,483,850,1023
549,376,310,200,154,246,384,306,863,1023
489,345,227,170,134,183,428,300,827,1023
376,211,183,129,81,123,383,314,839,1023
342,224,273,214,155,202,372,331,844,1023
525,382,155,113,92,132,326,309,566,1023
370,237,250,189,138,191,387,367,844,1023
569,431,195,155,126,158,377,322,819,1023
350,235,317,238,186,254,414,316,848,1023
