"FSC-A","FSC-H","SSC-A","SSC-B-A","SSC-B-H","SSC-H","AF-A","DRAQ5-A","FITC-A","Time"
518,365,217,162,121,163,364,525,856,0
501,309,264,215,155,194,455,477,922,0
599,409,241,181,127,176,406,344,870,0
342,234,141,111,80,108,314,330,894,0
625,413,240,199,150,183,421,627,950,0
453,254,360,284,190,252,493,664,876,0
533,376,224,189,129,161,410,343,852,0
355,247,215,166,128,171,374,398,905,1
663,409,279,205,143,203,412,602,885,1
703,465,290,212,147,211,407,500,922,1
304,223,147,116,92,120,330,327,807,1
667,356,326,239,163,236,484,476,908,1
301,219,154,125,105,129,343,261,824,1
340,229,239,198,136,176,386,320,848,1
627,381,367,294,198,269,479,647,876,2
363,263,226,172,129,175,385,352,881,2
290,183,215,167,116,157,338,407,881,2
414,309,211,161,120,166,364,342,856,2
380,236,294,235,158,206,409,552,910,2
703,428,313,250,170,221,421,621,904,2
403,250,266,216,146,187,399,507,942,2
349,303,220,161,133,183,409,79,701,3
517,339,283,229,167,216,397,467,924,3
301,154,312,253,162,207,355,579,917,3
364,238,287,230,157,209,346,593,890,3
514,341,268,214,151,197,389,491,918,3
658,451,144,119,82,105,375,348,880,3
543,345,245,199,137,179,465,385,812,3
504,324,359,295,225,277,467,369,779,3
355,232,200,163,118,149,378,322,816,4
263,189,155,128,103,127,350,240,774,4
541,393,203,162,128,162,380,337,851,4
567,339,263,215,144,183,404,507,925,4
369,262,159,126,94,123,347,328,834,4
359,276,160,124,98,129,324,328,830,4
241,144,243,183,119,171,294,528,900,4
566,369,293,222,163,230,415,477,892,4
689,375,350,272,197,254,477,654,925,4
436,272,384,286,193,272,461,175,731,4
707,444,384,297,194,265,467,616,882,5
339,224,193,157,106,139,328,530,912,5
419,310,210,172,130,165,392,323,865,5
594,382,296,225,158,220,438,472,903,5
499,304,401,294,206,296,495,393,875,5
522,381,205,158,114,159,374,334,820,5
440,273,223,175,127,165,447,350,840,5
380,239,298,245,165,215,456,348,781,5
558,363,373,266,199,290,459,294,671,5
407,310,175,141,113,143,343,309,829,6
424,310,177,152,120,143,386,327,875,6
315,175,283,218,135,190,322,653,906,6
428,229,293,210,152,221,492,370,765,6
657,443,236,190,140,182,409,412,886,6
497,320,273,243,177,204,407,402,864,6
634,461,163,132,98,124,392,338,863,6
562,432,142,106,85,117,349,324,835,6
279,169,302,228,152,220,307,576,912,6
407,274,176,149,114,138,374,332,838,7
253,155,300,229,146,206,305,612,894,7
557,273,471,365,199,279,469,697,906,7
442,307,198,166,127,155,374,325,804,7
490,278,365,272,165,231,457,634,899,7
629,430,266,211,157,198,423,487,934,7
471,312,223,179,139,174,496,320,852,7
249,163,222,178,126,164,365,351,844,8
539,367,230,172,128,175,456,318,832,8
244,146,282,221,135,185,277,751,899,8
447,265,416,335,234,300,418,654,844,8
504,373,192,143,106,150,360,333,821,8
304,219,172,132,101,135,344,345,843,8
360,245,267,199,148,204,406,337,856,8
505,374,255,178,141,209,406,374,836,8
340,245,217,158,124,175,346,325,827,8
495,305,273,205,136,194,421,343,891,8
499,411,318,245,203,267,425,312,733,8
675,359,356,282,172,239,412,497,914,8
257,216,252,175,162,234,388,2,217,8
374,227,390,285,203,289,523,30,723,9
377,259,240,182,118,167,381,309,878,9
593,364,294,212,148,216,422,455,896,9
335,233,224,181,139,175,402,338,870,9
274,216,308,217,182,266,527,11,627,9
265,198,179,136,97,135,335,375,846,9
645,390,257,199,142,188,492,373,887,10
551,366,135,108,76,100,369,654,975,10
347,198,247,199,134,178,368,555,905,10
554,406,274,193,147,221,387,325,737,10
257,183,185,146,109,146,361,327,844,10
490,399,124,97,84,107,359,331,861,10
347,240,273,197,138,203,360,446,819,11
335,248,203,163,123,158,363,329,868,11
615,447,214,169,129,171,389,331,823,11
495,263,357,286,174,235,440,676,894,11
600,441,286,209,156,226,401,330,732,11
500,339,261,175,118,190,380,343,852,11
579,351,313,248,168,229,404,484,889,11
628,448,192,164,124,149,388,339,865,11
560,341,410,320,197,270,421,660,852,11
442,302,229,179,127,168,411,329,830,11
552,340,282,222,156,216,488,420,881,11
409,293,201,148,117,162,358,330,804,12
581,371,313,241,165,229,430,560,916,12
343,241,276,233,168,210,357,604,923,12
717,456,275,227,157,207,418,502,914,12
454,332,297,219,159,226,454,325,859,12
415,296,286,216,162,221,420,339,841,12
211,163,175,129,111,153,381,182,761,12
372,238,267,218,145,195,381,509,969,12
341,255,245,167,129,202,365,316,812,12
461,333,244,187,139,188,399,360,886,12
671,378,375,292,194,259,456,677,882,12
640,447,218,151,112,170,387,397,880,13
432,280,251,201,149,191,370,530,887,13
439,272,258,184,126,185,480,391,853,13
386,288,215,169,134,177,380,336,839,13
587,437,154,122,95,126,370,343,850,13
287,204,200,177,133,157,368,321,841,14
307,195,356,248,150,237,444,645,908,14
430,300,119,94,67,90,318,328,877,14
409,287,198,147,111,156,385,360,870,14
384,248,253,204,140,183,402,337,856,14
196,140,190,152,109,139,277,502,926,14
595,396,352,274,189,258,424,589,904,14
590,307,519,391,155,217,451,993,880,14
605,361,340,271,183,242,458,651,961,14
405,227,428,310,207,293,369,950,913,14
488,335,201,158,115,151,393,331,839,14
340,275,137,120,98,112,360,325,912,15
463,367,174,148,120,142,387,326,839,15
258,200,200,138,122,177,515,50,693,15
609,435,327,286,207,246,437,341,853,15
371,266,295,255,203,242,466,327,848,15
557,363,295,210,156,235,376,394,872,15
499,390,158,126,105,135,351,321,810,15
450,281,354,277,178,240,405,675,890,15
266,205,216,171,130,172,284,512,878,15
333,186,285,219,138,197,374,558,832,15
650,357,443,300,164,268,463,630,917,15
411,282,232,189,150,189,444,346,841,16
552,380,189,140,103,144,389,345,867,16
397,236,309,236,154,208,406,448,912,16
400,226,288,204,133,204,426,405,885,16
422,279,296,251,166,208,399,570,916,16
439,275,251,193,141,192,414,394,875,16
383,255,237,169,128,185,407,337,882,17
505,319,439,309,189,290,436,658,951,17
452,309,247,183,129,180,406,361,916,17
537,367,224,179,129,168,429,326,829,17
337,250,206,152,115,158,377,326,831,17
495,365,134,105,89,114,299,374,915,17
447,313,239,191,153,197,477,340,826,18
267,187,271,205,164,223,403,337,860,18
575,433,333,238,192,275,461,451,914,18
334,230,228,177,133,176,370,336,879,18
614,364,314,232,153,226,426,551,921,18
308,213,251,186,129,185,339,461,849,18
378,231,310,232,150,220,425,543,942,18
344,208,273,211,148,203,360,516,717,18
254,194,190,139,109,153,348,314,847,18
380,265,254,187,140,199,450,332,832,18
560,370,265,197,149,204,420,447,903,18
379,274,161,130,91,114,357,335,842,18
198,154,151,117,93,124,293,324,870,18
461,348,184,146,119,153,369,320,822,19
314,212,303,252,178,222,393,429,881,19
533,350,275,196,127,188,399,516,936,19
554,371,226,158,111,162,385,418,871,19
444,226,399,290,165,242,511,648,792,19
450,364,120,91,76,101,335,332,868,19
469,310,291,231,161,216,411,444,792,19
460,302,295,241,174,224,386,345,861,19
347,225,301,213,137,205,396,580,945,19
488,370,219,176,140,183,401,313,852,19
530,387,238,195,151,186,407,330,842,20
419,315,346,231,179,272,518,497,881,20
540,385,254,188,140,197,403,404,893,20
550,385,233,172,129,182,375,338,887,21
425,295,405,293,216,312,465,597,863,21
717,406,373,266,195,282,479,380,806,21
531,309,298,237,161,210,427,503,850,21
254,186,193,147,116,158,380,314,877,21
540,380,255,209,164,206,419,433,884,21
507,372,177,137,107,143,394,340,837,21
560,394,297,218,162,233,414,383,904,21
689,436,267,225,164,204,459,322,840,21
184,163,199,142,124,178,388,9,632,22
570,364,265,207,152,202,424,597,972,22
435,322,230,171,144,193,462,339,797,22
582,325,453,312,192,292,365,998,979,22
303,214,205,150,103,150,371,326,883,22
476,294,267,209,142,193,481,401,866,22
388,293,188,145,115,156,366,335,807,22
536,390,234,172,128,183,403,331,803,22
650,424,274,222,148,193,406,638,1002,22
287,192,344,232,163,256,397,442,892,22
628,442,203,175,130,155,424,338,889,23
293,185,309,221,144,208,357,612,866,23
283,198,236,186,143,184,352,366,807,23
505,341,401,309,228,305,455,336,832,23
364,252,148,113,82,113,335,355,839,23
487,380,160,126,98,128,353,316,862,23
297,219,171,145,113,136,339,324,837,23
462,336,229,212,171,187,374,326,870,23
476,404,169,126,112,151,421,77,661,23
441,317,179,118,87,140,352,320,835,23
533,351,241,187,126,172,410,339,865,23
321,252,192,137,108,155,384,327,867,23
564,316,323,227,139,212,453,490,870,23
623,394,381,253,164,268,443,492,928,23
483,292,299,229,146,201,415,575,934,24
731,428,576,421,278,392,507,331,889,24
493,299,320,228,144,211,369,667,920,24
541,412,178,152,118,140,404,334,906,24
450,274,344,273,182,235,418,636,914,24
481,308,241,192,139,184,403,479,833,24
660,432,288,226,158,208,413,383,866,24
357,183,365,278,154,228,449,597,884,24
612,374,281,218,138,188,386,489,873,24
717,444,396,296,206,291,452,613,952,24
362,246,304,227,156,214,384,376,900,25
212,146,202,155,114,153,339,336,898,25
271,163,239,162,91,145,463,754,926,25
421,299,229,173,129,180,400,344,878,25
501,360,251,204,166,213,439,338,841,25
252,170,190,147,107,144,370,317,847,25
377,274,165,131,103,132,351,331,882,25
427,306,378,272,201,289,395,331,867,25
606,396,262,210,137,182,436,354,880,25
306,165,253,200,127,170,475,339,812,25
402,208,406,316,186,259,451,649,899,25
311,234,103,81,63,83,549,1,168,26
273,177,323,224,148,225,307,612,886,26
465,300,292,216,149,208,411,527,969,26
212,143,226,176,126,173,332,399,865,26
473,311,332,260,170,235,398,656,824,26
681,457,406,311,221,297,437,563,898,26
565,420,191,141,107,151,390,346,837,26
445,316,276,232,187,225,413,543,878,26
543,370,339,264,196,255,415,487,931,26
462,363,245,181,148,206,383,314,784,26
435,231,176,134,79,113,380,730,1003,26
432,317,242,179,140,196,390,338,855,26
472,376,125,93,79,106,345,251,828,26
269,198,181,130,98,142,380,323,859,27
410,304,197,156,123,160,393,339,856,27
470,288,295,219,141,203,447,432,860,27
348,252,307,232,165,226,372,458,778,27
531,401,133,104,84,110,370,309,868,27
287,259,192,152,144,182,370,2,198,28
396,296,170,129,101,134,372,325,815,28
429,252,330,256,179,244,411,547,902,28
424,295,257,193,144,200,377,331,838,28
300,206,214,168,122,165,347,325,862,28
261,179,229,167,127,176,348,482,878,28
461,347,184,150,114,146,379,333,828,29
615,420,299,209,145,222,400,413,890,29
549,380,280,231,162,208,384,387,859,29
388,251,300,253,182,231,423,432,834,29
363,261,175,124,92,136,380,328,741,29
277,207,262,187,148,214,550,7,647,29
417,292,194,152,118,155,408,333,869,29
353,255,223,164,126,180,387,422,900,29
260,161,316,268,169,204,403,611,940,30
365,225,298,226,151,213,382,596,872,30
342,233,278,190,131,199,357,534,871,30
519,361,182,149,106,135,386,329,877,30
310,218,246,187,142,190,387,365,862,30
379,289,216,169,141,179,385,334,840,30
513,291,350,262,175,249,407,637,915,30
443,326,259,213,153,195,436,326,787,30
224,171,139,104,78,111,318,319,829,30
717,443,228,184,136,173,484,363,915,30
359,264,174,134,101,136,330,330,808,30
512,346,284,215,159,217,418,513,781,30
513,301,320,245,161,218,429,657,937,30
285,233,263,188,155,221,392,528,903,30
536,280,539,389,220,328,492,861,946,31
508,304,381,275,178,268,421,624,902,31
631,470,215,160,117,162,373,364,863,31
505,389,132,105,86,109,339,330,864,31
577,336,441,344,251,333,520,645,871,31
457,261,414,305,202,286,494,603,908,31
326,233,210,172,130,162,414,325,842,31
424,289,252,191,134,182,413,331,839,31
451,274,248,212,144,176,427,350,847,31
520,387,264,189,141,202,412,408,855,31
410,281,246,200,143,188,400,353,859,31
621,379,361,269,190,271,455,395,884,31
396,286,221,152,114,170,380,326,818,31
587,374,286,212,144,201,415,473,863,31
364,268,174,133,109,146,448,335,790,31
433,308,280,215,154,206,342,593,919,32
411,192,393,305,174,234,437,873,949,32
245,203,99,82,73,90,322,170,877,32
316,257,118,89,72,99,303,307,773,32
423,313,211,158,117,160,393,325,876,32
442,331,246,208,157,192,401,514,882,32
525,343,241,200,155,192,477,334,799,32
629,440,274,188,139,206,402,330,836,32
658,382,471,355,160,236,398,965,908,32
237,164,268,212,148,197,350,478,883,32
392,277,132,100,69,94,248,655,842,32
207,187,185,150,144,175,376,2,213,32
401,268,291,202,140,208,459,400,865,32
194,138,201,160,121,158,333,341,857,32
375,233,253,208,140,180,388,495,906,32
611,430,299,216,154,224,388,488,910,32
311,224,180,138,102,136,355,297,784,32
203,145,234,197,139,176,342,407,918,32
684,466,302,234,177,236,429,500,927,33
609,434,167,115,83,129,375,334,870,33
650,452,250,195,135,186,413,348,884,33
368,233,345,276,198,256,398,504,880,33
628,361,394,262,160,267,444,417,909,33
274,202,172,130,95,134,328,319,861,33
207,153,258,217,162,196,342,430,884,33
650,450,219,175,125,159,461,356,871,33
667,449,258,216,153,191,428,497,927,33
684,419,430,305,189,293,438,518,928,33
679,423,324,249,189,254,457,338,825,34
578,353,401,308,195,267,438,659,902,34
572,414,281,216,157,211,405,324,837,34
562,354,465,351,173,242,423,826,961,34
321,249,178,148,115,141,350,380,843,34
665,406,385,347,216,254,457,455,862,34
659,450,307,250,175,218,415,578,937,34
210,147,194,157,112,147,334,356,785,34
201,158,224,182,145,180,288,379,870,34
256,160,305,230,154,216,297,614,904,34
695,443,339,286,204,244,425,527,931,34
215,138,233,185,136,176,369,341,784,34
496,381,197,142,109,154,360,339,845,34
388,264,261,208,164,209,407,328,834,34
483,315,317,230,152,222,399,339,873,35
471,309,290,221,148,211,405,345,776,35
656,438,270,208,141,197,499,332,849,35
333,246,330,215,159,260,392,430,907,35
517,278,398,296,185,266,463,506,867,35
531,349,225,193,136,165,409,337,911,35
410,326,187,153,120,148,361,331,844,35
566,412,195,157,122,152,395,336,814,35
265,182,241,184,131,183,349,417,867,35
422,242,307,228,135,198,421,514,919,35
718,487,310,243,166,227,433,469,904,35
453,350,250,178,138,201,380,394,691,36
553,422,215,154,118,170,438,334,852,36
557,374,281,203,146,216,420,376,873,36
589,401,206,151,109,154,401,329,803,36
501,322,367,265,182,265,449,504,873,36
449,325,365,276,226,299,456,554,896,36
291,181,288,233,144,194,304,690,905,36
272,191,237,185,149,190,438,344,825,36
333,237,288,204,139,204,299,651,685,36
225,145,244,209,149,179,336,419,888,36
424,318,267,191,150,213,397,333,830,36
292,170,290,253,160,199,350,441,863,36
289,185,285,200,133,199,404,354,867,36
462,282,319,229,157,228,396,564,828,37
299,191,241,175,122,176,403,348,836,37
492,339,255,194,156,204,475,356,883,37
409,257,309,216,147,223,421,492,927,37
648,466,217,176,131,168,381,350,875,38
649,455,269,202,152,208,401,457,855,38
420,284,296,243,173,220,388,484,895,38
202,158,144,117,94,116,305,329,870,38
241,176,230,163,119,175,387,323,821,38
469,294,387,277,181,268,455,603,878,38
699,457,352,244,164,254,452,507,909,38
517,339,351,274,190,259,425,351,878,38
458,344,237,179,135,184,393,381,866,39
438,250,355,277,178,245,445,543,913,39
411,224,298,226,135,201,420,467,870,39
347,213,374,274,175,252,428,557,908,39
459,279,320,232,164,239,435,351,864,39
344,210,312,244,158,210,406,495,885,39
679,446,405,284,201,294,449,632,924,39
568,367,303,243,179,231,432,421,916,39
407,313,149,117,98,124,363,343,874,39
257,163,287,216,152,210,355,376,811,39
254,194,277,221,174,223,368,341,842,39
359,260,212,170,130,169,378,333,898,40
695,474,232,177,129,174,416,346,809,40
601,348,386,266,145,218,519,430,861,40
230,169,295,221,163,222,337,460,867,40
408,261,253,189,130,184,423,374,875,40
379,252,167,127,94,129,384,407,877,40
292,210,217,175,123,159,361,406,895,40
472,313,263,185,138,205,410,443,881,40
257,171,275,205,144,201,355,436,855,40
450,337,188,154,124,154,362,333,841,40
398,260,276,222,166,209,413,339,847,40
277,183,326,252,178,236,397,536,880,40
492,329,294,224,164,224,413,480,925,40
508,347,239,196,148,185,426,397,881,41
336,219,300,229,146,204,315,654,902,41
345,197,336,253,153,219,401,590,902,41
612,449,216,165,123,169,407,338,885,41
537,394,191,152,120,155,393,335,804,41
268,149,300,236,148,202,383,460,899,41
445,333,197,151,116,159,377,333,847,41
187,173,92,67,63,88,399,2,221,41
635,447,239,155,116,191,451,436,914,41
400,260,361,287,178,240,396,586,874,41
387,268,255,219,152,182,385,374,891,41
593,400,273,201,151,219,450,400,895,41
278,204,183,145,120,147,403,322,832,42
583,409,304,214,154,230,413,343,805,42
289,180,240,184,123,168,364,524,936,42
478,353,280,216,179,228,446,322,819,42
565,332,314,225,142,210,400,538,803,42
294,192,193,155,111,146,365,352,851,42
520,382,228,184,143,183,408,370,870,42
415,325,176,153,114,135,364,321,825,42
390,287,221,168,122,168,384,331,853,42
243,165,251,202,142,185,358,451,916,42
552,349,191,148,91,120,533,2,133,42
470,315,285,224,161,220,395,540,910,42
580,356,244,200,129,165,491,331,823,42
499,263,346,279,173,227,430,582,915,42
300,242,187,149,114,144,346,334,872,43
414,233,380,332,190,239,428,650,908,43
345,250,206,157,126,167,368,337,820,43
276,198,164,121,93,129,340,340,820,43
483,367,199,163,125,156,365,333,859,43
250,174,195,139,102,147,374,334,832,43
700,437,374,276,184,266,436,590,883,43
690,444,269,212,141,195,416,427,913,43
335,185,294,254,153,189,385,666,915,43
540,349,275,217,157,204,421,436,884,43
532,379,246,198,152,189,388,281,821,44
690,382,436,345,201,279,494,647,929,44
385,291,264,200,149,202,400,515,966,44
623,467,257,174,124,192,421,339,864,44
390,210,314,288,220,231,423,485,918,44
585,431,197,187,148,157,396,318,859,44
252,184,188,142,103,145,370,347,872,44
558,382,200,140,103,156,446,277,866,44
533,342,124,100,68,90,348,651,808,44
604,439,261,212,159,201,380,331,833,44
634,321,367,287,163,235,465,677,924,45
682,448,368,248,173,268,444,531,935,45
349,230,275,195,137,207,401,375,874,45
499,290,486,351,216,319,502,516,891,45
298,210,262,201,135,187,341,533,929,45
389,351,190,130,116,172,387,117,606,45
477,334,243,203,157,190,410,329,848,46
434,295,164,116,83,122,371,332,822,46
508,338,329,278,180,223,402,472,910,46
723,429,428,310,204,304,470,674,873,46
458,285,307,228,160,224,425,488,946,46
707,399,465,337,223,322,447,646,800,46
312,185,312,235,150,213,367,578,891,46
283,191,283,232,159,203,292,599,901,46
244,166,211,177,132,161,302,493,919,46
208,144,266,199,142,197,310,541,900,46
727,483,336,269,179,232,454,620,935,46
540,404,278,212,157,219,417,450,901,47
490,286,328,249,164,234,434,669,887,47
381,282,214,154,118,171,371,330,876,47
383,301,193,138,117,166,386,343,840,47
459,280,425,314,217,307,492,656,871,47
514,322,282,221,138,186,392,516,883,47
211,147,260,204,145,194,363,357,895,47
535,373,338,242,183,266,464,498,867,47
453,329,187,151,119,151,378,315,861,47
433,288,258,196,130,180,333,505,854,47
545,320,309,233,146,209,470,609,965,47
546,379,221,182,136,170,423,333,882,47
508,387,226,184,150,189,397,343,839,47
297,198,189,145,111,149,363,327,868,47
375,241,292,218,140,198,392,533,908,48
605,457,125,99,79,100,349,341,850,48
657,402,306,197,132,215,437,402,878,48
618,440,256,218,155,191,401,351,678,48
399,310,207,165,134,171,460,337,862,48
343,246,297,200,143,225,403,434,880,48
255,185,146,120,90,114,320,315,809,48
413,222,306,218,139,209,480,482,860,48
396,263,303,256,172,209,358,542,947,48
571,391,315,243,179,241,477,455,847,48
445,271,292,229,165,217,410,571,892,48
380,237,289,228,163,210,406,531,946,48
506,375,201,139,107,157,376,335,861,48
581,374,461,340,220,324,393,652,891,49
306,222,371,233,159,269,503,8,747,49
709,418,340,271,174,236,420,676,748,49
461,293,291,186,143,234,506,340,789,49
559,412,207,176,135,163,382,330,838,49
375,260,217,157,120,174,376,326,767,49
405,227,321,243,152,215,417,572,927,49
431,312,315,244,200,263,509,553,941,49
192,132,217,174,125,157,239,511,812,49
613,384,370,281,194,266,488,570,938,49
569,370,374,259,170,261,404,462,872,49
523,391,151,112,92,125,349,335,876,50
311,206,140,122,83,100,623,0,165,50
671,351,290,216,132,189,451,462,868,50
349,240,248,196,152,196,386,393,878,50
287,219,204,147,112,163,354,340,911,50
460,316,271,166,127,218,419,320,826,50
211,154,259,181,131,194,371,352,881,50
316,228,249,192,146,193,446,439,955,50
201,138,224,168,120,165,304,484,916,50
596,369,388,260,169,274,434,579,912,51
441,257,185,145,87,117,248,986,972,51
303,200,304,241,167,218,372,555,933,51
446,269,441,317,215,317,449,728,944,51
242,177,202,161,120,156,366,331,844,51
550,314,295,230,142,205,498,323,832,51
606,434,203,150,113,161,378,333,815,51
479,289,288,214,134,199,444,520,902,51
621,414,274,228,171,208,430,358,860,51
386,251,344,269,175,235,399,613,907,51
621,376,330,243,165,247,427,465,871,51
652,386,128,106,63,82,353,654,949,51
662,458,279,229,169,216,422,326,847,51
361,246,263,198,141,198,357,489,773,51
677,436,132,113,67,86,385,672,969,51
513,328,345,258,159,227,420,544,896,52
353,241,383,287,176,256,423,647,888,52
403,261,262,198,140,199,399,504,892,52
566,355,265,201,130,183,439,321,813,52
687,482,471,323,236,363,566,454,796,52
201,155,136,111,89,109,299,314,796,52
657,435,274,225,162,206,398,414,914,52
704,487,408,306,227,313,426,382,900,52
473,314,171,115,92,142,432,268,937,52
413,295,214,149,109,166,374,343,831,52
463,305,301,212,151,223,414,501,954,52
311,206,194,137,99,147,350,333,699,52
213,146,183,148,111,142,335,335,857,52
404,280,334,227,160,243,421,419,867,52
315,239,196,176,141,159,380,323,879,52
296,222,196,135,103,156,369,334,856,52
369,272,281,221,163,215,390,299,840,52
338,200,186,139,86,119,398,712,744,52
677,420,295,227,149,209,449,474,918,52
520,328,354,268,184,260,429,602,919,53
684,440,284,229,157,203,413,429,892,53
460,340,130,110,82,100,363,318,891,53
250,183,310,227,169,231,370,566,941,53
487,307,331,252,176,244,422,566,910,53
491,357,300,238,184,239,409,486,874,54
392,228,404,320,209,279,451,661,897,54
340,222,131,97,68,96,365,335,860,54
353,229,308,217,135,209,398,526,907,54
291,197,307,244,161,213,329,604,920,54
653,468,227,201,157,180,407,340,708,55
422,295,358,255,198,293,448,326,858,55
437,325,256,192,151,210,446,287,827,55
599,375,389,286,194,280,437,645,943,55
435,295,230,175,130,175,396,338,873,55
562,415,208,154,119,169,376,343,826,55
481,355,199,156,120,158,366,356,823,55
638,461,243,187,149,197,400,336,820,55
646,445,266,205,141,199,406,322,831,55
217,142,255,191,133,190,323,454,877,55
313,218,185,155,118,147,361,330,821,55
586,315,481,374,217,297,469,571,916,55
521,333,130,98,66,95,330,641,875,55
409,272,232,169,119,171,393,323,861,55
518,350,261,205,145,196,405,437,892,55
270,185,176,145,110,134,343,321,817,56
560,325,384,271,167,250,432,558,949,56
204,150,249,196,131,177,353,350,780,56
663,454,390,259,167,273,442,501,919,56
393,257,237,189,132,173,388,361,866,56
307,224,260,197,147,200,327,605,922,56
610,377,388,285,198,272,406,657,918,56
296,203,226,175,130,179,392,334,883,56
642,429,246,197,140,181,411,340,842,56
460,343,292,225,175,232,472,447,904,56
534,312,386,278,173,261,436,510,893,57
584,397,299,241,159,211,389,561,889,57
711,420,278,221,138,188,452,548,945,57
592,355,412,308,195,280,458,658,938,57
424,330,170,146,114,137,380,334,882,57
608,452,283,188,150,239,376,333,802,57
588,439,195,142,113,160,376,330,847,57
514,342,272,205,152,205,395,357,917,57
354,274,183,139,113,153,366,328,862,57
591,350,357,277,166,226,416,649,902,57
507,315,388,295,218,305,517,514,878,57
665,377,364,271,171,244,432,655,916,58
364,226,302,251,159,204,365,585,814,58
706,459,324,238,177,257,416,386,857,58
592,416,226,159,123,180,376,331,775,58
568,377,296,215,148,220,412,365,905,58
352,272,259,196,148,196,371,418,867,58
586,396,363,248,182,280,513,563,948,58
387,243,303,238,148,201,384,544,907,58
614,441,352,236,181,287,435,327,790,59
260,175,224,156,110,163,366,327,828,59
325,229,207,145,108,161,368,349,875,59
284,171,275,217,142,194,360,489,728,59
399,275,278,209,147,207,387,516,919,59
451,339,236,172,133,184,372,323,840,59
380,242,221,146,109,170,438,339,818,59
647,455,243,185,136,187,394,350,827,59
445,284,305,230,161,225,415,500,939,59
426,241,310,250,158,215,437,689,928,59
356,224,271,188,140,210,357,444,808,59
307,223,172,136,104,135,351,342,824,59
551,344,256,201,148,192,424,475,918,59
406,290,185,140,109,148,362,329,897,59
710,448,341,308,206,246,454,360,865,59
386,270,218,177,130,168,404,404,892,60
440,294,201,154,110,148,373,341,841,60
606,336,546,404,220,318,474,801,934,60
552,351,327,251,174,242,433,649,922,60
328,185,335,267,170,226,344,641,881,60
348,249,245,178,135,191,404,325,856,60
676,454,261,210,141,187,432,482,941,61
610,338,513,415,237,301,398,875,860,61
271,190,194,155,114,147,374,345,865,61
234,168,239,177,136,192,426,340,913,61
303,216,296,235,171,232,366,341,815,61
349,229,276,225,156,204,385,460,884,61
374,232,330,255,178,240,330,618,884,61
564,312,406,282,193,294,552,433,889,62
383,287,192,134,105,153,369,333,869,62
329,239,215,171,131,169,375,330,838,62
433,301,463,330,232,342,479,652,900,62
405,299,122,86,67,99,242,637,919,62
373,239,275,234,177,220,498,327,781,62
525,356,238,197,140,177,402,399,901,62
479,361,179,137,108,149,392,231,776,62
337,189,262,198,135,188,349,562,908,62
401,233,316,252,173,232,412,504,872,62
438,325,187,158,126,152,349,324,874,62
469,330,250,195,149,198,380,326,819,62
656,432,313,227,162,236,407,365,750,62
499,365,180,172,138,146,399,336,811,62
642,448,243,187,140,188,426,314,848,62
358,265,199,135,97,150,339,337,867,62
299,190,286,229,154,202,353,569,893,63
340,261,206,149,120,170,343,338,871,63
612,434,346,274,201,259,424,362,770,63
665,432,401,292,204,287,431,469,871,63
400,274,250,183,142,197,376,374,858,63
374,302,190,145,119,155,359,320,850,63
656,420,531,379,227,343,447,711,937,63
602,439,274,205,163,223,384,560,899,63
587,397,283,216,143,198,429,374,883,63
274,173,300,207,137,215,400,558,936,64
324,256,201,154,122,167,353,325,858,64
593,321,273,196,133,191,534,344,831,64
480,301,235,189,128,171,408,344,866,64
275,176,187,143,87,123,359,316,834,64
269,162,319,248,158,216,311,615,907,64
589,412,330,237,169,247,484,451,899,64
572,330,494,399,225,285,418,947,944,64
473,283,367,266,155,234,407,532,900,64
583,404,311,233,175,242,423,382,899,64
531,351,453,358,245,308,461,674,919,64
360,244,383,291,185,261,436,600,938,64
618,431,214,181,132,163,402,338,833,64
704,431,142,112,81,107,370,669,976,65
455,290,224,171,121,164,398,328,821,65
378,251,271,169,116,196,408,335,853,65
705,411,362,287,202,264,517,679,907,65
377,207,351,256,163,236,506,581,861,65
494,321,400,300,229,318,502,682,925,65
401,259,203,162,122,157,428,331,842,65
451,323,171,115,82,132,362,324,858,65
596,370,417,322,192,261,422,603,895,65
362,239,257,210,148,190,302,619,874,66
352,247,353,287,218,264,384,508,884,66
675,401,306,228,153,223,429,503,896,66
608,433,258,198,138,185,420,335,854,66
626,385,297,228,161,220,482,363,837,66
453,321,277,211,152,212,399,384,871,66
685,440,342,292,190,230,423,620,945,66
255,183,240,183,128,180,344,440,869,66
249,179,197,150,114,154,350,331,833,66
279,147,321,256,150,203,384,541,919,67
387,228,289,224,157,213,454,369,858,67
195,148,183,139,106,141,337,341,881,67
597,373,335,265,180,239,415,547,957,67
642,447,298,232,167,226,428,512,937,67
304,238,187,136,105,151,347,311,872,67
413,257,288,220,148,203,379,571,896,67
314,218,270,225,172,211,376,312,854,67
614,312,366,256,145,227,466,598,896,67
470,335,257,202,149,193,382,311,874,68
425,272,276,187,138,209,424,388,853,68
558,388,233,178,132,182,343,317,894,68
588,411,241,212,158,188,395,459,936,68
324,263,184,146,120,155,336,313,845,68
676,387,304,239,158,210,454,551,938,68
438,255,305,250,163,211,416,585,871,68
562,409,195,151,113,150,372,333,832,68
560,325,313,237,151,217,415,457,861,68
597,424,225,165,116,170,394,368,857,69
285,226,169,132,112,144,361,332,793,69
284,203,139,125,95,109,335,327,846,69
470,344,224,163,121,172,474,328,847,69
161,147,173,132,119,155,312,1,232,69
447,306,248,203,153,193,442,402,906,69
288,155,329,250,157,219,372,574,900,69
512,379,320,247,200,266,407,551,860,69
609,386,340,250,175,252,431,599,880,69
451,347,143,100,76,114,308,328,804,69
675,419,376,269,178,268,432,666,907,69
321,271,211,177,153,182,348,319,825,69
696,408,428,327,203,281,440,841,991,69
621,427,293,223,159,221,419,333,813,70
521,253,523,375,154,244,511,734,865,70
549,344,354,273,180,243,381,626,957,70
650,416,316,220,138,215,457,556,870,70
303,229,210,154,117,166,356,328,821,70
508,386,222,168,134,184,381,332,832,70
386,270,204,183,133,151,413,366,856,70
246,187,183,125,98,150,345,313,809,70
605,316,514,410,242,318,465,889,885,71
284,221,134,105,89,117,381,328,853,71
420,321,191,182,148,158,362,309,774,71
536,331,219,172,117,155,399,366,855,71
573,373,288,206,150,222,433,553,950,71
401,242,294,214,139,201,271,668,812,71
492,345,452,326,244,341,492,645,866,72
448,326,201,151,107,150,424,339,847,72
420,259,492,361,209,314,413,940,957,72
537,350,273,207,147,202,376,352,880,72
320,212,276,198,144,206,383,353,803,72
535,371,297,234,168,219,421,363,875,72
512,349,114,84,61,88,290,326,861,72
481,309,388,254,161,260,447,341,851,72
364,289,152,116,91,123,342,327,820,72
440,340,219,163,142,193,409,333,778,72
304,231,208,154,120,165,398,313,834,72
211,131,174,135,98,131,305,321,826,73
292,191,373,290,185,259,394,628,935,73
482,358,253,200,151,196,387,422,840,73
376,248,273,206,132,189,379,594,943,73
577,363,339,267,195,253,425,591,932,73
362,269,220,177,136,173,373,404,846,74
663,438,364,284,200,264,435,440,919,74
522,361,222,157,111,167,396,358,840,74
429,241,412,324,183,264,438,653,913,74
650,406,436,303,194,304,491,576,847,74
606,425,276,196,124,181,463,339,852,74
515,332,318,242,167,233,381,659,749,74
335,202,314,248,147,203,388,533,862,74
603,363,300,223,151,218,410,365,832,75
628,488,444,315,265,381,549,249,757,75
224,139,243,185,127,178,376,338,856,75
541,405,128,108,83,101,345,332,814,75
483,310,117,92,68,90,357,676,908,75
464,345,200,153,121,165,381,330,875,75
521,323,278,201,130,196,388,343,870,75
532,397,286,202,157,227,385,341,872,75
689,480,310,226,161,231,455,430,884,75
453,332,258,199,158,209,409,365,856,76
536,354,266,211,142,190,399,448,871,76
403,214,379,313,175,223,387,646,835,76
657,468,243,201,143,183,439,476,957,76
555,398,325,238,193,274,424,508,946,76
500,361,235,185,145,188,363,340,886,76
661,468,273,225,174,217,401,378,856,76
670,463,227,207,150,170,411,337,835,76
403,239,423,331,206,267,416,555,909,76
570,434,189,158,132,156,375,335,848,76
597,338,452,314,198,302,440,675,915,76
194,138,230,208,154,183,313,1,224,76
523,388,248,195,152,195,390,542,899,77
246,155,280,215,147,198,276,595,875,77
449,288,360,279,191,256,472,640,914,77
425,285,203,155,116,155,489,326,830,77
311,176,348,241,149,228,384,625,863,77
493,327,133,100,74,102,381,687,901,77
540,379,227,187,146,179,408,324,866,77
503,316,366,273,185,259,426,550,996,77
526,330,464,382,236,299,411,866,943,77
393,258,207,168,106,134,348,215,800,77
348,239,277,212,159,221,274,665,853,78
649,416,330,261,187,247,462,342,788,78
566,388,148,120,84,110,359,327,904,78
476,291,264,195,131,195,406,340,866,78
469,343,215,179,133,169,397,370,892,78
343,245,230,174,138,186,365,327,802,78
225,168,174,138,104,138,338,359,856,78
504,354,257,210,152,197,384,321,825,78
202,155,195,157,113,145,369,317,901,78
484,299,285,219,149,208,412,525,902,78
305,201,198,156,107,141,402,324,878,79
589,365,500,409,244,302,420,978,945,79
605,440,304,229,171,236,391,322,839,79
531,281,470,337,206,313,557,602,898,79
647,473,324,231,178,261,402,342,892,79
716,480,250,207,148,186,399,338,730,79
229,208,209,144,137,197,453,63,615,79
381,258,186,138,104,147,367,376,847,79
376,270,165,122,95,132,330,328,810,80
372,268,227,179,114,156,401,337,832,80
285,209,290,218,163,221,372,478,905,80
687,430,312,258,161,206,430,616,888,80
248,191,142,92,69,112,439,350,829,80
459,339,201,149,113,156,367,323,829,80
495,326,252,184,131,185,409,409,919,80
605,406,265,203,140,193,414,436,843,81
627,410,278,217,160,210,447,396,904,81
508,328,237,186,134,178,380,332,825,81
416,262,258,199,131,184,397,543,923,81
504,299,270,199,137,191,404,493,908,81
578,359,309,243,159,209,385,659,881,81
419,307,296,245,193,236,417,396,899,81
553,386,298,230,179,238,398,361,821,81
719,470,122,93,65,88,320,670,983,81
339,280,185,159,129,151,387,323,816,81
468,265,412,313,201,281,449,638,905,81
303,210,312,236,170,230,364,545,929,81
436,237,422,305,169,260,453,630,881,81
420,263,256,169,122,194,404,377,886,82
478,277,398,283,176,272,474,585,816,82
449,359,222,170,137,183,382,321,824,82
386,240,358,278,185,250,423,651,895,82
547,359,330,246,178,247,428,499,964,82
427,376,167,111,101,150,375,1,213,82
520,344,228,187,139,175,418,357,862,82
487,235,340,270,153,202,406,633,875,82
379,218,240,179,110,152,412,570,866,82
445,268,366,289,196,252,407,655,896,82
580,419,259,234,175,195,384,323,869,83
629,416,210,168,109,147,416,506,923,83
215,153,187,140,109,151,332,328,855,83
457,282,351,252,168,250,379,648,893,83
320,221,248,195,148,191,367,322,788,83
672,494,302,218,171,247,415,453,876,83
317,203,245,194,130,173,367,424,874,83
556,379,279,217,157,209,420,336,858,83
563,432,255,209,168,210,412,317,781,83
482,254,412,290,176,260,458,578,898,84
342,239,272,190,140,214,402,331,881,84
431,273,175,124,90,132,411,337,838,84
368,278,251,198,154,202,380,325,830,84
252,178,211,171,132,168,351,362,816,84
508,328,267,206,140,194,465,375,839,84
569,401,108,90,69,85,368,332,903,84
542,397,183,148,115,146,355,333,872,84
390,291,120,99,72,94,348,319,882,84
328,263,142,103,94,130,403,118,799,84
400,247,382,307,190,250,394,670,894,84
555,386,165,129,88,117,368,330,886,85
694,414,279,209,137,198,419,514,869,85
491,341,222,159,115,168,346,320,836,85
487,374,160,125,102,132,342,335,844,85
302,213,151,116,86,119,358,360,890,85
667,442,323,244,170,235,407,311,822,85
411,319,162,118,95,132,355,220,825,85
423,283,223,161,119,171,386,341,842,85
529,387,299,213,165,238,376,411,875,85
474,329,281,214,165,226,464,347,867,85
311,240,239,190,156,197,308,391,825,85
690,420,362,281,158,217,408,645,860,86
663,478,209,172,130,162,402,345,817,86
630,403,360,271,178,262,436,571,849,86
511,280,433,330,194,274,417,665,892,86
307,205,251,186,135,190,394,342,860,86
588,360,312,252,175,233,435,513,880,86
449,310,258,223,156,189,366,498,917,86
610,399,300,238,157,209,409,585,948,86
484,349,170,132,101,134,337,331,803,86
363,209,312,253,159,213,396,520,947,86
672,465,245,202,142,182,396,413,860,86
393,277,242,167,133,194,386,347,869,86
594,396,290,223,157,213,397,376,828,86
548,358,355,243,168,268,429,464,872,86
511,351,238,185,128,170,393,347,813,86
568,399,258,193,145,206,384,406,891,86
459,329,236,179,133,186,394,349,728,87
619,458,294,227,183,239,472,343,832,87
553,399,265,209,161,214,411,454,898,87
688,437,394,298,198,278,444,460,886,87
533,367,272,220,158,199,375,422,910,87
327,181,296,226,154,209,478,490,879,87
562,391,188,144,100,139,368,340,841,88
415,301,191,138,102,147,427,250,782,88
300,209,214,147,110,170,376,324,848,88
284,200,221,166,125,173,363,310,767,88
675,434,285,229,160,207,443,460,890,88
230,158,237,170,125,181,310,478,879,88
485,333,223,170,127,173,355,330,851,88
445,314,284,214,165,223,399,337,859,88
388,243,259,179,120,181,394,324,803,88
535,308,398,305,189,258,406,725,933,88
388,288,163,147,112,123,399,318,840,89
301,198,324,253,172,234,372,677,907,89
450,247,408,309,177,259,377,652,891,89
571,344,352,261,164,232,426,565,873,89
351,225,248,186,129,177,376,325,836,89
651,360,325,249,160,225,401,661,880,89
603,439,216,179,144,177,407,372,710,89
446,289,274,195,134,196,439,373,873,89
417,300,266,207,155,205,364,482,900,89
601,374,298,237,152,200,405,595,897,89
401,301,267,196,153,213,365,305,846,89
503,391,150,131,110,126,358,305,856,90
192,178,88,68,66,84,311,1,227,90
494,352,220,176,136,166,381,317,842,90
258,194,194,150,115,154,332,326,839,90
324,222,235,179,135,185,351,316,816,90
237,155,293,226,156,209,347,448,886,90
457,303,198,148,103,147,453,325,897,90
390,286,155,125,91,118,346,316,861,90
607,392,394,303,206,279,441,592,906,90
411,286,234,172,123,172,406,546,958,90
513,336,290,217,150,213,415,362,809,90
484,288,319,255,142,197,290,1009,925,91
559,382,251,190,131,184,417,479,924,91
362,219,126,101,65,85,295,661,993,91
305,239,252,178,148,212,352,325,816,91
368,243,319,264,176,227,433,560,889,91
563,384,156,125,86,112,357,326,834,91
692,459,243,192,141,184,418,434,904,91
548,324,401,292,187,280,499,397,899,91
443,265,383,282,171,257,400,658,897,91
438,312,186,155,118,148,365,334,802,91
479,338,214,176,130,161,383,327,865,91
471,286,247,217,144,175,402,368,890,91
397,286,161,118,88,128,330,321,791,91
443,311,239,171,127,186,439,330,727,91
464,270,408,316,187,256,508,651,877,91
547,376,264,200,147,201,466,486,907,91
433,306,243,187,136,184,369,313,854,91
660,418,444,331,239,332,507,611,893,92
628,396,278,220,144,193,421,344,848,92
395,282,341,269,203,263,392,426,867,92
363,253,209,153,112,161,432,329,816,92
502,357,188,149,110,145,365,331,877,92
412,285,204,161,125,161,410,344,854,92
662,411,313,274,195,228,429,521,895,92
413,312,188,153,122,153,365,332,833,92
374,201,290,220,136,187,408,399,812,92
211,147,205,147,111,161,357,327,870,92
714,479,470,330,236,354,443,874,724,92
513,331,261,197,135,193,382,508,925,92
535,384,229,187,144,179,405,362,844,93
564,279,426,296,177,281,508,672,780,93
247,186,203,152,118,162,325,467,865,93
400,298,189,137,105,148,378,330,842,93
454,332,180,141,104,140,383,310,832,93
593,351,359,280,176,242,475,662,936,93
328,195,358,275,174,245,406,689,918,93
517,317,332,259,173,232,429,648,932,93
493,333,292,236,170,220,370,635,876,93
418,323,202,148,121,168,375,328,854,93
378,255,254,177,126,192,379,314,859,93
484,364,232,157,121,183,404,332,857,93
704,432,374,285,188,265,446,565,893,93
395,277,211,153,116,165,366,320,852,94
608,426,435,336,254,345,451,524,880,94
223,145,275,216,137,185,264,590,875,94
495,311,303,236,162,226,393,324,822,94
546,323,192,129,77,127,402,663,778,94
436,299,303,220,154,223,395,455,905,94
437,295,118,87,57,84,235,651,959,94
274,189,240,182,126,178,312,442,877,94
366,207,332,245,151,222,417,597,921,94
594,454,200,158,121,158,398,328,853,94
510,333,228,169,126,173,401,341,851,95
556,395,235,193,151,181,385,332,827,95
421,268,288,229,172,221,405,449,850,95
624,441,207,164,124,157,381,340,849,95
670,379,492,367,238,346,439,665,915,95
552,391,121,95,69,93,368,328,811,95
399,240,342,256,167,238,419,640,864,95
585,382,253,180,123,183,363,485,898,95
466,337,235,197,148,182,448,337,844,95
416,269,259,188,125,186,377,315,845,96
179,136,160,117,93,132,295,322,834,96
485,295,346,262,180,250,434,590,937,96
447,260,351,246,159,243,438,645,942,96
512,399,186,148,114,151,356,315,825,96
278,211,162,111,87,132,327,326,840,96
383,279,298,231,177,238,407,380,865,97
208,147,207,172,127,160,334,319,842,97
493,334,181,131,103,146,462,344,785,97
318,251,173,132,110,146,374,342,862,97
602,416,272,185,133,211,395,474,898,97
455,338,199,176,139,163,389,318,876,97
462,346,243,173,140,205,461,336,896,97
538,390,152,115,89,120,343,277,850,97
284,212,220,172,134,175,344,310,802,97
392,304,180,137,109,146,387,217,897,97
344,198,216,159,102,149,364,339,846,97
361,250,170,133,97,129,353,315,755,97
185,138,154,129,98,122,275,323,854,97
368,247,230,170,139,192,455,351,734,97
535,397,234,201,142,174,387,315,886,98
565,406,199,138,106,159,364,329,852,98
518,346,388,301,209,287,453,613,873,98
415,262,215,168,127,165,441,323,816,98
467,275,322,250,160,219,409,441,866,98
485,351,222,166,125,172,447,323,871,98
376,274,205,146,106,154,385,326,908,98
499,358,253,205,133,179,382,323,867,98
490,304,388,283,184,267,432,658,888,98
337,228,255,184,135,198,445,30,715,98
408,195,442,346,191,264,440,648,917,99
614,450,218,173,133,175,373,343,867,99
424,299,202,161,117,153,362,295,842,99
457,295,297,205,150,232,401,424,898,99
292,220,111,103,83,91,308,309,874,99
687,442,366,299,202,264,423,641,889,99
384,258,271,206,139,193,383,601,923,99
362,203,254,204,136,181,406,586,938,99
603,403,432,352,256,325,460,513,891,99
233,158,205,164,114,151,306,468,929,100
261,185,178,135,107,146,347,320,810,100
663,418,284,202,137,206,403,391,811,100
621,421,338,266,187,247,439,467,876,100
660,401,340,264,180,242,435,469,841,100
631,370,313,255,171,227,420,567,941,100
458,347,241,186,143,194,379,320,734,100
483,316,326,228,155,238,413,464,887,100
303,230,202,152,121,163,342,324,848,100
480,371,166,127,101,135,349,323,824,101
392,280,307,211,155,230,371,448,917,101
676,424,385,284,179,251,451,616,894,101
327,222,317,271,174,224,334,607,947,101
418,350,122,89,79,108,459,132,745,101
432,345,249,194,154,203,350,318,847,101
525,356,270,212,161,211,446,336,844,102
467,331,254,196,148,200,384,370,818,102
417,268,250,198,141,185,382,355,852,102
550,294,404,279,161,254,454,669,927,102
333,196,288,226,143,205,380,437,868,102
407,270,302,239,173,221,320,646,875,102
404,216,348,271,158,222,367,645,857,102
480,298,284,228,151,197,414,561,932,102
590,344,423,311,194,287,490,668,905,103
387,281,145,100,80,119,343,329,850,103
413,333,155,117,96,132,329,325,861,103
352,215,334,272,180,236,354,621,888,103
593,392,355,287,212,272,431,665,857,103
287,187,241,192,126,174,395,325,803,103
326,227,274,227,161,205,391,330,822,103
400,250,249,193,130,180,406,326,916,103
312,209,313,239,176,237,480,329,793,104
326,234,275,199,129,194,306,566,853,104
378,275,230,174,135,183,362,322,823,104
341,232,247,193,136,178,377,487,876,104
255,177,218,168,122,166,338,347,764,104
733,440,547,405,181,278,553,737,924,104
343,235,256,190,144,199,360,325,851,104
200,152,173,127,99,138,313,333,826,104
489,371,300,239,198,252,391,313,861,104
582,398,245,195,145,185,397,393,880,104
571,344,366,263,177,257,444,537,908,104
362,285,203,157,125,165,338,314,862,104
485,283,341,275,193,250,458,553,874,105
438,289,407,316,232,312,431,637,820,105
227,162,181,134,101,141,387,378,871,105
385,265,295,210,146,218,380,421,883,105
337,264,172,140,112,135,321,315,832,105
392,233,313,227,147,219,364,635,851,105
499,318,364,287,178,236,385,654,953,105
304,207,213,163,117,163,351,328,846,105
494,333,223,179,134,171,455,330,832,105
728,441,443,308,152,227,531,559,904,105
563,383,292,215,148,218,387,332,812,105
464,326,202,156,118,158,375,333,871,105
385,229,283,207,148,210,452,492,930,105
531,366,217,160,116,170,404,512,882,106
434,291,185,144,106,138,421,327,846,106
399,305,197,130,95,156,350,330,845,106
432,296,254,186,142,198,364,444,875,106
253,182,173,119,89,133,347,427,896,106
496,298,378,258,163,249,412,565,926,106
210,174,209,152,124,172,309,316,849,106
544,315,341,262,175,246,434,606,931,106
507,375,231,157,126,192,377,330,872,106
279,184,119,92,63,88,313,329,851,107
502,391,250,197,154,196,428,329,873,107
523,373,221,191,143,166,392,380,875,107
348,254,191,160,120,151,335,320,795,107
650,433,296,223,174,235,501,515,916,107
410,276,324,246,150,211,446,475,888,107
588,411,116,98,72,86,348,340,883,107
613,308,420,312,186,264,440,629,887,107
430,321,251,186,142,200,372,317,795,108
389,255,353,265,179,241,357,660,924,108
259,167,336,249,162,234,358,552,919,108
400,247,331,267,180,241,415,643,925,108
402,266,248,189,140,189,410,402,860,108
420,340,117,87,71,100,338,325,863,108
240,149,265,214,147,192,406,423,877,108
532,397,203,144,114,163,372,335,804,108
247,178,178,153,114,137,270,425,871,108
311,243,169,144,110,134,416,136,703,108
718,489,283,214,147,207,407,468,802,108
340,226,259,216,151,191,383,454,927,108
376,190,428,293,162,259,457,646,876,108
349,213,289,225,142,197,350,582,931,108
479,303,320,260,155,205,404,639,872,108
208,149,194,157,117,151,314,338,847,108
681,456,329,260,182,244,395,501,869,108
506,337,292,226,155,209,398,512,900,109
597,331,511,388,193,276,437,827,901,109
492,332,359,257,182,262,426,540,879,109
354,256,197,154,114,155,374,330,880,109
707,434,413,312,200,282,453,530,902,109
316,189,358,263,182,256,397,465,891,109
467,363,190,146,120,159,410,380,934,109
410,272,143,108,80,109,311,630,872,109
421,274,214,154,116,164,474,337,816,109
475,352,269,214,182,229,479,327,780,110
474,298,387,267,173,270,435,643,925,110
612,318,372,296,190,251,524,565,904,110
613,418,295,230,164,215,423,454,890,110
600,409,290,207,143,216,402,337,849,110
606,416,267,212,160,210,424,322,851,110
723,421,347,297,184,230,444,645,883,110
361,236,355,241,163,254,400,448,854,110
489,264,232,181,130,181,520,294,854,110
565,411,187,146,112,149,376,332,815,110
364,242,208,154,115,161,377,349,805,110
497,361,195,167,125,151,363,337,887,110
588,411,207,156,120,165,411,330,860,110
586,389,292,224,157,214,393,369,890,110
575,391,300,166,179,310,549,422,851,110
491,300,368,280,182,245,383,528,949,110
607,384,134,109,76,100,285,669,985,111
616,320,487,392,189,266,423,640,913,111
728,464,360,286,209,272,431,567,873,111
247,160,191,140,100,143,348,330,844,111
429,321,282,208,169,233,391,394,903,111
594,380,130,94,66,98,422,395,897,111
469,317,201,153,113,152,370,319,788,111
566,420,289,211,163,233,405,316,822,111
569,381,287,220,153,211,405,395,840,111
468,311,279,233,177,218,388,555,818,112
436,314,222,159,115,172,372,327,857,112
724,420,422,303,196,288,443,640,897,112
393,272,249,194,144,192,427,320,839,112
682,433,348,281,187,243,421,350,840,112
415,308,245,196,149,191,360,399,893,112
651,385,306,234,148,209,467,490,787,112
483,316,326,265,189,246,409,512,886,112
566,417,116,92,73,91,318,331,820,113
649,418,247,187,127,179,494,327,862,113
264,199,233,193,147,179,340,351,829,113
414,285,241,191,139,181,365,469,948,113
325,253,213,166,135,180,449,322,845,113
386,303,182,123,99,154,343,326,805,113
525,377,260,219,165,197,399,329,848,113
377,287,168,139,109,140,334,322,842,113
454,289,336,253,165,235,490,323,859,113
509,314,396,309,205,278,450,552,915,113
540,377,183,140,105,144,388,322,850,113
336,242,133,105,84,108,331,331,830,113
581,417,270,208,160,214,404,357,763,114
533,264,483,374,189,269,442,627,896,114
446,239,368,271,152,225,442,615,883,114
403,276,158,130,90,118,380,335,903,114
296,217,235,174,131,182,355,323,852,114
694,475,339,269,197,258,437,608,898,114
326,264,349,250,206,295,473,192,822,114
615,445,141,117,85,107,345,334,944,114
733,464,327,245,169,234,443,559,904,114
501,400,173,121,99,147,328,236,834,114
532,344,240,200,145,182,383,317,857,114
234,165,273,206,146,202,243,646,828,114
406,305,173,137,110,141,341,324,797,114
387,262,281,193,136,204,389,424,915,115
631,455,190,151,113,148,394,333,882,115
474,326,294,206,151,222,416,368,849,115
449,335,228,192,143,173,423,439,866,115
463,311,331,247,185,260,414,516,923,115
603,442,257,188,149,211,417,322,825,115
213,157,158,123,90,119,410,312,878,115
339,249,209,155,124,172,376,342,885,115
382,298,201,153,117,163,338,310,846,115
409,251,288,212,176,243,474,338,689,115
429,268,256,166,114,186,371,318,822,115
465,295,358,268,183,261,476,430,897,115
444,333,176,132,102,142,342,313,896,115
458,311,203,158,118,155,357,320,839,116
423,297,184,134,93,138,364,324,857,116
382,266,231,183,139,188,367,301,833,116
531,436,216,156,128,177,371,327,869,116
367,213,303,238,146,206,367,624,904,116
642,463,202,169,128,159,390,394,906,116
652,437,243,190,125,167,376,652,915,116
626,424,304,224,171,246,408,479,949,116
676,451,295,236,159,217,442,352,863,117
173,151,130,100,83,110,327,1,235,117
329,240,231,172,134,185,464,325,829,117
297,208,191,132,101,152,339,332,864,117
629,361,406,286,168,260,526,491,877,117
587,310,368,263,161,239,435,641,937,117
671,395,431,322,188,274,355,873,917,118
205,156,171,162,133,141,498,2,409,118
430,304,176,145,107,131,326,225,806,118
542,381,250,191,143,192,421,324,859,118
497,296,252,203,133,176,426,463,916,118
499,359,224,164,125,180,369,329,843,118
395,224,358,264,167,240,430,586,891,118
472,346,202,152,123,165,377,327,840,118
541,359,262,169,112,186,402,326,854,118
328,213,228,171,125,171,392,336,824,118
441,274,293,228,158,211,412,424,904,119
375,232,269,200,134,190,361,466,928,119
329,196,262,200,136,184,404,386,883,119
425,311,181,129,104,146,393,321,878,119
443,266,343,252,174,253,402,640,812,119
379,291,193,155,123,162,329,307,799,119
634,464,255,176,128,196,395,342,763,119
241,156,272,209,139,190,321,511,876,119
395,294,142,117,91,113,344,323,833,120
488,341,172,145,106,130,376,329,814,120
346,264,242,197,150,184,344,358,844,120
293,208,300,242,178,228,415,385,865,120
274,175,197,145,104,149,376,353,884,120
700,454,286,188,126,206,416,379,892,120
566,399,266,198,149,212,415,474,912,120
629,471,289,225,170,229,414,318,823,120
238,168,143,101,74,107,382,316,792,120
263,205,190,157,124,152,308,324,826,121
369,270,179,142,109,141,366,335,884,121
642,373,574,421,235,342,439,1023,936,121
380,247,232,184,125,165,386,355,862,121
405,318,168,131,107,139,358,325,782,121
715,485,293,216,152,219,399,425,847,121
429,282,294,237,163,209,363,493,922,121
502,354,153,118,88,119,373,333,847,121
368,269,200,147,112,159,367,320,837,121
475,323,278,198,152,216,465,326,836,121
345,206,292,211,149,216,392,460,921,122
522,328,265,183,123,194,411,415,787,122
448,251,396,282,170,262,450,627,739,122
443,317,283,224,157,207,375,504,894,122
719,437,458,346,213,299,512,619,890,122
673,456,323,238,162,234,428,496,958,122
391,278,240,188,129,178,336,487,694,122
419,239,371,290,183,247,364,661,874,122
452,345,216,159,126,174,356,321,877,122
611,426,181,130,86,129,392,505,905,122
423,325,215,174,144,179,352,311,847,122
295,256,108,82,74,98,302,111,796,122
668,411,422,303,203,305,465,615,924,122
512,264,162,138,86,107,433,635,930,123
402,270,237,193,130,167,373,500,893,123
268,200,267,203,161,219,366,349,878,123
337,240,192,134,94,143,350,373,956,123
603,386,329,254,182,246,425,518,909,123
233,181,202,155,119,159,347,323,817,123
412,326,187,169,136,151,349,316,691,123
419,237,314,221,142,210,497,323,837,123
625,404,408,292,205,306,472,526,816,123
357,218,321,255,164,225,360,627,925,123
413,297,207,160,136,180,499,329,861,123
483,271,373,290,175,246,455,672,882,124
344,200,339,271,167,224,395,631,949,124
610,420,312,231,167,236,401,422,913,124
625,455,232,168,125,182,398,379,858,124
461,271,345,284,194,248,482,500,938,125
241,178,271,226,189,226,479,4,634,125
331,252,234,187,145,183,361,307,839,125
608,387,309,243,169,224,407,349,917,125
733,396,405,304,185,262,520,507,920,125
336,267,179,124,99,150,318,317,820,125
278,221,166,136,109,137,323,312,857,126
663,389,385,305,209,272,461,506,935,126
548,328,356,277,181,242,457,650,850,126
417,271,394,261,171,282,422,579,955,126
404,278,321,215,157,235,432,421,895,126
479,345,249,189,147,201,367,373,843,126
511,286,440,334,219,301,472,585,924,127
299,215,227,170,125,176,352,310,840,127
556,398,209,164,125,165,401,318,873,127
493,287,257,188,135,196,473,317,802,127
387,288,247,180,149,209,473,392,815,127
212,147,249,205,140,180,272,503,898,128
234,164,266,190,135,200,285,462,813,128
189,147,259,207,161,205,339,308,806,128
391,277,217,164,118,159,337,327,821,128
639,477,341,266,211,279,436,367,860,128
305,208,245,187,140,189,352,335,862,128
387,293,163,127,106,136,365,338,832,128
373,187,219,176,129,160,465,297,843,128
531,378,241,174,145,204,433,191,807,129
685,414,352,287,181,233,433,546,913,129
329,262,206,166,124,160,336,418,894,129
305,196,200,163,116,149,338,335,785,129
506,352,204,151,109,156,365,336,829,129
606,340,387,270,167,259,452,646,913,130
442,335,236,176,135,186,369,325,859,130
531,389,224,171,128,172,377,404,907,130
377,250,352,285,196,254,396,632,849,130
349,271,264,188,148,212,358,328,854,130
379,291,144,108,88,121,333,318,789,130
331,217,290,216,148,207,389,421,865,130
670,389,356,264,160,233,443,597,974,130
431,271,272,199,146,204,389,543,934,130
374,249,358,272,200,270,407,639,871,131
323,217,358,270,186,264,344,654,832,131
442,329,251,186,144,200,391,351,735,131
227,170,225,171,123,171,370,358,879,131
637,441,219,169,122,167,391,328,813,131
403,253,260,213,156,196,413,446,940,131
393,253,222,188,130,163,388,387,861,131
520,320,342,266,176,244,400,596,856,131
492,308,307,238,165,219,483,530,928,132
382,278,215,176,139,171,352,329,865,132
403,282,115,90,68,90,299,588,903,132
517,380,254,194,151,204,411,365,853,132
625,335,510,372,206,297,464,757,927,132
453,283,255,186,126,182,373,350,907,132
488,302,191,152,100,133,358,316,814,132
394,295,191,143,118,157,379,322,848,132
472,276,350,254,171,249,423,558,938,132
232,158,233,174,123,173,357,352,841,132
648,394,280,196,137,205,477,351,846,133
723,470,269,245,164,196,414,320,829,133
544,342,277,213,149,208,412,370,892,133
482,327,138,105,68,97,405,371,950,133
478,335,243,183,131,178,395,316,739,133
667,398,347,262,162,233,470,638,869,133
413,242,292,207,129,205,384,595,903,133
699,431,230,174,115,161,441,516,925,133
420,271,274,235,152,186,300,593,905,133
545,353,296,219,145,211,360,552,959,133
525,346,338,249,187,257,406,428,923,134
393,299,249,190,145,197,378,314,865,134
501,363,202,141,100,149,372,331,807,134
536,365,225,173,123,166,383,485,906,134
249,160,273,200,134,195,307,566,939,134
586,430,190,166,129,147,369,324,873,134
388,258,206,171,129,159,398,324,852,134
361,220,118,95,62,85,378,352,834,134
606,410,243,192,132,176,400,329,892,134
548,323,243,183,105,140,392,316,891,134
260,188,176,145,105,133,321,323,824,135
518,342,380,298,206,284,422,544,820,135
555,339,332,256,171,232,508,387,882,135
595,408,243,178,127,182,400,326,795,135
245,172,141,109,80,107,305,298,828,135
366,250,217,161,112,162,378,326,849,135
362,276,231,186,144,184,361,320,817,135
432,218,457,326,186,283,533,572,870,135
416,258,262,195,137,193,393,333,897,135
612,457,201,151,118,160,370,335,850,136
485,351,284,191,145,223,442,361,822,136
322,230,254,197,135,181,330,296,736,136
414,319,229,175,132,179,354,340,825,136
559,383,312,219,158,232,379,446,825,136
353,224,125,88,59,87,439,358,835,136
353,266,166,134,106,131,333,322,758,136
681,469,273,218,152,202,427,414,850,137
537,365,265,213,152,195,399,333,738,137
595,433,212,168,135,175,397,334,847,137
367,252,223,176,125,164,339,319,891,137
490,306,328,256,157,214,469,603,916,137
669,454,217,190,135,160,414,339,879,137
503,347,319,248,169,229,487,324,817,137
644,447,260,200,150,198,407,483,929,138
358,262,252,190,142,197,359,432,861,138
415,282,267,214,156,198,378,458,892,138
351,213,307,232,157,219,409,414,896,138
448,311,164,145,106,126,370,312,613,138
291,245,114,84,75,102,366,133,858,138
502,327,279,211,150,207,485,328,795,138
654,443,291,220,159,219,411,313,902,138
491,360,182,121,100,152,496,1,200,138
544,413,214,167,139,180,362,323,823,138
405,282,225,179,135,173,379,327,847,138
475,315,258,203,129,180,370,498,923,138
363,208,298,262,174,210,480,320,832,138
514,410,206,144,115,173,366,315,832,138
411,302,238,179,153,204,487,336,841,139
474,351,305,211,166,248,441,461,892,139
395,266,201,154,111,155,379,354,830,139
424,288,230,175,124,173,361,315,830,139
512,367,192,132,94,144,383,322,872,139
475,331,230,182,138,176,462,386,895,139
373,200,165,108,69,109,459,560,877,139
576,354,286,214,144,205,416,496,889,139
548,350,225,165,113,163,375,328,899,140
399,312,185,135,108,152,375,234,871,140
285,213,222,183,139,177,371,327,869,140
622,348,434,307,188,289,459,629,837,140
613,400,218,179,126,159,450,318,849,140
479,303,263,210,153,199,444,329,819,140
695,449,219,175,113,152,389,489,938,140
541,406,121,106,89,101,322,312,879,140
338,213,139,107,70,99,213,663,951,140
462,308,405,269,174,282,421,422,910,140
483,300,336,265,187,252,428,581,923,140
492,288,333,266,170,232,422,654,901,140
482,276,415,314,195,280,459,694,948,141
391,246,229,172,114,161,402,362,834,141
461,334,232,162,123,186,366,327,833,141
622,452,259,189,137,196,402,343,838,141
465,285,319,235,162,232,421,516,902,141
558,392,256,173,120,189,367,416,797,141
259,202,163,120,93,132,334,355,814,142
273,188,223,168,142,187,388,362,831,142
605,462,134,108,89,111,371,329,873,142
372,290,181,142,112,147,354,324,810,142
403,264,340,242,173,254,468,460,909,142
477,249,299,233,139,194,421,618,915,142
533,347,281,193,135,209,405,520,827,142
392,292,212,161,123,167,382,509,907,142
689,433,334,247,163,231,432,508,903,142
721,480,250,196,145,191,422,347,926,142
422,285,264,190,138,196,398,388,876,142
361,261,182,159,125,147,350,332,938,143
415,263,405,297,199,285,333,738,749,143
314,225,227,179,116,161,394,314,817,143
263,180,264,192,135,198,366,432,881,143
509,313,281,220,134,183,419,362,896,143
568,383,362,281,201,271,413,521,773,143
548,376,226,160,108,165,388,332,851,143
685,395,564,415,254,358,460,969,919,143
221,158,250,205,148,186,371,368,894,144
718,414,500,366,217,309,469,989,915,144
373,240,294,217,148,208,384,636,910,144
703,410,359,283,167,226,486,630,949,144
427,350,284,204,175,242,434,138,666,144
710,486,478,353,226,322,534,540,906,144
386,276,240,170,131,198,374,337,862,145
416,240,262,189,117,175,379,465,884,145
567,395,215,168,130,170,406,340,835,145
296,179,299,235,151,203,350,669,878,145
260,158,225,178,101,143,403,132,629,145
430,321,243,189,145,194,343,464,863,145
606,404,260,193,131,188,417,326,842,145
251,194,147,122,97,118,298,314,804,146
676,397,342,270,171,232,425,659,843,146
521,402,174,132,110,146,370,315,877,146
409,308,206,165,128,166,366,314,856,146
653,398,464,362,240,320,472,663,860,146
277,170,324,251,148,211,375,578,968,147
455,328,253,210,165,202,442,319,826,147
452,301,238,193,132,173,385,308,796,147
341,239,214,162,128,172,453,322,858,147
402,304,211,161,128,172,382,316,835,147
452,354,197,165,126,158,372,320,845,147
485,304,396,312,206,278,460,650,885,147
552,428,186,136,108,149,389,323,877,147
532,390,226,157,194,256,513,173,766,147
524,356,330,248,166,235,419,321,815,147
432,253,349,255,162,232,411,447,914,147
323,177,219,172,128,168,461,321,781,147
181,135,189,150,113,144,282,306,829,147
423,271,345,282,191,240,412,527,946,147
509,303,371,284,191,281,425,545,913,148
451,308,233,187,132,167,370,304,840,148
475,284,231,164,113,168,422,321,828,148
296,201,258,187,134,197,407,459,909,148
343,260,199,154,120,158,335,319,804,148
493,312,143,103,68,103,339,693,993,148
581,451,236,206,165,194,404,359,843,148
363,239,290,222,166,223,389,411,873,149
274,159,272,213,148,199,417,468,959,149
605,415,281,249,178,207,406,379,870,149
383,251,189,141,100,141,348,319,914,149
515,396,258,191,167,229,442,337,806,149
567,403,275,214,157,210,416,336,731,149
281,195,167,143,111,131,332,317,869,149
257,184,208,163,110,150,364,341,917,149
703,463,342,274,196,258,419,515,894,150
507,374,187,166,125,147,379,327,916,150
542,379,212,160,118,165,441,322,838,150
216,169,219,179,143,178,335,332,847,150
413,317,129,100,76,104,304,314,876,151
440,317,297,206,156,235,476,322,817,151
429,297,283,201,146,219,404,520,952,151
515,327,441,330,187,286,429,693,913,151
533,397,211,144,116,174,428,331,899,151
577,417,245,199,129,162,517,321,867,151
429,321,295,227,179,237,474,324,850,151
423,303,263,195,153,214,401,396,911,152
402,265,239,160,110,177,447,329,817,152
444,269,340,255,171,243,425,508,905,152
451,318,305,251,194,239,394,423,907,152
392,253,242,207,148,177,374,326,871,152
615,440,179,130,93,136,357,322,805,152
419,291,334,265,194,254,375,447,854,152
294,244,197,154,125,163,341,321,859,152
587,431,332,257,168,227,421,465,888,152
646,399,302,227,179,243,520,344,801,152
478,327,423,295,219,325,497,329,798,152
385,301,183,129,101,150,376,334,851,152
488,379,181,146,120,151,359,319,801,153
192,181,108,80,76,103,309,1,216,153
558,359,300,224,175,240,454,347,960,153
307,206,225,178,130,172,379,309,875,153
270,187,200,134,92,143,360,332,781,153
623,417,313,215,148,228,468,464,816,153
249,206,224,150,128,195,451,312,880,153
322,249,251,167,137,210,382,326,803,153
470,299,422,335,216,285,267,952,910,153
437,321,172,137,109,141,357,343,878,153
516,278,253,174,102,169,377,639,942,153
307,244,153,135,108,122,323,309,888,154
636,356,370,298,198,253,442,681,881,154
509,290,128,100,64,86,312,680,983,154
610,371,450,327,194,291,429,654,907,154
559,368,205,147,102,151,382,346,893,154
483,301,129,107,65,82,217,637,960,154
211,147,208,158,113,153,331,316,828,154
569,378,364,245,168,268,421,580,926,155
462,322,201,141,102,155,379,330,831,155
344,254,123,89,72,102,387,64,766,155
444,328,243,181,131,184,342,317,816,156
349,202,354,275,152,222,378,625,862,156
456,352,187,142,111,149,337,323,902,156
296,218,267,202,147,204,329,495,846,156
640,402,300,232,158,212,401,364,869,156
451,328,210,176,135,167,397,335,647,156
375,261,269,220,171,212,389,337,840,156
493,322,276,218,153,203,358,563,906,156
435,241,333,277,169,220,424,466,829,157
339,191,236,163,100,159,412,381,876,157
454,324,283,190,142,224,370,338,875,157
363,254,179,131,100,139,330,324,890,157
364,250,283,199,148,221,394,319,745,157
322,238,245,192,137,183,363,316,814,157
368,244,232,184,133,173,375,480,918,157
369,242,346,256,169,245,421,409,759,157
328,233,307,220,134,184,522,185,737,157
329,157,226,149,78,127,327,688,951,157
679,437,548,410,257,367,509,664,915,157
443,293,298,222,160,224,393,543,737,157
696,478,289,217,161,223,446,530,987,158
603,400,130,94,63,92,326,612,879,158
349,233,246,175,127,188,460,323,816,158
447,300,246,191,135,186,381,386,885,158
560,367,249,164,109,177,395,321,874,158
356,318,109,78,70,97,348,1,223,158
314,175,223,158,97,150,401,398,794,158
719,449,314,227,146,213,410,557,900,158
391,309,119,86,73,102,320,324,864,158
213,163,175,133,105,141,314,315,809,158
238,179,257,163,121,201,339,311,820,159
211,151,236,171,117,169,329,453,897,159
657,461,239,191,138,180,385,325,826,159
278,192,270,203,146,205,394,412,846,159
598,437,192,130,96,148,376,319,872,159
311,237,195,149,113,155,343,332,817,159
501,346,274,208,158,211,399,576,938,159
293,188,315,250,187,240,350,550,900,159
336,200,209,158,120,156,458,328,820,159
584,413,392,286,202,284,542,487,816,159
533,392,193,170,138,156,394,398,866,160
604,448,154,111,88,123,364,339,878,160
185,130,183,139,105,140,329,317,872,160
394,290,215,161,127,176,366,328,829,160
329,265,111,83,64,90,364,233,845,160
616,358,395,311,209,282,439,579,878,160
623,453,342,245,188,276,417,338,732,160
461,303,276,216,165,220,414,463,905,160
252,213,161,126,111,142,325,201,804,160
398,270,249,194,139,189,379,345,853,161
455,343,187,147,117,152,372,317,729,161
434,308,222,168,110,155,457,316,856,161
600,434,237,203,161,185,407,332,850,161
323,217,191,159,119,142,397,330,825,161
412,246,368,267,183,271,498,3,168,161
451,292,228,182,128,172,388,366,908,161
467,363,262,197,157,211,451,321,848,161
662,446,280,224,158,210,459,327,804,161
628,419,384,290,204,279,404,645,897,162
628,438,329,252,196,267,458,534,961,162
559,436,225,168,140,194,384,326,889,162
521,355,263,200,145,201,414,527,928,162
567,337,354,286,203,258,491,541,979,162
594,402,242,203,146,186,412,324,862,162
344,270,203,167,124,157,354,311,868,162
510,391,204,169,139,170,377,436,893,162
270,188,184,133,92,135,324,324,858,162
410,255,266,202,139,191,374,412,903,163
424,307,248,179,139,201,347,370,858,163
355,264,230,167,130,188,382,324,846,163
551,339,304,218,146,219,425,389,858,163
625,377,291,201,128,196,423,448,889,163
448,296,308,222,158,229,406,323,850,163
279,188,242,185,130,179,349,411,877,163
334,207,266,216,138,184,362,490,911,163
513,319,344,251,177,256,482,391,867,163
446,332,194,148,111,150,333,320,836,163
369,266,168,131,102,136,327,326,842,163
504,375,261,218,174,219,392,332,871,163
628,403,259,198,137,187,407,490,838,163
632,437,312,238,175,239,441,397,875,163
622,454,208,175,134,164,386,331,841,164
407,257,380,311,191,257,692,0,132,164
493,281,294,220,145,202,422,634,886,164
380,294,201,162,131,166,368,324,857,164
547,321,354,252,151,226,470,642,898,164
531,351,236,177,124,175,401,328,784,164
350,271,180,130,107,150,369,306,818,164
322,198,280,195,129,201,447,344,856,164
285,207,183,141,96,134,318,322,801,164
538,353,324,270,178,228,390,636,912,164
272,240,183,139,118,158,399,324,839,164
486,389,201,137,108,162,381,318,868,165
334,247,180,138,94,132,360,324,845,165
353,235,252,190,138,190,375,493,937,165
298,236,199,160,130,162,354,322,808,165
485,331,208,146,101,154,351,325,826,165
381,245,254,194,129,178,453,346,859,165
515,352,223,172,122,163,404,330,872,165
369,239,263,202,138,189,395,306,841,165
443,271,299,240,160,208,405,674,922,166
649,388,333,293,178,209,501,520,917,166
518,370,208,163,118,161,381,305,853,166
438,320,238,178,137,193,396,426,918,166
295,176,346,289,176,222,353,634,869,166
393,299,170,106,82,137,338,319,879,166
593,411,226,182,139,177,384,427,938,166
486,336,233,170,120,172,369,349,897,167
357,225,202,146,97,144,386,314,817,167
639,368,379,302,206,271,409,575,955,167
556,430,261,187,149,214,402,330,838,167
230,159,216,172,134,170,368,324,844,167
442,316,184,145,107,144,366,321,840,167
672,397,395,314,209,271,449,633,886,167
634,431,371,284,206,285,427,442,883,167
466,331,252,204,152,196,369,385,873,167
556,354,309,217,137,213,470,395,910,167
372,198,392,297,178,259,365,629,864,167
482,293,338,242,152,229,419,609,923,167
307,203,259,223,162,200,385,397,873,167
397,285,250,170,127,198,383,318,705,167
222,192,200,135,117,176,352,313,859,167
261,230,113,94,83,102,361,48,634,167
384,298,215,160,129,179,370,335,901,167
473,328,199,159,120,155,402,325,897,167
377,272,201,150,117,160,355,323,822,168
664,407,186,139,91,130,499,489,874,168
557,400,237,186,138,181,366,314,846,168
481,333,416,309,214,306,439,587,935,168
391,294,209,147,114,168,336,415,927,168
644,448,269,211,149,197,388,483,851,168
303,205,254,206,150,191,330,473,875,168
575,420,190,147,114,153,388,338,858,168
603,347,259,188,130,192,497,457,912,168
356,253,235,193,142,181,383,325,877,168
298,245,131,96,66,93,394,1,206,168
662,489,314,235,179,248,436,526,905,168
496,347,291,218,165,228,408,493,968,169
575,386,424,296,194,292,505,587,864,169
410,297,187,144,105,144,362,327,836,169
506,303,354,270,176,245,440,530,898,169
472,342,227,164,122,176,384,332,881,169
545,386,177,151,115,137,398,317,861,169
640,435,499,381,270,367,467,653,907,169
398,305,215,141,107,171,441,334,863,169
559,413,271,217,168,212,393,306,868,169
352,230,242,191,134,175,459,426,917,170
598,451,218,174,134,171,405,329,863,170
624,389,265,206,140,187,394,660,905,170
562,332,296,253,166,200,413,597,935,170
384,278,201,159,124,164,350,317,848,170
462,350,277,197,151,221,387,446,920,170
513,375,191,142,114,157,354,334,819,170
277,210,278,206,138,203,421,372,817,170
342,226,246,186,137,189,389,314,842,170
474,349,218,174,128,167,394,312,844,170
443,276,327,233,161,237,401,382,892,170
548,387,174,139,103,133,412,316,860,171
705,457,297,222,146,211,436,391,896,171
456,329,204,144,115,168,418,315,783,171
545,393,255,190,144,202,406,315,871,171
460,324,234,188,145,187,435,329,834,171
610,422,417,307,219,309,501,633,872,171
427,350,216,177,136,166,515,335,717,171
625,426,504,360,250,372,442,855,942,171
356,246,139,99,76,112,335,338,911,171
463,287,353,301,196,244,407,602,969,171
394,312,242,187,150,202,390,316,853,171
235,189,156,118,94,127,268,322,776,171
486,315,317,230,159,236,419,579,949,172
595,341,308,228,151,215,482,409,868,172
599,350,383,286,177,258,454,656,915,172
484,367,227,170,136,186,376,336,756,172
665,413,388,281,187,271,433,509,896,173
261,185,247,196,148,194,368,327,854,173
477,352,317,242,174,234,336,638,786,173
280,208,187,157,122,146,360,313,761,173
429,305,273,214,163,214,408,345,870,173
395,294,229,159,116,181,419,322,850,173
704,491,274,197,141,205,395,415,896,173
651,335,380,285,154,212,418,831,921,173
603,435,192,152,112,149,399,333,849,174
561,392,220,181,126,161,396,330,847,174
588,423,314,238,178,250,433,470,806,174
452,349,171,140,112,138,417,318,843,174
539,349,291,251,181,216,428,370,866,175
557,322,378,249,166,268,439,638,890,175
561,326,296,227,132,185,414,430,867,175
652,494,164,132,105,133,374,319,874,175
481,343,228,176,135,183,373,323,857,175
394,238,259,200,131,182,445,362,859,175
569,351,267,195,141,204,421,548,960,175
413,300,263,195,147,204,396,330,816,175
336,233,184,158,118,143,367,320,816,175
718,479,356,257,180,260,433,450,892,175
730,448,274,208,156,209,481,343,871,175
253,178,227,170,125,170,360,305,875,175
333,237,223,162,117,171,374,326,878,175
446,317,250,188,141,196,347,440,926,176
406,257,126,99,68,93,351,640,882,176
502,327,236,188,137,177,368,327,867,176
396,294,274,185,144,227,445,323,858,176
512,346,362,253,175,267,405,456,871,176
649,462,408,279,199,306,469,576,915,176
637,422,259,207,152,194,402,375,902,177
432,297,250,186,152,208,481,359,866,177
721,419,546,398,257,375,525,721,890,177
582,400,341,256,189,262,407,499,929,177
684,470,357,264,182,249,513,485,924,177
711,423,397,285,187,279,431,646,907,177
333,233,401,277,181,263,546,456,863,177
480,272,347,256,166,245,427,588,933,177
606,386,318,226,159,239,427,489,920,178
344,193,154,123,76,104,212,622,956,178
654,433,364,269,193,271,427,554,918,178
439,320,283,211,163,223,393,322,862,178
465,334,183,140,99,135,352,315,840,178
341,228,217,156,112,167,375,309,833,178
293,222,160,134,110,135,353,303,823,178
437,245,369,283,165,233,432,622,944,178
489,306,130,109,74,95,321,671,925,178
522,289,419,294,182,282,456,554,907,179
490,369,172,125,100,141,428,338,882,179
265,208,171,137,102,130,338,323,811,179
410,283,179,140,102,135,359,327,866,179
391,306,162,131,108,134,365,307,844,179
365,206,586,426,193,274,338,1023,871,179
493,361,292,183,134,222,449,383,823,179
484,333,209,158,118,162,378,326,811,179
664,481,180,144,109,139,371,324,852,179
497,294,306,227,147,212,400,549,871,180
456,364,311,197,153,263,424,320,801,180
379,278,236,164,131,192,436,351,860,180
477,332,275,200,138,202,404,423,911,180
535,415,252,193,155,207,376,377,855,180
474,336,265,179,137,216,381,316,898,181
242,171,229,210,160,180,355,325,838,181
304,187,352,256,101,147,498,318,860,181
346,206,301,228,155,222,509,441,819,181
704,467,274,202,147,208,408,571,936,181
658,391,395,319,218,288,480,627,921,181
281,188,255,171,112,179,385,330,866,182
423,315,195,148,120,157,368,337,926,182
503,345,390,326,241,299,423,365,864,182
428,257,318,221,150,230,401,436,838,182
342,289,179,151,129,157,402,87,757,182
453,316,233,186,142,186,374,340,864,182
395,259,259,183,121,186,406,336,888,182
410,282,264,197,147,202,418,387,893,182
684,441,389,296,220,295,430,546,943,183
396,273,349,274,208,276,472,348,812,183
333,241,133,98,67,96,367,353,838,183
617,325,443,345,201,289,480,629,839,183
692,436,383,283,192,279,485,550,935,183
518,348,340,275,196,251,448,429,882,183
491,290,356,251,151,233,443,500,928,183
489,365,165,132,104,135,382,342,852,183
675,462,217,167,122,164,402,324,781,183
511,389,233,178,136,185,354,322,823,183
607,323,404,291,188,284,514,457,846,183
434,261,313,250,171,224,407,527,936,184
536,375,301,216,163,239,393,509,912,184
486,351,160,126,98,126,347,315,852,184
476,353,222,176,141,180,352,327,820,184
496,309,367,261,168,244,436,568,848,184
454,307,325,243,173,243,406,486,931,184
432,329,113,78,64,93,334,326,812,184
582,406,138,112,82,103,344,337,874,184
565,427,272,192,143,218,388,332,812,185
224,169,201,164,124,158,323,309,852,185
228,148,206,146,100,150,344,352,873,185
716,435,500,355,203,291,533,616,895,185
728,457,343,262,184,250,424,487,953,185
672,449,372,275,192,281,423,465,856,185
213,176,144,109,88,119,334,324,851,185
570,339,350,252,163,249,435,596,931,185
435,289,198,151,113,151,387,328,870,185
496,349,206,150,112,163,360,309,710,185
436,310,233,176,135,189,368,338,861,185
561,307,433,335,181,253,306,864,884,185
323,244,193,139,113,162,394,329,880,185
208,162,174,138,105,136,324,320,852,186
364,262,181,143,107,143,364,328,847,186
530,322,359,286,199,264,435,618,937,186
584,436,200,146,109,157,366,325,864,186
549,425,167,129,105,138,364,329,839,186
481,282,401,300,198,277,442,584,905,186
679,399,435,313,216,321,408,545,909,186
407,284,231,190,153,187,382,323,831,186
634,424,282,244,178,215,436,408,898,186
588,358,355,247,162,248,449,351,910,186
416,285,198,146,105,143,371,315,822,187
410,304,239,187,145,192,382,321,798,187
545,412,185,129,107,157,390,201,928,187
415,248,271,192,132,201,434,343,856,187
649,405,299,220,153,220,398,568,840,187
454,354,245,186,154,205,373,309,808,187
292,185,276,195,131,194,489,368,851,187
362,239,348,262,170,237,367,524,927,187
353,225,322,233,163,238,427,503,893,187
426,316,286,204,173,239,496,483,912,187
494,263,477,400,237,309,447,644,883,187
405,290,172,129,101,141,344,330,798,187
567,412,296,208,149,222,580,4,621,188
657,409,300,219,149,212,447,338,857,188
502,308,367,262,179,265,431,516,909,188
237,168,235,192,132,172,356,363,863,188
492,350,223,171,130,171,374,322,842,188
374,273,125,92,70,99,296,313,897,188
430,293,277,217,172,221,461,382,863,188
515,359,335,268,192,252,416,614,895,188
312,202,282,219,153,209,375,339,861,188
437,243,327,257,169,230,434,494,904,188
526,306,298,226,154,217,416,562,921,189
473,314,264,199,142,195,407,426,882,189
546,366,287,214,147,207,418,426,922,189
405,294,151,114,88,121,401,2,193,189
416,289,336,257,185,258,452,413,746,189
341,246,275,213,155,213,359,409,841,189
664,382,519,361,169,269,424,852,931,190
381,181,262,185,69,104,506,840,904,190
258,201,204,154,119,162,312,339,871,190
482,342,231,182,131,174,393,323,852,190
591,447,194,149,118,153,395,351,895,190
605,359,402,353,227,260,452,626,887,190
493,317,372,302,188,254,414,565,926,190
528,327,210,146,97,146,344,313,912,190
444,255,367,272,177,243,507,425,884,191
552,411,228,172,138,188,466,331,793,191
481,280,143,106,68,103,344,650,971,191
272,168,223,174,124,168,387,318,846,191
522,309,286,213,152,213,448,449,879,191
321,240,165,126,103,135,353,323,849,191
334,225,239,194,150,191,448,311,869,191
668,354,364,305,225,272,558,554,729,191
488,326,180,142,102,136,360,320,855,191
421,316,224,158,125,182,388,337,812,191
380,235,368,282,184,261,435,472,875,191
619,412,293,238,166,211,393,420,924,191
453,320,241,205,164,195,398,330,847,192
636,452,187,138,99,138,391,321,787,192
682,457,306,231,158,219,409,347,863,192
615,432,278,212,152,207,392,482,883,192
558,412,237,173,124,178,396,313,865,192
543,374,281,229,160,207,404,464,923,192
297,227,267,219,171,211,368,456,926,192
351,274,132,121,102,110,449,158,796,192
312,226,132,92,64,97,235,618,882,192
398,312,189,158,122,147,351,323,842,192
420,232,251,184,99,147,353,647,911,192
478,301,243,177,130,176,506,330,823,192
530,380,434,262,190,335,490,601,910,192
410,319,164,112,90,139,332,298,849,192
491,359,211,180,137,163,400,307,849,192
324,213,144,106,77,108,330,321,847,192
562,411,249,164,116,183,355,317,869,193
564,400,249,184,146,201,402,353,833,193
414,227,337,246,155,230,423,610,912,193
346,237,235,177,136,185,365,329,851,193
523,279,224,163,124,176,490,325,799,193
518,348,279,237,172,209,393,512,911,193
481,277,314,233,149,221,434,602,929,193
369,235,241,176,115,171,386,318,870,193
476,242,418,311,196,277,433,629,909,193
412,236,380,280,186,269,429,643,899,194
642,457,333,263,200,259,407,479,941,194
439,296,238,196,141,180,400,340,856,194
297,219,176,128,96,137,366,322,826,194
432,298,181,127,92,136,376,320,846,194
594,407,326,273,194,240,428,543,914,194
489,255,364,281,169,240,447,651,881,194
298,222,210,172,135,168,373,344,884,194
536,350,352,267,193,268,433,365,881,195
415,268,188,148,105,136,439,317,871,195
209,145,197,142,105,148,355,329,839,196
485,380,210,141,115,175,372,320,834,196
449,289,315,228,153,234,401,552,934,196
421,276,259,198,148,197,489,322,813,196
629,407,301,235,168,227,438,602,979,197
499,373,173,133,110,143,343,328,819,197
312,205,270,226,160,196,433,304,788,197
472,371,214,163,139,188,369,313,822,197
524,377,209,159,124,167,385,390,877,197
569,392,297,234,172,224,411,511,912,197
303,214,251,211,162,197,408,289,878,197
734,422,420,334,219,290,448,659,905,197
486,356,230,183,139,182,458,333,839,197
531,374,233,181,149,193,404,373,852,197
470,294,337,255,168,239,434,472,890,197
486,321,269,195,142,211,398,481,810,198
287,192,286,223,161,218,337,427,864,198
236,182,319,233,163,239,430,320,791,198
458,237,220,158,81,119,552,480,914,198
247,172,200,154,117,152,352,319,836,198
351,297,167,128,106,140,331,311,839,198
389,263,267,184,131,200,389,408,922,198
513,329,228,170,119,166,385,519,904,198
572,342,334,227,151,236,457,434,900,198
573,340,437,327,203,289,444,649,868,198
581,435,206,180,145,168,381,336,879,198
498,385,178,127,101,146,364,320,815,198
521,379,238,160,117,180,353,313,856,198
726,439,344,264,172,238,434,661,885,198
407,196,244,177,99,151,453,714,810,199
718,470,286,205,134,198,429,399,799,199
550,360,414,311,228,319,473,311,832,199
688,387,372,268,162,243,514,611,942,199
578,387,268,219,164,205,382,475,893,200
443,230,127,88,59,88,459,392,793,200
453,343,208,161,125,168,370,321,860,200
552,379,290,211,151,217,402,324,866,200
456,314,124,95,69,93,248,649,901,200
597,385,260,210,155,200,421,411,881,200
455,330,246,191,149,197,394,316,841,201
567,331,287,228,152,202,380,469,879,201
634,414,278,233,166,203,420,340,805,201
270,207,125,98,79,103,290,313,837,201
534,392,239,199,150,185,432,331,888,201
591,429,244,209,151,180,430,480,954,201
447,326,274,217,175,224,466,520,917,201
445,372,164,130,110,145,363,320,895,201
273,167,214,167,119,156,363,362,866,201
514,291,454,350,215,307,433,653,898,202
307,211,255,205,144,185,389,340,845,202
381,223,253,182,118,178,457,397,888,202
611,411,318,214,149,227,432,414,912,202
495,395,170,132,111,147,366,320,839,202
388,245,346,237,156,253,409,517,881,202
554,296,506,353,191,275,501,797,928,202
415,325,172,112,91,144,337,312,858,202
467,284,285,219,153,212,419,572,934,202
702,434,402,287,199,291,435,636,797,202
310,208,272,187,114,183,418,330,868,202
581,405,320,246,179,244,393,478,908,202
286,207,258,210,141,186,275,590,939,203
572,338,401,311,187,257,421,628,876,203
537,362,279,203,140,203,400,442,807,204
506,350,264,213,172,219,468,325,897,204
392,300,213,181,145,177,388,332,801,204
527,341,264,210,157,206,477,462,909,204
364,253,289,221,174,235,455,458,928,204
356,228,131,105,71,92,328,635,947,204
613,388,366,244,146,242,421,460,858,204
425,291,333,265,180,241,442,534,904,205
377,224,259,185,115,175,465,336,839,205
615,335,404,314,162,233,372,792,929,205
187,145,220,167,133,183,295,339,772,205
525,337,283,207,142,211,400,440,887,205
508,357,258,196,135,185,358,407,860,205
427,307,215,178,127,159,367,354,854,205
640,381,430,323,204,294,455,535,830,205
576,318,147,110,56,84,399,671,960,205
391,281,253,184,142,201,393,320,849,205
440,277,131,105,73,95,301,646,970,205
485,345,248,176,133,195,380,348,858,205
391,268,272,213,152,200,393,400,894,206
269,163,274,234,155,186,326,570,909,206
394,276,246,185,133,179,320,458,886,206
325,248,186,131,104,153,385,324,860,206
565,329,380,296,202,271,479,630,929,206
180,170,237,181,181,231,371,2,209,207
388,229,327,250,163,229,366,613,886,207
492,397,160,131,109,135,322,314,820,207
549,363,349,247,168,250,456,321,843,207
172,153,161,112,90,135,374,39,723,207
638,411,298,203,154,235,494,528,921,207
499,308,337,246,167,235,416,426,885,207
419,332,160,119,93,130,356,322,885,208
600,337,265,218,150,189,403,320,922,208
666,459,227,182,134,173,410,339,855,208
427,266,285,232,155,196,365,516,909,208
560,353,299,221,156,222,424,485,929,208
417,281,201,152,112,152,376,327,817,208
324,226,105,73,58,85,365,192,697,208
434,295,234,172,127,178,426,326,830,208
523,399,209,172,136,174,370,330,876,208
273,195,235,174,125,181,317,299,854,208
461,276,340,241,159,234,463,497,874,208
371,216,309,244,145,199,367,582,923,208
483,336,308,244,168,222,401,336,850,208
468,332,257,192,160,216,471,344,855,208
525,354,240,171,130,193,470,337,857,209
448,246,386,284,157,234,434,644,879,209
251,214,240,182,158,211,409,375,861,209
718,473,330,272,175,222,528,329,700,209
579,421,188,137,100,144,382,320,836,209
283,239,250,173,124,188,483,327,798,209
381,282,226,182,142,181,361,325,878,209
718,486,406,321,206,272,398,890,947,209
330,241,206,147,115,168,359,332,855,209
446,227,371,276,165,234,477,676,898,210
690,419,297,212,139,209,482,450,907,210
420,296,216,159,119,172,398,329,825,210
523,369,268,180,125,201,401,346,842,210
449,350,241,170,135,197,404,352,834,210
530,344,346,232,152,243,482,353,857,210
433,283,421,331,217,297,439,557,869,210
429,281,218,163,114,163,381,343,814,210
706,393,411,273,169,273,518,615,906,210
663,442,246,196,139,183,477,318,731,210
438,300,254,213,162,197,417,329,829,210
650,417,249,188,135,192,494,355,843,210
504,334,227,172,118,165,389,372,869,210
556,400,213,165,122,164,395,325,893,210
575,352,324,239,165,241,441,562,856,210
582,385,299,220,154,221,413,387,885,210
368,244,218,166,123,170,382,361,843,210
538,334,385,262,177,273,497,493,877,211
365,187,356,244,157,240,517,456,906,211
335,243,259,213,164,203,382,330,805,211
388,282,224,170,131,181,371,323,868,211
337,254,196,152,120,159,347,307,807,211
508,339,297,223,151,207,465,384,821,211
436,256,466,378,234,301,472,553,880,211
663,356,492,381,226,318,462,716,835,211
377,263,220,156,116,168,384,324,852,212
298,249,204,173,147,174,400,313,833,212
192,139,210,157,118,166,336,331,808,212
328,256,179,141,114,147,334,308,860,212
381,297,215,167,130,169,343,308,817,212
355,261,172,130,102,138,360,326,850,212
564,362,511,364,229,340,517,647,868,212
542,414,390,270,220,328,465,173,620,212
566,381,256,206,135,180,388,393,852,212
547,389,241,176,136,189,386,321,830,212
326,220,262,202,153,204,379,338,738,212
521,387,231,215,158,176,461,335,879,212
721,430,497,458,264,314,471,697,906,212
629,401,350,254,192,272,552,461,887,212
446,310,200,159,121,162,382,325,619,212
525,418,237,164,132,197,457,332,817,212
578,386,283,207,147,209,420,382,894,213
357,239,259,185,134,196,414,426,880,213
615,358,401,295,187,267,449,546,953,213
594,461,148,117,91,119,381,328,862,213
457,328,203,139,100,156,368,326,832,213
329,231,161,118,85,117,344,570,918,213
537,279,342,264,135,195,392,614,874,213
443,248,374,284,184,256,415,624,935,213
397,280,187,149,112,149,370,303,852,214
373,243,293,248,167,209,398,468,929,214
608,398,315,276,189,228,410,540,951,214
692,407,435,311,204,309,446,643,942,214
634,444,236,188,136,183,447,319,844,214
606,459,146,118,93,116,364,328,857,214
329,237,318,249,179,240,329,541,721,214
649,381,467,348,236,329,468,575,909,215
578,393,153,113,79,112,390,339,842,215
561,381,268,208,141,194,415,430,899,215
553,358,300,216,152,224,401,544,901,215
400,311,173,113,80,129,395,227,798,215
416,269,399,281,183,273,479,444,871,215
406,290,226,170,130,183,386,313,832,215
291,197,253,178,128,188,480,315,868,215
207,163,173,135,106,138,325,315,848,215
501,379,188,145,115,153,389,354,870,216
252,214,108,89,77,94,309,173,849,216
627,417,230,176,128,172,377,332,878,216
642,397,385,284,185,269,448,630,899,216
428,298,161,128,94,121,373,229,830,216
312,235,250,175,134,198,360,315,837,216
409,324,305,253,203,257,450,302,831,216
612,455,200,174,132,156,374,320,850,216
444,278,303,216,142,211,409,472,927,216
692,418,366,293,182,245,401,632,912,216
295,177,180,149,106,132,449,303,841,216
424,288,271,194,145,215,396,331,831,216
709,428,353,278,185,248,447,636,741,216
536,314,475,367,213,306,453,633,863,216
535,314,382,286,170,252,440,636,902,217
287,219,194,143,114,159,376,318,951,217
580,357,379,283,195,275,433,640,932,217
613,328,469,358,250,339,449,856,937,217
639,408,290,213,132,202,401,328,795,217
572,339,316,252,169,211,419,664,913,217
544,364,279,225,165,211,435,353,845,217
389,246,260,182,126,192,408,325,870,217
553,307,495,371,181,252,441,702,927,217
690,486,268,217,147,185,520,444,972,217
406,269,365,284,203,269,432,484,950,218
709,441,277,229,156,196,428,413,918,218
474,316,287,231,167,220,407,510,912,218
727,470,463,350,217,302,398,941,974,218
410,222,325,242,155,222,420,592,723,218
727,390,463,363,224,310,473,591,978,218
291,202,268,200,141,197,415,397,869,218
590,362,412,308,212,290,451,481,862,218
430,246,351,270,166,230,492,526,943,218
468,259,328,245,158,227,442,514,903,218
365,261,211,171,125,154,333,414,920,218
503,304,329,240,167,242,402,526,913,218
306,260,170,133,115,147,445,4,416,218
673,424,494,358,230,323,439,932,978,218
363,246,229,172,131,180,385,357,862,219
467,324,229,186,138,174,396,326,855,219
480,305,376,264,194,284,451,498,834,219
651,453,246,200,150,193,398,495,889,219
595,423,231,176,135,184,390,325,844,219
317,189,361,284,156,206,482,271,779,219
521,366,122,92,69,91,336,310,846,219
680,357,460,373,236,305,479,632,921,219
423,279,219,161,111,164,385,402,934,219
492,329,249,196,140,192,405,331,851,219
583,409,310,259,187,236,419,618,942,219
268,203,147,107,82,118,535,3,561,219
430,324,168,142,114,138,373,328,829,219
399,271,187,144,109,146,356,314,818,219
617,398,500,352,224,338,516,642,900,219
421,269,332,255,167,236,344,639,900,219
508,343,226,175,126,170,442,325,885,219
311,156,181,127,64,97,480,617,957,220
644,402,369,282,193,262,429,663,787,220
680,397,455,326,216,322,453,619,882,220
522,394,227,158,128,182,413,348,845,220
384,287,196,133,105,159,486,239,809,220
409,290,252,198,144,191,365,504,896,220
446,345,126,114,95,106,354,313,908,220
596,327,352,293,166,207,451,621,897,220
486,300,348,256,180,264,417,457,863,220
388,266,263,214,153,199,354,483,903,220
426,257,353,291,191,246,419,597,907,220
405,299,236,156,114,182,367,304,844,220
323,211,244,172,116,174,397,399,881,220
607,411,325,238,173,237,453,569,924,221
411,317,129,101,84,108,346,323,921,221
463,369,141,114,97,120,309,312,874,221
489,358,117,104,82,94,329,308,841,221
646,450,278,227,173,217,419,521,917,221
713,441,130,97,65,90,418,445,857,221
338,256,202,171,141,166,454,225,803,221
353,251,231,176,136,184,390,339,869,221
377,231,280,211,144,195,421,456,875,221
550,380,267,189,130,197,405,402,933,221
670,431,262,209,156,202,519,331,854,221
403,271,224,169,135,186,474,495,872,222
541,383,243,174,126,184,396,321,828,222
408,244,286,226,154,210,388,471,876,222
362,216,142,109,62,87,225,684,908,222
539,384,222,181,129,164,419,500,980,222
653,416,303,214,145,217,383,499,953,222
542,406,204,132,103,163,367,309,799,222
428,314,207,150,114,163,387,318,844,222
530,289,431,318,199,282,501,642,913,222
249,189,244,182,141,191,361,433,883,222
539,318,379,288,177,251,424,656,879,222
400,268,260,220,156,189,364,360,807,222
483,349,222,166,125,180,382,324,867,222
401,245,287,231,149,199,409,632,987,223
400,301,225,176,135,174,360,315,853,223
317,227,201,151,120,163,359,318,862,223
485,301,364,276,184,258,426,488,845,223
413,293,182,133,99,144,335,318,878,223
503,308,305,229,153,218,432,542,921,223
487,312,266,206,136,189,412,383,883,223
655,425,342,255,178,247,477,392,778,224
680,418,372,291,207,277,439,339,824,224
298,226,169,131,101,136,325,313,806,224
505,255,416,300,182,274,499,1023,931,224
347,195,227,168,113,163,433,340,859,224
612,388,333,258,160,226,413,579,952,224
651,459,223,187,143,175,472,318,871,224
469,337,107,90,68,84,269,311,890,224
476,337,224,184,126,158,370,312,898,225
636,441,278,223,165,212,421,467,894,225
521,339,304,228,158,222,422,474,963,225
549,429,154,113,95,130,344,321,863,225
270,173,313,226,150,220,406,490,879,225
519,410,187,140,113,156,370,320,840,225
443,275,264,193,121,179,413,455,934,225
682,468,296,224,169,233,398,438,857,225
456,314,206,157,118,156,381,360,860,225
241,176,198,147,111,156,322,313,835,225
385,236,308,248,170,217,389,604,947,226
318,213,180,124,84,130,345,311,761,226
283,200,216,159,115,166,385,322,843,226
327,231,204,149,113,160,376,319,820,226
352,252,181,154,116,140,355,321,819,226
572,382,376,298,195,258,414,644,892,226
432,228,296,202,134,206,521,322,842,226
603,397,290,235,157,201,484,437,924,226
551,384,317,226,170,243,399,592,918,226
542,282,338,261,156,223,418,661,896,226
446,335,192,128,103,158,373,329,850,226
567,398,196,156,110,147,389,325,835,226
458,357,239,180,143,195,381,308,874,227
709,448,435,351,224,298,435,640,905,227
351,261,222,167,129,175,365,310,864,227
509,391,228,162,129,186,358,328,855,227
398,325,174,156,119,136,315,316,767,227
461,257,344,282,169,230,405,529,900,227
458,342,207,161,123,163,387,316,885,227
449,288,229,181,123,161,401,303,808,227
263,193,121,93,72,97,328,329,850,227
508,367,173,139,103,131,361,322,842,227
471,334,253,213,161,194,477,332,863,227
247,187,226,159,119,176,359,309,815,227
641,439,210,171,118,152,420,349,885,227
318,206,227,179,124,163,301,447,924,228
634,419,283,219,154,208,397,411,916,228
543,378,284,223,159,214,405,353,891,228
672,415,307,250,167,216,403,573,931,228
482,363,222,166,118,168,373,312,903,228
458,318,229,172,122,168,465,321,823,228
243,198,126,96,77,103,280,312,877,228
540,324,307,234,152,217,408,637,942,228
387,267,236,183,142,187,375,317,794,228
377,273,207,168,119,153,387,322,793,228
435,241,142,114,75,98,385,645,882,228
483,288,278,211,143,200,386,599,919,228
541,306,367,293,198,260,437,530,969,228
473,336,267,200,145,205,394,326,816,228
388,258,208,160,115,155,399,340,842,228
357,262,200,141,113,164,435,326,810,228
465,293,113,84,62,87,420,596,943,228
417,313,153,130,100,120,354,310,817,228
557,395,255,218,159,197,418,449,938,229
382,301,221,165,129,175,348,323,809,229
560,351,309,252,174,229,420,389,894,229
692,418,395,298,194,265,489,607,886,229
458,359,157,123,94,124,352,320,833,229
444,243,318,230,147,213,478,459,795,229
701,429,451,327,219,323,453,641,899,229
271,173,311,248,152,204,407,571,876,229
297,243,106,88,69,88,539,2,152,229
455,348,281,208,162,223,407,314,894,229
195,147,233,156,114,178,349,308,840,229
302,238,168,125,102,139,348,332,817,229
465,331,171,139,106,132,355,336,883,230
334,239,246,165,118,184,371,328,871,230
224,183,158,128,106,133,304,317,766,230
552,352,318,232,158,226,434,575,897,230
416,352,136,97,81,117,376,159,701,230
306,223,225,154,117,171,368,308,832,230
327,230,310,255,184,230,389,468,891,230
366,205,220,157,99,148,425,641,931,230
317,233,246,190,154,205,385,344,887,230
497,351,281,207,150,206,457,394,860,231
551,370,279,197,140,200,311,631,747,231
347,264,213,166,131,168,434,354,872,231
649,460,440,344,249,327,406,346,832,231
496,323,328,264,189,241,439,475,913,231
657,433,311,260,186,237,412,526,881,231
394,292,204,162,127,168,379,320,855,231
655,365,465,361,220,303,441,655,902,231
474,348,247,182,143,201,478,322,850,231
638,392,364,263,180,274,429,475,820,231
220,162,250,191,144,196,274,477,892,231
707,396,396,302,186,257,477,607,850,231
369,274,179,131,104,148,437,150,961,232
384,269,218,167,123,166,376,320,823,232
334,230,229,147,104,170,374,322,862,232
594,435,154,115,84,116,400,328,847,232
371,249,230,162,113,173,438,323,785,232
597,319,466,425,266,304,494,547,921,232
248,178,197,158,118,154,301,309,810,232
631,358,398,323,197,267,457,647,851,232
432,334,213,164,139,183,461,322,820,232
285,209,313,245,200,250,377,301,856,232
490,317,360,303,204,252,428,404,869,232
435,288,241,176,129,186,401,372,888,233
631,452,271,212,152,197,389,584,870,233
256,202,154,103,86,129,339,205,711,233
286,181,317,246,157,221,285,637,897,233
547,396,250,205,158,197,389,328,857,233
459,276,361,262,168,249,425,635,938,233
458,353,168,111,90,139,368,321,889,233
711,436,343,250,173,247,433,567,825,233
475,342,121,96,68,92,269,423,948,233
394,216,323,234,152,224,386,481,887,233
490,290,314,238,158,220,413,496,815,233
395,298,255,189,158,215,439,221,866,233
457,328,107,76,60,86,256,665,934,233
299,228,194,155,117,154,354,312,891,233
319,235,249,189,146,198,367,322,843,233
318,237,274,201,158,218,383,469,845,234
397,271,399,266,175,277,503,545,901,234
651,402,299,227,167,225,493,481,905,234
310,219,175,142,105,136,357,330,880,234
601,436,244,195,152,191,383,313,843,234
384,261,194,141,103,146,346,328,854,234
527,364,227,166,119,171,412,374,863,234
651,437,279,181,131,215,482,336,823,234
652,469,217,171,129,172,378,325,826,234
514,353,240,179,139,193,397,303,829,234
333,234,229,162,117,177,462,320,825,235
361,273,134,105,82,108,318,171,838,235
334,254,217,133,101,168,340,313,824,235
453,328,238,196,151,187,376,312,845,235
398,288,177,154,114,133,341,310,814,235
624,372,387,296,193,267,493,638,850,235
407,295,243,173,133,194,379,356,876,235
428,342,130,104,84,108,351,316,879,235
539,371,254,201,155,199,406,463,930,235
630,324,373,282,173,249,504,579,921,235
450,282,275,228,157,202,422,468,927,235
600,360,318,230,157,229,427,555,948,235
378,283,333,254,189,254,498,323,838,235
622,400,337,239,158,235,449,462,916,235
503,361,243,194,149,193,408,316,851,235
230,173,142,109,86,114,304,337,860,236
644,469,192,157,122,148,373,322,839,236
421,267,350,259,161,232,407,569,863,236
614,374,226,171,108,150,443,502,876,236
589,419,248,170,136,205,477,328,818,236
708,429,328,257,166,232,440,576,911,236
551,299,373,292,195,257,433,526,861,236
309,217,261,207,154,200,348,382,867,236
561,405,295,235,166,220,457,416,849,236
447,244,261,190,114,167,408,296,823,236
339,193,285,216,143,207,485,364,885,237
377,274,283,189,139,216,458,316,737,237
381,294,220,168,130,176,380,406,916,237
484,276,354,276,175,246,456,659,790,237
408,247,300,215,139,205,464,397,940,237
306,257,146,119,101,126,304,313,811,237
236,161,232,151,105,171,348,315,791,237
671,410,277,224,146,193,522,352,867,237
548,283,391,290,185,269,449,663,898,237
340,266,185,136,107,150,335,312,871,237
608,446,209,152,117,166,395,312,790,237
718,394,438,341,207,279,460,575,943,237
604,365,330,260,172,236,445,359,843,238
509,283,414,286,173,272,478,622,909,238
316,225,116,93,72,94,320,330,871,238
293,185,309,244,161,210,314,634,873,238
484,371,183,144,116,150,360,324,832,239
434,286,230,166,123,180,414,327,880,239
552,301,363,266,152,234,444,611,907,239
424,322,163,136,101,125,334,296,850,239
491,348,419,316,235,331,450,492,910,239
683,405,286,227,147,193,440,616,932,239
654,425,336,240,171,256,421,442,844,239
576,348,515,353,236,371,558,651,872,239
385,273,221,174,132,169,411,311,806,239
299,203,291,222,148,203,316,546,889,239
497,278,386,286,179,259,452,619,943,239
454,223,256,194,118,166,530,328,825,239
623,432,271,209,165,221,479,475,888,239
549,415,180,144,113,146,365,323,846,240
571,300,415,319,186,270,484,698,797,240
523,343,197,154,110,146,390,333,846,240
453,237,407,315,165,231,474,648,894,240
487,377,172,137,113,146,379,334,860,240
334,263,127,96,74,98,356,314,843,240
457,325,238,210,161,181,365,310,867,240
408,240,282,214,139,194,429,398,906,240
434,317,232,161,118,183,400,323,836,240
511,301,422,308,176,273,403,563,930,240
505,377,178,148,115,145,385,322,832,240
374,244,204,163,115,153,389,470,929,240
427,316,244,164,133,202,439,385,755,240
502,360,120,107,76,89,334,332,881,240
466,261,135,99,62,91,437,673,931,240
680,395,369,269,171,241,448,520,891,241
393,275,248,199,146,187,352,392,866,241
582,384,361,277,184,259,432,571,899,241
526,298,391,310,196,253,413,558,825,241
573,302,389,283,172,250,508,510,863,241
391,269,243,185,132,182,438,341,802,241
481,359,183,136,107,148,376,314,855,241
602,422,283,225,167,213,395,335,839,241
674,377,382,308,202,256,451,653,890,241
335,226,300,228,166,227,393,436,973,241
693,462,201,151,107,149,461,325,810,242
693,467,284,221,162,209,398,513,775,242
622,448,254,218,163,196,411,308,874,242
528,267,504,401,216,291,309,983,956,242
552,361,224,189,137,169,375,443,996,242
719,435,208,166,112,145,438,335,847,242
563,379,303,245,185,237,391,611,911,242
272,155,337,249,153,215,355,610,927,242
601,392,291,191,128,204,459,452,890,242
510,319,374,301,206,266,421,578,893,242
324,226,223,176,131,170,370,343,820,242
634,457,268,209,152,200,421,323,853,243
474,259,387,296,182,256,433,645,897,243
533,352,304,224,154,225,419,573,915,243
646,409,278,184,136,210,505,386,904,243
460,286,288,214,148,205,403,528,920,243
345,246,286,206,155,226,374,342,846,243
690,454,329,268,192,246,448,502,887,243
416,312,255,192,142,197,499,4,607,243
316,193,358,249,168,254,484,323,808,243
518,315,295,227,156,212,472,581,907,243
500,329,212,162,117,161,395,478,949,243
463,344,279,194,157,231,388,308,813,243
460,362,134,111,90,109,325,314,901,243
568,387,312,225,169,241,379,436,773,243
716,408,411,318,201,275,458,650,846,243
554,364,261,222,167,198,403,565,943,244
322,228,166,145,113,135,345,304,866,244
231,183,128,100,78,102,288,318,889,244
681,405,425,314,213,306,500,596,891,244
429,343,138,105,85,113,342,317,856,244
664,434,315,238,160,229,426,590,910,244
560,318,481,345,207,311,409,633,765,244
357,242,335,245,171,242,390,511,927,245
467,274,405,293,193,287,445,588,952,245
459,313,136,105,83,111,363,319,901,245
414,304,232,192,149,187,406,315,884,245
395,270,227,179,134,175,383,372,857,245
562,365,325,240,170,247,435,531,926,245
354,240,244,176,123,184,369,425,873,245
635,399,331,261,182,243,420,635,897,245
561,391,231,176,128,177,380,319,867,245
467,310,250,182,132,190,400,524,772,245
407,321,123,92,77,105,291,316,921,245
256,199,237,169,133,189,383,334,837,245
421,282,116,97,72,89,276,656,929,245
690,433,362,307,190,242,424,642,879,246
456,357,193,134,105,159,410,202,857,246
618,442,185,137,105,145,389,319,837,246
359,284,309,218,183,263,470,242,806,246
500,305,319,238,153,220,453,429,839,246
454,304,207,153,106,151,400,369,863,246
402,239,391,282,177,260,333,635,869,246
677,421,362,285,205,265,444,621,884,246
247,178,305,219,158,231,403,312,867,246
533,358,253,182,123,182,396,341,882,246
487,345,202,156,117,160,378,322,823,246
604,402,333,251,187,251,462,359,902,246
699,423,372,307,213,266,450,642,787,247
517,375,171,139,104,134,360,318,907,247
660,420,358,285,191,251,445,628,899,247
423,284,246,183,133,192,388,318,877,247
628,454,324,245,186,263,366,325,845,247
336,234,135,111,79,101,339,321,880,247
390,264,307,240,166,224,343,591,900,247
385,222,289,213,131,192,406,350,836,247
539,320,334,268,170,223,442,501,885,247
448,342,218,171,142,178,385,354,813,247
444,311,112,107,85,90,343,334,849,247
582,449,259,160,135,218,348,332,848,247
411,334,199,149,125,171,439,325,848,248
513,363,355,251,202,294,477,455,903,248
311,234,115,83,70,98,306,315,834,248
406,268,258,206,152,197,401,494,882,248
390,308,377,289,239,318,471,320,814,248
589,326,309,229,141,198,425,653,869,248
712,469,359,270,194,275,425,454,917,248
621,389,367,288,182,255,413,629,902,248
672,438,332,250,184,246,427,545,903,248
291,182,287,215,150,211,333,510,865,249
564,369,260,194,134,190,402,533,908,249
547,359,276,214,143,193,425,479,943,249
240,147,197,149,102,147,342,314,733,249
409,287,205,169,132,162,394,332,848,249
237,174,197,147,111,155,331,314,839,249
520,395,173,131,102,140,352,322,899,249
700,458,259,214,151,194,428,378,877,249
504,386,117,93,73,97,343,328,846,249
603,440,238,186,149,188,509,323,865,249
413,344,182,133,119,165,361,334,825,250
476,296,315,224,148,224,379,437,891,250
468,280,323,251,173,231,432,588,979,250
461,326,206,162,124,161,385,329,664,250
448,302,268,182,138,211,468,434,900,250
389,238,228,185,122,162,394,344,814,250
542,366,223,172,120,164,398,355,691,250
623,389,348,246,170,249,465,328,842,250
478,352,252,195,144,194,341,305,794,250
506,379,258,193,156,214,388,328,918,251
522,339,363,252,170,263,473,573,927,251
666,398,458,324,206,309,461,558,900,251
544,317,393,317,207,269,426,655,847,251
217,165,138,97,67,102,420,312,836,251
391,265,238,162,126,195,465,323,812,251
598,366,349,260,174,247,451,514,904,251
489,331,241,170,119,174,413,329,818,251
678,399,455,334,226,323,443,623,887,251
522,351,229,169,125,177,478,333,921,251
729,397,481,353,220,326,465,651,885,251
367,245,294,230,167,221,354,509,913,251
509,293,504,374,187,278,394,1007,836,251
513,290,133,103,60,83,416,272,691,251
572,309,337,229,132,214,422,565,877,251
671,415,324,246,164,232,424,496,929,251
576,365,297,244,173,213,482,474,807,251
309,217,202,160,123,160,425,313,841,251
659,414,376,278,213,307,497,494,683,252
355,299,93,66,58,82,337,1,194,252
284,244,139,114,103,127,368,47,701,252
621,410,269,237,178,206,422,533,924,252
423,296,228,177,132,177,373,330,849,252
702,438,304,222,170,242,467,540,929,252
645,361,390,305,186,254,443,785,913,252
562,352,456,335,215,316,457,613,912,252
351,233,216,168,122,160,359,313,721,252
263,161,264,207,139,185,372,569,966,252
322,243,108,81,66,89,297,307,861,252
588,382,331,261,185,242,410,551,879,252
609,430,266,228,170,207,412,522,931,252
614,374,280,196,128,198,505,322,841,253
249,186,117,80,62,94,319,333,851,253
626,452,191,173,130,148,384,327,797,253
580,381,318,234,164,231,442,426,934,253
336,221,320,225,152,227,411,532,922,253
537,298,392,304,195,271,436,627,827,253
386,289,239,183,150,193,386,320,894,253
419,343,151,118,102,127,353,306,893,253
422,318,157,126,96,124,378,317,899,253
363,271,130,95,72,103,318,325,717,253
498,320,400,326,238,301,493,462,884,253
299,217,321,241,178,241,399,514,912,254
565,412,238,192,144,182,382,435,925,254
479,354,178,148,121,148,381,322,690,254
341,229,266,192,142,206,404,388,884,254
499,341,229,171,128,184,406,326,838,254
556,345,304,235,159,220,393,536,910,254
338,230,277,220,155,201,339,359,728,254
351,237,190,144,105,145,367,325,839,254
370,280,267,202,158,214,404,367,863,254
482,354,303,223,168,237,413,374,907,254
660,441,379,270,183,267,441,416,892,254
497,345,197,150,111,151,357,315,862,255
536,346,305,225,163,233,392,501,958,255
574,327,345,272,182,247,449,525,925,255
400,259,337,232,151,234,381,492,878,255
462,250,327,254,155,211,381,627,922,255
618,421,283,223,151,200,410,312,815,255
383,217,399,289,177,257,451,535,898,255
457,336,199,151,121,166,361,321,838,255
459,285,301,223,149,217,416,586,906,255
574,408,245,191,152,195,410,367,903,255
514,347,325,232,152,228,398,397,869,255
402,221,344,282,171,227,408,585,846,255
361,250,227,203,152,175,350,345,874,255
621,342,503,382,223,301,485,629,913,255
442,316,206,177,132,160,375,317,798,255
471,363,123,93,77,102,344,322,884,255
220,155,199,154,111,145,346,314,838,256
536,375,237,202,153,183,402,406,907,256
539,357,259,205,148,202,389,328,726,256
591,435,212,175,135,166,394,314,841,256
605,367,236,177,113,154,401,315,857,256
400,195,383,309,153,208,416,673,907,256
516,373,235,193,149,190,407,323,857,256
396,281,212,156,118,167,426,304,849,257
443,248,262,196,153,208,477,351,805,257
494,386,154,130,107,130,372,314,828,257
713,475,258,199,141,191,418,480,926,257
326,210,114,81,58,85,284,548,784,257
684,449,272,208,154,209,430,578,919,257
402,335,146,101,84,124,330,314,920,257
653,391,378,283,169,239,428,526,888,257
466,330,216,165,124,165,387,332,871,257
712,484,301,205,148,225,418,391,880,257
372,258,268,174,127,209,358,342,826,257
404,258,455,366,244,311,372,649,911,257
427,273,296,238,167,220,402,646,865,257
367,227,226,156,103,162,403,332,871,258
241,185,216,170,124,166,291,390,859,258
715,459,416,284,195,297,511,578,932,258
297,210,235,186,133,173,362,335,845,258
697,425,368,299,196,247,464,657,863,258
447,349,140,109,86,114,335,313,813,258
468,316,271,227,163,200,359,447,867,258
459,313,192,142,107,149,373,326,810,258
728,439,307,240,150,205,407,346,804,258
371,219,338,253,159,231,439,564,903,258
603,365,277,219,143,192,463,327,843,258
637,382,323,231,151,225,420,496,829,258
445,353,171,125,106,145,377,324,868,258
546,312,384,278,176,263,457,636,887,258
526,364,339,232,165,250,479,598,875,259
327,196,407,288,172,265,430,507,888,259
593,394,464,367,271,357,448,449,882,259
282,207,235,154,124,197,477,312,834,259
681,423,401,299,203,281,477,487,844,259
268,210,235,171,137,196,378,316,827,259
644,452,275,219,163,213,423,423,931,259
400,211,409,305,193,272,487,641,872,259
573,382,295,233,163,216,371,456,911,259
589,386,334,276,200,253,402,526,853,260
513,288,302,231,159,211,469,473,886,260
315,255,220,166,138,185,348,392,873,260
374,252,267,202,142,192,580,5,548,260
461,374,151,115,95,127,344,313,725,260
324,242,151,116,96,125,343,312,874,260
453,335,217,177,142,176,373,304,848,260
365,282,235,180,143,189,337,310,831,260
510,409,181,133,110,152,348,319,868,260
322,251,241,197,162,202,387,326,814,260
609,419,276,216,163,217,392,458,951,260
580,418,264,196,148,203,405,326,878,260
623,458,199,158,119,153,400,326,840,260
277,185,302,229,160,223,294,584,936,260
397,270,237,203,157,188,379,423,877,261
561,399,445,326,255,359,501,567,897,261
465,336,269,196,147,203,431,312,830,261
642,464,258,210,160,203,423,496,949,261
602,413,269,214,156,206,383,443,886,261
360,236,167,129,89,122,375,317,828,261
681,490,295,252,184,229,436,428,912,261
443,249,382,297,189,255,442,627,941,261
344,212,270,188,128,198,375,331,864,261
465,336,212,180,141,171,383,383,869,261
297,222,198,169,126,147,362,399,900,261
572,334,355,265,172,247,430,612,852,261
712,402,416,325,205,278,472,657,879,261
419,304,175,133,103,140,367,328,847,261
478,273,377,267,175,265,412,654,915,261
502,325,290,220,152,208,414,426,898,261
397,286,211,153,117,172,437,332,677,261
465,349,202,172,135,163,359,402,910,261
279,191,274,189,130,196,388,378,888,261
687,452,235,180,124,166,409,322,857,261
561,400,339,229,166,255,405,412,839,261
483,342,353,263,187,262,420,487,917,262
592,370,371,293,195,254,427,604,911,262
471,293,299,209,138,207,420,408,931,262
355,261,185,160,124,146,386,322,856,262
378,250,298,228,173,234,356,434,894,262
254,186,178,143,108,138,327,339,847,262
649,449,296,240,170,218,404,527,902,262
566,428,196,142,113,160,362,306,833,262
534,342,339,246,197,274,467,530,903,262
478,318,278,216,156,198,397,409,879,262
640,398,408,306,181,270,422,551,802,262
315,221,187,136,103,147,375,309,973,262
474,281,369,313,196,235,400,573,907,262
511,390,244,188,152,198,405,329,867,262
398,264,251,191,137,188,432,337,824,262
346,227,216,166,115,160,376,301,892,263
232,199,173,125,118,163,462,3,148,263
339,266,158,116,90,127,346,321,851,263
382,287,363,256,178,262,510,432,877,263
701,420,358,282,201,261,513,451,926,263
548,347,380,272,178,263,495,521,892,263
383,271,248,213,166,195,406,330,861,263
193,157,143,116,98,121,446,6,562,263
235,191,172,134,103,140,299,311,827,264
476,359,201,155,121,162,344,317,825,264
644,386,409,263,164,276,506,317,865,264
589,429,132,109,83,104,374,318,844,264
415,242,253,174,113,170,460,653,858,264
333,249,187,138,113,156,364,333,899,264
637,386,388,311,194,259,420,633,881,264
239,179,203,148,115,162,346,312,886,264
615,437,202,163,117,152,371,347,888,264
423,287,189,137,98,139,366,320,880,264
617,458,168,123,93,133,357,312,789,264
450,322,173,113,83,133,369,335,813,265
316,233,175,144,115,141,322,316,833,265
303,170,339,287,174,211,335,657,845,265
332,303,221,155,149,214,426,2,160,265
306,221,293,220,162,220,352,517,904,265
341,273,199,137,112,166,321,314,781,265
442,317,139,99,76,110,361,360,890,265
431,240,351,283,187,247,427,603,953,265
527,379,217,174,125,164,397,322,852,265
523,362,215,174,126,161,399,345,859,265
660,389,492,379,256,339,555,334,862,265
648,449,302,235,178,233,434,398,857,265
668,463,224,178,128,169,420,465,981,266
343,237,240,179,138,191,396,356,866,266
422,299,228,160,117,170,375,308,857,266
360,245,207,147,106,154,383,312,745,266
373,205,289,218,137,197,389,671,973,266
367,268,272,223,174,210,379,302,815,266
654,450,294,228,160,216,407,332,836,266
496,333,157,130,91,118,359,326,893,266
705,424,343,246,178,257,546,505,874,266
245,187,158,117,91,127,304,318,849,266
343,222,405,309,201,282,402,558,901,266
730,452,348,270,188,254,508,546,912,266
452,330,161,119,92,127,380,322,809,266
423,266,294,227,154,210,334,603,896,267
569,280,429,338,206,281,471,639,909,267
544,418,152,129,85,105,353,1,208,267
599,370,282,208,147,207,443,409,899,267
516,329,252,201,137,180,409,396,828,267
563,318,301,229,142,203,424,532,907,267
232,147,290,218,141,198,550,4,649,267
396,268,303,221,155,227,424,668,764,267
620,421,271,212,152,201,398,452,924,267
440,336,199,165,132,157,367,338,701,267
441,293,267,201,145,201,398,358,882,267
678,454,260,194,140,196,419,339,822,267
604,342,347,265,170,227,437,550,932,268
481,346,242,192,146,192,409,400,882,268
529,301,123,107,73,91,273,654,990,268
512,289,159,114,72,109,369,647,841,268
339,249,217,172,118,158,316,388,885,268
451,322,220,151,109,165,389,332,884,268
579,338,316,244,158,222,425,636,976,268
235,200,118,84,73,103,326,151,744,268
539,361,274,222,165,207,395,559,914,268
520,339,260,202,147,192,393,574,921,268
362,226,258,204,148,198,400,422,861,269
462,316,169,130,91,125,368,321,844,269
661,462,202,173,126,155,395,467,939,269
419,216,417,311,192,282,451,649,862,269
527,350,341,273,188,253,433,629,885,269
576,381,277,200,160,225,406,395,846,269
382,278,213,159,120,169,385,321,887,269
390,217,415,294,181,271,474,659,921,269
617,401,321,260,189,237,428,641,909,269
686,438,361,265,181,256,431,406,830,269
632,378,375,269,167,255,495,627,801,269
436,329,184,144,117,151,347,388,872,269
402,280,192,173,126,149,366,325,727,269
367,270,118,89,64,91,352,307,916,270
540,316,325,266,185,243,464,639,921,270
677,430,317,227,146,225,425,318,827,270
386,263,336,264,176,234,360,636,900,270
585,389,263,211,149,201,421,385,858,270
385,310,138,109,89,118,373,318,891,270
630,341,371,274,166,253,511,637,900,270
553,356,207,176,122,152,388,348,853,270
342,267,159,115,98,136,364,327,814,271
567,416,292,210,162,233,391,401,706,271
384,254,225,161,114,167,384,328,848,271
620,346,350,254,145,222,442,656,882,271
250,163,209,171,121,149,356,383,890,271
634,446,260,169,123,196,401,387,886,271
399,301,230,186,139,180,345,421,904,271
379,251,217,151,113,166,387,329,835,271
429,329,179,145,121,153,345,320,840,271
215,190,135,111,105,122,454,31,598,271
671,466,287,242,171,212,396,357,758,271
507,300,330,271,174,227,429,582,905,271
466,347,208,168,132,167,368,302,860,272
460,307,286,195,144,220,397,425,859,272
375,274,197,152,115,155,338,313,805,272
690,404,463,326,221,330,462,644,930,272
634,491,166,140,111,135,370,321,891,272
341,197,309,236,137,196,350,540,836,272
438,287,316,245,169,228,420,366,927,272
244,203,183,143,116,149,324,324,890,272
407,284,187,160,117,140,379,315,832,272
562,306,152,118,62,86,400,660,989,272
391,299,163,121,90,127,348,325,776,272
362,207,351,262,169,237,425,512,895,272
440,340,159,111,94,136,423,312,822,272
526,298,432,308,182,275,432,747,916,273
328,263,187,138,110,153,326,305,873,273
243,194,130,97,86,112,398,1,188,273
656,342,480,375,243,335,480,879,999,273
267,218,180,134,109,149,301,305,801,273
709,423,352,284,173,230,484,519,885,273
454,260,249,218,151,176,467,315,833,273
600,382,305,220,145,212,427,390,784,273
464,252,315,257,155,203,452,542,973,273
626,336,352,245,156,236,439,650,801,273
477,320,247,170,114,178,456,326,863,273
447,306,187,136,97,140,373,322,816,273
525,377,287,223,157,207,406,347,692,274
669,412,281,229,153,191,413,511,837,274
502,384,250,181,148,210,385,328,831,274
460,307,193,141,100,145,368,326,847,274
365,255,251,193,134,181,392,393,883,274
279,217,256,173,139,210,302,501,852,274
443,260,296,224,143,203,407,495,836,274
402,319,334,236,189,267,457,111,768,274
441,229,453,362,179,239,691,0,72,274
369,265,201,153,123,165,393,313,840,274
589,433,237,190,144,185,366,317,849,274
269,191,241,188,140,186,310,366,866,274
386,257,204,143,96,143,448,320,855,274
578,378,305,233,190,252,482,328,776,275
318,240,171,127,104,142,365,322,777,275
405,311,153,130,111,130,350,200,807,275
624,433,356,298,215,279,478,382,879,275
439,313,129,120,92,100,331,314,869,275
409,290,196,150,108,150,376,325,845,275
550,350,132,109,72,93,372,668,1003,275
199,145,250,165,116,184,359,403,898,275
657,376,339,251,163,238,438,538,875,275
468,266,420,295,181,279,464,630,872,275
238,180,207,160,123,166,361,326,847,276
442,325,216,168,135,177,369,312,872,276
670,367,338,263,173,239,442,638,945,276
504,329,237,178,128,177,407,447,906,276
446,337,236,178,131,181,403,310,834,276
547,391,239,179,131,183,369,388,847,276
444,266,261,187,122,182,405,313,799,276
454,317,405,296,232,320,527,483,913,276
726,451,331,263,190,249,519,366,891,276
636,460,271,201,153,219,416,329,778,276
650,442,274,222,159,205,404,338,816,277
686,364,391,295,154,214,340,815,753,277
269,201,164,125,98,133,285,310,846,277
223,174,232,170,134,187,322,318,849,277
400,287,165,118,90,128,368,321,808,277
344,241,314,211,136,220,383,531,951,277
653,407,389,312,234,294,502,677,958,277
700,462,287,208,146,217,422,558,943,277
358,276,298,234,193,246,477,322,850,277
675,391,324,220,119,189,463,1023,994,277
478,295,275,233,172,212,424,456,917,277
568,408,206,172,129,158,392,323,860,278
452,281,336,249,167,238,396,506,955,278
590,430,224,170,125,174,398,328,853,278
559,430,108,80,65,89,399,182,758,278
683,396,168,148,83,99,318,824,940,278
290,219,222,178,134,177,335,315,711,278
515,335,290,220,143,188,527,326,834,278
439,316,243,186,143,193,385,345,853,278
526,297,452,323,201,297,457,575,947,278
453,312,200,147,111,154,374,321,844,278
443,305,214,163,133,179,450,317,840,278
350,242,256,196,141,196,400,394,884,278
563,398,190,140,108,150,388,311,794,278
407,266,233,172,124,176,408,382,852,279
478,360,207,163,135,175,397,328,846,279
522,328,403,296,201,290,437,636,804,279
261,155,325,237,146,210,344,569,903,279
569,405,383,266,192,292,401,440,798,279
481,310,181,134,92,131,382,328,830,279
274,241,100,76,70,90,346,119,790,279
428,246,317,243,155,219,370,620,915,279
329,261,178,116,90,139,559,2,533,279
348,255,205,146,117,171,338,313,849,279
645,380,323,247,160,223,418,510,944,279
518,264,321,237,153,225,509,608,763,279
677,443,319,239,174,243,439,542,929,279
383,275,229,164,119,175,376,304,902,279
527,334,367,259,182,266,508,343,839,279
449,332,168,134,106,137,336,303,835,280
265,212,220,172,135,175,353,307,831,280
544,370,347,275,200,265,440,500,920,280
571,372,296,191,144,231,531,331,854,280
425,362,158,100,92,146,426,126,771,280
644,454,337,223,180,278,497,465,843,280
364,269,196,139,102,149,362,315,837,280
611,442,195,138,107,155,352,362,790,280
546,340,347,239,170,258,445,485,874,280
398,304,242,179,157,212,462,120,784,280
670,454,357,278,194,264,469,470,927,280
451,303,228,182,133,176,390,316,901,280
597,322,338,311,186,210,438,595,932,280
490,350,201,165,125,159,386,317,668,280
417,287,163,127,96,130,369,310,859,280
561,275,361,280,168,232,525,663,961,280
274,212,223,168,139,184,351,367,890,281
623,419,275,200,148,215,421,389,863,281
455,346,255,179,146,213,390,365,813,281
383,237,411,286,186,291,442,606,930,281
405,315,189,138,114,160,369,321,859,281
539,396,192,156,119,150,384,316,825,281
584,328,305,248,180,226,416,665,903,281
517,393,191,134,111,163,407,127,811,282
263,178,254,195,133,186,350,374,865,282
373,260,243,181,131,183,368,304,866,282
539,335,419,286,178,280,437,491,895,282
428,287,346,257,175,251,378,551,958,282
415,224,400,305,183,258,467,644,904,282
591,312,414,318,197,278,451,627,900,282
652,392,333,260,171,225,485,595,912,282
418,303,212,178,134,161,371,326,824,282
554,399,231,189,132,176,398,299,876,282
304,226,255,214,165,199,385,303,771,282
531,401,337,250,182,258,430,519,966,282
320,235,167,127,97,132,342,310,836,282
493,256,366,309,194,244,444,603,871,282
620,463,157,123,93,123,350,331,901,283
651,392,318,258,165,219,467,561,897,283
313,224,224,144,100,163,411,304,826,283
244,170,201,137,96,150,365,319,750,283
416,311,188,133,106,154,333,328,870,283
628,329,461,313,160,264,518,879,918,283
375,269,246,195,140,188,411,318,851,283
376,301,146,113,94,122,360,164,895,283
605,419,287,211,176,246,462,331,831,283
458,312,386,251,169,281,452,588,876,283
557,322,430,320,211,297,451,544,901,284
420,289,264,219,166,206,403,419,902,284
361,269,224,189,138,171,379,312,846,284
233,156,179,131,94,138,362,319,878,284
422,310,220,192,151,177,375,310,802,285
705,435,393,279,166,261,447,652,835,285
566,360,315,252,164,221,438,541,912,285
440,303,233,181,133,178,359,439,909,285
468,323,262,192,152,212,401,504,735,285
651,396,413,314,163,222,422,620,881,285
714,425,361,254,159,244,432,539,925,285
707,487,267,191,137,201,418,334,878,285
657,401,320,223,154,233,405,525,943,285
266,183,222,180,119,152,319,380,854,285
591,294,540,391,177,276,472,1023,898,285
524,380,189,148,115,151,370,331,842,286
268,194,210,155,117,164,353,317,837,286
364,299,297,223,188,253,459,430,867,286
635,399,285,228,144,190,426,530,928,286
471,346,191,144,110,153,376,320,879,286
355,214,401,307,200,275,456,4,661,286
437,329,279,209,165,225,400,339,840,286
385,220,304,236,149,205,413,560,868,286
385,303,309,231,180,251,372,489,931,286
403,296,187,146,119,153,372,359,885,286
696,469,363,269,192,267,473,551,895,286
416,241,396,265,164,268,417,525,900,286
251,201,130,102,83,107,297,372,918,286
206,171,150,125,112,130,267,316,812,286
561,432,242,183,149,201,371,318,861,286
492,353,276,193,136,204,452,318,820,286
303,190,275,203,132,190,403,410,919,286
212,173,174,136,111,141,319,151,829,286
603,394,237,186,131,176,393,305,851,286
431,306,298,231,169,229,405,319,864,286
638,351,498,382,240,325,546,608,918,287
546,374,296,245,179,224,421,359,743,287
536,347,316,238,166,229,494,609,976,287
352,229,218,153,110,161,451,310,831,287
592,411,200,146,107,151,479,314,814,287
554,332,338,249,167,235,424,634,906,287
699,422,340,244,166,248,405,543,969,287
693,391,415,314,194,267,479,570,913,287
381,264,259,214,165,207,389,456,886,287
541,414,189,148,123,158,351,334,877,287
311,200,301,249,158,207,320,635,817,287
638,432,344,285,208,258,412,495,832,287
434,324,221,158,122,177,356,309,826,287
494,301,265,203,142,193,417,318,820,287
607,399,284,228,163,215,415,456,936,287
443,345,132,109,90,111,332,324,863,287
612,393,277,213,148,203,417,417,881,287
517,345,452,351,227,316,456,557,897,287
302,154,317,258,148,199,347,582,899,287
355,250,234,191,145,181,354,438,914,287
469,349,322,242,186,253,483,397,853,288
561,387,252,197,139,182,415,330,830,288
528,364,274,198,139,201,400,497,881,288
580,323,337,258,154,223,446,589,914,288
674,433,535,367,257,399,614,8,693,288
538,361,332,267,197,253,397,534,866,288
421,268,225,169,113,158,375,311,857,288
696,413,301,228,141,196,402,502,929,288
378,303,171,116,95,143,336,320,719,288
534,355,279,202,141,204,390,393,886,288
365,263,146,112,83,115,334,326,880,288
455,346,222,161,133,188,424,153,826,288
561,422,199,156,119,163,375,313,790,289
719,432,362,281,172,239,440,643,743,289
683,448,255,202,131,182,417,347,764,289
560,415,155,120,95,124,352,321,846,289
480,394,137,106,89,118,351,312,884,289
491,362,247,166,124,190,350,306,770,289
506,375,233,177,143,193,394,320,709,289
405,318,221,174,134,174,369,496,905,289
330,247,143,109,84,113,357,314,815,289
674,480,543,373,278,411,507,282,917,289
525,314,301,233,157,213,409,328,734,289
684,426,356,274,185,258,451,636,892,290
313,174,297,243,149,196,350,627,847,290
371,274,163,120,95,133,336,313,766,290
383,269,319,244,170,235,357,624,863,290
587,367,371,282,207,278,442,558,934,290
386,268,223,191,145,176,413,409,856,290
654,443,315,226,168,248,486,331,839,290
545,372,340,249,184,258,441,410,852,291
442,341,193,130,100,152,353,313,760,291
480,331,190,146,108,148,385,330,875,291
600,401,250,183,128,186,385,346,889,291
427,302,305,241,184,243,399,463,916,291
503,345,216,163,116,162,380,320,852,291
494,281,333,263,196,254,526,567,938,291
531,346,275,226,169,215,409,317,849,291
434,282,214,147,110,168,380,323,776,291
438,326,299,235,163,221,432,381,792,291
486,326,201,164,132,164,479,324,841,291
518,375,201,160,120,153,384,326,790,291
454,284,308,241,165,222,425,458,896,291
393,263,181,128,91,136,374,314,784,291
456,344,167,138,104,129,372,319,835,291
567,427,274,189,142,214,377,327,839,291
516,342,333,239,179,266,421,460,909,292
457,354,283,200,158,233,372,311,868,292
243,156,216,162,109,154,373,326,805,292
374,289,203,165,130,166,370,323,790,292
413,278,192,157,118,146,368,391,877,292
214,145,208,151,117,169,373,143,766,292
450,267,308,236,155,211,423,449,896,293
476,339,234,177,126,178,403,354,893,293
296,186,240,184,125,173,382,366,866,293
398,279,237,167,119,182,398,350,866,293
531,374,251,222,176,201,419,338,859,293
576,367,233,179,141,188,483,342,783,293
550,363,230,174,130,170,402,446,798,293
553,402,231,177,139,185,389,366,846,293
719,456,230,166,110,165,404,511,908,293
685,453,238,178,125,176,380,323,824,293
555,420,107,79,62,86,309,318,881,293
561,384,192,152,112,146,362,322,929,293
413,259,327,248,181,245,430,415,857,293
519,388,163,125,96,128,356,324,777,293
515,389,191,145,116,155,362,322,850,293
403,313,141,94,78,118,317,320,860,293
619,444,164,126,93,125,390,325,901,294
438,252,353,245,163,249,437,597,918,294
494,331,253,187,134,191,390,416,873,294
350,182,340,273,159,213,363,643,910,294
577,435,233,165,127,187,377,323,888,294
610,390,235,192,132,172,381,319,871,294
450,293,293,219,136,195,391,377,853,294
536,392,202,126,91,153,390,311,810,294
474,336,226,192,142,177,402,391,856,294
375,298,170,131,108,140,343,313,843,294
351,248,226,202,149,170,366,330,843,295
568,378,255,186,131,191,395,399,875,295
435,306,244,193,145,188,402,413,894,295
405,297,229,174,131,180,362,263,856,295
474,276,344,248,162,235,440,466,910,295
303,197,379,263,164,249,360,639,878,295
494,273,362,289,181,242,437,552,922,295
407,219,416,324,194,267,447,621,901,295
462,290,378,275,188,271,431,647,931,295
463,296,298,214,149,222,414,450,912,295
343,288,171,138,112,144,334,314,806,295
476,338,232,181,134,175,384,330,874,296
482,345,382,288,221,307,531,313,866,296
636,470,226,170,130,181,381,314,849,296
377,300,176,143,127,154,395,332,865,296
386,293,207,142,105,162,331,313,875,296
659,422,297,212,144,211,434,598,942,296
551,376,258,215,152,192,411,537,916,296
346,242,189,148,113,145,385,322,818,296
337,254,152,116,93,124,330,316,833,296
528,368,333,258,200,265,498,327,735,296
579,366,411,303,184,270,396,626,915,296
665,429,542,370,243,379,455,924,983,296
353,244,249,193,146,198,389,333,841,296
398,247,310,214,162,240,478,453,883,296
448,260,342,275,184,244,482,552,951,297
568,345,307,232,164,230,438,557,952,297
328,223,247,186,138,192,402,327,819,297
542,396,190,154,117,148,372,317,851,297
384,250,251,191,139,190,407,316,660,297
414,307,203,165,120,150,376,306,743,297
608,383,286,250,165,199,404,467,947,297
434,329,170,132,104,138,362,316,824,297
515,331,293,220,157,223,411,624,907,297
589,336,345,273,173,236,450,650,906,297
391,249,247,202,147,185,384,416,899,297
403,265,272,204,145,195,535,309,831,297
374,268,426,288,209,316,470,405,868,297
174,163,157,112,109,151,343,1,206,297
519,277,402,307,181,263,458,638,883,297
719,452,322,243,151,213,439,382,862,297
487,373,412,287,219,329,476,549,896,298
349,217,262,212,134,176,325,512,904,298
366,257,207,171,131,165,372,382,857,298
431,319,220,159,122,174,390,320,831,298
517,415,132,108,89,110,359,322,707,298
671,448,300,216,149,227,427,582,926,298
377,250,248,202,158,195,397,373,888,298
485,302,459,361,252,332,525,55,734,298
314,185,172,120,79,117,528,392,854,298
603,380,285,200,109,172,507,657,896,298
487,342,197,157,122,158,389,318,848,298
351,273,162,132,106,132,348,319,836,298
658,411,410,291,152,238,646,4,676,298
376,225,327,268,159,216,391,557,886,298
563,386,252,198,150,192,420,337,884,298
701,476,294,210,151,222,408,507,874,298
488,302,287,209,142,206,419,437,900,299
431,296,239,189,138,181,398,330,854,299
513,250,373,309,152,201,423,754,931,299
366,207,332,258,164,218,390,616,915,299
381,290,170,135,111,143,387,179,843,299
388,288,207,141,101,157,375,315,918,299
505,391,160,134,111,132,394,328,871,299
341,269,132,92,78,115,315,326,849,299
659,441,276,217,164,216,421,452,907,299
334,265,234,181,147,194,367,327,816,300
458,323,190,147,111,149,350,319,823,300
333,236,239,207,156,185,336,501,899,300
388,201,344,259,160,226,431,352,813,300
394,247,227,159,110,166,440,312,769,300
350,249,274,206,150,209,379,306,754,300
565,419,227,165,131,184,394,328,856,300
587,403,333,245,178,256,392,292,872,300
632,432,244,218,154,181,419,367,873,300
240,204,183,141,124,162,401,2,514,300
413,256,306,236,164,219,423,414,891,300
436,273,321,225,154,231,404,487,925,300
303,185,218,188,132,162,384,370,877,300
677,436,383,283,198,289,426,650,935,301
449,270,337,248,162,237,401,759,931,301
711,481,338,248,177,249,434,552,924,301
553,404,311,224,164,242,379,305,844,301
228,162,215,164,128,174,359,352,847,301
260,188,174,138,107,138,331,308,832,301
554,267,381,248,106,175,443,581,876,301
395,255,293,219,151,210,395,552,916,301
580,451,162,119,91,128,375,322,860,301
457,312,217,146,103,163,398,396,859,301
563,328,464,356,215,301,446,579,866,301
497,347,164,129,93,125,385,327,893,301
629,342,422,324,225,305,525,615,852,301
611,390,380,276,186,276,457,606,850,301
669,410,422,303,200,291,448,644,890,302
304,224,220,174,136,176,334,364,809,302
353,255,229,168,131,183,379,336,867,302
390,279,196,169,130,157,369,326,831,302
339,210,343,245,157,234,424,507,899,302
455,315,184,150,119,148,378,320,892,302
675,454,284,216,159,217,415,461,910,302
506,389,170,115,93,142,354,340,862,302
431,310,223,187,133,167,365,485,910,302
241,157,292,225,153,206,258,633,922,302
542,376,183,141,105,143,414,324,835,302
492,277,418,294,175,272,520,626,902,303
637,449,237,165,119,179,406,510,940,303
341,247,303,199,159,247,515,367,791,303
535,422,171,138,109,140,357,325,882,303
382,221,137,109,68,90,263,654,972,303
581,286,304,219,137,203,561,486,921,303
424,331,242,177,142,201,363,314,827,303
539,367,273,192,133,203,410,321,842,303
608,403,310,223,168,243,433,438,917,303
664,411,340,298,211,246,426,667,876,303
317,245,283,230,204,251,435,304,855,303
717,420,434,311,187,275,526,581,933,303
512,369,165,135,100,126,356,333,839,303
429,233,404,306,182,256,458,625,916,304
599,448,149,103,79,118,347,343,847,304
624,364,400,290,203,290,477,612,886,304
533,399,268,198,155,212,392,327,791,304
475,312,293,210,153,226,407,520,842,304
311,188,269,188,123,185,505,339,859,304
318,235,165,127,97,130,311,311,850,304
427,280,174,133,96,128,418,314,812,304
509,361,260,194,140,195,400,321,846,304
328,238,219,174,134,174,363,350,876,304
376,211,204,159,93,130,396,337,737,304
423,326,124,93,75,102,335,331,852,304
523,365,213,148,104,161,390,303,810,305
267,220,181,146,119,152,314,298,808,305
613,404,200,152,93,136,419,420,899,305
379,270,261,179,134,204,397,339,890,305
531,353,409,338,230,294,448,639,910,305
436,280,204,152,102,146,313,627,787,305
561,337,352,225,143,240,476,400,862,305
447,306,241,197,140,177,393,383,840,305
380,289,198,141,112,158,342,309,817,305
326,204,328,238,153,225,425,483,882,305
667,394,346,283,178,238,432,516,925,305
569,391,252,211,158,191,413,380,852,305
337,276,144,99,81,121,327,327,837,305
447,275,348,251,167,246,432,584,856,305
520,350,191,150,107,142,410,661,894,306
509,319,331,257,174,235,423,650,897,306
464,337,210,160,124,171,541,4,650,306
499,365,201,153,118,156,375,329,842,306
451,292,280,221,149,204,400,302,822,306
354,229,285,225,153,201,410,369,770,306
468,316,223,176,126,167,389,328,774,306
555,349,397,296,183,265,388,625,913,306
684,449,240,184,124,171,402,334,872,306
356,270,214,155,122,172,376,318,851,306
544,345,306,220,156,229,428,434,833,306
328,209,341,261,164,227,379,598,929,306
528,373,240,196,152,192,407,390,829,306
498,368,213,166,132,171,386,321,851,306
324,197,229,184,127,172,388,323,892,306
513,357,246,185,134,183,395,321,851,306
613,393,409,294,200,286,434,402,886,307
588,362,309,229,146,212,430,408,891,307
200,178,163,116,96,136,341,1,224,307
590,290,581,424,219,331,505,619,882,307
277,214,147,108,93,129,490,4,579,307
443,237,212,160,88,127,410,737,929,307
453,264,394,292,186,274,452,489,876,307
288,214,207,166,137,177,350,318,824,307
574,318,427,365,238,289,451,604,862,308
501,289,355,296,190,245,440,532,910,308
351,234,200,158,108,144,381,324,850,308
325,214,230,171,122,169,386,372,895,308
392,257,394,268,185,280,476,515,919,308
509,368,207,154,117,166,397,331,772,308
373,242,367,311,210,266,339,607,902,308
468,275,293,230,147,204,410,413,834,308
392,256,250,185,131,185,330,515,887,308
709,446,372,292,177,242,454,667,903,308
244,156,243,197,127,167,351,364,928,308
581,350,545,882,523,334,491,1,323,309
435,315,230,161,119,178,387,337,883,309
615,383,296,208,146,223,419,537,944,309
419,215,369,265,135,194,434,633,904,309
421,301,308,256,189,232,382,491,902,309
517,314,316,218,152,226,464,380,890,309
638,361,325,273,179,222,414,561,921,309
430,305,256,211,156,197,401,369,874,309
437,304,383,293,206,289,482,539,844,309
514,394,177,149,121,145,370,319,795,310
397,288,235,163,140,207,517,328,801,310
664,368,317,252,178,235,484,531,967,310
507,295,382,290,186,271,436,657,901,310
640,354,567,442,265,354,513,651,841,310
722,416,543,381,231,361,501,819,925,310
324,179,310,231,152,216,360,596,941,310
378,274,155,127,99,124,359,320,803,310
557,439,165,120,99,139,332,330,898,310
485,312,299,228,168,230,410,463,935,310
644,443,247,189,128,176,499,323,842,310
662,460,274,231,174,207,442,413,876,310
464,343,166,127,99,130,342,308,816,310
394,303,233,183,157,201,449,365,886,310
410,211,386,292,172,242,472,661,872,311
422,298,206,150,112,158,377,324,834,311
535,367,201,154,110,155,385,325,856,311
620,332,447,362,223,300,463,657,906,311
430,297,235,181,132,176,399,370,860,311
422,235,232,168,112,161,381,515,829,311
526,384,299,227,170,225,367,417,856,311
532,385,126,93,69,99,343,327,728,312
586,379,232,180,125,173,411,328,827,312
519,258,375,276,133,201,407,640,915,312
454,327,214,164,121,166,302,640,896,312
471,319,239,171,123,179,401,366,781,312
310,222,239,164,124,184,382,322,775,312
501,396,250,181,145,198,426,1,208,312
386,317,186,144,122,161,356,324,778,312
268,197,213,151,110,166,319,317,843,313
585,452,129,109,85,104,352,310,834,313
461,311,294,228,159,217,429,513,901,313
527,293,305,232,152,209,408,594,887,313
607,357,470,343,209,304,455,607,886,313
450,296,241,188,136,187,416,422,947,313
606,428,243,190,150,196,397,446,867,313
361,258,265,198,144,194,513,301,852,313
457,233,233,168,70,108,477,345,770,314
326,210,280,214,149,208,365,552,927,314
588,424,280,187,149,227,437,146,566,314
250,180,123,90,65,93,278,308,843,314
440,250,395,285,164,246,346,736,942,314
633,332,470,335,203,300,401,907,926,314
492,338,278,220,151,201,370,569,923,314
622,426,239,159,115,183,398,310,819,314
289,225,177,130,104,144,319,306,858,315
371,250,253,188,132,187,506,313,842,315
440,342,146,98,80,123,325,312,839,315
421,312,298,198,146,224,386,311,843,315
363,232,210,153,98,145,357,308,866,315
583,437,195,168,134,159,380,318,778,315
542,363,239,178,128,179,420,323,874,315
552,405,278,211,159,218,426,398,895,315
344,274,164,127,105,140,351,300,833,316
554,403,250,198,149,193,378,321,856,316
439,297,283,228,166,209,401,399,701,316
430,326,216,176,140,174,392,388,858,316
299,178,170,133,95,124,438,220,915,316
289,220,216,162,121,169,411,317,814,316
641,385,285,214,150,211,480,315,829,316
302,233,242,185,144,195,363,310,850,317
470,289,224,163,113,162,393,397,738,317
300,227,256,184,138,204,397,317,874,317
557,353,249,201,139,181,408,460,942,317
597,420,285,217,165,225,406,320,863,317
430,266,337,254,171,242,402,589,938,317
603,377,355,270,199,267,494,311,826,317
523,351,483,397,273,354,540,312,830,317
640,436,287,188,139,226,418,351,864,317
386,231,400,323,206,273,428,613,854,317
464,314,207,175,126,154,388,327,858,317
487,356,217,161,128,179,428,318,826,317
316,234,179,122,95,143,339,311,703,317
454,336,223,171,135,183,352,314,832,318
418,321,138,102,82,112,303,315,869,318
505,326,303,231,168,232,392,431,913,318
550,358,272,214,148,203,410,422,688,318
326,238,182,125,99,148,356,338,866,318
265,194,186,136,106,146,351,289,836,318
496,345,116,84,68,95,382,185,967,318
411,280,214,175,143,177,459,272,739,318
514,339,195,147,109,156,441,335,854,318
508,326,309,233,170,240,429,368,894,319
387,272,174,132,88,126,316,307,782,319
532,391,196,148,118,158,355,320,870,319
378,235,289,211,153,225,385,524,911,319
376,252,155,119,79,110,367,175,739,319
389,234,248,206,142,178,374,469,942,319
537,397,178,155,123,146,369,320,841,319
177,152,118,87,76,105,385,1,183,320
455,277,259,177,124,191,431,450,841,320
521,297,320,226,144,224,417,591,901,320
441,279,208,158,109,152,426,428,834,320
629,348,278,223,138,175,413,643,926,320
394,267,338,237,172,261,410,340,879,320
344,238,260,228,164,194,356,491,949,320
696,400,140,99,56,87,402,677,892,320
430,231,277,226,160,207,493,466,910,320
342,258,299,230,186,248,480,32,714,320
397,300,198,172,128,157,565,7,84,320
248,210,248,191,163,211,407,323,846,321
458,318,190,164,123,146,382,327,856,321
411,259,388,326,198,249,537,224,807,321
628,439,204,161,113,154,369,314,784,321
325,217,173,131,92,131,370,325,671,321
637,400,429,309,215,321,496,673,881,321
466,354,237,186,150,191,475,321,824,321
435,332,194,147,117,160,342,316,840,321
462,325,253,167,120,187,361,313,844,321
666,417,393,293,187,270,425,476,903,321
375,296,262,196,152,210,451,348,862,321
483,387,147,117,98,124,349,332,857,322
388,292,221,171,138,180,390,381,845,322
234,202,191,146,139,178,370,2,221,322
528,391,169,123,102,138,359,325,859,322
516,383,231,156,113,180,391,323,874,322
509,331,297,230,161,218,404,485,935,322
370,237,230,178,127,173,382,387,838,322
506,371,188,155,120,148,372,320,858,322
412,291,219,164,129,175,382,320,851,322
631,418,244,215,154,180,394,490,847,323
550,406,188,138,106,148,374,317,843,323
271,211,153,108,85,125,340,324,890,323
501,368,181,133,107,148,374,323,854,323
568,352,334,257,170,232,391,573,955,323
726,450,130,101,65,89,353,664,971,323
562,385,268,206,141,192,420,371,924,323
412,296,166,109,79,125,374,209,856,323
525,403,207,154,121,167,349,312,873,323
310,202,265,211,140,183,317,636,782,324
526,376,267,190,142,209,422,316,836,324
725,396,447,326,198,285,466,805,937,324
630,432,357,267,189,266,439,574,929,324
519,341,225,188,129,163,463,326,877,324
206,149,265,187,134,196,338,412,890,324
706,479,276,216,160,211,411,469,792,324
454,280,377,307,237,295,492,319,705,324
362,260,210,162,125,163,356,299,841,324
725,439,302,222,147,209,430,532,921,324
240,175,139,122,98,110,309,314,810,324
529,384,208,166,127,168,398,325,872,324
447,351,123,96,76,101,350,314,903,324
459,254,363,278,212,293,499,563,800,324
718,475,283,224,160,212,425,476,895,325
379,312,161,120,97,133,312,317,868,325
565,424,304,236,184,246,418,327,842,325
221,163,176,137,106,138,327,310,904,325
266,197,121,91,71,97,290,311,832,325
716,468,413,292,208,319,440,549,813,325
480,344,110,88,65,87,342,317,813,325
282,172,336,255,178,240,233,618,832,325
584,310,145,104,62,93,417,690,910,325
639,370,340,274,168,226,444,514,914,325
401,263,291,205,147,220,420,440,898,325
548,328,314,229,141,197,508,460,927,325
385,224,277,218,159,210,456,441,890,325
416,316,220,174,133,175,344,182,815,325
325,220,306,213,151,222,409,394,893,325
511,385,168,127,99,137,372,330,868,325
717,485,346,236,167,256,409,509,929,325
304,226,114,85,64,87,330,317,879,325
464,351,199,157,126,160,381,324,821,325
407,189,341,252,139,203,462,501,909,325
399,258,307,241,174,233,419,448,907,326
692,431,615,457,229,350,496,967,937,326
503,343,302,227,146,210,365,400,881,326
565,438,170,146,119,140,364,307,832,326
404,274,194,147,110,152,384,323,876,326
468,364,219,162,137,186,461,325,879,326
552,390,179,138,101,135,397,326,845,326
692,454,365,262,193,276,517,507,959,326
507,364,200,153,112,153,463,316,818,326
663,434,334,268,181,237,438,531,904,326
348,253,201,156,115,157,335,328,867,326
422,325,148,131,104,121,367,324,879,326
367,262,239,189,135,178,428,305,850,326
553,409,189,147,114,152,384,299,818,326
682,414,377,283,188,266,459,558,934,326
321,187,242,167,110,171,364,409,845,327
295,225,193,162,129,158,368,312,842,327
194,137,212,162,121,159,358,350,879,327
444,356,167,123,101,141,376,326,850,327
600,348,363,261,154,242,428,639,731,327
465,271,323,245,151,214,443,542,937,328
626,469,182,135,101,141,367,328,882,328
396,259,283,220,157,210,409,450,927,328
370,267,140,120,93,111,345,310,839,328
392,263,343,258,210,283,525,384,901,328
369,255,205,150,117,164,384,314,819,328
530,364,263,184,133,202,408,405,767,329
282,184,179,124,87,134,386,322,835,329
460,276,303,228,141,204,411,556,933,329
580,462,138,111,92,117,354,331,847,329
620,351,367,278,174,244,473,540,869,329
216,137,173,139,98,123,615,0,173,329
516,372,235,175,135,186,411,371,867,329
443,294,227,167,118,168,408,330,838,329
402,267,280,201,144,215,401,370,864,329
223,160,292,216,148,214,346,437,898,330
402,322,243,178,139,199,374,304,812,330
304,182,297,234,143,192,362,571,889,330
648,449,178,114,79,134,378,323,855,330
368,203,410,297,169,259,474,644,855,330
284,190,217,173,126,168,364,328,863,330
384,237,404,296,190,270,506,319,838,330
445,341,191,144,114,152,396,322,881,330
603,358,371,255,182,286,429,633,873,330
452,312,342,240,165,256,406,480,904,330
422,255,319,244,159,224,433,596,974,330
382,299,137,88,64,106,390,97,857,331
550,403,193,145,111,151,393,321,822,331
648,448,230,170,126,175,410,347,844,331
554,357,274,206,150,208,482,321,785,331
707,457,419,295,188,285,456,587,879,331
547,305,414,311,191,272,445,622,898,331
591,358,384,280,151,227,464,781,913,331
470,301,208,164,126,161,483,327,835,331
622,411,298,224,157,214,439,544,908,331
653,382,163,135,79,96,390,614,903,331
668,385,358,288,162,210,424,620,907,331
254,221,94,68,62,83,509,1,541,331
250,175,231,159,114,174,341,367,914,331
398,259,264,181,127,202,402,322,900,332
639,389,339,244,164,241,449,551,882,332
521,289,319,239,145,203,522,321,863,332
328,223,218,169,118,159,376,305,853,332
587,408,198,162,119,148,375,315,853,332
337,197,300,231,154,211,377,575,931,332
450,272,247,181,121,178,453,329,830,332
426,305,209,168,126,166,324,295,777,332
445,311,301,231,160,220,369,479,881,332
386,273,261,179,131,202,410,324,812,332
245,233,170,124,124,165,345,2,215,332
427,298,239,168,125,184,394,319,711,333
541,347,258,177,123,189,411,391,885,333
554,388,266,207,160,211,456,329,836,333
661,372,285,240,154,195,437,538,916,333
399,270,283,235,156,195,410,470,899,333
396,222,404,304,198,281,455,657,872,333
430,295,229,183,128,168,351,423,903,333
620,410,330,245,173,240,448,642,939,333
689,481,301,237,180,231,409,319,871,334
349,229,221,174,125,165,402,322,852,334
654,460,311,199,145,236,476,390,838,334
336,279,143,115,94,119,371,1,213,334
627,475,142,111,89,114,371,323,804,334
284,190,239,168,119,178,300,553,895,334
715,394,408,296,184,275,444,558,885,334
394,298,183,147,124,155,366,313,848,334
510,380,257,191,146,202,483,324,777,334
478,305,281,202,145,207,403,345,886,334
653,419,299,244,181,227,492,506,817,335
382,297,211,161,132,176,395,302,864,335
406,293,147,112,89,118,358,320,867,335
401,288,191,144,104,146,388,313,890,335
332,226,231,180,129,176,387,332,861,335
498,301,326,247,165,232,424,564,905,335
536,342,312,240,175,240,432,488,951,335
584,360,193,149,99,136,518,318,721,335
489,320,232,189,158,194,510,323,871,335
575,363,287,251,188,220,434,482,913,335
697,422,349,270,176,249,421,508,955,335
439,322,113,87,70,93,379,329,836,335
566,391,202,128,92,151,455,319,850,335
674,422,307,231,164,231,457,539,935,335
712,480,233,184,130,174,398,325,894,335
513,285,372,297,196,261,425,625,937,336
425,219,320,274,170,216,411,606,879,336
454,335,259,213,161,195,407,320,831,336
357,291,205,155,125,166,322,304,847,336
418,301,145,112,89,117,351,315,850,336
561,293,455,344,207,287,455,991,972,336
461,327,234,181,143,187,390,312,862,337
683,485,269,199,147,202,405,316,857,337
647,471,371,288,226,291,471,490,877,337
577,414,314,269,198,237,414,338,863,337
423,254,319,220,150,224,414,632,943,337
283,230,305,243,192,249,408,366,882,337
682,391,302,243,150,199,422,638,910,337
335,250,209,152,119,165,357,317,849,337
575,424,259,185,135,198,416,329,850,337
576,317,332,269,168,225,482,494,950,337
223,187,137,98,88,123,369,133,712,337
512,400,105,94,76,85,327,327,883,337
508,293,323,255,164,220,405,661,871,337
352,255,153,120,91,119,369,321,766,337
672,443,327,252,192,253,421,441,893,337
467,356,215,169,133,175,367,315,894,337
685,440,367,286,197,262,434,506,921,338
675,404,427,305,198,293,473,631,906,338
672,393,326,236,157,220,451,647,920,338
568,386,268,190,138,206,383,406,921,338
451,321,184,151,117,148,345,357,907,338
699,439,468,325,220,336,441,625,949,338
228,171,165,137,110,136,295,306,858,339
351,216,371,263,169,259,431,487,907,339
408,291,128,100,73,97,348,249,856,339
253,189,190,137,105,153,336,317,893,339
189,147,159,122,98,132,280,299,835,339
409,319,150,130,109,127,321,324,863,339
436,304,326,226,152,229,405,412,737,339
620,345,301,236,154,205,442,570,951,339
455,290,256,221,157,194,371,572,902,340
479,363,187,151,123,157,368,307,884,340
446,310,221,176,124,166,402,348,863,340
502,299,332,228,176,267,509,318,872,340
599,324,420,327,176,244,524,657,918,340
429,323,188,156,122,152,417,315,844,340
717,438,499,363,234,337,457,786,937,340
377,245,205,156,124,165,466,316,800,341
646,449,246,190,134,187,410,460,873,341
354,245,191,145,113,153,370,318,854,341
731,486,247,189,134,184,400,318,798,341
569,377,308,215,144,220,410,579,891,341
339,251,216,170,134,171,381,395,882,341
285,220,150,111,89,122,332,329,868,341
601,414,242,190,134,179,410,319,863,341
475,288,212,176,128,160,455,413,900,341
484,339,199,159,121,156,400,322,810,342
449,305,210,157,111,156,383,362,887,342
423,284,335,251,176,237,397,419,769,342
416,313,219,177,144,181,395,320,886,342
482,300,346,231,159,253,415,573,906,342
334,197,355,300,198,237,428,638,927,342
295,215,239,180,135,187,407,317,837,342
452,293,314,257,178,232,422,480,907,342
432,327,204,152,116,158,349,310,832,343
492,350,206,148,111,160,363,311,818,343
572,359,257,196,136,186,421,379,869,343
502,318,323,244,176,239,413,377,860,343
474,377,158,128,109,135,392,327,813,343
535,358,281,188,125,201,400,419,901,343
420,270,307,224,154,228,403,512,954,343
565,351,326,257,180,234,518,434,915,343
652,446,270,181,129,200,389,332,916,343
563,329,283,232,149,190,438,633,895,343
331,249,129,95,75,106,334,268,847,343
687,469,230,188,133,172,411,414,877,344
407,254,378,275,183,269,422,645,928,344
564,378,270,228,175,213,469,320,757,344
556,336,218,170,95,132,367,954,956,344
726,442,338,258,174,241,433,470,926,344
213,154,185,145,102,132,361,184,814,344
326,253,142,120,92,113,333,308,827,344
456,307,230,174,125,175,420,326,822,344
451,340,181,168,130,145,363,328,900,344
288,193,226,146,95,161,395,325,890,344
373,228,250,213,164,200,473,315,851,344
468,296,247,205,138,173,412,305,826,345
388,237,301,223,145,207,319,583,921,345
502,359,261,203,157,206,376,322,874,345
452,244,222,157,88,135,481,593,876,345
489,330,248,191,141,190,396,437,887,345
519,375,294,207,145,222,428,348,854,345
511,327,162,123,83,115,373,324,887,345
373,253,230,171,122,174,406,321,838,345
619,340,136,99,64,91,460,728,932,345
461,318,199,152,112,153,339,312,869,345
584,350,460,346,261,356,518,647,781,346
692,367,381,314,193,251,449,640,929,346
363,275,198,154,121,159,382,347,730,346
698,429,326,278,189,233,432,635,854,346
421,284,302,230,156,211,343,591,909,346
460,332,193,124,88,147,374,320,831,346
503,297,256,188,96,143,404,1023,930,346
638,336,383,278,168,253,467,640,873,346
396,242,387,258,167,268,428,643,906,346
595,313,379,296,177,240,459,642,901,346
378,267,223,178,136,172,377,311,807,346
608,449,217,145,102,161,370,317,806,346
495,358,181,160,126,148,376,309,893,347
386,259,232,184,128,173,390,312,813,347
559,352,363,270,193,267,475,581,811,347
460,351,243,191,149,192,448,303,806,347
527,337,313,228,161,231,423,379,870,347
356,287,162,118,102,141,358,315,860,347
351,213,226,171,119,169,396,313,888,347
302,210,222,157,129,184,414,315,835,347
450,319,197,151,115,156,455,317,800,347
405,283,254,207,160,202,396,426,854,347
546,360,263,206,141,191,380,656,914,347
556,381,328,232,165,245,425,453,942,347
606,450,241,181,136,192,391,321,808,347
622,458,159,133,101,126,369,321,813,348
355,265,160,128,102,131,346,210,827,348
553,338,301,229,168,229,526,388,842,348
453,333,203,163,129,163,377,323,881,348
348,201,366,264,176,256,453,502,886,348
667,442,369,271,192,272,452,484,921,348
464,324,224,177,137,177,453,316,812,348
525,373,163,126,95,128,360,314,896,348
492,329,227,167,128,176,408,328,841,348
636,485,239,179,132,180,375,325,851,348
280,200,290,202,149,226,395,445,814,348
467,359,204,156,121,162,361,325,858,349
610,365,291,222,141,193,416,611,929,349
497,292,155,112,70,102,308,652,887,349
479,310,305,237,175,226,406,466,887,349
413,274,250,192,141,191,382,367,757,349
525,381,228,179,152,195,482,415,881,349
425,295,207,154,109,155,395,337,886,349
490,308,258,189,135,189,463,371,849,349
411,288,236,183,137,185,394,315,814,349
349,262,202,159,120,161,392,319,853,349
512,407,349,273,231,302,469,107,725,349
245,164,284,209,146,210,385,411,912,349
584,367,333,244,165,234,419,603,918,350
536,326,425,320,208,294,416,624,897,350
510,368,231,209,154,180,397,307,883,350
608,413,274,217,156,207,417,600,943,350
582,365,336,243,166,245,515,500,891,350
524,406,162,128,103,132,342,319,858,350
331,199,285,230,155,200,407,511,902,350
577,332,343,263,167,230,420,624,910,350
469,275,223,169,121,161,507,335,854,350
607,386,267,204,144,198,417,398,949,350
335,186,325,249,167,233,427,540,891,351
461,292,296,221,151,216,393,452,962,351
666,430,322,268,185,229,432,425,882,351
331,181,198,148,96,135,469,384,839,351
481,359,203,151,122,168,389,314,843,351
414,303,161,134,107,129,349,317,876,351
629,449,246,198,142,185,404,317,850,351
573,343,327,231,160,236,430,623,937,351
348,248,217,172,146,181,446,333,783,351
256,176,305,226,164,229,364,520,905,352
373,236,252,192,150,201,447,309,764,352
574,400,238,197,151,191,412,311,820,352
296,199,173,113,80,130,364,320,896,352
633,426,341,244,177,252,420,464,876,352
377,273,213,163,121,165,408,305,819,352
487,336,326,229,166,246,419,405,897,352
706,471,250,198,152,196,423,466,943,352
291,204,272,212,146,199,391,434,914,352
412,214,386,281,164,247,420,665,886,352
544,410,206,158,123,165,387,324,879,353
493,314,400,316,207,271,430,605,906,353
346,257,250,204,147,189,315,519,925,353
545,313,364,268,175,256,449,579,937,353
154,129,196,153,123,160,268,309,869,353
434,248,282,215,139,200,419,563,914,353
608,452,344,251,201,280,506,420,852,353
400,248,365,260,169,254,406,560,835,354
394,267,188,146,105,139,356,317,877,354
635,455,255,187,143,201,394,312,834,354
550,377,340,261,179,243,505,420,882,354
684,454,273,216,153,202,413,467,890,354
435,257,327,249,158,215,410,463,927,354
461,298,259,210,154,195,462,439,860,354
460,347,217,155,124,177,596,1,155,354
369,255,188,136,94,137,369,322,864,354
306,170,217,165,118,162,451,318,841,354
460,329,297,230,163,220,347,445,881,355
417,220,143,103,62,94,427,561,927,355
582,419,357,267,199,281,395,308,841,355
589,447,203,150,118,166,385,330,706,355
564,345,393,288,188,272,479,658,940,355
333,248,119,95,75,98,335,321,871,355
560,334,373,272,179,268,426,631,815,355
470,379,156,113,94,131,340,326,839,355
426,315,204,130,93,157,369,312,897,355
473,337,210,170,132,166,379,316,882,355
568,402,182,138,98,134,441,175,858,355
304,199,204,153,107,151,379,307,859,356
421,286,277,211,157,212,391,323,872,356
543,422,214,158,131,181,389,321,855,356
510,335,194,155,110,145,441,318,828,356
685,467,288,209,143,202,515,364,873,356
520,358,298,202,132,204,393,311,883,356
491,272,339,257,157,228,443,633,855,356
185,146,182,152,116,144,290,312,836,356
615,332,353,280,184,244,513,324,826,356
448,334,188,152,123,158,356,315,774,356
412,309,167,136,112,139,376,324,858,356
360,253,232,176,139,186,386,340,868,356
292,210,160,127,95,125,453,318,766,357
485,278,302,225,146,210,439,589,933,357
386,273,207,166,127,158,459,324,852,357
543,302,128,85,56,88,425,381,863,357
410,300,252,210,167,202,450,317,847,357
513,359,302,192,132,218,392,342,831,357
418,294,246,174,124,186,382,304,865,357
452,305,260,182,126,189,411,302,851,357
615,390,295,214,147,217,456,336,830,358
296,235,144,108,86,116,260,307,840,358
363,210,429,318,176,268,557,29,688,358
672,449,306,224,155,221,404,343,885,358
495,321,364,265,193,276,495,636,874,358
649,407,334,269,181,233,498,554,928,359
361,280,137,103,83,114,542,2,572,359
582,368,367,317,222,270,458,633,910,359
342,264,118,95,72,93,328,310,889,359
574,357,206,155,104,147,414,479,901,359
585,399,266,213,147,184,401,455,910,360
479,308,274,200,139,202,435,314,897,360
340,210,288,216,152,213,414,429,916,360
573,423,238,178,140,191,402,313,897,360
630,409,240,194,142,183,410,402,881,360
522,333,370,281,174,249,416,614,933,360
201,149,203,163,122,156,307,315,856,360
397,284,195,149,111,150,371,316,875,360
438,231,377,282,176,255,443,670,876,360
519,364,332,254,195,263,422,385,904,360
428,263,233,196,131,166,466,326,859,360
561,348,274,215,146,195,411,321,898,361
507,332,274,182,130,209,394,323,876,361
596,441,217,158,116,169,372,320,856,361
366,226,288,201,143,209,380,350,882,361
695,403,334,251,169,240,435,556,895,361
389,281,160,114,90,130,344,321,851,361
432,303,244,216,161,186,374,312,745,361
386,270,328,250,174,244,403,451,915,361
405,229,302,210,132,205,436,473,891,361
610,464,229,187,153,185,382,305,860,361
709,417,276,210,145,205,494,448,819,361
617,350,237,172,132,183,551,317,867,362
600,350,413,299,204,295,456,643,900,362
308,199,276,201,137,199,387,430,1008,362
505,352,343,257,194,271,437,422,880,362
490,297,132,98,69,95,400,348,891,362
730,463,331,233,149,232,420,457,868,362
304,188,296,192,111,186,438,612,927,362
639,440,271,209,153,208,426,514,919,362
417,270,335,249,162,232,416,637,877,362
538,274,515,347,183,299,438,938,973,362
488,321,319,230,156,230,421,626,908,362
402,318,196,139,114,163,384,339,858,363
405,300,126,85,71,107,360,184,797,363
577,319,398,273,206,312,563,388,875,363
358,237,222,177,122,164,396,335,788,363
579,453,144,118,100,121,353,326,916,363
237,166,183,136,96,135,315,302,857,363
290,227,156,133,100,121,321,315,846,363
506,351,325,238,177,258,480,591,888,363
580,361,269,218,163,200,421,390,895,363
439,318,199,147,113,160,368,322,885,364
504,398,220,179,141,179,394,311,870,364
559,382,257,191,142,195,398,395,868,364
478,309,303,193,121,203,404,469,911,364
371,235,268,176,123,198,407,325,820,364
429,304,270,223,159,209,401,304,806,364
478,306,261,197,133,183,386,510,921,364
646,384,296,224,153,216,468,353,800,364
587,292,251,184,116,163,436,540,889,364
453,312,242,195,143,184,396,464,900,365
456,316,245,191,141,188,398,421,931,365
423,263,404,357,238,278,341,590,825,365
671,367,501,369,212,316,523,639,888,365
567,332,276,203,131,190,487,440,848,365
335,243,147,128,97,114,344,312,760,365
585,364,367,258,174,263,456,653,908,365
436,275,260,204,143,191,403,468,902,365
589,385,349,252,162,241,408,483,915,366
331,213,230,175,127,173,429,352,891,366
334,248,156,107,78,121,359,175,760,366
279,232,154,123,108,136,370,1,192,366
460,238,406,301,183,262,424,628,768,366
613,397,252,195,134,187,401,423,864,366
377,225,276,208,135,193,395,469,904,366
470,327,267,206,157,210,387,417,876,366
422,253,305,197,120,195,417,563,907,366
228,159,239,181,135,182,380,319,818,366
571,331,370,261,178,261,434,613,933,366
582,424,200,137,101,152,367,316,833,366
423,203,188,125,69,115,498,499,875,366
705,444,281,203,140,206,406,423,844,366
416,295,263,199,139,191,379,349,836,367
666,433,323,242,170,240,441,352,856,367
455,262,255,197,123,169,419,366,897,367
371,292,173,127,103,144,365,346,890,367
442,286,328,236,158,234,397,536,958,367
201,188,171,130,115,151,421,63,765,367
337,257,210,152,119,165,334,318,849,367
575,395,211,155,109,159,403,315,836,367
429,288,235,169,122,178,397,325,812,368
531,366,325,239,180,256,422,414,899,368
232,185,185,151,122,153,318,302,847,368
610,405,248,204,143,184,468,320,810,368
405,355,99,79,73,90,350,121,892,368
365,269,233,176,124,177,354,294,838,368
438,287,257,196,143,190,445,307,875,368
493,362,156,118,90,125,387,333,861,368
703,489,251,181,132,191,397,556,842,368
363,211,184,124,79,125,451,550,884,368
380,281,188,153,121,151,401,324,819,369
486,325,200,155,121,159,452,328,850,369
728,473,293,237,158,205,427,559,919,369
512,260,370,270,176,252,501,492,918,369
508,367,252,184,144,206,408,327,869,369
590,403,255,198,142,187,406,310,836,369
571,351,375,255,169,266,430,498,930,369
467,352,209,140,110,172,341,310,847,369
188,143,205,164,135,167,287,314,831,369
608,393,221,165,110,157,398,631,875,369
338,229,239,186,133,180,394,353,808,369
481,322,295,220,164,229,466,417,869,370
277,172,269,199,136,190,466,393,856,370
321,191,191,163,111,142,380,306,817,370
658,478,232,157,122,187,396,320,807,370
677,478,299,225,161,228,417,340,882,370
481,294,273,207,138,198,406,452,925,370
556,386,256,189,130,184,408,330,893,370
567,367,301,225,155,218,405,543,913,370
541,368,234,179,133,177,424,410,910,370
442,278,298,224,157,220,421,430,888,371
699,411,310,235,161,221,429,528,904,371
224,169,150,121,95,120,345,318,855,371
588,398,316,227,161,230,315,611,921,371
566,380,304,238,168,226,397,441,907,371
385,289,207,152,122,170,378,321,840,371
434,328,238,197,163,199,400,322,840,371
407,284,265,196,146,203,413,376,838,371
620,420,304,232,165,226,422,532,929,371
350,251,224,182,145,175,473,331,852,371
485,333,294,208,151,222,397,328,857,371
447,238,499,350,189,300,474,338,852,371
507,344,265,186,138,203,414,399,910,371
612,432,245,181,130,186,389,345,871,372
362,226,286,251,168,199,382,482,870,372
425,315,173,135,103,134,369,318,805,372
326,224,355,226,153,254,410,414,911,372
463,311,196,153,106,143,373,316,866,372
604,383,322,251,170,229,440,573,955,372
436,310,300,253,188,225,442,542,908,372
447,300,231,184,135,176,404,306,852,372
270,192,197,151,104,149,357,303,869,372
316,195,273,220,156,204,397,539,904,372
558,319,312,246,162,221,443,572,954,372
499,390,221,161,121,174,379,299,817,373
444,317,168,138,111,138,372,312,818,373
522,286,334,244,163,238,437,498,808,373
653,437,354,279,187,252,389,636,884,373
523,374,262,210,170,217,464,396,879,373
372,224,231,184,121,157,380,393,898,373
328,243,146,118,95,120,346,316,899,373
438,278,266,196,135,195,380,443,880,373
520,304,426,316,174,254,508,405,862,373
437,268,306,231,154,222,419,571,807,373
401,264,259,188,130,182,382,327,858,373
491,350,265,231,167,200,464,314,808,373
496,373,246,176,133,189,393,311,853,373
319,220,189,144,110,146,426,321,811,374
441,297,213,159,117,163,392,314,857,374
546,299,354,269,164,229,456,525,974,374
634,447,254,182,138,194,383,476,963,374
522,339,314,253,189,240,425,420,939,374
432,303,360,285,204,268,404,579,881,374
341,246,226,178,142,182,444,313,876,374
286,197,234,185,138,181,357,447,917,374
701,473,344,249,184,263,427,400,867,374
200,152,213,164,140,178,419,324,820,374
652,470,158,109,78,122,344,317,814,375
390,269,278,196,138,204,479,372,768,375
191,168,152,105,100,142,371,2,170,375
675,444,310,237,171,231,414,534,905,375
554,353,204,152,104,146,416,364,869,375
622,457,215,155,122,171,370,532,962,375
311,219,246,182,136,190,380,400,917,375
325,239,232,170,125,178,390,327,877,376
336,233,203,159,126,164,376,322,890,376
331,235,182,132,106,147,343,296,833,376
658,448,187,144,102,140,399,323,867,376
330,222,224,171,133,178,378,319,850,376
717,454,343,259,174,239,433,525,802,376
349,242,181,152,113,141,376,306,867,376
522,323,272,193,129,191,405,462,871,376
442,199,256,205,127,164,397,536,877,376
637,444,253,194,145,192,425,322,817,376
404,329,177,122,102,151,344,311,816,376
310,258,150,125,106,125,299,317,833,377
536,380,275,208,148,206,401,548,971,377
258,162,337,259,162,218,372,492,931,377
496,316,274,210,151,199,401,356,866,377
348,229,344,244,160,241,397,485,911,377
391,207,353,281,159,227,468,616,887,377
352,252,246,176,125,186,479,315,835,377
284,205,127,104,80,101,295,308,885,377
545,357,227,177,125,165,398,438,913,378
509,367,207,160,119,161,377,311,833,378
406,232,246,168,114,176,489,353,827,378
574,399,236,181,141,189,407,318,867,378
408,294,227,164,124,177,371,331,796,378
393,248,317,264,174,215,372,636,891,378
465,341,189,161,127,152,358,307,863,378
512,331,249,186,129,182,404,333,836,378
441,333,274,176,135,219,410,341,889,378
601,374,295,221,143,201,382,547,905,378
399,256,317,237,167,240,431,450,892,378
452,340,470,339,260,365,497,494,879,378
334,246,172,158,127,138,357,319,822,379
558,388,254,214,169,203,418,328,847,379
425,320,147,113,94,124,328,319,874,379
669,402,282,227,149,196,441,464,956,379
444,311,151,107,74,109,390,343,809,379
515,395,187,129,105,154,371,328,868,379
443,269,166,134,88,114,607,0,130,379
484,355,321,283,200,241,501,308,813,379
352,244,206,147,105,156,393,264,838,379
446,253,311,228,146,210,434,501,921,379
293,239,313,230,184,259,350,317,829,379
285,189,331,224,149,227,388,488,937,380
565,407,249,188,147,199,397,318,751,380
578,383,311,249,168,226,420,520,914,380
488,330,207,161,120,158,393,322,870,380
581,317,320,232,148,220,426,663,870,380
499,345,196,147,112,154,386,332,878,380
537,398,284,215,139,190,506,324,877,380
550,347,309,238,168,229,398,496,827,380
505,335,274,204,150,209,415,345,841,380
357,285,147,116,95,122,325,320,805,381
444,300,244,191,140,185,389,313,849,381
537,350,286,200,138,207,377,418,874,381
470,350,305,232,193,253,461,149,804,381
417,229,323,241,163,227,489,417,877,381
690,487,234,184,139,182,430,418,894,381
622,399,384,270,189,279,432,569,995,381
635,412,351,256,174,259,426,538,958,381
522,376,277,201,151,216,409,429,906,381
475,331,208,168,133,165,381,308,878,382
609,384,136,97,68,99,419,620,937,382
374,258,209,158,116,156,357,308,861,382
653,488,197,145,117,158,387,333,884,382
173,131,204,158,120,162,384,303,833,382
248,232,107,63,57,97,345,13,693,382
459,325,267,192,142,206,398,444,886,382
572,371,326,252,166,231,455,373,859,382
527,365,341,246,170,242,394,539,878,382
611,353,379,244,148,251,432,612,670,382
642,393,335,235,158,234,441,460,924,382
682,382,261,195,115,170,410,372,881,383
330,246,226,186,159,194,517,2,615,383
548,421,172,139,113,144,351,330,867,383
228,139,228,184,125,162,369,416,860,383
442,301,262,197,137,186,357,609,937,383
642,438,352,239,158,248,429,624,753,383
311,229,164,150,118,128,332,402,890,383
618,414,302,223,153,221,412,413,907,383
316,212,225,149,104,167,360,307,843,383
568,321,326,255,158,215,432,548,896,383
299,213,228,171,128,175,287,434,880,383
467,343,187,130,98,146,370,336,876,383
419,306,181,134,104,147,363,322,856,383
367,215,275,217,145,187,410,513,959,383
422,262,346,240,158,242,409,563,952,384
631,456,229,211,161,180,398,355,862,384
696,454,282,217,162,213,512,334,853,384
215,141,209,169,116,151,363,273,855,384
596,384,306,224,153,221,430,400,682,384
475,362,118,102,82,97,325,314,833,384
318,228,187,150,118,150,363,319,811,385
419,287,226,160,126,184,398,323,858,385
427,328,198,148,117,161,376,323,827,385
400,308,251,164,113,181,416,285,826,385
628,392,403,284,184,276,451,623,930,385
576,411,227,180,132,170,394,405,922,385
675,438,375,280,181,256,451,612,932,385
527,379,222,167,124,171,349,315,815,385
574,438,213,163,120,164,446,319,755,385
686,405,329,241,162,241,431,643,925,385
361,232,299,237,148,200,420,376,865,385
627,424,223,168,127,172,452,323,849,385
423,264,363,301,203,253,432,375,882,385
427,278,254,191,138,195,395,386,862,386
309,217,333,236,159,242,405,599,934,386
425,297,217,173,127,169,376,322,891,386
459,322,246,176,130,186,408,481,935,386
534,353,252,178,120,183,405,332,836,386
607,367,358,298,208,262,431,634,886,386
406,252,363,254,164,255,408,594,911,386
322,196,356,276,180,244,419,629,852,387
603,391,342,247,171,252,411,537,924,387
213,178,134,86,71,112,297,211,824,387
518,341,311,246,184,237,423,364,875,387
396,276,130,95,70,100,332,314,877,387
313,214,163,124,96,129,317,312,852,388
405,274,323,230,171,247,471,338,844,388
636,401,302,238,160,215,334,595,877,388
404,281,202,149,114,158,351,314,833,388
393,291,270,206,163,222,445,312,822,388
590,405,221,160,130,183,492,316,869,388
451,310,207,149,111,160,375,316,841,388
435,343,171,120,94,139,362,324,834,388
444,263,272,191,119,185,403,444,931,388
397,292,103,73,56,82,324,319,830,388
591,414,214,156,121,172,442,318,851,388
172,152,104,66,62,96,342,52,783,388
440,298,353,221,164,269,401,402,878,388
221,162,201,151,102,145,309,319,809,389
246,220,202,116,101,176,275,139,796,389
457,310,238,208,147,173,351,394,893,389
464,277,299,218,147,213,408,519,857,389
481,277,378,264,151,240,543,339,852,389
596,412,221,151,113,174,390,325,835,389
415,277,178,148,112,139,386,322,896,389
284,203,295,226,168,228,360,424,843,390
598,392,388,304,215,292,455,499,962,390
531,352,321,253,176,238,435,363,861,390
460,286,334,265,169,229,438,599,928,390
563,420,207,156,134,175,490,336,838,390
532,383,227,172,125,170,404,355,882,390
481,242,379,274,172,257,428,656,914,390
338,184,346,251,141,208,389,610,939,390
444,323,177,138,109,142,363,315,845,390
587,452,195,158,127,163,349,317,842,390
397,306,167,122,96,132,325,311,809,390
501,373,187,148,120,155,385,329,768,390
453,343,195,145,109,154,377,331,804,391
356,234,248,195,143,190,388,323,873,391
541,301,120,93,58,82,362,643,889,391
605,439,221,184,140,173,397,339,891,391
646,432,306,196,129,222,416,459,902,391
373,242,192,132,90,140,387,331,866,391
569,369,314,221,149,225,410,459,911,391
338,240,204,150,122,167,498,188,792,392
562,413,234,170,131,189,381,315,822,392
643,405,283,202,143,208,404,446,931,392
573,371,274,211,149,201,424,464,915,392
380,280,307,214,162,247,361,311,884,392
488,373,224,168,134,184,373,319,819,393
563,368,220,179,123,162,398,459,916,393
618,388,382,300,195,265,495,627,946,393
573,428,242,173,135,196,386,418,819,393
616,454,295,218,166,232,424,334,901,393
355,273,261,215,170,211,383,307,882,393
214,173,107,74,63,93,503,2,205,393
393,282,166,129,92,126,368,305,850,393
225,166,245,155,114,189,382,307,849,393
326,195,347,275,178,234,388,574,933,394
640,439,265,183,141,211,427,323,837,394
387,258,195,134,98,151,398,328,863,394
302,220,151,120,92,120,343,322,878,394
465,343,309,248,191,245,426,563,830,394
626,375,370,304,171,222,394,674,866,394
339,200,315,240,150,208,375,611,908,394
454,342,211,148,107,160,381,301,879,394
440,266,295,233,175,227,503,315,901,394
526,318,328,258,177,232,498,360,845,394
653,430,287,221,167,224,433,479,863,394
522,323,404,257,163,286,451,627,890,394
536,411,180,142,120,157,380,329,843,395
356,253,240,193,138,183,371,323,793,395
445,289,249,192,158,208,462,326,861,395
509,391,214,174,146,182,383,328,702,395
583,350,399,320,205,269,460,642,892,395
437,250,441,301,184,288,475,603,931,395
516,412,154,124,107,133,350,318,858,395
235,174,142,101,75,112,363,353,924,395
259,193,209,141,107,166,348,305,843,395
461,272,407,284,190,295,451,667,842,395
513,325,203,170,131,158,489,317,835,395
466,342,202,165,128,163,366,321,835,395
462,330,236,191,142,184,376,298,816,395
384,287,247,178,143,203,378,387,901,395
698,492,216,159,115,168,403,417,860,395
608,369,383,280,185,268,437,589,860,395
575,348,384,273,174,262,437,579,932,395
397,260,285,217,153,207,378,447,915,395
519,357,174,137,100,131,371,322,853,395
240,172,192,138,104,152,384,316,846,396
710,433,297,254,172,208,426,637,901,396
654,446,262,216,153,193,428,334,879,396
505,306,318,259,193,247,485,434,902,396
425,306,213,165,127,171,396,324,845,396
595,389,338,254,180,251,435,489,919,396
397,313,189,149,114,147,345,300,845,396
540,381,261,210,159,204,397,382,912,397
645,421,339,251,173,244,454,536,919,397
626,361,341,230,133,201,550,311,825,397
619,312,341,259,125,186,430,663,918,397
533,377,237,170,126,180,391,598,922,397
527,377,244,172,130,191,402,320,832,397
614,413,292,228,171,228,414,465,874,397
424,334,216,180,159,191,468,317,878,397
625,425,311,221,155,235,383,399,911,397
528,348,303,236,166,220,421,326,792,397
620,436,222,156,121,175,468,1,186,398
580,336,268,252,177,197,480,315,813,398
368,259,189,156,125,153,464,323,865,398
434,290,276,194,151,222,414,374,758,398
670,427,348,239,154,242,421,497,741,398
367,257,253,201,153,191,423,382,804,398
613,474,287,182,142,231,456,189,755,398
675,449,288,243,167,207,423,513,951,398
517,376,295,194,139,232,366,345,845,398
410,269,281,212,153,207,398,415,895,398
357,240,248,176,126,188,443,357,833,398
712,398,523,396,194,271,481,888,866,398
512,314,370,304,200,249,402,630,893,398
556,382,286,219,167,223,412,373,847,398
407,313,176,148,117,139,343,314,853,398
277,212,211,159,120,166,348,357,904,399
634,351,481,350,214,316,469,675,923,399
400,246,376,288,195,273,480,578,874,399
515,366,290,213,173,242,484,367,793,399
348,230,299,196,125,204,389,410,846,399
474,349,387,304,234,308,501,249,682,399
500,361,201,137,102,156,386,311,924,399
451,305,253,201,146,195,387,412,881,399
462,317,229,184,135,172,375,476,870,399
585,420,247,211,155,192,403,328,878,399
541,411,213,155,127,180,392,327,840,399
326,257,169,134,98,131,393,297,851,399
323,185,158,113,68,105,467,503,895,399
629,334,385,313,134,172,512,692,930,400
561,407,282,206,152,216,388,309,855,400
477,275,277,201,144,210,482,309,834,400
513,329,307,216,155,232,422,430,878,400
625,471,273,197,153,224,445,317,809,400
613,405,259,181,121,188,409,356,858,400
205,179,97,79,67,82,394,103,866,400
377,245,269,206,151,210,404,520,944,400
284,198,271,186,135,202,382,397,872,401
468,352,201,174,140,164,379,324,811,401
412,263,171,128,91,127,421,629,893,401
381,283,201,157,117,154,358,317,824,401
676,441,289,247,185,223,430,485,859,401
362,264,232,200,154,178,384,310,861,401
326,256,261,191,144,209,397,175,826,401
312,188,336,242,148,221,432,555,924,401
596,311,267,197,103,161,450,1019,944,402
419,258,276,205,147,206,498,421,919,402
262,212,208,153,128,175,336,309,720,402
450,306,332,245,182,252,398,636,848,402
562,353,324,258,174,231,455,648,900,402
370,194,399,324,193,254,435,659,899,402
451,317,111,89,70,87,338,327,893,402
630,329,347,256,160,230,462,501,912,402
666,440,316,240,173,234,461,442,766,402
357,224,229,189,132,166,350,548,906,402
616,349,219,171,106,144,309,957,944,402
263,188,162,137,106,127,332,324,847,402
274,182,240,192,134,172,304,468,901,403
504,328,315,250,162,220,407,371,856,403
576,385,232,179,145,185,450,410,900,403
615,400,364,257,176,263,438,562,863,403
377,246,290,211,140,212,410,347,837,403
301,204,219,169,119,161,341,439,919,403
376,273,275,197,149,212,398,360,842,403
496,324,263,212,152,200,415,530,994,403
427,341,219,155,134,189,451,2,165,403
476,323,517,356,223,341,467,613,922,404
694,444,296,219,144,209,426,526,887,404
489,355,127,102,75,101,346,338,863,404
656,398,450,353,208,284,470,623,931,404
484,306,266,199,141,201,403,568,936,404
289,212,257,174,121,189,385,311,803,404
224,167,180,138,108,142,326,336,771,405
241,192,158,127,110,139,337,189,838,405
438,339,222,168,139,187,387,325,857,405
303,240,141,106,91,121,383,99,775,405
562,346,286,217,172,230,485,378,775,405
500,337,257,196,143,196,412,433,881,405
176,151,185,136,133,178,350,1,204,405
568,373,357,284,201,261,425,581,880,405
637,472,258,186,141,203,406,399,907,405
325,235,182,147,112,146,366,322,681,406
715,480,322,222,141,218,434,358,863,406
442,229,307,229,144,207,433,560,930,406
359,273,194,141,110,157,358,327,822,406
226,164,256,180,123,192,371,335,850,406
194,139,194,143,108,153,396,330,799,406
455,268,446,315,194,295,443,529,926,406
603,417,232,199,144,176,395,325,871,406
457,263,144,104,59,88,293,648,923,406
560,342,401,286,188,283,436,557,852,407
396,276,292,220,148,208,369,295,813,407
560,369,302,222,162,231,487,376,807,407
391,288,205,179,140,162,377,322,817,407
603,418,190,139,104,146,399,328,807,407
467,346,208,173,122,157,362,309,794,407
571,382,297,227,167,223,457,353,934,407
705,470,380,267,177,266,426,523,900,408
548,376,272,205,152,212,396,441,903,408
485,312,300,222,140,203,401,617,871,408
463,350,188,147,117,154,370,309,663,408
638,446,248,183,129,183,421,366,874,408
504,369,167,125,90,130,375,372,820,408
477,317,200,154,112,152,406,318,880,408
404,292,183,140,109,146,388,314,831,408
316,218,169,132,100,132,341,301,862,408
440,281,243,181,128,176,398,327,862,409
333,231,237,186,138,181,389,334,871,409
566,399,305,240,191,242,417,386,896,409
505,338,307,211,151,229,582,4,643,409
474,350,213,159,125,170,354,362,871,409
532,317,334,242,155,219,498,640,895,409
691,463,310,251,183,240,428,414,853,409
510,276,294,216,134,198,435,594,921,409
330,276,211,172,139,175,321,297,873,409
505,359,195,165,131,160,378,319,869,409
276,206,247,142,109,198,376,208,852,409
501,397,201,151,123,167,389,329,873,409
502,317,319,242,174,239,434,443,899,409
319,218,226,181,133,172,367,316,813,410
433,317,212,166,136,172,395,312,655,410
727,438,405,272,164,271,451,567,929,410
575,341,196,146,100,138,528,321,872,410
485,241,334,252,159,227,547,575,933,410
351,257,228,187,138,172,298,472,904,410
546,361,264,189,133,198,404,544,922,410
288,219,175,142,107,137,341,315,852,410
553,346,196,141,120,170,479,338,849,410
688,429,420,339,245,320,521,650,894,410
368,278,203,174,128,157,371,319,842,411
412,318,232,166,135,194,377,322,826,411
537,361,493,371,244,344,558,648,886,411
362,244,203,158,114,154,377,341,863,411
593,373,470,320,200,326,425,353,903,411
554,418,221,155,114,167,384,347,903,411
337,251,256,173,130,200,383,310,853,411
410,315,143,126,101,116,343,292,833,411
370,306,144,103,86,123,336,321,802,412
726,404,395,302,175,243,432,696,947,412
495,335,241,194,139,181,434,397,883,412
705,456,418,294,215,313,557,533,902,412
578,422,235,197,151,186,404,382,908,412
614,429,333,241,174,249,395,472,872,412
521,330,240,180,124,173,421,429,882,412
715,448,377,298,220,293,442,636,922,412
360,303,157,109,91,136,344,253,857,412
538,387,159,124,94,123,363,327,803,412
468,364,318,232,174,249,466,304,846,413
365,228,220,179,128,168,375,323,881,413
550,372,273,207,149,209,389,325,853,413
498,378,191,151,113,146,384,314,878,413
546,343,275,201,155,213,528,334,872,413
416,254,221,171,113,155,392,363,948,413
570,377,335,264,190,247,454,624,847,413
562,324,309,221,137,209,410,500,970,413
449,340,196,154,124,159,373,315,812,413
419,307,241,182,137,185,345,405,879,413
437,297,456,348,241,334,449,601,883,413
490,269,372,286,177,251,452,569,899,413
521,366,269,224,165,199,420,346,879,413
554,414,174,136,104,138,412,325,819,413
405,286,257,185,134,193,395,357,868,413
605,388,369,294,193,255,447,419,892,414
458,256,325,243,152,223,413,563,979,414
589,420,253,192,140,191,405,471,911,414
389,249,283,208,134,195,409,495,916,414
300,242,117,89,75,100,338,277,832,414
383,226,305,238,161,222,428,440,898,414
295,192,112,77,54,84,370,335,801,414
692,459,270,228,162,199,411,518,964,414
462,268,322,256,165,225,433,610,933,414
475,315,163,111,79,123,382,342,877,415
457,264,348,255,161,235,416,610,895,415
664,469,342,258,200,270,472,488,929,415
589,424,346,279,229,289,523,429,889,415
480,344,268,203,155,212,400,314,847,416
490,280,315,255,158,212,425,623,956,416
554,398,222,161,119,175,387,337,859,416
571,345,335,273,195,249,403,462,925,416
653,410,364,252,162,252,434,355,823,416
515,354,196,146,107,152,419,321,835,416
619,403,313,241,173,235,422,472,914,416
454,335,157,118,93,128,361,321,863,416
396,313,217,157,132,188,412,318,837,416
441,349,238,160,126,196,388,330,905,416
410,305,289,220,160,218,496,428,875,417
456,291,268,212,144,195,402,549,911,417
440,320,249,188,133,186,366,321,809,417
521,359,198,148,103,144,369,403,820,417
486,325,304,216,152,224,409,571,942,417
561,435,175,159,132,147,358,317,850,417
542,412,175,147,118,144,431,322,825,417
566,326,254,183,124,180,471,386,860,417
544,346,381,261,181,284,446,581,923,417
419,297,304,215,168,248,488,444,874,417
617,467,215,173,142,180,388,395,921,417
485,374,103,81,67,85,477,330,887,418
388,284,264,180,136,212,397,322,817,418
532,366,220,166,117,165,397,342,832,418
354,253,177,143,106,138,351,324,881,418
349,245,244,204,143,180,334,392,861,418
455,324,210,169,124,163,367,421,931,418
417,257,300,249,171,221,398,532,905,418
256,177,214,168,121,157,344,321,861,418
353,228,304,238,159,207,241,628,895,418
403,290,258,185,138,199,398,369,817,418
644,405,345,245,159,239,469,648,858,419
604,348,330,257,161,224,419,579,919,419
153,138,145,92,90,142,471,5,125,419
492,318,326,231,166,247,513,357,855,419
541,377,289,214,160,227,422,465,926,419
361,236,223,165,117,164,373,306,887,419
535,398,170,143,113,139,394,328,903,419
416,330,104,82,74,91,381,1,207,419
380,291,154,133,108,128,351,330,815,419
256,200,169,124,94,132,321,315,821,420
318,208,171,131,97,131,397,362,906,420
389,290,199,141,109,156,344,315,836,420
700,493,207,152,112,159,411,345,878,420
365,261,271,216,161,206,368,342,726,420
302,211,197,144,111,156,372,266,860,420
343,208,387,304,196,269,438,504,1002,420
408,295,260,193,158,205,491,354,831,420
466,345,201,148,117,165,381,310,889,421
464,321,256,188,140,196,386,531,902,421
451,340,221,162,136,186,540,3,616,421
588,343,305,233,151,208,459,653,926,421
504,364,259,204,151,192,392,320,783,421
600,308,263,213,136,181,506,436,902,421
423,277,209,136,100,160,405,343,862,421
500,326,392,299,204,277,393,577,885,421
422,247,434,313,199,293,448,560,961,421
599,428,193,146,106,146,389,320,677,422
438,301,190,168,120,143,383,314,800,422
533,305,353,282,175,236,439,526,946,422
273,207,209,181,137,168,320,364,875,422
467,320,271,216,154,202,437,304,782,422
596,433,207,163,127,164,405,339,813,422
532,335,154,116,84,113,374,680,937,422
490,265,344,278,175,228,450,654,892,422
461,277,302,218,151,219,424,388,909,422
372,282,168,118,92,135,333,308,843,422
302,267,122,102,88,106,288,308,831,422
517,391,183,126,93,144,364,318,842,422
333,275,127,98,87,114,337,170,846,423
308,212,323,215,165,261,510,454,876,423
435,294,291,203,135,206,384,331,863,423
598,355,382,291,194,261,537,495,856,423
496,346,262,194,141,200,393,306,812,423
539,390,208,171,132,162,386,303,846,423
405,276,276,188,134,210,407,331,861,423
277,226,145,107,83,112,361,309,830,423
460,326,245,177,135,196,381,334,657,423
325,171,335,240,149,223,393,611,907,423
479,351,182,148,107,137,376,352,875,424
197,164,119,100,84,100,293,229,791,424
404,273,205,157,111,154,393,327,857,424
492,371,199,149,115,161,351,311,826,424
351,309,99,70,63,87,403,83,824,424
531,379,239,193,140,178,384,502,940,424
477,285,336,244,154,228,444,570,881,425
437,237,380,297,181,249,494,546,832,425
559,389,256,189,151,211,453,426,939,425
388,281,207,162,135,175,418,224,815,425
283,182,273,198,129,191,275,521,902,425
554,330,335,235,152,234,482,429,864,425
503,318,310,243,155,208,425,447,910,425
460,287,253,182,119,183,423,525,951,425
578,378,380,281,156,224,428,803,921,425
401,272,256,208,150,192,375,405,907,425
413,265,338,247,153,217,405,302,903,425
669,424,303,225,157,223,413,637,883,425
520,363,209,159,119,162,399,333,881,426
598,427,201,149,112,157,372,317,905,426
444,341,216,162,124,171,381,326,877,426
637,413,285,216,142,197,461,650,891,426
273,157,324,227,139,215,414,493,910,426
559,350,286,235,173,221,518,436,911,426
728,485,291,242,171,213,429,531,879,426
566,403,198,153,117,159,405,319,893,427
362,282,210,153,120,171,367,319,835,427
244,169,210,154,109,158,374,307,858,427
393,269,298,215,158,227,417,403,897,427
441,286,274,207,150,208,394,497,928,427
375,226,275,224,143,187,401,477,843,427
482,364,322,241,186,257,369,468,955,427
626,436,297,254,186,221,421,495,888,427
459,341,377,283,190,265,420,316,868,427
533,413,142,101,82,119,343,328,891,427
494,330,240,152,103,170,382,300,858,427
336,252,151,114,93,126,371,348,859,427
533,287,375,287,176,248,443,649,920,428
620,457,212,154,118,165,390,320,863,428
392,303,171,118,93,139,332,323,807,428
427,199,351,259,136,203,466,668,923,428
541,338,244,180,124,173,431,352,914,428
534,386,222,167,133,176,410,326,833,428
541,348,325,235,166,235,432,331,893,429
350,235,290,233,154,206,342,494,933,429
685,414,388,336,219,263,453,541,912,429
583,399,236,180,135,182,404,404,910,429
396,315,130,99,83,111,332,322,751,429
512,365,223,180,141,179,463,341,857,429
715,480,380,273,197,285,423,471,811,429
450,307,244,190,144,187,401,429,879,429
338,235,220,161,117,168,369,445,943,429
365,286,261,212,171,217,386,325,827,429
666,404,399,304,195,277,451,560,733,429
426,305,221,155,118,174,344,316,883,429
473,272,374,279,191,266,416,630,904,429
359,286,214,156,121,174,352,306,771,429
689,382,436,338,209,296,492,657,854,429
284,207,181,149,109,140,357,320,845,430
344,192,381,266,152,243,425,509,889,430
501,287,482,362,198,271,371,842,901,430
550,400,196,144,107,152,366,308,861,430
587,427,325,209,151,246,405,402,874,430
581,291,258,190,134,182,557,327,820,431
573,339,455,344,202,286,443,601,872,431
455,321,198,154,111,148,384,328,852,431
642,488,206,161,128,167,369,332,784,431
435,299,299,227,171,239,400,379,708,431
499,381,183,138,106,147,340,311,873,431
611,399,302,219,165,234,412,476,901,431
389,294,181,157,123,147,360,300,780,432
540,400,209,173,133,161,399,307,818,432
556,394,242,187,148,192,410,483,912,432
622,399,373,286,198,277,420,476,899,432
470,308,198,149,118,161,420,311,844,432
669,358,345,263,116,177,460,658,893,432
349,247,137,125,93,108,360,318,882,433
409,287,202,163,117,151,375,319,836,433
321,268,202,149,122,166,310,244,817,433
378,276,126,91,70,100,309,322,896,433
488,292,374,304,213,276,420,659,892,433
411,234,381,292,175,250,435,622,932,433
263,230,126,103,92,112,359,41,767,433
467,340,196,142,109,158,386,328,838,433
628,410,284,223,155,210,408,426,889,433
702,493,392,281,198,284,425,565,945,433
449,264,271,193,121,185,430,527,944,433
371,271,187,154,118,150,375,319,838,433
675,464,243,208,146,182,419,515,963,433
460,305,318,229,161,234,407,530,918,433
440,335,239,179,135,183,330,452,919,433
474,297,286,200,133,203,433,568,927,433
403,302,175,138,104,135,370,320,806,434
429,285,202,141,96,147,388,314,837,434
690,487,188,146,108,142,416,330,849,434
411,265,177,124,84,127,415,659,899,434
424,331,157,121,94,125,327,302,849,434
615,379,372,286,189,264,400,580,838,434
556,374,247,185,125,171,338,626,889,435
427,318,211,161,114,157,367,269,820,435
408,285,276,222,153,204,386,313,825,435
373,226,261,200,135,189,416,395,872,435
512,411,140,109,91,119,324,322,868,435
673,450,312,222,164,237,424,327,656,435
356,227,193,154,108,142,448,328,795,435
265,177,231,175,133,181,385,320,822,436
470,286,352,268,171,241,432,447,908,436
383,243,296,218,135,192,453,574,915,436
592,399,265,215,162,202,418,407,905,436
692,368,329,267,181,241,494,544,923,436
363,275,196,131,104,163,363,322,821,436
272,226,143,105,88,122,320,177,783,436
529,414,195,135,106,157,358,315,847,436
530,361,283,211,158,222,409,391,892,436
456,267,355,254,158,232,547,596,885,437
528,319,284,221,153,207,412,496,924,437
528,323,141,103,71,98,451,330,846,437
471,293,316,239,167,237,406,325,840,437
472,325,202,159,120,157,392,369,864,437
378,258,301,226,163,229,478,330,865,438
547,382,248,200,160,203,470,317,872,438
592,423,295,210,150,216,421,395,840,438
386,250,250,201,146,191,414,347,893,438
246,172,200,153,120,158,364,313,834,438
437,236,393,304,183,259,427,643,911,438
360,268,189,149,113,149,364,301,803,438
424,297,412,309,215,309,501,323,845,438
489,254,314,241,150,212,522,492,927,438
414,260,197,151,109,149,387,314,888,438
436,282,283,207,146,209,412,434,918,438
562,386,251,178,129,193,418,326,846,438
377,259,310,213,153,230,410,499,947,438
469,360,184,137,108,149,379,320,805,439
374,248,291,235,183,224,392,438,769,439
592,374,478,359,260,362,527,636,882,439
648,420,304,264,179,211,444,489,892,439
366,274,152,121,98,125,349,322,847,439
296,181,220,167,119,160,360,280,896,439
375,272,227,180,133,177,380,322,898,440
351,253,203,143,111,159,373,316,846,440
274,213,201,181,142,157,338,352,891,440
478,324,276,219,149,203,398,493,939,440
374,250,247,197,135,175,352,539,950,440
707,434,308,228,137,194,434,538,925,440
704,469,330,258,183,247,401,507,893,440
341,229,241,167,110,173,400,411,904,440
615,399,342,263,184,248,421,469,900,441
338,254,199,152,120,166,349,302,851,441
703,463,309,241,171,232,422,477,902,441
606,316,392,315,196,261,468,729,928,441
646,446,269,195,137,195,407,425,845,441
542,354,227,165,115,164,491,320,831,441
486,386,198,159,127,163,339,317,839,441
577,402,132,106,73,95,320,673,993,441
408,295,236,173,128,178,363,383,899,441
613,423,118,86,63,88,352,331,756,442
710,459,286,214,147,210,415,509,917,442
438,319,264,206,156,207,411,326,858,442
408,296,220,172,138,179,386,327,700,442
252,173,267,193,146,207,383,318,786,443
476,303,368,243,159,264,436,587,830,443
405,193,251,200,100,136,646,0,145,443
632,389,333,254,172,232,428,601,955,443
546,382,252,220,172,201,411,401,853,444
714,456,340,254,180,248,493,430,842,444
621,401,278,217,148,201,431,461,912,444
305,197,303,216,148,222,425,444,876,445
538,393,193,148,117,156,376,315,832,445
628,348,318,259,166,219,434,558,885,445
685,433,356,249,158,243,453,569,919,445
712,389,434,364,259,319,539,725,935,445
334,219,226,160,112,166,402,338,894,445
356,248,178,138,98,134,365,336,854,445
570,432,167,125,96,137,380,315,816,445
702,436,339,266,181,245,435,604,882,445
548,351,342,269,190,252,416,576,972,446
413,316,221,164,135,182,367,294,852,446
374,294,163,124,95,127,341,293,863,446
452,335,189,152,122,152,371,312,835,446
418,235,260,202,132,177,410,612,924,446
383,269,203,162,116,154,400,321,847,446
546,392,326,298,240,264,502,322,841,446
223,165,201,162,124,157,326,396,899,446
666,364,422,319,161,233,463,845,914,446
610,405,245,214,145,173,416,356,880,446
589,347,358,259,157,239,451,608,917,447
663,450,366,274,199,275,463,513,893,447
502,283,354,244,158,247,449,621,954,447
556,383,334,249,191,261,418,476,963,447
615,423,204,154,114,157,403,322,871,447
647,373,395,286,173,251,494,624,851,447
625,434,243,179,131,187,391,337,855,447
469,348,166,119,97,138,337,319,897,447
363,221,143,101,61,94,377,502,665,447
727,409,368,286,174,241,522,639,867,447
575,469,144,117,102,127,359,329,815,447
548,386,211,140,102,161,458,328,841,448
589,425,204,146,114,164,390,338,847,448
415,303,234,174,130,183,364,307,821,448
551,406,183,148,120,150,380,329,854,448
562,411,260,205,152,198,414,302,875,448
552,411,257,190,145,198,453,336,819,448
622,355,363,296,181,240,439,618,883,449
409,240,263,204,124,171,371,513,936,449
596,380,303,248,161,196,535,311,801,449
380,302,220,178,146,183,353,302,798,449
438,361,169,113,98,147,360,325,826,449
369,316,133,102,91,118,391,123,799,449
475,228,364,271,167,245,493,577,719,449
540,403,197,149,116,156,398,318,829,449
678,453,322,264,195,247,504,409,864,450
515,360,215,165,124,167,374,316,808,450
462,297,224,175,120,164,391,339,883,450
720,445,436,307,204,302,536,629,915,450
320,210,204,149,110,154,398,314,860,451
341,254,185,132,106,150,351,305,801,451
543,339,178,140,116,150,476,320,826,451
183,156,172,138,122,153,430,32,676,451
503,298,296,217,143,209,411,422,886,451
419,289,182,139,105,143,381,311,822,451
325,222,316,235,183,250,481,168,896,452
530,312,441,304,182,284,485,439,895,452
195,157,152,117,92,122,277,313,812,452
312,229,207,137,103,161,527,5,656,452
616,415,334,228,167,266,406,314,856,452
587,409,288,229,181,225,473,367,794,452
294,221,198,147,112,156,367,301,883,452
464,309,305,229,165,230,429,487,934,452
444,298,235,193,145,178,391,419,962,452
434,327,209,150,114,163,383,316,868,453
511,329,306,217,149,226,421,556,897,453
316,227,167,133,100,130,368,315,826,453
683,458,302,239,180,229,430,519,889,453
462,255,337,256,157,223,415,601,885,454
540,365,296,225,162,223,412,381,790,454
248,177,215,170,119,158,261,466,791,454
233,180,201,152,115,157,311,307,786,454
446,342,187,163,136,157,353,301,852,454
471,263,304,206,140,223,423,609,839,454
530,355,228,184,124,168,385,380,871,454
730,449,389,278,184,278,433,520,974,454
469,338,168,135,108,138,373,319,750,455
475,268,341,257,165,231,401,561,960,455
584,422,213,171,138,174,384,326,835,455
504,356,279,210,154,216,475,316,827,455
538,348,360,256,173,254,434,591,838,455
527,271,394,245,138,247,523,494,818,455
320,239,201,156,124,166,329,309,863,455
352,263,216,166,132,172,437,183,868,455
439,316,203,165,127,160,387,336,886,456
690,445,378,269,186,269,432,532,952,456
427,333,181,141,121,157,378,317,842,456
603,428,328,231,173,263,474,458,888,456
380,286,209,156,120,161,418,315,861,456
367,236,332,244,159,234,420,601,896,456
258,198,208,150,114,162,356,313,837,456
444,286,225,149,99,165,437,217,806,457
428,261,144,108,64,92,261,628,972,457
603,425,348,236,167,273,421,361,795,457
594,352,345,272,185,247,443,635,867,457
675,379,452,364,225,295,460,601,947,457
498,287,278,220,127,181,429,565,886,457
325,237,170,131,103,140,360,326,862,457
674,467,273,221,160,208,435,429,903,457
355,259,214,167,149,189,422,327,841,458
515,365,253,196,141,189,437,434,875,458
639,425,293,217,153,215,472,331,669,458
443,270,310,236,162,224,421,521,939,458
541,349,401,295,205,297,412,610,918,458
444,290,270,215,140,184,339,371,884,459
451,275,332,262,185,243,429,563,899,459
678,368,264,188,122,185,405,642,944,459
467,364,164,121,111,150,402,232,869,459
510,357,246,215,158,185,405,386,884,459
676,437,206,170,120,151,393,346,861,459
600,405,362,283,179,239,439,568,935,459
493,368,289,203,148,225,455,320,834,459
720,454,499,404,263,355,500,420,866,459
457,220,151,124,71,95,640,0,185,459
281,186,308,244,153,200,451,404,871,459
591,440,189,151,118,152,369,302,810,459
389,227,399,321,186,260,432,636,914,459
444,334,220,158,126,180,386,326,839,459
433,315,168,127,92,128,358,320,887,460
498,377,257,179,146,212,469,389,803,460
339,258,169,122,102,143,420,325,832,461
695,454,310,230,161,226,427,559,924,461
365,255,320,241,163,227,395,416,879,461
402,306,234,188,135,176,448,310,822,461
371,242,213,158,119,167,380,320,823,461
654,364,139,113,62,84,383,640,933,461
372,257,266,176,121,194,409,308,898,461
589,366,410,325,204,274,436,400,832,461
457,392,177,128,115,162,385,84,663,461
624,387,304,237,152,209,431,441,863,461
470,307,250,182,131,188,395,386,865,461
415,320,263,206,173,225,452,144,844,461
510,383,286,210,158,224,391,309,834,461
394,287,179,131,106,148,380,314,870,461
658,474,250,186,138,192,419,318,832,461
585,377,309,247,163,224,413,477,906,461
401,293,248,169,126,189,355,388,673,461
507,250,381,280,151,228,521,410,897,461
561,336,273,214,152,204,407,499,954,461
480,254,202,154,121,161,478,324,833,462
425,331,174,135,102,136,340,321,879,462
395,225,357,279,191,249,436,574,693,462
254,158,228,174,123,169,449,393,881,462
314,240,199,155,120,160,361,405,875,462
530,377,203,156,121,165,394,315,854,462
708,421,445,305,184,289,469,663,917,462
565,408,246,188,119,161,429,654,945,462
600,381,329,212,143,240,448,517,881,462
487,334,266,188,140,204,465,318,826,462
542,413,201,158,122,159,378,309,892,462
428,210,394,294,172,256,447,613,699,463
695,468,284,180,123,205,437,430,936,463
396,297,238,167,124,184,330,363,897,463
609,458,184,146,116,150,395,325,854,463
530,315,329,241,160,232,426,484,937,463
699,465,362,312,239,279,430,418,923,463
232,177,170,141,111,134,312,317,759,464
658,342,532,390,236,349,532,638,883,464
429,254,346,252,177,254,397,595,942,464
318,214,224,182,131,167,380,311,908,464
602,416,250,167,123,190,483,321,852,464
443,287,255,187,128,187,414,325,787,465
391,302,142,108,85,116,320,287,743,465
264,197,232,166,126,183,350,298,835,465
510,377,267,197,128,180,530,326,836,465
344,279,128,99,84,111,335,343,885,466
342,254,181,146,112,146,362,315,768,466
565,389,293,227,172,229,426,332,846,466
343,239,244,186,142,189,383,338,797,466
593,422,315,224,158,234,412,502,896,466
490,338,253,187,141,202,448,315,655,466
532,340,351,273,189,253,430,629,948,466
453,346,170,142,112,136,354,306,816,466
571,442,137,112,87,114,368,335,854,466
349,237,208,161,124,164,373,313,843,467
448,328,258,200,161,213,418,328,853,467
590,395,385,243,167,283,420,435,856,468
397,244,242,188,130,178,412,371,899,468
564,373,143,106,74,107,382,669,834,468
421,355,140,110,93,121,310,300,819,468
271,207,171,126,97,138,330,316,814,468
471,339,309,241,192,250,469,326,813,468
642,432,357,250,183,273,471,601,934,468
421,345,276,178,154,241,406,166,785,468
676,401,372,277,173,249,464,627,851,468
410,290,200,155,119,158,367,321,679,469
695,491,244,200,153,191,402,411,905,469
643,381,363,304,224,276,451,544,982,469
491,329,260,178,127,196,391,322,782,469
357,266,164,129,102,131,357,274,835,470
247,199,316,233,183,256,464,193,845,470
404,278,358,251,176,263,495,393,864,470
396,315,270,182,142,222,445,313,829,470
327,208,334,247,170,236,533,427,859,470
542,389,232,179,137,183,400,313,841,470
370,259,199,157,124,162,389,313,855,470
289,225,197,148,111,149,276,308,761,470
717,422,429,282,184,303,465,645,900,470
559,413,204,163,124,160,387,325,897,470
536,416,193,150,123,164,387,333,794,470
721,428,462,346,230,321,447,566,897,471
391,228,356,248,155,243,484,584,915,471
294,205,193,131,93,144,353,236,786,472
236,174,192,145,118,159,357,310,791,472
605,410,331,252,173,243,428,431,927,472
527,337,196,159,122,152,474,317,806,472
482,347,163,146,114,132,367,259,810,472
521,362,282,201,149,219,396,359,870,472
444,341,218,180,153,189,442,326,788,472
347,256,229,170,138,184,445,307,799,472
373,216,285,208,137,190,390,437,870,472
372,210,320,250,163,217,410,670,901,472
542,379,453,289,211,346,452,476,876,472
447,263,306,232,147,208,399,660,759,472
696,393,516,381,231,336,558,596,892,473
605,429,257,238,180,196,404,421,901,473
500,342,245,170,140,203,532,335,824,473
453,330,251,212,157,193,410,375,869,473
408,268,252,207,144,183,411,424,893,474
323,213,183,148,108,139,355,315,823,474
469,326,331,252,185,250,408,354,834,474
414,278,228,168,118,173,376,324,841,474
467,266,348,239,152,240,439,602,895,474
392,262,248,174,127,191,396,311,850,474
435,348,224,173,144,188,368,423,873,474
620,423,253,184,135,193,395,408,855,474
562,329,365,277,180,249,453,631,919,475
540,364,137,112,67,91,515,325,906,475
364,284,182,136,110,149,336,303,850,475
467,325,243,190,143,185,392,349,862,475
403,222,406,329,196,262,450,597,746,475
313,220,175,130,102,138,352,199,809,476
433,314,186,153,119,149,403,353,903,476
498,322,260,211,148,185,419,518,955,476
514,342,304,215,153,231,417,485,923,476
367,239,232,168,121,172,379,395,889,476
406,269,233,169,121,175,408,328,858,476
705,417,315,231,153,222,456,644,975,476
307,205,253,187,139,193,397,376,877,476
512,403,214,163,133,177,394,318,885,477
470,315,209,158,107,153,388,326,812,477
362,281,159,125,104,132,349,182,825,477
296,186,384,269,174,258,443,613,904,477
335,197,360,281,188,253,434,532,906,477
281,201,193,141,107,153,368,316,864,477
376,281,162,128,101,134,351,303,854,477
338,242,309,212,153,234,394,449,908,478
693,486,239,180,138,189,416,333,723,478
581,431,200,165,134,166,381,321,820,478
595,393,256,199,139,193,414,352,857,478
281,215,135,109,97,121,387,149,810,478
457,357,179,128,103,149,372,329,724,478
495,342,230,196,165,198,443,310,844,478
331,240,225,181,138,181,366,326,820,479
259,159,129,99,66,91,411,540,913,479
561,342,376,291,186,257,423,556,914,479
672,432,361,301,208,258,433,490,888,479
707,454,246,179,114,163,478,317,811,479
453,279,404,283,177,275,404,547,936,479
459,325,230,173,131,180,382,302,837,479
634,398,261,236,155,187,419,468,836,479
469,282,309,204,128,209,395,535,948,479
493,338,289,213,147,213,398,318,866,480
706,456,255,203,134,180,427,356,865,480
405,266,232,183,131,175,412,381,887,480
398,301,105,80,61,85,322,337,819,480
707,415,344,248,154,230,461,493,925,480
453,339,181,142,108,141,340,298,852,480
548,337,351,247,168,255,409,606,897,480
328,211,325,240,165,234,415,467,900,480
728,419,520,354,199,315,560,603,899,480
336,213,263,181,124,191,465,316,811,480
685,444,278,210,146,203,415,383,898,480
704,382,373,257,131,212,464,549,908,481
418,322,173,133,106,140,365,308,814,481
732,443,448,343,216,310,558,573,856,481
382,315,262,184,163,232,396,382,857,481
302,247,121,84,68,101,330,190,826,481
425,327,260,196,145,203,387,396,878,481
389,248,210,152,104,151,392,328,890,481
443,292,255,192,140,195,383,299,863,481
497,379,143,99,80,117,343,289,838,481
435,278,281,215,146,202,382,513,879,482
489,350,197,153,115,154,390,314,856,482
438,331,347,248,212,300,510,466,811,482
255,172,241,179,122,179,380,308,835,482
354,256,113,87,65,86,322,297,883,482
457,328,293,219,175,239,484,323,837,482
182,152,125,116,99,106,337,1,208,482
357,280,134,105,88,112,411,1,221,483
471,295,260,181,129,196,377,383,893,483
630,459,241,190,146,193,395,330,880,483
518,345,234,115,177,313,533,281,822,483
596,394,289,232,173,222,451,551,935,483
272,201,253,171,119,186,382,308,821,483
628,336,280,219,129,175,433,638,924,483
635,433,320,267,194,239,426,444,866,483
417,282,197,140,100,146,389,328,873,483
639,402,342,274,181,236,428,463,917,484
415,238,386,295,182,255,450,540,928,484
270,232,159,108,92,137,366,317,875,484
367,206,345,249,161,236,447,490,896,484
564,300,293,228,144,198,531,439,842,484
470,350,362,294,230,291,530,385,825,484
333,220,138,105,78,106,343,316,868,484
248,201,180,135,113,155,331,319,836,484
418,302,153,122,96,121,344,300,833,484
565,389,260,191,141,203,398,306,848,485
646,463,242,190,145,190,410,324,850,485
546,389,196,155,116,153,366,321,893,485
565,347,315,246,166,229,414,543,890,485
328,232,236,181,141,187,394,395,927,485
572,380,222,171,118,166,398,349,737,485
244,195,205,140,109,167,401,151,612,486
330,215,341,269,194,256,478,348,754,486
528,337,202,154,105,144,377,685,877,486
272,187,278,207,143,200,392,400,894,486
366,225,261,188,133,197,448,354,818,486
454,294,286,209,144,209,420,456,928,486
484,271,389,311,189,255,492,596,857,486
533,272,478,377,233,309,472,973,901,486
523,405,167,134,100,130,390,326,860,486
610,412,331,260,182,250,452,458,926,486
465,262,404,294,175,265,460,645,916,487
319,213,269,196,134,197,405,381,901,487
510,358,255,156,105,184,358,434,910,487
568,413,241,170,133,194,436,339,836,487
353,252,223,176,136,181,373,320,762,487
487,321,206,147,100,153,383,315,831,487
405,295,293,228,186,243,411,324,893,487
488,386,174,109,88,145,410,166,889,487
502,338,331,273,201,253,487,313,826,487
321,223,211,145,101,154,373,1,232,487
359,254,192,144,113,155,362,313,857,487
631,404,289,211,148,206,498,470,942,487
426,349,157,127,104,130,362,325,844,487
556,396,230,181,126,164,423,273,868,487
666,430,313,235,163,228,442,475,893,488
472,284,315,230,157,233,421,636,919,488
587,429,199,173,126,156,356,352,868,488
391,276,186,139,101,145,393,312,820,488
474,334,251,196,147,196,353,380,860,488
539,377,217,169,125,168,393,315,796,488
646,451,236,170,127,183,415,471,943,488
526,362,274,215,160,210,400,417,920,488
628,429,140,109,77,103,438,648,1001,488
502,351,261,197,144,200,406,521,932,488
417,341,219,164,135,184,462,325,740,488
441,231,348,255,160,231,540,430,835,489
502,381,151,110,85,122,335,319,864,489
367,226,258,193,128,184,426,338,851,489
359,255,342,224,159,256,412,402,895,489
232,184,108,93,77,90,540,1,144,489
594,426,285,199,139,219,400,315,876,489
193,177,103,61,57,97,390,1,200,489
409,230,294,218,125,184,433,633,887,489
335,241,189,148,117,153,362,393,924,489
558,325,459,354,217,293,441,940,926,489
411,320,188,153,127,157,380,337,863,489
601,354,404,274,183,290,502,510,761,489
496,361,197,160,119,152,367,441,920,490
538,369,181,164,124,142,349,300,843,490
318,238,207,157,114,157,322,310,822,490
715,451,328,265,190,243,442,526,918,490
520,349,210,163,116,158,387,329,848,490
677,421,346,266,189,261,438,663,935,490
369,266,247,176,131,192,379,313,827,491
235,154,281,214,135,198,271,541,839,491
643,439,218,169,123,169,395,317,807,491
492,255,324,271,172,216,444,655,851,491
544,394,165,140,105,124,429,314,885,491
416,318,267,226,189,228,403,330,894,491
266,229,178,119,101,154,498,2,578,491
520,343,294,207,147,222,417,505,951,491
657,437,317,257,178,229,415,515,941,491
518,313,435,317,199,302,439,613,881,491
260,179,277,184,127,203,398,354,872,491
539,368,265,233,168,201,395,446,898,492
346,216,365,257,166,254,425,507,866,492
271,171,210,175,112,147,453,133,733,492
255,178,127,98,72,97,313,315,883,492
241,171,176,122,93,136,359,313,834,492
478,312,305,211,136,212,413,456,933,492
509,340,335,246,171,244,415,520,866,492
671,447,251,212,143,182,378,307,858,493
402,258,269,204,142,198,368,470,939,493
420,225,439,321,184,279,469,603,915,493
408,257,195,141,106,146,484,322,844,493
417,278,262,194,143,204,410,318,834,493
417,289,242,184,141,190,474,327,781,493
644,469,299,242,172,229,395,318,845,493
570,394,266,200,149,209,465,408,855,493
502,324,395,306,214,286,389,602,890,493
653,465,261,216,167,204,423,367,923,493
235,181,184,154,130,154,421,323,825,493
415,289,230,174,130,179,360,312,851,493
612,324,390,317,198,261,410,451,912,493
674,467,269,191,139,205,425,590,958,493
546,267,351,267,166,236,503,643,900,494
324,225,286,214,154,217,376,510,904,494
690,438,241,181,124,174,425,346,849,494
575,382,298,216,147,211,429,341,867,494
501,308,283,198,114,175,518,306,819,494
556,418,178,129,101,144,356,338,864,495
378,265,264,193,143,204,381,397,916,495
591,430,223,164,124,175,406,313,819,495
624,469,220,172,127,169,391,311,861,495
599,351,372,283,198,272,444,651,890,495
529,364,287,185,138,219,496,405,880,495
654,406,357,276,188,253,407,610,832,495
481,343,312,245,192,246,490,337,813,495
345,241,178,132,100,141,371,325,856,495
725,467,310,251,175,229,430,545,947,495
600,404,196,148,104,147,403,322,876,495
209,190,97,69,63,89,364,48,828,495
583,359,293,244,167,213,488,484,931,495
345,188,290,207,102,156,525,322,788,496
312,215,276,210,150,204,329,629,692,496
453,275,281,204,127,187,496,346,858,496
527,324,284,213,147,204,398,313,859,496
714,410,328,248,160,223,460,655,716,496
549,308,340,241,154,233,440,544,903,496
508,299,275,193,136,202,469,467,909,496
358,227,300,239,145,205,368,542,939,496
358,277,200,168,134,164,372,311,716,496
385,301,145,123,109,125,345,314,866,497
290,203,142,101,74,109,347,322,842,497
645,354,362,258,152,236,441,654,891,497
617,374,372,268,184,264,439,631,919,497
385,284,177,126,104,144,417,302,835,497
592,422,219,190,140,168,409,343,891,497
621,436,219,161,117,163,382,329,840,497
505,344,453,296,220,346,535,650,886,497
394,278,195,161,130,159,367,327,842,498
601,343,434,308,201,297,450,544,907,498
728,455,281,208,133,197,431,504,918,498
723,416,403,302,180,260,474,653,856,498
198,158,166,134,111,138,414,107,899,498
485,372,262,185,152,217,426,127,689,498
675,374,226,162,101,151,547,690,891,498
371,228,249,183,121,173,487,409,861,498
647,435,494,348,245,360,510,773,971,498
370,200,350,260,160,235,409,619,912,498
491,351,303,238,170,231,419,505,912,499
402,306,183,139,121,157,385,320,882,499
719,464,350,248,160,251,421,328,871,499
516,317,337,248,187,269,500,574,926,499
604,429,266,209,156,208,418,319,834,499
536,368,375,275,190,271,448,612,873,499
508,359,193,147,113,154,390,320,879,499
644,404,371,315,217,254,521,308,880,499
587,379,285,226,166,211,406,442,908,499
429,318,186,156,122,151,381,315,811,499
452,318,227,176,137,181,362,311,830,499
426,256,274,196,131,199,423,396,863,499
475,373,220,158,132,193,363,307,826,500
548,366,246,217,157,186,418,356,808,500
331,196,264,204,133,184,418,377,858,500
350,219,248,212,152,186,445,310,852,500
593,331,197,150,91,132,374,941,957,500
300,215,140,104,80,111,335,323,853,500
535,374,243,198,150,191,392,362,897,500
451,318,219,174,130,169,383,312,823,500
503,317,378,268,177,264,438,579,938,500
332,205,281,212,141,193,428,466,899,501
212,192,175,131,114,154,513,3,586,501
473,364,240,160,119,187,363,350,882,501
527,368,284,192,133,205,410,456,896,501
642,447,234,186,139,180,419,358,885,501
486,294,341,269,172,234,398,618,866,501
384,280,189,146,112,152,370,310,888,501
439,313,274,201,157,219,409,340,876,501
576,403,295,240,178,228,434,458,906,502
394,274,268,210,147,193,392,349,852,502
478,376,186,164,134,154,377,304,846,502
326,234,224,171,130,174,389,325,856,502
677,451,272,184,134,208,403,485,873,502
474,303,390,302,221,296,570,14,667,502
573,440,220,174,137,178,386,330,799,502
566,431,206,166,124,163,379,315,785,502
213,167,245,183,133,188,358,302,854,503
434,297,228,191,147,175,454,328,885,503
484,381,148,111,100,132,423,330,832,503
384,269,259,202,147,196,462,449,890,503
428,341,181,148,120,153,363,321,881,503
724,471,343,277,205,264,437,521,863,503
434,262,227,171,115,160,394,315,841,504
340,201,283,216,142,193,411,349,893,504
398,293,194,161,129,159,387,323,781,504
267,212,192,146,121,164,329,417,791,504
379,253,358,274,188,259,386,428,909,504
373,259,192,147,119,159,460,325,863,504
684,434,332,245,163,238,409,493,907,504
403,222,325,243,166,224,383,640,782,504
501,270,428,315,185,276,528,631,735,504
449,334,118,107,87,95,309,328,904,505
391,296,205,167,127,165,376,317,863,505
548,355,378,273,204,288,481,610,921,505
537,404,256,174,135,202,382,310,701,505
374,274,222,161,123,177,355,318,842,505
322,224,157,130,98,126,343,314,812,505
521,398,200,151,124,165,374,315,823,505
377,229,368,280,186,255,432,598,881,505
541,385,259,208,153,196,416,329,757,506
249,193,195,171,144,162,493,9,583,506
604,374,375,287,186,265,436,598,911,506
718,475,458,357,238,331,435,415,854,506
278,205,261,174,120,192,387,364,851,506
449,307,240,185,143,192,401,348,858,506
636,366,319,258,164,213,445,630,921,506
360,282,186,157,127,153,361,312,909,506
416,313,147,114,99,126,458,323,788,506
252,224,97,76,72,91,357,36,797,506
489,360,195,170,130,154,385,327,835,506
711,471,234,179,119,165,391,445,873,506
612,331,386,291,198,277,509,676,899,506
548,410,231,167,140,196,449,144,848,506
363,220,201,148,104,150,427,317,687,506
331,212,409,297,188,273,422,587,852,506
425,298,278,197,149,215,413,330,821,507
436,279,282,236,158,206,396,475,955,507
386,265,215,165,130,171,390,364,874,507
491,362,223,174,131,180,387,312,785,507
514,377,236,175,133,183,390,317,847,507
487,336,299,182,140,246,481,330,842,507
571,454,167,134,107,139,369,321,836,507
438,298,170,116,88,135,323,320,866,507
474,269,360,264,168,252,424,509,967,508
719,450,133,88,60,95,447,403,822,508
456,238,426,315,199,292,515,629,859,508
479,366,160,116,93,131,370,324,809,508
621,378,338,237,142,226,433,454,897,508
514,279,314,239,143,207,427,618,863,508
539,358,299,220,157,222,472,363,830,508
694,440,229,189,120,151,515,335,737,508
600,383,199,141,94,141,434,316,849,508
627,459,266,196,153,217,414,324,832,508
459,346,181,139,110,145,379,321,847,508
546,336,244,201,148,187,475,326,803,508
347,246,262,191,142,202,396,419,901,509
715,456,292,205,135,207,424,459,885,509
641,414,292,223,159,220,402,394,888,509
352,227,240,166,123,185,455,343,855,509
654,419,296,224,157,211,423,467,905,509
293,208,243,174,120,182,407,331,846,509
388,227,407,310,202,278,446,628,859,509
452,359,117,99,82,99,303,315,953,509
606,348,436,337,245,330,485,663,866,509
596,417,278,221,158,210,445,507,909,510
532,322,342,243,171,249,429,626,851,510
575,363,268,187,122,187,420,322,885,510
366,264,163,129,102,131,371,319,818,510
456,272,194,138,80,127,405,325,844,510
561,399,241,185,139,189,399,323,823,510
365,277,273,226,170,212,403,301,834,510
379,267,233,179,135,182,396,352,786,510
523,313,352,244,156,241,435,562,971,511
580,329,215,150,95,143,534,613,928,511
460,297,248,175,121,184,391,441,874,511
607,389,354,272,187,258,423,629,879,511
268,150,157,119,73,100,576,1,174,511
414,304,265,192,156,222,380,323,823,511
238,150,190,146,99,136,368,328,855,511
548,338,225,189,127,157,415,330,848,511
590,438,144,106,81,113,369,323,859,511
577,358,351,285,174,238,457,478,906,511
398,220,355,244,149,231,417,535,929,511
492,399,207,154,130,178,350,327,867,512
598,375,371,266,185,277,482,481,967,512
431,288,301,236,164,222,412,523,886,512
560,408,232,178,134,180,444,328,863,512
497,366,200,138,98,150,392,315,910,512
576,402,306,218,157,239,425,474,917,512
419,233,324,243,154,221,417,555,933,512
617,456,300,218,172,238,576,4,611,512
699,468,231,177,120,165,418,407,949,512
419,283,368,281,177,253,431,495,918,512
396,279,251,188,145,200,450,390,895,512
439,327,230,178,133,180,429,323,847,512
336,227,242,181,134,189,392,308,815,513
439,254,403,325,195,265,426,653,871,513
484,350,179,136,102,136,363,312,849,513
585,347,325,261,174,230,441,645,891,513
543,370,179,143,111,144,470,327,872,513
425,293,194,150,114,152,351,313,865,513
539,363,342,243,180,268,494,424,849,513
321,234,201,149,111,156,323,290,848,513
312,227,181,152,113,138,350,316,858,513
554,380,228,169,128,178,408,347,821,513
395,232,225,168,119,162,503,311,836,514
466,361,404,303,239,322,477,452,899,514
678,452,292,216,151,209,413,597,897,514
707,427,334,263,174,235,453,582,930,514
475,266,250,194,122,169,488,333,832,514
380,292,221,173,144,188,370,369,727,514
334,206,335,235,152,236,432,580,923,514
607,386,327,290,189,224,424,515,956,514
609,401,231,175,131,177,510,320,824,514
486,319,264,208,154,203,475,415,883,514
416,295,233,186,126,165,448,317,868,514
558,367,380,311,244,303,504,629,933,514
310,247,111,86,66,88,506,2,580,514
441,307,253,204,150,196,483,315,812,514
473,275,300,226,146,213,424,612,965,515
404,260,310,230,146,215,486,522,896,515
540,370,321,244,169,234,465,348,790,515
366,200,375,286,159,238,431,606,908,515
465,314,259,205,158,206,459,481,891,515
371,220,382,285,156,214,391,516,881,515
570,361,305,248,171,226,416,539,963,515
650,412,345,250,167,241,444,560,921,516
663,466,224,182,126,164,389,323,831,516
313,265,183,126,103,158,329,294,787,516
670,449,342,228,165,258,417,460,899,516
502,279,226,180,114,157,448,334,879,516
507,375,226,210,159,175,423,317,871,516
648,452,248,190,135,187,409,412,906,516
400,330,209,145,121,177,397,229,787,516
254,181,221,175,132,174,363,313,831,516
547,382,277,222,173,221,414,323,822,517
541,273,255,182,101,159,487,839,920,517
412,351,206,151,133,182,398,2,203,517
607,373,273,206,151,204,414,504,884,517
440,244,416,307,180,264,459,642,882,517
560,370,324,249,174,234,409,384,873,517
462,378,124,98,85,107,316,323,880,517
300,188,262,210,166,209,511,544,936,517
584,439,224,158,123,184,362,311,797,517
488,336,206,159,118,159,395,329,888,517
588,419,241,190,139,184,410,323,836,518
415,320,269,193,150,218,393,322,819,518
489,366,253,190,143,200,392,306,798,518
336,204,337,242,151,223,436,597,914,518
706,459,451,315,214,331,419,574,933,518
421,290,177,128,93,133,407,328,818,518
475,338,243,184,136,191,376,422,886,518
354,290,186,124,104,156,361,322,768,518
203,160,141,118,95,116,284,299,832,518
508,406,417,304,242,337,517,597,891,519
358,280,214,151,124,180,379,315,889,519
653,450,275,233,164,207,426,312,839,519
660,477,189,146,103,141,393,336,835,519
558,368,203,151,112,160,401,380,896,519
504,337,209,164,115,152,426,328,848,519
477,361,198,145,112,158,383,314,851,519
573,386,273,188,132,200,411,326,838,519
366,277,197,134,114,170,458,319,873,519
251,223,123,90,77,107,305,147,734,519
685,463,300,227,166,232,425,549,910,519
386,297,163,127,99,130,347,312,836,520
537,392,244,185,146,195,391,320,849,520
395,272,249,177,138,202,384,324,877,520
338,250,253,186,128,176,528,311,856,520
346,234,258,209,153,198,364,362,896,520
417,296,180,145,106,138,324,312,830,520
466,273,316,237,157,225,421,612,890,520
244,180,211,154,118,168,346,320,811,521
476,352,183,152,119,149,378,324,836,521
551,398,229,177,134,182,471,315,849,521
469,351,216,147,114,171,387,327,871,521
657,456,325,259,197,251,436,361,843,521
582,455,164,123,110,145,426,274,578,521
280,181,261,185,128,189,360,302,833,521
594,368,331,248,163,236,424,448,903,522
607,403,335,256,146,208,406,612,922,522
390,240,299,228,139,200,423,332,859,522
558,404,205,189,143,160,394,305,848,522
470,377,143,117,96,120,326,328,835,522
492,319,226,166,119,170,400,327,860,523
329,242,213,157,111,160,362,314,831,523
441,320,198,142,103,148,356,309,834,523
280,199,273,195,147,212,366,309,848,523
466,318,224,163,115,166,404,311,830,523
404,225,151,101,63,101,312,584,800,523
376,279,226,190,152,185,351,366,875,523
368,262,296,209,161,232,387,336,901,523
597,324,361,281,180,251,436,645,938,523
395,287,237,172,129,181,388,341,796,524
560,429,234,175,129,173,383,303,837,524
504,318,306,234,184,246,422,460,903,524
472,327,227,196,151,180,366,444,881,524
295,181,289,231,163,210,371,413,920,524
450,300,251,221,149,176,409,475,884,524
366,297,233,186,155,197,359,324,830,524
603,431,300,219,177,252,456,316,769,524
312,275,105,76,65,91,353,77,706,524
435,348,228,158,126,184,362,302,834,524
265,210,158,118,94,129,342,221,774,524
537,347,340,263,188,253,444,656,876,524
511,371,316,222,162,239,390,518,943,524
514,344,234,178,143,193,498,326,852,524
287,221,255,183,142,202,364,307,864,524
542,401,178,136,101,143,405,326,880,525
333,260,153,129,106,131,341,232,712,525
490,267,390,287,179,266,477,655,787,525
718,413,409,311,198,277,455,631,820,525
464,288,125,101,69,91,352,649,919,525
317,247,108,77,60,85,312,312,870,525
535,348,281,204,137,199,482,312,819,525
726,436,408,292,199,293,453,618,801,525
586,349,353,267,180,253,433,534,851,525
464,329,194,160,123,150,398,318,879,526
418,234,297,211,130,202,434,490,881,526
586,450,247,175,145,211,437,334,758,527
723,464,284,239,168,212,418,482,902,527
655,390,357,285,196,249,490,606,904,527
474,346,230,183,142,185,401,332,898,527
516,347,253,187,141,195,426,343,885,527
406,249,294,254,177,216,447,508,797,527
515,316,374,274,179,259,438,473,853,528
233,183,188,137,102,145,405,321,852,528
313,184,296,204,128,200,503,323,806,528
629,331,434,345,192,261,463,527,882,528
428,271,221,158,119,170,457,312,797,528
386,279,249,204,163,197,385,429,884,528
603,426,256,186,148,205,393,309,862,528
381,222,389,279,181,266,432,609,912,528
666,360,397,284,186,278,521,553,927,528
523,279,389,296,178,244,425,667,832,528
240,169,177,141,109,139,353,318,840,529
452,321,248,178,127,182,386,454,929,529
551,279,408,301,136,201,449,750,953,529
640,417,243,205,141,177,392,346,858,529
678,362,451,337,153,239,479,697,926,530
680,493,179,138,103,137,389,307,845,530
448,297,208,166,124,160,388,329,812,530
677,426,322,234,159,233,476,398,870,530
565,327,274,200,118,177,418,605,867,530
460,300,160,127,90,121,354,325,876,530
360,247,286,226,169,218,378,428,904,530
578,411,230,181,132,173,464,326,829,530
381,247,248,185,127,183,383,300,797,530
334,254,258,187,145,202,394,322,834,530
490,293,406,296,197,287,452,592,890,530
465,342,225,155,122,182,383,314,806,531
477,283,234,176,124,174,457,418,873,531
603,377,282,226,147,191,391,533,878,531
397,275,236,178,134,184,398,327,872,531
361,275,195,135,102,155,361,335,821,531
280,208,135,104,81,106,588,1,214,532
448,302,132,100,74,102,285,657,965,532
393,271,250,182,132,186,364,446,820,532
537,359,288,208,149,215,426,481,849,532
529,349,378,291,213,287,479,477,872,532
196,137,218,166,115,159,346,2,221,533
576,419,201,165,128,159,381,322,831,533
709,380,376,268,132,204,380,611,852,533
408,255,296,232,148,201,386,585,894,533
438,315,190,156,117,147,390,400,879,533
288,200,254,193,138,194,407,317,821,533
714,485,394,288,211,295,428,532,919,533
625,415,285,224,155,213,402,420,913,533
541,356,225,182,152,192,472,322,856,533
394,288,263,198,159,216,415,345,830,533
478,383,184,132,107,153,508,2,616,533
418,285,232,186,135,176,394,402,917,533
501,348,228,160,114,173,383,318,890,534
329,248,194,154,124,155,335,302,821,534
445,328,205,174,137,170,363,322,878,534
517,289,405,319,186,260,454,373,803,534
348,276,206,160,129,166,343,312,762,534
481,325,332,220,149,239,410,312,857,535
469,292,368,274,188,263,415,571,940,535
591,295,414,288,162,258,464,639,776,535
560,392,239,187,145,190,466,320,863,535
519,316,375,264,168,255,454,649,923,535
588,298,443,324,188,281,481,640,858,535
587,328,455,333,198,290,518,570,814,535
410,260,380,282,190,274,451,589,830,535
466,249,486,370,211,302,485,646,902,536
228,178,145,111,93,123,322,311,874,536
601,402,250,191,132,181,478,330,831,536
497,298,224,182,126,165,469,331,864,536
390,221,267,195,127,187,501,333,834,536
528,295,305,226,132,198,447,412,836,536
452,328,261,210,172,218,402,337,870,536
426,296,211,171,122,159,441,307,823,536
510,369,215,177,137,171,396,368,868,536
565,392,270,176,129,205,469,317,859,536
438,283,341,256,188,262,441,536,898,536
317,206,303,238,148,200,360,448,848,536
236,200,167,124,105,143,560,3,616,537
438,290,197,159,112,142,475,315,801,537
282,204,212,160,122,161,401,341,880,537
425,348,237,176,136,182,514,326,859,537
365,268,194,158,121,150,366,312,870,537
685,418,293,205,139,212,423,529,913,537
654,454,263,203,160,211,489,314,800,537
414,304,166,153,115,126,366,307,853,537
483,313,260,214,145,181,390,480,903,537
380,272,173,130,98,136,359,333,836,537
342,237,233,175,136,188,358,484,910,537
399,266,206,155,115,159,382,325,832,538
420,331,210,154,125,176,387,322,870,538
555,372,245,202,154,190,403,383,868,538
504,339,213,155,110,159,394,317,856,538
353,253,223,171,126,172,365,308,848,538
683,475,349,228,170,275,416,523,890,538
473,341,181,131,100,143,373,329,886,538
604,362,307,232,159,221,430,552,912,538
176,146,127,98,81,106,509,4,700,539
519,273,407,301,157,232,466,617,933,539
625,445,198,158,117,155,404,332,921,539
533,388,243,200,148,187,434,323,915,539
586,425,235,192,150,185,390,323,684,539
599,399,237,194,138,176,487,316,839,539
275,204,225,167,126,173,354,317,850,539
486,346,147,126,96,113,309,668,851,539
441,326,217,155,128,183,392,316,833,539
572,291,431,319,202,291,555,652,802,539
329,257,206,154,126,170,348,295,868,539
389,253,211,152,108,159,450,313,844,539
600,329,322,240,150,216,414,622,901,539
392,243,411,293,185,281,460,611,910,539
587,444,175,138,113,146,380,316,868,539
589,368,284,235,161,207,427,378,886,539
663,458,332,230,163,248,413,441,910,539
657,400,269,206,132,187,422,445,824,539
555,416,179,150,120,145,369,314,868,540
401,293,227,154,109,164,376,310,857,540
509,336,217,180,117,154,393,360,872,540
191,169,121,95,84,107,425,60,668,540
654,439,235,175,117,172,398,320,810,540
375,272,160,121,88,118,352,322,818,540
329,241,207,160,122,159,434,325,876,540
366,253,172,148,112,135,389,330,862,540
415,274,214,168,117,161,391,494,965,540
459,331,233,176,124,170,365,299,827,540
482,292,388,297,190,265,443,608,913,541
500,361,158,124,96,127,380,320,854,541
394,213,305,231,151,213,418,439,913,541
594,409,281,192,131,202,399,423,937,541
584,400,225,151,108,169,412,330,851,541
446,236,353,262,155,228,445,516,859,541
391,278,278,191,144,221,427,580,915,541
625,431,301,211,142,215,412,340,898,541
444,266,127,102,63,87,260,635,929,541
593,342,349,277,161,222,434,372,914,541
342,207,294,233,145,201,385,622,926,541
667,458,246,183,140,194,537,330,849,542
590,389,224,172,128,172,423,474,950,542
442,279,285,212,129,184,377,621,893,542
477,351,279,199,149,220,383,307,837,542
315,242,194,136,108,158,359,321,865,542
713,474,416,272,188,305,435,449,828,542
437,311,235,170,131,189,367,313,849,542
321,157,191,145,89,120,534,285,834,542
524,379,211,156,108,160,358,288,768,542
506,290,344,247,165,253,436,651,906,543
366,244,286,190,124,194,525,325,877,543
566,407,265,201,152,210,390,317,828,543
385,257,220,168,118,161,377,303,846,543
486,272,296,234,151,204,378,570,844,543
172,150,103,82,78,96,297,52,831,543
428,301,163,141,117,138,473,238,828,543
345,240,231,173,128,177,397,299,842,543
705,380,376,279,156,225,478,652,932,543
619,440,191,149,112,147,381,330,860,543
252,182,197,142,107,155,376,317,849,544
497,367,169,126,93,131,341,299,863,544
543,374,191,148,104,139,392,310,857,544
365,259,179,144,111,142,349,309,830,544
431,316,223,175,143,188,451,323,839,544
329,232,279,189,141,214,405,351,889,544
380,295,198,144,110,158,341,300,857,544
601,392,307,228,155,228,425,482,918,544
256,180,230,170,128,179,401,333,884,544
224,149,167,128,88,124,445,104,679,544
496,256,403,330,191,254,490,630,898,545
300,206,200,150,113,154,398,320,828,545
593,363,262,213,145,190,397,481,908,545
691,429,316,254,167,219,389,620,927,545
275,199,167,124,97,134,344,354,856,545
734,478,320,261,188,239,435,591,924,545
517,401,204,148,117,164,380,322,837,545
497,292,301,225,147,208,432,607,915,546
618,429,299,218,151,222,395,305,821,546
402,297,206,154,124,166,316,296,884,546
516,327,237,169,124,184,469,331,870,546
586,438,226,175,137,180,414,323,848,546
389,286,275,201,154,215,396,391,868,546
503,362,179,157,121,141,345,315,808,546
627,419,252,203,135,172,424,354,833,546
598,306,373,285,176,252,526,562,884,546
505,317,290,236,163,213,415,494,910,547
538,376,249,185,132,187,402,312,842,547
488,357,224,179,144,186,401,367,893,547
501,313,204,139,89,138,471,325,864,547
660,497,255,202,164,206,391,428,884,547
454,322,226,178,138,177,367,311,847,547
396,218,332,244,153,228,403,659,884,547
364,220,284,232,135,185,355,402,889,547
577,297,376,265,166,258,437,649,921,547
483,236,447,341,185,265,460,619,904,547
568,343,209,150,77,114,344,630,899,547
726,489,266,224,166,203,431,381,863,547
498,275,430,342,216,281,456,631,902,548
547,300,364,278,190,269,440,607,884,548
345,222,300,233,152,210,470,407,867,548
472,289,333,254,173,236,415,608,773,548
547,404,182,151,110,135,387,312,843,548
652,436,322,231,162,235,503,488,897,548
471,365,175,124,102,146,383,323,816,548
483,332,166,130,94,129,355,321,862,548
403,272,358,259,187,268,423,508,895,548
364,297,199,129,103,167,352,297,846,548
589,324,374,303,203,264,448,584,902,548
556,386,277,226,164,208,418,379,903,548
674,423,292,225,135,193,483,325,864,548
459,309,215,172,134,172,445,303,815,548
473,324,268,218,155,198,405,465,928,549
597,395,274,220,157,202,397,288,823,549
386,331,176,139,125,159,411,9,664,549
413,315,187,146,117,154,383,317,840,549
617,368,320,246,164,223,444,333,840,549
488,374,295,238,189,236,480,319,889,549
449,272,174,131,84,120,376,640,880,549
535,268,406,307,186,263,450,639,883,549
422,282,451,327,207,308,441,623,897,549
642,429,336,253,171,232,545,361,898,549
488,358,232,163,116,173,352,288,869,549
491,316,217,177,137,174,476,320,784,549
351,247,158,126,92,119,370,316,887,550
375,231,217,168,124,166,383,324,883,550
347,241,193,147,114,149,441,329,818,550
516,381,187,156,124,152,335,304,840,550
406,309,204,153,115,160,358,318,868,550
233,187,207,155,127,173,352,300,874,550
656,401,321,228,160,232,441,432,908,550
427,319,175,145,117,141,374,292,887,550
391,275,117,90,65,87,319,306,857,550
519,308,383,272,188,280,499,391,911,550
305,275,215,138,123,194,391,2,226,550
588,369,292,220,155,212,417,451,899,551
703,456,289,247,157,189,431,628,937,551
320,232,250,168,125,191,389,323,733,551
401,282,200,138,106,157,377,311,828,551
312,226,224,175,133,175,389,310,873,551
242,218,113,76,67,102,493,2,542,551
470,314,142,105,74,105,388,399,825,552
496,379,159,114,84,121,359,322,856,552
246,170,188,138,110,155,468,23,736,552
481,287,325,233,146,222,421,584,900,552
705,492,254,219,164,193,425,428,907,552
563,367,307,262,188,229,427,490,891,552
379,264,209,162,126,165,386,319,847,552
693,481,315,230,165,235,448,380,899,552
622,424,204,155,108,151,416,356,831,553
430,335,109,84,70,91,388,206,852,553
635,424,120,88,60,85,362,352,882,553
588,437,189,135,107,154,385,327,841,553
475,333,217,154,121,175,376,380,850,553
551,410,199,140,110,158,373,340,891,553
499,265,239,169,65,102,473,341,845,553
545,369,292,228,164,221,418,434,978,554
437,286,278,231,161,207,397,407,901,554
501,318,225,167,117,167,446,449,797,554
639,458,226,190,146,180,410,311,848,554
615,418,155,124,96,123,394,651,927,554
700,483,301,234,164,227,399,409,905,554
462,358,172,134,109,143,338,318,800,554
590,328,355,293,204,258,512,451,935,555
435,351,160,132,110,132,376,319,863,555
552,399,274,189,140,211,390,480,940,555
625,425,363,258,172,258,525,598,907,555
329,247,180,146,116,144,320,324,810,555
514,365,300,219,158,224,403,377,910,555
687,409,327,279,190,233,436,633,899,556
539,379,299,233,165,222,420,479,958,556
426,336,280,191,156,230,376,312,846,556
304,272,114,92,86,105,382,93,675,556
288,230,180,142,115,152,355,225,852,556
671,456,204,155,108,149,395,321,836,556
373,292,118,91,78,100,322,332,876,556
617,419,353,266,175,248,456,632,877,556
390,257,258,189,135,196,388,366,856,556
449,361,198,148,124,167,363,320,838,556
639,343,390,301,207,282,510,673,862,557
336,226,229,181,133,179,375,333,797,557
459,352,258,187,153,215,387,308,749,557
396,261,280,216,161,217,388,413,676,557
509,331,258,185,128,189,405,332,849,557
558,368,283,208,142,206,412,545,942,557
294,226,223,179,149,190,368,330,834,558
400,270,257,188,147,207,380,314,868,558
578,402,140,103,76,108,363,332,887,558
556,326,362,272,170,250,435,625,884,558
447,313,225,184,136,173,474,347,834,558
650,439,293,210,148,215,390,427,831,558
528,378,178,154,122,142,359,304,869,558
641,387,338,272,188,247,453,653,872,558
561,360,322,264,197,244,429,527,951,558
602,408,330,257,180,242,414,427,896,558
488,272,359,244,157,245,459,509,923,559
519,356,320,237,177,248,464,381,844,559
395,271,218,166,122,166,386,314,857,559
469,345,204,161,127,164,375,317,737,559
325,217,248,190,134,182,404,317,856,559
343,225,213,155,104,150,374,306,764,559
383,262,198,159,118,155,377,322,850,560
430,281,251,198,136,183,394,349,904,560
296,187,140,108,68,98,451,349,656,560
474,310,336,226,159,253,442,542,821,560
457,313,331,254,181,250,443,473,916,560
567,384,272,219,164,206,419,465,932,560
536,361,221,180,131,166,397,309,860,560
414,305,180,122,98,147,329,324,869,560
439,365,138,93,73,112,406,179,930,560
357,256,215,162,123,167,331,282,820,561
715,444,334,218,143,239,498,364,848,561
433,234,346,288,195,240,428,657,919,561
491,360,233,167,135,193,387,331,739,562
513,363,256,202,141,188,415,324,813,562
447,358,172,133,89,123,391,1,205,562
428,311,201,156,118,157,384,311,845,562
461,299,320,209,149,227,446,293,812,562
375,257,269,193,136,203,395,413,929,562
668,390,377,271,167,247,419,650,931,562
360,250,227,167,114,167,396,364,784,562
462,353,210,143,119,179,391,330,714,563
500,344,280,215,154,210,406,321,850,563
191,151,159,108,86,130,322,140,823,563
619,410,242,177,123,177,416,436,843,563
432,356,101,78,68,89,390,1,204,563
453,312,250,184,121,175,489,306,858,563
577,404,308,209,155,245,414,436,896,563
265,249,152,105,99,142,356,2,221,563
652,433,275,203,154,211,397,423,903,563
224,164,129,92,68,99,302,303,841,563
570,290,380,279,157,239,464,618,920,564
580,460,226,159,133,193,347,328,842,564
482,350,276,235,171,203,393,402,909,564
248,190,201,154,122,161,324,306,843,564
621,324,417,316,194,281,497,513,858,565
529,360,312,220,164,239,390,327,854,565
536,332,298,237,167,215,421,451,921,565
342,278,170,124,102,144,358,316,881,565
396,295,298,214,158,232,408,452,880,565
231,167,213,144,110,165,378,314,881,565
303,233,186,126,97,147,357,299,867,565
380,283,160,130,102,129,356,323,780,565
554,412,266,225,176,214,465,323,840,565
503,333,240,185,143,189,458,330,667,565
384,281,172,129,103,138,358,322,772,565
626,424,146,119,86,108,370,323,922,566
665,446,250,190,145,194,425,349,880,566
571,390,268,215,150,199,405,465,920,566
595,419,215,160,121,168,392,311,836,566
448,276,364,270,180,260,420,508,916,566
524,406,246,194,152,199,399,328,835,566
382,297,237,191,151,193,396,371,917,566
450,301,195,152,120,153,463,297,799,566
641,461,172,136,103,136,388,323,848,566
674,492,296,195,145,227,406,447,871,566
425,299,232,169,124,177,404,457,926,566
479,325,276,198,144,212,400,361,855,566
517,391,135,100,77,111,373,324,866,567
577,399,256,185,144,202,405,427,888,567
238,204,146,106,88,124,398,185,643,567
543,374,209,160,129,171,446,386,800,567
701,407,386,294,203,281,456,598,894,567
683,429,293,199,129,205,405,357,895,567
517,296,418,310,199,286,475,650,889,567
500,340,215,174,131,166,384,424,914,567
334,250,104,74,57,84,352,311,729,567
460,288,455,377,225,296,500,340,852,567
398,242,330,242,158,233,419,567,952,568
619,410,214,171,101,135,432,435,885,568
536,387,248,175,133,192,379,304,868,568
380,235,265,192,132,189,401,478,917,568
453,319,241,170,123,183,405,395,901,568
670,451,235,183,129,172,411,328,882,568
514,343,307,255,187,236,416,455,925,568
526,366,353,286,214,268,482,439,845,568
369,249,230,180,124,166,350,494,854,569
331,231,172,133,102,140,361,326,896,569
302,197,188,148,105,141,356,310,862,569
463,351,240,187,147,198,373,316,828,569
309,208,268,208,151,209,390,327,827,569
568,386,319,240,166,240,396,377,809,569
526,313,290,217,144,204,418,562,915,569
526,300,506,373,213,317,504,639,882,569
422,324,183,147,117,150,368,313,848,569
475,307,247,184,128,175,399,377,888,570
405,255,390,285,180,266,405,637,889,570
295,215,233,168,119,171,368,244,818,570
474,372,154,119,100,129,407,320,832,570
509,301,311,217,146,226,431,511,936,570
366,212,353,260,154,231,446,497,876,570
421,282,260,203,146,197,401,468,928,570
679,395,314,235,166,228,442,918,922,570
300,215,216,174,130,164,319,333,874,570
302,169,327,251,158,219,390,642,878,570
662,478,258,181,135,202,409,328,855,570
304,224,276,211,153,211,444,308,813,570
647,399,279,212,140,197,436,421,876,570
537,342,149,108,72,103,515,321,860,571
689,468,316,245,173,230,488,456,965,571
595,427,154,128,98,120,384,326,830,571
291,224,233,183,132,179,329,352,861,571
290,239,256,228,204,228,389,197,832,571
524,326,211,156,107,153,393,345,678,571
320,254,163,109,85,134,421,312,757,571
445,314,216,175,135,171,396,302,853,571
637,492,237,158,127,192,410,318,878,571
395,253,218,173,124,165,415,314,851,572
297,187,259,182,129,189,420,418,880,572
635,431,235,192,144,177,402,313,830,572
436,292,210,181,143,168,475,317,830,572
515,325,230,179,123,168,436,400,884,572
326,190,146,121,67,85,496,1,203,572
376,253,222,161,113,165,392,312,858,572
549,375,265,201,146,198,420,334,843,572
725,455,312,241,180,238,436,411,871,572
465,299,292,220,152,215,428,531,902,572
550,382,190,144,104,145,387,309,841,572
467,304,351,263,178,249,402,482,945,573
552,384,188,160,124,148,374,322,875,573
338,209,378,281,184,272,418,626,926,573
368,287,293,220,188,247,491,328,805,573
418,346,231,173,142,194,390,164,553,573
380,274,256,199,157,210,452,310,832,573
232,145,145,97,62,99,482,346,838,573
467,370,138,107,86,112,331,322,907,573
455,319,231,184,136,177,372,315,879,573
459,362,195,146,117,159,365,314,867,573
230,169,151,121,93,122,310,316,833,574
672,449,300,222,169,236,446,557,964,574
560,371,287,220,151,211,430,516,951,574
528,371,249,176,130,191,392,309,817,574
733,480,343,248,167,242,432,562,910,574
398,281,266,199,149,205,396,312,822,574
473,322,248,216,150,186,396,313,825,574
207,201,107,84,79,101,337,41,638,575
385,277,238,202,160,192,387,325,791,575
669,421,355,293,213,267,456,606,914,575
416,281,216,171,112,153,402,321,849,575
388,274,163,128,90,120,352,301,834,575
474,287,353,262,179,254,433,541,868,575
466,355,171,130,101,140,370,328,826,575
533,358,159,112,98,142,467,312,882,575
468,327,219,163,118,160,507,320,859,575
673,440,461,316,214,333,517,566,915,575
363,210,225,163,115,167,404,398,880,575
597,443,197,167,125,153,388,317,824,575
427,271,278,210,146,203,375,544,865,575
705,467,264,216,160,204,432,502,889,575
313,219,243,185,142,194,400,245,850,576
708,390,244,202,133,170,509,351,824,576
374,289,127,95,75,104,320,314,859,576
559,370,247,181,128,184,408,340,841,576
585,323,357,281,188,254,458,605,855,576
516,398,231,156,121,187,368,321,813,576
442,306,244,198,153,191,408,341,881,576
503,334,234,176,124,174,384,314,845,577
731,432,185,144,97,125,517,694,902,577
420,299,196,145,109,153,375,304,876,577
648,424,342,229,151,245,425,505,909,577
446,286,352,251,164,240,417,538,901,577
504,364,247,179,128,187,400,314,848,577
607,411,319,229,147,224,433,521,961,578
534,389,137,99,74,107,389,223,740,578
396,282,204,174,132,159,373,319,831,578
679,442,286,203,134,202,517,2,153,578
431,259,264,184,123,190,418,381,681,578
314,225,233,181,128,179,393,352,881,578
421,314,190,140,104,147,381,332,856,578
630,423,420,305,217,310,506,548,912,579
513,366,294,214,150,222,398,466,884,579
332,231,200,140,105,157,364,302,894,579
275,223,223,166,135,184,382,423,933,579
469,298,293,217,144,207,409,579,891,580
468,352,207,138,115,176,422,123,893,580
504,377,188,139,109,155,374,329,855,580
414,187,251,178,102,157,461,414,878,580
352,227,255,217,169,197,440,326,867,580
389,264,179,147,114,143,412,316,876,580
395,313,241,171,140,201,438,400,899,580
540,345,338,262,172,234,398,591,900,580
655,366,273,234,135,167,434,402,867,580
708,419,406,317,194,273,430,496,925,580
484,296,257,211,142,181,406,295,897,580
457,278,276,206,146,201,423,371,895,581
582,447,232,186,152,192,399,319,883,581
511,352,311,213,153,230,416,445,901,581
584,385,240,179,125,182,412,347,864,582
367,249,202,178,120,146,347,307,871,582
251,186,202,153,122,161,357,309,823,582
450,304,281,229,164,206,358,527,807,583
614,463,213,172,131,169,392,309,843,583
414,256,319,244,167,228,429,558,762,583
557,341,331,265,177,238,425,603,862,583
453,276,300,217,140,212,435,547,907,583
480,285,323,251,170,231,376,311,808,584
494,358,169,117,85,129,375,334,803,584
469,355,229,185,145,183,382,319,810,584
604,354,140,103,66,96,392,650,935,584
281,198,211,169,129,163,387,331,849,584
511,279,455,332,219,317,444,623,908,584
441,313,183,147,117,147,373,321,786,584
647,385,341,268,172,239,450,635,731,584
318,231,193,146,110,152,368,312,863,584
508,328,263,216,146,189,414,354,857,584
391,290,246,174,131,191,387,322,838,584
336,265,239,175,141,201,327,262,836,584
300,227,163,140,105,125,322,256,856,584
620,366,308,225,144,204,446,500,899,584
465,359,240,176,141,199,387,321,784,584
448,353,202,174,144,167,377,302,814,585
490,259,333,257,161,226,423,645,911,585
565,321,377,288,180,252,424,632,850,585
617,440,225,170,125,175,397,326,904,585
418,315,185,134,111,156,398,315,873,585
356,236,273,199,138,205,383,341,877,585
594,449,284,205,163,229,422,341,851,585
412,297,248,185,155,210,467,317,811,585
497,330,206,163,112,150,390,314,875,585
344,257,215,152,118,173,383,319,838,585
439,356,193,137,110,159,359,323,783,585
411,234,315,248,166,223,427,502,901,585
696,435,348,240,159,252,419,480,879,586
634,422,439,285,226,356,516,297,745,586
601,356,225,162,108,152,536,656,902,586
387,320,245,186,154,209,445,70,723,586
485,353,165,126,97,130,355,324,818,586
316,236,256,186,139,198,472,286,903,586
672,434,317,218,144,218,549,395,863,587
533,433,521,366,270,405,469,3,174,587
365,277,259,181,145,218,372,295,842,587
454,207,190,149,83,114,454,656,896,587
380,245,197,146,99,143,388,327,866,587
727,470,504,419,260,336,515,534,918,587
449,263,329,250,155,219,451,479,949,587
515,362,295,219,157,218,399,312,693,587
554,404,257,208,160,205,375,311,854,587
538,336,343,252,161,237,451,608,948,587
429,267,248,209,148,183,404,311,848,587
336,194,318,203,123,209,431,379,818,587
554,380,174,125,90,132,371,328,886,588
415,322,167,123,103,140,379,313,840,588
644,473,203,154,119,161,398,322,844,588
702,433,238,189,124,167,419,531,853,588
636,446,257,189,145,198,418,510,926,588
362,278,157,114,92,131,334,322,831,588
557,450,230,165,149,206,402,326,801,588
370,254,349,232,157,255,490,318,844,588
440,341,199,150,126,167,382,314,851,588
702,466,246,191,132,182,416,430,866,588
610,450,221,167,124,171,391,316,871,589
395,278,260,167,121,198,390,376,836,589
390,228,303,215,149,219,487,350,852,589
399,278,230,170,120,171,397,383,894,589
640,378,386,303,187,261,469,602,888,589
459,345,185,138,114,154,391,321,893,589
303,206,226,186,137,172,402,334,903,589
408,279,265,195,149,202,400,430,740,589
500,354,316,235,179,252,505,393,846,589
437,281,223,180,126,166,424,507,954,589
430,236,309,259,153,203,473,638,924,590
643,396,376,281,201,280,464,628,911,590
474,291,397,302,185,267,439,618,954,590
542,377,221,159,118,172,367,228,839,590
522,322,455,315,219,335,460,421,876,590
402,274,201,161,125,160,365,310,861,590
251,185,151,125,96,119,343,312,870,590
439,232,413,300,184,272,446,581,901,590
412,272,249,200,151,190,396,419,666,590
258,206,145,110,86,121,301,305,827,590
522,342,362,290,228,290,478,325,808,590
644,427,263,204,144,192,411,399,920,590
336,224,242,185,135,185,402,430,950,591
732,456,613,422,276,428,528,857,921,591
558,375,471,339,233,345,509,387,826,591
403,268,246,207,146,182,479,296,835,591
730,458,298,226,136,201,427,607,900,591
474,358,233,178,132,178,384,323,839,591
468,348,249,190,156,208,385,304,779,591
488,325,240,184,137,190,391,421,909,592
351,291,159,122,106,137,358,296,897,592
639,476,162,128,103,133,366,319,710,592
543,376,191,139,98,139,366,320,843,592
357,264,221,181,136,167,379,307,872,592
642,467,217,193,148,167,406,325,797,592
412,294,216,172,132,172,381,368,818,592
478,258,328,221,131,209,388,636,860,592
474,362,221,163,133,183,379,311,732,592
623,412,261,201,141,189,429,499,836,593
501,293,173,136,77,107,488,489,947,593
709,462,236,165,122,187,416,359,841,593
619,394,438,317,218,321,497,457,914,593
546,368,160,125,92,121,371,315,832,593
400,300,124,104,80,98,322,327,900,593
400,304,179,138,117,150,448,314,835,593
266,169,170,141,100,126,355,320,822,594
421,302,193,153,123,158,381,299,877,594
435,282,316,207,137,221,397,387,846,594
507,355,233,186,139,180,382,314,879,594
468,375,146,108,86,118,347,323,862,594
591,306,374,282,114,166,516,772,871,594
488,271,397,281,170,258,450,611,939,594
614,434,227,183,136,173,408,334,837,594
606,481,166,128,108,139,351,320,839,594
417,304,235,176,135,186,377,311,849,594
178,141,222,190,154,177,373,228,846,594
390,277,260,199,156,208,523,326,824,594
568,381,239,176,130,180,404,396,863,595
395,242,357,261,159,234,461,418,864,595
469,347,229,202,165,189,385,328,887,595
686,416,279,213,141,194,480,538,896,595
528,310,311,243,151,204,416,563,883,595
527,367,199,168,123,150,370,315,823,595
502,340,205,151,117,161,405,314,848,595
597,411,285,224,160,217,408,415,829,595
447,304,382,247,172,279,389,575,830,595
386,216,368,257,158,249,451,642,914,595
438,333,284,218,179,233,498,324,768,595
669,358,321,242,141,205,455,645,905,595
402,292,214,193,149,172,393,318,864,596
435,262,338,255,169,240,425,484,936,596
630,409,248,187,130,182,402,330,653,596
513,395,189,141,124,167,426,293,852,596
413,251,330,251,168,239,475,582,971,596
536,389,243,177,127,182,437,320,875,596
549,301,378,279,176,265,438,595,890,597
554,360,212,146,94,143,339,649,1003,597
478,330,220,184,130,160,394,311,857,597
670,401,328,261,181,238,448,634,935,597
690,408,323,234,165,238,450,319,851,597
671,443,314,246,166,223,425,505,878,597
567,411,245,201,149,189,385,312,749,597
407,313,196,138,119,171,459,321,831,597
610,348,349,274,183,241,447,583,841,597
430,320,151,116,84,112,340,303,890,597
563,356,301,225,158,221,434,565,950,598
301,175,196,123,70,120,482,688,910,598
541,325,308,237,156,220,437,510,872,598
521,398,183,155,126,149,365,308,883,598
411,233,278,219,147,190,482,548,878,598
369,246,247,173,124,183,438,328,837,598
496,308,252,204,142,185,406,427,897,598
414,307,218,141,108,177,377,338,884,598
455,300,274,198,142,200,395,567,911,598
489,373,151,122,97,125,354,314,804,598
419,258,332,256,165,228,408,532,871,598
370,257,337,263,177,238,341,618,891,598
560,413,240,179,145,197,415,315,868,598
627,400,317,275,194,228,465,517,870,598
668,441,247,192,136,181,404,452,920,599
486,305,390,283,187,271,515,628,852,599
543,312,291,217,135,196,405,465,905,599
592,345,310,231,157,220,455,599,960,599
349,186,325,250,146,201,391,550,881,599
657,490,218,149,116,175,389,318,828,599
691,453,232,191,128,166,427,322,849,599
331,215,320,238,165,242,396,381,762,599
417,339,212,151,126,182,392,318,864,599
443,277,347,271,176,243,423,600,754,599
702,470,273,210,156,204,414,525,960,599
638,368,118,95,61,83,345,656,965,600
703,488,207,145,110,166,395,324,838,600
367,259,186,142,107,144,376,308,846,600
299,220,227,176,131,177,329,342,845,600
719,472,267,208,148,200,442,427,943,600
577,333,190,137,90,132,388,626,906,600
386,280,184,126,94,142,368,310,831,600
414,262,239,175,123,177,413,386,831,601
479,331,221,188,142,170,398,248,850,601
509,297,309,236,161,218,419,543,900,601
358,305,144,92,80,125,316,221,803,601
279,196,116,90,68,90,252,296,860,601
397,264,250,166,131,207,395,315,877,601
494,281,330,243,161,234,437,456,917,601
373,243,186,143,99,140,384,362,832,601
428,256,283,228,154,203,394,553,865,601
494,342,280,198,140,206,412,345,892,602
515,331,332,232,180,261,497,579,851,602
407,233,241,176,114,170,415,397,923,602
294,236,178,139,111,143,337,317,819,602
524,342,312,216,151,223,335,489,872,602
301,197,306,238,167,224,390,365,840,602
330,182,392,288,151,230,463,649,897,602
530,342,388,248,153,261,433,504,880,602
485,341,332,243,190,270,513,515,901,602
659,441,256,196,135,184,419,310,822,602
617,451,284,213,161,224,409,402,869,602
411,313,144,112,89,116,358,333,813,602
502,276,329,234,156,239,515,440,916,603
355,261,241,186,149,198,455,354,855,603
414,298,190,153,123,156,372,318,820,603
429,334,150,113,85,116,363,302,839,603
471,324,250,192,138,194,397,314,891,603
610,379,409,296,207,299,464,611,837,603
683,429,339,229,149,232,453,532,898,603
292,226,186,148,117,150,331,310,826,603
539,424,151,118,98,126,326,311,842,603
650,398,316,239,145,213,427,480,853,603
578,415,214,177,132,168,388,307,855,604
541,347,264,192,135,197,415,430,899,604
545,365,207,180,131,155,401,370,863,604
461,304,301,215,151,223,404,429,873,604
393,304,204,158,122,164,367,321,844,604
361,264,171,131,99,135,343,299,790,604
547,384,227,154,110,168,395,319,855,604
354,253,109,84,68,92,442,139,762,604
418,277,216,169,117,159,365,312,822,605
532,266,412,302,151,217,478,745,741,605
424,291,309,218,152,227,384,343,874,605
581,321,283,233,150,200,487,600,941,605
454,286,273,205,148,202,498,311,843,605
552,324,302,224,150,209,435,430,901,605
412,339,154,126,104,127,345,319,815,605
476,300,284,220,155,210,415,575,903,605
480,292,206,163,113,146,397,319,834,605
543,363,190,145,109,148,469,250,809,605
472,276,208,158,101,142,409,308,734,606
341,274,222,160,138,193,381,254,849,606
516,349,321,248,178,244,400,586,706,606
683,418,303,228,146,202,494,376,859,606
499,344,240,195,152,192,391,315,852,606
359,281,215,178,139,174,382,307,830,606
408,268,195,148,106,144,402,363,917,606
467,327,212,169,133,170,402,317,821,607
591,417,272,230,175,209,419,377,879,607
398,266,229,163,115,172,402,318,868,607
254,174,224,161,112,163,408,332,844,607
306,247,273,200,151,214,409,313,760,607
429,279,394,285,182,272,429,625,905,607
553,387,306,228,171,236,406,374,871,607
556,376,308,223,163,236,413,575,966,607
338,295,130,96,84,116,359,99,795,607
588,400,371,307,221,267,428,472,911,607
290,220,181,123,93,143,344,307,859,608
416,259,240,203,139,172,371,332,827,608
544,361,304,234,161,225,434,418,855,608
600,362,342,256,161,233,436,616,897,608
360,239,287,194,134,214,416,336,890,608
471,264,316,229,145,212,440,579,935,608
456,296,183,131,93,134,407,304,856,608
640,394,173,140,88,113,434,343,843,608
596,417,236,180,144,192,477,327,809,608
456,300,225,176,126,170,413,356,870,608
437,332,207,150,115,164,375,329,855,608
322,173,335,229,147,230,558,341,850,608
440,256,312,223,154,233,405,498,901,609
510,349,134,102,75,103,355,324,914,609
585,386,323,251,170,236,441,462,942,609
568,356,285,235,158,206,440,409,897,609
510,304,308,227,151,213,424,631,914,609
354,230,205,156,108,150,383,325,803,610
354,273,189,167,132,151,371,301,809,610
558,366,177,142,102,131,470,327,868,610
508,361,344,257,186,261,409,587,923,610
413,289,270,196,144,208,386,537,933,610
733,479,403,294,217,303,514,211,720,610
595,466,150,108,90,127,374,322,840,611
448,244,400,296,184,271,460,655,939,611
475,318,271,224,166,206,402,510,871,611
577,388,249,193,141,189,407,343,868,611
396,234,284,206,138,199,404,532,895,611
645,337,473,356,220,318,542,635,874,611
493,364,234,165,128,190,381,332,865,611
379,283,150,113,86,121,332,315,838,611
272,218,164,133,104,131,371,318,890,612
551,330,352,252,164,246,445,584,886,612
657,443,338,257,191,257,442,550,936,612
614,392,303,231,163,225,424,470,925,612
543,359,260,197,145,192,404,317,829,612
729,483,358,267,187,269,445,455,877,612
473,251,410,312,181,264,440,639,913,613
482,316,320,271,212,260,462,418,919,613
395,277,170,120,90,130,371,325,904,613
481,329,304,272,207,241,404,442,870,613
336,238,197,163,121,151,368,297,834,613
284,230,252,205,173,215,380,320,785,613
430,342,259,194,161,221,439,84,826,613
442,342,176,151,119,140,368,318,871,613
447,348,207,159,119,158,442,316,805,614
599,423,229,158,110,172,375,321,813,614
536,370,235,186,155,194,457,325,812,614
537,417,200,151,122,163,366,327,717,614
559,392,326,224,159,250,438,634,947,614
444,286,284,217,145,203,401,551,968,614
360,240,275,201,140,196,376,425,871,614
685,444,276,203,147,208,423,364,868,614
625,458,199,147,113,159,397,311,876,614
547,407,104,83,66,83,336,314,821,614
478,354,221,183,142,174,444,320,846,615
416,278,227,169,120,170,378,312,849,615
353,269,217,153,115,170,377,293,863,615
661,377,641,445,198,295,566,775,884,615
730,462,251,201,147,189,454,326,879,615
458,276,421,307,194,285,503,664,869,615
425,297,144,108,70,99,332,642,990,615
425,294,245,186,143,194,386,361,879,615
421,232,395,285,165,254,465,617,903,615
460,251,257,198,135,182,512,333,859,615
226,166,166,125,94,130,290,301,833,616
521,347,249,205,145,184,410,483,921,616
427,328,226,182,151,188,395,343,883,616
510,287,353,268,169,240,451,594,842,616
239,176,188,158,114,142,283,400,865,616
305,201,215,170,119,160,372,314,804,616
199,152,228,174,126,173,333,300,841,617
564,360,359,277,201,268,447,465,904,617
501,353,227,181,125,165,414,319,888,617
642,447,240,184,137,186,399,365,891,617
369,259,122,87,67,95,265,599,880,617
665,390,240,194,127,166,451,634,832,617
509,322,293,237,165,214,426,404,896,617
485,287,313,262,169,215,419,615,867,617
443,263,323,236,138,199,547,359,880,618
642,461,194,141,110,155,444,357,757,618
403,251,280,212,143,195,401,364,887,618
340,227,283,219,150,207,303,555,883,618
573,388,154,126,89,114,417,294,864,618
724,412,365,312,175,215,584,346,849,618
327,211,258,195,130,182,405,457,863,618
615,414,284,182,124,205,398,375,875,618
345,239,286,214,176,239,483,332,847,618
342,256,218,167,137,179,368,333,774,618
541,393,389,299,228,312,423,324,761,618
501,325,294,189,125,203,415,434,886,618
412,315,199,151,117,157,377,323,815,618
387,271,320,222,160,237,393,446,903,618
480,286,310,224,145,217,424,564,929,619
544,375,231,162,126,187,471,319,863,619
520,377,281,233,197,232,497,319,852,619
447,272,338,232,161,246,489,677,918,619
457,347,161,126,100,130,386,329,916,619
719,417,415,326,200,273,543,628,858,619
297,252,137,112,92,115,255,286,822,619
451,324,246,205,161,191,392,341,859,619
469,319,257,194,147,196,399,390,882,620
301,188,207,147,106,156,361,307,838,620
530,293,349,259,169,247,436,626,976,620
232,191,127,108,91,106,334,1,227,620
402,294,212,154,122,175,367,307,859,620
478,236,447,309,177,272,546,468,872,620
416,288,225,185,139,175,375,306,838,620
400,232,404,287,183,273,464,612,929,620
351,227,308,226,157,219,379,291,805,620
545,380,280,213,145,188,403,401,760,620
697,392,550,451,326,392,481,855,951,620
456,345,207,160,124,168,369,311,873,620
657,437,165,128,93,124,435,284,933,620
428,319,206,162,128,163,387,326,806,621
599,388,297,233,164,218,404,525,891,621
459,301,256,205,136,182,392,437,899,621
490,291,386,303,190,256,465,606,892,621
415,339,130,91,76,110,328,302,675,621
612,419,334,244,177,248,528,512,943,621
347,266,237,177,148,201,428,366,843,621
310,249,127,82,68,109,380,145,794,621
477,360,285,209,151,217,386,306,855,621
443,237,406,301,201,285,463,607,941,621
283,230,142,111,92,119,340,314,844,621
360,263,161,129,100,131,332,300,814,621
291,191,320,245,166,231,423,509,935,622
409,324,164,130,106,139,378,306,826,622
580,444,247,181,139,200,372,326,846,622
648,343,538,407,257,364,610,56,749,622
462,309,115,86,62,88,373,327,876,622
385,256,253,167,106,180,390,312,911,622
481,354,193,138,107,151,351,307,882,622
330,217,163,123,86,121,348,316,839,622
443,289,232,175,123,172,387,332,763,623
617,432,191,153,121,153,485,324,830,623
579,410,243,188,143,190,396,375,845,623
419,299,140,107,77,104,378,161,830,623
605,415,276,195,143,216,414,319,881,623
600,404,325,256,178,243,445,476,945,623
530,317,375,258,168,254,563,397,841,623
302,223,253,204,156,196,398,328,828,624
250,187,252,178,135,200,380,314,793,624
719,464,435,344,228,304,463,615,895,624
568,408,205,160,122,162,392,324,858,624
514,282,464,340,213,320,515,618,853,624
485,343,269,198,152,212,399,323,853,625
508,283,373,272,170,252,526,607,927,625
516,379,206,155,120,161,377,309,859,625
442,281,305,229,163,231,417,517,914,625
515,343,243,196,153,193,451,527,916,625
476,327,338,244,176,254,414,427,848,625
712,463,333,244,169,240,423,577,876,625
499,374,214,152,119,174,400,329,794,625
644,471,152,138,103,116,378,310,864,625
516,313,327,252,134,190,552,347,882,625
363,216,405,281,162,253,443,576,905,625
442,289,263,186,135,196,414,343,861,625
672,492,361,298,224,279,512,332,797,626
599,396,328,245,173,244,410,360,819,626
351,258,232,177,143,188,390,399,921,627
678,462,157,110,78,115,412,374,879,627
670,425,343,251,158,229,440,349,840,627
585,401,253,177,128,189,402,369,867,627
546,401,261,197,138,189,390,436,929,627
570,311,323,252,155,211,399,641,902,627
496,324,218,174,128,166,407,327,878,627
610,368,412,290,200,301,469,646,910,627
423,286,426,309,220,317,452,613,885,627
418,297,149,114,85,115,342,341,869,627
490,296,306,221,155,223,404,515,881,627
607,367,329,243,142,208,357,549,902,627
516,360,347,263,203,276,525,361,729,627
632,440,328,259,190,251,416,320,846,628
522,283,198,125,66,114,478,475,805,628
457,274,367,282,179,246,456,507,930,628
330,248,407,284,200,305,574,67,572,628
287,203,221,173,127,172,372,337,884,628
441,302,193,138,103,152,472,332,827,628
483,338,257,199,161,209,469,425,775,628
297,233,206,146,116,164,412,327,865,628
527,369,256,211,149,188,401,299,810,628
624,427,302,224,156,221,404,516,929,628
414,243,371,258,170,260,438,567,917,628
433,306,227,174,134,176,339,297,846,628
550,333,283,217,134,191,431,418,901,629
514,307,372,301,203,260,437,618,903,629
589,406,320,225,153,229,412,424,893,629
566,377,233,183,130,178,402,336,882,629
459,275,360,273,176,247,433,622,902,629
330,250,254,202,146,189,378,297,874,629
534,374,234,183,128,163,393,316,788,629
442,350,166,122,103,141,385,370,926,629
609,367,394,309,186,251,424,506,886,629
390,266,153,107,79,119,359,322,894,629
503,369,170,126,96,136,373,327,868,630
528,361,250,195,133,182,405,372,853,630
522,338,357,284,196,265,412,485,902,630
535,297,340,262,161,226,431,655,951,630
452,282,235,169,120,179,448,334,867,630
529,335,196,155,124,159,491,323,863,630
692,426,234,187,131,170,426,659,960,630
483,311,197,142,104,148,476,214,808,630
519,365,192,153,115,146,388,309,816,630
288,221,160,116,89,128,313,295,875,630
521,364,313,224,166,236,396,535,872,631
556,427,227,168,135,184,384,328,851,631
438,259,352,267,163,227,609,4,619,631
544,323,263,197,131,184,429,531,951,631
647,422,294,201,136,223,450,359,922,631
577,362,328,244,167,242,434,489,927,631
290,227,109,81,67,92,290,303,879,631
479,336,282,200,158,228,472,323,847,631
323,269,96,74,63,83,248,290,775,631
592,434,233,188,135,171,400,336,772,631
371,269,255,208,160,206,389,308,867,631
356,256,182,138,105,146,385,327,880,632
258,206,225,182,152,192,350,2,197,632
324,264,126,82,65,107,289,301,890,632
708,489,201,159,113,146,398,312,871,632
351,178,351,263,142,210,382,635,886,632
432,306,305,239,167,226,382,300,861,632
612,314,315,236,157,224,515,470,895,632
463,310,256,192,148,204,400,309,770,632
512,381,219,169,132,180,371,318,845,632
399,220,378,279,177,250,449,581,917,632
573,348,348,287,211,266,439,615,925,633
354,252,217,166,127,171,378,313,861,633
334,210,121,93,65,91,352,316,828,633
369,255,218,178,132,171,381,315,846,633
673,431,418,297,193,290,450,522,880,633
251,185,213,145,109,167,312,321,887,633
373,263,183,133,101,145,363,316,745,634
409,236,240,209,138,167,401,503,921,634
393,302,218,171,135,174,376,310,854,634
540,378,183,137,103,143,380,497,821,634
618,447,192,164,125,149,380,322,821,634
322,238,152,116,91,121,572,2,615,634
566,408,242,197,151,190,402,332,896,634
594,416,244,187,144,191,386,633,864,634
292,197,249,180,129,189,341,464,861,635
564,365,416,289,181,272,481,616,874,635
506,337,266,186,132,200,464,403,856,635
418,253,237,159,98,158,506,401,877,635
464,309,177,134,95,130,365,305,856,635
487,314,117,94,72,90,343,639,871,635
422,302,177,136,104,141,371,309,815,635
548,414,201,158,120,158,381,314,801,635
620,458,175,130,101,142,388,318,831,636
486,343,224,171,134,179,383,325,882,636
500,306,341,239,147,228,432,633,873,636
507,328,242,185,133,182,473,298,826,636
403,252,166,116,70,104,492,374,839,636
516,327,474,339,224,332,445,533,852,636
470,312,228,176,127,171,389,370,902,636
347,230,183,145,110,142,352,301,835,636
623,346,489,349,183,284,493,641,903,637
519,380,254,195,148,195,399,318,837,637
431,291,245,165,116,185,477,346,858,637
562,442,213,171,139,176,398,311,853,637
174,132,189,149,121,156,317,310,806,637
396,215,409,323,188,262,454,604,931,637
252,190,234,159,117,181,394,312,860,637
346,307,274,200,186,255,404,2,212,637
625,391,237,206,145,171,414,434,923,637
259,195,155,143,115,126,312,311,840,638
701,437,387,244,144,253,448,514,917,638
699,469,345,246,191,275,522,364,859,638
538,330,302,219,145,214,427,508,866,638
542,378,109,93,69,83,400,323,858,638
646,392,205,159,105,144,392,323,908,638
537,260,360,263,153,226,483,627,728,638
578,396,293,208,157,233,396,383,865,638
369,268,198,153,118,160,392,310,868,638
570,376,382,271,183,273,419,437,772,639
396,314,220,178,147,189,466,314,870,639
657,439,306,248,184,232,425,481,921,639
460,351,180,148,114,141,358,304,844,639
400,232,363,265,172,248,501,406,866,639
596,408,400,322,252,317,517,515,917,639
371,279,175,136,110,141,367,336,865,639
314,245,213,153,116,167,331,368,855,639
660,421,361,287,181,250,461,506,869,639
399,224,338,271,181,237,421,507,949,640
734,455,370,276,182,262,445,636,905,640
506,264,309,224,127,195,458,670,901,640
452,330,172,136,109,140,350,321,884,640
651,341,475,325,187,305,553,608,882,640
510,269,303,241,150,205,448,648,932,640
497,392,185,141,114,156,390,327,828,640
553,402,222,152,114,171,391,326,819,640
685,493,186,145,105,142,396,316,893,641
329,190,277,227,151,194,447,415,834,641
409,293,269,196,143,206,465,357,824,641
554,321,361,276,173,250,434,427,815,641
457,333,153,95,76,126,362,325,739,641
658,379,277,208,130,188,410,495,925,641
670,422,307,255,178,224,415,561,879,641
560,414,172,126,97,137,354,327,670,641
498,353,321,233,166,238,415,381,882,641
459,351,173,144,120,145,365,293,833,641
229,173,206,164,131,169,435,341,737,641
684,472,334,257,175,242,432,593,892,642
497,365,191,142,114,159,408,321,837,642
359,172,69,23,52,153,528,43,631,642
539,367,275,207,146,201,421,344,859,643
404,275,309,232,167,231,408,370,879,643
357,227,202,153,122,170,387,309,841,643
595,295,318,265,162,197,536,626,892,643
645,379,308,234,152,214,417,623,876,643
466,306,264,205,150,206,399,364,890,644
410,274,341,250,171,252,426,330,821,644
547,382,143,116,82,107,243,673,988,644
536,338,308,236,167,221,413,527,923,644
600,437,210,161,125,170,475,332,794,644
402,310,298,208,155,228,395,293,876,644
625,399,312,255,175,218,448,543,948,644
543,425,165,134,104,131,325,338,914,644
582,334,382,277,172,256,454,615,880,644
441,308,209,169,124,161,403,316,833,644
590,425,196,169,128,149,421,329,832,644
337,260,264,204,161,211,364,389,806,644
442,250,260,209,159,202,510,329,885,645
391,266,271,221,160,209,408,312,868,645
609,473,171,139,114,144,370,308,874,645
551,308,399,298,178,261,461,644,852,645
701,424,346,250,169,246,546,524,889,645
292,216,219,183,140,172,390,253,809,645
619,449,277,218,168,221,416,337,865,645
515,354,250,203,158,195,484,491,875,645
550,380,133,102,71,95,443,675,954,645
519,341,227,180,122,161,410,353,886,646
534,287,434,329,200,279,468,634,875,646
351,237,156,120,84,117,365,249,861,646
290,201,140,114,87,109,317,316,878,646
476,235,308,203,116,184,512,1023,963,646
475,312,261,207,140,190,401,200,848,646
396,275,239,192,136,177,384,432,730,646
436,302,219,155,111,164,395,322,854,646
512,349,198,152,111,149,389,312,831,646
639,386,140,117,75,97,352,608,971,646
732,472,295,216,142,202,477,386,848,646
479,399,104,80,70,91,315,314,917,646
488,378,131,97,81,110,405,316,826,646
574,410,219,186,135,164,370,307,857,647
561,320,287,228,156,209,412,640,931,647
414,286,207,144,102,158,369,304,746,647
347,220,326,253,164,218,360,514,886,647
654,357,414,296,139,214,470,686,807,647
398,232,429,299,184,282,458,603,916,647
385,299,202,160,125,160,380,309,897,647
614,412,313,233,168,234,420,446,898,647
450,253,313,222,131,197,463,495,943,648
355,300,149,112,100,133,349,167,689,648
472,344,182,132,103,147,379,314,806,648
155,150,160,104,106,161,326,1,207,648
389,260,360,244,174,269,492,386,890,648
485,308,447,325,201,298,468,654,835,648
507,361,226,170,132,180,431,339,901,648
441,254,310,232,153,224,437,619,921,648
707,413,312,236,153,215,437,627,940,648
667,373,401,315,187,257,469,664,908,648
376,282,196,159,111,150,387,330,823,649
344,222,204,163,117,150,367,397,887,649
316,200,125,89,59,91,359,520,825,649
336,292,134,96,86,121,333,218,742,649
317,248,274,197,152,219,388,419,927,649
414,285,152,124,93,114,359,315,849,649
498,354,279,198,147,216,413,347,831,649
205,155,184,136,101,142,295,301,829,649
393,241,327,257,168,227,432,493,904,649
553,369,364,272,191,267,448,629,939,649
192,172,133,103,90,117,481,1,106,649
592,413,259,213,144,182,404,383,853,649
386,275,153,127,111,134,463,321,859,649
595,390,257,195,147,195,388,405,841,649
637,480,191,145,113,151,377,329,843,650
326,255,214,166,131,175,376,325,851,650
559,378,373,263,195,290,433,603,887,650
613,404,439,335,228,322,437,633,884,650
244,179,179,139,99,131,318,322,870,650
427,283,297,223,164,228,417,464,894,650
286,224,189,154,132,162,415,314,813,650
299,225,216,167,134,177,357,319,868,650
357,298,167,126,108,141,311,312,824,651
657,414,342,247,162,239,416,604,735,651
352,213,347,229,139,240,416,354,898,651
565,359,239,185,125,173,407,497,946,651
650,403,263,184,119,185,569,4,629,651
329,249,195,148,115,155,376,326,826,652
330,255,170,120,103,147,449,303,861,652
454,306,181,142,105,136,377,330,883,653
568,468,292,182,156,256,477,194,753,653
517,351,250,196,140,194,397,321,873,653
199,136,151,103,82,120,375,5,669,653
669,431,348,251,175,259,489,597,929,653
669,392,298,222,147,211,459,553,905,653
352,266,202,146,112,159,387,311,829,653
650,418,270,181,119,189,429,373,910,654
710,442,497,355,241,353,473,797,909,654
332,252,249,182,149,206,468,324,854,654
380,281,148,110,90,126,562,2,180,655
391,261,176,140,102,134,387,315,869,655
522,374,296,199,145,229,414,407,884,655
428,299,322,266,191,238,384,584,857,655
297,213,236,164,127,191,381,334,849,655
437,268,223,168,115,158,449,314,809,655
399,312,200,157,130,167,374,304,827,655
508,307,354,259,177,251,402,632,897,655
549,406,145,107,85,116,353,341,812,656
626,437,246,197,145,181,410,497,984,656
617,395,281,208,145,204,430,512,956,656
405,272,386,260,161,257,492,373,865,656
530,379,236,184,149,200,467,328,822,656
280,231,158,118,98,133,371,35,743,656
532,272,487,349,198,295,548,633,892,656
494,299,256,220,146,182,420,550,953,656
477,261,312,262,172,225,466,568,948,657
260,183,109,96,78,89,317,307,812,657
480,249,425,339,199,271,489,673,875,657
468,284,264,201,135,191,401,477,884,657
704,378,655,480,242,363,534,1023,930,657
452,307,374,270,199,285,491,607,912,657
425,302,161,125,89,118,374,282,857,657
475,300,379,277,199,288,428,564,860,657
450,252,306,228,150,219,466,478,871,657
462,303,270,181,120,193,434,601,883,658
398,297,244,180,133,185,376,308,841,658
532,396,278,222,169,222,471,330,805,658
496,294,292,196,140,222,475,306,814,658
360,245,196,152,113,153,390,329,832,658
251,200,228,170,134,183,257,405,753,658
602,415,344,240,166,248,427,508,920,658
483,375,207,154,127,175,381,321,848,658
368,225,404,306,197,274,469,619,756,659
382,220,373,288,183,259,458,582,822,659
475,350,188,135,104,154,379,315,817,659
465,322,396,301,242,329,525,358,926,659
435,320,221,170,130,171,379,298,788,659
266,197,194,140,102,151,380,316,850,659
373,297,103,79,66,88,333,317,866,659
408,277,224,169,115,163,378,324,817,659
561,333,326,245,158,223,410,626,839,660
378,234,380,275,179,270,449,611,909,660
473,328,297,220,160,224,410,571,919,660
497,351,211,161,113,158,387,315,844,660
350,259,187,160,118,148,368,314,829,660
470,317,226,163,116,168,383,306,855,660
607,412,280,198,133,201,382,434,934,660
483,330,299,215,156,221,449,359,851,660
417,269,300,224,157,222,448,438,881,660
352,283,132,102,85,109,340,226,852,660
358,254,124,92,72,100,328,322,822,660
540,402,224,173,132,174,387,300,888,660
563,409,287,201,147,219,472,342,834,660
637,441,218,154,109,160,396,320,839,660
512,393,309,209,166,253,414,363,855,661
661,427,361,276,189,259,435,568,919,661
380,298,150,122,98,123,359,312,818,661
313,180,218,163,113,157,436,324,809,661
251,194,195,145,104,144,351,319,851,661
403,258,333,252,183,249,425,425,899,661
332,217,195,154,107,143,383,454,900,661
639,407,368,279,182,253,436,367,824,662
267,202,196,148,113,155,359,222,806,662
503,335,253,223,158,184,386,310,828,662
662,421,312,209,148,234,512,326,829,662
437,326,229,167,132,183,389,311,852,662
538,406,188,146,114,154,366,318,880,662
427,293,287,249,181,219,407,315,873,662
496,369,347,251,186,272,395,345,872,662
389,265,262,219,169,206,401,312,840,662
451,312,201,142,105,157,396,305,866,662
424,312,232,169,127,184,381,354,875,663
448,305,239,195,147,187,375,389,864,663
437,332,185,137,111,152,372,299,822,663
652,429,214,165,112,153,406,334,849,663
493,379,242,197,152,197,377,298,824,664
655,422,249,210,147,181,435,581,933,664
604,419,253,206,150,192,410,447,957,664
490,349,189,152,113,148,360,309,897,664
285,238,158,109,93,138,321,163,812,664
691,438,373,264,185,274,441,355,816,664
290,199,115,91,68,89,355,379,867,664
449,342,120,81,64,100,300,320,843,665
673,450,311,231,166,235,433,438,931,665
397,286,187,145,115,149,365,319,869,665
448,264,339,258,175,242,441,388,911,665
453,330,249,196,143,193,397,357,840,666
398,331,188,139,121,164,425,327,846,666
457,332,209,140,108,167,368,308,816,666
620,413,336,262,171,233,400,638,863,666
326,239,209,139,104,164,368,312,860,666
414,304,271,217,168,215,416,392,869,666
639,358,281,207,153,216,528,337,823,666
295,220,209,151,109,155,335,302,875,666
524,349,304,240,177,226,385,648,875,666
475,280,331,226,147,229,399,557,918,666
504,369,276,192,142,210,452,349,823,666
725,473,272,206,146,203,490,362,878,667
408,233,123,101,63,83,386,659,1023,667
607,413,236,185,139,180,397,463,955,667
718,440,251,198,138,183,424,497,928,667
465,344,210,150,115,167,394,307,850,667
450,320,231,160,116,180,391,315,747,667
612,420,209,181,123,147,393,320,839,668
561,370,286,206,138,212,422,460,917,668
321,261,170,127,105,144,341,310,821,668
694,488,262,199,152,202,403,324,852,668
409,247,223,156,99,150,417,341,889,668
364,261,195,144,111,157,387,308,840,668
431,307,256,212,164,201,407,345,861,668
433,264,386,310,199,267,437,574,970,668
575,426,227,173,133,179,386,313,821,668
286,213,222,152,121,179,377,325,892,669
308,226,197,150,119,161,347,297,847,669
605,396,281,199,141,207,416,491,860,669
360,293,147,122,96,120,337,312,860,669
458,314,229,187,144,180,391,339,857,669
597,405,248,182,131,185,409,498,828,669
430,289,274,203,139,198,421,347,842,669
441,289,289,232,175,220,388,443,883,669
664,381,156,104,62,103,454,682,761,669
285,193,340,262,169,241,401,563,902,669
394,271,216,157,120,168,374,312,876,669
688,443,346,275,181,249,401,302,836,669
575,432,201,140,108,159,443,318,833,670
659,427,350,245,168,253,437,418,886,670
336,250,221,155,123,180,385,304,823,670
254,182,165,127,98,131,366,306,845,670
385,258,214,150,93,148,379,304,889,670
412,219,229,158,96,151,450,682,906,670
425,324,174,146,113,137,376,305,853,670
530,377,279,175,126,213,402,415,873,670
458,339,227,152,111,172,387,309,892,670
457,314,260,191,134,197,418,321,838,670
601,372,220,168,127,162,540,319,840,670
384,290,228,159,123,184,349,289,835,670
567,373,229,177,132,174,461,313,852,670
400,293,259,189,147,204,403,347,841,670
576,378,320,225,161,238,422,414,898,670
375,305,168,122,103,146,376,329,893,671
373,260,134,98,72,103,377,335,834,671
386,249,229,168,108,159,412,324,827,671
390,253,360,291,192,262,435,482,928,672
461,316,213,150,104,155,372,306,847,672
553,406,160,131,101,127,381,307,859,672
602,381,360,271,176,255,422,548,938,672
715,424,432,311,202,292,504,614,831,672
402,283,287,223,173,229,396,329,868,672
360,246,296,232,160,217,418,526,949,672
698,475,323,243,163,230,416,353,877,672
630,425,266,203,145,198,422,317,829,672
632,402,258,204,148,192,423,332,847,672
495,351,289,219,160,221,404,351,898,672
360,211,325,243,162,226,435,294,894,672
275,208,296,169,114,219,452,2,175,673
298,222,202,137,105,162,340,297,864,673
396,268,280,220,154,204,418,489,909,673
363,296,103,82,73,91,313,313,895,673
614,411,206,170,112,141,395,521,924,673
184,152,197,149,129,174,392,4,640,673
459,299,306,239,167,220,374,632,911,673
447,296,298,210,156,227,407,386,890,673
411,200,139,118,65,85,630,0,146,673
366,236,304,246,174,224,425,434,886,673
518,283,366,269,157,231,474,391,859,673
433,295,266,208,158,207,446,325,857,673
541,302,378,244,153,255,459,439,855,673
624,410,289,202,160,235,471,334,819,673
285,205,229,158,113,170,345,304,837,673
603,440,130,106,80,102,312,648,984,674
354,194,214,158,102,147,420,421,942,674
658,442,308,216,151,228,425,353,916,674
661,405,367,319,217,256,453,552,916,674
480,379,226,172,134,182,399,308,849,674
443,322,243,195,161,202,453,322,823,674
364,295,161,131,110,137,358,322,828,674
593,374,364,278,193,269,436,571,941,674
254,235,144,111,109,138,398,5,476,674
604,416,321,227,171,255,510,501,891,674
391,218,402,312,182,258,442,625,783,674
630,337,209,131,76,134,484,843,928,675
696,483,157,116,82,116,404,270,973,675
496,390,336,225,162,252,579,4,620,675
448,223,158,108,63,101,532,600,804,675
640,402,476,313,198,319,553,648,905,675
343,223,194,162,121,149,392,318,888,675
495,380,175,138,116,149,373,320,837,676
622,467,157,132,107,131,396,326,818,676
457,356,154,117,95,125,347,318,900,676
622,395,260,191,128,187,401,498,884,676
540,361,218,172,138,177,498,327,854,677
441,248,358,267,166,238,462,631,891,677
428,285,266,179,120,189,388,427,901,677
577,423,182,138,108,142,384,324,848,677
273,220,145,108,91,124,312,313,845,678
431,290,261,179,131,203,417,380,899,678
597,404,221,164,120,169,417,312,850,678
404,296,194,153,120,156,380,337,887,678
471,323,225,171,123,170,405,317,867,678
510,345,363,269,192,270,421,528,910,678
433,296,253,185,135,195,404,414,862,678
591,419,343,243,177,260,438,319,866,678
649,446,194,156,114,148,453,321,834,678
263,224,101,73,59,84,438,33,443,678
455,338,178,127,96,139,379,323,872,678
595,411,260,197,143,200,417,319,829,679
460,259,368,308,193,252,463,652,884,679
380,253,273,199,142,200,408,317,835,679
480,357,115,93,70,89,335,314,862,680
272,234,107,89,78,95,329,82,769,680
404,207,324,244,154,215,419,583,770,680
363,235,233,180,127,173,353,483,897,680
455,348,155,131,108,128,362,313,805,680
238,140,180,133,82,119,432,386,655,680
393,275,119,76,55,92,369,311,879,680
485,363,199,151,116,162,359,321,877,680
578,333,331,253,166,231,436,648,913,681
337,249,206,161,128,172,440,252,875,681
638,396,255,202,149,193,504,335,807,681
494,348,145,106,82,117,373,322,816,681
378,295,194,137,111,155,367,318,841,681
513,376,257,197,158,216,412,306,853,681
340,280,170,121,103,146,369,318,838,681
512,334,350,262,182,254,445,424,877,682
179,137,177,129,89,130,315,298,862,682
676,440,352,264,183,254,500,428,884,682
506,339,302,243,171,226,227,953,970,682
271,200,259,163,120,199,378,304,858,682
457,318,270,190,140,205,398,375,883,682
658,471,233,162,123,186,389,334,916,682
543,364,253,192,127,176,481,315,820,683
491,257,450,328,177,273,460,622,888,683
541,315,232,166,109,161,367,677,956,683
307,218,140,108,81,108,316,350,923,683
292,207,311,217,161,234,378,511,922,683
208,172,191,138,112,158,390,319,821,683
492,302,270,210,147,195,473,339,706,683
426,325,151,117,97,126,352,310,857,683
429,252,320,264,177,228,415,569,896,684
365,270,222,165,125,174,365,311,806,684
506,370,183,138,106,145,366,324,877,684
640,353,427,324,193,287,441,655,919,684
476,347,206,156,117,161,454,323,731,684
394,287,249,173,134,198,391,311,851,684
291,207,251,182,134,187,382,333,823,684
415,324,136,110,89,114,358,317,809,684
436,253,247,174,119,176,432,441,883,684
489,356,205,170,133,159,372,320,858,684
612,393,480,351,226,326,463,870,882,684
322,258,100,85,71,84,333,201,841,684
366,294,157,131,110,134,331,325,834,685
638,448,395,291,219,309,530,566,911,685
629,452,137,94,69,102,348,316,795,685
474,335,300,213,161,232,458,354,834,685
587,322,213,157,96,141,454,617,919,685
650,438,296,239,176,217,502,308,881,685
594,298,472,364,231,328,534,571,931,685
721,489,296,193,146,238,444,328,804,685
482,310,261,201,143,191,388,459,865,685
621,445,202,157,115,153,406,317,883,686
427,266,209,142,82,133,436,1023,922,686
663,451,221,182,138,169,488,316,827,686
459,348,171,149,122,143,347,311,868,686
370,240,300,248,180,229,390,433,909,686
433,311,305,219,160,238,377,384,864,686
559,395,237,173,129,183,414,326,842,686
395,332,202,145,124,170,410,320,816,686
514,278,410,310,194,265,471,655,925,686
730,476,320,256,180,234,451,550,893,686
571,421,236,165,122,185,451,327,863,686
328,269,187,153,128,158,370,308,828,687
678,464,316,216,156,234,405,320,838,687
215,159,234,170,126,179,326,305,848,687
426,290,274,216,164,210,400,376,869,687
510,344,314,227,168,243,486,460,868,687
396,241,358,263,171,252,420,609,869,687
655,455,239,189,139,184,419,326,848,687
579,430,130,96,75,102,345,321,881,687
502,296,302,236,150,206,415,600,921,688
522,359,215,179,135,164,390,310,846,688
574,346,320,242,159,223,434,506,892,688
466,380,169,117,105,150,394,188,767,688
461,317,260,185,134,201,349,363,727,688
671,384,310,224,144,207,447,642,904,688
522,367,262,230,182,207,410,526,920,688
248,145,172,116,73,111,412,339,915,689
417,275,340,251,165,247,405,646,881,689
418,254,279,199,134,203,419,351,871,689
456,303,300,229,166,225,419,420,935,689
572,424,219,160,120,168,406,321,754,689
242,222,119,81,81,118,451,2,181,689
425,294,258,187,136,198,378,487,910,690
587,308,592,431,219,326,486,587,860,690
449,357,183,142,109,142,449,318,831,690
422,290,208,169,125,161,389,370,914,690
504,411,184,132,110,160,382,336,802,690
357,285,225,155,127,190,384,324,825,690
626,364,359,264,170,253,458,497,965,690
499,302,289,211,137,204,408,576,935,690
382,245,316,218,154,235,421,440,904,690
560,332,205,133,82,136,419,609,955,690
640,442,291,194,144,234,405,437,885,690
422,325,217,165,127,174,390,322,895,690
632,385,412,322,236,321,547,507,883,690
346,236,249,179,127,186,369,391,889,690
351,263,275,197,147,212,514,7,610,690
570,353,380,312,208,270,448,572,919,691
390,285,176,130,94,135,360,298,879,691
509,301,366,281,180,255,445,623,946,691
612,441,206,158,120,163,357,329,855,691
567,336,242,183,96,141,421,929,1005,691
581,424,391,266,202,309,494,596,880,691
572,392,209,149,112,162,399,327,827,691
497,357,296,203,147,223,408,355,871,692
484,304,388,314,214,282,426,592,872,692
634,404,353,287,196,253,465,628,958,692
419,327,242,179,156,213,469,341,836,692
450,315,177,127,91,133,362,316,834,692
376,259,204,154,110,155,384,302,882,692
405,261,211,172,124,159,380,321,822,692
565,382,299,239,170,225,422,503,921,692
367,170,372,299,121,161,721,0,12,692
443,323,204,142,117,174,362,324,908,693
383,304,153,107,87,128,307,397,965,693
309,234,232,178,138,185,386,343,862,693
490,373,132,100,77,105,330,302,893,693
622,427,275,218,162,210,465,477,861,693
271,212,182,143,113,148,420,313,823,694
537,364,257,207,142,191,415,317,881,694
469,236,321,236,144,211,431,593,926,694
538,421,182,129,104,152,398,328,883,694
277,239,206,162,136,174,348,302,863,694
414,296,235,157,121,188,385,374,895,694
390,263,232,172,123,175,394,324,849,695
401,242,317,228,161,236,412,430,907,695
431,276,282,219,159,214,412,404,909,695
504,330,241,179,128,183,405,485,891,695
553,376,318,237,173,237,399,302,859,695
525,334,251,184,127,180,451,385,885,695
320,227,228,167,126,176,405,310,839,695
257,210,161,126,102,134,532,3,616,695
468,252,380,299,187,249,444,658,827,695
305,218,297,195,138,223,391,436,915,695
553,301,419,354,221,282,464,641,908,695
337,274,163,118,102,141,428,323,837,696
457,309,250,172,124,189,391,540,944,696
454,279,363,255,164,252,433,602,916,696
326,221,111,81,56,83,395,309,825,696
589,451,247,171,141,204,384,312,813,696
564,400,262,208,150,199,381,484,858,697
345,194,349,280,184,245,401,622,897,697
475,349,228,157,109,170,463,322,854,697
672,416,326,258,169,226,438,536,978,697
579,427,213,150,115,170,393,317,837,697
616,475,193,157,129,163,385,316,702,697
268,190,238,163,123,187,373,331,890,697
341,202,315,241,163,217,496,407,848,698
685,468,275,187,137,212,409,326,876,698
431,302,299,215,143,204,390,526,925,698
296,210,218,171,133,170,357,306,806,698
719,416,408,286,176,279,442,565,952,698
691,461,310,238,174,228,402,413,893,698
435,264,293,233,168,221,398,453,886,698
265,191,247,196,125,168,382,300,824,698
360,249,214,168,115,156,378,305,743,698
299,221,162,118,92,128,352,311,853,699
423,280,215,151,117,169,449,326,839,699
453,308,295,224,161,228,402,470,891,699
398,261,239,170,126,184,442,333,814,699
543,361,207,165,126,163,460,315,831,699
323,240,177,146,111,140,366,304,861,699
386,263,235,181,127,173,416,301,809,699
479,296,249,186,136,186,427,321,858,699
318,212,238,198,151,186,367,301,881,699
444,255,320,238,164,230,428,635,949,699
344,250,208,142,110,168,367,323,844,700
365,292,205,177,147,169,382,308,894,700
440,276,256,183,125,185,411,349,848,700
529,383,263,197,151,207,414,408,892,700
577,394,397,329,255,313,439,416,818,700
371,295,143,124,103,120,327,296,842,700
674,418,265,211,131,178,421,349,858,700
518,343,224,171,119,162,388,346,874,700
518,380,174,136,106,137,360,331,861,700
608,344,399,300,223,304,495,537,725,700
419,294,214,167,130,169,465,317,830,700
688,413,229,178,114,155,473,345,891,701
344,243,227,155,116,178,390,295,717,701
460,336,323,251,185,249,415,488,926,701
329,228,202,158,113,156,375,342,823,701
451,319,227,177,134,182,387,336,828,701
271,175,339,237,159,240,427,611,873,701
530,314,430,298,187,292,442,567,937,701
628,314,327,248,137,194,451,566,916,701
449,337,128,92,71,101,466,196,959,701
298,164,345,227,144,233,557,309,867,701
493,379,166,143,120,140,448,321,847,702
430,244,362,267,161,234,421,478,761,702
538,419,194,158,125,161,382,324,822,702
623,428,212,176,132,161,402,328,885,702
608,424,293,232,177,221,421,501,745,702
503,322,272,190,130,200,417,387,759,702
485,364,216,171,138,173,369,339,765,702
557,372,304,224,162,224,414,585,915,702
591,447,202,131,102,160,377,307,802,702
562,331,489,381,236,338,475,595,930,702
549,312,479,327,201,317,446,550,940,702
440,310,208,168,126,165,419,323,898,703
649,473,259,211,162,207,400,316,841,703
700,447,409,316,210,280,448,564,912,703
479,316,204,174,123,151,406,311,853,703
617,422,321,254,172,222,437,452,918,703
483,287,374,277,187,266,438,641,882,703
581,409,284,206,152,217,420,338,892,703
550,397,183,141,108,145,397,329,841,703
224,166,222,176,139,178,361,308,846,703
408,298,185,144,114,149,425,309,868,704
366,249,209,163,125,164,361,305,816,704
516,315,287,213,172,234,530,371,873,704
592,432,209,155,123,169,409,323,856,704
430,319,165,121,97,132,374,317,841,705
666,362,424,321,203,288,468,633,838,705
448,297,244,203,156,193,488,336,858,705
714,402,488,374,224,311,528,577,912,705
369,270,208,139,104,163,387,332,857,705
432,349,98,67,60,87,362,163,782,705
558,365,244,182,134,181,412,415,903,705
647,425,249,186,134,186,413,532,884,705
503,399,206,166,137,173,392,310,861,705
314,250,156,130,112,132,328,300,824,705
604,373,329,249,169,235,434,613,896,705
382,282,153,123,99,124,361,319,909,705
271,194,199,137,107,159,366,311,830,705
592,340,318,233,144,209,442,546,908,706
604,416,273,211,155,205,416,305,876,706
481,311,316,238,147,207,488,354,908,706
490,327,306,223,166,231,400,486,931,706
434,246,270,205,127,179,482,504,895,706
585,356,336,247,166,238,455,622,948,706
464,319,215,173,136,169,377,351,795,706
512,321,245,187,134,182,415,415,856,707
374,201,289,202,133,204,501,343,788,707
467,324,322,218,154,243,397,386,903,707
343,270,203,169,146,176,359,313,841,708
210,157,219,172,129,167,316,477,946,708
542,312,382,298,192,262,461,539,913,708
516,350,286,217,156,208,416,479,919,708
456,320,260,180,127,192,445,351,877,708
435,285,262,189,130,193,416,433,938,708
727,422,293,213,129,190,447,400,877,708
466,363,233,171,138,196,391,321,842,708
436,305,198,151,104,146,359,308,888,709
613,454,268,217,170,216,407,324,783,709
477,323,252,186,150,208,470,639,884,709
538,391,201,166,132,161,387,327,823,709
718,455,266,204,139,189,428,521,953,709
518,351,205,149,101,149,403,328,883,709
603,413,267,216,156,206,445,315,838,710
522,371,242,168,129,189,414,426,831,710
268,166,180,149,106,131,381,337,869,710
421,321,143,120,100,118,358,212,855,710
724,481,333,259,193,256,452,543,907,710
512,381,194,156,124,154,375,316,828,710
290,197,260,184,131,196,375,431,939,711
477,263,408,278,169,264,422,630,860,711
329,227,239,181,124,176,393,318,918,711
582,373,311,243,164,225,499,561,754,711
451,271,231,173,122,171,463,316,839,711
657,470,240,181,133,188,433,335,846,711
618,480,209,147,116,169,453,321,834,711
398,292,179,140,112,147,369,327,835,711
403,311,196,144,111,157,362,309,849,711
394,204,187,173,98,113,391,291,890,712
344,210,406,302,179,261,512,593,893,712
466,289,244,186,131,176,470,334,820,712
630,439,200,146,102,149,368,310,817,712
442,318,219,170,121,161,383,314,817,712
590,346,374,267,173,257,452,526,964,712
594,396,230,188,135,172,463,462,855,712
418,303,234,191,150,187,380,301,759,712
322,258,186,140,116,152,346,318,854,712
548,340,118,86,58,85,322,630,899,712
370,249,211,167,124,159,378,384,913,712
621,316,456,345,187,272,511,680,879,713
584,391,372,299,219,279,452,604,935,713
658,374,433,341,221,300,470,645,908,713
367,230,277,223,152,195,354,571,885,713
718,458,370,261,167,254,443,576,860,713
701,444,382,299,204,269,429,372,856,713
303,239,136,106,90,116,320,187,825,713
671,440,331,267,169,228,419,625,873,714
298,251,355,248,200,299,483,124,652,714
281,224,178,135,114,151,351,329,850,714
399,299,253,205,160,200,455,325,796,714
438,344,209,147,109,166,374,308,876,714
488,329,266,197,148,204,421,349,843,714
370,272,202,148,113,162,383,315,845,714
635,387,353,275,169,232,405,599,852,714
671,408,268,219,144,190,410,642,965,714
490,328,293,206,146,218,414,494,953,715
605,409,123,100,64,85,341,620,860,715
566,428,173,139,111,141,388,303,850,715
638,469,236,183,141,187,409,329,840,715
234,202,102,77,65,87,283,293,903,715
426,263,380,284,199,282,410,487,867,715
662,397,391,279,188,279,476,531,890,715
423,322,235,194,163,197,491,322,882,715
608,412,274,219,163,208,419,387,914,715
401,311,153,109,88,129,330,296,850,715
431,353,214,165,148,188,386,210,901,715
357,282,151,108,92,127,323,367,883,715
419,269,264,212,153,204,451,369,767,715
493,365,176,136,110,146,341,324,862,715
164,134,162,134,115,139,305,310,800,716
492,365,192,158,122,149,405,315,842,716
281,179,199,151,103,147,385,323,860,716
487,328,366,257,187,279,527,328,811,716
589,405,318,210,149,240,404,507,878,717
302,191,167,129,92,125,362,319,867,717
485,312,316,255,180,231,430,538,918,717
634,404,374,274,173,254,438,515,894,717
640,436,301,220,168,235,425,341,842,717
349,261,149,106,86,123,338,231,824,717
276,231,187,138,120,161,321,312,847,717
481,350,238,171,126,185,384,331,861,717
398,251,166,138,102,127,427,339,822,717
585,340,295,247,164,204,472,498,925,717
469,256,376,292,173,238,488,366,878,718
336,237,264,182,134,197,365,311,883,718
693,466,255,203,152,194,409,449,913,718
409,301,230,168,121,174,385,300,859,718
349,280,133,97,80,113,381,132,839,718
633,434,243,181,126,177,348,595,916,718
282,177,250,190,124,172,379,390,810,718
291,240,106,76,60,84,401,336,864,719
716,472,275,211,148,201,412,468,916,719
496,385,131,102,86,110,321,323,829,719
623,344,320,240,160,228,490,676,906,719
360,255,231,153,115,175,374,316,657,719
319,188,341,242,139,219,399,583,855,719
648,430,347,234,161,249,426,491,866,719
657,406,348,288,183,234,504,558,871,720
288,183,220,158,112,161,340,326,800,720
683,385,382,278,161,251,428,645,909,720
506,384,220,163,130,183,432,199,806,720
471,317,248,208,153,186,412,534,773,720
519,318,261,204,134,180,413,476,899,720
678,454,270,193,132,198,402,493,908,720
500,380,181,152,118,145,336,285,812,720
642,460,295,214,161,227,405,316,788,721
521,368,184,149,116,143,385,315,769,721
583,417,212,149,102,156,405,320,865,721
480,326,280,202,147,210,409,321,832,721
642,459,218,188,147,176,382,300,833,721
218,155,172,156,118,131,313,311,772,721
339,245,241,199,144,184,404,323,852,721
584,388,299,217,155,223,423,593,934,721
573,378,362,253,180,274,398,466,956,721
692,430,420,349,242,308,451,599,794,722
389,295,254,201,157,201,399,2,202,722
401,303,154,115,95,126,350,324,856,722
446,307,224,180,135,172,403,396,857,722
516,346,360,262,184,269,423,592,928,722
549,406,237,183,137,181,384,328,855,722
412,204,345,246,135,212,480,421,858,722
323,224,282,207,148,214,470,310,822,722
513,326,307,245,170,221,431,590,964,722
651,432,242,189,139,182,427,342,885,722
517,381,153,122,93,121,364,326,834,722
402,282,272,217,156,205,370,411,864,723
448,332,230,175,139,186,425,309,842,723
529,377,249,181,136,195,374,485,786,723
513,344,340,250,178,252,407,441,863,723
548,421,235,187,160,198,398,316,863,723
325,242,173,123,94,138,333,313,865,724
639,443,253,221,169,197,395,451,827,724
526,363,320,248,183,238,412,338,849,724
385,260,213,154,107,159,319,460,872,724
646,421,351,258,167,244,426,530,907,724
578,380,307,242,168,215,533,508,877,724
420,294,297,250,186,226,389,407,778,724
213,152,228,187,134,175,358,320,854,724
509,362,284,192,130,203,400,416,874,724
443,281,316,227,150,223,433,607,924,725
451,252,290,228,155,210,473,436,884,725
618,342,442,342,213,287,447,698,950,725
337,253,191,141,113,158,370,315,802,725
700,413,555,416,266,361,472,635,906,725
660,466,283,213,152,212,488,364,806,726
592,309,533,366,198,321,507,645,916,726
642,404,246,198,136,180,463,467,908,726
452,299,211,175,125,159,366,308,900,726
302,235,174,136,108,144,350,307,836,726
673,413,258,206,134,182,432,406,845,726
414,271,238,173,120,170,391,390,885,726
690,412,294,205,124,195,431,339,866,726
605,366,516,343,196,318,510,470,884,726
546,301,384,292,182,254,449,654,943,726
266,183,226,156,112,176,364,332,875,727
329,275,199,148,125,168,352,300,835,727
427,313,262,201,154,203,405,349,889,727
457,307,242,204,156,187,462,340,835,727
473,361,259,188,144,207,458,63,816,727
733,474,279,214,146,201,425,479,952,727
382,241,278,199,139,204,416,443,891,727
460,311,241,197,143,184,389,309,862,728
551,402,195,146,111,153,401,348,848,728
401,215,207,152,92,133,436,403,935,728
344,261,127,103,83,105,331,327,849,728
408,301,211,161,124,169,367,305,850,729
323,262,183,140,113,149,317,301,829,729
361,239,321,238,156,227,407,455,926,729
494,334,329,214,157,251,465,375,837,729
336,197,290,212,136,199,433,397,872,729
369,282,190,145,109,151,383,337,849,729
608,307,385,308,148,208,458,629,879,729
574,408,201,158,119,153,394,333,895,729
389,271,172,131,99,133,384,319,848,729
552,282,387,288,166,243,468,651,843,730
636,334,400,313,199,272,519,608,922,730
320,211,212,142,95,151,472,331,850,730
445,265,293,215,144,208,418,532,923,730
689,437,310,240,167,228,424,447,918,730
449,241,252,193,105,150,327,940,920,730
444,311,188,139,106,148,367,311,821,730
496,344,322,223,164,255,408,403,859,730
205,145,192,153,121,155,341,313,774,730
268,217,165,122,102,141,309,311,873,731
453,296,238,180,126,174,369,458,932,731
588,308,338,248,143,213,473,662,897,731
387,251,221,176,132,172,371,292,832,731
680,393,365,274,183,258,463,544,902,731
449,306,128,109,78,96,285,645,984,731
690,431,458,329,225,327,513,644,833,731
499,398,149,130,105,118,373,318,860,731
690,415,402,277,194,292,453,602,888,731
637,424,270,209,139,193,393,486,983,731
288,211,162,117,93,134,352,227,886,732
453,305,122,89,62,88,375,346,817,732
633,457,225,183,132,172,380,311,864,732
404,279,252,192,138,189,399,366,820,732
565,422,186,141,109,147,378,329,825,732
364,229,356,244,167,251,405,495,920,732
504,365,176,126,88,134,345,315,762,732
718,440,334,264,182,243,445,630,902,732
656,453,229,194,140,174,400,319,829,733
534,305,251,188,131,179,508,423,892,733
456,265,382,278,178,259,488,335,852,733
703,440,308,244,166,222,402,428,909,733
353,254,158,121,92,128,361,319,877,733
411,308,188,125,86,136,356,297,847,733
633,467,412,289,220,320,479,589,940,733
521,336,274,200,142,208,438,394,875,733
619,371,287,214,142,206,426,370,851,734
476,292,301,219,143,209,434,434,891,734
299,245,183,130,104,150,297,298,813,734
683,440,433,303,212,322,526,612,893,734
402,280,279,190,152,225,507,323,839,734
406,273,288,217,150,213,396,424,915,734
592,397,287,208,147,223,376,310,855,734
327,230,276,216,159,210,355,490,907,734
289,212,323,232,178,259,372,364,754,734
393,251,211,159,119,164,376,317,874,734
592,408,287,227,170,220,410,350,866,735
651,410,272,203,140,199,409,447,913,735
439,303,195,165,119,149,383,326,791,735
300,239,189,137,113,160,343,319,879,735
365,258,263,184,137,204,377,318,869,735
581,375,280,185,123,201,466,303,864,736
585,385,251,182,125,184,404,417,893,736
413,213,388,263,160,262,440,650,871,736
447,266,282,221,142,193,338,552,960,736
347,259,155,113,90,126,367,327,841,736
365,222,226,174,117,162,407,312,866,736
718,483,356,235,156,256,412,378,825,736
459,290,196,153,105,142,474,324,869,736
516,342,212,165,118,156,396,324,820,736
444,279,267,198,150,209,458,404,909,736
352,249,204,147,114,161,364,322,856,737
462,345,232,188,141,179,379,325,845,737
597,359,398,284,186,285,452,523,916,737
597,334,330,263,168,225,413,566,944,737
451,329,229,167,140,194,510,314,828,737
690,436,281,226,146,193,426,344,843,737
695,423,118,90,62,84,421,359,958,738
393,234,378,283,172,249,451,596,917,738
568,331,270,213,139,185,400,447,937,738
525,358,236,187,135,176,383,408,894,739
599,400,327,248,184,254,427,599,777,739
589,361,353,253,147,226,544,417,803,739
701,485,293,229,168,222,427,436,972,739
306,246,147,120,106,131,341,177,836,739
344,256,181,152,122,152,414,318,889,739
515,386,190,151,123,157,369,310,822,739
480,332,273,205,156,212,396,354,850,739
407,294,282,204,148,210,424,404,869,739
440,357,178,118,96,152,330,311,866,739
550,294,397,311,185,253,459,649,876,739
727,482,329,271,177,236,435,582,941,739
723,432,350,257,169,243,444,440,905,739
215,178,144,120,100,119,290,311,807,740
430,274,270,178,123,198,460,354,843,740
523,379,290,226,175,235,392,317,874,740
318,213,257,204,140,185,366,460,961,740
308,224,238,167,124,180,385,336,876,740
552,370,279,207,159,219,439,415,872,740
622,347,385,284,183,271,451,645,944,740
685,388,416,298,200,288,467,663,901,740
625,409,200,149,110,151,470,318,783,740
350,253,203,161,123,160,362,310,834,740
439,326,269,185,137,209,450,350,793,740
510,322,338,239,163,243,431,581,904,740
444,323,183,148,116,146,382,306,732,741
553,341,319,218,142,214,491,614,909,741
400,315,200,162,127,162,302,361,818,741
556,416,200,148,116,162,376,334,885,741
504,344,266,224,152,191,385,346,870,741
336,217,283,211,142,202,369,494,914,741
545,341,216,174,116,154,444,302,832,741
469,303,303,211,138,207,410,356,830,741
505,275,408,320,186,260,413,624,875,741
249,186,205,157,110,151,327,302,784,742
564,433,312,232,177,253,456,448,976,742
349,222,218,153,103,155,419,311,836,742
425,300,214,143,103,165,378,348,869,742
463,319,290,207,139,206,402,322,814,742
617,425,279,203,143,210,391,292,824,742
653,454,257,193,143,196,420,313,883,742
466,290,251,176,123,181,410,327,819,742
351,264,250,175,135,201,398,310,861,742
594,439,253,180,132,198,406,341,915,742
293,201,234,187,145,184,369,323,818,742
481,238,269,200,110,154,342,609,857,742
449,353,184,137,111,153,408,308,726,742
605,458,226,151,119,184,387,316,818,742
560,401,259,200,149,196,412,314,863,742
477,291,244,207,150,176,552,311,786,742
463,287,223,186,137,172,436,316,876,742
550,408,242,177,141,196,402,325,820,742
562,446,186,137,117,159,352,304,835,743
336,230,232,160,113,177,369,300,851,743
335,242,204,154,111,158,393,310,858,743
722,432,322,259,163,222,435,539,874,743
460,332,221,143,103,171,369,305,776,743
332,252,285,184,157,248,484,314,828,743
533,398,204,142,115,167,395,330,811,743
315,221,172,129,96,137,358,316,840,743
633,321,497,394,242,345,474,634,885,743
650,350,398,321,193,264,439,625,886,743
277,217,167,136,108,134,345,311,859,743
563,390,231,170,125,181,388,345,866,744
604,431,364,303,226,284,416,373,904,744
644,339,383,282,189,276,485,590,936,744
179,166,174,135,124,159,455,2,228,744
631,410,257,179,114,175,503,315,842,744
539,382,322,250,169,229,407,419,910,744
434,304,191,150,104,140,382,320,881,744
327,223,172,120,84,127,361,289,911,744
391,273,199,154,112,153,392,315,886,744
672,367,274,218,140,182,445,639,939,744
345,248,181,142,107,140,339,317,835,744
503,283,371,269,169,248,456,637,892,744
485,286,244,192,172,219,527,321,854,744
580,396,207,169,119,154,448,314,816,744
273,202,226,168,131,181,361,318,781,744
431,262,273,214,142,198,413,553,987,744
441,267,239,186,126,164,488,451,902,745
618,335,432,325,200,292,472,633,751,745
455,372,241,210,165,187,394,311,843,745
467,268,293,228,149,197,410,649,891,745
620,455,244,181,138,188,404,332,929,745
529,329,309,232,157,222,424,594,831,745
521,327,254,198,137,185,511,306,848,746
703,461,302,248,153,201,436,481,912,746
261,209,176,150,114,139,345,313,840,746
383,241,247,201,139,180,389,430,878,746
321,232,159,120,92,125,357,327,858,746
540,344,316,238,156,221,413,605,898,746
567,413,236,179,154,203,481,327,843,746
565,348,336,271,187,242,493,441,871,746
405,259,259,203,132,175,434,393,840,746
487,362,222,180,135,175,389,321,857,746
654,391,406,305,184,259,495,565,862,746
398,251,242,170,116,176,384,464,919,746
479,294,233,186,128,171,413,388,832,746
576,409,263,192,136,195,533,327,926,746
508,342,277,187,127,204,413,324,836,747
375,238,241,179,121,173,399,401,840,747
346,237,173,131,99,135,372,306,858,747
380,247,246,196,148,190,397,346,750,747
537,346,262,209,146,186,412,389,908,747
592,357,527,391,234,342,469,572,868,747
549,410,208,175,143,169,398,315,785,747
697,421,236,194,121,157,439,330,891,747
488,363,194,168,134,157,378,297,792,747
294,217,186,151,111,137,368,393,925,747
342,275,218,164,133,180,334,327,863,747
375,287,145,111,93,122,331,309,826,748
688,482,249,189,135,188,404,479,886,748
288,234,162,132,108,134,321,314,862,748
569,347,280,208,131,188,410,648,954,748
461,299,331,248,174,237,501,442,883,748
403,314,208,151,119,171,368,320,790,748
257,178,225,152,107,168,378,304,882,748
620,395,276,235,171,202,423,631,905,748
664,374,424,306,193,290,464,631,890,748
603,419,263,207,148,191,400,432,843,749
572,355,312,235,161,228,413,517,921,749
597,399,286,215,146,209,424,457,910,749
631,434,216,142,108,170,452,476,856,749
415,290,359,246,179,267,471,508,889,749
658,448,288,199,143,217,426,344,858,749
447,234,171,124,80,114,404,187,789,749
624,459,159,119,91,125,370,312,890,749
508,398,177,150,127,150,373,323,871,749
378,194,295,220,144,203,433,638,911,749
605,362,252,204,131,170,424,353,884,749
306,214,152,132,98,114,344,389,888,749
381,275,190,151,115,149,353,318,825,749
541,376,267,183,148,220,470,316,850,749
231,173,244,177,131,183,385,372,852,749
335,245,198,152,113,158,360,315,854,749
410,310,260,203,158,206,389,347,795,750
522,354,190,147,100,138,364,490,806,750
582,382,288,233,165,216,415,506,893,750
495,353,185,160,121,146,365,302,820,750
372,264,232,171,127,173,403,251,846,750
313,170,317,252,145,197,339,596,895,750
408,237,335,271,173,228,421,470,848,750
217,175,177,128,98,141,307,313,824,750
433,243,402,307,188,257,404,643,813,750
336,203,225,173,118,159,350,419,878,750
433,302,184,144,110,146,369,315,858,750
470,338,278,195,145,215,415,380,820,751
343,246,209,139,108,167,392,324,839,751
629,480,196,152,123,166,387,320,813,751
555,414,231,186,140,181,388,322,836,751
416,304,174,117,88,136,407,319,845,751
324,236,207,147,109,161,370,316,861,751
321,185,310,238,147,207,383,622,885,751
425,291,212,166,127,162,391,337,828,751
541,395,301,242,175,228,401,319,854,751
299,234,213,151,114,169,349,303,820,751
613,381,317,246,157,217,433,381,869,751
522,320,431,316,207,291,442,618,959,751
725,472,290,233,164,214,434,570,930,752
415,316,252,204,166,209,396,311,834,752
347,240,197,153,115,153,384,315,867,752
413,309,201,154,122,164,363,315,821,753
567,365,263,191,136,195,476,428,895,753
327,251,202,155,121,160,373,237,872,753
697,477,227,180,130,171,421,328,858,753
642,386,287,226,143,197,527,340,881,753
591,340,269,208,148,200,488,481,903,753
583,347,364,292,185,250,458,563,894,753
480,367,184,143,113,150,382,308,863,754
411,299,254,205,165,206,463,317,849,754
617,345,399,291,176,259,450,635,889,754
471,329,238,179,128,174,380,316,858,754
333,257,200,133,105,164,337,301,841,754
392,267,233,200,138,170,435,332,761,754
660,454,229,181,122,163,419,355,870,754
476,331,233,192,151,188,395,341,839,754
293,201,207,146,100,151,383,451,938,755
380,288,233,169,126,185,343,301,766,755
359,255,249,191,146,196,384,312,894,755
584,473,419,313,258,351,457,97,683,755
647,444,288,216,160,218,397,500,901,755
402,313,192,145,118,163,349,326,874,755
596,427,243,179,130,181,406,322,860,755
547,328,323,249,171,237,429,615,884,755
661,454,279,229,159,207,407,416,758,755
195,166,168,125,100,136,317,361,891,755
516,358,184,135,99,140,399,321,897,755
409,278,302,229,164,224,398,461,927,756
558,335,371,255,174,272,438,539,772,756
699,480,334,256,180,242,437,505,939,756
261,222,186,138,113,157,356,317,862,756
292,236,164,137,112,134,308,293,829,756
624,447,155,121,90,119,375,330,874,756
474,268,265,184,135,199,514,321,870,757
486,364,236,177,143,197,414,379,890,757
469,370,111,83,61,86,331,640,915,757
384,259,285,196,137,215,394,399,887,757
380,270,226,171,133,180,404,327,825,758
288,181,231,199,139,168,475,302,830,758
648,419,294,238,164,213,425,629,886,758
462,263,320,243,160,221,397,600,905,758
702,472,319,251,173,229,419,317,884,758
520,383,231,186,143,183,389,314,840,758
699,464,310,224,146,224,433,490,913,759
529,322,297,215,143,202,407,568,921,759
338,229,334,249,175,243,410,440,909,759
232,172,134,105,86,112,473,2,540,759
437,244,258,203,137,181,540,326,809,759
564,428,198,168,136,162,385,319,853,759
650,428,374,304,210,264,502,497,868,760
181,173,94,73,75,94,479,3,145,760
279,205,167,125,91,126,409,314,811,760
616,443,123,90,68,96,352,334,937,760
402,243,198,147,116,160,523,331,849,760
388,252,271,216,150,197,496,385,877,760
445,296,244,185,139,188,406,327,870,760
447,276,254,196,127,175,352,470,897,760
569,402,221,183,137,169,403,300,871,760
464,313,209,146,109,161,399,328,866,760
593,399,202,144,106,154,443,320,750,760
611,379,317,249,174,231,472,577,892,761
629,430,232,168,126,183,399,404,786,761
257,200,200,152,116,157,312,341,815,761
225,195,198,150,131,171,315,310,850,761
599,405,235,190,141,180,402,552,961,761
353,244,272,188,126,197,382,334,892,761
646,338,329,254,159,216,507,635,878,761
484,336,265,187,135,205,388,327,865,762
444,299,300,232,157,213,399,511,955,762
708,474,260,213,154,193,417,438,917,762
394,281,239,164,118,180,394,435,916,762
372,282,126,102,82,103,311,317,917,762
577,385,279,211,131,179,464,372,873,762
524,368,225,167,125,176,387,374,864,762
172,159,180,116,108,169,325,2,206,762
436,283,249,209,155,189,416,320,837,762
395,294,186,133,99,145,363,308,843,762
701,456,411,317,226,303,493,364,825,762
720,438,375,266,113,186,469,655,923,763
289,201,195,140,98,144,420,246,873,763
484,423,250,175,147,216,402,142,766,763
371,266,222,174,137,175,362,321,843,763
609,342,370,264,184,270,546,642,902,763
442,334,185,150,116,141,358,314,857,764
402,315,203,164,133,167,377,333,858,764
393,277,174,118,84,132,339,299,772,764
406,312,179,123,95,143,358,301,832,764
676,486,234,185,135,176,413,323,742,764
566,372,283,205,149,216,391,545,894,764
538,293,262,192,125,180,422,579,946,764
498,278,125,100,62,83,346,670,931,764
674,353,170,132,78,104,416,706,1002,764
448,274,288,253,161,196,414,374,866,765
299,211,107,82,62,85,402,348,834,765
425,242,272,213,140,191,421,564,878,765
287,203,143,111,78,106,391,59,696,765
538,365,436,317,222,320,430,608,917,765
572,325,392,285,179,263,472,592,886,765
722,444,353,272,185,248,440,618,880,765
619,336,344,260,160,231,456,633,874,765
538,301,266,202,144,197,491,471,875,766
346,248,170,125,96,133,350,316,817,766
505,272,341,278,164,213,461,617,879,766
621,367,328,218,132,216,529,30,648,766
419,325,198,151,120,160,375,320,786,766
347,282,175,138,116,150,389,317,930,766
614,371,413,302,193,285,442,495,897,766
591,321,340,249,130,190,469,450,804,766
555,326,358,265,173,254,439,594,981,767
338,257,99,77,64,83,370,345,866,767
350,197,361,272,162,229,422,601,896,767
356,209,252,186,118,173,379,485,925,767
522,366,253,184,140,197,374,428,918,767
646,345,296,253,119,138,468,366,901,767
387,278,123,100,74,95,381,201,822,767
543,348,354,255,175,255,417,482,917,768
237,152,273,211,139,192,408,449,894,768
356,284,122,104,86,103,292,322,902,768
380,273,197,146,110,157,387,303,842,768
485,377,132,102,83,107,378,1,180,768
326,202,314,265,177,220,443,29,452,768
531,422,123,104,86,105,335,322,843,768
311,208,190,156,115,147,359,308,879,768
542,346,310,240,159,224,488,514,890,768
411,248,372,261,165,248,453,636,920,768
217,189,106,79,68,92,455,7,569,768
544,421,172,137,114,145,372,313,808,769
601,413,253,180,128,187,425,370,833,769
627,378,312,240,158,219,428,550,909,769
500,328,285,224,159,215,404,386,880,769
412,269,276,214,157,211,397,445,904,769
636,475,219,184,140,174,354,301,764,770
240,182,246,193,157,202,376,348,891,770
347,227,204,153,109,157,398,328,842,770
291,225,247,186,146,198,446,335,889,770
490,284,390,278,184,271,445,630,905,770
379,229,343,277,181,233,371,591,902,770
571,392,281,202,146,210,413,348,828,770
396,266,330,249,172,237,445,633,915,770
406,278,193,165,125,147,371,322,899,770
586,427,268,187,149,221,419,352,817,770
432,273,278,210,156,209,468,334,714,770
422,242,379,294,185,258,461,621,932,771
648,401,309,247,182,233,434,544,799,771
456,336,222,169,130,170,389,319,840,771
221,163,205,140,109,163,371,298,831,771
521,318,292,232,163,212,419,527,945,771
387,298,162,129,99,127,340,314,818,771
427,276,283,205,143,206,414,335,863,771
355,294,143,116,97,121,323,307,891,771
400,271,312,237,177,236,410,467,848,771
614,455,186,149,113,144,388,322,856,771
238,187,125,101,85,105,291,304,884,772
229,204,158,125,112,141,307,319,829,772
333,187,354,263,164,241,417,516,901,772
479,288,229,168,118,168,430,372,838,772
386,264,238,172,129,187,388,335,871,772
299,163,145,107,66,96,488,381,847,772
668,382,164,116,77,116,384,747,925,773
329,231,175,147,117,143,375,160,791,773
438,343,177,135,110,146,357,313,853,773
314,210,209,153,111,156,396,374,893,773
514,378,171,141,109,138,385,328,842,773
433,295,257,210,168,206,396,450,922,774
437,302,349,239,171,264,436,408,866,774
617,372,469,345,227,322,446,601,922,774
637,423,288,217,148,212,417,448,906,774
490,344,170,136,100,132,364,331,846,774
534,367,329,265,215,270,503,446,891,774
460,307,221,180,136,167,472,316,786,775
654,389,363,283,187,250,453,480,895,775
227,182,172,126,109,149,545,3,540,775
387,243,309,242,169,230,407,314,916,775
554,338,285,213,140,191,427,526,870,775
299,250,144,118,92,118,336,253,663,775
655,418,339,275,206,260,522,470,824,775
602,407,230,163,118,173,409,352,868,775
402,276,258,194,150,202,375,439,852,775
217,155,246,191,128,176,389,380,708,775
339,256,222,175,137,177,381,316,859,775
454,317,194,143,108,155,389,325,840,775
628,360,132,93,54,85,316,646,864,776
661,387,308,224,137,204,419,564,916,776
507,396,103,84,71,86,369,320,884,776
203,153,182,145,109,143,319,291,821,776
643,431,278,216,155,210,430,371,919,776
441,307,345,262,180,256,418,531,911,776
671,441,343,261,175,247,413,526,980,776
579,385,304,235,188,250,514,509,931,776
714,409,370,277,183,256,457,636,857,776
515,355,230,161,126,182,441,300,850,776
637,452,227,172,129,179,409,344,869,776
401,300,236,163,122,184,381,300,884,776
550,363,225,172,112,153,390,444,891,777
285,216,187,131,102,150,364,315,866,777
449,346,245,184,153,204,390,305,837,777
520,294,345,262,159,226,443,604,877,777
247,179,253,198,144,190,381,345,815,777
580,290,403,294,191,275,505,660,901,777
332,274,150,109,87,124,383,210,801,777
216,160,214,161,122,166,365,396,879,777
350,268,143,111,91,119,391,62,766,777
429,267,281,193,135,209,410,454,917,777
277,198,155,123,96,122,336,315,852,777
435,267,306,215,140,220,379,581,874,777
420,288,242,195,155,198,411,289,805,778
563,334,390,267,143,229,440,665,899,778
449,300,282,189,135,208,390,329,853,778
693,445,285,195,125,197,406,426,823,778
684,443,322,260,176,227,440,439,898,778
456,348,204,154,123,170,365,312,652,778
557,416,269,206,160,216,466,332,811,778
503,376,207,143,110,163,425,315,855,778
179,132,200,148,100,145,404,309,816,778
288,219,218,152,105,159,482,403,900,778
542,446,206,165,138,172,370,309,796,779
703,445,284,219,139,191,435,449,935,779
623,399,394,285,178,262,427,628,947,779
612,417,295,227,165,223,426,372,859,779
446,321,256,184,127,183,394,382,733,779
405,259,282,225,159,210,418,408,860,779
311,250,110,85,66,87,303,309,878,779
340,239,240,177,127,181,384,312,788,779
352,258,283,191,145,221,414,431,937,779
407,248,348,282,178,240,397,558,955,779
559,398,174,132,99,132,390,329,769,779
546,340,349,251,159,241,426,601,877,780
263,188,169,123,89,128,340,348,907,780
441,295,342,264,197,261,388,580,864,780
444,331,277,213,157,201,549,314,840,780
376,265,253,204,154,198,401,333,829,780
534,264,321,224,127,206,464,546,877,780
522,391,323,238,188,265,432,436,891,780
479,387,194,169,142,163,470,308,836,780
412,294,363,261,203,285,523,396,858,780
478,286,288,197,117,187,378,580,930,780
671,458,339,253,173,241,482,576,873,781
571,367,326,241,171,248,416,450,888,781
604,339,413,325,206,274,513,638,908,781
374,293,234,170,130,189,384,330,840,781
539,350,329,248,174,238,417,528,924,781
727,449,506,389,268,372,461,549,883,781
523,398,306,226,175,245,410,301,843,781
299,187,200,149,107,147,403,297,833,781
605,413,264,200,147,207,398,478,748,781
312,218,170,127,99,136,361,332,840,781
439,258,198,139,91,132,385,326,872,782
569,399,310,211,150,230,421,387,910,782
495,360,201,160,126,162,397,339,826,782
405,291,209,181,156,179,474,313,835,782
524,364,243,165,123,195,420,314,839,782
696,478,260,222,162,194,429,532,928,782
676,355,297,222,140,195,525,477,883,782
389,273,220,175,134,171,374,325,839,782
566,297,403,316,145,208,403,625,901,783
715,483,266,198,141,196,431,428,937,783
507,357,223,161,119,168,410,330,841,783
595,404,281,204,143,210,420,307,822,783
409,247,357,270,168,246,450,587,839,783
397,293,256,202,150,200,354,368,867,784
663,494,190,137,100,148,393,320,858,784
354,262,178,130,101,141,355,346,830,784
681,426,361,297,209,269,510,569,839,784
653,454,324,210,164,267,430,389,898,784
429,318,240,163,123,193,374,317,889,784
515,302,478,379,246,333,477,900,917,785
524,302,359,269,168,236,506,340,844,785
663,444,410,270,185,305,428,558,962,785
564,404,278,226,168,213,459,330,900,785
478,328,343,291,212,257,380,317,880,785
533,349,253,192,138,188,389,451,903,785
393,234,361,255,164,245,419,509,939,785
344,263,220,151,106,163,354,300,832,785
428,319,174,166,133,141,347,322,861,785
314,222,177,131,100,142,338,315,835,785
475,310,313,223,150,222,414,502,943,786
536,379,208,156,111,153,505,320,816,786
166,134,195,160,134,165,299,307,800,786
594,392,260,211,144,185,412,491,888,786
472,367,174,127,104,145,358,319,911,786
401,244,151,111,77,107,397,685,880,786
401,272,252,181,130,195,385,365,904,786
596,428,266,197,155,215,419,484,948,786
511,329,302,227,158,220,416,353,763,786
592,465,180,145,123,154,373,315,850,786
543,321,341,227,148,241,419,608,929,786
349,246,163,136,111,137,437,307,840,786
667,380,397,304,214,289,455,781,934,786
584,446,216,163,131,179,381,313,848,786
569,364,357,244,161,257,427,385,820,786
607,465,173,118,93,141,375,330,857,786
413,295,208,158,112,153,367,323,690,787
654,378,355,267,208,282,535,315,787,787
651,400,350,256,170,243,431,623,830,787
520,352,345,277,189,257,433,524,878,788
482,359,232,185,144,185,401,333,830,788
528,324,303,245,169,216,432,397,913,788
479,295,467,376,255,338,501,604,904,788
535,373,240,180,136,186,411,343,882,788
570,387,190,164,112,139,398,317,809,788
637,426,333,252,180,250,498,494,842,788
388,242,341,277,196,256,428,448,910,788
535,347,299,228,160,227,416,312,847,788
601,431,200,143,106,156,453,312,799,788
630,371,317,238,173,236,515,395,899,788
630,354,393,299,183,262,466,655,887,789
392,287,203,146,112,162,388,310,881,789
410,297,255,199,147,200,344,508,883,789
450,332,243,167,130,193,383,235,826,789
499,238,349,224,141,222,509,671,884,789
425,222,350,265,169,233,452,674,905,789
429,307,342,262,192,262,414,303,864,789
726,432,279,229,140,180,428,389,889,789
413,280,259,189,136,192,414,304,829,789
360,265,208,151,115,164,460,313,812,790
563,409,272,217,167,218,485,363,768,790
557,344,256,195,140,190,484,430,877,790
522,319,317,217,150,237,453,515,916,790
481,337,229,171,127,176,393,323,826,790
682,424,361,286,205,267,455,628,902,790
402,304,201,148,120,167,379,322,872,790
631,429,157,128,95,120,465,311,831,790
493,332,221,175,129,166,400,334,890,791
528,309,254,187,146,200,501,381,782,791
587,412,367,282,209,284,432,338,838,791
585,370,325,239,166,238,513,969,987,791
261,203,202,144,110,161,351,306,871,791
351,224,300,205,138,215,411,454,880,791
555,359,258,182,121,189,413,384,787,792
732,486,327,287,210,246,487,376,836,792
647,406,332,246,164,232,444,518,939,792
342,234,199,156,118,157,392,311,804,792
379,283,245,175,133,197,389,315,831,793
585,387,343,273,194,250,448,494,955,793
230,189,144,99,81,119,335,312,869,793
533,385,180,140,100,133,389,302,867,793
464,362,200,152,126,167,359,353,851,793
503,253,184,130,81,126,440,652,930,793
313,180,302,233,157,214,420,488,908,793
577,291,441,335,169,246,438,828,820,793
349,277,167,134,109,139,371,208,854,793
674,388,373,294,188,252,453,614,978,793
391,289,194,154,110,141,492,323,822,794
620,405,315,228,150,224,433,501,909,794
507,277,404,279,126,211,452,594,922,794
590,400,296,233,174,229,419,600,896,794
726,389,422,294,171,273,533,380,866,794
433,256,270,219,145,190,409,597,904,794
565,314,353,266,168,236,458,596,883,794
378,234,323,258,176,229,422,521,875,795
602,405,378,267,175,269,406,545,751,795
625,428,262,186,129,187,388,311,866,795
539,341,308,236,169,233,423,476,931,795
339,233,200,161,117,150,432,304,864,795
400,313,151,121,102,127,349,227,768,795
689,388,230,161,99,148,465,642,912,795
508,357,153,107,72,109,372,381,915,795
339,229,242,199,139,177,370,339,861,796
472,323,257,206,143,185,403,344,870,796
635,354,333,249,154,218,439,634,926,796
401,241,223,155,98,153,389,324,897,796
615,421,260,188,137,198,380,308,895,796
361,242,283,203,132,197,424,332,848,796
424,315,371,298,217,287,435,359,937,796
710,461,364,280,200,269,407,470,917,796
343,277,171,116,97,143,400,171,675,797
305,204,296,238,171,225,494,317,854,797
513,407,177,141,108,140,387,319,817,797
553,418,193,140,109,155,396,326,883,797
458,308,299,212,157,234,392,487,918,797
594,444,175,132,100,136,384,320,857,797
168,155,138,99,89,126,322,1,200,797
357,231,376,274,194,270,435,634,748,797
687,450,285,212,144,210,404,376,846,797
443,352,217,185,166,188,462,323,848,797
585,343,264,210,165,211,497,311,860,797
606,411,236,185,138,176,416,406,897,797
607,444,260,180,134,202,391,327,824,798
565,345,348,267,170,233,416,622,891,798
699,489,401,296,229,314,442,470,893,798
326,282,153,114,99,133,316,320,810,798
661,376,404,283,166,262,438,515,884,798
340,194,222,173,116,156,438,343,845,798
619,455,222,143,111,177,398,318,813,798
487,373,195,155,128,163,393,325,825,798
220,161,188,153,110,144,357,326,832,798
325,203,319,247,165,226,368,648,908,798
437,300,229,180,137,180,400,328,857,799
384,253,205,141,93,142,478,318,836,799
368,308,187,121,100,160,347,314,814,799
445,260,302,238,164,220,435,527,908,799
690,453,320,262,184,233,439,421,830,799
459,317,221,161,111,161,364,320,838,799
399,247,301,228,156,216,446,606,912,799
433,304,145,135,94,93,461,189,890,799
417,250,217,177,112,151,388,311,786,799
669,438,271,198,139,191,403,291,856,799
586,446,143,113,80,105,421,102,906,799
508,381,224,167,140,188,387,319,850,799
536,323,381,294,204,279,440,615,895,800
499,272,396,324,202,261,432,637,905,800
556,411,192,151,119,156,470,324,844,800
459,370,167,142,122,146,355,260,751,800
614,423,259,219,152,185,425,420,921,800
309,227,199,158,128,163,377,314,819,800
400,306,261,187,124,177,540,319,867,800
560,336,301,241,152,205,410,592,973,800
505,343,315,240,186,256,472,327,834,800
537,365,254,180,132,193,391,361,882,801
383,289,149,119,90,120,357,323,898,801
354,218,306,218,141,210,405,525,985,801
543,366,308,225,148,222,439,537,913,801
398,274,277,199,139,208,393,388,941,801
379,221,320,231,142,212,434,564,920,801
497,309,316,235,170,234,428,626,893,801
296,212,260,200,149,200,357,506,862,801
537,369,346,241,175,262,434,478,906,801
556,334,332,251,167,237,433,643,879,802
412,316,133,97,78,109,343,319,783,802
729,436,270,245,165,190,427,358,840,802
456,324,184,140,110,152,375,328,851,802
539,403,232,174,135,190,409,422,904,802
267,206,144,113,92,115,407,155,796,802
565,297,425,322,190,271,470,660,864,802
393,308,146,130,105,120,337,305,888,803
532,338,206,174,130,154,469,310,805,803
447,332,148,109,81,113,360,323,906,803
458,321,221,167,130,176,398,446,906,803
531,374,187,144,107,146,372,328,855,803
587,393,297,225,153,217,427,514,978,803
538,410,236,168,135,195,374,313,849,803
488,330,282,184,133,213,408,328,878,803
434,354,246,175,140,204,414,284,856,803
730,413,367,229,132,231,444,391,888,803
482,303,267,206,141,192,405,418,887,803
362,239,342,263,187,257,408,455,928,803
672,432,401,301,211,292,434,539,896,803
573,336,246,187,123,170,446,372,850,803
470,350,112,87,68,91,352,318,882,804
663,379,354,272,171,246,455,544,849,804
359,258,195,152,108,143,408,192,841,804
471,273,324,252,163,219,439,524,901,804
704,472,306,259,184,224,404,395,923,804
307,154,245,186,102,156,662,0,80,804
343,233,270,199,158,220,474,310,838,804
320,202,267,197,132,191,384,385,903,804
388,285,237,181,145,198,380,319,881,805
385,269,230,172,123,177,384,319,837,805
491,337,167,127,96,133,399,394,911,805
686,456,287,229,168,214,481,477,862,805
657,424,149,118,81,107,278,651,991,805
296,207,187,143,95,138,387,318,857,805
688,429,423,311,195,292,469,651,906,805
542,412,217,170,127,166,450,332,866,805
491,360,271,184,139,207,387,316,814,806
513,323,384,292,185,263,439,507,906,806
316,181,265,195,124,175,409,349,865,806
546,346,399,285,191,281,435,629,920,806
498,348,236,180,133,181,421,390,914,806
566,337,338,268,172,225,388,607,890,806
293,174,218,173,127,159,469,329,874,806
379,243,222,192,136,167,390,315,835,807
376,297,135,110,90,111,355,310,862,807
375,312,185,140,116,153,508,3,616,807
370,282,193,151,119,155,390,184,801,807
391,273,257,191,139,199,382,347,865,807
421,255,260,195,128,185,418,325,821,808
609,453,182,123,94,144,407,365,889,808
498,378,337,220,178,288,469,299,853,808
462,301,286,197,135,210,404,429,938,808
241,185,168,117,97,141,343,328,809,808
515,282,339,262,165,220,427,609,881,809
667,347,386,303,175,242,459,644,917,809
635,368,450,319,188,272,481,634,924,809
609,440,290,213,162,229,434,303,859,810
600,369,321,226,157,234,425,522,850,810
410,247,273,202,138,197,382,444,758,810
656,361,381,322,204,258,492,541,835,810
377,287,265,246,223,235,453,313,793,810
357,213,223,188,112,148,409,320,787,810
291,179,215,173,122,161,398,329,885,810
437,316,189,153,109,139,389,323,808,811
522,384,203,158,127,167,372,329,876,811
511,336,283,228,163,212,390,574,826,811
321,214,271,204,137,191,404,404,854,811
704,387,417,278,164,271,526,609,879,811
256,223,123,111,94,106,328,165,859,811
235,194,269,205,159,222,380,295,758,811
633,409,238,178,113,168,411,316,866,812
445,249,320,232,152,225,426,604,924,812
680,378,527,392,256,362,487,662,924,812
575,410,195,134,97,156,327,309,810,812
297,194,179,137,103,141,347,310,866,812
556,382,334,261,168,233,499,575,938,812
516,273,378,282,168,241,453,647,836,812
385,281,135,94,71,103,343,310,893,812
431,318,241,175,129,185,383,302,803,812
575,361,224,176,119,159,408,381,893,812
460,295,303,227,154,223,427,489,909,813
670,442,331,247,165,234,426,624,894,813
439,267,180,132,104,146,422,371,930,813
682,451,337,251,186,260,415,371,864,813
474,324,301,229,188,245,526,344,797,813
604,425,320,253,193,245,422,435,866,813
533,390,221,172,148,188,466,333,841,813
646,425,299,238,157,209,452,438,922,813
407,237,251,186,123,172,441,469,875,813
422,307,181,140,111,145,378,314,638,813
444,307,203,156,106,144,389,311,874,814
393,257,236,168,122,178,406,358,844,814
413,267,205,137,99,156,391,318,875,814
536,381,232,178,138,185,400,347,886,814
364,239,238,183,131,179,400,314,826,814
478,321,212,158,115,160,377,317,840,814
714,449,313,245,172,229,414,539,945,815
495,332,265,207,139,186,392,308,850,815
319,229,171,134,106,136,425,309,809,815
576,376,323,259,189,244,474,307,842,815
457,344,139,103,90,121,408,228,851,815
269,194,188,132,98,141,344,302,876,815
526,397,218,171,139,181,377,329,866,815
571,291,378,293,184,253,497,618,900,815
588,470,173,131,107,144,380,321,837,815
667,373,218,151,87,136,497,675,895,815
262,221,145,106,91,123,302,321,893,815
441,303,246,167,118,181,392,398,880,815
431,293,253,185,136,199,397,352,845,816
493,337,221,154,113,164,397,339,857,816
465,277,253,185,123,177,413,389,858,816
252,220,99,84,75,90,338,132,792,816
507,351,376,273,210,295,458,635,915,816
401,268,268,179,121,200,398,329,807,816
438,309,218,168,121,167,381,299,822,816
408,311,194,140,110,155,379,326,858,816
309,225,253,193,141,192,434,313,862,817
692,464,346,266,205,278,486,448,937,817
483,338,159,125,100,128,440,315,798,817
513,359,220,163,122,172,460,314,805,817
493,372,256,200,160,202,375,305,866,817
544,349,302,218,151,219,488,348,776,817
476,288,281,225,156,208,436,347,916,817
335,220,240,190,146,187,403,486,916,817
596,353,318,232,147,214,517,578,965,818
707,471,287,217,155,216,416,436,913,818
457,284,237,185,137,182,451,319,809,818
335,220,261,187,139,204,484,336,840,818
258,193,120,94,68,88,316,144,858,818
482,280,334,255,166,231,438,646,912,818
396,298,136,109,87,112,342,324,828,818
448,353,223,176,142,186,339,294,885,818
512,343,427,335,246,324,541,652,861,818
364,254,167,129,94,126,353,324,828,818
391,252,215,161,119,164,400,312,755,819
734,427,374,259,154,244,438,420,854,819
374,247,252,214,151,183,639,0,147,819
588,339,124,100,66,86,314,637,914,819
509,343,199,162,114,146,386,316,842,819
400,300,223,171,143,188,433,312,767,819
424,301,212,165,133,171,394,320,854,819
554,370,366,274,195,272,445,617,874,819
395,260,282,225,151,204,342,574,895,819
501,380,210,159,127,168,424,313,806,820
491,333,249,198,155,196,408,337,897,820
311,243,170,124,99,139,320,300,664,820
618,403,378,283,204,286,446,518,887,820
628,361,311,244,155,210,447,577,905,820
558,434,188,136,107,152,456,261,913,820
619,471,212,133,103,170,398,329,824,820
535,386,206,151,110,158,368,314,828,820
453,352,152,120,97,127,330,245,799,820
365,296,153,111,91,128,355,320,841,821
508,359,347,250,174,254,399,423,887,821
398,263,299,208,145,220,379,394,867,821
400,309,136,95,81,116,346,325,865,821
468,369,294,226,178,234,402,427,855,821
414,273,186,139,99,141,398,315,848,821
448,313,214,157,120,167,429,300,834,821
652,387,271,216,122,170,535,315,798,822
348,199,362,281,168,237,419,633,902,822
348,266,136,118,96,111,322,304,860,822
341,236,147,113,87,115,363,324,817,822
583,392,274,219,170,218,422,402,887,822
556,384,298,215,154,217,365,424,840,822
517,373,228,195,145,174,372,422,695,822
499,300,244,172,119,179,395,455,784,822
661,360,362,272,180,245,558,394,863,823
500,366,181,152,118,147,403,261,816,823
585,388,283,211,158,217,423,475,886,823
438,312,282,206,149,220,413,316,800,823
412,299,227,161,121,176,422,310,851,823
352,221,261,213,148,193,371,519,935,823
549,358,235,188,140,179,413,486,952,823
451,344,130,105,87,110,338,330,847,823
413,238,293,236,143,196,411,484,895,823
656,368,386,323,209,266,459,613,914,823
709,392,374,235,140,243,423,538,886,823
517,390,166,129,100,134,380,305,820,824
588,362,353,263,177,249,434,612,839,824
527,271,475,360,199,288,490,693,880,824
458,293,248,188,132,185,478,343,885,824
276,203,221,162,123,172,356,311,853,824
405,298,193,153,112,144,364,319,891,824
426,294,205,167,132,163,451,323,834,825
316,233,196,134,100,154,355,316,883,825
530,345,292,219,150,210,437,478,942,825
423,335,200,143,116,170,372,323,802,825
553,397,218,165,135,182,408,316,849,825
612,360,206,172,112,138,428,496,895,825
693,471,248,183,140,194,424,357,858,825
312,199,196,142,103,147,358,354,846,825
452,323,308,219,166,242,418,446,968,825
146,136,132,100,99,128,294,1,226,825
587,424,265,193,153,215,414,318,812,825
641,421,330,248,181,252,442,587,908,825
401,209,340,243,136,215,402,612,885,826
317,260,179,130,112,156,333,307,851,826
568,357,327,241,176,249,481,437,926,826
622,429,273,206,149,201,410,332,844,826
430,310,219,157,110,164,362,305,865,826
619,444,236,193,146,182,403,312,862,826
572,380,211,170,118,152,398,350,882,826
353,252,289,210,158,223,385,432,927,826
538,346,336,229,162,248,512,496,906,826
538,337,343,270,186,245,426,636,948,826
548,369,415,313,225,312,427,610,889,826
582,286,376,296,164,232,431,652,903,826
655,457,298,236,176,234,453,537,944,827
429,296,296,204,147,220,453,349,858,827
565,277,281,198,110,161,428,368,848,827
577,416,218,175,135,173,395,337,884,827
531,322,427,356,225,283,442,548,891,827
524,353,237,160,108,171,410,323,810,827
466,329,207,144,109,160,360,452,950,827
624,394,339,268,180,241,432,540,915,827
398,282,195,159,119,150,386,309,839,827
403,263,299,212,141,211,357,625,865,827
339,234,176,156,119,138,377,321,850,827
272,239,126,105,97,115,311,105,830,827
504,328,436,301,213,322,521,584,782,827
693,472,259,192,127,182,458,1,185,827
343,225,264,215,158,202,408,374,852,828
441,265,327,245,167,241,425,479,938,828
395,266,402,283,185,282,427,603,877,828
536,349,370,248,191,290,524,655,907,828
613,396,127,100,70,93,418,641,781,828
353,253,168,140,112,136,362,318,851,828
447,324,176,129,99,140,374,330,872,828
531,342,291,234,175,222,524,486,926,828
253,179,173,113,81,134,522,11,623,828
293,207,186,124,94,142,351,312,824,828
444,313,244,188,139,188,377,498,942,829
563,408,233,168,131,186,407,314,844,829
227,152,159,117,88,122,350,324,837,829
439,315,186,151,117,148,383,350,887,829
558,370,285,205,151,223,440,322,813,829
450,265,266,204,146,197,482,401,870,829
345,266,191,150,124,160,356,319,832,829
353,258,261,192,145,207,407,324,850,829
528,344,292,223,156,215,414,403,960,830
225,164,168,135,102,129,333,309,865,830
451,340,164,135,100,128,395,319,931,830
352,269,212,159,126,170,384,306,850,830
389,296,221,151,119,179,362,306,813,830
547,365,217,168,118,160,383,377,929,830
471,266,376,265,175,259,446,620,836,830
565,400,212,177,120,154,394,316,867,830
335,265,191,143,116,156,363,225,866,830
591,326,414,320,195,262,552,616,875,830
675,434,326,244,167,235,414,536,944,830
485,326,283,217,164,224,448,417,898,830
486,318,239,165,133,198,484,324,834,831
509,334,289,236,168,216,493,304,733,831
522,360,213,161,122,164,393,319,825,831
491,341,252,182,128,181,388,310,814,831
310,238,206,145,117,171,343,309,792,831
573,405,243,178,137,194,456,402,842,831
545,410,375,296,227,292,411,308,801,831
430,204,340,235,132,213,457,638,869,831
379,244,286,203,145,216,491,317,807,831
516,345,304,241,175,227,431,505,895,831
474,306,258,204,142,187,382,588,895,832
360,264,213,168,136,178,435,303,812,832
615,421,272,202,153,213,420,318,837,832
467,236,378,277,166,248,448,647,907,832
576,427,305,206,159,237,396,345,868,832
383,279,203,157,115,157,383,318,845,832
613,418,272,206,155,211,416,394,886,832
631,357,406,300,169,248,478,632,936,832
454,259,385,266,160,253,446,558,910,833
347,259,168,120,94,136,358,304,837,833
546,364,339,275,191,248,397,358,773,833
295,265,115,90,83,108,377,2,174,833
498,286,315,276,181,219,432,624,893,833
606,493,143,100,88,126,401,183,793,833
359,251,230,155,103,164,359,289,844,833
487,381,156,113,97,135,336,264,884,833
511,358,203,147,106,154,449,322,891,833
665,459,284,207,139,204,416,351,866,833
289,198,170,132,100,137,357,303,853,833
398,225,291,224,144,196,495,507,891,834
331,243,249,206,153,189,447,237,792,834
419,284,248,208,149,180,347,560,926,834
398,293,206,160,121,164,371,331,890,834
729,440,502,391,263,357,485,587,894,834
350,270,199,164,139,165,370,311,823,834
440,307,256,181,130,193,379,313,809,834
487,375,199,147,122,170,371,315,775,834
486,285,309,227,160,228,476,507,933,834
356,256,248,186,140,194,389,368,866,834
412,291,182,132,96,138,383,315,832,834
702,460,302,239,161,211,434,481,937,834
675,434,568,423,288,408,532,632,865,835
235,161,188,148,110,149,359,310,854,835
627,378,367,300,189,245,405,331,880,835
474,345,146,121,95,119,361,318,874,835
639,451,313,215,154,236,397,406,921,835
686,366,346,249,124,189,392,634,916,835
557,378,190,148,107,143,400,337,858,835
439,304,232,163,124,185,374,308,847,835
365,248,235,193,136,175,393,370,884,835
249,177,240,185,142,188,446,305,843,836
536,405,225,162,124,180,402,312,835,836
473,337,334,277,212,261,479,480,907,836
376,276,194,156,117,152,376,305,838,836
549,332,141,111,69,90,347,638,981,836
593,428,177,138,108,140,373,334,858,836
384,285,158,119,93,128,333,319,799,836
490,366,157,130,105,131,368,315,889,836
354,252,154,114,86,121,365,322,865,837
449,309,225,177,128,170,412,385,884,837
419,349,149,103,87,128,393,218,923,837
329,219,198,148,110,157,371,323,863,837
444,271,248,186,127,182,367,478,882,837
535,386,163,117,89,129,356,346,842,837
570,395,214,160,117,164,402,323,865,837
589,391,248,180,139,201,491,342,801,837
425,249,297,234,157,212,404,674,918,838
424,304,143,103,78,115,364,320,883,838
414,355,136,90,83,127,388,101,700,838
365,244,167,119,83,120,378,318,919,838
703,433,359,246,162,253,455,645,805,838
663,416,319,239,171,239,465,609,921,838
340,258,220,158,119,170,372,351,823,838
700,473,268,217,159,203,432,332,883,838
517,387,234,178,138,187,402,327,846,838
546,268,229,183,127,162,534,321,854,838
599,461,216,157,120,173,393,313,842,839
213,168,210,173,132,164,336,317,895,839
499,372,346,251,191,274,443,554,876,839
535,365,170,136,97,125,474,381,892,839
262,208,172,139,111,143,354,304,910,839
478,284,420,306,191,285,420,637,879,839
674,382,506,393,212,298,506,683,959,839
701,377,566,442,240,319,426,1023,942,839
569,410,254,210,162,203,481,324,835,839
510,328,237,188,124,166,414,338,723,839
462,303,268,194,132,191,419,393,915,839
717,422,232,172,111,159,430,658,932,839
445,304,253,207,160,200,406,519,928,840
538,344,175,122,84,126,351,333,870,840
500,372,207,147,109,163,374,306,840,840
462,283,325,251,167,238,437,548,983,840
454,311,282,224,165,218,394,437,885,840
274,228,228,180,151,196,361,297,821,840
550,368,229,173,119,166,446,329,829,840
262,190,241,173,130,182,374,317,886,840
581,430,234,183,142,189,460,315,856,840
374,267,260,180,131,200,389,458,905,840
276,187,231,168,118,171,363,410,874,841
430,303,279,211,157,218,385,607,889,841
396,287,248,191,150,199,380,314,832,841
573,400,260,206,160,205,411,311,822,842
617,445,210,169,134,168,395,312,857,842
577,439,177,149,121,139,364,313,844,842
499,307,278,208,146,204,416,535,931,842
503,383,149,127,104,126,349,320,887,842
482,326,169,140,115,139,478,317,891,842
616,444,164,131,100,131,383,319,845,842
433,260,404,288,196,290,448,653,946,842
438,301,191,154,113,148,428,311,833,842
434,312,139,100,76,110,359,321,868,842
404,249,334,282,178,225,376,637,915,842
374,256,246,180,139,194,409,340,719,842
626,473,224,187,146,181,389,320,830,842
567,371,342,269,201,262,491,568,876,842
455,338,233,168,127,181,369,324,843,842
463,325,106,78,62,88,380,258,958,842
531,360,198,148,107,150,407,303,847,843
267,197,160,123,97,129,351,192,843,843
637,386,427,313,193,275,447,617,907,843
645,439,335,246,173,247,431,372,881,843
262,153,273,215,141,191,391,408,872,843
656,480,180,155,121,147,400,338,888,843
586,414,252,184,135,189,383,324,838,843
563,436,202,162,135,170,390,329,786,843
483,308,231,169,131,184,478,320,823,844
542,326,333,255,190,254,533,498,902,844
522,345,217,157,110,159,388,322,824,844
505,354,345,249,199,282,465,515,959,844
275,181,251,162,117,195,369,424,900,844
337,243,277,191,146,218,374,299,843,844
666,376,295,193,117,193,467,311,877,844
604,411,237,202,143,173,393,585,943,844
476,301,407,290,186,275,432,565,920,844
378,280,166,128,95,128,409,300,840,844
416,249,124,94,65,90,394,534,948,844
439,328,202,136,107,165,372,308,865,844
191,151,168,127,99,134,359,302,849,844
636,447,238,173,121,174,415,331,899,845
641,401,318,247,166,221,382,629,825,845
345,211,219,177,122,154,416,2,568,845
329,272,182,152,125,149,339,307,750,845
419,287,380,266,194,290,412,427,910,845
378,240,213,165,117,158,395,330,866,845
550,351,149,119,90,114,469,349,838,845
554,350,335,256,168,232,419,618,902,845
384,287,181,147,120,152,382,316,830,845
694,486,257,185,133,191,394,307,844,845
331,270,246,193,157,204,396,318,839,845
508,340,241,197,144,184,458,335,811,845
626,333,153,141,84,97,354,1,238,845
439,344,184,144,119,154,361,331,815,846
226,147,219,146,94,149,371,320,887,846
226,188,238,159,131,203,432,346,890,846
348,202,143,98,64,100,297,666,974,846
492,321,279,204,150,214,403,398,853,846
470,283,357,270,176,243,421,500,957,846
254,178,180,126,80,122,467,77,554,846
549,320,311,243,161,218,426,563,917,846
543,329,262,186,111,162,493,345,877,846
300,237,140,104,81,114,313,314,859,846
414,275,257,180,134,198,395,411,874,847
465,368,241,206,172,206,393,319,812,847
400,295,128,104,83,103,315,316,837,847
507,343,292,228,164,224,404,489,923,847
385,317,154,121,101,130,314,291,801,847
455,270,329,232,151,233,436,603,793,847
452,302,323,261,172,227,421,365,825,847
629,414,121,94,67,89,371,644,948,847
472,323,223,158,122,181,441,308,850,848
407,311,216,170,134,176,377,316,865,848
334,225,304,227,159,229,404,478,922,848
531,283,313,247,148,203,503,637,941,848
471,363,261,211,160,197,397,311,879,848
515,307,290,207,133,196,492,453,913,848
273,211,218,167,130,171,311,288,755,849
631,414,293,220,154,213,426,510,923,849
446,333,137,105,83,111,319,318,858,849
584,427,392,310,254,330,419,302,871,849
559,411,176,120,89,137,386,316,898,849
445,317,203,147,102,151,361,324,875,849
450,249,382,287,187,269,457,666,881,849
382,262,212,157,114,161,399,349,870,849
673,457,336,232,171,257,436,417,913,849
459,258,409,311,207,289,436,633,837,850
284,223,199,161,129,159,333,313,876,850
667,468,275,219,156,206,423,478,919,850
474,271,381,262,179,276,520,598,921,850
362,254,210,152,112,163,347,292,831,850
502,369,227,171,125,175,395,333,863,850
390,262,391,292,184,273,446,634,951,850
313,226,180,133,107,147,370,316,856,850
568,413,276,210,175,232,414,340,881,850
428,332,97,75,63,83,388,263,745,850
629,388,285,214,150,212,417,411,886,850
380,250,251,187,134,187,394,320,876,851
618,417,228,165,117,173,392,481,951,851
429,331,206,148,112,162,395,312,814,851
585,423,198,164,128,158,392,311,805,851
382,283,292,210,159,230,409,348,873,851
244,155,246,189,132,183,388,336,920,851
334,256,108,79,64,91,316,318,872,851
543,369,232,188,131,167,392,314,871,851
537,365,230,170,125,175,400,436,934,852
656,374,361,267,161,231,459,649,910,852
534,315,292,235,159,204,426,361,853,852
270,206,185,144,114,152,365,319,865,853
364,277,168,138,110,138,348,312,867,853
349,263,173,119,88,135,349,319,815,853
533,416,179,138,114,151,373,334,804,853
430,292,253,188,136,189,395,382,878,853
541,326,330,225,145,228,432,493,910,853
393,279,167,125,97,131,359,315,847,853
456,313,297,245,178,227,424,466,945,853
211,205,98,70,71,97,358,2,194,854
327,260,174,144,119,146,334,308,815,854
586,368,331,261,184,239,462,478,903,854
491,315,294,214,152,220,421,426,887,854
512,377,257,200,157,203,444,414,872,854
371,239,309,239,173,236,394,514,855,854
620,397,248,193,134,182,399,578,947,854
459,321,219,168,136,179,474,311,850,855
288,228,256,182,139,199,360,290,866,855
318,205,254,160,114,185,417,366,843,855
477,277,398,281,176,271,456,574,942,855
384,288,118,94,74,96,336,321,866,855
409,253,310,248,169,215,406,613,914,855
457,334,185,151,119,151,380,327,799,855
652,469,220,157,115,170,409,304,885,855
582,407,257,197,142,194,418,393,893,856
659,380,521,390,220,315,562,575,876,856
330,220,248,205,146,186,353,314,712,856
362,252,200,146,105,151,360,333,867,856
466,304,268,199,137,193,411,337,863,856
682,422,390,286,201,292,500,633,917,856
332,251,207,164,120,159,313,334,841,857
596,370,359,252,181,267,479,588,892,857
592,427,226,171,125,171,407,316,732,857
713,435,301,240,161,217,447,630,739,857
407,294,185,148,115,147,388,321,881,857
370,253,205,164,120,154,422,339,852,858
527,407,210,156,123,170,350,311,842,858
547,413,184,144,118,152,389,323,819,858
291,246,148,118,104,130,338,316,882,858
517,363,202,166,128,160,368,357,915,859
355,221,206,157,109,154,407,317,854,859
530,327,416,325,217,293,431,608,935,859
337,215,249,176,117,174,405,375,884,859
496,296,315,245,169,229,410,594,856,859
438,271,262,206,144,187,394,338,903,859
354,277,191,150,119,154,341,307,813,860
565,416,284,212,161,216,403,309,749,860
614,420,257,219,164,200,403,343,689,860
426,282,247,191,135,189,392,364,853,860
669,480,292,216,155,222,415,384,905,860
623,431,282,225,166,217,423,480,919,860
395,299,214,173,133,167,377,342,869,860
637,380,180,139,86,118,498,324,817,860
488,349,293,197,137,225,415,338,897,860
359,274,190,149,119,153,362,244,817,860
440,322,179,135,102,140,360,305,813,860
609,401,298,209,133,205,418,330,854,860
479,297,332,282,188,239,419,535,870,860
366,264,226,176,131,176,396,374,891,860
415,288,229,178,133,181,378,297,717,860
617,399,267,203,142,202,427,355,732,860
603,363,332,266,179,232,510,528,941,860
565,320,320,238,149,222,498,451,725,861
327,211,312,236,160,223,380,604,897,861
368,254,253,190,143,201,410,326,884,861
404,289,196,161,122,153,438,304,844,861
279,202,230,187,139,179,381,326,864,862
561,435,108,85,69,90,343,319,817,862
505,392,205,164,139,178,382,322,802,862
405,258,229,184,134,168,404,322,893,862
610,447,230,181,145,192,401,309,901,862
641,461,208,164,119,161,379,315,860,862
432,295,235,165,128,191,389,318,867,862
477,374,135,108,91,114,334,329,848,863
505,338,243,191,139,181,463,466,974,863
419,282,284,208,155,221,481,352,863,863
474,260,337,242,153,233,430,645,864,863
620,392,360,266,190,264,440,433,944,863
578,337,339,258,177,243,517,349,890,863
560,426,168,130,104,140,367,318,853,863
299,173,276,200,133,195,412,441,874,863
217,163,235,197,162,191,649,0,995,863
515,386,224,179,136,177,381,302,803,864
587,398,168,123,86,130,319,314,866,864
222,156,139,103,77,108,316,324,925,864
546,416,186,139,115,155,377,328,838,864
252,184,289,197,143,221,412,302,846,864
415,314,245,178,139,196,377,303,797,864
447,240,306,235,154,213,432,494,915,864
468,361,223,174,135,178,373,308,834,864
423,328,175,150,117,140,375,300,855,864
346,252,197,154,118,155,364,314,841,864
425,322,203,143,109,164,368,300,654,864
463,386,101,82,68,87,338,249,877,864
324,222,185,140,107,146,358,308,858,865
447,341,224,164,124,174,534,4,599,865
437,265,123,89,57,83,285,654,987,865
320,208,282,208,139,197,387,526,973,865
639,436,199,141,97,147,387,324,809,865
570,448,211,147,131,188,440,234,727,865
624,422,111,87,66,84,384,649,802,865
362,217,314,249,158,209,423,467,897,866
568,387,322,249,180,242,430,516,914,866
549,323,299,220,150,215,515,609,859,866
543,432,129,103,86,109,404,325,799,866
601,367,346,239,155,242,458,616,944,866
619,380,314,247,171,225,429,349,872,866
399,286,190,150,104,137,376,319,810,866
495,330,256,195,144,194,427,387,881,866
667,470,298,214,156,230,420,317,854,866
353,257,198,165,123,155,359,307,890,866
325,237,241,177,133,190,401,318,830,867
431,321,250,183,142,203,403,347,881,867
730,476,341,254,176,244,436,374,860,867
361,277,213,156,125,175,364,299,841,867
547,421,159,128,101,130,390,321,807,867
365,242,242,164,113,178,380,328,803,867
247,173,172,139,103,132,349,303,724,867
470,313,194,152,114,147,384,361,830,867
606,384,209,169,114,148,407,380,880,867
520,323,328,276,189,235,393,393,891,867
484,295,445,345,237,323,484,659,909,867
399,279,217,162,118,166,347,311,746,868
537,271,433,327,201,278,384,915,874,868
371,268,230,182,144,182,406,299,801,868
534,351,312,252,188,235,437,571,888,868
479,366,147,123,98,121,383,326,844,868
719,436,361,300,200,261,507,320,844,868
431,252,405,283,183,274,510,631,830,868
513,393,202,171,142,170,359,311,825,869
605,387,370,267,181,271,428,421,899,869
322,245,146,112,88,115,295,281,838,869
375,250,182,145,101,133,354,305,846,869
493,396,184,146,122,154,384,305,889,869
443,282,184,154,111,137,385,407,936,869
372,242,196,139,101,146,380,327,831,870
343,252,213,184,134,162,343,307,824,870
405,256,320,237,160,228,454,494,820,870
484,383,154,118,93,126,349,322,894,870
591,320,448,322,184,274,480,743,955,870
441,259,421,310,202,294,455,593,932,870
715,474,319,259,188,239,409,513,956,870
519,325,321,250,179,240,425,337,840,870
727,448,397,295,194,279,465,661,919,870
473,350,213,150,113,167,405,357,819,870
472,319,290,238,164,213,528,12,638,870
667,471,290,219,164,228,424,395,826,870
221,175,148,116,95,124,305,311,841,871
481,313,296,211,150,219,398,387,908,871
501,324,265,210,147,196,397,507,810,871
451,332,238,197,161,195,454,318,873,871
445,274,229,172,128,175,430,460,886,871
521,414,156,119,101,134,351,323,844,871
568,368,296,221,159,222,431,446,885,871
417,307,249,192,146,194,385,355,878,871
494,278,405,320,204,277,437,601,882,872
646,475,224,169,139,189,408,339,835,872
649,415,198,142,85,130,403,310,838,872
724,489,271,207,143,199,415,359,856,872
526,301,158,119,72,101,367,636,966,872
360,250,189,148,105,144,437,305,834,872
507,372,190,143,106,149,341,312,899,872
451,307,193,157,115,148,374,322,729,873
475,372,180,151,125,152,362,312,829,873
557,431,140,104,85,118,361,307,873,873
495,282,301,233,159,216,489,587,889,873
368,233,389,306,202,269,439,624,895,873
507,309,361,265,172,250,447,649,744,873
266,183,221,165,116,169,394,313,842,874
451,238,323,248,163,227,442,517,863,874
537,377,178,133,96,134,347,305,839,874
656,389,275,204,132,186,438,636,870,874
359,200,136,108,70,94,352,628,870,874
530,378,295,227,188,250,447,428,862,874
364,302,122,93,79,103,307,310,847,874
451,276,334,228,150,234,422,529,943,874
687,444,292,204,142,214,419,423,907,874
570,427,240,181,130,181,384,323,868,874
501,316,323,223,147,233,426,525,918,874
552,376,226,158,117,175,407,327,888,874
559,423,215,154,118,168,355,307,812,875
594,405,203,157,111,152,396,389,863,875
459,297,262,193,127,181,403,329,873,875
317,223,238,152,115,188,360,327,883,875
523,384,282,222,172,227,468,317,804,875
402,242,285,226,153,200,415,513,927,875
417,306,272,187,127,193,411,2,188,875
624,431,296,215,157,227,475,353,835,875
634,410,151,121,92,117,375,626,897,875
396,246,396,312,195,272,430,578,954,875
476,330,228,185,158,197,493,341,841,875
354,224,166,128,102,135,472,307,873,875
569,355,437,316,245,343,500,673,937,876
332,216,179,126,88,133,433,311,799,876
519,386,223,154,126,189,392,413,768,876
406,290,180,149,111,141,337,314,871,876
557,384,227,177,134,177,398,313,858,876
360,261,215,166,131,167,467,332,735,876
307,229,253,194,140,195,366,346,886,876
471,353,213,167,127,168,380,312,847,876
374,263,140,106,80,111,337,318,852,877
367,254,193,140,106,151,394,334,899,877
357,218,313,227,149,217,422,652,916,877
388,275,218,151,118,177,358,308,814,877
380,247,241,177,117,168,381,549,942,877
626,385,287,230,157,207,401,630,873,877
296,218,213,185,147,172,335,539,876,878
266,220,155,128,108,131,349,126,787,878
349,269,199,172,140,168,376,299,826,878
395,269,253,198,152,199,380,317,832,878
709,471,386,249,176,294,413,523,854,878
559,399,206,164,130,165,388,316,762,878
469,316,206,162,117,155,408,326,833,878
387,277,146,119,93,119,331,301,900,878
596,419,253,190,147,205,388,344,848,878
340,271,190,150,91,125,412,1,197,878
475,348,198,162,127,156,325,285,844,878
582,323,308,242,157,211,512,325,813,879
656,376,493,362,235,337,512,565,885,879
497,289,309,246,160,215,431,598,924,879
704,430,339,251,158,225,440,463,891,879
360,234,269,223,159,198,388,332,824,879
657,392,331,255,163,229,446,571,763,879
484,318,247,197,144,187,423,459,885,879
599,415,147,118,88,115,373,327,871,879
430,341,212,155,130,183,370,327,896,879
404,271,291,218,154,216,380,450,840,879
479,322,241,188,129,176,407,337,885,879
541,397,288,225,170,227,482,358,853,879
382,281,231,164,124,184,385,302,851,879
492,351,232,186,145,182,395,339,808,879
410,282,296,224,162,222,470,597,944,880
190,135,163,129,93,122,321,321,825,880
459,314,213,168,121,161,404,325,847,880
430,277,239,187,129,174,395,337,884,880
654,423,282,194,129,198,431,384,892,880
671,455,260,203,137,188,432,361,880,881
464,279,271,205,138,197,392,313,852,881
480,381,118,91,75,99,417,314,861,881
507,344,241,204,152,181,403,308,874,881
686,484,124,93,72,99,366,641,848,881
493,326,289,219,159,220,402,534,878,881
437,299,214,178,127,158,371,319,765,881
270,190,288,195,142,225,348,183,698,881
452,309,287,218,158,219,453,317,887,881
429,290,210,166,124,164,367,320,819,881
509,383,197,163,133,161,371,313,834,881
523,394,285,205,160,228,401,308,865,882
536,357,191,148,106,144,361,309,903,882
393,262,185,141,103,141,394,333,867,882
530,342,234,184,132,176,467,315,800,882
598,438,165,128,98,131,390,328,897,882
439,233,369,272,167,246,499,541,900,882
446,338,232,154,114,180,386,354,877,883
550,404,232,171,128,180,396,325,846,883
461,287,286,219,139,197,411,460,920,883
621,403,208,156,110,151,409,332,853,883
458,320,238,179,139,188,396,367,871,883
545,425,275,180,148,232,403,319,862,884
264,198,199,141,107,156,349,347,913,884
471,296,286,204,134,201,495,415,832,884
398,310,171,130,108,144,351,229,839,884
392,228,376,278,188,270,440,645,876,884
368,257,186,140,111,151,397,329,869,884
432,316,166,137,104,130,373,309,832,884
455,336,217,159,122,172,370,295,895,884
559,428,157,109,90,134,344,310,877,884
353,275,168,155,129,140,334,309,904,885
586,394,283,225,164,213,410,310,866,885
390,263,200,160,118,158,375,302,871,885
492,333,218,172,127,167,376,475,897,885
385,200,309,227,132,194,424,607,889,885
717,464,302,246,176,229,439,547,895,885
683,360,285,204,128,189,415,941,970,886
468,270,246,186,145,196,472,331,844,886
492,327,294,231,149,204,394,626,856,886
418,279,193,140,116,163,498,327,899,886
447,314,282,216,159,218,443,321,842,886
454,310,283,213,149,211,401,354,873,886
417,324,155,118,83,115,352,305,842,886
527,309,376,269,168,252,459,619,888,886
526,367,239,208,156,187,393,456,920,886
488,329,243,163,123,189,379,304,834,887
425,276,256,197,142,195,388,383,880,887
379,213,333,256,171,231,408,647,866,887
416,277,321,223,151,231,419,388,884,887
662,452,266,200,142,200,423,483,873,887
438,293,278,196,151,224,485,322,837,887
456,369,119,90,80,106,389,138,875,887
487,352,186,149,117,147,382,306,854,887
439,265,334,236,145,223,452,611,883,887
324,217,250,199,141,182,381,309,906,887
609,414,201,170,119,145,401,312,847,888
225,185,159,111,89,132,332,306,831,888
637,466,215,171,132,166,383,310,837,888
658,430,302,239,170,224,419,508,987,888
384,236,316,216,147,223,426,415,880,888
412,259,264,194,136,193,375,566,899,888
685,495,214,166,126,168,382,335,855,889
587,432,200,152,117,158,394,329,837,889
352,203,297,229,151,211,426,415,940,889
623,427,292,220,160,216,428,420,945,889
535,375,193,153,116,155,397,326,841,889
712,424,286,224,144,193,430,429,872,889
286,225,168,155,121,135,338,148,786,889
410,343,132,110,92,111,420,2,208,889
452,317,207,150,113,161,378,312,872,889
430,248,293,220,140,203,407,347,853,890
626,395,294,242,169,208,525,481,947,890
208,162,215,166,133,178,347,348,907,890
651,480,263,192,144,203,434,377,869,890
511,358,296,213,157,231,415,340,873,890
305,231,161,124,101,133,333,319,819,890
289,228,145,118,90,115,281,298,832,890
307,199,293,229,161,215,465,323,828,890
613,342,447,311,188,290,571,532,896,891
554,315,316,253,157,207,424,631,899,891
324,255,217,158,127,179,396,396,877,891
502,364,172,145,113,136,377,322,886,891
468,344,308,218,168,247,414,329,889,891
440,271,341,275,185,246,478,345,851,891
638,457,207,139,104,159,401,372,907,891
318,252,183,143,116,156,397,59,721,891
354,256,196,152,115,158,366,298,815,892
320,226,202,156,118,158,367,364,862,892
300,253,286,222,179,235,436,405,865,892
377,270,330,258,174,241,399,448,920,892
437,285,242,170,131,192,434,345,895,892
641,466,142,114,86,111,370,331,815,892
475,254,308,232,148,206,481,479,891,892
627,342,413,296,160,248,458,550,872,892
377,216,309,240,156,214,422,635,766,893
474,370,135,97,79,111,338,324,830,893
633,416,286,202,130,196,467,352,855,893
610,323,416,297,179,273,493,477,850,893
322,221,213,149,109,164,376,353,848,893
579,395,289,208,151,222,404,478,800,893
390,238,297,202,134,212,422,539,920,893
403,290,246,179,134,190,387,301,854,893
400,264,307,209,143,217,405,474,925,894
288,197,126,102,76,97,324,324,897,894
487,341,249,174,141,206,398,327,836,894
522,326,279,230,165,212,418,370,898,894
649,406,292,210,129,200,430,349,860,894
441,266,240,191,130,175,391,367,876,894
338,281,226,168,139,194,383,306,840,894
310,218,141,109,84,111,352,315,797,894
430,289,277,218,157,202,315,318,878,895
619,451,264,185,137,206,446,384,829,895
490,352,172,137,106,137,368,313,889,895
608,423,252,196,146,196,394,331,907,895
485,308,379,275,171,245,443,589,960,895
508,360,166,124,97,131,367,316,849,895
538,261,459,320,170,281,481,627,841,895
517,318,378,269,187,277,438,618,897,895
534,407,179,150,119,145,385,320,844,895
648,417,294,207,145,217,402,549,969,895
471,309,214,157,111,162,407,303,840,895
617,447,157,128,95,121,388,303,860,896
277,237,152,100,81,128,476,2,556,896
323,264,192,147,121,160,352,405,914,896
625,413,350,276,190,251,421,588,901,896
475,356,167,129,103,137,390,329,878,896
538,408,188,148,117,152,350,318,872,896
484,313,250,191,137,189,369,488,903,896
673,437,405,289,207,309,437,370,938,897
430,305,186,157,118,146,380,315,795,897
409,272,223,166,118,166,393,331,867,897
352,259,253,172,124,187,355,344,849,897
379,291,111,92,77,95,331,318,823,897
351,194,369,286,177,245,443,643,916,897
643,405,447,342,218,306,480,613,921,897
356,256,324,220,166,250,563,5,629,897
436,235,225,155,101,155,533,325,841,897
488,321,257,198,138,187,457,340,860,897
622,376,226,161,111,166,506,206,832,897
631,397,414,338,224,284,439,627,823,897
464,334,272,220,167,216,447,316,832,897
504,336,252,167,133,202,526,334,863,898
667,471,248,178,134,191,404,321,819,898
521,341,233,183,133,178,407,478,885,898
559,423,245,191,154,198,399,323,830,898
431,365,189,152,128,160,386,335,871,898
564,404,214,156,118,169,377,316,896,898
682,482,227,192,140,173,442,331,891,898
432,308,349,245,178,264,421,450,810,898
701,466,266,224,150,189,420,294,857,898
472,326,258,200,148,199,391,424,929,899
674,455,262,214,153,198,422,558,917,899
709,482,268,203,148,207,423,425,908,899
497,328,291,224,155,214,402,443,910,899
711,458,341,270,188,255,436,505,940,899
461,333,255,205,162,208,399,526,847,899
626,449,235,175,128,182,390,315,825,899
667,425,202,164,104,137,417,321,831,900
536,332,215,152,99,145,391,348,871,900
620,394,433,307,212,320,486,600,845,900
417,293,260,206,154,201,394,313,856,900
427,303,280,216,165,220,405,385,870,900
367,243,223,153,106,165,458,308,808,900
654,412,332,229,158,236,436,560,941,900
338,232,247,188,133,183,396,433,936,901
530,362,200,149,108,148,358,232,840,901
537,317,356,272,185,249,436,624,913,901
595,414,266,202,143,197,405,329,844,901
429,323,218,183,144,177,384,317,838,901
651,441,315,266,195,239,430,430,945,901
670,459,262,212,156,200,406,377,859,901
297,232,221,159,131,186,399,314,824,901
346,235,195,158,105,138,425,315,833,902
324,213,268,182,122,189,382,436,889,902
564,329,257,206,142,184,469,547,954,902
339,250,208,159,133,175,463,325,841,902
524,390,224,151,120,184,418,318,862,902
388,253,226,164,113,162,409,384,913,902
355,247,209,146,107,157,395,366,878,902
595,375,273,204,136,189,383,757,924,902
405,271,228,179,124,168,409,323,849,902
248,187,178,129,100,140,365,314,853,903
517,359,188,129,100,151,435,277,741,903
719,486,275,225,159,198,430,525,878,903
722,428,386,288,143,214,480,665,879,903
511,378,276,183,136,215,395,310,856,903
411,285,162,131,95,122,345,304,880,903
663,484,176,132,98,134,363,323,842,903
525,312,360,297,206,266,413,575,941,903
622,450,244,185,134,181,407,398,872,903
457,343,292,218,174,242,393,312,852,904
550,381,307,214,150,228,484,493,875,904
554,403,334,257,183,251,413,359,886,904
562,378,291,231,174,223,420,343,831,904
571,351,127,91,63,91,371,649,836,904
532,310,275,223,155,198,473,338,857,904
666,402,352,282,183,239,437,548,906,904
508,351,180,144,111,143,368,321,836,904
198,144,259,195,122,179,438,303,832,904
483,315,369,279,187,265,426,514,902,904
260,204,236,189,147,192,378,320,848,905
535,349,286,216,149,211,414,377,878,905
592,433,209,158,121,165,410,330,891,905
566,400,249,179,135,196,407,315,888,905
466,281,278,221,159,207,438,486,861,905
490,300,491,347,231,338,457,620,870,905
215,144,178,127,90,131,330,304,789,905
541,417,227,170,137,188,391,320,840,905
591,410,273,224,152,196,393,313,857,905
535,396,199,163,123,155,401,325,879,906
465,319,209,154,114,161,377,305,860,906
451,354,211,157,131,178,402,323,856,906
401,303,257,200,156,208,410,393,903,906
427,255,265,208,148,199,479,340,801,906
275,223,167,128,106,141,348,255,852,906
604,402,250,196,141,189,419,332,875,907
552,378,345,260,187,265,465,520,926,907
430,292,202,157,115,152,380,305,878,907
298,217,232,170,125,179,368,374,903,907
412,242,255,179,117,181,415,371,860,907
382,286,189,131,103,154,352,320,836,907
603,406,287,224,158,208,416,433,866,907
425,299,221,172,117,160,355,285,902,907
413,293,203,151,119,165,353,321,859,907
429,305,223,152,106,164,373,373,870,908
291,240,138,100,89,125,327,128,695,908
710,433,439,339,211,308,493,597,894,908
223,185,100,78,71,91,495,3,495,908
594,374,216,170,119,159,389,479,882,908
661,426,269,197,133,194,407,307,795,908
612,422,250,189,141,192,401,318,753,908
578,419,231,180,135,179,374,317,801,909
566,452,191,136,111,160,379,311,893,909
397,307,165,127,107,141,356,225,844,909
410,265,131,96,65,87,395,412,928,909
513,338,227,176,118,161,397,303,849,909
411,239,385,296,192,262,438,640,934,909
251,181,200,158,108,140,502,1,158,909
373,272,183,151,123,151,416,320,781,909
616,398,184,131,88,133,383,293,889,910
624,409,344,270,199,259,493,487,926,910
498,281,327,244,156,220,461,631,936,910
343,259,190,135,102,149,354,302,846,910
359,267,136,106,85,112,344,323,843,910
250,176,324,251,165,234,432,540,911,910
649,446,257,211,161,204,406,355,836,910
542,395,219,163,127,176,369,320,851,910
602,381,439,294,197,308,431,436,859,910
496,376,171,132,105,141,367,325,894,910
454,300,301,190,134,222,481,317,836,910
485,325,218,185,134,168,386,447,957,911
468,302,223,174,131,168,510,341,862,911
464,348,283,206,167,235,486,333,860,911
569,323,409,307,191,271,455,626,912,911
619,450,229,161,120,180,372,325,840,911
595,350,447,332,214,302,476,493,873,911
640,364,428,269,165,289,447,475,865,911
363,232,282,210,146,210,361,501,912,912
245,165,170,141,101,124,326,321,861,912
588,417,308,218,155,231,422,420,864,912
405,292,274,191,140,209,373,303,756,912
470,312,255,164,120,200,458,324,846,912
616,347,424,317,206,294,516,593,934,912
442,352,245,166,139,209,405,368,894,912
418,327,177,134,114,150,367,319,882,912
571,430,217,183,143,169,381,326,674,912
564,339,501,360,211,313,471,746,939,913
415,244,373,291,186,254,448,518,896,913
302,248,251,195,164,212,340,463,908,913
547,345,227,195,136,168,406,643,904,913
554,405,359,267,191,268,523,381,717,913
577,322,267,208,146,196,492,401,866,913
370,228,281,208,143,204,399,539,910,914
259,214,120,101,85,101,542,2,141,914
538,410,258,167,132,208,486,371,845,914
383,252,131,90,63,94,457,368,817,914
368,282,359,237,192,297,466,430,827,914
516,399,203,173,140,165,387,313,803,915
534,370,263,198,140,194,412,316,789,915
360,252,262,206,154,201,488,325,843,915
725,421,352,249,163,248,449,518,897,915
361,234,256,201,137,186,615,1,136,915
254,200,166,121,96,134,310,301,870,916
599,421,279,223,159,204,396,333,831,916
394,320,252,178,152,219,431,314,794,916
612,447,223,166,126,178,397,305,821,916
689,463,276,238,174,209,433,623,892,916
526,378,201,151,112,159,383,316,823,916
596,415,174,118,93,142,446,343,856,916
532,409,223,164,138,190,369,324,873,917
538,262,463,352,191,264,403,788,906,917
370,281,272,192,136,206,385,297,825,917
718,433,310,254,170,220,443,632,929,917
400,336,183,122,104,159,326,300,837,917
521,338,245,183,133,188,420,426,925,917
470,304,203,162,112,146,383,330,909,918
467,279,196,156,105,139,355,389,871,918
566,327,368,289,196,272,429,577,917,918
377,281,135,108,83,105,379,241,816,918
556,366,246,204,136,173,404,324,870,918
532,381,258,181,130,190,379,326,857,918
521,403,187,149,115,152,403,317,843,918
390,241,354,270,176,247,447,511,918,918
474,270,325,250,167,231,428,578,959,919
395,296,294,205,166,244,441,387,910,919
450,342,182,149,119,151,367,324,839,919
456,363,180,137,115,156,376,307,840,919
498,294,193,152,98,132,349,877,1019,919
500,299,419,296,175,263,458,453,922,920
379,244,193,153,102,138,412,352,818,920
419,301,206,149,117,168,372,320,752,920
626,446,367,246,181,290,450,512,921,920
623,352,389,295,208,290,461,785,964,920
528,352,271,202,142,201,400,504,939,920
313,191,309,207,136,218,489,322,714,921
567,377,275,194,144,205,518,388,857,921
376,286,266,212,167,215,366,589,882,921
437,317,191,157,119,153,369,314,876,921
355,261,232,183,133,177,368,444,891,921
316,251,189,177,133,145,329,288,769,921
532,367,359,304,218,269,520,364,865,921
284,211,138,101,78,110,415,325,815,921
402,283,246,190,143,189,430,414,890,921
360,261,277,197,137,202,487,313,820,921
556,397,224,192,141,171,404,316,846,921
524,355,321,215,148,235,422,437,942,921
429,252,309,250,176,233,402,461,915,922
508,339,268,208,142,197,416,318,876,922
620,426,297,236,197,244,470,344,872,922
579,303,364,254,145,223,475,731,956,922
422,263,375,256,163,255,423,565,885,922
682,478,350,247,182,268,403,311,880,922
401,230,449,336,187,270,470,643,950,923
545,365,311,227,164,232,382,448,904,923
274,191,210,163,119,162,324,473,892,923
464,306,123,100,70,91,432,631,889,923
298,217,191,156,119,153,304,435,899,923
468,311,285,204,151,215,487,388,843,923
464,266,413,320,198,271,478,645,909,923
315,219,211,160,119,159,381,305,843,923
542,425,387,306,239,314,514,417,858,923
560,401,293,223,169,220,429,453,897,923
233,171,226,185,139,175,331,419,895,923
452,294,223,184,132,169,383,387,903,924
672,477,258,188,141,197,418,326,819,924
332,249,271,226,167,208,401,315,893,924
192,158,127,98,78,105,257,292,899,924
440,271,265,202,134,186,415,581,923,924
453,330,217,171,132,174,402,337,856,924
723,485,310,230,146,217,426,457,918,924
400,287,219,186,143,169,369,320,858,924
394,272,184,154,118,143,364,292,832,924
328,260,182,131,105,153,364,314,887,924
455,270,294,231,153,207,418,441,891,924
543,415,191,160,134,159,396,314,875,925
597,373,270,195,132,189,430,535,902,925
475,309,222,172,129,167,381,307,929,925
688,469,285,223,163,220,423,417,889,925
540,330,208,142,83,131,483,349,843,925
427,318,208,144,113,169,452,229,841,925
389,290,182,141,106,143,345,305,815,925
359,273,267,211,170,217,376,501,796,925
567,411,274,208,164,220,409,395,884,926
505,335,218,156,110,161,386,419,842,926
443,311,217,159,120,169,393,317,833,926
370,212,302,225,144,211,436,561,926,926
417,337,200,131,102,164,353,313,822,926
315,229,171,144,105,131,334,297,834,926
523,382,177,138,107,140,376,313,841,926
394,260,225,152,105,168,404,341,854,926
666,426,306,228,154,220,434,548,895,927
596,384,364,253,163,251,435,376,874,927
537,412,189,149,116,148,369,323,831,927
635,427,314,204,152,247,416,452,861,927
284,173,150,111,70,100,434,352,862,927
382,286,147,121,97,120,295,309,852,927
482,356,228,173,134,180,371,324,902,928
280,207,212,160,123,165,379,321,870,928
645,439,187,143,103,139,383,322,859,928
473,295,203,156,107,149,405,312,840,928
510,247,282,217,134,181,498,515,685,928
532,423,138,110,94,118,333,312,848,928
361,223,307,242,155,216,426,385,824,929
691,480,248,197,140,182,405,331,862,929
465,305,279,222,157,207,393,336,875,929
490,360,255,197,153,203,400,306,830,929
367,278,132,110,92,111,335,325,765,929
420,268,280,194,149,221,491,360,876,929
438,305,249,187,131,178,412,326,837,929
386,220,315,234,142,205,420,618,912,930
668,453,239,178,127,180,381,495,940,930
568,396,330,228,162,245,413,416,868,930
448,305,223,165,121,168,371,322,864,930
309,222,261,176,134,205,390,316,862,930
525,372,310,209,149,233,396,359,914,930
483,349,176,147,113,138,370,317,840,930
536,366,333,258,194,255,435,470,957,930
557,342,356,268,192,261,419,497,887,931
406,261,216,163,119,162,363,316,862,931
649,458,224,175,127,166,400,330,847,931
507,325,361,259,169,248,408,459,901,931
512,284,162,108,65,106,442,522,875,931
404,254,217,179,130,167,386,303,862,931
509,360,233,195,149,181,420,348,894,931
183,136,227,154,111,173,362,299,853,931
312,213,241,186,128,174,398,329,866,931
672,377,311,222,148,225,518,428,858,931
409,287,254,221,161,197,438,330,869,932
409,271,204,141,104,154,401,325,787,932
705,437,371,285,192,266,457,620,927,932
389,296,180,138,115,153,380,317,860,932
693,481,310,252,171,210,415,508,893,932
485,276,329,250,167,233,418,589,940,932
383,229,338,251,162,228,449,519,897,932
548,387,231,174,139,187,477,333,857,932
413,279,315,238,168,233,396,498,829,932
239,179,140,111,84,111,298,308,867,932
459,342,235,200,160,188,380,301,874,932
531,368,182,133,99,138,375,303,834,932
638,356,427,301,184,283,477,596,924,932
532,324,422,309,215,307,469,608,863,932
373,295,191,134,111,157,359,305,819,932
372,272,220,163,126,174,380,408,917,933
544,360,352,286,196,251,375,603,861,933
491,289,169,133,90,118,465,393,975,933
338,217,139,99,79,115,379,78,781,933
719,397,425,322,190,273,458,557,837,934
410,279,255,204,141,184,414,273,879,934
352,194,309,239,141,207,452,543,969,934
389,299,151,105,88,129,342,319,826,934
645,437,228,199,143,175,399,318,842,934
257,192,135,102,79,105,400,20,759,934
709,417,403,307,197,274,458,617,913,934
458,288,370,283,177,250,500,612,886,935
518,391,246,171,139,206,399,321,857,935
662,424,230,176,126,168,487,414,795,935
636,377,304,215,138,208,490,464,890,935
325,261,180,130,110,153,361,305,849,935
421,286,411,304,199,291,460,623,894,935
438,306,189,157,115,145,370,317,811,935
323,199,243,192,132,175,394,457,915,935
526,357,323,233,153,227,408,361,887,935
321,217,219,159,112,163,383,331,742,936
296,205,150,115,80,112,338,247,865,936
477,303,241,167,108,170,488,324,821,936
590,444,214,155,123,177,358,316,837,936
333,234,211,161,119,163,382,323,860,936
580,354,371,263,186,275,438,513,906,936
408,244,366,262,173,257,421,593,837,936
440,324,188,117,93,154,456,320,725,937
454,328,183,137,104,145,374,319,828,937
596,418,268,201,141,200,459,332,849,937
468,322,363,287,191,257,389,618,881,937
405,296,177,143,115,144,348,314,829,937
337,237,253,205,153,197,352,292,874,937
478,349,128,122,94,105,357,316,864,938
634,433,276,209,152,213,424,309,867,938
609,444,207,155,122,168,397,323,841,938
358,248,228,181,137,180,371,314,743,938
630,416,320,247,174,241,413,433,885,938
510,341,347,266,186,254,459,494,974,939
636,418,225,166,119,168,405,292,840,939
369,280,226,177,142,183,449,320,870,939
487,274,362,279,178,245,447,599,953,939
196,140,212,123,99,175,470,3,633,939
668,439,226,163,122,176,530,343,864,939
463,301,346,255,180,260,413,563,931,939
661,393,343,268,168,231,413,544,898,940
600,381,306,229,154,217,409,453,878,940
413,294,176,143,107,136,362,320,846,940
445,282,333,237,157,244,434,463,899,940
593,378,304,221,165,235,486,471,870,940
685,417,278,214,143,193,447,417,859,940
475,299,303,238,165,220,421,585,941,940
464,366,283,201,151,220,461,156,875,940
377,284,163,124,91,127,345,324,892,941
497,279,248,182,136,189,442,542,928,941
414,295,250,184,137,195,408,343,873,941
403,281,218,154,114,173,370,319,862,941
431,298,274,221,171,223,395,345,863,941
466,365,223,173,138,180,481,320,837,941
415,274,235,170,113,168,379,339,872,942
408,321,227,165,135,191,370,303,875,942
637,392,364,299,187,234,449,471,886,942
720,415,128,95,57,85,351,611,953,942
411,299,212,164,121,162,375,295,852,942
325,259,147,110,91,125,309,302,753,942
421,201,368,277,146,209,407,612,831,942
474,365,149,122,96,123,367,326,826,943
295,206,250,187,142,194,367,306,838,943
694,426,356,278,197,255,449,571,909,943
482,357,282,240,183,222,381,548,860,943
657,465,224,173,126,170,402,573,904,943
580,405,256,198,150,203,411,320,843,943
467,345,200,144,109,158,401,299,820,944
293,193,136,103,74,102,216,715,942,944
561,349,224,180,130,168,489,319,811,944
331,222,227,169,124,176,401,342,870,944
502,342,281,180,129,215,426,416,858,945
562,334,445,300,178,293,471,581,915,945
353,257,200,148,119,166,373,319,834,945
474,345,195,144,107,150,384,304,810,945
534,343,275,220,155,201,480,537,943,945
639,375,321,224,143,222,455,522,896,945
632,409,537,392,243,342,464,590,856,946
503,364,274,223,160,209,406,432,729,946
367,266,248,182,143,203,392,348,874,946
386,220,311,229,147,218,443,632,913,946
391,321,132,100,86,115,340,227,781,946
430,324,210,160,121,167,389,431,884,946
583,320,369,263,161,242,472,568,903,947
606,445,250,203,157,199,405,311,834,947
596,372,284,226,153,203,382,398,885,947
412,220,407,334,192,258,452,669,837,947
648,476,250,180,140,197,398,314,837,947
508,389,208,150,117,166,390,321,861,947
365,252,239,165,122,186,406,336,860,947
338,270,209,152,126,170,336,303,827,947
707,438,403,331,235,296,457,619,936,948
385,275,385,239,175,295,450,445,906,948
402,272,276,191,132,202,399,397,780,948
531,400,218,162,133,177,401,416,904,948
554,404,187,144,109,150,397,331,869,948
484,281,459,348,228,312,443,572,884,948
588,392,288,179,123,216,357,309,797,948
650,433,247,187,134,192,382,318,872,948
275,193,360,244,157,244,399,587,911,948
345,236,362,264,188,270,418,482,887,949
634,403,256,205,143,188,402,356,903,949
498,378,194,127,95,150,370,302,895,949
541,322,284,220,150,199,472,353,841,949
241,146,193,146,86,121,499,668,881,949
544,400,226,179,132,178,407,319,849,949
481,317,237,185,130,175,448,358,908,949
588,412,233,190,137,176,416,350,871,950
232,194,102,78,68,89,305,150,792,950
472,347,209,166,134,170,474,325,822,950
327,238,152,116,82,113,339,315,846,950
605,423,387,289,242,327,473,234,838,950
378,280,297,243,170,217,372,435,767,950
203,175,128,108,90,107,246,310,828,950
531,354,218,177,132,171,374,315,834,950
722,384,384,276,173,259,538,640,824,950
360,214,234,154,98,161,393,330,881,950
552,381,237,177,136,185,409,374,878,950
463,297,239,190,135,177,388,361,877,950
415,293,200,149,114,159,368,318,895,950
707,419,366,276,179,252,476,553,958,951
325,241,171,136,108,142,332,311,842,951
663,474,194,149,114,157,407,321,865,951
252,185,162,121,93,130,303,299,819,951
403,246,300,224,145,199,365,479,903,951
605,417,314,231,157,230,507,326,824,952
679,482,190,142,108,149,401,315,806,952
407,317,206,155,120,165,392,327,839,952
545,398,491,381,286,382,452,2,189,952
352,260,168,136,111,139,343,317,858,952
537,347,282,212,150,209,444,319,796,953
565,354,359,256,170,250,421,543,931,953
404,271,195,149,112,155,365,309,818,953
578,387,253,188,134,185,404,420,868,953
602,399,146,115,83,111,364,643,975,953
676,445,247,176,113,172,415,347,911,953
254,218,113,80,72,102,342,1,212,953
318,255,191,156,132,157,349,292,834,953
730,425,337,253,171,240,434,583,939,953
360,240,251,185,132,184,382,303,871,954
416,219,321,236,163,235,421,555,892,954
664,347,558,418,252,356,471,967,952,954
542,362,330,253,185,255,402,495,880,954
657,460,238,177,136,190,398,364,881,954
362,256,231,167,124,181,386,335,898,954
526,387,247,200,153,196,384,310,869,954
452,273,295,214,147,213,425,635,931,954
519,378,274,223,160,208,322,550,886,954
350,215,233,194,130,166,388,295,829,954
461,372,136,124,101,109,354,318,835,955
444,335,189,142,113,153,359,303,810,955
380,309,302,228,189,253,466,431,911,955
465,255,382,293,185,259,450,633,913,955
629,406,261,204,136,188,410,335,847,955
498,371,179,152,121,146,350,310,818,955
660,453,249,181,140,197,482,329,880,955
555,359,280,233,167,210,405,492,903,955
526,325,253,201,148,192,470,406,926,955
449,298,260,180,128,191,400,400,912,955
495,389,212,156,117,169,346,281,845,955
424,262,429,317,209,301,468,434,986,956
646,347,423,313,173,260,448,598,897,956
654,415,358,280,184,241,445,498,951,956
531,363,286,213,153,222,411,521,879,956
373,261,218,173,137,176,385,373,875,956
277,227,163,139,115,137,326,306,855,956
516,388,173,122,103,146,378,309,876,956
393,246,241,192,127,169,406,301,814,956
561,329,323,244,155,224,437,649,900,957
514,369,246,204,153,186,413,311,863,957
660,447,318,232,178,254,411,613,917,957
662,358,376,295,182,242,438,622,865,957
448,379,137,114,93,115,359,297,825,958
514,344,267,195,132,192,414,374,865,958
493,348,171,133,96,131,378,297,857,958
408,275,270,199,147,212,472,320,818,958
371,273,279,200,154,228,386,316,835,958
541,354,275,187,124,197,412,342,755,958
245,201,143,92,78,125,290,314,902,959
720,412,455,322,199,307,470,611,899,959
460,353,263,210,164,216,454,317,833,959
208,159,148,104,80,117,371,186,774,959
596,438,328,257,182,245,561,11,665,959
679,357,547,363,159,275,469,744,923,960
321,255,155,105,81,126,314,291,768,960
592,382,298,231,162,218,463,326,876,960
461,300,270,203,129,183,421,530,861,960
519,327,228,188,125,162,395,367,817,960
465,360,179,130,110,151,376,316,847,960
372,249,219,158,116,170,367,311,821,960
190,183,147,105,102,141,354,25,390,961
569,342,375,267,182,262,433,617,903,961
586,421,265,198,147,202,398,314,849,961
434,336,216,171,141,181,377,232,803,961
380,278,202,150,117,165,384,318,858,961
367,270,196,142,115,164,338,307,825,961
311,223,178,144,113,143,378,317,847,961
369,278,105,80,66,86,417,340,874,961
638,461,354,256,196,287,425,449,933,962
353,256,219,153,123,181,375,305,883,962
550,353,148,120,79,105,338,304,888,962
559,358,290,212,150,214,412,512,902,962
433,266,251,208,150,186,466,320,842,962
662,498,253,184,152,211,407,317,822,962
670,433,341,260,191,266,448,548,929,962
532,297,397,312,193,264,501,525,891,963
363,185,333,256,149,215,437,649,908,963
429,349,198,154,129,169,362,327,871,963
326,237,253,182,137,194,512,310,869,963
512,358,240,175,140,198,398,314,863,963
615,446,166,122,94,129,365,320,791,963
475,288,326,260,182,234,429,571,892,963
304,195,271,184,129,202,415,305,846,963
379,275,176,134,101,133,316,287,855,963
560,296,425,322,206,283,552,605,898,963
416,316,202,147,127,177,347,307,835,963
559,369,285,200,143,212,413,434,912,964
416,322,206,146,110,162,359,298,836,964
229,185,220,151,111,168,334,302,824,964
525,400,189,153,120,151,376,312,897,964
180,132,193,145,110,152,322,301,869,965
677,449,283,196,137,208,427,444,884,965
343,208,191,151,97,127,571,1,243,965
454,318,257,178,124,189,420,372,934,965
439,354,136,107,95,122,431,332,896,965
631,389,293,217,143,206,405,563,944,965
460,226,249,181,116,169,482,419,839,965
704,451,349,262,181,256,435,575,905,965
650,405,235,182,118,157,511,320,869,965
610,364,293,215,146,213,512,372,868,965
409,286,327,239,173,246,304,588,892,965
575,444,182,133,103,147,370,320,850,966
473,356,215,167,128,173,375,306,877,966
327,226,236,158,112,177,396,315,873,966
570,393,272,208,159,213,401,333,878,966
358,246,203,133,93,152,378,304,880,966
555,386,189,149,109,144,488,325,859,966
691,439,323,232,163,234,447,648,905,966
441,328,185,145,115,151,366,329,859,966
453,335,186,155,116,142,355,296,819,966
637,427,269,208,159,208,403,462,937,966
236,190,167,130,102,138,314,298,847,967
230,153,218,163,119,171,344,313,838,967
684,475,265,207,154,207,446,495,921,967
336,252,226,175,137,182,383,376,896,967
641,389,334,243,156,227,427,612,847,967
489,361,235,191,152,196,376,299,823,967
260,178,142,105,77,107,335,326,855,967
597,449,201,150,116,161,365,328,834,967
643,429,388,288,212,296,447,447,898,968
315,229,193,147,120,162,366,306,859,968
487,348,237,174,130,190,441,312,843,968
629,409,256,200,137,183,396,308,698,968
604,401,285,222,156,200,442,579,927,968
294,232,303,240,192,247,527,7,614,968
402,239,391,276,179,274,432,602,906,968
595,435,171,137,103,135,373,324,823,968
495,307,355,284,190,254,407,545,972,968
535,389,228,172,116,164,382,331,878,968
478,322,353,237,171,268,408,531,975,968
455,305,167,140,100,123,477,311,860,968
648,466,239,183,142,192,385,368,838,968
574,304,396,301,183,261,458,638,857,969
525,346,249,166,107,175,369,309,853,969
496,398,171,140,118,148,384,319,855,969
376,270,211,162,124,167,373,317,848,969
486,353,238,177,134,189,381,373,893,969
558,376,222,170,121,162,402,408,876,970
310,224,183,148,114,143,337,298,867,970
339,201,362,263,169,248,416,513,876,970
522,344,405,283,187,286,430,572,907,970
640,361,436,306,192,293,451,607,903,970
623,443,221,170,121,163,395,366,857,970
461,337,210,130,94,162,337,294,878,970
529,377,239,197,155,194,415,312,851,970
415,307,214,168,147,185,445,321,755,970
481,236,427,316,179,268,473,618,871,971
656,461,277,208,153,207,414,332,812,971
583,476,154,118,97,129,345,320,856,971
408,292,314,238,195,264,469,401,808,971
599,423,316,261,188,243,477,386,855,972
497,364,222,169,138,183,362,295,809,972
445,351,186,112,90,155,353,319,836,972
495,363,208,167,133,170,372,337,878,972
496,303,246,188,126,176,502,310,755,972
365,220,310,238,164,221,336,581,907,972
406,218,200,137,84,131,484,701,921,972
499,337,307,214,158,235,453,554,921,972
315,236,215,147,116,173,409,215,872,973
515,396,210,150,116,165,380,311,825,973
377,296,203,171,138,169,372,307,807,973
498,388,357,258,181,264,460,312,740,973
551,383,251,209,161,197,414,324,818,973
468,285,332,262,170,239,435,413,877,973
310,207,121,90,64,89,405,322,858,973
365,244,245,189,134,180,385,380,875,974
665,471,207,144,103,157,381,361,912,974
411,239,259,202,155,200,465,338,870,974
475,281,279,210,145,202,427,504,952,974
330,233,244,178,130,180,352,412,905,974
426,306,203,146,110,157,484,346,880,974
474,293,208,169,126,160,460,314,846,974
594,438,295,245,182,227,420,309,882,975
499,343,167,114,85,128,399,272,848,975
486,363,189,142,110,151,370,317,831,975
217,200,88,60,59,84,330,43,762,975
389,288,163,152,121,130,366,310,845,975
696,411,462,348,176,259,463,693,916,975
402,335,116,87,68,95,364,229,911,976
275,167,287,221,140,194,308,558,859,976
528,371,217,158,119,171,386,314,842,976
417,251,334,232,160,243,421,447,872,976
240,188,123,98,82,104,321,171,726,976
276,193,161,135,103,127,351,323,852,976
550,374,228,156,103,161,385,302,790,976
425,264,332,230,151,242,441,355,843,976
697,424,346,261,146,203,433,645,688,977
712,440,369,267,173,252,495,471,866,977
499,323,236,198,135,169,397,422,700,977
607,441,247,180,138,194,399,324,831,978
617,439,229,169,124,176,402,325,804,978
559,405,210,166,128,168,377,316,847,978
466,296,294,206,138,211,420,474,881,978
601,440,184,138,104,142,377,305,808,979
587,383,241,187,130,180,409,314,737,979
448,353,120,82,62,95,315,319,854,979
309,240,214,152,118,169,364,316,900,979
368,287,196,149,122,162,364,320,805,979
627,398,231,193,139,172,509,472,920,979
667,482,182,139,104,141,391,328,851,979
722,471,319,254,169,222,501,571,903,979
404,300,208,153,116,167,382,336,788,979
421,296,194,149,114,154,383,337,808,979
495,314,322,253,175,231,416,563,926,979
461,242,348,274,177,238,463,512,908,979
552,376,262,203,137,185,415,658,901,979
499,408,125,108,92,107,314,330,810,980
290,203,180,156,123,143,459,325,787,980
647,350,394,285,185,268,545,323,802,980
391,267,301,220,135,203,359,481,991,980
625,445,187,137,99,142,383,270,853,980
506,365,237,152,118,187,372,314,875,980
533,401,228,181,133,177,357,296,864,980
528,375,205,144,122,175,494,323,777,980
486,352,252,191,147,198,400,325,840,981
621,402,287,230,173,218,426,460,940,981
686,431,506,373,271,390,476,638,859,981
454,348,161,125,98,131,342,325,888,981
415,324,176,133,109,148,345,334,825,981
618,402,262,208,154,196,463,395,817,982
732,424,387,321,210,273,445,644,925,982
453,382,209,147,126,180,439,315,863,982
441,342,197,155,129,167,406,255,847,982
416,299,183,137,102,145,379,325,885,982
395,292,265,175,136,214,344,290,731,983
320,229,193,146,118,157,421,328,857,983
367,284,135,100,83,113,345,320,864,983
391,302,205,146,119,171,380,317,842,983
556,389,335,263,179,243,420,399,865,983
676,444,408,299,201,290,417,515,906,983
499,313,309,233,164,221,451,472,896,983
543,324,277,229,154,198,426,654,898,984
679,439,339,279,205,254,443,590,936,984
507,338,200,156,120,161,499,322,752,984
393,334,94,72,64,84,361,1,191,984
442,296,216,160,134,180,519,324,854,985
506,344,171,130,98,134,422,325,829,985
543,416,174,142,116,146,388,323,859,985
388,298,113,90,72,92,318,316,826,985
309,231,188,145,109,143,336,298,838,985
607,434,118,94,72,93,359,342,796,985
553,361,429,306,211,308,527,465,862,986
411,279,173,135,98,131,389,308,872,986
425,297,126,79,62,104,383,124,809,986
282,206,280,193,135,211,391,420,876,986
512,397,259,209,180,223,394,287,792,986
504,397,168,131,111,144,337,291,802,986
616,386,340,259,176,243,421,483,858,986
672,459,228,189,135,169,402,317,790,987
543,395,218,169,131,171,406,337,733,987
396,270,397,298,195,280,441,625,924,987
648,414,367,280,198,269,455,616,936,987
507,315,273,217,145,199,406,361,843,987
402,284,169,128,101,136,371,309,889,987
461,357,242,166,133,204,382,310,925,987
191,139,163,141,105,122,315,306,860,988
516,366,234,173,132,184,360,315,847,988
443,290,277,212,153,209,386,483,927,988
652,396,342,245,163,245,436,417,881,988
316,258,225,178,146,189,394,299,900,988
687,454,299,235,165,218,413,383,883,988
334,245,235,159,119,184,380,307,874,988
503,397,164,110,89,137,356,325,824,988
463,270,423,320,185,266,468,633,849,988
483,349,174,138,106,138,375,313,790,988
436,279,340,279,182,235,439,676,919,988
532,335,266,204,129,176,487,550,922,988
444,241,345,262,160,224,330,599,690,988
363,239,376,302,219,280,451,460,835,989
404,250,243,179,124,178,373,552,943,989
449,291,267,187,131,202,419,374,877,989
503,360,227,172,131,177,405,324,866,989
531,380,289,197,141,215,395,352,864,989
390,350,115,90,81,103,335,81,829,989
358,249,199,152,118,157,529,2,592,990
577,341,349,263,194,263,515,505,938,990
457,306,262,194,137,189,463,312,819,990
422,241,328,252,152,216,430,402,847,991
506,321,262,184,144,215,468,338,866,991
333,238,244,197,145,183,357,531,955,991
321,222,201,153,118,159,413,310,891,991
315,248,209,151,116,165,364,317,851,991
346,235,265,202,143,194,397,365,870,991
539,404,217,156,123,177,388,315,806,992
455,264,389,310,196,265,441,632,809,992
365,266,171,136,103,135,371,350,906,992
540,377,353,262,208,286,516,310,821,992
360,251,245,182,116,166,391,314,833,992
648,438,192,166,116,143,414,329,832,993
577,322,375,278,158,235,455,582,874,993
598,451,194,144,114,158,377,326,858,993
413,295,248,169,127,194,393,386,895,993
315,206,208,159,107,152,384,342,890,993
394,278,191,134,99,143,366,222,836,993
443,281,221,140,85,142,415,619,903,993
414,276,203,145,104,152,390,374,902,993
390,234,347,243,157,239,555,620,904,993
459,325,205,157,125,170,391,305,755,994
626,432,172,137,105,135,398,310,769,994
584,346,309,235,152,219,419,560,899,994
478,363,212,157,128,176,367,308,748,994
423,293,232,199,152,182,391,330,851,994
612,394,315,242,177,240,498,424,844,994
354,252,219,156,117,171,380,314,883,994
360,204,349,264,167,237,438,509,940,994
445,248,292,234,159,205,479,499,925,994
404,280,243,175,133,189,402,315,832,994
245,183,155,126,93,119,333,317,863,994
558,408,223,174,132,176,384,312,873,994
531,378,276,200,149,216,411,399,900,994
508,332,275,217,157,209,463,321,838,995
512,376,200,145,114,160,396,327,859,995
708,464,316,260,183,237,436,630,891,995
651,477,284,210,157,218,402,334,860,995
513,361,224,176,148,191,473,305,868,995
371,266,244,192,147,189,407,310,838,995
563,340,371,285,180,250,390,628,883,995
561,404,210,160,123,172,363,309,907,996
378,279,213,170,135,172,387,248,857,996
327,234,187,147,111,147,363,324,843,996
571,380,258,197,145,191,414,467,916,996
529,395,317,222,172,256,408,322,818,996
556,380,235,179,136,185,467,392,906,996
632,356,353,250,152,238,446,619,982,996
385,264,257,208,146,186,395,391,918,997
520,373,240,180,129,183,426,327,750,997
589,432,142,113,87,112,371,324,878,997
496,372,165,136,108,134,362,325,863,997
518,291,334,242,148,218,438,657,880,997
647,462,220,157,116,167,410,311,867,997
332,235,230,176,127,173,335,348,794,997
425,250,409,273,167,282,418,588,968,997
390,230,129,97,61,87,299,609,942,997
472,307,337,280,179,226,384,617,785,998
406,255,205,144,101,153,373,309,718,998
412,275,358,254,177,262,429,531,920,998
239,181,208,135,109,168,369,314,815,998
357,234,239,211,158,183,398,386,823,998
593,455,182,157,125,148,367,308,869,998
473,389,287,228,187,236,459,309,881,998
523,401,236,190,153,196,396,318,816,998
372,282,191,141,115,159,353,328,858,998
357,203,327,236,156,233,460,392,849,998
634,387,331,240,156,224,530,396,880,999
673,448,316,230,178,247,511,410,871,999
296,185,327,264,159,215,335,580,882,999
552,345,359,292,204,265,438,609,908,999
349,226,156,116,89,125,382,310,867,1000
557,353,327,242,164,234,442,608,905,1000
445,315,229,180,125,168,386,228,905,1000
496,306,321,252,182,235,405,620,882,1000
701,392,402,285,150,234,453,610,875,1000
540,389,265,189,143,204,419,442,926,1000
462,244,238,170,89,137,436,317,769,1000
649,452,203,152,107,149,393,337,861,1000
650,419,287,209,132,195,426,510,997,1001
617,425,291,224,169,228,390,324,882,1001
477,335,194,140,105,151,354,305,851,1001
556,391,228,173,123,168,376,309,729,1001
271,247,196,148,141,186,365,2,211,1001
262,210,183,153,118,139,431,145,650,1001
563,369,243,187,128,174,416,362,851,1001
231,212,123,96,94,118,334,1,225,1002
531,317,258,190,127,183,424,471,913,1002
503,307,267,217,147,190,472,321,832,1002
479,291,131,115,69,85,237,685,993,1002
518,370,132,89,63,100,364,309,821,1002
391,285,185,145,114,150,369,319,878,1002
489,326,201,140,103,156,380,297,863,1002
646,427,220,163,109,161,382,319,844,1002
343,207,277,212,136,187,408,488,930,1002
514,318,380,303,201,266,464,633,899,1002
593,437,248,149,123,211,440,249,769,1003
422,312,265,183,148,218,389,302,879,1003
708,417,485,341,220,333,454,508,886,1003
503,393,167,144,119,140,376,315,873,1003
525,350,373,292,203,268,436,514,936,1003
471,373,109,84,71,93,350,191,753,1003
457,277,337,251,163,233,448,528,876,1004
569,411,228,166,123,174,362,312,860,1004
443,307,220,188,135,166,400,322,860,1004
691,494,224,176,135,178,405,308,846,1004
488,316,230,170,128,181,475,310,863,1004
447,253,434,337,204,279,460,611,914,1004
476,357,177,138,108,144,370,324,894,1004
300,180,175,112,71,116,435,631,898,1005
439,334,296,205,163,241,441,319,842,1005
545,372,271,191,134,201,405,417,862,1005
481,328,241,167,124,184,464,321,819,1005
284,209,180,137,108,145,338,296,834,1005
451,259,254,190,126,178,442,448,851,1005
391,265,225,169,128,174,391,311,864,1005
649,443,221,166,107,155,392,317,869,1005
407,299,249,196,146,191,398,518,935,1005
440,299,416,299,229,329,492,271,882,1006
465,347,213,145,111,171,386,305,798,1006
519,384,212,152,121,175,382,317,834,1006
538,288,426,325,187,271,448,660,897,1006
352,231,312,221,143,217,473,523,870,1007
725,429,375,277,180,266,507,466,854,1007
395,305,245,202,156,192,370,317,882,1007
640,406,350,258,162,243,522,344,851,1007
674,468,202,140,96,149,380,312,833,1007
440,296,253,189,140,195,403,390,700,1007
425,269,297,224,155,221,428,591,906,1007
166,141,141,104,94,127,550,0,208,1008
480,349,119,95,76,98,348,322,836,1008
398,273,294,230,171,217,390,505,928,1008
510,337,306,232,161,224,412,431,925,1008
567,398,242,195,154,194,405,319,814,1008
275,226,130,96,82,112,315,307,914,1008
573,420,238,185,136,182,373,315,844,1008
359,252,153,118,89,120,342,297,904,1008
508,389,175,110,83,137,372,314,859,1009
569,398,331,245,184,256,410,472,820,1009
514,315,320,247,167,227,458,439,734,1009
399,285,190,141,104,144,377,302,862,1009
480,382,137,109,90,114,354,310,852,1009
528,356,279,193,132,208,410,454,872,1009
659,440,297,212,148,214,419,327,852,1009
631,398,486,364,271,372,545,623,871,1010
383,299,171,133,106,139,352,327,819,1010
550,401,257,192,142,201,384,305,866,1010
480,309,313,211,158,240,459,366,880,1010
531,364,328,228,162,243,446,451,886,1010
372,287,194,151,121,161,365,311,881,1010
303,262,94,60,55,85,384,76,788,1010
421,283,193,141,102,145,359,315,891,1010
514,374,292,224,181,244,401,300,835,1010
510,292,461,329,201,306,468,579,905,1010
660,427,344,265,183,257,449,426,909,1010
472,380,189,145,118,157,380,314,822,1010
339,287,173,128,110,151,420,162,837,1010
281,228,127,103,89,109,336,126,797,1011
341,238,261,186,134,198,416,419,921,1011
266,189,219,173,132,173,377,283,873,1011
557,297,255,205,148,189,517,387,840,1011
686,440,253,186,121,177,413,434,935,1011
569,390,254,195,151,201,399,349,879,1011
581,468,185,129,106,155,364,315,831,1011
378,250,238,194,149,186,455,321,812,1011
489,308,275,230,157,197,401,456,910,1011
509,323,358,290,219,275,503,571,929,1011
540,394,223,180,145,183,376,314,880,1012
564,379,248,200,150,192,398,385,869,1012
582,381,347,241,161,243,427,332,883,1012
720,438,311,240,153,210,444,570,949,1012
527,333,256,196,140,192,415,385,894,1012
417,310,245,188,142,184,378,299,827,1013
496,391,203,146,117,166,346,316,833,1013
551,297,129,96,59,86,388,643,918,1013
315,210,186,152,109,143,373,309,870,1013
616,431,251,198,125,170,523,351,844,1013
394,334,212,145,134,195,369,321,835,1013
508,313,302,229,159,224,417,538,979,1014
683,493,233,172,128,184,394,330,834,1014
294,201,263,209,144,190,272,565,897,1014
494,324,247,200,144,183,400,490,904,1014
445,367,177,125,105,154,350,318,818,1014
652,421,214,165,133,173,514,325,847,1014
511,400,174,119,94,142,368,322,845,1015
439,323,173,133,104,141,366,322,844,1015
576,403,328,258,193,261,426,388,853,1015
402,296,192,138,103,151,373,313,872,1015
505,342,255,198,158,207,453,396,905,1015
640,424,308,237,163,222,451,480,892,1015
551,309,131,100,58,83,396,633,963,1016
546,389,325,243,186,257,478,465,878,1016
618,390,335,228,148,237,393,414,915,1016
649,449,294,229,172,232,413,419,900,1016
478,367,198,167,129,159,381,336,844,1016
561,366,223,159,119,169,518,3,618,1016
413,284,264,183,117,179,400,314,849,1016
593,428,256,198,150,201,383,314,846,1016
559,388,193,153,115,151,376,328,882,1017
628,350,406,280,156,249,538,590,930,1017
412,264,308,247,179,229,391,528,956,1017
624,453,250,194,156,205,401,328,846,1018
487,269,363,252,144,223,453,465,903,1018
377,232,237,182,116,164,403,344,890,1018
723,469,317,260,186,233,419,530,854,1018
382,276,184,133,105,150,360,316,813,1018
450,269,294,222,149,206,399,601,913,1018
575,353,423,287,182,283,451,567,865,1018
579,404,217,170,122,160,387,324,848,1019
676,478,212,168,132,169,410,343,909,1019
493,304,288,233,158,209,407,523,988,1019
666,418,226,173,111,151,393,388,899,1019
545,314,364,292,198,259,493,605,930,1019
508,354,229,160,124,183,467,315,871,1019
555,417,176,127,101,143,367,336,814,1019
324,210,211,174,124,159,337,304,764,1020
554,362,299,195,140,225,409,341,853,1020
278,180,216,160,110,156,389,311,856,1020
301,204,144,117,87,108,349,301,777,1020
634,401,201,164,125,153,459,308,853,1020
531,358,292,219,174,237,515,473,931,1020
324,215,204,155,117,155,334,369,793,1020
531,375,196,148,112,155,375,318,840,1021
589,408,276,231,168,210,417,304,858,1021
360,201,404,326,200,267,448,552,907,1021
467,353,166,140,115,139,355,319,845,1021
666,413,260,183,119,178,419,626,925,1021
551,415,220,150,118,179,382,326,848,1022
602,443,182,140,103,140,377,316,894,1022
604,373,297,215,155,223,413,377,903,1022
584,303,217,176,124,152,518,316,827,1022
434,306,188,147,111,148,366,333,876,1022
351,232,240,196,137,177,360,351,849,1023
483,305,235,176,133,179,422,436,873,1023
514,368,198,154,115,154,382,313,820,1023
