"FSC-A","FSC-H","SSC-A","SSC-B-A","SSC-B-H","SSC-H","AF-A","DRAQ5-A","FITC-A","Time"
274,153,319,235,143,211,378,548,911,0
397,212,337,246,152,224,352,826,936,0
302,154,170,138,82,104,338,758,962,0
358,218,284,210,144,205,377,694,981,0
604,420,220,190,145,170,401,402,864,1
448,298,270,219,151,196,338,679,930,1
401,228,326,268,163,218,314,779,910,1
641,420,290,215,156,218,387,572,909,1
337,202,297,209,147,220,335,684,959,1
330,238,160,120,92,129,328,388,894,1
580,377,250,195,136,182,387,516,792,1
307,242,120,95,81,103,338,216,899,1
429,301,179,133,99,136,351,404,871,1
366,234,342,245,172,250,327,728,920,1
566,412,205,170,134,168,387,390,899,1
567,407,226,185,139,177,383,541,953,2
412,254,338,262,169,237,353,520,949,2
512,305,282,231,157,202,378,788,965,2
477,332,194,143,112,156,395,404,853,2
379,286,147,114,93,122,332,382,890,2
432,349,185,132,113,163,392,406,817,2
449,353,195,142,117,165,355,405,863,3
320,204,222,149,106,167,380,420,883,3
295,184,287,208,143,207,335,451,914,3
504,334,280,215,151,205,401,488,885,4
336,203,251,189,126,180,320,596,925,4
531,365,300,213,168,247,413,463,881,4
455,259,292,230,153,205,429,619,1005,4
349,178,349,249,146,231,357,762,935,4
675,367,430,349,223,284,449,808,891,4
373,250,215,156,111,159,356,512,905,4
378,249,213,172,120,155,351,433,864,4
474,330,243,204,147,185,379,488,892,4
418,268,239,178,130,180,389,444,944,4
507,359,308,224,174,247,368,577,886,4
429,262,303,214,155,229,414,497,908,4
465,252,283,218,133,183,438,423,838,5
616,368,290,230,153,204,425,586,947,5
408,299,192,148,122,159,378,372,865,5
623,367,363,289,192,258,481,641,937,5
258,153,285,224,147,196,289,696,972,5
410,256,169,117,71,110,271,1023,857,5
501,367,236,185,136,182,467,391,890,5
356,235,186,134,98,142,316,408,859,5
201,150,217,167,129,171,294,425,916,6
684,488,237,181,132,179,399,401,863,6
654,393,357,266,184,262,432,647,870,6
352,184,310,228,136,198,341,798,924,6
632,422,320,240,187,256,478,603,890,6
411,285,360,284,198,255,344,653,987,6
336,212,305,235,167,220,399,643,926,6
458,332,246,198,154,195,457,394,840,7
240,190,249,181,152,215,337,386,864,7
559,401,183,153,118,144,394,488,894,7
424,292,206,151,110,159,382,408,863,7
262,204,188,133,100,148,315,400,910,7
493,289,287,211,140,201,408,688,984,7
511,371,226,167,131,182,398,393,873,7
342,235,241,195,140,178,385,430,871,7
345,263,134,106,86,110,332,392,845,8
614,427,366,276,205,280,439,777,897,8
340,263,200,146,114,162,541,8,622,8
493,268,262,203,141,191,485,570,960,8
578,403,209,169,124,162,403,403,881,8
476,299,428,313,209,307,436,797,918,8
558,423,200,150,119,165,365,398,895,8
549,412,209,158,127,174,361,401,848,8
484,342,298,236,172,218,335,747,938,8
513,313,343,255,184,255,419,654,728,8
359,261,235,190,144,183,365,462,889,8
300,172,336,250,162,225,250,732,905,9
250,164,288,218,145,203,218,679,914,9
397,259,388,281,201,289,362,718,957,9
347,220,370,277,192,268,317,753,955,9
333,237,206,145,104,158,359,394,891,9
594,410,240,177,126,182,416,481,919,9
423,231,339,248,159,233,433,788,906,9
621,436,216,160,116,163,391,408,862,9
376,217,333,255,165,226,478,763,954,9
429,322,175,132,104,139,335,402,880,9
377,213,389,313,192,257,392,717,954,9
535,395,177,129,101,144,365,406,867,10
432,270,379,277,179,268,408,782,937,10
651,427,320,259,183,237,403,546,883,10
536,380,169,134,102,133,353,403,856,10
214,164,185,142,111,152,290,397,723,10
549,404,211,168,135,174,367,420,874,10
357,277,224,158,124,183,347,376,873,10
395,325,131,96,83,113,365,400,860,10
286,197,235,176,127,180,355,334,932,11
268,194,151,113,82,116,331,211,793,11
243,167,183,164,125,141,310,401,863,11
474,332,185,123,88,142,350,381,885,11
395,303,327,251,192,253,349,604,879,11
435,303,260,173,133,204,383,429,850,11
267,164,301,226,150,211,341,588,896,11
644,379,287,215,150,210,453,797,985,12
709,470,341,257,186,256,418,411,875,12
203,153,200,152,118,161,329,428,893,12
316,215,240,181,133,181,360,541,951,12
675,387,373,294,202,273,445,797,956,12
259,165,210,173,117,151,244,523,939,12
678,473,299,212,151,234,417,406,890,12
613,412,317,215,148,229,407,474,947,13
267,146,187,145,83,115,311,761,899,13
325,195,307,236,154,213,305,697,871,13
295,229,258,190,149,208,328,409,753,13
413,281,199,137,97,149,388,420,853,13
494,347,259,204,161,206,391,395,869,13
308,200,253,190,124,175,243,591,831,13
590,308,454,307,184,301,425,790,902,14
286,191,285,198,133,202,360,470,888,14
724,411,368,264,170,264,436,521,912,14
477,346,222,158,122,178,419,363,951,14
312,231,259,168,127,202,387,515,890,14
590,434,166,131,97,127,347,394,870,14
621,452,197,138,107,158,376,401,858,14
520,395,196,154,125,164,350,400,866,14
375,227,340,226,146,242,368,573,919,14
327,190,352,268,179,254,320,706,905,14
580,420,164,134,103,126,403,393,871,15
332,262,225,169,132,182,339,394,853,15
528,411,188,145,118,156,364,417,838,15
449,343,187,142,114,155,341,404,828,15
270,168,190,133,98,142,388,419,888,15
503,372,204,158,126,165,374,393,822,15
486,342,209,148,109,160,390,417,884,15
508,376,170,146,116,138,363,396,768,15
477,284,458,312,180,301,428,728,956,15
422,222,152,120,70,96,410,553,880,16
259,211,206,142,124,181,391,2,545,16
657,442,377,276,186,268,419,501,881,16
464,301,213,162,113,155,380,418,853,16
522,404,236,168,130,189,376,410,892,16
409,265,265,185,128,192,382,537,911,16
498,318,433,303,196,310,518,719,941,16
271,217,291,225,196,251,412,419,868,16
467,368,354,247,195,288,439,262,757,16
648,365,430,312,185,272,502,801,933,16
674,382,242,185,126,175,398,466,857,16
408,272,264,200,131,188,320,679,938,16
271,167,285,229,151,198,318,636,939,16
318,246,177,135,104,142,327,386,896,17
479,343,293,206,150,218,465,414,916,17
398,217,378,321,208,251,489,671,954,17
342,240,314,234,164,232,396,574,953,17
463,324,230,165,123,179,361,407,865,17
282,195,283,189,127,203,396,417,868,17
565,365,468,323,224,344,440,791,958,17
198,134,194,144,108,151,320,404,879,17
203,201,327,259,194,248,522,652,926,17
609,416,264,181,136,203,367,620,885,17
361,269,158,116,89,126,328,407,898,17
719,438,341,248,160,237,413,775,919,17
588,416,252,179,131,190,400,416,869,18
294,190,160,111,77,116,332,405,841,18
546,394,154,113,87,123,355,406,817,18
410,316,292,229,181,237,403,393,806,18
697,455,271,215,150,199,409,418,870,18
407,251,389,264,164,266,410,659,815,18
418,279,279,208,151,207,287,770,887,18
508,269,331,253,168,232,474,673,826,18
278,212,198,156,126,159,326,407,887,18
419,312,159,135,106,129,331,393,891,19
344,246,227,180,126,169,329,434,913,19
239,176,281,184,130,210,483,406,804,19
247,177,149,124,91,114,347,414,872,19
322,216,175,124,87,131,346,392,861,19
407,285,346,227,169,272,409,518,877,19
200,137,196,153,115,152,298,393,886,19
323,206,389,290,183,268,320,673,921,19
554,457,284,213,178,243,507,140,653,20
344,275,133,102,85,114,327,327,857,20
402,314,313,241,181,242,437,655,874,20
540,310,351,250,161,246,445,718,912,20
327,188,241,178,134,187,459,440,901,20
431,320,230,178,139,180,371,494,910,20
409,305,302,218,169,244,446,123,816,20
426,274,311,229,161,232,437,384,876,20
562,335,231,161,105,161,417,480,843,20
403,292,119,100,76,93,344,395,920,20
280,163,324,246,151,212,323,664,893,20
472,296,314,225,160,237,394,434,896,20
402,322,257,210,175,220,399,405,849,20
371,287,232,179,136,186,347,385,814,21
248,188,249,181,135,194,257,481,783,21
341,204,226,162,111,162,386,401,899,21
709,452,325,247,164,230,432,433,908,21
489,382,216,178,151,186,383,397,873,21
348,262,266,211,159,207,317,582,929,21
537,385,200,154,115,158,362,400,898,21
250,177,180,150,112,140,325,395,847,21
448,274,319,240,159,227,425,640,955,21
720,418,268,225,153,190,499,414,848,22
514,355,389,285,200,289,389,424,921,22
356,232,280,207,144,208,381,528,707,22
280,177,280,205,137,194,210,731,919,22
513,399,451,353,296,381,466,176,659,22
583,439,180,130,103,148,357,404,858,22
471,293,147,111,73,101,339,388,907,22
544,370,280,205,151,214,423,461,868,22
543,398,293,196,143,222,363,255,835,22
390,296,269,211,153,199,366,438,894,22
493,334,192,149,110,146,395,401,869,22
196,143,194,143,104,152,299,394,856,22
642,427,313,228,170,240,436,548,935,22
260,177,193,138,101,145,346,385,834,22
564,418,248,195,138,187,404,439,883,22
351,245,191,150,106,142,366,468,905,23
411,257,353,277,152,209,408,613,909,23
301,198,280,206,150,212,390,496,928,23
244,165,183,149,115,148,315,395,874,23
691,443,283,214,146,202,394,404,864,23
373,192,339,260,161,224,353,780,947,23
574,388,216,197,144,162,399,394,857,23
407,239,306,202,131,216,416,662,949,23
514,393,282,215,174,230,375,542,840,23
247,185,207,131,99,162,325,412,832,23
411,231,255,184,116,175,449,404,892,24
485,265,277,210,132,186,407,620,922,24
570,388,286,209,158,227,385,402,889,24
387,265,226,161,114,170,350,570,963,24
367,234,258,200,133,186,374,579,937,24
667,419,223,157,104,158,391,428,844,24
542,358,424,281,183,297,423,770,846,24
349,244,327,239,176,249,464,467,900,25
603,367,309,213,139,213,450,796,896,25
216,166,140,103,79,111,325,247,832,25
614,345,345,271,178,237,417,712,877,25
289,203,251,208,150,190,377,395,726,25
472,315,191,146,106,146,369,384,863,25
601,408,225,169,118,162,387,399,881,25
680,393,361,296,198,245,440,798,881,25
385,241,408,275,180,294,410,653,904,25
323,256,177,140,115,147,316,394,842,25
545,322,454,344,221,308,473,705,916,25
247,165,231,167,121,178,396,393,889,25
616,364,426,301,186,283,416,748,964,25
358,249,260,202,147,199,368,583,903,25
401,236,335,247,159,228,455,545,844,25
421,245,353,265,172,239,344,798,842,25
549,380,210,149,112,163,362,405,865,26
619,452,206,160,124,163,399,414,844,26
270,178,325,219,146,235,335,636,978,26
395,284,206,149,115,164,349,403,855,26
659,438,286,230,166,216,414,650,965,26
356,217,272,193,129,197,371,597,936,26
449,297,277,206,151,213,343,665,962,26
647,421,232,171,113,168,388,409,886,27
574,415,174,140,107,138,388,403,901,27
688,482,330,239,169,245,448,667,975,27
188,133,190,134,101,147,308,417,852,27
555,292,430,321,197,288,469,726,929,27
321,176,335,258,170,226,330,671,956,27
632,460,204,137,105,163,375,402,871,27
572,400,241,188,141,185,389,416,900,27
422,283,207,170,126,159,378,400,944,27
197,139,235,186,134,181,286,506,896,27
548,425,208,146,113,168,402,394,816,27
443,322,258,196,143,197,377,424,896,27
530,383,206,163,124,158,394,388,787,27
597,311,363,274,162,240,436,725,913,28
275,165,327,248,161,220,306,741,949,28
494,266,287,210,129,191,391,524,943,28
276,231,166,120,104,145,341,309,863,28
248,157,288,224,152,206,341,700,976,28
561,306,156,119,72,100,361,1023,971,28
337,214,268,200,134,195,312,655,981,28
454,244,132,92,63,94,463,430,861,28
649,408,313,236,160,226,398,603,856,28
558,355,367,273,176,267,388,555,930,28
578,430,202,151,116,160,372,404,882,28
420,282,269,215,156,201,396,554,900,28
199,160,204,151,122,168,286,374,888,29
546,395,199,161,129,164,401,400,851,29
711,483,280,225,168,212,409,403,845,29
391,270,240,179,128,180,381,380,868,29
520,306,342,247,157,226,373,766,799,29
398,328,235,182,143,186,350,648,893,29
245,166,250,189,126,176,303,621,974,29
662,413,369,273,178,263,427,785,950,29
326,182,304,231,145,203,316,765,929,30
292,180,277,216,157,207,478,539,917,30
519,368,390,274,224,326,496,605,983,30
577,436,219,171,131,175,406,408,891,30
474,296,296,234,155,206,370,602,971,30
688,397,468,370,229,305,484,793,936,30
310,201,307,210,145,221,291,691,903,30
607,372,369,271,181,263,409,782,913,30
497,356,252,181,132,196,398,394,858,30
562,414,183,133,107,151,400,421,913,30
648,452,301,236,183,241,407,632,945,30
541,353,221,167,118,165,398,419,899,30
342,236,267,192,143,207,390,396,811,31
373,246,207,144,103,154,362,410,902,31
460,323,219,158,116,164,477,388,871,31
495,354,209,144,103,154,390,420,750,31
339,232,305,230,155,215,229,741,799,31
550,373,206,153,111,157,387,399,865,31
303,216,201,132,98,155,339,402,858,31
430,286,332,245,166,235,325,766,923,31
450,327,189,154,124,151,359,399,866,32
361,217,280,218,149,206,356,618,929,32
478,322,323,248,171,230,439,531,913,32
397,318,247,212,169,199,350,372,880,32
564,297,356,264,167,241,440,709,987,32
358,238,247,185,127,177,366,425,837,32
585,391,251,185,120,174,337,758,923,32
642,443,302,229,151,208,402,746,924,32
566,282,381,277,176,255,406,798,947,32
464,260,308,239,165,221,374,758,835,33
226,145,211,150,101,154,397,398,853,33
348,226,297,203,135,211,433,446,900,33
699,434,177,134,87,126,411,1023,903,33
261,176,194,157,121,157,366,389,882,33
301,232,181,117,98,152,310,388,850,33
386,290,301,231,171,225,331,670,984,33
562,388,241,193,146,186,394,402,880,33
732,453,370,278,181,270,428,553,912,33
409,262,325,239,200,278,436,633,941,34
352,269,186,144,118,157,380,396,912,34
224,155,252,174,118,181,323,425,838,34
293,208,235,151,108,183,356,399,880,34
660,400,314,245,165,224,416,651,967,34
466,298,153,112,77,111,390,157,798,34
508,340,302,228,159,225,350,622,926,34
459,320,213,165,132,173,349,381,844,34
533,356,333,246,176,249,423,576,933,34
656,428,404,300,211,295,395,408,825,34
605,460,179,135,107,147,350,409,856,34
253,150,314,234,142,211,319,653,796,34
551,404,242,200,163,201,396,443,861,34
265,192,295,205,169,249,442,440,880,35
501,282,300,224,130,195,458,412,859,35
243,182,235,182,130,173,271,549,895,35
390,248,305,221,151,217,380,591,881,35
443,314,289,227,171,224,408,653,955,35
323,199,307,244,162,213,254,593,904,35
285,167,283,221,146,195,371,535,896,35
332,228,187,139,116,162,418,398,893,36
386,250,201,166,127,160,403,398,843,36
594,410,289,227,172,227,424,558,929,36
634,438,339,260,187,254,381,619,921,36
261,180,278,202,150,215,278,561,937,36
215,150,240,191,138,180,235,528,891,36
402,266,247,181,130,186,391,400,834,36
265,193,212,159,120,166,275,433,740,36
346,217,266,198,128,190,348,550,888,36
357,291,162,124,103,135,324,388,834,36
483,283,306,248,160,211,429,623,874,36
296,230,171,128,102,141,290,396,894,36
613,364,443,322,181,276,472,534,787,36
433,298,222,152,117,177,370,408,886,37
395,288,245,189,145,194,364,583,967,37
346,178,368,297,172,229,383,810,958,37
446,286,276,203,148,211,365,622,878,37
425,305,139,104,81,111,291,400,859,37
350,236,215,168,129,172,373,397,871,37
672,455,304,225,173,237,482,560,965,37
174,155,130,93,82,118,350,2,199,37
617,425,259,188,134,189,419,402,878,37
419,253,362,260,169,255,353,780,786,37
404,299,331,220,185,285,492,402,828,37
531,327,453,318,214,326,431,728,973,38
470,324,205,152,115,163,380,404,857,38
487,277,408,292,181,268,413,777,952,38
653,471,273,223,177,222,391,403,872,38
452,242,481,344,200,304,495,772,891,38
420,257,196,146,104,151,420,394,843,38
367,281,202,153,124,166,372,388,853,38
489,372,193,145,119,160,442,409,877,39
468,277,284,218,155,205,400,702,948,39
438,319,244,176,133,188,375,419,875,39
608,390,328,221,146,231,429,454,883,39
373,259,341,241,177,255,514,482,879,39
549,373,313,245,176,232,367,705,889,39
406,273,255,192,144,198,371,387,843,39
717,411,410,310,197,271,450,813,890,39
689,391,330,253,160,223,428,672,971,39
430,272,296,218,149,219,370,543,914,39
310,205,304,229,154,222,266,734,945,39
341,245,289,233,163,210,451,431,856,39
426,296,206,174,133,165,359,397,798,39
373,259,372,262,209,301,456,552,841,40
559,433,333,237,197,283,456,284,803,40
254,163,313,244,164,221,286,628,917,40
264,206,245,160,121,196,366,440,843,40
323,220,239,181,136,181,363,385,800,40
302,184,283,210,132,196,403,521,934,40
489,386,330,250,201,269,562,7,641,40
619,386,325,232,154,232,410,662,964,40
447,367,99,69,59,83,344,413,849,40
507,354,261,176,130,205,390,396,779,40
577,418,212,167,126,165,325,378,877,40
578,435,177,145,118,146,359,411,888,40
566,403,232,194,156,188,354,398,801,41
522,393,231,178,131,178,384,405,875,41
296,164,360,250,130,198,447,641,915,41
540,360,296,225,155,210,395,402,856,41
568,419,180,124,97,147,368,397,821,41
481,290,374,309,226,281,416,645,945,41
301,194,302,225,147,213,403,431,885,41
370,236,233,179,123,172,343,560,943,41
456,322,262,193,133,200,378,336,904,41
443,329,233,186,146,187,356,404,726,41
500,349,226,188,141,172,382,393,829,41
351,253,204,166,130,163,369,392,872,41
592,378,321,236,173,248,404,560,907,41
308,178,360,262,162,236,304,784,851,41
539,345,319,229,161,236,399,632,824,42
393,302,241,161,126,194,345,394,835,42
392,260,266,210,157,205,408,398,873,42
618,353,497,357,214,320,428,1023,827,42
283,161,286,223,140,188,360,689,943,42
279,197,297,224,167,233,304,547,817,42
537,389,227,182,145,183,366,392,866,42
485,352,202,138,102,156,380,409,882,42
382,277,167,124,89,130,342,386,836,42
264,217,201,151,137,182,397,7,649,42
467,295,448,294,193,319,423,711,972,42
562,365,233,170,123,177,402,478,898,42
161,143,119,80,78,117,342,2,208,43
424,289,251,191,139,191,335,525,787,43
525,366,234,170,122,176,352,398,848,43
317,174,291,201,128,198,435,521,881,43
496,371,210,158,119,166,323,382,864,43
354,248,116,103,79,90,339,304,821,43
559,415,238,191,155,193,400,415,840,43
325,217,359,237,168,275,468,554,914,43
229,147,255,189,134,192,280,573,912,43
556,364,350,240,167,264,444,776,909,43
533,367,331,227,154,245,388,812,925,43
437,252,287,209,143,204,402,662,950,43
569,369,260,185,131,189,400,404,861,43
574,377,155,109,79,115,388,429,885,43
589,362,311,208,143,220,457,550,746,43
671,473,245,202,157,196,375,400,848,44
579,363,386,274,172,260,395,666,936,44
423,278,300,207,145,220,450,539,928,44
448,338,300,214,180,260,460,593,926,44
292,219,194,144,113,157,318,388,863,44
389,238,239,176,126,179,486,394,844,44
543,363,230,181,129,170,367,635,983,44
249,200,201,144,116,166,338,284,842,44
546,364,287,203,143,213,404,393,852,44
391,272,217,171,130,170,377,394,813,44
470,304,291,217,139,202,389,580,941,44
234,180,176,149,124,146,308,388,850,45
578,416,137,100,73,105,333,611,962,45
247,206,224,167,131,186,390,390,853,45
402,285,408,288,217,316,340,774,947,45
505,368,226,164,135,188,376,402,834,45
590,332,324,237,151,221,401,640,787,45
610,347,321,240,136,202,388,767,958,45
483,335,278,196,148,218,378,530,854,45
415,215,306,201,139,219,507,440,866,45
416,288,199,159,114,155,354,397,897,45
505,330,276,219,151,196,501,497,890,46
440,291,312,209,140,220,482,485,847,46
518,270,429,329,205,290,433,696,974,46
485,367,195,159,126,159,368,401,839,46
203,133,231,173,120,168,345,395,913,46
523,295,432,313,196,283,405,758,912,46
516,392,227,160,130,190,378,485,721,46
705,455,357,281,198,262,424,540,929,47
198,142,177,137,106,141,316,395,845,47
187,149,118,80,65,99,323,106,885,47
447,328,218,175,139,173,352,388,831,47
344,227,287,214,149,207,355,594,959,47
688,457,296,222,148,209,397,516,957,47
432,250,278,206,140,198,419,503,874,47
587,363,302,211,134,210,453,396,845,47
439,302,214,160,121,168,359,405,870,47
463,342,251,197,155,204,372,371,889,47
333,270,137,106,90,116,353,316,879,47
421,293,294,206,150,224,386,613,942,48
463,328,235,179,139,189,381,390,856,48
551,358,254,189,129,184,388,428,715,48
411,321,259,197,154,211,382,377,847,48
417,323,307,221,179,260,368,389,865,48
435,288,242,180,135,189,361,569,928,48
669,352,481,364,222,311,414,922,892,48
593,422,247,195,140,187,368,396,799,48
572,418,231,172,124,174,385,386,870,48
373,243,234,177,123,175,356,389,828,48
709,417,331,265,168,229,428,678,921,48
455,315,329,236,177,252,389,382,906,48
391,222,291,194,116,183,537,391,859,48
583,411,239,182,148,197,416,398,840,48
326,186,308,230,151,213,237,805,917,48
352,244,174,130,97,137,329,382,843,49
356,267,190,146,113,153,333,400,854,49
463,315,269,216,157,204,437,442,842,49
434,303,180,135,98,140,374,394,898,49
386,254,364,266,197,276,345,731,947,49
540,354,278,198,134,198,490,409,840,49
517,363,213,153,118,171,394,406,881,49
266,163,314,215,141,220,282,635,935,50
401,282,319,237,179,244,347,563,951,50
551,335,306,242,168,227,453,709,964,50
634,474,236,170,139,196,373,387,861,50
417,315,192,157,119,149,324,393,848,50
556,354,192,144,94,133,383,406,833,50
633,385,375,288,170,234,454,1023,937,50
464,326,335,239,172,252,343,708,815,50
460,287,272,207,134,192,460,387,842,50
365,297,170,139,120,149,322,214,824,50
383,232,256,194,137,189,396,619,966,51
301,207,198,156,120,159,337,404,815,51
236,156,184,139,98,139,302,397,877,51
283,195,167,127,95,129,346,399,904,51
644,444,291,213,158,227,406,493,943,51
648,411,338,250,185,260,407,618,980,51
254,200,241,171,126,185,385,381,815,51
244,162,273,184,128,200,390,391,875,51
653,474,234,200,160,189,431,406,858,51
186,181,123,87,89,123,312,1,211,51
227,155,243,161,110,178,358,391,872,52
422,286,292,236,160,205,329,760,930,52
287,189,235,171,118,168,377,391,866,52
225,183,165,136,111,136,296,386,850,52
405,289,238,177,126,181,386,476,919,52
425,275,306,218,155,226,468,438,880,52
301,216,190,149,111,148,340,393,875,52
258,185,230,157,112,169,567,2,567,52
580,411,283,214,162,223,383,557,960,53
720,432,478,370,253,345,533,785,923,53
376,266,299,231,171,232,365,453,949,53
366,259,246,189,157,211,398,608,910,53
293,205,196,130,94,149,345,410,881,53
265,217,155,117,98,131,276,393,866,53
366,229,241,173,118,172,391,420,884,53
584,395,228,175,128,172,418,427,848,54
699,430,406,314,218,298,440,783,951,54
454,347,204,138,113,168,364,393,882,54
435,316,188,144,115,150,344,391,863,54
622,346,262,225,135,165,448,1023,1023,54
555,408,208,147,112,165,349,391,838,54
423,250,364,288,183,238,300,771,895,54
616,402,136,100,68,100,251,804,991,55
506,405,181,125,100,148,341,403,859,55
585,392,337,231,162,251,429,600,958,55
237,145,277,205,132,193,280,557,936,55
418,258,319,245,166,230,413,589,922,55
326,274,102,85,74,89,298,199,765,55
513,346,303,225,170,234,518,401,862,55
210,147,221,164,122,173,293,380,864,55
494,325,202,163,122,156,383,527,929,55
381,283,258,186,141,201,367,397,872,55
546,406,249,178,142,209,394,393,775,56
401,233,415,305,192,281,420,745,905,56
483,281,295,211,147,215,396,449,739,56
338,158,241,173,107,160,461,536,929,56
445,316,227,175,136,183,373,394,868,56
410,284,236,189,133,178,274,621,940,56
359,263,188,136,97,144,309,375,901,56
327,203,232,181,124,165,388,501,896,56
272,161,333,257,166,226,268,775,925,56
487,371,199,138,107,162,362,389,845,56
602,400,293,212,157,229,494,455,872,56
570,367,305,219,156,225,375,735,828,56
726,449,305,231,161,219,438,754,951,56
513,376,199,161,127,160,368,394,884,57
559,392,244,180,132,184,353,591,934,57
310,187,320,220,143,224,388,534,887,57
331,242,181,128,102,146,354,404,891,57
617,445,224,175,134,177,385,398,859,57
354,243,208,150,111,157,340,392,837,57
519,368,236,157,114,180,368,481,900,57
406,293,208,170,127,164,327,383,836,57
336,193,362,248,152,244,409,759,895,57
540,339,211,174,117,151,380,385,861,57
668,455,363,271,194,273,405,525,921,58
489,305,339,233,161,252,431,591,989,58
387,270,183,145,107,142,343,397,881,58
461,250,387,277,176,267,448,791,845,58
660,467,333,251,200,271,389,522,915,58
473,377,191,139,119,163,346,393,861,58
299,227,159,128,101,130,311,397,870,58
536,358,209,183,136,160,399,402,869,58
350,253,193,138,108,150,325,404,900,58
281,178,292,226,147,205,297,649,918,58
425,267,210,145,106,161,364,402,867,58
483,362,205,130,101,165,395,257,838,58
730,459,378,285,201,281,412,717,925,58
452,318,236,184,135,178,326,548,953,58
682,448,345,255,166,246,418,644,915,58
669,452,206,145,103,153,416,448,920,58
671,440,286,229,161,208,411,658,967,58
631,438,273,194,141,204,378,599,923,58
547,376,227,170,139,192,379,457,849,58
495,383,120,101,82,99,339,396,880,58
544,357,170,123,88,127,363,405,923,58
521,395,236,198,150,183,385,376,884,59
675,493,274,205,157,209,395,400,870,59
426,311,284,195,144,217,350,441,805,59
442,286,252,195,140,183,388,414,917,59
316,211,266,204,148,204,308,716,968,60
469,320,212,182,144,168,463,444,895,60
591,424,249,204,154,193,478,412,834,60
725,456,281,246,164,195,408,604,1013,60
412,278,356,261,172,254,400,860,876,60
444,309,185,151,109,138,379,406,898,60
594,421,247,184,143,195,470,426,878,60
367,275,236,167,138,197,443,398,858,60
291,259,113,94,81,99,290,386,866,60
537,377,235,182,130,175,377,553,952,61
680,422,352,258,166,249,415,403,848,61
603,412,218,183,131,161,399,386,897,61
462,370,162,108,88,136,391,388,807,61
328,216,257,187,137,195,458,457,886,62
251,186,205,160,120,162,327,391,898,62
511,402,187,141,116,156,346,396,797,62
710,449,286,227,149,198,439,684,968,62
497,317,312,230,161,229,398,550,959,62
650,418,396,307,197,268,441,647,940,62
425,286,386,284,196,270,404,662,912,62
652,413,321,256,178,230,415,602,944,62
352,213,324,230,146,220,317,781,916,63
580,387,284,230,169,213,473,408,836,63
684,470,294,203,140,219,391,417,814,63
579,405,341,285,181,231,467,441,909,63
397,253,317,225,162,240,382,730,943,63
357,289,236,191,159,200,327,412,852,63
684,424,316,244,163,228,407,493,926,63
401,335,158,118,99,135,313,393,842,63
283,243,119,109,91,100,289,374,841,63
452,240,321,245,136,189,361,776,924,63
453,317,225,165,119,173,352,396,861,63
645,390,392,270,178,272,446,797,926,63
216,162,226,174,139,181,312,376,862,63
348,214,372,281,194,267,394,690,998,63
454,262,251,189,124,172,538,1023,993,63
487,254,301,219,138,206,373,673,764,64
455,266,434,317,185,278,493,727,941,64
516,299,386,273,171,264,427,750,932,64
526,314,298,222,142,205,412,770,917,64
379,242,220,160,108,159,393,414,892,64
589,332,383,291,182,257,391,687,956,64
729,460,390,313,195,252,525,499,928,64
661,407,246,168,111,173,413,515,779,64
490,329,278,205,152,211,400,507,899,64
423,332,206,149,130,182,420,235,797,64
433,316,212,170,126,160,375,446,883,64
603,403,218,180,130,162,375,394,828,65
379,251,174,121,88,132,386,460,809,65
234,188,194,158,129,158,306,375,849,65
516,308,309,236,153,212,391,674,951,65
347,163,298,216,109,170,328,766,794,65
415,294,157,113,86,125,357,401,882,65
341,229,344,255,182,259,277,744,915,65
632,366,296,228,147,203,427,657,961,65
226,169,127,88,66,99,333,3,460,65
301,191,295,238,160,208,311,596,937,65
571,437,228,145,112,183,355,392,893,65
582,427,290,203,158,234,390,395,888,66
502,362,324,222,162,240,385,457,893,66
429,252,285,198,132,200,389,498,908,66
631,397,357,282,196,266,437,491,902,66
520,349,326,237,167,246,388,481,893,66
344,220,334,260,174,242,311,693,897,66
642,414,394,296,206,293,481,508,869,66
644,371,426,311,209,306,469,783,817,67
229,191,146,110,93,125,338,130,810,67
360,245,148,102,78,118,304,394,879,67
400,222,378,277,173,246,344,752,877,67
697,474,282,186,128,206,419,548,824,67
310,241,205,159,129,170,341,388,789,67
371,300,141,106,91,123,346,262,869,67
429,332,211,161,124,165,388,432,896,67
574,409,179,140,106,140,368,393,859,67
220,153,179,143,102,134,297,385,852,67
716,399,167,132,74,100,399,883,1001,67
438,349,209,170,131,167,332,386,849,67
170,151,136,107,100,123,324,2,226,67
390,294,207,158,118,162,350,378,880,68
680,469,293,231,174,225,429,390,881,68
483,373,165,126,102,137,315,386,775,68
296,208,236,171,120,176,305,456,868,68
308,230,166,119,95,135,337,251,795,68
566,327,214,155,102,151,464,401,871,68
538,334,340,237,160,249,406,739,928,68
470,278,220,164,113,161,349,663,954,68
406,272,217,174,125,162,390,392,897,68
283,202,200,142,104,156,329,388,854,68
352,262,156,118,88,123,342,387,881,69
350,206,363,263,173,261,328,755,928,69
710,395,333,244,168,241,499,688,958,69
289,221,161,112,83,129,308,388,740,69
434,228,279,221,132,178,343,749,893,69
340,226,245,185,126,181,378,416,909,69
545,388,230,158,121,185,373,398,731,69
237,171,237,175,131,185,272,479,895,70
251,154,301,246,168,215,281,673,982,70
617,423,242,204,138,177,415,518,913,70
733,463,383,278,197,280,421,599,929,70
397,251,304,233,151,213,283,756,893,70
291,177,355,272,179,245,374,739,974,70
690,446,224,180,131,168,392,394,884,71
583,374,274,195,138,206,419,462,884,71
460,292,295,204,135,204,428,423,856,71
415,270,305,213,136,211,306,637,925,71
456,352,198,163,134,165,381,394,886,71
617,434,165,107,65,115,322,859,947,71
387,268,310,225,154,222,265,718,896,71
483,268,467,349,208,293,405,813,911,71
642,426,289,211,147,215,399,420,853,71
413,305,190,135,99,147,362,395,909,71
346,258,206,161,125,165,362,394,858,71
358,249,171,131,98,135,331,289,840,71
362,242,309,240,171,228,339,722,972,71
678,460,332,276,193,243,360,639,926,72
381,235,262,224,153,191,390,458,872,72
446,281,359,279,177,243,362,640,900,72
261,185,170,132,102,136,312,383,835,72
481,309,243,206,146,177,381,495,885,72
364,239,242,185,136,182,303,542,919,72
666,478,235,172,133,186,413,409,915,72
207,141,231,177,132,181,343,465,885,72
452,282,318,223,152,226,339,732,981,72
590,396,173,125,94,136,385,386,882,72
311,260,180,140,122,155,340,387,911,72
203,189,118,105,100,109,328,68,719,72
419,293,323,258,188,245,396,686,901,72
524,336,275,192,131,199,419,538,929,72
369,240,321,233,157,228,351,484,898,73
628,426,209,148,102,155,403,406,834,73
511,355,267,212,161,209,467,395,859,73
335,243,255,181,136,199,369,384,851,73
573,324,361,277,183,250,418,660,946,73
614,421,359,285,199,263,505,401,852,73
366,227,223,154,101,155,386,394,917,73
473,285,373,286,186,254,383,779,908,74
630,396,306,234,165,220,440,731,972,74
242,179,259,212,161,203,180,704,939,74
333,229,160,124,100,131,367,338,840,74
447,318,147,119,93,117,343,323,906,74
464,350,196,135,104,151,353,383,889,74
331,251,312,239,170,232,341,715,966,74
632,439,284,205,158,222,377,504,872,74
295,185,328,249,169,233,286,692,925,74
527,340,339,249,172,251,425,690,987,74
486,334,338,262,193,256,492,382,861,74
365,211,303,231,135,193,325,598,939,74
544,389,266,190,142,207,439,392,833,75
488,364,127,93,72,100,323,379,869,75
326,206,281,216,144,198,205,705,941,75
672,399,451,325,201,295,537,797,962,75
602,432,233,169,125,184,392,380,843,75
242,173,220,153,111,167,325,407,845,75
516,330,406,324,188,258,373,724,812,75
633,460,455,317,233,344,564,7,671,75
513,356,168,122,92,131,403,399,842,75
301,206,190,130,93,143,383,391,860,75
576,409,206,154,113,160,347,382,891,75
603,322,380,257,150,246,406,664,972,75
490,339,231,165,119,175,357,502,810,76
517,319,256,196,124,174,370,627,955,76
651,437,258,213,157,195,410,411,851,76
354,212,382,290,187,259,441,783,970,76
641,432,328,229,167,257,414,492,918,76
305,195,315,262,171,212,311,664,971,76
461,369,179,129,111,157,371,397,889,77
587,395,230,171,121,171,384,433,867,77
311,229,213,162,122,165,391,396,850,77
472,335,374,268,211,304,477,677,905,77
477,355,227,184,142,184,364,459,905,77
305,238,222,161,120,177,314,382,869,77
444,244,249,181,115,173,472,399,869,77
388,270,250,202,150,191,324,585,980,77
623,410,280,217,156,212,458,583,941,77
612,460,225,160,130,187,367,402,778,77
361,237,204,166,121,152,375,397,730,78
649,425,329,253,169,239,437,624,956,78
556,304,208,169,107,136,378,787,910,78
448,286,347,261,175,247,400,573,895,78
356,255,264,196,135,192,267,638,944,78
610,323,519,403,240,318,467,1023,959,78
545,412,227,158,124,184,306,395,886,78
325,222,267,181,133,205,339,376,888,78
414,248,359,267,171,247,385,732,934,78
563,400,290,203,150,219,376,531,914,79
215,138,222,167,115,162,330,404,856,79
616,437,292,218,166,229,413,503,943,79
386,253,175,134,101,133,350,399,878,79
628,458,312,233,184,253,460,402,751,79
512,424,245,174,145,209,342,387,856,79
297,207,200,126,91,152,366,288,871,80
402,215,317,242,150,210,388,632,988,80
656,347,225,173,104,145,442,845,900,80
470,331,223,163,133,187,438,392,863,80
438,274,244,197,136,182,389,387,840,80
387,283,244,177,136,196,331,437,933,80
656,423,329,221,151,243,406,577,929,80
226,186,200,177,151,172,338,281,845,80
486,271,308,252,154,199,415,642,978,81
381,255,201,161,122,158,384,404,890,81
333,240,219,181,133,169,366,381,847,81
591,411,278,225,171,218,406,392,863,81
550,371,283,208,141,204,395,497,908,81
329,248,273,209,160,213,331,519,926,81
429,333,177,141,106,134,363,379,842,81
624,453,281,192,138,209,371,385,744,81
280,234,182,146,126,156,322,289,884,81
249,179,238,180,130,181,399,2,192,81
369,256,212,151,108,159,352,444,884,81
314,187,368,288,172,232,289,789,905,82
629,359,439,309,205,305,438,783,936,82
178,136,181,137,108,142,258,389,846,82
609,415,272,204,157,213,462,380,852,82
603,355,515,403,220,308,387,1023,946,82
312,234,165,120,100,141,422,378,854,82
354,281,203,162,129,162,318,394,854,82
385,295,137,103,79,108,315,308,791,82
600,361,463,333,233,346,491,764,873,82
355,244,412,314,226,306,435,710,924,83
427,299,291,230,184,234,478,385,837,83
512,337,323,249,172,240,330,647,971,83
461,280,282,209,140,199,363,649,898,83
469,336,213,157,117,166,342,385,886,83
379,259,283,206,143,205,365,445,898,83
572,374,231,165,116,172,365,427,895,83
352,205,303,212,137,209,374,593,940,84
504,315,396,316,203,268,361,762,879,84
232,168,215,157,117,168,332,388,826,84
355,210,371,262,161,247,335,796,915,84
542,390,285,208,147,207,373,400,899,84
377,243,324,240,162,234,202,702,807,84
411,276,217,154,113,165,379,392,826,84
365,271,179,134,105,143,338,383,868,84
463,331,220,160,133,182,360,380,880,85
377,244,322,217,148,233,413,438,878,85
262,146,286,188,127,203,495,446,932,85
702,492,273,216,155,204,377,562,914,85
208,137,200,158,119,158,353,382,888,85
653,395,229,163,110,165,434,782,893,86
565,427,226,164,130,183,361,397,902,86
251,178,241,173,131,189,362,378,827,86
721,408,453,351,217,289,439,743,885,86
646,395,145,111,78,107,309,740,948,86
380,261,355,275,185,254,312,726,905,86
390,301,241,173,131,188,368,382,831,87
666,418,335,266,192,249,431,648,872,87
665,406,297,228,146,199,404,567,933,87
352,276,190,151,121,157,371,388,676,87
649,391,321,256,179,235,419,455,871,87
227,198,132,94,85,119,302,143,743,88
711,460,319,265,178,232,410,600,749,88
480,339,241,193,132,175,364,557,944,88
358,246,184,147,112,145,347,398,866,88
458,242,276,219,139,185,409,562,956,88
567,397,243,173,123,181,401,425,898,89
380,265,194,147,111,153,327,346,901,89
353,267,128,91,76,109,351,393,913,89
436,272,299,216,154,227,362,605,942,89
471,371,343,244,187,273,441,445,863,89
566,298,369,303,198,255,436,626,963,89
541,369,315,227,158,230,372,595,906,90
674,425,160,137,91,112,373,750,977,90
413,314,205,159,123,163,340,398,859,90
354,273,151,116,94,126,330,380,851,90
519,417,213,163,132,176,374,431,907,90
338,203,247,188,137,184,476,400,883,90
474,307,269,202,143,201,413,456,858,90
710,384,476,337,211,322,476,776,880,91
637,434,195,151,108,148,382,402,850,91
455,263,147,113,63,91,312,638,963,91
558,411,276,214,160,212,405,380,837,91
619,448,196,144,116,160,415,390,836,92
522,365,208,167,127,163,361,391,842,92
348,317,128,84,81,121,364,111,726,92
305,218,275,208,152,214,308,608,897,92
423,256,380,287,185,264,377,703,908,92
491,334,256,181,128,189,371,392,818,92
548,413,200,163,130,163,355,382,840,92
608,324,182,140,73,107,328,1023,965,92
483,280,316,241,142,199,428,517,941,92
257,184,193,147,113,153,331,339,881,92
705,473,302,212,154,228,372,616,905,92
352,257,238,169,125,183,294,501,892,92
378,272,219,162,124,172,354,394,871,93
522,312,371,269,167,243,383,658,943,93
557,346,328,236,169,241,454,547,832,93
628,398,414,315,204,282,315,1023,933,94
362,232,226,186,135,170,378,379,891,94
302,225,238,162,119,185,354,397,793,94
395,290,199,160,127,161,353,290,874,94
294,182,344,266,168,231,291,754,952,94
625,419,255,197,143,195,404,557,918,95
535,323,345,271,187,255,414,731,961,95
629,380,249,195,131,173,437,574,958,95
535,283,202,143,83,130,473,693,1023,95
628,391,337,262,187,255,382,686,988,95
336,243,198,168,133,158,361,379,833,95
472,297,264,209,152,202,470,407,821,95
597,422,196,142,104,149,387,412,852,95
314,216,255,174,127,189,418,382,812,96
375,310,132,101,89,116,326,286,843,96
692,386,580,420,232,338,465,1023,857,96
548,380,343,239,172,260,397,525,965,97
652,471,285,223,167,224,396,394,863,97
663,462,464,337,231,318,492,283,700,97
405,314,275,184,142,225,365,365,886,97
451,345,228,180,131,172,498,366,876,97
188,180,98,76,77,97,318,1,194,97
733,401,385,258,140,217,437,798,886,97
391,280,299,223,169,236,327,513,893,98
454,362,113,90,73,95,278,402,854,98
325,223,239,175,129,186,340,465,871,98
370,309,179,135,112,152,335,384,866,98
598,405,298,216,156,225,403,451,872,98
486,348,218,151,113,169,386,408,861,98
412,276,278,203,143,207,353,507,845,98
313,197,324,244,162,229,358,645,956,98
464,294,284,208,139,198,402,490,926,98
445,297,360,238,171,271,406,659,976,99
438,218,363,257,148,234,436,781,944,99
559,404,220,165,120,169,399,389,852,99
519,295,344,275,170,226,383,766,940,99
375,284,224,179,139,177,376,380,867,99
246,164,284,216,145,204,283,585,878,99
651,457,214,177,122,153,395,381,899,99
207,141,216,164,117,157,333,404,867,99
723,482,269,204,148,207,418,564,947,99
191,154,179,131,113,155,319,295,820,99
598,348,332,248,164,237,403,589,894,99
417,313,370,266,180,267,508,391,882,99
274,165,334,235,151,233,261,617,912,99
605,461,174,133,109,142,315,382,813,99
355,225,316,235,164,222,384,611,864,99
443,291,461,330,212,326,506,766,842,100
281,169,296,234,150,198,206,771,911,100
376,226,307,243,162,218,356,472,880,100
531,314,299,227,136,195,402,579,986,100
556,340,299,218,144,213,399,384,865,100
675,468,212,146,101,153,371,394,851,100
605,302,398,290,165,241,499,621,924,100
656,414,383,299,194,259,416,678,942,100
548,419,163,135,113,139,362,385,869,101
616,435,215,179,132,164,411,410,883,101
556,396,160,117,90,127,330,386,903,101
282,224,263,186,145,210,297,548,917,101
410,303,230,164,123,181,408,396,921,101
494,324,268,180,128,199,391,417,885,101
458,320,157,112,83,123,312,385,865,101
426,263,371,273,190,268,420,652,955,101
267,161,264,209,145,191,458,395,875,101
270,191,297,208,147,225,362,428,926,101
532,332,136,104,69,96,427,397,863,101
400,261,164,129,97,126,463,417,870,102
667,392,293,221,154,216,505,447,923,102
621,413,334,272,174,221,502,393,860,102
488,267,379,269,172,261,420,768,919,102
622,444,373,261,198,293,511,594,776,102
387,288,196,147,116,159,348,386,873,102
645,448,267,210,141,185,435,414,852,102
275,210,151,108,98,138,452,12,722,102
566,319,343,243,142,212,521,390,848,102
283,192,284,210,145,204,274,653,886,102
286,170,275,182,116,186,373,476,895,102
464,279,198,158,114,146,457,386,868,103
427,295,241,171,130,190,349,388,879,103
336,250,177,133,99,137,282,452,920,103
626,411,304,240,168,220,395,671,930,103
417,271,249,187,135,191,369,480,921,103
421,298,247,179,129,186,369,418,927,103
645,431,295,207,152,218,424,442,920,103
554,358,386,280,203,286,423,739,951,103
630,384,303,243,161,218,417,729,985,103
610,334,333,234,138,218,427,763,860,104
707,424,432,289,183,290,434,734,946,104
376,240,267,211,154,199,443,442,868,104
485,313,277,214,150,203,364,606,927,104
564,366,319,233,169,239,375,666,969,104
565,415,209,161,121,166,377,383,857,104
499,298,341,270,174,236,373,751,934,105
663,447,274,207,155,208,417,482,911,105
437,325,181,132,105,146,375,410,869,105
416,327,209,137,102,159,539,2,410,105
265,246,97,77,73,91,392,74,692,105
551,324,454,322,219,324,515,794,914,105
466,285,308,226,155,221,445,554,787,105
258,164,334,233,153,230,187,759,828,105
497,342,216,173,124,163,395,403,867,105
698,428,392,266,175,276,412,734,819,105
514,364,181,148,114,145,382,396,875,105
497,329,242,212,158,185,389,384,846,105
533,379,155,116,91,121,341,379,875,105
477,244,284,190,109,178,321,714,898,105
275,185,237,152,107,173,366,365,836,105
509,306,317,222,147,226,405,650,991,105
360,286,174,141,120,148,350,381,887,106
365,243,233,159,120,183,367,377,848,106
689,433,330,227,156,238,433,483,854,106
267,206,221,167,130,174,375,377,861,106
449,341,208,141,110,168,382,383,887,106
642,398,313,220,157,231,396,490,972,106
695,450,253,188,133,189,412,413,880,106
356,225,263,201,143,197,412,505,947,107
604,363,262,208,145,196,368,745,932,107
556,409,189,139,108,151,376,387,864,107
319,232,241,170,123,189,370,397,862,107
394,311,192,135,102,152,337,375,858,107
375,275,209,156,115,160,330,374,881,107
332,220,165,120,88,126,337,397,883,107
501,357,246,204,149,188,400,389,839,107
438,306,268,216,153,197,360,485,867,107
283,185,263,204,136,188,307,621,938,107
540,393,156,121,96,130,369,397,947,108
334,207,210,144,96,149,340,379,878,108
479,361,194,145,117,155,335,383,851,108
657,361,364,256,168,249,451,799,936,108
382,289,203,152,119,167,367,269,881,108
534,363,203,153,123,164,451,384,877,108
533,314,303,216,127,194,416,566,879,108
486,361,259,206,167,216,389,411,859,109
300,182,377,283,169,248,351,696,957,109
342,270,215,153,126,181,400,377,870,109
364,278,162,119,97,136,312,380,849,109
555,352,323,229,173,248,473,539,870,109
401,286,209,159,125,172,367,244,782,109
611,405,283,204,144,212,411,526,924,109
538,374,260,208,153,201,377,379,880,109
532,387,182,148,116,145,381,389,867,109
449,308,222,154,114,172,356,394,898,109
620,471,160,133,106,131,363,402,709,109
575,404,309,257,181,223,409,412,907,109
579,350,269,206,134,186,390,561,936,109
353,172,309,236,156,215,466,624,777,109
473,326,264,208,154,203,378,431,794,109
279,236,121,87,73,104,379,48,755,109
377,293,317,212,160,254,351,466,869,109
648,373,429,308,188,281,452,747,915,110
484,322,207,152,113,160,388,411,878,110
578,363,357,251,172,253,381,642,930,110
358,244,234,185,139,180,373,406,929,110
327,240,212,153,124,173,372,389,899,110
638,444,166,96,124,210,558,151,813,110
247,204,99,77,63,82,318,162,767,110
401,286,231,170,128,183,374,378,838,110
667,463,246,196,150,191,407,525,910,110
734,459,298,212,137,209,408,417,890,110
709,459,340,255,178,249,403,574,928,110
270,176,201,165,125,158,411,385,837,111
465,335,187,141,110,152,345,400,899,111
290,218,203,149,113,160,338,382,890,111
402,306,180,127,107,155,433,397,860,111
706,377,372,284,169,240,418,787,953,111
510,360,202,135,97,155,360,378,842,111
291,194,282,216,147,205,311,675,925,111
589,424,220,168,132,177,400,382,919,112
533,285,276,193,119,184,368,590,908,112
704,475,252,185,139,200,399,456,936,112
560,346,305,233,181,241,523,392,734,112
635,369,308,258,167,220,397,770,973,112
374,261,253,196,146,194,301,572,919,112
687,428,305,225,152,223,417,501,887,112
496,241,431,307,193,282,460,802,922,112
366,249,206,148,110,157,344,384,857,113
198,142,170,130,95,129,274,393,890,113
687,408,335,251,161,228,407,675,872,113
222,149,257,175,121,186,384,391,860,113
476,285,237,190,138,181,466,385,904,113
463,329,222,173,131,173,420,375,852,113
549,360,234,184,129,171,402,377,855,113
542,379,374,286,214,288,400,781,939,113
676,454,244,196,147,188,413,397,848,113
683,494,308,217,168,249,482,440,912,113
417,241,360,286,192,253,435,711,946,113
644,437,249,181,125,180,404,399,863,114
600,424,275,209,158,212,407,440,865,114
451,299,299,203,138,220,371,665,968,114
502,375,164,131,100,129,326,386,863,114
507,317,295,219,151,216,392,489,853,115
540,427,222,147,121,188,333,391,928,115
682,481,225,169,125,173,413,424,860,115
295,198,183,138,103,142,331,389,875,115
648,453,289,232,176,223,414,590,904,115
525,358,191,147,109,147,427,387,889,115
448,310,262,199,148,205,369,376,829,115
421,275,256,199,143,191,387,410,870,115
507,352,292,221,172,234,432,485,816,115
370,268,285,213,152,212,414,679,916,115
401,243,438,300,189,286,409,746,966,115
575,424,173,135,105,138,362,381,871,115
554,268,514,384,192,271,303,1023,942,115
587,365,391,316,208,276,438,764,925,115
426,321,193,158,121,155,344,378,840,115
425,283,302,238,159,209,359,430,883,116
305,209,228,167,120,171,313,407,879,116
600,417,245,174,121,180,378,387,846,116
718,439,261,204,132,178,421,589,931,116
676,456,286,227,163,215,419,700,993,116
637,406,525,428,316,395,507,385,828,116
369,230,257,201,132,181,340,653,960,116
675,405,225,161,119,168,400,440,900,116
584,399,278,227,169,208,388,393,852,116
278,177,271,208,141,190,234,691,955,116
472,262,371,284,189,261,427,775,936,116
435,288,224,167,118,167,369,432,878,116
248,169,271,236,165,203,292,566,787,116
545,332,295,228,161,221,388,692,942,116
707,460,378,265,191,282,381,674,932,116
483,325,244,163,102,159,422,444,833,117
347,259,226,162,125,180,337,366,786,117
692,457,390,290,199,287,380,646,870,117
503,301,444,346,219,302,506,398,843,117
526,354,175,131,99,136,362,392,893,117
395,230,360,249,158,251,364,767,929,117
708,442,313,242,158,217,472,526,969,117
483,305,344,270,173,234,300,763,922,117
602,387,305,225,145,202,456,365,837,117
357,247,149,116,83,113,351,285,796,117
701,493,291,221,168,225,441,550,893,117
423,293,223,153,116,177,368,382,752,117
550,386,237,188,134,174,377,392,841,117
478,286,293,212,144,211,409,684,931,118
396,296,167,144,113,131,318,367,869,118
306,216,213,179,134,163,314,378,860,118
733,467,352,281,185,245,441,779,944,118
302,227,210,173,135,166,319,379,864,118
468,300,115,90,64,85,197,786,892,118
534,316,437,334,217,289,389,855,781,118
414,260,324,230,165,241,418,420,933,118
413,258,287,224,148,203,391,630,997,118
651,370,396,281,171,254,436,583,956,118
672,472,325,225,161,241,400,521,876,119
457,303,217,156,111,159,376,387,877,119
580,395,294,224,156,210,368,686,949,119
331,235,167,122,94,132,317,390,838,119
619,406,361,239,167,269,415,709,975,119
604,366,462,315,202,319,451,761,923,119
264,199,168,147,117,136,280,368,805,119
652,430,343,281,185,234,425,762,927,120
399,253,302,211,148,225,363,573,980,120
453,317,190,167,114,129,369,367,834,120
451,270,315,252,169,219,397,523,939,120
469,338,222,151,117,178,365,418,863,120
504,337,286,203,143,211,390,542,971,120
350,235,236,174,129,181,319,515,927,120
550,300,224,164,99,148,489,395,877,120
541,367,241,190,137,184,388,435,875,120
426,273,240,179,132,182,373,468,924,121
245,181,205,133,98,159,353,391,881,121
534,347,262,197,141,198,373,714,880,121
517,344,272,191,133,202,387,467,906,121
610,426,210,161,135,178,420,2,181,121
583,400,406,295,219,310,473,450,874,121
366,276,163,124,86,123,533,3,587,121
355,233,263,201,139,197,346,531,956,121
486,349,272,192,141,210,375,377,892,122
580,292,442,335,164,230,398,745,916,122
651,469,202,156,123,162,404,463,906,122
575,294,396,314,180,249,467,749,982,122
496,303,293,231,155,211,388,642,812,122
719,441,295,253,177,216,430,587,927,122
522,286,372,266,156,245,423,745,960,122
492,251,400,307,188,263,452,757,914,122
513,367,308,233,176,239,411,488,946,122
501,294,447,342,232,321,424,679,965,122
586,353,460,320,202,317,411,455,832,122
617,370,135,121,79,94,280,756,1006,122
476,349,345,264,192,262,371,473,878,123
365,287,336,214,166,269,373,398,861,123
643,439,260,217,166,198,412,394,844,123
601,458,164,130,99,132,357,377,890,123
580,386,257,194,139,195,428,431,866,123
504,311,336,256,181,248,410,469,927,123
386,223,419,328,198,272,373,765,928,123
496,343,325,252,179,235,313,606,888,123
409,266,265,249,182,204,389,382,896,123
333,228,222,155,117,173,394,388,875,123
611,360,127,107,71,88,239,767,1012,123
551,395,255,202,161,203,370,489,920,123
709,424,382,284,186,257,437,629,955,124
669,464,215,169,122,162,394,396,733,124
636,466,296,239,192,245,424,247,892,124
526,387,250,182,147,207,376,394,818,124
571,390,228,180,121,163,400,390,890,124
482,286,351,277,174,238,357,759,921,124
615,414,292,219,160,225,406,540,929,125
443,340,140,109,90,117,325,328,890,125
280,167,277,191,123,191,342,610,979,125
606,322,403,296,194,284,477,758,873,125
358,210,216,151,102,153,376,378,847,125
562,419,335,224,172,263,405,556,989,125
557,405,231,172,132,185,381,384,852,125
570,392,419,305,224,317,391,532,942,126
711,405,342,253,162,229,436,595,941,126
397,256,204,170,121,152,332,371,885,126
375,296,140,115,95,119,317,241,862,126
532,375,249,181,139,195,388,382,734,126
379,275,183,115,88,144,339,401,855,126
604,416,204,148,112,160,372,397,897,126
442,372,193,134,120,175,367,379,907,126
635,504,175,128,107,151,400,267,852,126
523,305,299,232,158,214,409,628,1001,126
262,190,212,155,121,168,344,378,843,126
381,224,250,195,133,180,361,504,919,126
730,408,431,302,188,291,471,813,876,126
374,228,305,247,174,227,466,597,783,126
664,422,341,223,150,245,418,740,977,126
431,294,229,154,107,164,395,387,883,126
481,333,221,175,137,176,462,394,840,126
603,423,253,205,148,195,391,380,764,127
569,428,320,210,161,260,394,385,840,127
245,174,322,239,162,229,237,741,973,127
606,427,335,242,171,249,499,458,872,127
539,313,330,245,166,239,360,630,935,127
536,329,299,230,155,212,395,581,924,127
569,407,214,142,97,155,382,382,858,127
542,402,237,170,131,187,434,391,832,127
442,317,229,185,142,175,375,479,875,127
270,161,269,193,133,190,465,434,907,128
600,418,268,200,153,212,420,390,868,128
281,216,246,184,145,203,379,388,905,128
273,200,178,143,112,145,291,380,834,128
689,434,413,308,202,290,427,785,997,128
354,281,230,170,146,201,374,386,833,128
609,409,140,99,70,104,397,417,899,128
326,233,239,171,137,197,471,395,841,129
443,328,324,262,189,244,364,569,922,129
348,287,111,95,84,98,301,196,742,129
310,208,290,224,161,218,393,567,921,129
469,326,256,190,132,187,372,378,886,129
527,384,219,157,117,175,370,401,885,129
558,343,360,277,187,251,501,724,916,129
398,278,183,147,106,138,341,378,862,129
628,407,379,300,216,284,363,589,942,129
681,449,228,165,119,171,441,426,890,129
226,210,118,84,76,108,469,2,186,129
472,357,239,160,124,189,416,388,874,129
724,464,345,224,146,238,419,468,879,130
504,350,285,228,173,216,374,362,877,130
384,267,216,159,122,167,376,394,833,130
392,280,260,175,133,199,369,349,880,130
621,351,378,294,192,258,414,709,945,130
635,408,398,304,189,264,379,884,964,130
728,484,318,233,161,230,406,599,936,130
645,433,486,378,228,312,390,929,975,130
701,476,331,248,170,241,408,426,874,130
554,304,333,251,161,230,482,441,900,130
224,198,96,66,60,89,320,74,819,130
566,373,354,253,173,253,412,476,909,130
559,415,171,138,108,137,361,401,909,130
449,294,425,317,217,301,433,634,937,131
672,421,327,257,181,239,418,643,941,131
528,360,212,168,120,155,383,379,851,131
728,480,303,222,157,225,368,715,919,131
360,238,268,192,132,191,253,579,833,131
396,285,193,126,90,145,300,382,910,132
501,349,173,137,99,132,315,371,849,132
535,363,279,219,164,216,386,377,883,132
710,408,412,312,174,242,483,775,926,132
488,360,182,142,114,150,354,388,857,132
337,236,240,190,140,177,339,413,845,132
527,354,221,166,116,161,366,373,855,132
332,241,164,129,104,136,356,375,883,132
438,288,320,219,145,231,323,557,966,132
467,358,115,84,63,89,370,417,974,132
392,263,253,192,140,197,370,453,856,133
406,314,179,153,122,145,365,374,833,133
476,335,228,176,135,179,380,386,900,133
362,234,248,170,122,184,374,462,931,133
394,291,258,182,120,176,505,389,840,133
611,456,210,155,119,170,386,391,872,134
647,422,323,254,176,234,440,540,951,134
347,240,220,169,134,182,391,394,878,134
578,392,271,210,158,206,406,393,851,134
326,240,311,215,156,227,361,590,949,134
431,352,175,144,115,140,350,292,919,134
453,344,244,193,141,184,355,390,829,134
663,476,181,132,99,142,359,376,900,134
236,174,296,218,159,228,251,454,633,134
678,435,249,178,133,190,504,396,776,134
696,393,404,305,187,256,472,756,935,134
402,244,342,272,169,221,346,622,928,135
494,411,350,232,178,282,455,181,629,135
515,413,313,216,174,257,565,3,618,135
327,211,207,167,122,155,401,393,872,135
522,307,320,272,180,230,373,743,905,135
471,304,280,208,162,222,434,521,941,135
402,218,373,296,178,233,350,753,901,135
528,409,203,172,147,177,340,369,772,135
367,249,309,199,140,232,380,486,741,135
537,400,381,284,214,289,361,803,899,135
473,319,190,158,121,149,434,381,841,136
732,413,386,285,176,259,411,693,953,136
604,433,243,196,156,196,383,517,949,136
535,363,253,192,137,187,383,398,847,136
655,479,288,208,156,223,386,458,867,136
594,430,265,180,143,213,363,503,900,136
695,428,297,225,139,190,505,427,899,136
644,418,247,192,137,189,403,620,951,136
700,426,500,365,212,312,500,761,927,136
347,217,275,204,148,208,366,520,930,136
505,350,301,246,173,228,409,372,826,136
337,184,344,271,171,235,332,709,919,136
394,236,227,172,116,164,465,385,845,136
377,203,361,255,164,243,466,772,908,137
631,408,383,282,196,284,413,745,949,137
405,232,311,232,154,211,342,750,892,137
364,184,255,187,137,194,509,391,802,137
286,229,176,139,113,147,329,375,843,137
444,340,254,204,168,212,355,387,756,137
674,464,344,229,169,265,392,532,841,137
528,383,194,131,96,146,359,387,887,137
296,206,178,132,97,135,304,365,810,137
407,296,218,158,117,172,356,390,848,137
421,296,243,188,143,189,389,388,885,138
669,482,148,109,64,93,394,494,471,138
343,218,292,202,135,206,364,430,847,138
506,340,255,174,118,184,461,364,888,138
602,367,334,250,182,254,466,645,933,138
248,179,241,174,129,182,374,435,848,138
595,350,275,187,123,196,544,395,846,138
317,229,260,197,141,194,347,376,858,138
435,320,209,167,123,161,412,383,865,138
333,222,325,247,174,242,327,613,911,138
274,186,246,188,129,182,372,395,892,139
581,410,313,231,169,235,400,614,925,139
365,277,178,142,114,142,333,377,877,139
619,405,310,217,143,214,351,652,934,139
267,186,169,122,86,122,347,376,833,139
682,388,348,258,195,262,534,521,881,139
448,312,409,294,220,320,383,760,921,140
324,283,195,135,117,172,380,2,194,140
484,356,245,187,149,197,431,421,831,140
437,326,136,101,75,108,308,380,881,140
716,445,390,275,187,275,449,645,957,140
576,325,318,224,134,211,390,602,985,140
543,355,330,274,198,249,400,691,913,140
594,387,284,222,151,207,430,512,939,140
312,234,189,118,97,158,449,181,802,140
504,383,198,169,142,168,381,376,895,140
628,439,290,216,169,233,406,544,900,140
451,313,284,203,154,225,427,626,991,140
642,381,372,279,175,250,460,785,990,141
358,216,271,205,145,201,387,459,882,141
312,244,179,129,106,148,309,373,873,141
399,269,246,187,134,185,385,379,836,141
348,204,355,265,172,239,368,636,913,141
514,288,253,173,111,178,373,537,956,141
684,435,274,208,144,201,399,505,905,141
365,209,317,253,162,219,331,764,892,141
366,236,255,199,138,191,360,424,871,142
667,442,238,187,135,183,402,577,968,142
264,162,169,142,102,126,321,389,890,142
573,365,277,210,147,204,393,577,902,142
458,358,225,162,126,178,343,305,858,142
538,370,258,192,146,200,405,383,879,142
599,379,119,92,66,90,227,777,973,142
538,366,247,211,152,185,376,438,887,142
473,288,244,177,118,166,494,372,894,143
568,339,505,374,256,364,440,708,793,143
321,242,206,149,118,165,346,375,871,143
560,422,181,144,116,147,375,379,908,143
540,322,159,127,78,103,241,774,940,143
677,420,310,239,158,215,507,521,872,143
598,436,220,161,126,178,377,468,877,143
321,192,240,183,128,177,386,531,905,144
196,186,147,96,92,142,340,43,674,144
234,171,253,170,124,192,471,375,848,144
627,440,245,179,135,184,411,388,874,144
452,247,397,302,191,266,434,771,942,144
590,442,281,202,155,226,391,387,838,144
291,236,141,105,93,126,326,192,827,145
409,300,212,161,129,171,358,395,867,145
340,219,410,266,174,284,358,594,955,145
641,429,350,271,181,245,434,530,898,145
356,238,315,234,168,236,356,580,933,145
405,293,206,158,127,168,368,399,831,145
322,214,400,289,180,262,309,773,876,145
477,274,408,301,197,281,414,542,786,145
613,459,175,131,103,143,364,394,832,145
279,198,215,164,121,163,328,420,877,145
344,213,328,245,160,232,347,556,937,145
613,329,392,287,174,259,456,755,903,145
513,306,242,189,109,151,356,427,979,145
567,428,193,146,121,162,377,404,772,145
457,250,492,329,174,281,551,526,811,146
532,380,199,154,117,161,360,389,843,146
398,253,286,223,166,217,399,528,933,146
702,486,281,210,162,224,408,565,781,146
398,281,207,151,111,159,376,427,879,146
615,355,360,307,199,243,343,907,968,146
544,291,264,183,123,191,504,384,853,146
378,241,229,180,130,168,365,375,863,146
494,321,204,151,111,153,458,392,814,146
452,287,345,239,164,256,377,528,929,147
523,365,272,228,173,212,382,360,842,147
463,353,357,254,195,286,438,547,970,147
576,385,336,268,197,254,374,736,975,147
718,475,269,211,150,197,397,442,891,147
589,297,481,361,206,295,442,759,882,148
345,226,145,108,78,105,334,397,907,148
305,213,285,186,130,210,372,361,879,148
727,433,317,233,150,219,409,669,909,148
693,471,349,272,179,247,416,735,958,148
444,296,253,188,131,185,398,409,868,148
412,313,150,120,95,121,349,398,923,148
300,170,351,272,172,237,299,721,937,148
659,407,249,186,133,187,379,790,899,148
659,400,333,242,147,223,416,629,958,149
477,362,335,236,182,270,518,29,706,149
513,354,222,141,99,161,497,383,895,149
619,358,362,251,159,240,471,673,959,149
558,340,380,284,174,256,285,758,884,149
392,252,298,244,173,218,333,629,934,149
626,395,319,219,149,235,405,639,978,149
668,468,266,205,148,203,387,540,883,149
447,351,124,49,104,244,524,125,762,149
537,343,434,314,206,303,408,638,944,149
650,456,314,238,172,246,425,552,942,150
427,297,277,211,150,204,284,678,947,150
448,246,213,159,108,151,473,373,903,150
436,238,396,305,182,253,361,734,889,150
518,372,275,210,164,223,397,369,869,150
637,348,461,335,207,309,466,780,908,150
670,371,142,120,73,94,185,761,1014,150
393,282,156,120,89,118,310,383,896,150
515,338,221,167,122,168,300,1023,994,150
685,485,223,185,138,172,397,463,915,150
470,309,265,184,122,189,374,389,837,150
396,292,247,200,146,193,354,372,831,150
279,193,263,191,135,192,304,674,966,150
607,464,176,121,97,147,350,397,869,151
437,301,292,216,148,207,391,396,837,151
309,190,338,255,169,237,247,756,919,151
549,394,318,240,180,254,410,481,870,151
690,424,170,125,81,119,445,1023,959,151
333,231,223,150,113,175,350,375,842,151
551,333,395,282,172,259,459,571,866,151
658,426,274,201,145,205,387,527,926,151
301,208,318,238,169,239,271,656,956,151
427,328,175,137,114,144,319,383,850,151
555,373,268,197,140,201,346,575,950,151
476,300,300,228,158,223,356,602,890,151
395,287,230,174,130,176,360,370,878,152
545,314,453,328,195,280,410,1022,956,152
429,243,291,218,157,218,520,394,722,152
469,322,183,151,114,144,367,393,897,152
646,393,280,214,146,203,377,554,932,152
584,414,223,162,116,168,411,418,852,152
493,358,220,177,133,172,371,396,829,152
505,312,306,233,171,235,358,613,949,152
507,337,344,250,175,258,363,520,939,152
478,315,178,136,97,133,380,392,884,152
353,246,187,138,104,143,378,385,857,152
708,434,328,266,175,229,453,619,959,152
692,385,465,342,217,323,437,771,769,152
468,298,337,242,163,243,406,580,919,152
514,340,374,260,177,270,379,545,807,152
630,394,292,228,161,218,425,572,947,153
368,233,223,176,128,170,371,386,863,153
536,391,315,219,171,258,444,436,881,153
393,282,265,204,150,202,340,342,888,153
331,222,262,197,146,199,304,618,959,153
496,349,158,116,79,114,399,189,895,153
427,290,351,258,174,250,492,484,787,153
378,219,414,306,187,271,404,779,876,153
614,439,235,189,147,189,351,493,952,153
349,264,210,166,135,174,359,375,871,153
456,288,255,174,125,191,397,292,899,154
378,230,304,233,159,217,441,368,887,154
667,461,265,189,149,215,395,534,950,154
498,306,290,204,138,213,400,625,980,154
563,420,188,137,102,145,354,380,856,154
314,270,117,95,83,103,304,84,803,154
395,254,199,149,104,144,345,273,869,154
417,290,263,168,115,190,482,439,895,154
317,235,200,153,120,159,361,379,820,154
548,413,185,151,113,144,377,377,869,154
673,441,293,208,142,210,352,676,895,154
355,184,281,207,135,198,463,390,793,154
550,355,310,232,166,235,375,491,906,154
327,218,270,179,129,205,387,454,895,155
527,332,405,314,220,297,377,744,922,155
632,380,201,137,86,137,381,395,856,155
556,324,371,266,163,245,431,734,1005,155
652,453,244,182,143,191,381,388,800,155
702,457,228,163,113,166,368,388,847,155
462,279,168,129,93,127,427,418,860,155
496,362,345,232,174,268,404,615,932,155
395,275,333,219,150,250,378,517,866,155
399,211,392,306,188,255,374,749,936,155
389,261,245,182,135,190,398,376,850,156
727,468,235,179,118,164,402,520,903,156
552,367,233,167,133,190,451,387,834,156
452,244,418,302,195,291,412,765,948,156
476,311,310,236,170,237,408,688,958,156
630,364,314,212,137,221,410,653,890,156
690,440,289,209,147,211,420,634,952,156
320,208,225,169,128,175,432,399,905,156
474,357,139,106,85,112,301,383,914,156
612,388,285,228,156,201,367,559,970,157
396,275,247,168,124,191,363,385,857,157
615,324,463,352,234,320,555,518,879,157
234,182,185,121,85,140,318,374,880,157
464,312,229,160,114,166,378,321,849,157
323,260,253,175,145,217,384,372,823,157
551,387,247,190,139,186,376,377,877,157
521,361,322,194,136,241,400,464,904,157
380,249,310,245,179,238,376,630,972,157
525,390,207,151,120,167,347,382,848,158
537,386,276,201,160,228,375,391,819,158
731,481,259,203,144,194,394,643,983,158
313,240,257,188,143,201,394,384,873,158
492,344,219,171,130,172,369,395,845,158
558,407,220,152,121,186,366,370,830,158
358,227,278,197,132,200,398,501,912,158
494,294,457,328,202,303,431,752,942,158
426,296,213,151,113,165,356,383,850,158
364,251,283,189,141,216,333,443,756,158
511,397,196,163,135,160,367,388,848,158
531,403,194,154,130,162,355,396,859,159
349,300,115,91,80,102,319,244,864,159
540,365,350,227,162,256,469,386,905,159
604,367,257,185,125,182,429,401,837,159
210,150,232,174,128,180,330,397,891,159
286,215,263,188,151,213,354,519,903,159
484,361,241,180,142,198,384,389,855,160
401,233,315,247,160,222,398,618,783,160
701,458,337,256,185,253,405,506,825,160
476,298,305,247,172,224,373,641,975,160
399,274,203,150,112,157,383,388,892,160
698,431,316,253,168,221,428,688,860,160
398,331,106,81,71,94,258,379,868,160
159,136,121,86,71,102,379,21,758,160
506,303,314,231,161,228,401,755,937,160
317,202,302,226,156,225,367,481,895,160
421,296,295,208,150,219,499,392,883,160
383,286,250,210,174,214,359,361,828,160
379,260,257,180,129,197,389,378,904,160
442,272,346,253,172,249,414,638,932,160
506,281,340,251,165,241,425,687,953,160
539,396,193,151,121,156,380,385,855,161
304,176,352,267,169,235,329,793,936,161
384,248,175,124,88,135,364,391,826,161
525,300,475,363,233,331,482,729,977,161
292,189,332,258,175,237,334,569,912,161
520,287,378,263,169,258,433,743,950,161
590,391,323,244,172,239,408,616,837,161
684,441,368,271,196,263,433,452,936,161
723,389,503,377,233,332,560,621,970,161
508,334,286,194,144,228,396,543,801,161
484,323,291,238,171,210,339,704,951,162
512,373,177,137,101,140,347,379,868,162
681,462,308,252,177,228,417,625,969,162
623,391,273,225,154,200,431,593,947,162
610,361,416,325,213,283,445,762,901,162
326,208,282,204,140,205,406,595,902,162
479,325,295,216,155,224,390,380,847,162
650,408,416,282,178,283,509,512,928,162
545,350,286,233,169,214,373,594,889,162
407,218,390,307,179,250,405,753,953,162
359,263,201,161,124,159,330,376,861,162
324,218,252,203,139,181,282,579,972,162
489,358,261,196,154,215,398,382,853,162
540,354,323,228,174,252,406,508,801,163
605,387,381,282,182,255,445,779,920,163
526,386,235,164,127,188,391,383,852,163
475,287,318,231,145,207,487,460,856,163
298,217,225,186,144,180,350,372,907,163
523,311,290,218,137,198,398,672,826,163
372,277,271,176,135,214,349,496,875,163
266,222,241,182,160,216,388,6,453,163
473,253,409,293,180,269,479,792,883,163
298,160,192,188,109,120,464,1,152,164
333,237,202,153,116,155,353,382,853,164
425,308,193,175,141,157,358,390,873,164
315,185,335,255,155,222,283,765,922,164
537,305,302,210,145,220,524,434,877,164
616,339,451,306,195,308,452,760,867,164
427,270,313,220,147,224,482,403,820,164
247,195,198,156,127,162,305,412,901,164
344,220,238,180,126,173,384,480,774,164
328,217,285,196,134,208,391,485,924,164
592,342,166,127,84,117,375,765,932,164
551,335,345,230,140,234,485,561,829,164
231,170,202,137,102,157,317,374,832,165
282,239,110,79,71,101,384,36,796,165
621,431,185,145,101,138,389,388,870,165
378,249,274,214,153,201,366,515,915,165
587,412,270,201,150,206,388,468,834,165
579,376,314,214,129,211,411,609,975,165
532,351,293,252,183,226,398,489,915,165
635,406,336,236,160,237,489,749,928,165
530,354,119,93,73,96,370,388,939,165
519,302,255,193,135,190,416,780,843,165
317,215,333,250,168,239,236,600,854,165
316,221,261,180,135,202,360,370,847,165
291,223,191,132,104,155,342,384,779,165
602,395,345,223,178,282,439,416,948,165
362,250,137,108,85,112,302,392,841,165
289,164,340,260,166,234,356,716,968,166
396,281,243,181,140,194,387,406,915,166
632,434,180,133,94,136,444,395,821,166
568,409,284,211,155,218,397,369,883,166
592,429,224,182,137,173,398,369,858,166
562,377,292,214,147,214,431,380,873,166
600,384,279,219,158,209,402,639,947,166
382,290,155,122,96,122,354,375,865,166
386,256,206,148,105,160,362,376,866,166
565,348,334,241,157,236,429,559,926,166
338,254,209,167,124,160,324,440,930,166
600,436,191,145,103,145,381,378,882,166
607,421,308,226,161,226,437,380,869,166
427,338,309,237,185,257,463,392,800,166
419,286,273,192,137,203,357,365,842,166
462,295,236,178,124,173,353,389,843,166
584,398,268,205,144,195,369,579,898,166
576,371,424,339,237,317,484,645,925,166
587,366,335,253,170,240,364,533,804,167
363,263,228,167,117,164,341,432,898,167
665,441,287,214,138,201,415,378,885,167
293,214,199,154,116,153,335,378,882,167
714,417,509,331,202,337,537,610,884,167
390,305,194,150,127,164,433,400,882,167
321,243,210,157,127,174,308,360,889,167
500,277,324,264,172,222,385,658,910,167
497,330,265,197,139,196,389,384,874,167
707,453,481,351,267,376,473,762,913,167
283,166,286,234,154,199,284,615,925,167
353,291,133,88,72,113,296,372,920,167
532,345,291,209,154,223,407,618,984,168
618,452,212,160,116,165,378,373,838,168
495,368,304,219,161,236,411,456,882,168
286,204,196,155,111,149,281,374,863,168
389,298,191,155,128,162,353,387,911,168
312,209,281,192,131,205,393,522,983,168
430,299,237,177,132,185,353,382,762,168
694,432,438,296,194,309,532,518,871,168
530,390,280,198,152,223,462,517,923,168
692,397,247,182,109,159,408,460,888,168
482,339,231,191,154,188,440,378,859,168
445,302,456,302,202,331,573,376,847,168
263,172,199,139,94,143,627,0,176,169
374,237,247,192,126,174,327,360,773,169
396,311,149,116,98,128,392,273,874,169
709,451,280,226,149,200,376,596,917,169
374,263,257,195,151,208,326,475,897,169
608,384,310,241,170,223,502,394,824,169
288,232,187,142,112,154,312,384,863,169
512,334,264,209,157,203,410,398,857,169
671,445,308,237,164,218,392,706,952,169
520,364,215,155,112,160,371,379,842,170
352,240,172,124,89,131,367,380,900,170
569,355,350,259,178,253,434,717,927,170
231,203,115,91,82,101,303,102,801,170
340,244,242,189,135,180,461,377,828,170
545,347,245,174,124,186,403,387,878,170
384,343,220,166,151,200,511,117,643,170
615,406,360,266,205,279,424,557,924,170
259,200,295,224,185,241,401,393,790,170
463,345,209,159,128,169,365,407,896,170
289,203,235,160,111,171,364,398,861,170
473,243,380,260,160,249,389,771,913,170
612,355,538,422,280,370,468,1023,1011,170
527,375,412,297,209,303,443,642,804,170
338,210,183,142,93,125,378,623,934,171
378,265,266,201,147,202,349,396,749,171
389,272,230,175,133,180,372,472,849,171
416,303,357,265,196,268,371,623,928,171
526,336,413,271,186,300,463,588,871,171
321,179,305,212,137,208,477,417,847,171
193,160,255,170,125,197,436,384,842,171
460,323,259,190,143,206,392,434,870,171
687,465,216,164,122,164,414,393,843,172
604,420,340,254,198,273,412,424,930,172
212,171,249,198,151,196,257,536,928,172
632,439,235,183,135,178,398,409,883,172
398,289,244,173,137,197,377,382,846,172
465,287,256,211,147,184,361,748,937,172
586,422,275,204,172,235,432,444,856,172
475,284,280,225,151,203,394,608,948,173
266,216,138,99,85,121,323,201,803,173
504,306,288,213,144,207,410,601,949,173
620,380,262,216,140,179,363,683,960,173
411,255,280,214,142,196,396,564,923,173
513,392,149,117,89,116,329,376,844,173
386,277,206,148,123,175,449,393,899,173
366,231,258,188,125,180,327,587,948,173
496,295,407,310,197,279,458,783,936,173
486,405,120,74,67,111,365,133,587,173
269,158,298,242,144,191,233,752,928,174
699,441,344,241,160,246,425,481,755,174
536,381,232,164,131,193,399,437,890,174
591,393,410,339,228,287,402,674,836,174
272,197,220,174,124,164,284,466,875,174
476,362,100,75,60,83,334,391,744,174
616,380,432,303,193,294,452,870,917,174
637,437,197,138,98,145,383,398,886,174
498,324,243,179,124,178,375,358,804,174
526,337,257,208,145,187,367,475,906,174
650,380,289,226,147,199,390,762,904,174
591,415,276,198,150,218,375,380,846,174
663,452,270,199,137,195,392,367,865,175
290,202,346,237,156,242,381,715,964,175
536,375,199,179,138,151,448,409,904,175
387,299,274,185,145,223,363,355,866,175
408,273,207,160,113,152,365,378,850,175
641,423,289,192,132,213,396,565,959,175
628,420,270,208,148,197,407,386,838,175
565,374,313,230,164,229,407,707,938,175
527,391,208,166,133,171,367,384,888,175
532,412,203,140,112,166,359,385,885,175
454,291,294,227,151,207,379,660,861,175
535,392,244,184,148,202,391,465,727,175
636,395,393,267,174,274,408,520,928,175
571,410,238,162,116,181,380,386,847,175
435,298,294,225,162,217,450,457,813,175
582,381,387,281,180,269,420,737,873,175
582,390,304,224,158,223,438,539,903,175
378,262,190,136,104,148,362,389,823,175
392,338,181,131,117,158,423,2,219,175
420,272,267,224,143,184,365,376,861,175
552,316,353,266,172,244,415,533,925,175
287,217,111,76,58,89,287,389,907,176
686,438,266,193,145,208,457,495,913,176
670,351,336,261,151,210,475,694,961,176
678,472,229,163,124,176,400,406,860,176
532,397,244,197,152,189,393,374,867,176
605,364,261,184,118,186,392,551,931,176
471,330,259,184,140,202,404,494,903,176
542,338,415,301,205,297,446,751,895,176
417,268,277,202,143,208,416,403,907,176
488,354,247,192,146,192,378,342,832,176
574,417,168,128,95,128,351,347,796,176
566,356,273,224,158,204,366,678,942,177
486,326,312,226,165,237,415,481,909,177
635,436,325,249,175,241,483,599,931,177
382,283,254,175,132,197,482,375,874,177
293,196,289,227,158,215,337,482,889,177
438,270,256,188,122,178,476,371,872,177
230,172,249,191,140,193,315,406,875,177
348,243,259,194,151,207,293,588,960,177
646,480,162,117,93,134,375,394,843,177
431,294,188,147,96,130,456,399,867,177
489,339,190,167,123,146,389,375,887,177
449,297,370,248,158,250,423,701,939,177
625,393,374,284,186,256,408,634,938,177
331,218,289,219,157,222,243,651,910,177
432,312,211,150,114,169,351,393,853,177
475,310,345,246,172,253,394,728,960,177
272,192,219,178,135,171,287,380,884,178
183,142,201,158,122,158,287,381,892,178
482,300,323,260,178,234,475,442,907,178
674,450,282,226,160,207,433,582,950,178
521,287,284,194,123,194,477,468,826,178
388,266,290,227,167,222,487,414,818,178
372,248,263,194,142,197,371,429,781,178
444,283,237,188,145,187,489,381,862,178
571,361,327,237,140,201,387,761,903,178
309,201,296,229,147,198,340,531,919,179
670,430,386,284,199,282,438,643,952,179
645,393,362,281,187,260,419,673,959,179
529,396,272,191,142,216,464,111,695,179
433,269,291,223,155,211,401,540,897,179
407,252,348,271,184,247,417,570,758,179
636,391,311,224,146,219,400,625,920,179
434,302,230,169,119,171,389,362,840,179
633,450,285,206,153,223,405,427,893,179
492,328,395,293,205,292,391,758,942,179
298,186,280,219,152,199,492,2,571,179
636,431,303,222,179,247,494,598,914,180
242,199,195,161,137,161,324,381,843,180
719,486,264,183,131,199,418,443,898,180
219,194,112,84,78,104,330,59,724,180
461,273,223,166,120,172,442,375,879,180
392,331,164,108,90,142,314,324,795,180
207,148,179,143,109,134,294,385,860,180
437,291,265,204,151,200,380,535,935,180
493,289,415,299,192,285,413,717,920,180
344,244,193,155,125,157,332,388,884,180
552,315,166,117,70,109,402,691,922,180
490,327,267,167,123,202,388,400,879,180
556,328,325,244,164,231,458,751,931,180
388,228,359,277,175,238,316,771,770,180
506,399,227,169,133,184,339,361,799,180
310,239,195,135,108,162,332,386,903,181
326,216,300,227,163,222,339,640,948,181
528,368,315,255,194,247,390,367,839,181
421,306,157,107,84,127,408,2,206,181
460,304,261,196,135,189,383,610,957,181
398,252,248,186,121,177,336,432,871,181
484,339,189,143,110,151,365,383,812,181
236,147,245,175,100,151,513,380,855,181
568,395,207,155,120,165,387,376,855,181
659,421,302,224,144,202,368,634,906,181
242,176,256,201,145,192,367,438,759,181
340,207,261,212,153,198,360,496,898,181
286,187,243,163,109,174,455,411,882,182
726,455,360,287,185,244,429,783,962,182
727,429,265,192,117,174,405,655,967,182
512,399,196,139,107,160,370,372,887,182
572,345,254,199,128,175,391,522,909,182
714,436,352,263,182,248,511,727,950,182
589,446,180,134,103,142,353,386,752,182
353,255,254,176,133,196,457,375,832,182
628,448,235,180,135,184,397,393,805,182
607,377,354,249,177,262,411,508,858,182
495,308,238,186,127,177,378,464,908,182
399,244,227,166,118,170,377,392,885,182
571,369,274,204,157,221,484,636,961,182
608,395,288,212,150,210,411,417,874,183
472,342,270,186,143,215,357,533,950,183
632,373,356,262,185,259,471,607,978,183
680,425,387,277,191,277,472,477,897,183
651,415,479,349,233,333,433,763,883,183
516,325,352,284,188,245,403,761,964,183
449,304,269,203,144,203,395,399,859,183
405,260,267,216,157,206,376,375,799,183
324,204,247,188,128,179,400,425,872,183
351,241,228,158,116,171,354,373,864,183
591,416,255,181,134,197,400,495,923,183
714,408,457,321,202,300,448,654,952,183
502,326,216,181,133,168,376,475,885,183
422,301,234,169,112,162,411,367,852,184
518,379,223,164,123,174,322,530,774,184
629,433,291,231,177,225,398,435,925,184
407,277,175,149,116,141,362,380,914,184
581,377,199,152,101,142,375,400,843,184
424,348,161,101,80,133,339,392,863,184
719,475,351,302,187,233,426,700,972,184
332,182,366,287,167,235,329,757,902,184
312,208,172,135,97,130,350,376,809,184
410,292,297,225,154,212,369,460,931,184
586,327,127,100,63,85,315,760,938,184
275,165,350,264,166,234,224,770,938,184
405,280,163,123,93,127,342,377,881,185
566,409,297,216,163,231,406,433,762,185
438,290,246,164,114,184,379,394,871,185
315,217,232,191,142,173,341,444,893,185
426,297,296,208,153,220,297,515,753,185
463,322,159,120,93,126,343,383,830,185
510,344,322,222,162,248,377,636,947,186
535,325,254,188,132,185,398,443,928,186
644,407,370,289,198,266,419,764,869,186
683,449,245,183,126,178,422,396,852,186
377,249,268,205,155,214,369,374,839,186
350,187,188,127,83,127,501,414,833,186
382,240,311,208,143,231,386,577,838,186
460,311,307,227,159,227,388,555,931,187
453,248,380,298,196,264,447,784,893,187
456,346,235,169,134,191,355,379,866,187
335,244,274,215,144,195,233,627,920,187
536,380,236,187,135,178,362,380,912,187
442,294,254,188,140,191,384,415,875,187
415,259,245,187,139,187,458,394,865,187
435,314,247,201,147,184,383,391,833,187
615,365,268,200,117,169,369,479,896,188
630,401,391,307,227,301,385,655,920,188
292,162,319,194,117,208,386,532,866,188
593,387,259,219,152,186,304,562,934,188
336,254,209,159,125,166,338,468,886,188
525,369,194,145,103,143,374,384,893,188
472,358,243,158,122,195,356,393,864,188
287,222,206,142,114,170,319,360,841,188
350,253,230,168,117,174,350,384,861,188
409,275,251,188,130,183,352,493,905,188
335,233,179,135,108,146,438,388,885,188
489,324,281,224,156,196,520,391,876,188
306,181,309,241,166,220,215,688,932,188
487,340,224,158,130,189,442,382,852,188
385,255,245,181,135,186,299,717,920,188
534,310,319,243,156,218,398,686,1015,189
309,199,261,198,129,178,208,657,977,189
448,220,430,340,218,286,443,736,741,189
641,331,280,191,79,125,472,912,934,189
401,279,264,199,143,200,363,458,874,189
519,284,192,136,83,124,448,624,900,189
230,175,201,147,113,159,279,371,843,189
297,187,278,222,153,203,339,535,932,189
325,243,219,164,126,173,348,382,845,189
397,261,273,186,123,195,393,514,880,189
445,325,222,157,117,172,360,413,824,189
478,356,178,131,102,147,361,371,860,189
714,486,282,209,141,197,420,438,904,189
643,341,253,201,113,151,659,0,105,189
429,272,208,154,109,156,375,382,881,189
701,375,547,386,244,367,439,960,917,189
663,396,458,301,204,323,427,776,939,189
527,355,288,243,166,205,365,476,946,189
396,267,278,199,142,206,309,649,907,189
502,376,192,155,115,148,379,375,853,189
510,270,225,184,136,167,304,733,1019,189
719,465,380,290,194,268,426,744,934,190
323,202,178,164,90,98,674,0,52,190
489,342,224,183,140,176,358,383,838,191
448,226,376,293,164,227,364,747,928,191
662,425,336,244,192,272,507,645,943,191
723,453,355,285,195,260,456,530,937,191
430,301,219,155,112,165,379,377,877,191
391,283,198,152,110,147,431,371,788,191
463,307,289,210,153,220,355,650,953,191
494,334,237,191,142,182,343,519,925,191
608,374,440,346,232,304,396,678,963,191
368,201,369,253,160,242,324,672,931,191
511,375,225,180,131,171,382,372,807,191
699,397,395,294,180,258,502,761,897,191
283,174,149,132,88,103,604,0,141,192
490,366,132,102,83,110,369,380,842,192
611,395,311,226,153,222,416,463,875,192
452,302,249,173,120,186,385,417,728,192
501,367,175,132,103,140,340,395,846,192
489,292,377,265,176,271,413,767,938,192
399,304,230,175,134,185,297,506,908,192
567,464,153,117,100,134,325,391,781,192
182,137,187,152,116,144,273,364,852,192
481,342,299,238,177,221,537,357,803,192
482,335,247,222,162,189,384,427,925,192
294,213,183,133,94,131,306,366,837,192
383,254,217,159,114,160,380,535,971,192
610,387,351,267,189,257,444,715,955,192
266,217,115,87,73,98,304,171,793,192
540,408,230,180,138,179,348,355,828,192
536,401,195,133,103,156,369,383,857,192
355,284,170,120,100,143,455,7,710,193
731,470,383,254,170,279,405,608,926,193
407,293,207,163,113,150,351,367,838,193
226,155,226,201,149,171,275,435,865,193
450,268,284,223,146,195,402,527,914,193
347,238,178,129,98,141,364,386,819,193
562,389,269,193,139,203,390,391,857,193
491,332,186,127,92,139,386,397,891,193
650,457,219,171,125,168,398,388,866,193
613,367,388,299,196,263,434,759,915,193
469,305,277,206,148,205,378,367,859,194
618,370,323,222,140,221,436,487,879,194
495,346,175,131,98,134,369,383,891,194
522,322,242,182,127,177,414,309,790,194
534,369,229,160,105,165,412,384,867,194
420,305,226,184,119,153,457,375,816,194
392,279,180,130,100,143,353,380,845,194
665,354,373,284,162,222,538,536,938,194
548,361,236,194,138,177,368,571,977,194
579,402,211,141,102,159,357,415,873,194
247,196,212,164,125,167,340,376,806,194
214,153,192,154,117,153,300,373,872,195
642,458,286,214,154,213,407,415,895,195
409,284,175,125,95,139,317,370,857,195
728,445,347,270,201,259,451,699,932,195
543,364,224,174,126,169,389,514,909,195
549,353,278,195,134,202,387,575,900,195
711,439,310,265,182,221,374,590,946,195
425,298,140,109,82,110,303,389,884,196
570,353,239,180,123,172,411,382,849,196
425,287,229,163,118,174,395,386,883,196
387,229,267,198,125,187,357,571,765,196
475,313,272,203,153,213,376,515,898,196
575,371,295,224,152,216,372,550,930,196
476,311,193,142,113,153,466,397,843,196
341,259,267,207,159,207,551,3,560,196
682,453,288,215,145,204,385,430,882,197
707,422,401,314,192,266,423,726,923,197
215,144,249,185,140,193,319,414,840,197
694,392,365,294,183,235,438,638,943,197
372,303,123,100,86,106,247,380,873,197
515,367,252,162,117,190,390,401,913,197
466,310,439,295,206,329,467,765,926,197
450,263,257,191,129,179,388,393,837,197
451,283,345,272,206,270,494,774,935,197
429,300,202,175,128,156,357,366,904,197
678,385,311,225,150,217,427,747,921,197
552,318,321,231,145,216,408,644,959,197
444,272,356,268,168,246,361,680,993,197
503,333,210,168,123,162,369,438,943,197
565,388,274,207,142,197,383,502,848,197
664,401,350,252,178,256,429,624,967,197
496,358,116,83,60,88,236,749,935,197
273,222,156,124,110,141,325,387,887,198
387,303,205,142,118,173,421,381,871,198
292,252,186,128,126,181,408,2,209,198
723,391,383,295,182,255,474,762,895,198
517,354,243,192,142,188,440,381,867,198
613,412,128,107,76,95,422,768,976,198
462,344,310,208,166,257,467,431,753,198
323,215,220,160,114,168,370,377,846,198
486,302,300,212,149,222,418,618,832,198
603,357,338,231,160,247,398,743,860,198
579,372,334,218,155,247,479,529,929,198
601,429,230,176,122,175,390,395,885,198
320,216,233,189,131,166,261,609,957,198
212,158,189,133,96,140,319,276,857,198
633,433,245,182,131,186,419,516,966,199
626,433,269,209,148,201,379,390,860,199
619,370,410,313,219,285,429,661,991,199
509,354,211,158,113,158,368,379,881,199
549,399,391,288,209,303,487,62,796,199
336,201,300,218,135,206,385,606,933,199
372,259,206,156,118,163,334,370,832,199
499,279,364,275,170,246,396,762,984,199
529,382,209,149,109,161,348,401,876,199
528,394,131,107,82,105,307,382,889,199
328,249,162,143,116,134,315,369,844,199
694,453,346,245,171,256,398,697,818,199
640,362,143,101,62,96,440,743,973,199
277,203,273,208,160,213,319,575,899,200
696,425,284,220,145,203,412,637,983,200
544,291,364,295,190,246,449,749,931,200
684,434,277,213,146,198,394,369,683,200
428,278,299,216,157,230,371,498,948,200
632,376,349,280,178,236,413,657,912,200
660,417,304,222,146,213,426,541,898,200
365,233,223,172,131,173,461,384,862,200
403,295,175,137,105,137,342,377,759,200
681,486,299,213,162,234,425,483,907,200
389,288,169,137,110,136,335,374,862,200
712,480,181,142,96,133,406,392,887,201
637,371,396,315,219,278,412,752,908,201
430,330,214,153,110,160,330,364,873,201
333,214,210,160,117,161,453,369,873,201
540,380,251,188,137,191,376,390,861,201
597,458,247,193,160,209,420,393,904,201
661,431,306,203,146,235,428,514,756,201
480,290,286,217,147,208,360,659,963,201
213,143,202,171,116,143,330,379,886,201
451,307,244,180,138,189,379,491,747,201
426,317,223,178,147,186,364,388,860,201
377,265,259,188,139,200,341,525,807,201
577,378,346,287,215,259,381,366,842,201
642,400,441,326,203,293,396,745,923,201
592,359,381,290,206,282,408,689,734,202
470,317,274,199,138,197,343,565,876,202
224,155,189,138,102,145,265,368,844,202
618,411,255,193,134,184,423,409,906,202
638,433,356,272,195,263,416,670,973,202
519,399,167,157,128,139,357,374,924,203
482,311,373,286,213,289,497,789,882,203
535,326,329,267,191,244,472,465,863,203
641,460,236,182,138,187,404,412,873,203
475,309,348,260,214,286,457,752,981,203
463,309,372,267,208,293,477,636,938,203
355,253,202,147,119,168,362,384,852,203
453,330,212,153,108,158,349,370,884,203
458,338,258,183,136,202,360,454,891,203
471,284,370,284,195,269,420,748,932,203
419,289,237,171,124,178,366,360,852,203
524,316,264,209,133,183,392,562,898,203
575,359,323,241,163,230,428,770,963,203
341,209,383,291,187,262,469,556,934,203
482,352,216,164,127,173,346,369,868,203
548,363,321,221,150,227,392,601,951,203
634,446,310,265,196,231,355,619,920,203
313,234,181,146,112,144,334,373,825,203
615,425,267,192,139,206,390,559,897,203
256,198,156,125,98,127,281,374,835,203
676,472,297,219,157,223,410,423,749,204
454,349,202,143,119,170,399,303,855,204
480,373,192,143,115,159,348,364,851,204
208,164,162,115,94,133,424,66,813,204
377,268,422,285,203,319,391,510,901,204
642,441,264,191,139,202,413,509,929,204
513,355,270,197,149,213,406,396,857,204
728,408,396,301,188,264,423,652,930,204
314,171,269,219,142,189,412,479,924,204
477,373,205,156,123,162,354,397,880,205
494,339,294,208,153,224,401,567,916,205
454,330,105,77,58,84,331,400,840,205
454,320,251,182,133,191,387,492,771,205
378,233,259,194,125,182,323,651,942,205
515,335,275,206,152,212,410,389,867,205
527,338,434,306,197,297,419,706,967,205
610,348,329,243,162,233,404,673,946,205
664,454,279,186,133,211,457,463,928,205
469,321,253,188,139,188,384,446,912,205
570,340,443,296,190,306,447,763,925,205
433,295,183,144,101,136,365,388,906,206
417,322,182,144,116,152,339,379,824,206
434,288,224,164,116,166,399,381,796,206
362,215,305,232,157,218,324,718,979,206
699,417,316,253,168,221,404,592,861,206
536,400,264,223,167,202,401,401,896,206
419,283,218,157,116,169,349,506,938,206
305,256,142,113,101,124,281,369,862,206
551,387,251,172,119,186,373,389,835,206
597,419,300,225,146,207,403,577,966,206
342,200,361,281,185,249,294,694,928,207
446,326,165,127,103,134,452,247,799,207
522,369,214,172,126,161,370,377,741,207
445,281,346,261,178,251,432,655,900,207
437,290,307,220,164,238,410,443,848,207
576,347,333,265,169,220,434,483,867,207
549,345,252,195,143,193,391,638,921,207
356,268,217,187,148,176,360,410,867,207
538,386,115,90,68,90,316,400,922,207
612,407,270,195,135,199,402,502,937,207
692,444,281,246,168,200,391,537,928,207
465,278,261,194,131,184,407,582,983,208
242,164,208,153,109,157,271,429,833,208
549,312,349,277,169,222,410,737,945,208
309,234,209,157,128,171,307,350,859,208
212,195,127,90,89,123,325,1,241,208
575,402,192,141,102,147,352,374,849,208
703,413,396,297,199,274,437,772,958,208
489,275,305,234,152,207,416,735,952,208
421,264,282,191,133,205,374,563,940,208
334,263,314,224,186,263,425,404,819,208
585,417,157,114,87,121,322,388,886,208
561,378,271,185,135,202,447,377,836,208
609,334,419,307,183,273,431,746,918,208
324,200,247,173,102,154,430,397,831,208
361,245,197,155,112,147,357,383,901,209
339,234,260,189,142,204,408,469,742,209
280,211,165,127,95,130,302,376,855,209
502,401,137,106,90,118,351,382,842,209
407,286,201,153,113,153,348,381,880,209
380,270,120,94,72,96,326,382,852,209
614,356,497,370,217,310,459,754,891,209
476,266,331,251,164,228,391,711,970,209
591,403,317,226,153,226,376,889,865,209
562,356,348,233,162,255,508,610,931,209
405,275,231,174,129,177,370,522,906,209
458,325,393,279,200,299,384,695,921,209
553,406,175,129,97,137,354,384,922,209
543,392,187,146,106,142,389,375,862,209
589,415,248,199,146,191,388,382,795,210
362,250,232,172,128,179,375,522,958,210
458,356,141,102,76,111,317,384,867,210
608,449,143,108,78,112,417,274,884,210
672,460,412,285,207,310,434,652,941,210
657,415,330,224,138,212,383,723,842,210
437,277,353,243,166,254,385,675,939,210
487,346,346,252,195,273,431,479,869,210
596,350,481,367,257,353,460,956,907,210
474,309,253,200,142,189,362,435,844,210
422,302,164,127,97,129,358,379,888,210
585,463,143,103,87,121,328,414,856,210
563,436,175,133,108,145,376,388,842,210
441,280,268,221,150,194,368,547,913,211
428,298,458,343,246,341,556,13,757,211
353,261,218,168,129,166,275,502,888,211
224,201,142,114,107,131,495,3,524,211
564,302,396,277,168,259,444,710,967,211
408,304,138,103,80,112,307,375,861,211
465,291,274,179,122,199,386,428,889,211
314,227,187,153,111,142,354,246,885,211
367,263,271,209,168,217,389,416,863,211
307,233,198,134,102,158,345,379,885,212
319,185,112,87,64,87,172,757,979,212
482,331,315,216,149,231,367,439,872,212
343,205,348,238,146,234,346,543,892,212
467,300,288,205,149,220,471,533,945,212
664,460,297,202,143,218,405,352,905,212
391,312,202,153,135,177,377,368,845,212
562,444,139,130,109,118,322,378,916,212
578,424,254,185,145,205,377,443,871,213
490,298,299,232,147,204,417,623,957,213
606,448,242,165,124,188,384,385,867,213
629,438,328,247,172,233,342,693,964,213
420,289,160,134,98,125,326,380,881,213
426,304,240,172,130,187,352,388,826,213
320,259,185,127,104,156,323,377,863,213
686,470,342,224,153,246,388,601,973,213
475,360,290,242,187,227,371,561,907,213
719,485,278,228,161,206,410,565,852,213
403,310,192,153,117,154,363,364,847,214
273,197,221,167,124,168,289,366,875,214
525,339,379,283,199,273,372,740,914,214
467,327,186,157,121,144,354,371,861,214
325,256,193,144,123,166,363,381,819,214
560,298,271,204,132,190,432,648,916,214
488,350,259,195,150,203,393,383,912,214
320,245,247,184,139,191,180,561,876,214
376,259,248,193,145,190,373,405,816,214
627,385,438,304,208,316,454,775,889,214
592,445,270,220,174,220,353,374,814,215
422,265,263,191,130,191,389,461,812,215
576,292,491,363,206,303,467,680,919,215
611,418,297,218,159,223,384,538,944,215
474,381,120,99,83,100,301,222,840,215
458,290,224,171,121,169,395,409,895,215
469,329,261,195,146,205,403,395,864,215
455,325,286,211,150,214,503,415,913,215
246,166,204,180,136,158,327,470,894,215
695,419,305,223,142,205,415,416,785,215
666,442,329,226,154,238,423,533,930,216
638,388,396,322,212,264,405,677,905,216
448,340,204,161,124,159,350,386,877,216
568,334,313,239,160,221,361,653,928,216
490,357,221,165,127,176,357,380,846,216
634,397,392,288,196,285,446,730,943,216
477,259,365,241,135,226,435,712,912,216
425,309,190,145,111,149,363,382,886,216
409,314,202,142,118,168,383,387,882,216
563,381,294,211,158,229,407,569,932,216
529,287,370,281,173,252,398,685,962,216
419,313,191,143,107,151,345,362,831,216
654,437,308,223,160,223,402,531,828,216
452,316,221,175,126,164,374,360,867,217
209,145,210,158,109,150,138,766,895,217
661,493,198,131,90,142,403,347,734,217
534,329,264,207,138,188,420,379,859,217
587,462,209,143,119,176,344,396,877,217
538,429,157,118,98,132,344,392,838,217
364,258,116,97,76,93,283,389,889,217
655,452,270,196,149,214,413,555,938,217
319,226,200,156,122,157,341,374,782,217
402,283,190,147,105,144,373,380,867,217
581,412,222,150,117,180,425,404,893,217
372,251,195,154,111,149,371,500,931,217
472,362,150,122,91,119,320,385,897,217
428,249,335,242,144,218,328,755,926,217
298,205,195,141,104,152,311,365,799,217
292,176,293,234,158,205,339,774,955,217
510,379,155,115,88,123,347,279,910,217
278,211,150,119,95,119,268,382,875,217
518,362,203,155,108,151,353,364,796,217
283,192,199,153,110,144,387,318,810,218
581,336,329,276,176,226,416,692,947,218
453,355,191,147,117,157,365,348,923,218
324,256,188,145,113,152,292,378,864,218
381,239,328,270,181,236,321,678,1006,218
627,432,214,156,114,156,342,370,905,218
501,317,302,233,167,222,369,616,907,218
619,458,184,120,91,145,344,381,863,218
322,230,183,149,116,148,348,386,855,218
413,283,216,159,119,172,357,386,824,218
628,365,403,294,188,273,426,764,905,218
448,328,211,155,118,165,365,375,835,218
505,281,367,282,176,239,434,560,955,218
532,368,223,170,122,167,385,398,886,218
300,206,265,190,138,199,271,595,919,219
590,429,180,143,104,137,381,380,863,219
423,281,215,159,107,156,372,385,899,219
618,389,279,221,157,210,502,493,856,219
322,254,183,140,109,144,301,358,823,220
246,159,270,207,147,197,313,590,899,220
480,264,305,236,151,205,404,601,973,220
475,250,298,230,143,200,403,704,962,220
336,208,348,241,165,249,400,732,852,220
617,457,197,150,120,159,375,350,872,220
387,272,178,127,100,143,360,382,881,220
454,340,203,150,116,160,348,361,807,221
642,367,480,347,190,303,446,751,912,221
477,309,354,257,184,259,404,507,938,221
374,269,189,142,109,151,368,383,904,221
476,345,267,192,151,216,435,380,889,221
483,380,119,86,74,103,348,382,839,221
686,405,356,260,166,242,436,633,949,221
492,341,206,154,117,162,366,381,732,221
431,255,307,232,153,214,393,475,892,221
268,221,294,200,174,259,494,384,761,221
624,383,281,215,142,197,379,641,994,221
631,420,250,177,118,180,426,435,843,221
702,402,320,237,141,207,436,616,988,221
529,289,377,282,170,253,363,704,907,222
221,174,188,135,103,147,392,369,880,222
552,421,205,171,142,172,378,389,836,222
291,200,283,193,136,207,389,402,928,222
549,384,319,201,144,233,432,357,893,222
465,366,223,177,151,191,351,376,737,222
323,208,238,179,117,171,394,397,832,222
490,228,312,231,127,179,303,927,931,222
514,363,194,155,115,149,341,522,925,222
499,347,276,198,141,204,389,473,962,222
295,190,186,145,108,142,370,397,894,222
518,368,264,186,135,202,351,584,915,222
316,215,308,236,160,219,342,431,837,222
397,291,198,152,122,166,316,370,934,223
341,194,363,274,168,241,336,780,949,223
673,467,228,185,137,172,333,578,970,223
415,294,168,144,115,137,322,385,854,223
372,344,268,181,171,251,402,2,204,223
434,271,343,279,176,235,294,613,931,223
491,367,246,184,142,196,357,363,829,224
393,307,252,179,146,208,320,356,782,224
345,254,109,85,63,84,316,409,917,224
640,359,370,290,186,253,425,753,940,224
521,400,160,108,87,133,342,377,850,224
325,241,206,149,115,161,379,379,900,224
338,216,305,215,140,209,379,717,926,224
718,426,358,269,183,260,447,795,947,224
335,306,119,88,81,109,341,1,203,224
501,338,125,103,72,90,233,782,1023,224
428,313,252,184,143,203,375,386,836,224
320,212,233,173,129,178,379,388,850,224
600,409,177,143,101,129,354,509,928,224
251,169,219,176,119,157,353,372,832,225
348,205,321,230,151,230,388,540,862,225
607,450,160,125,97,125,368,369,839,225
579,423,207,155,124,170,366,472,918,225
448,300,215,161,111,157,386,411,856,225
433,281,296,207,144,214,392,477,884,225
600,384,282,197,134,202,387,576,864,225
435,282,276,193,128,198,361,468,912,225
707,438,249,214,152,181,408,405,901,225
492,350,218,171,133,177,393,395,884,226
425,250,356,255,163,251,405,627,812,226
365,250,303,226,165,228,345,624,948,226
702,459,261,188,130,195,401,394,833,226
336,217,262,180,127,197,316,568,901,226
442,347,104,92,73,85,298,369,869,226
524,343,241,184,136,190,336,573,980,227
424,271,311,234,156,220,391,402,878,227
365,284,118,95,75,97,259,394,929,227
485,358,229,176,137,186,347,381,886,227
681,461,348,237,175,266,395,745,901,227
568,323,298,242,158,200,518,595,991,227
344,230,304,208,141,219,354,557,949,228
432,322,197,136,106,157,368,395,870,228
345,234,203,161,127,160,448,388,862,228
598,375,253,186,130,188,367,767,908,228
624,410,254,210,155,192,406,416,877,228
343,230,288,214,151,215,464,511,902,229
528,403,355,227,168,273,465,454,753,229
436,295,260,193,160,218,474,492,920,229
283,180,265,163,108,189,450,6,753,229
582,407,243,193,143,189,415,395,748,229
681,384,495,329,203,327,447,755,877,229
565,407,198,148,118,160,392,383,831,229
615,418,250,177,133,198,377,382,874,229
484,281,313,239,158,215,379,686,955,229
475,376,227,185,141,181,348,384,857,229
363,297,105,79,64,88,339,394,895,229
516,250,432,318,209,287,430,884,853,229
312,223,178,148,123,149,357,385,840,229
593,365,246,187,119,166,399,433,883,229
489,312,264,181,128,196,414,617,918,229
722,463,269,213,142,196,391,784,921,230
317,237,197,152,122,160,365,385,855,230
607,453,195,157,118,149,360,368,870,230
341,255,145,113,86,113,296,390,911,230
311,206,200,141,109,159,422,402,897,230
639,400,306,221,148,223,418,489,913,230
433,247,365,257,151,234,411,707,936,230
546,377,244,189,143,190,378,521,945,230
552,313,369,282,182,253,439,720,963,230
513,375,217,152,112,168,397,316,838,230
465,342,146,120,92,115,325,359,848,230
591,364,406,305,197,279,429,764,911,231
452,276,137,108,76,99,339,785,880,231
256,177,303,209,145,222,260,602,940,231
657,459,203,147,113,161,401,408,896,231
567,431,173,141,111,141,383,404,899,231
395,312,151,119,96,124,297,391,882,232
386,238,302,199,126,200,386,383,907,232
456,293,277,206,140,196,352,522,983,232
428,268,272,219,154,199,375,575,920,232
588,399,225,188,140,173,390,384,872,232
592,405,375,301,226,295,517,614,945,232
484,345,299,223,160,223,483,470,889,232
357,224,228,165,118,170,402,442,904,232
392,223,369,275,171,253,400,736,948,232
625,443,240,173,129,187,396,394,770,232
483,353,226,161,127,184,381,368,896,232
458,250,367,262,164,252,427,634,985,232
340,266,126,89,70,100,285,366,918,232
664,374,343,252,155,229,434,702,940,232
701,447,249,189,123,173,396,553,947,232
579,387,291,239,164,208,290,736,896,232
376,278,196,156,122,161,343,361,849,233
420,272,224,159,112,168,363,438,933,233
645,412,313,249,175,229,486,417,840,233
706,432,332,271,187,234,432,433,862,233
541,409,170,124,103,142,344,378,794,233
401,309,171,126,102,140,347,441,921,233
351,258,159,121,97,128,357,276,845,233
528,334,316,224,147,220,392,549,972,233
376,242,253,185,126,179,408,375,851,233
598,421,461,315,219,341,436,829,868,233
706,441,412,253,159,287,438,512,931,233
572,375,237,161,109,175,391,389,858,233
326,225,300,218,162,231,405,647,938,233
457,346,188,128,100,152,390,376,862,233
401,317,170,122,101,145,293,366,856,233
618,341,319,235,153,215,410,732,886,233
636,453,321,229,156,235,380,535,901,233
395,300,228,164,127,184,390,427,888,233
389,244,269,199,135,190,254,595,748,233
669,482,210,141,108,168,371,388,840,233
274,183,326,252,158,221,257,580,835,233
282,203,135,106,80,108,289,374,911,233
501,364,319,249,188,243,416,614,935,233
264,202,146,117,85,110,325,1,241,234
441,312,241,172,123,181,375,423,887,234
572,314,375,267,173,252,445,774,921,234
441,321,383,316,266,326,460,784,913,234
707,409,323,242,161,225,474,675,946,234
549,317,415,285,163,252,505,620,916,234
592,342,262,186,132,195,506,388,806,234
556,360,230,183,125,162,403,500,924,234
205,136,202,145,107,152,314,387,888,235
402,298,130,106,85,104,339,372,901,235
643,424,221,165,116,163,403,398,887,235
478,333,257,173,126,190,375,393,842,235
479,340,407,293,212,301,434,607,967,235
357,303,116,86,76,103,320,120,779,235
590,410,278,192,146,217,396,442,720,235
584,386,236,184,128,175,392,395,879,235
468,286,330,244,166,234,425,591,900,235
521,309,302,219,147,214,395,648,948,235
548,324,148,113,78,109,229,776,997,236
361,229,284,219,154,205,393,474,894,236
477,311,266,204,150,205,391,455,916,236
471,335,326,223,176,265,474,620,961,236
684,370,495,366,219,319,457,781,944,236
586,401,204,164,125,157,374,379,886,236
532,382,226,163,128,183,363,381,802,236
281,191,290,221,159,217,329,529,947,236
554,305,529,331,200,345,457,546,921,236
499,344,227,179,137,181,402,382,858,236
459,264,266,198,121,176,365,654,931,236
486,351,203,175,137,163,365,390,903,236
463,290,305,231,165,228,437,503,924,236
340,219,199,152,108,149,376,379,905,236
444,281,244,189,142,192,388,428,902,237
632,438,409,278,198,301,422,526,831,237
376,294,182,138,103,146,330,373,898,237
318,212,223,151,108,174,360,376,878,237
560,376,287,226,150,200,464,594,954,237
321,226,169,126,95,131,357,383,864,238
680,476,259,196,150,201,397,564,924,238
471,344,179,137,106,144,343,393,843,238
631,430,304,231,164,227,395,648,893,238
564,387,226,162,121,179,391,384,870,238
441,268,259,201,139,189,380,618,957,238
275,181,230,157,114,170,376,456,883,238
643,435,286,209,152,216,412,497,939,238
232,149,261,193,135,191,279,458,907,238
408,312,153,118,98,128,343,395,842,238
509,354,241,177,128,182,407,391,785,238
408,326,200,145,115,167,329,371,827,239
400,259,300,225,150,208,335,566,969,239
317,192,365,265,160,234,318,762,948,239
593,418,271,193,139,198,417,405,840,239
413,275,284,209,150,210,366,511,903,239
546,386,319,234,168,237,393,372,868,239
307,185,294,215,143,211,200,695,949,240
582,386,246,181,131,183,399,499,882,240
360,251,174,135,100,133,316,390,887,240
547,344,233,166,113,167,485,400,811,240
486,296,414,304,204,291,394,806,964,240
625,436,262,184,132,196,346,545,921,241
407,310,197,157,123,161,371,375,854,241
408,228,231,173,114,161,407,532,876,241
656,419,294,232,146,194,415,699,974,241
683,453,281,217,159,212,425,645,886,241
721,475,319,226,151,226,416,433,894,241
513,283,352,266,174,240,411,711,989,241
407,287,315,203,136,228,500,460,896,241
387,293,178,118,91,143,330,363,708,241
587,315,393,275,171,263,442,791,959,241
286,201,218,151,108,167,379,388,860,242
476,317,259,184,130,192,395,563,918,242
397,296,201,156,127,167,388,378,891,242
459,284,347,245,155,239,406,712,902,242
361,227,202,143,98,145,378,445,902,242
475,263,340,241,155,229,404,711,909,242
504,326,207,157,109,151,409,395,894,242
343,256,404,285,204,295,434,711,927,242
433,264,383,292,188,261,404,703,918,242
525,318,250,193,126,176,402,647,948,242
494,309,292,225,156,209,388,646,990,242
258,158,293,223,136,195,142,748,891,243
436,306,230,175,136,184,388,371,897,243
635,420,253,180,131,193,466,381,851,243
659,446,266,208,150,200,373,664,949,243
247,174,213,147,108,166,335,380,883,243
613,360,257,223,143,175,462,414,860,243
576,416,307,230,174,233,377,397,829,243
458,285,249,228,132,162,448,2,205,243
682,460,249,177,128,188,430,399,859,243
473,365,210,167,132,168,362,340,905,243
419,319,210,158,127,170,352,371,811,244
259,226,146,115,103,131,355,4,219,244
526,386,251,183,143,202,397,402,823,244
537,334,389,299,212,281,375,767,890,244
723,444,377,259,164,260,428,522,898,244
423,268,388,292,204,283,485,579,923,244
393,279,305,226,170,236,395,365,891,244
625,421,386,270,188,284,425,503,873,244
437,346,108,91,73,88,298,353,938,245
520,364,219,146,106,169,395,386,858,245
669,475,116,91,67,89,362,703,643,245
597,430,228,183,140,180,401,388,850,245
326,185,121,79,53,85,395,592,966,245
611,395,324,215,146,232,419,616,1012,245
407,318,258,215,197,227,332,1,224,245
644,461,246,179,137,194,404,437,898,245
499,302,378,257,154,249,436,704,892,246
563,431,246,161,120,196,391,391,830,246
335,219,240,178,129,184,395,394,849,246
406,314,252,206,158,200,383,383,875,246
445,324,123,99,68,87,325,303,915,246
366,300,160,110,89,133,329,266,797,246
207,157,161,120,90,129,286,374,887,246
585,426,269,203,156,211,462,397,865,246
392,333,219,146,128,195,368,418,897,246
441,319,163,121,91,131,342,375,798,246
347,289,101,72,64,89,369,133,666,247
177,175,88,58,59,86,350,2,244,247
392,294,165,126,102,135,342,375,886,247
628,418,314,232,162,224,485,406,871,247
520,318,409,277,165,263,442,760,927,247
587,312,380,271,184,270,446,774,900,248
383,284,182,130,100,143,359,376,809,248
665,493,178,136,108,141,383,394,885,248
367,248,283,204,153,220,370,372,818,248
618,391,326,219,141,224,388,436,905,248
584,302,323,222,141,219,542,496,862,248
531,317,336,260,172,240,402,691,949,248
617,409,294,211,147,219,408,406,861,248
652,418,342,272,184,244,416,750,855,249
501,330,225,152,103,164,382,418,858,249
623,456,337,276,243,299,447,396,820,249
484,322,240,184,132,177,386,545,931,249
314,255,118,100,91,107,256,258,909,249
423,249,415,319,198,278,455,744,945,249
573,394,267,200,137,191,393,377,853,249
592,422,291,227,166,218,342,704,833,249
483,314,242,185,135,188,393,471,731,249
338,257,195,127,96,154,331,367,830,249
463,324,237,153,106,175,374,371,907,249
411,283,290,221,158,216,400,506,939,250
347,238,185,143,109,145,336,419,866,250
631,468,374,240,191,308,470,475,918,250
385,262,205,155,103,143,439,391,869,250
457,325,190,153,120,154,371,389,835,250
546,314,329,219,103,185,430,783,934,250
320,250,153,124,105,131,317,372,861,250
599,363,351,299,196,244,401,577,616,250
466,341,231,180,133,184,386,382,843,250
400,237,322,229,145,221,380,633,954,251
378,260,197,144,109,155,363,388,864,251
202,166,125,95,74,101,228,368,892,251
441,267,297,220,141,202,405,526,907,252
708,473,282,199,148,216,402,611,906,252
171,144,141,102,84,119,261,381,917,252
320,199,364,276,170,239,401,698,817,252
302,165,273,217,139,187,476,377,810,252
689,485,272,200,152,212,389,588,957,252
466,248,369,271,162,240,495,721,857,252
546,334,296,239,155,209,391,453,979,252
547,396,313,210,160,251,377,387,705,252
570,413,179,139,102,132,374,383,867,252
678,434,274,201,123,186,400,410,899,252
305,246,149,115,91,120,271,365,828,252
425,289,221,179,130,166,372,402,937,252
389,300,260,164,127,207,432,373,783,252
463,342,205,168,125,157,378,360,873,252
555,391,265,205,144,195,407,574,953,252
302,230,175,131,101,138,308,335,895,252
646,455,290,213,151,212,402,482,858,253
561,407,348,257,177,252,470,531,935,253
341,254,188,146,119,156,356,414,862,253
432,241,450,331,202,294,436,742,922,253
490,249,260,193,135,189,494,439,873,253
625,444,203,160,122,160,409,399,867,253
567,350,371,287,202,265,402,765,968,253
463,275,278,210,136,192,359,585,862,253
583,310,371,299,171,231,454,691,908,253
624,410,304,236,168,224,403,548,925,253
429,269,314,242,165,219,409,520,948,253
479,294,239,182,119,165,399,469,796,253
460,329,274,215,170,219,401,377,887,254
379,209,335,254,163,229,372,766,891,254
584,395,279,219,157,204,372,592,955,254
440,339,226,199,155,177,366,411,887,254
642,359,397,295,195,279,427,519,891,254
434,358,333,219,202,306,416,163,766,254
708,463,265,187,125,191,415,431,828,255
525,374,237,163,123,185,390,374,858,255
406,320,154,113,93,130,332,395,858,255
466,305,251,183,123,180,382,507,911,255
505,292,457,320,192,300,526,771,979,255
280,204,198,150,113,157,293,372,889,255
287,216,218,164,122,168,305,455,898,255
403,268,200,146,108,152,388,382,858,255
520,368,212,148,113,167,381,428,854,255
555,307,279,201,113,163,553,389,817,255
352,241,321,224,159,246,384,551,985,255
366,228,225,182,123,160,344,429,892,255
519,254,407,309,182,261,431,755,816,256
709,472,298,233,167,222,425,476,924,256
454,321,204,162,120,155,377,402,909,256
659,458,207,167,119,153,407,381,870,256
532,361,313,212,142,225,382,458,880,256
645,463,206,169,133,164,395,389,901,256
546,325,266,211,143,187,404,473,877,256
429,304,198,155,121,157,376,443,921,256
599,422,304,200,148,235,424,417,900,256
238,175,235,172,132,180,300,427,880,257
413,307,221,161,123,171,366,455,919,257
391,194,94,58,51,98,575,99,822,257
656,457,244,204,161,191,467,372,854,257
504,369,152,111,82,118,323,385,804,257
628,402,227,180,132,171,503,382,827,257
329,286,136,97,85,119,294,364,867,257
305,220,230,173,117,167,333,465,907,257
722,440,269,227,147,188,413,588,925,257
249,169,207,165,122,156,303,366,865,257
588,431,232,183,135,179,373,369,813,257
399,272,267,187,134,200,383,539,914,258
622,452,214,143,107,164,378,388,857,258
328,204,283,195,141,218,433,647,961,258
562,391,217,167,124,170,390,414,901,258
574,426,214,174,134,170,398,383,848,258
462,291,267,203,123,175,629,1,184,258
601,411,300,193,134,226,400,384,866,258
483,300,268,206,142,196,379,619,944,258
385,310,126,103,88,109,304,393,920,259
646,346,382,296,197,259,514,694,881,259
304,200,317,231,150,221,390,691,955,259
349,251,250,189,135,184,361,366,864,259
689,487,320,250,189,247,387,502,936,259
374,219,331,263,170,227,320,749,932,259
602,345,355,262,169,247,425,611,925,259
213,169,188,137,111,155,273,374,806,260
423,313,199,137,101,158,340,380,877,260
439,250,212,160,127,171,488,412,901,260
467,383,298,212,186,264,492,112,630,260
601,402,232,157,114,182,385,519,917,260
462,317,217,160,120,168,363,449,886,260
547,307,338,241,153,229,452,743,861,260
468,313,271,206,146,207,350,530,910,260
544,381,231,166,120,173,383,381,820,260
645,435,324,216,163,257,391,470,872,260
614,348,341,284,183,233,453,778,950,261
379,263,222,173,133,172,373,363,825,261
315,252,225,164,136,190,330,378,798,261
641,468,163,122,94,130,341,397,819,261
623,428,266,183,127,193,384,395,855,261
258,202,173,110,84,138,307,377,871,261
452,283,327,236,157,229,392,705,1004,261
428,291,235,151,104,169,439,446,799,261
340,210,267,180,118,185,346,552,963,261
530,388,306,220,171,240,399,575,935,262
415,245,357,254,162,245,419,545,919,262
565,399,256,211,158,199,395,552,889,262
714,382,264,184,103,165,499,1023,959,262
348,227,247,174,123,180,372,451,903,262
469,266,299,219,154,218,457,482,902,262
330,275,305,240,210,264,422,3,217,262
470,372,256,172,144,219,380,400,778,262
312,238,122,84,67,100,318,389,938,262
632,393,265,211,140,187,415,557,974,262
517,334,249,196,147,188,463,383,835,262
687,464,266,193,132,191,412,397,892,263
219,191,138,106,96,123,317,147,820,263
656,440,255,192,143,196,406,501,948,263
239,193,151,104,88,127,287,267,782,263
309,214,196,128,93,151,377,367,843,263
338,252,155,117,93,124,317,373,886,263
732,403,523,379,236,354,468,1023,905,263
595,355,463,347,217,313,512,681,1019,264
670,447,319,252,176,237,483,539,954,264
651,433,205,170,102,133,401,829,994,264
257,205,153,121,100,128,295,388,831,264
375,247,236,179,134,182,385,461,905,264
181,147,218,167,137,183,259,368,868,264
357,271,192,142,115,159,375,384,859,264
385,227,310,212,135,212,482,452,905,264
601,400,291,206,143,215,396,537,989,264
499,338,210,168,123,162,371,389,870,264
658,484,215,166,121,161,401,387,854,265
556,425,190,149,121,155,380,372,759,265
366,256,266,173,123,200,364,423,922,265
348,271,214,174,136,173,378,373,878,265
351,245,181,139,99,136,354,366,855,265
582,385,219,163,117,164,433,393,825,265
377,199,385,281,173,252,422,728,858,265
322,254,198,152,122,163,313,378,834,265
525,303,320,246,165,230,402,689,958,265
417,283,141,105,80,110,401,397,866,265
416,252,226,157,105,162,401,367,787,266
671,418,321,230,155,229,443,784,910,266
325,217,160,116,84,124,363,382,882,266
347,211,338,226,138,228,392,669,971,266
611,387,231,178,126,172,433,576,937,266
427,262,254,196,128,176,373,667,907,266
556,335,168,135,81,106,179,739,1016,266
373,253,212,153,111,163,362,381,866,266
498,362,217,160,124,175,345,376,856,267
478,326,293,211,166,234,366,585,982,267
579,354,349,254,163,236,406,615,929,267
554,382,118,79,52,83,371,389,893,267
643,449,312,229,162,231,390,479,916,267
561,297,380,278,161,241,467,786,888,267
441,364,157,103,93,143,335,320,906,267
567,328,269,197,128,187,412,639,959,268
627,447,257,188,137,196,357,670,826,268
632,385,312,236,160,223,411,701,962,268
523,340,313,246,162,219,400,505,953,268
454,314,217,167,118,162,382,410,881,268
623,431,194,156,113,147,407,387,878,268
257,205,218,156,132,190,411,11,769,268
194,142,210,170,130,164,247,435,772,268
551,375,284,215,139,200,394,602,929,268
422,287,337,244,154,229,307,705,804,268
554,416,149,125,92,113,279,755,974,268
670,448,219,170,129,170,413,557,939,268
336,253,178,141,108,141,339,362,870,268
312,191,279,208,138,202,276,577,934,268
604,412,238,209,146,181,429,401,738,268
528,368,233,152,102,169,389,408,888,268
483,360,255,167,126,207,362,405,892,269
473,315,229,178,125,167,391,392,917,269
434,282,257,192,133,190,354,571,940,269
282,248,104,62,56,95,347,57,760,269
590,439,242,162,121,184,366,388,858,269
407,295,219,178,136,173,372,373,854,269
454,302,239,184,132,175,392,407,878,269
533,390,214,150,115,175,356,387,831,269
540,361,271,190,137,203,361,589,895,269
449,361,205,150,121,166,444,392,829,269
583,437,164,130,104,131,355,390,870,269
460,313,208,150,110,161,368,392,793,269
250,183,312,210,157,243,377,493,920,270
461,290,325,261,178,224,359,770,931,270
578,440,125,108,84,101,351,380,914,270
460,337,198,157,118,151,377,381,885,270
552,302,320,230,143,209,503,629,969,270
723,471,251,193,137,188,387,488,919,270
563,371,278,204,138,201,393,616,955,270
201,139,236,194,135,171,296,498,887,270
270,170,260,190,139,194,338,382,760,270
526,389,219,167,131,176,354,388,880,270
345,235,403,281,172,267,413,731,955,270
515,414,179,120,94,146,357,386,894,270
327,219,398,289,188,275,389,745,880,271
553,414,192,157,125,153,366,381,871,271
453,232,405,315,188,255,454,735,857,271
652,369,381,262,134,205,434,749,867,271
373,262,198,147,108,155,344,386,795,271
477,311,280,188,127,199,377,402,853,271
457,280,375,271,180,266,489,736,867,271
648,421,296,208,150,227,348,631,923,271
679,421,333,259,160,223,442,547,922,271
648,464,273,201,156,218,379,379,857,271
570,400,315,243,177,237,375,742,950,271
466,345,146,125,95,116,357,394,919,271
467,314,270,217,144,189,396,469,934,271
604,378,371,260,187,276,505,767,958,272
625,423,225,182,144,175,421,380,869,272
576,356,244,181,127,180,470,506,902,272
529,339,262,192,138,203,392,373,828,272
447,300,193,152,114,148,372,375,838,272
222,162,171,143,108,134,286,382,882,272
366,267,182,136,108,148,315,365,787,273
350,248,216,154,116,171,362,369,839,273
355,300,165,122,107,145,326,205,868,274
512,318,398,276,163,247,507,359,657,274
270,206,172,140,111,139,268,337,803,274
450,305,192,141,108,150,369,372,782,274
454,312,250,189,128,178,403,2,209,274
426,253,346,257,168,242,374,620,959,274
491,329,262,194,141,196,344,575,934,275
273,194,156,124,96,123,375,301,893,275
555,411,214,162,123,170,351,378,878,275
422,286,265,190,141,202,400,398,893,275
606,429,284,208,143,202,384,558,953,275
497,403,164,119,102,140,365,376,878,275
310,236,207,157,115,159,355,389,882,276
612,396,268,207,144,193,362,749,861,276
635,438,255,212,158,194,374,459,954,276
561,386,262,196,140,198,411,378,865,276
343,266,196,148,114,152,282,388,899,276
543,342,202,161,106,148,385,370,846,276
505,338,202,148,111,157,449,419,890,277
450,345,192,142,117,162,358,393,841,277
344,216,382,273,171,255,404,720,789,277
557,335,418,330,206,285,451,751,930,277
587,364,372,266,169,251,400,653,893,277
634,334,400,300,173,253,392,768,959,277
553,339,276,224,151,199,388,692,890,277
312,210,237,186,136,185,336,364,817,277
409,281,182,132,92,136,348,392,866,277
425,288,273,213,139,192,325,750,929,277
566,426,267,170,132,212,422,383,931,277
476,338,183,132,105,149,361,426,951,278
334,222,229,177,130,177,386,406,906,278
621,456,287,214,172,232,427,437,916,278
498,350,230,176,136,182,430,499,909,278
349,193,179,126,79,121,393,387,863,278
213,192,107,63,58,99,346,89,861,278
627,360,370,266,181,270,432,732,959,278
434,329,183,129,102,149,355,392,830,278
646,365,393,283,163,243,423,890,1000,278
555,398,220,157,111,164,389,373,894,279
653,391,282,222,152,202,391,680,986,279
307,195,227,161,118,170,378,373,825,279
490,359,235,155,113,180,390,406,890,279
733,417,400,292,173,250,449,773,943,279
440,290,208,157,117,159,380,384,862,279
412,257,119,95,65,88,263,746,954,279
616,397,271,199,138,198,400,539,927,280
558,365,293,215,155,223,402,479,925,280
596,314,390,305,185,253,413,766,961,280
576,389,234,168,124,179,395,387,891,280
528,344,238,180,130,181,482,386,867,280
443,295,196,143,118,162,443,386,822,280
538,328,328,238,153,225,417,672,782,280
436,280,321,230,158,235,421,607,962,280
647,364,378,316,188,234,533,613,928,280
446,283,366,255,164,252,388,671,877,280
458,339,184,147,107,133,343,379,909,280
579,387,268,205,151,205,362,581,962,280
359,168,155,113,61,90,195,758,908,281
319,272,209,133,108,177,352,379,856,281
578,343,321,242,159,217,405,666,795,281
706,459,375,255,183,277,528,537,892,281
478,302,274,203,125,172,527,386,826,281
621,364,382,287,211,290,404,854,958,281
342,239,205,135,94,151,346,372,886,281
564,403,224,201,157,178,469,379,905,281
345,249,160,118,87,126,309,375,849,281
145,136,115,79,78,113,288,2,210,281
400,240,291,216,149,205,308,749,944,282
549,400,245,191,144,192,387,466,907,282
543,304,390,274,165,258,456,773,947,282
638,465,301,222,161,220,517,446,848,282
567,333,360,270,181,261,415,611,922,282
599,391,229,180,122,161,403,374,859,282
280,213,181,121,96,145,312,381,877,282
575,412,223,170,135,178,379,531,938,282
469,303,303,216,156,228,434,531,871,282
415,285,223,167,126,173,359,453,884,282
541,393,178,125,93,138,394,386,871,282
300,225,239,148,107,186,341,364,900,283
719,430,477,380,255,348,485,752,890,283
590,407,327,237,171,244,407,521,897,283
643,441,366,261,171,247,397,431,859,283
583,445,165,123,100,138,385,401,874,283
482,348,238,168,127,186,363,515,912,283
296,212,210,155,118,165,334,375,865,283
318,240,214,156,126,177,365,389,905,283
335,235,283,208,151,214,387,532,952,283
269,175,217,174,122,164,348,384,906,283
374,203,352,241,150,242,412,547,937,284
378,296,179,126,101,148,342,388,896,284
359,220,273,202,138,196,369,465,901,284
582,417,245,205,130,177,366,376,767,284
335,229,256,183,129,193,404,378,752,284
532,416,228,159,140,200,435,251,887,284
332,285,206,136,115,176,463,148,742,284
330,204,397,278,172,264,429,621,922,284
351,272,197,149,123,169,362,315,841,284
387,263,187,143,100,139,347,374,875,284
481,356,260,170,132,208,386,442,915,284
528,342,320,229,152,228,390,627,932,285
490,316,359,252,180,263,454,725,848,285
603,432,295,205,151,230,395,381,814,285
686,462,282,233,164,211,408,581,966,285
413,260,231,181,137,182,440,380,855,285
469,316,299,221,152,220,355,509,768,285
326,255,183,119,85,142,314,377,848,285
484,314,281,219,151,203,396,427,855,285
472,276,302,220,149,216,409,573,920,285
447,295,286,195,136,212,393,548,911,285
394,239,323,233,157,228,412,628,818,285
426,303,245,170,128,193,367,514,920,285
606,415,267,198,142,198,410,462,862,285
357,274,188,149,117,149,263,519,930,285
363,228,328,230,152,232,387,538,888,285
410,266,273,191,141,216,384,586,989,286
579,445,249,171,134,203,348,375,860,286
476,253,328,238,150,221,467,540,918,286
496,403,102,87,71,85,285,386,903,286
595,390,144,114,83,107,492,791,967,286
458,256,431,307,189,294,462,665,911,286
491,313,344,251,169,243,427,768,908,286
558,317,299,162,155,245,486,694,876,287
599,329,393,321,211,268,441,709,890,287
717,480,301,228,170,229,436,583,944,287
672,442,294,239,164,218,384,608,967,287
395,239,170,118,69,111,279,776,931,287
560,355,289,203,143,213,398,403,892,287
703,426,419,322,213,286,455,536,953,287
624,437,313,231,167,238,404,586,924,288
451,380,118,91,69,96,339,387,723,288
464,238,286,215,132,190,447,461,897,288
354,226,246,161,104,177,394,432,902,288
485,323,351,269,199,269,329,747,946,288
470,315,305,207,142,222,414,638,948,288
708,492,267,192,136,191,506,383,820,288
379,248,174,117,83,129,338,381,842,288
450,372,236,178,140,187,453,278,739,288
456,290,347,236,150,233,469,445,863,288
352,237,142,126,93,108,517,404,921,288
358,212,275,202,136,192,423,456,901,288
403,305,175,136,110,144,358,377,815,288
370,260,229,157,110,164,352,362,795,288
451,236,356,263,160,235,448,625,933,288
579,394,135,99,62,89,318,760,971,289
576,434,206,135,102,161,355,370,834,289
178,151,162,112,96,140,349,2,209,289
320,222,351,242,181,266,398,587,902,289
452,342,254,196,156,207,395,399,901,289
527,327,311,233,158,230,412,657,956,289
652,376,329,275,185,229,410,681,949,289
386,298,148,111,88,120,306,375,908,289
376,231,333,251,167,245,353,583,958,289
573,353,294,202,136,211,396,591,938,290
428,296,238,165,116,176,352,450,927,290
351,228,290,209,142,208,385,526,951,290
561,322,369,253,165,257,413,670,932,290
380,238,347,252,162,237,433,583,924,290
561,332,355,239,158,258,397,643,973,290
578,387,364,278,199,280,450,759,977,290
437,277,276,210,149,209,344,528,940,290
531,351,177,128,86,123,372,376,832,290
681,368,405,310,192,265,461,628,931,290
468,344,231,174,132,181,361,413,869,290
691,453,341,264,175,241,511,590,895,291
493,381,260,160,131,212,333,379,894,291
268,233,120,95,83,108,492,3,537,291
396,252,325,255,178,242,413,502,922,291
423,314,212,163,140,185,397,399,828,291
424,236,318,246,157,218,392,697,941,291
732,453,418,342,224,280,442,736,884,291
497,286,341,247,154,229,435,762,939,291
400,273,212,158,114,159,373,379,841,292
607,418,215,168,122,165,383,358,733,292
595,444,386,273,207,305,466,293,726,292
538,414,182,130,108,154,344,383,910,292
716,464,306,216,152,220,511,390,858,293
582,430,172,124,92,134,360,387,829,293
272,185,287,238,168,214,313,522,932,293
523,367,247,208,151,189,406,381,893,293
675,390,183,135,85,122,432,832,918,293
300,272,156,107,98,144,362,2,215,293
343,256,218,158,122,176,377,376,864,293
430,269,290,215,152,216,381,585,921,294
653,473,231,161,119,180,388,390,836,294
562,384,208,166,123,161,386,405,847,294
271,216,236,166,122,181,346,357,886,294
485,305,295,220,154,219,404,382,839,294
672,414,328,254,182,242,456,663,984,294
351,233,246,192,138,185,396,425,877,294
583,426,194,129,95,153,382,395,897,294
432,314,232,176,131,177,362,370,899,294
463,312,379,292,201,281,431,679,933,294
472,301,266,188,133,195,369,570,957,294
598,339,431,296,181,284,444,626,927,295
337,237,201,164,125,153,438,390,883,295
503,346,314,234,178,242,412,714,991,295
525,349,236,175,124,175,385,370,894,295
267,173,271,193,139,201,369,371,907,295
661,430,231,173,123,175,414,411,880,295
414,247,373,250,154,254,408,610,962,295
467,361,245,170,130,192,364,379,850,295
524,312,347,246,176,263,504,620,929,295
565,405,193,145,108,155,331,366,889,295
270,192,189,146,106,145,347,381,858,296
439,299,179,160,120,138,353,392,850,296
376,226,326,244,165,236,372,655,946,296
563,356,303,225,162,227,420,481,915,296
364,246,263,182,130,198,394,378,867,296
655,369,321,251,171,218,520,525,924,296
533,380,237,167,125,182,345,354,862,296
671,426,365,298,215,272,445,783,923,296
322,218,344,264,178,249,346,767,922,296
231,171,133,102,80,103,269,374,837,296
489,350,260,196,147,203,407,386,876,297
641,380,392,293,189,275,444,749,951,297
466,272,483,351,209,309,473,735,903,297
465,336,138,100,73,103,332,390,932,297
332,228,171,123,91,134,365,374,871,297
659,424,293,218,152,217,512,380,689,297
442,295,274,205,152,209,378,558,955,297
491,307,308,226,151,220,410,709,979,297
471,360,210,143,108,163,336,369,844,298
478,314,222,176,130,166,366,400,931,298
657,391,389,279,175,261,414,665,968,298
635,430,305,224,159,228,397,642,889,298
457,260,329,218,147,235,369,678,936,298
582,341,393,274,183,280,435,748,919,298
568,418,204,154,118,162,382,390,857,298
480,374,183,138,104,142,360,377,801,298
273,223,183,141,108,145,327,376,878,298
194,143,149,115,84,113,267,377,858,298
537,389,202,146,106,155,378,381,895,298
634,458,224,161,123,175,383,397,893,298
255,197,169,118,91,136,348,278,850,299
432,331,234,169,142,196,464,381,902,299
266,186,314,215,145,220,370,603,923,299
296,234,157,126,110,136,337,250,896,299
669,394,419,272,164,277,433,574,936,299
507,354,282,212,148,206,307,589,935,299
612,464,204,139,113,169,384,398,861,299
536,323,181,151,94,117,527,1,178,299
664,463,219,179,135,170,459,387,759,300
617,382,440,318,228,334,527,561,806,300
378,250,197,150,109,151,395,356,877,300
341,288,223,155,134,195,379,1,194,300
637,393,338,289,190,236,410,771,914,300
619,394,357,277,174,238,405,747,927,300
665,424,350,276,194,254,425,745,970,300
494,297,232,188,142,177,518,376,819,300
555,318,256,205,130,173,411,665,984,300
343,256,199,160,128,161,369,309,857,300
488,327,293,223,160,216,378,539,922,301
493,311,115,99,68,84,208,746,969,301
643,427,307,226,167,235,450,671,980,301
323,265,216,167,139,181,408,514,982,301
639,353,381,285,186,264,452,760,949,301
606,432,187,152,117,147,361,587,990,301
342,275,235,182,150,200,322,351,895,301
579,318,544,427,244,324,506,597,956,301
580,421,234,176,133,184,463,377,844,301
380,295,164,121,98,134,271,494,954,301
672,409,318,221,137,215,436,583,947,301
236,170,179,126,88,133,312,371,900,302
558,354,344,258,173,236,527,834,872,302
186,145,148,112,87,118,251,374,828,302
531,357,282,212,156,212,360,631,935,302
284,226,152,115,86,118,269,362,879,302
412,302,201,151,116,161,360,396,804,302
690,406,302,226,154,212,484,414,844,302
320,213,249,181,126,182,384,379,847,302
369,236,324,236,167,239,352,745,978,302
647,429,254,191,141,195,430,458,921,302
516,380,361,286,206,274,504,622,881,302
520,374,225,180,137,170,367,526,824,302
380,279,162,122,94,133,291,389,867,302
606,376,265,191,131,192,403,591,953,302
329,232,146,108,78,110,334,373,811,303
602,425,438,290,206,320,405,725,941,303
382,289,204,153,120,167,391,385,898,303
598,364,282,209,142,201,424,602,987,303
264,210,151,113,97,131,551,2,179,303
721,454,219,161,109,158,409,396,801,303
389,254,231,180,140,184,370,454,887,303
599,312,416,309,164,243,417,1014,966,303
574,378,336,233,171,254,481,377,835,303
441,326,236,170,123,174,369,381,893,304
427,322,292,199,147,223,361,554,928,304
444,237,319,245,152,210,359,752,875,304
461,311,363,266,187,267,348,716,925,304
428,302,285,187,143,221,391,386,869,304
508,282,294,227,142,195,526,559,928,305
668,422,232,190,128,166,422,394,900,305
318,189,268,206,130,179,328,608,955,305
598,403,213,163,117,160,416,386,857,305
392,271,189,148,114,149,351,384,899,305
722,439,352,266,166,225,414,600,899,305
715,452,336,257,176,244,446,749,967,305
585,406,218,167,127,173,417,379,845,305
390,235,299,241,165,222,379,655,923,305
521,315,371,266,206,287,509,426,874,305
261,177,229,186,118,162,454,54,720,305
594,420,248,191,137,182,391,389,857,306
592,373,281,229,162,205,385,704,850,306
597,374,300,256,193,236,504,384,775,306
601,440,194,143,109,155,359,376,869,306
279,232,156,124,104,132,422,104,653,306
396,212,323,256,165,223,350,573,872,306
401,267,252,196,137,184,398,499,912,306
318,204,267,176,96,155,513,391,844,307
474,351,127,85,64,101,412,123,702,307
503,352,243,203,151,185,378,561,837,307
553,355,414,265,174,290,416,743,922,307
613,346,320,239,152,217,393,701,798,307
699,491,252,186,143,202,431,397,890,307
517,398,128,115,94,105,336,387,897,307
525,417,209,155,121,164,383,374,842,308
669,363,275,190,125,191,558,413,877,308
368,253,260,175,135,210,370,549,916,308
360,257,217,162,123,173,362,373,916,308
454,333,239,183,147,196,384,363,866,308
493,319,267,210,143,186,379,360,827,308
634,423,193,144,105,146,453,388,870,308
543,369,313,269,172,221,372,331,876,308
235,144,247,177,117,174,330,396,883,308
257,185,199,158,120,154,277,361,894,308
350,181,224,184,107,141,546,12,700,308
655,455,247,186,129,180,415,354,698,309
550,341,244,194,131,172,362,643,948,309
205,149,216,151,106,158,368,374,872,309
496,312,302,204,154,238,474,460,819,309
314,219,216,160,121,166,352,382,885,309
278,176,168,122,88,124,479,389,830,309
503,347,141,107,79,109,381,386,806,309
614,391,352,252,182,268,484,762,972,309
547,372,247,195,142,190,396,498,918,310
661,436,238,176,122,173,389,560,968,310
549,404,245,204,154,191,366,380,811,310
634,341,403,285,166,244,458,816,937,310
637,458,174,128,95,135,349,366,716,310
624,373,478,357,207,300,429,831,938,310
249,171,136,101,76,103,343,382,876,310
516,364,340,250,169,242,358,572,935,310
426,233,362,246,152,245,420,674,946,310
477,301,305,222,151,221,377,667,984,310
432,314,215,170,137,176,395,392,908,310
253,212,137,107,94,120,281,279,766,310
462,354,203,146,116,164,319,350,852,310
338,244,189,132,98,148,339,360,844,310
350,235,162,120,85,123,334,358,744,310
414,333,171,136,115,144,337,360,803,311
345,195,355,251,147,226,324,638,959,311
300,216,190,132,95,146,365,387,840,311
392,253,254,195,150,201,451,563,837,311
313,201,209,146,102,153,346,406,868,311
506,394,202,142,122,176,446,395,851,311
634,412,298,245,173,220,371,590,914,311
390,291,184,135,109,151,355,386,798,311
666,400,333,237,147,224,421,724,930,311
437,279,350,251,172,250,401,666,839,312
520,391,161,105,87,137,406,313,701,312
244,230,117,93,88,108,386,101,710,312
649,486,199,131,112,173,471,267,811,312
545,406,213,163,129,176,380,384,872,312
547,357,205,156,128,172,493,399,904,312
399,297,195,145,121,161,307,358,736,312
484,266,406,286,168,259,456,737,950,312
453,313,238,188,130,173,330,628,971,312
593,398,282,222,158,212,421,494,933,312
446,235,397,292,177,258,446,775,876,312
371,230,307,241,163,223,274,706,950,312
289,192,196,147,102,143,367,373,915,312
348,258,166,129,106,140,356,379,773,312
698,433,314,260,168,211,493,588,927,313
392,273,192,144,103,144,378,385,878,313
535,357,266,211,137,185,352,555,984,313
590,450,183,130,102,147,367,387,883,313
600,367,396,294,207,297,420,605,954,313
440,324,224,157,124,180,360,482,911,313
672,448,290,229,168,224,406,622,968,313
457,293,299,235,172,226,389,596,884,313
581,369,347,245,165,246,422,728,956,313
405,268,258,189,137,193,385,380,856,313
573,405,133,104,72,95,204,750,986,313
458,324,221,165,131,177,346,375,829,313
382,228,265,220,148,195,475,1,156,313
545,305,362,272,181,259,416,683,982,314
637,444,223,168,122,166,420,474,930,314
660,445,338,245,184,255,428,509,876,314
561,348,348,249,168,250,424,729,977,314
600,384,373,284,202,279,393,735,705,314
601,413,274,196,141,201,406,392,840,315
686,429,280,208,144,197,488,446,872,315
637,405,368,271,175,254,409,680,933,315
471,351,212,160,131,177,364,361,907,315
406,247,369,261,174,261,411,577,959,315
322,243,175,128,98,138,321,362,876,315
356,266,214,176,140,171,343,469,913,316
398,285,151,115,85,116,370,387,710,316
342,248,149,119,94,119,338,385,863,316
545,280,134,108,76,96,365,591,950,316
333,219,203,149,110,158,359,380,762,316
399,314,134,111,90,112,310,378,882,316
465,277,388,276,178,263,421,719,881,316
512,367,216,172,135,169,389,384,879,316
645,400,324,236,157,224,473,529,869,317
572,406,250,206,158,192,427,600,953,317
723,439,360,267,185,264,439,629,781,317
419,230,350,270,165,237,452,523,840,317
430,319,180,133,105,144,369,397,867,317
252,176,243,190,129,171,256,552,855,317
572,413,182,148,115,144,386,377,861,317
394,299,214,160,128,173,378,378,877,317
458,295,271,195,138,196,404,430,886,317
527,291,523,351,194,315,463,732,914,317
361,238,255,185,129,190,406,395,882,317
608,372,384,279,189,277,550,427,847,317
558,422,170,132,107,140,367,373,862,317
371,268,198,162,124,152,369,380,841,318
407,229,340,257,148,212,499,547,907,318
442,266,307,241,163,213,374,689,960,318
570,318,375,267,173,265,445,764,899,318
333,167,330,274,145,189,688,0,97,318
249,190,176,157,131,143,267,369,867,318
523,318,274,199,139,200,379,471,916,318
579,387,267,204,148,202,368,581,975,318
501,278,344,247,154,239,399,761,889,318
538,309,394,312,196,271,426,757,911,318
571,298,435,333,182,258,500,717,908,318
688,479,250,211,149,185,400,472,903,319
598,358,353,238,151,242,392,719,898,319
695,446,403,283,200,294,423,700,943,319
388,239,244,185,131,180,373,575,944,319
581,421,251,172,135,202,494,407,826,319
638,437,242,182,126,177,410,494,918,319
685,422,369,278,191,265,430,591,904,319
640,411,316,251,177,226,442,626,960,319
397,256,218,161,116,163,419,429,836,319
423,268,255,190,128,183,317,567,901,319
591,404,119,94,67,87,238,817,972,319
294,239,129,88,72,107,274,398,853,319
223,205,171,118,112,161,367,2,221,319
372,293,189,143,114,153,357,219,768,320
559,328,343,250,164,236,337,753,891,320
545,409,236,187,150,194,376,428,912,320
616,425,214,158,116,166,366,387,902,320
432,300,242,175,134,188,386,381,830,320
497,348,181,131,96,141,373,384,830,320
469,240,468,362,203,288,496,778,869,320
429,321,207,145,104,151,358,365,844,320
648,392,411,325,197,270,337,882,834,320
628,381,452,312,189,298,485,722,769,320
641,381,359,247,124,191,561,661,886,320
275,192,198,163,112,149,368,536,914,320
366,238,302,246,171,219,383,508,912,321
581,315,359,287,167,224,367,718,906,321
410,233,307,216,135,211,393,679,857,321
399,282,224,171,133,177,377,376,834,321
567,357,387,279,194,287,478,468,886,321
309,153,306,221,117,171,342,668,940,321
595,349,294,215,150,216,365,700,953,321
261,187,211,159,118,163,351,392,869,321
343,234,227,167,126,175,358,378,837,322
358,253,305,226,166,231,397,648,929,322
688,459,286,228,161,212,421,534,868,322
363,261,225,159,127,185,395,382,868,322
660,355,194,141,81,123,326,1023,883,322
326,234,235,188,135,172,383,426,849,322
298,233,100,79,64,84,368,2,212,322
537,400,205,140,110,166,344,458,901,322
386,288,249,164,121,193,374,398,813,322
696,429,289,217,145,203,380,623,951,322
536,375,257,190,143,202,405,385,827,322
452,337,174,125,94,136,331,361,798,322
324,263,219,147,120,182,338,424,750,322
534,393,195,150,113,154,371,367,728,322
673,488,198,146,112,157,405,373,831,323
712,408,338,274,182,229,435,581,923,323
451,319,256,168,124,195,376,424,887,323
453,294,191,148,108,138,407,611,955,323
692,413,358,260,176,253,448,791,946,324
664,419,381,324,197,255,436,738,914,324
691,449,428,303,192,293,427,683,909,324
650,465,221,186,147,175,382,361,845,324
571,358,419,295,199,300,430,748,942,324
475,311,258,189,140,195,395,571,958,324
498,299,328,250,160,225,428,748,990,324
462,322,218,162,119,167,390,392,796,324
490,303,254,185,123,177,397,503,917,324
662,451,326,235,162,239,434,411,864,324
654,383,263,206,135,186,503,389,888,324
331,180,331,214,136,231,308,691,883,324
431,289,194,147,106,145,382,387,856,324
490,310,150,119,86,111,443,507,893,324
717,424,396,293,186,270,443,662,884,324
378,329,126,84,72,109,366,97,712,324
326,239,117,84,66,95,260,363,876,324
314,165,206,169,97,130,498,415,911,324
656,405,342,239,173,256,421,707,976,325
569,408,143,124,92,109,311,367,860,325
484,312,287,215,147,213,381,544,946,325
424,292,279,209,148,210,396,516,942,325
609,460,339,233,195,292,454,769,904,325
551,377,269,186,129,199,406,375,873,325
514,320,355,287,172,228,388,640,938,325
393,221,224,159,103,158,411,448,856,325
419,325,233,177,139,188,390,469,945,325
268,202,247,170,131,193,344,358,830,325
595,342,256,208,145,185,370,763,921,325
353,265,218,167,138,185,346,372,904,325
374,264,197,145,115,159,355,386,858,325
537,408,110,85,67,89,332,380,751,326
596,472,360,276,228,304,454,192,793,326
393,298,154,110,89,127,365,214,829,326
337,211,269,204,137,192,344,602,940,326
573,325,342,257,153,220,411,747,918,326
562,310,249,191,142,191,496,460,852,326
560,384,276,201,133,195,370,378,788,326
382,226,411,276,171,279,445,738,895,327
432,313,259,214,167,203,371,504,891,327
367,293,139,108,87,112,354,384,896,327
497,274,378,284,186,262,451,740,1007,327
269,202,231,173,130,179,389,433,914,327
417,270,242,182,131,182,378,391,920,327
539,353,231,168,125,183,394,382,846,327
668,409,379,269,183,270,433,522,942,327
381,267,244,172,130,191,361,370,857,327
422,305,240,167,118,181,379,365,842,327
366,197,248,173,117,177,404,423,895,327
472,308,257,204,155,201,397,506,919,327
467,297,214,172,114,155,425,375,1020,328
524,296,324,248,169,231,394,644,789,328
569,360,299,267,193,227,498,375,832,328
320,226,261,178,131,202,347,273,840,328
365,259,232,160,113,178,391,390,905,328
556,385,192,138,107,152,381,382,840,328
427,358,147,107,90,126,316,374,844,328
228,170,213,157,116,163,311,354,784,328
470,351,131,109,82,103,349,377,870,328
287,216,230,182,141,178,295,363,835,329
301,203,230,153,106,171,467,391,904,329
397,230,288,195,131,204,412,518,927,329
534,344,146,102,70,106,425,402,847,329
470,258,383,282,174,257,411,763,921,329
522,348,292,220,147,208,317,734,958,329
554,399,281,211,154,210,407,450,839,329
436,350,155,126,108,134,350,368,837,329
386,242,245,177,126,191,418,399,765,329
176,133,170,132,107,137,334,260,833,329
589,353,342,243,164,241,430,670,910,329
561,379,241,178,131,187,365,578,930,329
504,371,274,218,162,212,373,370,840,329
374,251,273,206,152,211,397,522,928,330
366,289,191,152,116,151,324,358,698,330
611,406,372,266,192,284,415,651,960,330
489,367,283,229,179,224,429,558,968,330
637,412,223,159,118,174,486,374,841,330
483,298,386,312,204,269,415,680,931,331
699,460,318,227,163,241,407,603,917,331
576,304,427,312,190,282,431,750,972,331
591,321,350,255,165,244,442,783,926,331
373,274,205,147,116,167,368,383,843,331
687,462,225,175,125,165,410,441,901,331
543,384,252,187,145,200,331,553,942,331
431,296,220,176,129,168,354,362,872,332
382,288,202,166,139,166,448,380,819,332
425,328,215,163,132,180,371,355,832,332
620,334,507,388,228,315,477,762,906,332
536,423,180,133,104,149,332,365,877,332
354,250,153,120,98,127,361,381,905,332
495,372,187,131,108,157,356,379,885,333
448,326,169,117,88,134,355,392,877,333
534,336,220,167,117,159,457,506,939,333
598,425,224,152,113,173,387,376,860,333
534,360,405,264,204,318,515,686,944,333
532,432,175,127,108,150,329,376,864,333
346,201,279,197,126,189,438,463,899,333
412,254,410,300,198,282,444,657,966,333
341,165,191,146,80,109,597,1,162,333
439,295,309,222,149,219,494,545,960,333
612,383,295,224,155,215,422,777,950,334
407,319,141,108,91,119,303,384,916,334
431,300,189,145,112,146,364,281,836,334
401,297,217,172,149,188,454,406,896,334
426,287,206,150,115,161,418,492,878,334
607,365,354,256,170,250,426,682,985,335
450,240,355,244,147,235,423,731,932,335
459,299,210,167,117,156,353,364,870,335
546,418,152,109,87,125,380,385,740,335
383,256,270,213,159,211,377,467,923,335
438,337,180,150,113,140,367,379,853,335
594,409,263,206,153,201,404,611,918,335
439,319,185,131,104,148,322,375,858,335
514,357,206,166,124,160,369,363,909,335
622,434,287,216,158,215,388,409,853,335
659,478,291,208,156,228,397,385,860,336
512,337,318,219,151,231,368,542,894,336
251,205,177,119,95,148,283,368,877,336
184,134,230,182,120,159,299,393,874,336
523,287,322,234,165,238,523,518,884,336
665,461,277,226,170,214,435,420,864,336
662,436,240,182,120,169,403,387,886,336
356,242,315,249,173,232,234,727,866,337
575,446,169,130,109,138,367,387,899,337
632,419,394,262,178,278,408,640,895,337
459,314,188,143,107,146,368,374,891,337
593,407,258,199,134,184,392,527,898,337
384,247,261,190,135,194,383,389,855,337
463,374,186,143,119,158,351,381,867,337
344,269,212,134,114,185,393,390,821,337
538,391,196,146,114,159,371,374,803,338
301,196,164,128,84,119,361,400,900,338
330,229,192,145,110,150,368,374,855,338
415,275,208,198,126,141,400,394,847,338
407,279,276,217,169,216,401,382,845,338
670,446,224,175,121,165,370,481,910,339
383,301,180,147,127,155,345,382,904,339
419,312,104,86,66,83,276,384,906,339
562,391,288,206,154,219,498,393,877,339
595,388,234,193,137,173,436,548,983,339
368,303,133,99,84,112,305,380,876,339
427,299,184,137,107,146,348,376,819,339
595,420,124,94,72,100,314,764,844,339
448,240,420,290,176,273,454,778,961,339
564,470,132,91,77,113,347,383,884,339
328,219,201,145,104,151,389,397,850,340
440,259,329,224,135,210,383,752,958,340
297,217,218,157,124,177,343,367,825,340
352,284,163,123,104,138,336,390,809,340
558,342,244,183,132,184,377,592,968,340
656,498,279,217,170,229,353,447,798,340
258,169,190,150,112,144,344,367,838,340
529,326,351,298,220,266,440,773,933,340
515,372,201,172,134,159,387,371,842,340
512,368,332,236,189,272,485,621,891,340
594,458,143,107,88,118,329,388,871,340
218,172,198,140,109,157,290,356,883,340
403,270,219,163,122,171,394,393,826,341
465,312,368,281,203,276,491,720,900,341
432,306,181,142,110,144,356,389,842,341
402,276,234,182,136,180,388,380,868,341
545,355,265,175,125,199,370,472,905,341
314,206,120,100,73,93,287,385,933,341
437,292,257,187,130,191,389,602,920,341
499,317,398,278,193,288,428,508,934,341
495,383,135,106,82,107,329,383,895,341
444,267,331,245,163,231,385,631,956,341
379,291,268,184,157,232,414,240,917,341
595,362,260,177,120,189,386,404,803,341
573,434,204,169,137,167,369,377,898,342
602,387,249,216,146,177,363,572,1012,342
522,379,164,111,84,129,331,375,882,342
438,288,214,180,134,164,384,438,813,342
637,393,265,213,147,188,401,636,753,342
586,368,177,136,81,111,338,1023,1023,342
395,318,187,148,118,153,329,370,893,342
580,425,190,151,115,147,369,382,858,342
364,312,143,106,90,123,268,364,845,343
383,262,228,172,132,183,366,399,832,343
571,402,239,178,129,180,415,494,915,343
351,243,208,142,106,162,383,405,904,343
532,317,249,179,121,175,397,562,905,343
447,329,226,154,117,180,368,379,833,343
295,240,169,133,114,143,301,349,878,343
625,441,220,166,123,169,384,391,773,343
446,262,244,180,120,176,450,411,839,343
565,448,296,223,168,230,420,2,196,343
413,303,211,154,120,167,366,376,869,343
478,285,288,221,142,199,396,362,879,344
721,471,237,168,126,181,414,501,899,344
401,297,263,201,150,206,359,474,851,344
606,345,364,264,159,246,436,754,902,344
572,374,311,220,157,235,409,488,899,344
641,344,454,348,199,296,460,759,881,344
525,333,321,237,166,239,367,574,871,344
488,394,148,117,92,118,338,369,885,344
467,284,239,182,121,164,387,633,977,344
459,333,276,203,157,224,404,381,859,344
596,390,305,224,159,228,405,669,975,345
658,413,295,195,128,206,416,624,963,345
283,192,237,182,133,173,363,2,222,346
443,299,115,86,62,88,312,390,884,346
706,478,324,238,167,230,474,513,870,346
465,329,256,194,142,198,403,360,835,346
309,227,208,153,110,157,353,376,888,346
375,274,282,176,135,227,363,384,842,346
483,331,372,261,182,270,367,533,789,346
579,366,296,210,144,213,397,591,943,346
437,326,223,161,122,173,366,367,815,346
630,438,200,148,110,155,379,366,917,347
680,476,204,143,102,152,385,426,848,347
523,344,131,98,70,99,326,383,871,347
519,301,362,265,172,246,422,736,919,347
503,317,349,253,172,250,384,742,915,347
338,206,142,109,72,103,298,749,846,347
654,450,224,176,130,168,390,377,876,348
348,248,167,130,102,135,344,375,832,348
485,387,150,127,106,127,330,381,866,348
601,401,272,197,147,207,425,399,886,348
630,328,343,253,150,220,420,748,902,348
529,388,213,154,123,172,447,406,871,348
399,266,197,161,111,141,137,787,948,348
392,238,242,178,125,176,390,367,831,349
688,441,486,367,233,338,446,740,880,349
618,459,174,133,103,139,361,389,837,349
493,326,234,179,131,178,357,504,898,349
631,434,288,228,164,217,403,497,888,349
281,205,189,144,111,151,340,374,841,349
397,302,274,195,152,218,381,570,857,349
558,404,244,176,136,195,362,373,874,349
702,461,345,241,156,238,467,389,859,349
568,446,199,151,125,165,370,370,854,349
445,357,231,164,134,190,480,390,848,349
255,184,174,146,107,134,294,373,840,349
679,430,255,192,135,186,408,502,720,349
488,349,262,198,141,199,371,437,859,349
465,329,159,115,82,118,368,368,855,350
456,345,146,116,91,116,339,377,864,350
648,433,272,188,133,207,391,487,930,350
563,347,350,272,189,254,435,648,927,350
372,232,310,223,146,211,350,550,918,350
320,230,232,159,119,184,354,379,877,350
527,442,137,97,83,119,339,390,813,350
479,354,102,83,67,84,342,381,862,350
529,315,323,255,132,178,369,751,910,351
488,388,187,149,120,154,330,295,875,351
566,391,501,375,272,377,493,731,851,351
495,335,288,210,155,216,412,555,890,351
579,322,310,218,143,211,520,711,959,351
716,480,398,286,206,295,505,656,918,351
463,278,261,183,113,181,373,549,904,351
368,277,207,148,108,155,339,364,843,351
381,247,339,235,169,254,452,616,954,351
449,330,206,162,121,163,351,357,844,351
606,424,288,201,145,217,390,379,886,352
369,262,205,162,118,156,384,386,873,352
450,350,220,165,127,178,348,441,941,352
357,225,217,149,106,165,370,387,867,352
607,377,240,197,133,171,421,394,857,352
446,274,344,260,169,239,377,744,924,352
691,470,219,154,115,167,394,577,962,352
323,246,271,178,135,215,450,418,889,352
417,238,455,327,184,286,469,759,918,352
457,338,168,128,101,135,359,373,831,352
453,336,244,196,160,197,456,433,875,353
229,221,87,65,61,82,322,1,227,353
492,323,227,160,118,175,495,388,815,353
452,282,246,201,134,174,404,430,870,353
500,371,220,160,126,175,377,403,866,353
672,462,248,179,125,182,396,397,859,353
622,350,457,322,196,301,483,773,894,353
463,378,210,164,142,185,354,515,970,353
400,245,268,195,126,185,412,386,841,353
697,400,292,208,134,201,432,535,905,353
389,268,227,172,125,173,379,529,868,354
573,352,330,248,169,239,425,750,952,354
413,271,273,226,158,201,349,702,965,354
264,224,100,82,74,91,300,156,809,354
710,474,269,193,137,202,443,538,987,354
716,445,313,240,159,216,438,802,945,354
395,266,287,211,158,216,367,364,810,354
640,327,340,263,153,214,437,1023,996,354
578,426,168,132,101,134,362,367,826,354
555,401,223,159,124,183,402,382,841,354
591,363,325,251,178,238,430,672,928,354
163,139,224,146,111,177,461,208,800,354
569,427,238,157,121,186,388,367,879,354
476,278,283,199,136,208,451,512,887,354
594,419,188,151,113,147,372,375,832,354
445,277,225,162,119,171,370,399,907,354
565,316,277,213,145,199,406,638,943,354
212,161,236,164,125,186,302,352,844,354
726,407,443,319,194,305,469,780,914,354
300,205,222,172,128,172,328,370,789,355
534,394,186,142,109,146,329,382,833,355
656,398,394,279,187,278,421,680,961,355
633,409,316,262,188,232,400,705,966,355
656,380,347,238,133,202,478,654,923,355
582,437,206,150,115,165,387,379,845,355
490,391,157,114,95,132,359,358,917,355
596,420,272,217,162,209,401,368,837,355
384,286,167,134,109,139,358,268,840,355
405,289,240,188,144,190,326,489,915,355
370,231,275,230,154,189,339,670,938,355
660,486,210,155,118,165,387,376,889,355
426,333,169,128,102,137,356,377,873,355
304,201,229,167,120,173,397,385,862,355
455,289,308,242,179,238,383,391,858,355
636,473,416,300,224,328,494,233,817,355
661,447,292,208,157,230,420,496,912,355
284,209,203,156,118,159,331,363,855,356
427,304,247,185,144,196,445,385,864,356
314,228,194,135,103,153,384,389,883,356
475,327,279,189,143,217,470,461,851,356
545,396,196,151,115,157,385,389,900,356
621,406,285,232,170,217,416,376,794,356
398,240,273,213,143,198,387,582,935,356
489,355,167,135,99,130,346,379,868,356
427,292,247,176,124,184,402,444,888,356
468,334,205,129,99,163,363,391,842,356
670,450,237,192,133,172,442,389,864,356
579,343,326,257,177,241,414,626,980,357
541,288,332,240,149,221,529,673,948,357
582,372,237,188,130,169,397,366,865,357
553,390,227,195,148,177,373,372,767,357
267,235,247,164,143,215,390,2,213,357
376,248,196,162,111,142,368,367,824,357
393,287,349,214,161,274,394,411,874,357
419,310,213,170,131,173,448,376,882,357
463,272,301,221,156,220,539,607,867,357
664,447,298,232,174,231,414,618,960,358
599,413,231,201,155,177,363,381,910,358
395,251,212,164,117,157,367,406,888,358
373,241,324,248,165,233,370,742,903,358
506,345,408,292,224,321,513,726,940,358
459,316,196,146,105,148,364,441,875,358
531,353,259,209,150,196,397,395,809,358
407,282,251,170,123,187,369,504,927,358
267,198,214,152,116,167,299,362,881,358
338,279,212,166,150,190,412,162,839,358
294,212,330,244,189,261,507,12,767,358
398,289,163,116,93,135,368,389,860,359
260,197,160,108,83,129,333,377,908,359
497,285,347,251,171,246,512,726,924,359
468,354,167,112,79,127,357,929,949,359
421,247,319,234,163,234,345,929,992,359
628,401,151,133,99,117,514,745,1023,359
598,412,244,201,143,182,403,479,849,359
617,435,262,196,150,206,405,395,878,359
707,411,417,303,199,295,447,695,948,359
488,355,240,188,126,176,322,645,960,360
595,361,222,170,113,156,397,443,881,360
455,338,195,141,110,156,367,381,891,360
536,343,393,278,194,291,396,765,931,360
290,259,163,120,112,151,410,90,727,360
332,238,210,150,109,161,339,414,906,360
429,260,213,161,106,149,377,395,916,360
498,309,319,233,156,229,424,653,978,360
216,161,138,111,90,114,373,101,685,361
473,350,292,221,172,239,459,385,890,361
357,197,301,213,138,205,383,623,964,361
460,290,206,149,102,152,381,386,875,361
423,282,343,282,205,252,411,374,893,361
526,400,262,177,142,211,449,466,898,361
505,319,284,208,144,215,412,586,961,361
284,188,227,167,121,171,379,404,874,361
250,154,237,175,121,173,364,378,812,361
629,372,337,271,177,232,378,737,930,361
564,369,389,276,187,278,424,723,904,361
305,229,228,162,123,176,380,399,874,361
347,232,139,99,81,116,384,134,786,361
401,317,183,144,115,154,332,370,886,361
523,352,289,217,158,216,343,731,955,361
701,481,289,215,159,222,433,439,872,361
492,368,111,91,73,92,316,381,887,362
599,370,315,224,154,225,391,614,951,362
534,290,339,249,133,192,444,768,919,362
673,442,308,249,167,218,509,601,969,362
611,408,270,203,142,200,423,543,913,362
486,356,200,132,99,158,387,384,872,362
701,412,375,289,198,275,485,720,928,363
346,230,212,158,114,160,382,398,892,363
439,307,333,265,215,267,413,660,824,363
427,321,216,163,131,179,384,384,847,363
697,405,272,189,116,177,513,432,875,363
417,300,231,165,124,179,379,381,894,363
521,362,239,188,142,191,384,406,908,364
683,470,260,172,121,189,385,493,953,364
197,148,154,115,87,123,388,4,470,364
434,302,193,154,112,148,349,379,786,364
519,372,234,169,129,185,394,513,934,364
376,246,234,167,116,168,384,479,933,364
389,223,266,208,147,192,383,621,930,364
419,310,99,72,58,82,301,382,864,364
471,279,233,184,125,165,302,684,983,365
707,408,389,294,193,268,436,755,930,365
385,304,140,105,88,118,299,384,763,365
530,369,178,134,103,141,369,389,895,365
339,236,228,165,122,175,350,397,896,365
562,379,263,203,147,199,401,454,766,365
588,331,354,252,172,256,551,628,929,365
655,452,544,386,277,416,635,5,670,366
538,335,300,225,160,221,364,604,948,366
319,218,260,181,136,201,354,485,879,366
363,284,207,151,130,174,405,382,828,366
606,359,456,328,219,318,517,790,824,366
459,298,364,266,182,266,501,605,926,366
432,295,215,166,110,148,496,365,852,366
434,319,237,169,131,192,355,367,854,366
461,239,455,303,162,275,468,775,892,366
275,188,158,122,86,117,295,374,889,366
589,336,393,267,175,273,433,585,950,366
227,159,163,133,96,122,465,3,538,366
547,296,314,228,144,212,383,716,952,367
422,301,310,222,160,227,522,471,839,367
500,353,294,207,153,222,320,694,865,367
404,233,338,239,156,232,426,781,810,367
575,390,334,220,160,255,392,435,771,367
524,387,206,130,97,161,381,373,880,367
374,259,217,157,118,170,371,391,840,367
447,284,204,147,98,146,401,376,841,367
444,242,364,275,172,241,376,753,939,367
419,289,195,155,113,147,373,381,870,367
297,209,250,175,134,193,394,375,776,368
644,402,488,366,185,261,403,997,953,368
687,443,153,111,74,111,564,768,1023,368
471,343,138,115,89,108,345,386,872,368
418,261,420,275,178,295,416,736,905,368
472,339,213,159,122,167,404,372,846,368
575,404,242,177,123,178,418,456,941,368
685,456,309,233,171,231,425,429,849,369
431,306,108,83,62,83,327,411,933,369
443,341,131,91,72,107,373,334,890,369
523,395,186,136,111,156,347,382,836,369
439,301,192,135,97,144,398,414,883,369
279,230,156,109,89,129,355,249,818,369
682,470,239,178,129,178,393,485,820,369
435,314,260,202,162,209,476,528,942,369
560,417,267,170,122,198,373,343,834,369
387,280,199,167,133,158,373,386,898,369
203,141,215,157,113,162,291,387,746,369
291,236,264,195,167,228,484,12,696,370
477,271,334,266,178,235,361,760,912,370
443,292,339,223,152,244,408,556,936,370
703,456,246,190,134,177,469,393,846,370
481,303,148,109,73,105,349,696,975,371
422,319,205,145,116,167,346,365,817,371
191,157,169,119,96,142,276,387,858,371
445,306,236,162,121,180,393,398,858,371
618,375,125,101,67,91,185,756,970,371
512,339,113,80,57,85,374,395,801,371
388,281,213,156,118,161,307,505,916,371
514,380,245,165,128,196,480,399,842,371
490,334,199,160,119,157,390,377,884,372
471,338,208,169,130,166,386,369,891,372
611,437,339,277,212,264,403,499,896,372
538,358,209,143,99,154,378,377,868,372
549,359,209,159,116,158,409,393,875,373
706,462,302,210,161,240,423,634,943,373
459,353,191,142,108,150,332,397,874,373
422,323,118,95,79,100,309,371,909,373
459,327,152,119,89,118,347,409,904,373
525,307,309,235,144,207,429,643,932,373
627,422,282,204,148,214,404,539,903,373
512,355,261,209,156,199,396,476,876,373
728,484,344,269,194,252,405,673,826,373
681,430,395,266,172,274,450,775,943,373
416,333,229,149,119,185,541,4,671,374
567,409,209,152,110,158,377,375,853,374
393,244,409,333,235,303,522,527,911,374
593,292,384,318,191,244,444,767,893,374
585,461,178,128,101,147,350,381,842,374
319,233,179,133,104,145,356,374,819,374
365,292,197,161,128,160,326,368,872,375
549,371,288,189,140,222,397,558,941,375
381,237,250,176,123,181,467,394,861,375
350,292,177,129,112,155,411,319,871,375
603,427,233,184,143,190,395,386,888,375
611,414,249,196,139,185,390,391,850,375
491,300,401,314,200,271,314,879,947,375
400,230,233,163,104,162,409,415,892,375
587,310,289,254,134,167,650,0,100,376
553,335,355,247,160,248,402,626,943,376
458,294,265,173,123,190,412,372,662,376
632,431,201,160,116,155,375,395,853,376
589,455,233,170,140,195,371,366,838,376
435,313,162,119,91,128,334,389,859,376
714,429,334,243,164,233,410,701,971,376
262,170,221,154,109,161,396,410,872,376
320,251,192,152,131,163,343,371,885,376
454,340,151,127,102,124,363,380,839,376
416,309,122,93,75,101,332,365,806,376
492,363,235,183,143,192,410,383,843,376
338,262,204,151,119,164,309,359,848,376
437,247,392,263,176,273,511,580,935,377
519,280,551,406,222,302,524,759,860,377
391,263,315,228,158,234,373,747,966,377
391,268,340,254,196,267,397,441,840,377
328,260,193,133,105,158,312,379,907,377
675,481,303,197,152,246,411,369,868,377
469,356,144,124,98,117,321,389,927,377
392,293,187,137,105,148,371,383,880,378
619,402,331,234,162,244,406,708,950,378
635,459,274,200,159,220,411,404,876,378
557,308,413,355,214,266,446,755,946,378
371,243,291,217,147,213,410,423,880,378
668,432,278,219,147,197,393,623,953,378
623,394,299,220,161,229,399,707,891,378
406,279,211,140,99,164,379,392,875,378
536,380,265,187,149,217,397,384,883,378
605,362,316,248,173,227,428,466,885,378
428,307,168,140,101,124,593,875,1023,379
509,346,277,217,148,202,388,697,912,379
501,348,213,165,124,166,391,375,844,379
457,326,226,173,130,172,391,378,870,379
486,350,201,170,138,166,370,390,884,379
503,330,212,173,120,157,377,375,883,379
478,347,231,187,144,184,329,630,906,379
409,265,170,124,91,130,391,394,889,379
310,195,161,122,82,116,310,382,873,380
398,299,227,178,147,188,357,267,834,380
558,303,377,291,173,246,443,760,897,380
412,305,266,182,137,210,355,570,926,380
518,375,237,185,131,173,446,376,812,380
685,399,322,268,176,220,436,576,975,380
298,227,210,162,125,166,323,372,876,381
271,195,168,118,84,127,296,375,899,381
533,406,264,178,136,209,363,354,821,381
449,337,200,178,137,157,359,384,871,381
328,234,145,122,95,114,356,384,863,381
729,454,375,293,187,251,361,659,947,381
552,293,375,293,175,245,390,634,942,381
318,251,157,115,94,131,267,371,841,382
312,187,218,147,103,165,372,374,843,382
440,285,268,190,130,196,408,556,952,382
660,418,348,268,185,254,443,595,903,382
608,363,335,248,151,213,546,533,924,382
720,454,411,297,191,282,420,741,777,382
367,224,395,280,180,267,414,664,953,382
427,251,403,309,153,229,575,2,210,382
661,433,128,93,64,95,385,281,898,382
624,395,291,219,150,210,401,710,955,382
545,374,194,146,115,156,445,382,885,382
359,259,166,143,114,134,352,365,724,383
701,493,193,153,110,142,400,380,896,383
504,372,160,121,97,126,331,394,926,383
422,312,188,139,111,152,429,386,855,383
652,420,226,161,112,163,408,387,881,383
527,303,314,217,136,210,389,732,832,383
400,304,173,128,102,141,357,377,811,383
319,181,369,268,170,244,280,757,905,383
463,278,296,228,160,216,368,606,974,383
449,275,353,252,175,259,484,713,926,383
542,331,281,201,131,194,449,526,913,383
560,311,332,241,158,232,394,759,876,383
591,466,124,100,84,106,335,377,836,384
287,204,264,193,142,197,369,402,819,384
203,142,185,145,110,143,312,376,860,384
504,348,227,182,146,186,453,382,850,384
349,227,221,159,110,161,392,369,855,384
482,400,427,311,266,374,466,175,653,384
526,324,327,243,172,240,403,529,875,384
457,303,286,207,147,212,405,461,919,384
649,437,220,170,122,164,413,395,844,384
240,161,296,197,133,214,353,413,854,384
594,407,309,217,157,234,389,591,807,385
514,296,349,255,157,236,442,758,986,385
555,406,192,165,123,149,374,374,851,385
608,395,244,189,134,177,493,388,892,385
652,420,295,214,144,210,426,399,884,385
369,256,188,140,105,149,354,381,849,385
490,338,259,192,141,202,374,453,897,385
171,139,162,140,109,129,257,360,844,385
448,354,151,119,100,129,352,389,873,385
514,305,311,259,160,215,393,725,827,385
497,380,280,193,156,234,456,685,950,386
246,167,254,199,130,175,329,444,838,386
462,282,493,356,213,326,455,757,897,386
315,205,217,156,110,162,372,482,937,386
579,287,382,269,147,230,458,735,915,386
540,363,474,351,244,342,615,12,672,386
485,372,197,143,112,159,347,418,877,386
700,422,263,196,125,175,434,439,863,387
582,440,307,223,167,238,372,358,840,387
474,352,298,219,160,229,391,447,911,387
637,441,239,187,133,178,389,505,931,387
449,238,359,283,174,235,399,708,942,387
699,475,328,221,158,241,421,458,904,387
417,287,233,179,137,185,369,487,900,388
519,313,338,262,170,231,424,674,959,388
707,410,441,340,219,299,462,809,897,388
445,302,210,171,131,167,410,380,782,388
318,236,186,141,110,146,281,396,848,388
689,472,323,228,168,253,410,513,719,388
450,291,297,206,147,218,368,445,766,388
370,276,126,87,67,101,318,389,926,389
184,147,135,103,91,119,403,19,708,389
398,331,336,239,197,282,468,552,870,389
647,465,249,207,157,194,387,431,893,389
686,480,245,177,128,185,404,381,862,389
298,247,205,151,128,174,379,388,860,389
697,418,146,121,75,95,441,770,1023,389
416,288,267,190,143,212,369,474,896,389
244,156,210,151,108,157,310,378,878,389
403,247,302,209,138,216,382,607,865,389
709,485,262,202,150,197,366,587,944,389
609,469,201,148,117,164,391,381,785,390
473,254,317,233,133,197,414,736,916,390
277,210,185,149,120,150,272,357,846,390
499,351,231,178,131,178,391,386,854,390
575,296,304,230,139,196,405,764,920,390
453,325,291,228,176,236,336,579,921,390
318,256,198,152,125,166,338,167,761,390
392,286,177,139,107,144,380,395,836,390
266,188,209,161,125,165,342,356,819,390
463,265,324,237,155,224,315,666,945,390
518,354,273,208,138,194,386,492,938,391
532,378,205,149,116,165,441,374,821,391
365,252,230,168,129,181,352,426,858,391
379,297,226,160,122,184,380,347,887,391
568,436,188,153,124,156,361,388,875,391
412,296,181,138,111,149,343,370,858,391
441,306,305,201,138,226,395,561,918,391
257,175,249,182,127,181,196,499,787,391
714,435,312,234,165,234,452,607,975,392
677,422,496,353,255,366,533,773,928,392
538,395,248,194,153,200,386,378,846,392
513,360,296,214,158,223,441,632,898,392
661,468,210,164,121,160,412,389,865,392
647,484,227,169,134,185,478,388,820,393
386,252,197,165,116,144,369,434,920,393
418,191,364,259,146,223,429,774,932,393
710,484,225,168,121,170,413,397,892,393
585,383,274,228,164,200,448,583,931,393
589,361,272,200,129,190,394,601,985,393
629,418,335,239,169,252,411,454,888,393
666,431,386,266,184,276,397,685,925,393
599,468,157,115,94,132,355,387,900,393
688,396,443,340,213,300,545,782,889,393
703,430,223,171,121,164,459,557,966,393
257,196,156,127,100,128,355,2,215,393
480,352,178,130,102,146,360,381,886,393
509,387,177,122,101,148,339,383,872,393
237,177,152,115,88,120,331,370,912,394
414,295,205,161,124,164,359,368,903,394
369,298,167,137,112,142,353,449,898,394
526,350,138,112,78,98,300,567,920,394
343,223,305,215,165,244,493,385,827,394
608,357,333,243,141,217,423,581,969,394
326,193,336,243,153,231,437,535,913,394
410,353,166,112,100,148,337,385,884,394
497,391,145,110,94,124,361,366,869,394
559,320,302,214,129,198,415,509,829,395
278,210,160,130,101,128,322,379,868,395
441,336,181,127,100,147,352,310,877,395
582,298,434,317,186,277,437,777,841,395
401,267,219,157,119,173,378,387,890,395
681,437,269,233,178,210,421,640,926,395
629,443,185,143,107,141,378,371,827,395
464,329,157,126,98,124,335,361,850,395
372,273,274,196,147,212,334,554,974,395
425,240,388,279,178,264,444,764,934,395
406,299,241,165,124,188,387,378,821,395
442,312,267,212,157,203,337,583,963,396
187,182,195,125,119,186,356,3,561,396
271,202,224,166,137,186,338,382,866,396
465,313,282,218,146,201,417,425,910,396
311,226,181,125,97,147,364,367,903,396
732,416,405,309,209,289,511,741,977,396
411,232,279,224,150,194,395,508,957,396
392,337,142,99,85,123,288,373,842,396
640,398,277,216,152,205,409,633,975,396
443,298,333,231,161,244,393,478,869,396
486,353,288,202,164,239,521,536,803,396
514,349,214,179,134,164,361,434,916,396
331,215,183,142,104,144,359,384,903,397
426,280,181,146,113,145,469,368,858,397
389,289,165,115,88,134,314,382,877,397
366,266,240,181,142,193,347,534,769,397
520,360,356,259,204,287,515,536,906,397
332,210,243,187,135,181,399,381,874,397
706,453,415,285,178,283,436,725,921,397
328,245,105,81,66,86,322,237,827,397
325,230,227,177,135,180,368,381,863,397
351,257,205,138,102,159,356,372,799,397
353,269,215,153,119,176,368,370,856,397
258,208,184,123,97,149,351,372,851,397
631,388,244,184,131,176,495,381,829,398
514,299,344,261,163,231,390,734,945,398
562,299,355,252,159,235,449,692,949,398
279,195,206,140,102,153,351,368,865,398
423,331,262,207,163,213,415,442,916,398
724,413,485,332,191,310,445,720,922,398
480,358,213,183,122,155,331,379,855,398
411,248,338,265,169,231,340,693,919,398
487,341,197,161,126,157,378,373,896,398
670,458,236,189,133,174,412,476,905,398
344,229,192,139,102,148,529,3,597,398
414,291,219,159,121,170,432,368,852,398
324,212,222,150,104,163,437,391,879,398
574,390,226,170,120,169,398,383,829,398
425,273,197,151,112,153,416,378,885,399
417,302,258,190,154,213,483,396,863,399
423,285,204,149,109,155,400,412,925,399
548,358,316,254,176,230,412,653,986,399
275,198,189,139,105,147,320,378,862,399
613,428,253,183,139,202,372,370,851,399
360,211,333,257,160,221,360,752,939,399
396,278,290,221,156,220,279,557,949,399
673,433,263,196,138,194,363,534,936,399
302,201,262,201,141,191,399,379,887,399
488,309,260,199,141,191,358,557,918,400
547,323,351,278,178,234,508,699,956,400
702,430,371,264,184,274,432,617,950,400
629,417,249,182,127,181,394,403,878,400
547,296,416,294,186,282,520,787,936,400
478,270,489,369,228,315,475,710,920,400
691,427,244,177,116,170,413,440,896,400
333,158,35,15,42,93,495,19,595,400
473,287,232,178,113,160,372,609,859,400
557,442,196,138,115,165,356,397,879,400
395,274,281,218,173,228,370,368,839,400
531,398,190,161,128,154,350,515,978,400
438,366,163,118,100,138,433,377,905,400
525,338,254,188,136,190,413,517,910,400
535,314,345,262,164,230,486,384,827,401
312,232,171,120,92,139,301,380,848,401
503,365,226,164,132,183,393,380,833,401
380,264,301,223,155,215,260,624,923,401
461,273,250,190,130,176,400,384,856,401
266,157,177,133,89,125,385,392,924,401
708,427,410,314,214,291,443,704,906,401
654,370,450,364,188,251,477,780,905,401
552,322,425,305,199,298,446,746,802,401
501,352,285,222,167,218,384,374,883,401
593,444,353,231,189,296,487,624,851,401
455,306,251,193,148,200,389,419,913,401
423,281,388,272,186,285,407,669,956,401
529,360,146,120,80,106,412,756,974,401
663,358,455,296,172,290,502,779,855,401
543,333,324,242,165,236,375,627,921,402
545,402,237,163,122,182,374,372,869,402
634,467,293,210,159,238,392,513,897,402
654,432,284,222,176,230,499,408,880,402
305,240,172,117,92,141,327,260,895,402
561,408,200,153,122,163,375,415,915,402
524,387,225,178,135,178,360,381,848,402
478,357,195,151,120,159,377,382,841,402
432,291,326,211,144,240,371,525,893,402
351,254,217,161,128,175,342,372,784,402
543,373,348,232,169,266,378,518,933,402
479,327,287,210,154,218,381,622,895,402
547,365,292,217,145,204,399,572,922,402
607,319,342,254,179,249,479,522,906,402
553,413,178,145,117,147,364,401,903,402
505,292,414,284,171,270,426,602,921,402
512,355,244,176,130,189,369,376,801,402
504,327,223,167,119,167,379,471,846,402
610,357,297,220,133,194,387,648,866,403
430,269,356,268,181,241,359,618,874,403
485,317,201,159,104,141,421,369,844,403
532,373,310,219,159,232,391,363,844,403
291,209,192,150,124,154,426,375,832,403
350,253,220,158,107,160,424,373,811,403
505,368,202,161,128,162,364,386,869,403
538,329,364,257,167,250,420,715,970,403
629,358,378,287,179,260,403,589,896,404
557,348,333,253,162,223,404,711,939,404
629,423,263,198,141,196,409,400,866,404
431,315,164,126,98,129,321,371,861,404
299,223,194,139,111,159,328,373,850,404
549,376,201,135,98,155,397,390,849,404
465,351,165,125,100,135,325,364,852,404
304,261,171,125,109,147,282,366,863,404
625,448,221,156,114,168,385,365,861,404
552,388,209,158,122,169,390,470,886,404
591,330,402,306,193,264,453,791,902,404
235,224,97,67,61,89,342,1,220,404
165,139,118,82,73,106,438,2,611,404
369,280,134,94,76,112,322,229,811,405
436,301,173,139,112,140,312,369,832,405
470,346,215,166,126,169,367,415,883,405
529,373,219,180,142,176,390,393,863,405
472,279,293,232,152,205,356,683,938,405
448,255,316,229,147,215,428,615,906,405
526,347,286,238,165,206,287,635,927,405
452,311,220,157,120,175,386,391,879,406
383,292,148,105,84,119,344,241,792,406
518,382,197,153,117,153,359,372,857,406
387,272,200,162,120,153,375,350,892,406
475,267,284,209,141,201,401,547,944,406
645,416,345,247,185,264,444,553,873,406
442,277,314,244,168,233,404,630,922,406
445,297,266,187,126,192,391,398,933,406
438,276,366,271,189,272,474,699,939,406
446,236,383,309,182,243,416,748,935,406
625,423,181,140,103,138,373,497,944,406
472,393,159,120,108,141,353,389,857,406
671,435,240,173,119,173,427,345,885,407
542,325,280,224,175,221,453,449,845,407
375,281,196,139,109,157,349,359,875,407
558,316,352,257,163,238,372,733,864,407
327,214,229,153,106,170,374,382,874,407
465,328,301,237,172,223,380,384,880,407
495,345,204,168,129,161,375,405,859,407
637,454,158,124,92,124,361,399,857,407
350,284,156,117,99,130,299,437,796,407
584,441,238,180,140,189,414,390,871,407
713,489,247,218,151,173,494,393,855,407
525,292,349,247,158,236,457,763,782,408
598,432,325,216,163,254,447,518,939,408
527,363,250,193,138,188,387,424,885,408
654,426,307,230,164,228,421,548,922,408
514,389,195,157,124,157,387,386,844,408
451,310,242,169,122,183,400,391,867,408
612,433,311,235,182,241,408,601,890,408
631,391,289,218,152,207,412,599,783,408
441,287,208,145,94,147,405,390,867,408
671,483,262,228,185,215,410,382,910,408
569,338,298,212,157,223,512,498,869,408
589,392,249,152,114,191,397,408,883,409
505,287,305,236,161,214,390,659,990,409
333,245,151,110,90,126,285,430,885,409
710,429,428,288,189,287,479,631,933,409
488,328,234,181,127,174,371,399,858,409
400,267,347,284,197,252,369,723,956,409
397,286,203,160,125,161,377,370,867,409
497,351,247,195,141,189,418,454,938,410
509,362,186,131,97,143,365,378,884,410
509,342,347,220,155,260,370,640,935,410
439,298,213,165,118,160,350,372,886,410
335,249,450,336,213,302,485,807,891,410
391,251,276,191,129,199,501,14,747,410
218,164,207,153,125,170,350,296,865,410
283,253,144,107,97,128,389,2,228,410
223,157,228,173,125,171,302,392,913,410
717,464,318,239,166,229,440,659,982,410
574,375,219,165,113,158,408,372,856,411
534,278,409,307,200,282,506,635,917,411
670,446,233,179,139,183,505,487,927,411
701,470,232,178,135,176,456,375,872,411
628,364,295,213,137,203,411,497,943,411
666,401,338,239,160,241,436,552,894,411
409,292,264,196,154,209,371,363,857,411
460,325,324,226,166,249,511,394,818,411
694,394,397,315,195,255,450,782,933,411
186,133,204,145,106,155,325,367,827,411
474,344,172,136,104,134,358,384,857,411
501,279,404,318,194,267,419,773,944,412
708,479,261,200,145,195,355,571,924,412
726,483,347,272,188,254,437,514,902,412
657,354,387,285,172,244,445,701,949,412
637,333,401,278,162,259,441,746,933,412
509,363,317,238,166,234,297,657,947,412
544,349,272,205,144,196,384,554,776,412
681,466,265,202,146,201,420,532,913,413
583,411,287,209,151,219,402,521,837,413
549,299,350,251,164,244,404,642,940,413
489,337,348,255,175,247,399,496,917,413
460,307,237,192,136,175,386,392,787,413
398,312,304,206,157,238,371,389,866,413
538,310,428,308,221,322,504,607,901,413
503,244,321,233,139,205,515,599,930,413
576,327,423,288,186,290,444,727,897,413
534,349,477,335,230,345,533,745,880,413
398,244,336,230,155,240,406,644,917,413
408,225,407,292,194,288,446,769,972,413
543,326,289,234,140,188,414,377,808,413
530,371,228,180,140,181,379,366,845,413
417,291,209,148,103,160,375,358,849,414
321,236,253,190,145,195,338,475,882,414
627,456,221,163,130,178,379,401,884,414
279,225,179,108,83,143,477,4,632,414
378,253,175,133,101,135,385,385,881,414
443,238,422,322,194,277,440,687,955,414
493,354,225,148,113,181,360,381,872,414
599,433,189,154,118,149,400,394,853,414
686,366,470,356,203,289,446,1023,986,415
515,396,192,144,108,150,414,374,891,415
376,318,136,94,79,117,308,328,823,415
319,215,260,192,132,193,411,435,879,415
465,354,249,197,156,197,372,371,856,416
327,219,198,149,110,156,382,411,904,416
576,398,188,144,106,142,355,364,891,416
734,436,381,296,172,237,418,874,970,416
428,260,248,217,161,183,463,362,787,416
457,279,295,208,138,208,394,523,928,416
697,460,241,185,128,178,396,383,857,416
359,246,266,180,128,198,410,390,835,416
522,385,186,144,119,153,370,381,893,416
630,383,444,346,235,314,433,665,922,416
505,327,201,152,106,145,383,384,873,417
296,187,208,145,96,147,369,369,848,417
218,167,193,159,125,155,287,359,820,417
684,459,282,211,142,201,418,388,855,417
471,302,226,178,123,165,395,374,705,417
169,135,115,95,87,105,379,3,417,417
560,409,349,269,196,264,401,475,910,417
271,179,229,165,122,173,426,388,881,417
469,319,212,162,121,162,352,462,815,417
656,454,339,277,211,263,430,573,727,418
508,355,213,156,115,165,390,389,845,418
458,305,137,88,63,105,409,358,603,418
232,206,104,81,76,97,294,124,840,418
707,452,355,258,167,242,422,396,873,418
349,234,253,203,149,198,380,378,852,418
600,418,240,193,142,182,371,479,879,418
718,482,275,212,158,212,424,455,904,418
343,236,246,183,130,181,357,459,847,418
470,348,264,200,154,208,322,531,925,418
518,363,238,184,134,176,321,622,983,418
459,354,146,110,91,122,342,380,853,418
329,211,283,192,137,214,385,410,881,418
374,258,253,191,136,187,379,385,862,418
377,229,329,226,145,230,407,602,964,418
564,313,268,198,123,175,528,387,914,418
408,305,225,160,129,185,408,288,846,419
417,305,129,104,79,102,326,366,883,419
440,232,413,304,175,258,478,778,891,419
548,365,242,170,124,176,384,368,886,419
399,284,175,131,101,138,358,372,821,419
591,389,254,205,155,200,414,420,880,419
531,392,173,143,111,138,375,388,819,419
473,310,220,163,126,175,392,393,861,419
370,280,295,199,149,232,363,361,860,420
334,218,219,178,129,165,289,508,957,420
702,438,327,253,171,228,410,635,983,420
673,392,346,276,189,249,446,760,1003,420
482,382,194,122,99,161,344,245,802,420
655,386,368,290,198,261,417,744,916,420
725,479,271,207,152,208,401,558,930,421
260,192,228,155,115,173,341,393,813,421
438,325,239,156,117,190,364,364,855,421
381,287,186,136,106,147,343,368,910,421
381,240,217,151,106,156,386,414,880,421
451,348,174,126,98,138,346,348,884,421
551,376,329,207,153,251,495,199,912,421
620,398,226,181,150,189,505,395,843,421
381,234,219,165,114,159,392,442,856,421
323,257,192,142,114,159,320,362,855,421
472,289,258,210,137,181,374,607,951,421
385,296,205,152,119,165,366,415,961,422
368,275,161,121,99,134,350,318,879,422
559,402,259,189,143,199,395,375,877,422
464,358,358,260,213,292,402,427,894,422
536,360,230,172,121,171,404,403,896,422
625,414,300,214,159,225,449,446,914,422
598,389,308,222,154,226,410,464,889,422
369,257,180,145,101,134,322,355,859,422
556,366,260,193,137,196,386,542,944,422
411,254,250,183,124,184,422,462,739,422
574,429,209,149,107,156,365,360,869,422
698,379,381,286,173,246,453,758,913,423
634,444,222,185,139,170,398,374,829,423
501,286,441,338,203,294,441,758,964,423
684,366,517,368,194,307,476,1023,996,423
529,379,129,106,77,94,517,388,925,423
341,252,363,244,180,277,481,179,897,423
431,340,391,252,196,325,478,393,835,423
595,374,229,141,85,151,416,394,860,423
526,358,194,162,117,142,391,388,880,423
484,310,286,245,165,208,391,642,920,423
494,307,220,166,107,154,386,408,878,423
200,141,206,155,103,144,375,376,805,423
572,405,252,182,143,202,477,543,954,424
414,293,285,206,156,219,529,383,882,424
649,355,397,341,198,255,449,833,969,424
391,267,239,152,107,174,376,387,816,424
581,425,195,135,106,157,379,379,854,424
469,376,179,122,103,153,305,356,853,424
443,365,144,119,107,129,385,98,771,425
453,310,475,352,252,352,540,10,729,425
583,433,157,126,100,125,327,377,845,425
618,448,178,137,102,141,393,383,857,425
449,318,246,185,135,181,349,561,937,425
717,479,275,209,150,207,420,513,880,425
369,232,192,138,102,147,379,394,841,425
569,404,372,263,210,310,522,777,942,425
289,206,266,207,160,215,380,423,834,425
490,234,460,344,176,264,487,772,926,425
495,386,202,157,125,164,353,375,887,425
482,351,174,147,121,146,381,372,843,425
633,393,393,288,176,246,426,709,802,426
606,430,258,179,126,196,419,405,854,426
680,422,323,255,175,239,417,604,962,426
526,388,202,161,136,168,371,379,852,426
399,236,314,222,149,224,410,545,913,426
566,365,344,250,170,251,368,585,928,426
630,440,243,174,122,182,396,399,824,426
392,260,343,236,147,228,395,607,941,426
555,355,257,224,164,198,463,388,869,427
364,280,106,84,71,90,325,216,845,427
561,381,228,165,122,173,376,407,896,427
611,426,211,165,124,160,391,382,829,427
429,281,187,137,102,146,380,384,744,427
686,362,429,329,209,294,460,739,918,427
530,405,212,164,133,177,353,385,895,427
634,336,347,263,163,239,387,726,934,427
383,253,152,100,69,112,351,388,878,427
582,412,303,210,162,235,407,446,849,427
612,391,252,213,133,169,416,379,848,427
486,352,196,153,118,153,385,367,863,428
210,194,97,72,67,90,333,1,234,428
526,323,352,240,153,240,423,562,937,428
234,178,196,145,106,151,425,375,830,428
621,409,280,180,122,199,425,445,913,428
671,381,297,235,122,169,443,761,868,428
604,404,429,324,192,274,447,1023,949,428
394,280,144,104,80,113,342,381,883,428
524,335,460,343,219,301,414,1023,965,429
442,281,301,224,156,222,389,578,971,429
541,335,391,275,185,284,435,639,935,429
606,430,267,186,139,207,392,369,853,429
346,236,179,142,100,130,375,381,838,429
266,202,216,142,107,175,347,399,858,429
476,312,217,151,107,160,419,379,878,429
433,269,242,174,124,179,392,412,858,429
653,358,352,273,184,253,531,585,786,429
301,201,234,147,102,171,376,389,832,430
494,344,202,147,108,153,366,390,850,430
454,284,199,149,99,140,439,371,829,430
685,386,362,274,165,243,499,668,980,430
163,151,131,88,82,121,301,1,233,430
579,337,358,274,182,252,438,679,932,430
652,451,243,192,148,190,391,577,939,431
449,274,274,204,139,191,407,512,957,431
447,270,292,211,142,210,420,474,893,431
316,235,201,165,131,165,323,383,758,431
653,419,300,214,141,214,418,488,892,431
476,332,203,156,107,153,387,370,849,431
403,301,198,152,119,156,450,380,899,431
485,243,167,145,85,106,470,1,157,432
259,155,290,222,140,198,275,681,877,432
373,292,222,162,124,172,338,371,829,432
537,417,184,142,117,149,384,380,865,432
614,415,267,200,147,205,447,551,911,432
501,289,379,283,184,264,451,659,915,432
572,373,273,204,129,185,404,515,892,432
454,316,306,196,134,223,389,392,826,432
373,288,138,110,92,117,334,389,865,432
638,489,207,146,120,171,371,368,847,432
437,311,373,295,221,294,519,375,827,433
492,339,218,161,119,167,372,368,874,433
609,405,292,211,160,229,492,397,867,433
505,389,185,141,112,151,356,351,792,433
639,429,302,236,166,217,419,466,898,433
499,383,103,80,66,85,295,378,846,433
668,475,237,162,126,185,401,383,871,433
510,307,296,215,144,211,392,564,917,433
539,367,301,233,162,219,381,588,900,433
684,471,226,184,129,169,408,382,860,433
387,240,294,207,114,181,660,0,191,434
316,242,174,130,107,147,314,366,852,434
564,331,385,303,192,267,436,653,946,434
594,368,252,204,148,189,506,408,860,434
342,258,261,201,156,211,404,545,934,434
490,288,341,229,144,235,424,586,746,434
576,384,177,138,104,135,471,376,901,434
419,270,193,151,104,139,395,415,870,435
698,454,357,245,192,289,523,627,947,435
382,241,284,210,149,209,431,418,867,435
333,262,199,156,128,163,261,582,901,435
334,201,270,205,137,184,346,451,867,435
455,288,324,236,166,242,406,567,951,435
665,412,267,208,146,192,466,466,922,435
686,421,250,197,106,135,466,370,882,435
545,306,354,262,159,237,493,771,916,435
652,367,450,323,209,306,449,736,905,436
617,409,298,198,140,225,393,482,907,436
641,462,190,139,107,153,401,391,880,436
659,465,191,151,111,144,387,384,745,436
637,474,232,156,119,185,379,386,897,436
399,299,231,159,127,196,358,380,855,436
397,298,247,172,129,189,373,380,908,436
445,222,212,140,74,119,520,737,939,436
588,417,214,153,113,166,393,376,852,436
379,219,233,178,102,143,435,394,881,436
656,421,242,176,129,183,347,584,992,436
341,243,261,243,193,209,461,377,844,436
393,302,285,219,166,228,484,378,856,436
569,419,222,168,131,173,417,378,862,436
551,433,296,215,181,251,449,2,240,437
367,256,204,156,115,156,344,375,887,437
511,291,518,342,211,335,475,705,918,437
519,305,398,279,164,256,526,686,932,437
607,434,272,202,149,210,380,636,926,437
502,341,152,127,91,113,339,374,907,437
514,361,299,227,170,235,493,398,903,437
206,151,147,109,86,116,424,3,519,437
526,317,400,276,183,279,452,535,866,437
407,290,252,183,137,193,390,380,903,438
726,441,386,298,202,273,448,769,939,438
373,265,332,244,194,267,391,691,941,438
668,392,556,423,232,333,525,1023,994,438
428,277,241,176,121,176,391,477,907,438
342,189,336,246,156,229,412,630,940,438
436,241,292,222,121,170,540,379,824,438
357,251,191,143,108,147,345,264,855,438
682,373,365,283,180,242,522,765,937,438
565,410,226,199,149,176,392,406,895,438
689,414,140,112,68,96,268,902,1020,439
610,348,257,200,145,191,492,418,865,439
507,398,174,126,103,146,422,397,825,439
297,223,152,111,90,125,333,391,780,439
669,389,474,355,233,328,446,769,951,439
663,452,289,224,165,217,395,377,863,439
670,439,236,166,116,175,384,417,880,439
699,469,258,210,150,193,408,467,909,439
442,301,212,169,124,162,347,362,868,440
345,265,174,130,111,148,405,386,814,440
602,433,223,160,119,175,343,356,902,440
370,303,317,224,181,265,454,356,803,440
679,448,338,254,191,262,539,658,942,440
635,352,560,408,232,345,474,796,906,440
539,299,366,271,156,234,389,768,894,440
357,248,241,184,131,179,384,366,870,440
333,256,241,159,118,190,386,417,868,441
543,388,341,255,198,267,484,558,905,441
653,470,176,128,95,134,345,379,874,441
692,451,344,257,181,252,407,668,917,441
697,400,322,242,158,229,427,761,775,441
573,385,269,217,156,204,415,453,876,441
599,441,267,185,138,207,372,483,942,441
657,386,392,292,197,275,429,701,908,442
458,336,266,200,178,235,501,449,913,442
607,408,217,181,121,154,354,477,948,442
382,224,347,267,163,235,393,685,875,442
431,305,180,129,99,144,360,366,891,443
174,156,108,89,84,100,306,1,216,443
554,389,259,200,145,197,411,423,880,443
318,204,265,205,140,189,364,507,868,443
481,294,280,195,129,194,400,549,947,443
567,430,196,144,119,165,377,333,871,443
596,403,256,193,141,192,393,483,903,444
449,281,270,190,136,200,438,468,909,444
442,292,322,253,180,235,386,570,928,444
442,315,182,133,99,139,339,397,850,444
460,254,344,258,168,240,443,587,975,444
662,390,284,207,124,187,382,715,957,444
352,222,192,150,107,145,373,387,913,444
479,352,204,168,124,158,435,418,899,444
606,401,234,183,124,166,410,519,841,444
411,331,174,126,105,146,310,375,831,445
557,421,202,149,119,165,370,371,839,445
530,391,208,148,117,170,346,421,935,445
449,338,167,127,101,135,330,376,893,445
263,216,132,103,88,113,288,377,917,445
607,395,349,239,160,252,417,640,935,445
437,276,213,167,117,159,375,439,862,445
432,304,201,154,122,159,364,413,878,445
565,395,224,166,118,172,398,403,764,445
340,239,184,144,113,143,352,362,869,446
518,337,295,216,152,221,380,697,952,446
570,402,187,138,106,148,392,381,836,446
381,315,132,107,91,113,341,217,853,446
462,336,252,202,155,195,371,600,955,446
267,208,164,115,89,131,285,371,833,446
432,324,198,148,118,161,366,372,821,446
491,265,370,268,161,244,459,711,937,446
442,307,223,164,119,170,512,381,885,446
443,344,166,131,109,139,354,378,874,446
646,375,351,253,164,241,415,752,903,447
628,428,337,251,169,230,418,714,921,447
427,294,195,144,106,149,361,406,900,447
469,293,312,244,179,237,383,425,831,447
609,409,199,166,122,151,390,365,856,447
309,292,110,80,76,102,389,1,239,447
359,237,282,208,153,216,409,476,926,447
577,392,247,165,119,187,383,514,928,447
466,286,304,229,164,232,374,527,924,447
531,342,253,218,150,180,367,562,951,447
485,344,125,103,78,99,305,381,901,448
532,388,134,110,85,108,361,390,864,448
379,259,151,114,87,115,352,379,725,448
551,428,229,165,143,196,432,2,197,448
345,216,204,165,117,147,378,376,839,448
306,220,223,160,126,180,379,355,868,448
510,293,311,227,147,219,404,677,949,448
712,490,290,215,154,213,386,677,965,448
636,404,293,232,171,224,395,737,940,448
232,172,244,188,138,188,298,478,906,448
673,475,194,141,104,149,392,391,882,448
621,387,233,178,117,160,397,414,902,449
509,333,235,158,109,173,396,383,899,449
577,372,399,274,171,272,422,559,912,449
675,454,353,271,178,243,404,623,945,449
293,219,182,127,99,142,294,358,846,449
448,252,388,303,187,257,435,770,905,449
646,421,286,228,166,212,420,630,981,449
571,381,172,138,100,130,386,392,774,449
384,251,262,212,146,185,374,552,872,449
255,172,213,150,119,169,324,367,838,449
593,310,456,340,201,292,442,739,949,449
462,333,115,98,72,88,205,797,1009,449
454,336,225,173,135,182,383,380,920,449
651,444,276,220,160,209,415,532,947,449
444,237,377,273,161,247,426,781,939,449
535,338,266,191,136,193,383,585,915,450
569,336,290,233,163,212,494,508,913,450
307,228,244,175,134,192,265,474,768,450
556,381,326,262,185,235,386,627,938,450
520,407,159,120,99,133,351,376,870,450
666,424,260,188,131,189,408,421,892,450
404,242,342,261,173,234,432,608,953,450
579,413,293,224,176,231,456,222,828,450
462,338,178,141,108,140,329,370,851,450
511,334,281,205,141,203,412,369,855,450
221,157,158,117,85,119,270,374,868,450
429,241,288,223,149,201,373,685,935,451
413,276,257,171,105,171,422,447,884,451
218,203,168,105,98,159,395,3,612,451
276,205,230,158,117,179,371,379,875,451
570,357,373,293,163,223,418,718,991,451
694,439,316,232,151,223,411,709,931,451
334,236,229,187,150,187,385,409,870,452
532,343,291,234,163,215,369,591,891,452
269,238,301,225,218,287,410,2,207,452
480,335,232,173,129,182,383,349,808,452
546,374,222,160,111,162,354,495,941,452
450,358,221,168,138,180,394,384,887,452
605,368,322,242,166,232,390,693,958,452
491,344,269,175,122,198,398,370,851,452
503,386,199,144,117,165,384,383,823,452
367,266,125,108,87,102,308,389,845,452
443,298,182,141,105,140,362,379,843,452
363,235,225,175,129,172,402,392,882,452
538,340,295,228,161,220,397,740,877,452
315,223,193,155,113,144,354,368,859,452
563,403,275,194,136,203,499,385,819,453
341,258,172,122,97,142,300,373,854,453
672,431,411,311,213,285,413,734,917,453
447,256,271,213,155,203,497,500,938,453
189,147,183,139,116,152,295,360,835,453
450,309,188,130,94,138,373,397,824,453
700,456,376,272,181,271,424,464,862,453
461,336,207,131,98,163,411,385,924,453
370,257,195,151,114,154,373,369,831,453
436,249,300,221,145,212,404,476,884,454
620,419,279,221,164,212,414,447,937,454
358,252,216,153,110,165,345,393,858,454
424,254,352,267,174,241,249,622,927,454
554,376,264,198,148,207,384,444,900,454
361,255,227,168,132,183,353,378,873,455
434,277,462,331,212,308,431,700,772,455
494,372,150,118,96,123,311,379,830,455
480,292,270,201,139,196,419,521,923,455
549,389,253,195,145,191,495,391,887,455
512,380,177,136,107,142,422,379,821,455
568,390,226,168,125,176,383,399,923,455
534,364,225,180,124,162,390,388,882,455
556,358,248,164,108,176,377,479,925,455
253,178,226,171,115,160,349,387,840,456
674,454,317,229,166,240,448,487,966,456
280,178,252,178,123,182,122,575,914,456
500,386,170,143,117,139,336,383,870,456
428,290,430,316,228,326,393,734,944,457
580,432,187,150,120,151,364,380,816,457
510,358,207,154,119,164,383,385,900,457
373,219,310,224,153,224,393,581,908,457
316,254,168,131,106,139,332,369,837,457
555,335,316,222,157,230,518,379,859,457
449,238,399,292,179,265,404,560,947,458
621,320,411,283,129,215,453,737,914,458
414,310,202,127,93,159,346,375,866,458
202,151,220,166,134,182,365,1,198,458
576,396,249,165,122,190,420,377,923,458
460,314,271,186,137,206,416,375,852,458
572,376,300,221,145,214,420,581,956,458
268,191,280,212,143,196,425,367,834,458
357,279,167,132,108,139,360,221,842,459
558,368,255,174,117,180,405,412,851,459
561,369,238,183,129,182,467,378,875,459
691,376,279,194,117,184,513,382,828,459
615,429,181,134,99,138,364,369,880,459
247,189,166,125,99,132,268,352,866,459
433,243,357,258,163,247,400,688,960,459
487,311,319,211,136,224,409,369,881,459
527,381,154,114,87,123,350,375,779,459
244,180,173,128,110,148,415,373,882,459
347,244,173,128,94,131,380,385,853,460
683,464,245,205,147,184,397,362,816,460
279,209,211,138,101,166,342,359,880,460
591,334,387,315,207,268,404,740,895,460
338,276,156,121,98,132,315,400,849,460
510,381,198,151,119,162,385,444,910,460
606,419,250,167,123,199,404,415,860,460
338,225,315,243,166,228,374,589,955,460
643,412,312,230,151,221,419,510,925,460
586,420,213,165,123,166,393,388,874,460
307,220,247,183,145,198,379,393,840,461
483,321,183,138,98,136,381,402,828,461
428,315,268,190,150,221,370,358,893,461
493,347,246,184,135,190,382,319,877,461
566,295,205,168,83,111,541,1023,1023,461
391,236,318,262,174,224,376,687,978,461
441,315,193,139,106,154,359,400,867,461
402,299,173,126,99,138,334,381,872,461
396,294,192,144,112,156,351,373,803,461
332,223,237,195,135,170,382,446,868,462
361,264,235,175,126,180,244,618,958,462
643,440,223,166,114,159,379,381,869,462
525,353,251,189,140,192,381,578,927,462
172,159,117,74,71,112,362,2,208,462
453,240,353,264,172,244,448,761,932,462
418,272,233,165,121,178,356,497,956,462
546,272,565,411,212,319,500,782,884,462
558,375,305,249,184,225,404,647,962,462
486,317,170,135,94,128,245,737,972,463
421,355,118,82,72,104,347,236,941,463
616,388,289,216,157,217,370,747,821,463
497,313,305,242,149,205,361,640,935,464
459,350,197,152,123,160,348,368,828,464
663,451,252,208,148,190,376,491,889,464
359,272,197,137,107,159,349,365,893,464
367,273,233,176,132,181,354,507,877,464
401,246,273,186,130,197,404,542,903,464
424,318,185,155,116,140,330,471,746,464
417,327,217,159,128,176,356,357,793,464
465,260,345,258,163,235,389,655,851,464
402,247,203,142,102,152,376,389,894,464
470,325,308,242,177,233,373,639,958,464
268,192,170,126,94,133,301,369,900,465
421,227,275,201,137,201,461,406,779,465
669,378,324,259,206,263,495,710,962,465
580,424,240,179,132,184,383,362,831,465
450,361,181,128,107,153,319,385,845,465
423,313,234,169,129,183,378,385,905,465
190,132,221,193,133,162,316,442,876,465
499,293,253,186,118,168,412,448,894,465
531,379,167,128,92,127,356,394,901,465
406,272,253,183,135,193,388,475,900,465
463,314,255,189,127,183,269,630,923,465
480,328,251,195,144,195,401,388,860,465
425,283,215,161,121,165,380,469,882,465
445,286,369,271,179,260,385,656,890,465
305,206,266,199,155,210,351,446,929,465
500,262,290,233,146,196,431,623,1014,466
653,355,369,264,166,252,444,701,966,466
482,362,210,145,113,168,384,382,869,466
584,371,317,248,176,233,410,655,980,466
714,448,335,223,149,230,541,555,887,466
424,268,317,238,172,239,411,478,895,467
188,158,185,143,142,177,378,2,195,467
684,416,318,249,163,222,418,744,899,467
315,198,213,158,109,157,388,362,852,467
439,313,208,155,114,161,380,402,871,467
412,282,268,190,130,197,390,605,931,467
458,299,232,181,132,174,377,434,875,467
518,361,197,157,117,151,392,411,870,467
542,342,334,263,185,251,388,694,924,467
558,376,232,177,126,170,381,373,735,467
391,258,273,205,143,199,274,702,940,467
516,269,177,139,66,90,311,443,980,468
554,415,194,155,118,153,385,407,851,468
195,160,188,150,116,149,274,345,865,468
659,415,321,241,165,234,432,572,962,468
466,277,272,202,143,199,351,570,916,468
628,387,216,158,99,141,389,370,945,469
388,273,179,134,102,140,361,386,863,469
627,417,205,155,111,154,397,394,886,469
612,389,255,188,127,185,401,553,876,469
466,264,402,318,203,275,407,772,887,469
461,313,189,140,96,140,366,373,873,469
663,471,286,236,180,221,400,450,919,469
584,301,349,282,174,225,333,971,986,469
400,249,224,167,120,171,392,403,820,469
574,413,138,108,81,107,320,374,866,469
610,457,237,147,114,197,401,386,925,469
274,223,149,103,79,120,260,357,881,469
455,375,354,249,196,284,555,5,649,470
451,278,316,222,150,223,396,737,847,470
435,294,344,242,166,248,387,575,942,470
471,319,234,177,125,172,419,364,845,470
522,375,238,184,137,185,231,648,1019,470
352,201,232,171,118,167,379,484,903,470
697,404,377,285,185,259,522,605,809,471
366,224,257,196,134,184,355,609,928,471
365,268,181,133,102,136,326,364,892,471
473,256,191,148,96,134,419,555,951,471
614,435,300,212,156,229,436,485,849,471
541,352,290,225,177,232,460,522,871,471
300,220,246,171,122,187,339,506,929,471
545,358,341,242,166,250,418,674,984,471
590,378,159,122,80,113,471,414,818,472
583,425,216,157,136,185,488,386,885,472
336,229,240,170,120,182,388,380,837,472
566,383,119,91,71,96,420,419,751,472
534,317,349,264,177,248,430,747,960,472
569,437,169,128,108,142,387,395,905,472
400,312,203,138,107,162,356,371,857,472
324,187,337,250,158,227,430,377,833,472
561,413,226,157,117,177,412,388,875,472
642,441,351,257,181,260,407,663,960,472
516,353,224,159,115,171,374,385,806,472
601,365,353,250,168,252,409,734,955,472
459,327,222,170,128,173,378,424,879,472
455,291,388,279,171,257,446,704,901,472
588,446,155,121,98,126,366,380,859,473
412,303,145,116,84,109,347,302,800,473
602,445,213,152,120,173,353,403,905,473
698,454,275,215,157,205,405,613,938,473
549,392,248,176,133,191,382,400,854,474
548,318,354,268,169,236,517,604,882,474
635,430,243,183,131,188,418,388,856,474
615,416,280,208,166,229,511,479,890,474
365,231,225,167,123,170,351,481,818,474
609,415,261,192,145,199,358,588,885,474
380,252,221,170,129,170,388,399,897,475
727,391,290,218,132,188,424,623,964,475
536,336,259,186,125,180,411,500,901,475
481,305,295,191,133,212,482,405,823,475
411,225,243,174,128,187,475,397,820,475
581,400,239,173,133,191,403,409,825,475
417,274,212,164,121,166,364,396,862,475
328,205,265,195,134,188,446,397,857,476
534,346,222,153,123,182,460,404,832,476
399,314,204,148,128,173,334,383,889,476
500,307,268,213,157,206,509,385,878,476
426,245,442,304,178,286,436,711,896,476
448,311,203,152,117,166,355,378,849,476
461,308,256,200,145,194,362,433,857,476
524,317,270,185,127,197,411,486,797,476
341,233,199,148,109,153,353,375,872,476
299,227,202,152,126,168,336,369,772,476
703,442,309,235,158,222,414,608,942,476
422,233,223,164,111,158,499,379,840,476
532,303,301,216,152,225,486,493,926,477
457,248,315,234,142,209,419,812,978,477
733,489,276,192,130,199,425,446,897,477
331,234,231,178,136,179,400,359,845,477
478,349,229,168,128,182,350,372,888,477
453,342,209,156,115,161,371,360,914,477
450,336,218,163,126,177,341,354,808,477
632,390,457,355,228,296,402,879,956,477
602,439,261,199,155,208,435,284,836,477
325,233,176,142,110,137,361,371,878,477
700,472,308,234,168,230,412,541,961,477
698,479,239,196,144,181,404,589,935,477
475,320,170,115,80,127,464,444,875,477
536,378,181,133,116,159,472,391,808,478
379,277,124,90,70,98,344,379,831,478
552,360,349,274,192,255,415,749,939,478
511,376,222,164,123,172,386,384,815,479
560,340,346,251,159,239,429,750,879,479
619,392,404,265,193,305,481,655,827,479
558,422,177,140,111,139,341,373,841,479
428,299,325,238,163,240,453,390,869,479
384,292,213,134,98,166,355,379,874,479
675,440,333,230,163,250,429,416,865,479
298,226,226,192,146,176,300,366,874,480
358,192,311,239,151,213,412,700,984,480
351,276,120,88,77,106,360,167,873,480
402,283,326,243,180,248,388,579,996,480
409,233,271,214,141,186,408,387,879,480
594,395,236,187,133,172,414,492,899,480
701,473,282,203,142,215,411,556,964,480
415,238,342,266,166,231,381,775,916,481
388,245,207,157,114,157,371,435,890,481
523,321,299,213,158,231,412,642,907,481
613,415,238,191,136,178,405,372,861,481
423,252,321,264,168,204,356,682,946,481
401,269,209,158,119,163,357,495,881,482
699,435,270,207,142,191,420,502,874,482
315,245,149,118,95,122,336,389,872,482
178,159,141,133,122,127,456,4,556,482
461,374,197,129,107,168,324,340,886,482
471,283,301,228,158,220,417,589,931,482
292,262,112,82,74,101,388,79,729,482
664,428,418,306,220,312,416,720,916,482
324,219,188,152,112,146,345,385,850,482
475,343,219,176,139,179,412,383,894,482
256,203,237,144,112,193,277,363,682,482
346,241,149,105,83,120,327,394,877,482
535,345,267,191,124,186,372,402,807,482
449,302,224,150,106,166,359,363,839,483
516,362,328,228,159,245,423,352,867,483
461,347,246,194,156,202,387,363,887,483
508,371,199,155,117,152,369,366,851,483
730,450,161,127,83,113,369,773,978,483
496,348,229,167,128,184,374,366,895,483
478,319,353,240,162,255,405,411,891,483
400,241,232,175,117,164,373,372,851,483
307,259,161,109,91,137,310,364,795,483
423,242,353,253,167,249,434,619,963,483
361,255,172,154,115,132,355,314,886,484
683,475,229,178,132,177,420,397,874,484
430,305,176,133,113,151,452,380,869,484
547,398,276,199,153,216,389,394,893,484
485,301,354,257,180,267,377,517,943,484
712,463,265,197,142,196,423,432,881,484
551,356,375,287,216,287,507,672,956,484
594,363,382,289,199,278,422,642,892,484
604,417,239,169,128,189,423,386,943,484
480,305,384,288,195,265,413,484,841,484
567,411,290,207,151,228,389,368,842,485
484,278,354,276,187,253,419,694,985,485
440,332,193,144,109,151,357,370,865,485
445,315,192,161,123,150,376,376,892,485
348,251,155,118,92,123,335,393,850,485
335,247,223,159,122,177,352,375,889,485
578,437,186,138,107,149,368,385,849,485
669,429,331,245,165,237,431,732,918,485
623,439,202,143,105,153,386,385,840,485
371,296,153,115,93,127,335,374,855,486
511,310,324,227,153,237,409,682,929,486
608,465,259,184,143,206,385,412,851,486
403,273,214,174,127,162,383,381,860,487
697,452,283,244,171,205,478,478,863,487
632,446,211,169,127,164,374,386,888,487
456,309,236,184,150,196,453,389,882,487
623,403,282,199,138,204,426,419,895,487
620,452,212,163,126,169,385,379,830,487
589,340,366,255,169,256,425,640,993,487
547,306,367,278,155,227,413,773,940,487
505,282,396,314,192,249,410,766,944,487
503,369,163,119,96,135,386,369,848,487
678,425,299,220,146,215,395,708,965,487
674,459,289,216,164,229,434,425,858,488
615,324,411,304,179,267,414,715,981,488
272,196,180,137,103,142,326,397,872,488
441,295,306,213,155,235,372,493,903,488
403,335,132,110,97,115,333,323,814,489
593,429,197,158,121,154,353,504,916,489
484,261,381,277,178,261,381,750,914,490
561,399,228,167,127,182,408,397,877,490
372,245,266,178,127,202,389,411,839,490
705,488,286,239,172,215,420,522,934,490
430,307,232,163,112,170,352,376,873,490
731,469,407,295,196,287,442,556,956,490
463,349,168,137,109,134,363,370,827,490
433,336,219,172,135,177,359,364,879,490
548,288,164,117,64,100,535,743,915,491
447,283,280,212,145,203,343,604,888,491
656,465,168,123,87,124,455,1,198,491
209,154,201,141,106,161,216,356,796,491
513,358,266,201,148,210,407,384,885,491
403,277,246,176,126,184,373,504,924,491
632,424,289,232,173,220,394,582,937,491
519,383,305,205,150,235,383,378,736,491
279,244,195,154,139,176,420,61,802,491
592,422,164,138,102,124,384,385,885,491
471,288,182,135,80,117,524,520,850,491
555,403,219,165,128,178,396,382,858,491
311,264,237,173,149,206,522,3,569,492
652,444,326,237,165,236,398,571,945,493
272,219,189,139,116,161,343,376,869,493
625,444,185,131,96,135,382,387,923,493
332,244,195,160,130,160,513,6,730,493
619,430,180,135,103,139,399,387,860,493
489,308,245,184,130,185,392,362,841,493
530,359,195,167,126,150,343,370,870,493
572,414,242,197,148,193,377,385,937,493
405,276,187,131,95,142,396,370,838,493
449,346,182,133,107,151,367,392,839,493
361,223,252,191,134,183,403,449,925,493
252,180,134,104,80,107,352,150,768,493
504,337,270,222,166,208,406,371,884,493
509,322,262,190,126,185,363,514,961,493
348,238,309,210,155,238,556,4,636,493
382,258,283,178,124,210,418,413,889,493
557,358,290,230,162,206,436,558,894,493
318,255,166,132,114,141,303,378,853,494
636,369,387,297,178,260,487,784,897,494
420,325,153,122,101,129,337,372,937,494
575,423,234,182,139,188,381,384,864,494
478,365,207,146,119,171,436,400,906,494
300,224,198,143,113,156,336,365,856,494
663,374,360,283,182,252,431,689,1012,494
499,357,224,177,130,170,358,413,925,494
386,315,195,149,128,168,422,386,883,494
278,178,157,116,91,128,555,1,162,494
718,443,414,323,224,301,433,772,914,494
402,282,275,207,159,209,542,434,861,494
381,244,223,150,110,173,422,379,843,494
449,241,324,241,142,212,286,753,915,494
337,202,229,173,118,168,389,420,878,495
470,316,241,175,125,182,368,498,893,495
507,252,384,280,177,259,396,749,939,495
655,461,230,185,144,180,390,495,931,495
620,436,212,157,118,168,396,400,857,495
280,208,235,186,149,191,384,435,884,495
473,363,245,160,123,200,361,361,859,496
586,419,177,145,112,139,385,378,842,496
421,318,166,122,92,127,352,379,927,496
694,484,168,121,87,123,356,369,861,496
324,260,158,114,94,135,316,272,795,496
471,325,274,204,144,199,433,377,889,496
524,321,408,266,185,295,437,726,934,496
153,130,151,116,100,131,315,358,804,496
633,445,227,189,135,173,383,362,849,496
487,321,270,230,160,192,352,599,979,496
484,363,217,174,137,176,369,253,852,497
533,374,238,185,137,190,362,421,928,497
321,272,132,85,74,117,379,13,693,497
731,447,318,241,163,228,492,581,934,497
467,302,288,233,160,204,476,353,852,497
419,277,218,144,99,165,481,388,821,497
474,337,292,198,144,223,429,535,893,497
392,240,369,278,181,255,418,703,963,498
571,419,218,159,118,171,366,379,898,498
351,268,192,145,117,157,312,352,865,498
319,222,260,204,153,198,375,376,810,498
511,339,268,200,147,203,411,451,908,498
459,339,156,132,104,128,357,387,885,498
382,246,256,187,138,195,273,565,784,498
677,489,209,144,106,159,376,371,868,498
669,435,275,202,136,200,366,546,971,498
670,472,207,158,122,164,404,384,871,498
172,166,101,74,73,99,319,1,212,498
394,267,277,197,141,212,392,421,920,499
534,327,342,238,165,250,402,654,961,499
434,323,213,168,135,172,370,373,875,499
573,408,239,168,130,187,450,395,850,499
587,349,395,281,167,259,331,888,944,499
495,329,248,182,132,188,397,404,882,499
524,342,300,211,141,218,417,631,949,499
512,381,126,104,84,101,334,368,889,499
350,226,182,140,99,132,496,381,839,499
400,314,229,185,153,191,393,500,955,499
461,317,263,235,173,200,406,358,848,499
422,273,256,206,145,190,353,659,972,499
605,409,456,305,219,347,429,526,966,499
299,192,291,183,120,209,349,584,947,500
656,493,223,146,113,178,415,411,892,500
457,340,201,157,127,169,374,355,464,500
329,235,151,122,95,121,347,383,927,500
690,416,316,244,168,221,403,662,975,500
210,177,158,127,113,136,300,249,884,500
424,265,323,238,167,235,424,666,977,501
390,271,169,133,97,129,377,372,913,501
311,238,176,141,109,137,314,373,857,501
422,302,215,140,98,160,367,365,857,501
521,356,224,165,127,177,408,421,873,501
650,448,237,182,132,179,411,461,862,501
502,347,321,240,184,247,350,675,906,501
313,214,375,289,198,266,371,544,938,501
317,279,150,112,105,141,436,4,166,501
294,198,211,144,109,166,318,378,856,501
666,356,462,381,239,317,496,759,904,502
262,190,173,128,91,129,300,368,872,502
720,425,662,466,267,413,471,976,903,502
652,407,270,204,148,206,470,556,927,502
235,171,226,160,118,175,347,373,883,502
438,282,254,192,131,183,398,379,875,503
726,438,405,317,199,272,440,716,882,503
542,290,350,251,159,236,413,723,988,503
305,194,383,276,170,259,392,656,902,503
479,336,240,166,121,189,380,397,857,503
460,316,222,145,102,163,374,357,893,504
567,422,185,138,104,146,357,382,900,504
441,246,272,212,137,185,384,457,907,504
257,195,162,126,99,130,307,372,874,504
337,201,344,266,179,244,346,744,879,504
615,416,252,174,130,196,405,499,929,505
330,265,153,107,88,127,419,220,843,505
681,429,345,269,195,262,400,676,909,505
676,475,238,190,137,180,402,400,872,505
564,345,281,195,144,215,390,587,920,505
378,201,317,239,140,198,345,712,956,505
563,382,218,164,126,171,473,431,841,505
556,378,237,171,130,186,378,393,846,505
484,370,129,110,83,103,319,380,857,505
448,345,198,148,120,164,370,276,857,505
323,265,193,138,119,169,363,371,872,505
379,247,175,132,91,127,391,244,907,505
489,366,291,205,153,218,377,409,878,505
437,320,169,123,94,136,318,365,830,506
512,288,216,164,115,157,485,392,908,506
393,267,313,213,144,225,374,534,971,506
321,229,229,165,129,183,353,431,858,506
676,494,224,175,139,181,404,377,814,506
398,241,290,212,141,202,470,412,819,506
491,306,242,174,109,164,415,441,900,506
619,382,377,292,197,270,425,646,909,506
298,190,335,231,147,231,361,536,959,507
547,383,219,161,117,167,380,376,864,507
377,259,204,139,102,154,360,381,884,507
703,471,253,175,125,184,407,402,831,507
582,444,165,123,98,134,361,382,854,507
651,357,397,283,165,262,344,726,925,508
620,422,322,232,156,228,431,658,974,508
441,311,195,152,106,145,329,365,861,508
628,444,237,188,142,184,366,370,878,508
611,462,285,197,143,217,371,372,886,508
459,313,274,177,127,206,397,431,934,508
398,240,375,271,171,249,410,755,925,508
279,179,301,199,132,209,350,592,944,508
427,253,312,260,168,208,357,728,970,508
728,451,368,255,173,265,429,580,953,508
679,421,404,283,178,271,422,735,972,508
631,349,342,247,151,225,506,623,900,508
309,254,169,120,94,139,308,364,904,508
383,252,234,183,126,170,358,627,969,509
597,458,231,156,117,182,395,368,915,509
389,295,188,137,104,148,338,374,820,509
513,350,295,216,156,214,485,384,842,509
211,147,226,170,123,169,311,531,914,509
616,362,340,257,163,233,410,734,977,509
567,388,205,160,119,157,378,394,885,509
654,434,294,191,126,212,389,402,856,509
373,203,321,251,155,211,398,483,594,510
484,373,172,149,114,135,339,367,863,510
631,365,228,172,112,153,527,375,838,510
690,457,346,272,186,246,428,626,974,510
266,199,210,167,129,162,345,424,881,510
304,189,222,213,171,172,300,484,923,510
545,384,210,176,137,166,384,362,893,511
364,265,162,131,100,126,301,482,867,511
270,229,132,93,84,120,522,6,575,511
397,288,176,134,104,140,347,381,840,511
476,314,265,199,144,198,351,491,802,511
259,205,111,90,75,93,325,230,774,511
498,310,248,199,139,180,383,557,981,511
377,268,245,173,132,195,388,411,879,511
434,310,247,190,146,197,396,417,784,511
285,199,201,159,119,155,374,388,903,511
432,289,223,164,124,169,350,497,882,511
638,431,283,236,171,213,376,491,847,511
339,214,206,150,109,155,378,502,751,512
499,305,260,191,126,182,412,515,823,512
209,152,144,97,71,110,337,251,876,512
419,295,165,117,87,129,367,380,865,512
700,463,204,175,125,148,458,414,819,512
639,422,288,214,157,221,390,812,925,512
407,247,211,164,118,156,361,476,895,512
265,197,170,142,115,141,363,210,809,513
539,396,263,196,144,204,475,377,828,513
442,335,322,252,196,258,466,375,857,513
422,269,377,272,168,253,422,784,906,513
375,232,398,278,172,275,443,765,931,513
556,337,231,168,111,161,414,381,873,513
601,340,346,245,156,232,424,499,839,513
542,367,237,188,130,170,370,594,940,514
271,182,262,208,145,189,261,522,949,514
279,225,154,115,92,125,252,361,868,514
414,272,261,207,150,198,354,623,958,514
667,473,257,186,140,204,478,383,782,514
354,269,159,133,109,134,332,393,878,515
550,379,314,229,165,235,406,432,868,515
586,366,291,231,160,211,423,585,947,515
373,273,154,115,95,129,365,387,903,515
495,349,236,174,133,184,392,385,887,515
384,275,187,161,132,156,344,371,849,515
595,443,251,173,141,210,388,391,843,515
672,397,479,330,205,328,505,783,939,515
664,396,318,275,195,232,440,588,965,515
383,231,268,202,138,197,369,495,873,516
316,228,190,136,107,156,351,383,832,516
288,234,202,159,129,169,334,366,854,516
587,447,218,157,120,174,379,371,863,516
539,395,210,159,120,159,372,405,864,516
588,433,230,172,128,178,450,377,818,516
595,471,207,159,132,171,430,2,195,516
501,284,338,271,175,230,396,774,938,516
510,403,210,140,119,182,451,247,658,516
545,346,254,189,134,188,345,549,964,516
422,337,322,250,194,256,463,366,837,517
543,353,367,244,175,278,411,657,976,517
690,472,385,281,201,290,506,485,876,517
271,198,177,139,105,137,292,399,864,517
455,339,166,126,95,131,356,379,819,517
471,269,244,189,110,147,456,377,865,517
333,240,191,136,111,156,429,385,881,517
470,317,203,147,104,150,462,384,842,518
346,245,172,126,102,140,347,365,899,518
723,482,265,195,135,193,475,398,834,518
348,260,168,119,88,132,320,385,746,518
676,397,391,283,193,285,424,755,894,518
707,466,354,285,207,253,395,379,908,518
398,264,141,100,71,101,127,762,999,518
594,426,253,188,142,196,403,374,840,518
392,252,260,178,127,200,374,502,888,518
674,481,288,211,163,228,398,360,876,519
609,416,274,198,156,219,480,466,886,519
329,241,184,141,110,148,356,381,847,519
364,226,280,211,121,170,584,4,600,519
470,352,164,134,111,137,355,367,815,519
346,232,208,161,122,164,375,384,926,519
548,403,210,165,123,159,390,375,876,519
438,295,210,163,121,162,343,549,970,519
512,308,268,216,144,183,415,585,981,519
510,256,287,193,114,177,539,445,891,519
604,421,186,143,105,142,417,383,854,520
405,285,245,186,134,180,468,378,830,520
365,298,233,154,121,187,336,357,879,520
454,345,197,149,118,162,315,372,884,520
477,320,258,189,141,198,406,374,840,520
595,364,357,264,158,230,422,704,934,520
445,285,275,206,136,196,363,564,958,520
464,357,141,114,94,119,326,365,704,521
554,377,266,197,145,205,383,556,896,521
710,449,276,224,156,197,430,606,958,521
640,422,280,216,148,201,384,683,919,521
467,241,274,195,121,185,521,404,875,521
520,347,255,175,126,196,398,409,828,521
477,370,438,341,277,357,497,755,879,521
431,289,172,130,99,136,364,381,841,521
572,437,125,87,68,102,348,374,912,521
370,236,251,186,133,182,378,407,890,521
281,205,184,144,111,149,324,381,913,522
334,217,184,134,96,140,332,382,899,522
623,467,210,154,114,162,375,380,833,522
640,397,373,278,176,249,421,735,964,522
587,414,359,248,184,269,418,417,883,522
380,250,398,280,181,272,418,758,906,522
477,326,170,132,98,130,356,384,873,522
372,288,237,182,144,193,366,378,890,523
483,314,300,249,179,226,380,593,960,523
727,419,402,308,190,262,443,743,903,523
420,320,217,151,109,164,400,367,844,523
317,247,296,214,175,243,357,626,920,523
506,342,286,240,167,206,393,421,900,523
458,281,362,263,173,253,434,612,960,523
357,221,279,223,150,193,291,695,939,524
271,213,195,134,106,159,337,360,790,524
719,480,266,205,136,184,439,406,880,524
642,443,289,229,148,202,343,545,940,524
511,377,252,175,128,192,399,370,836,524
709,404,318,229,149,223,436,751,941,524
608,392,322,222,165,248,424,595,951,524
432,279,319,258,183,234,322,659,959,524
602,395,282,228,153,205,380,555,920,524
699,399,462,336,224,320,510,690,916,524
338,255,102,84,71,88,345,228,837,525
543,372,267,208,161,212,408,438,914,525
255,182,142,103,63,93,422,57,771,525
542,423,191,132,111,163,377,394,853,525
440,320,191,138,111,154,371,389,850,525
580,411,187,156,116,146,395,396,797,525
567,337,258,227,161,188,376,618,967,525
557,319,341,260,182,247,428,674,959,525
345,235,253,200,139,186,269,676,922,525
238,174,135,103,88,116,421,164,801,525
499,291,296,198,132,211,448,409,861,525
523,373,185,136,102,144,358,367,859,525
369,243,252,201,143,185,371,382,862,525
449,310,243,191,140,187,444,380,844,526
528,309,375,285,179,258,407,752,922,526
333,244,177,132,100,136,365,369,815,526
697,416,317,244,171,229,413,703,870,526
451,279,236,178,124,173,381,380,844,526
222,202,98,71,69,94,314,1,238,526
492,293,350,272,174,245,366,759,892,526
639,440,245,187,141,195,403,394,883,526
370,223,282,205,135,198,404,524,928,526
301,249,126,102,87,107,279,376,885,526
487,338,220,152,110,167,385,408,917,526
264,198,184,128,97,145,326,366,904,526
517,380,215,179,142,172,385,385,861,526
591,331,310,269,167,210,523,479,873,526
490,342,189,133,93,143,345,346,889,526
494,369,211,159,127,169,465,378,875,527
365,321,230,155,141,210,382,2,175,527
480,345,311,243,183,248,489,391,786,527
434,313,218,189,146,170,361,370,915,527
311,201,225,168,115,164,362,380,864,527
390,291,175,137,114,148,348,379,836,527
658,491,211,159,122,170,393,391,921,528
342,280,121,80,68,105,341,125,708,528
552,380,225,182,131,167,374,378,769,528
510,381,203,168,123,153,369,376,822,528
417,348,211,154,130,181,368,395,855,528
442,305,190,147,123,158,440,391,879,528
431,284,201,167,126,155,360,355,795,528
667,405,382,294,196,265,446,738,883,528
420,259,303,227,147,212,418,559,772,528
576,416,228,173,127,178,389,394,897,528
668,405,339,250,170,252,426,749,940,528
517,386,251,173,132,200,375,336,881,528
465,320,201,140,100,152,408,382,862,529
567,363,258,215,154,187,390,466,909,529
451,282,324,212,141,230,376,626,944,529
487,298,335,252,168,239,336,723,938,529
510,313,307,235,169,229,351,499,924,529
398,300,187,154,121,153,313,365,856,529
528,408,233,160,124,187,376,378,819,530
402,271,304,232,170,230,337,700,931,530
462,336,204,163,120,152,348,519,973,530
695,451,259,205,138,185,414,637,949,530
468,288,320,233,143,215,501,504,875,530
613,336,409,318,193,261,432,742,950,530
490,356,219,168,122,166,343,344,837,530
433,255,350,257,151,227,495,98,839,530
352,212,244,168,106,166,378,583,902,530
583,304,437,350,214,287,520,692,846,530
375,298,163,125,103,137,493,2,537,531
636,426,335,245,173,248,353,612,902,531
579,422,255,212,156,196,383,383,881,531
431,228,303,224,139,206,395,715,871,531
593,421,208,168,128,162,408,395,882,531
472,354,206,162,129,167,374,361,862,531
596,404,202,165,115,145,373,392,888,531
465,328,231,175,130,184,350,543,934,531
432,284,226,163,118,172,372,427,849,531
436,228,337,246,146,217,424,767,921,531
404,261,402,303,210,286,338,730,952,532
328,214,224,166,117,169,369,378,872,532
384,258,322,253,206,259,423,753,919,532
436,219,140,111,67,89,211,758,977,532
319,206,192,141,100,144,363,423,871,532
319,251,197,138,115,167,324,385,878,532
424,218,452,337,189,266,272,1023,994,532
405,329,168,129,105,136,313,364,821,532
610,429,268,199,154,212,462,294,972,533
527,335,332,228,160,247,425,597,941,533
503,349,212,173,130,168,398,520,904,533
673,453,243,151,104,177,492,387,892,533
362,289,250,178,140,200,490,17,732,533
718,425,349,267,162,226,449,740,891,533
713,422,333,238,151,229,416,647,967,533
428,268,331,238,167,244,474,497,925,534
397,310,167,116,88,135,281,373,972,534
350,252,190,146,114,152,356,405,873,534
675,459,278,190,139,207,413,385,828,534
623,443,263,195,139,191,403,464,912,534
380,288,233,187,149,188,345,414,882,534
255,208,144,107,95,127,546,2,578,534
522,337,307,241,142,182,501,609,982,534
446,341,186,144,113,151,377,379,828,534
430,303,220,159,119,169,381,392,867,534
631,401,356,252,192,281,485,569,842,535
398,244,213,152,116,168,451,380,860,535
326,228,272,206,147,205,391,378,851,535
487,274,295,225,152,207,401,696,952,535
711,447,303,236,162,215,425,701,958,535
577,313,534,394,222,336,448,722,950,535
564,360,383,297,196,257,415,741,896,535
599,413,243,182,131,179,390,375,890,535
358,206,408,289,179,274,587,8,614,535
634,437,322,211,156,255,393,477,877,535
614,405,218,164,120,169,399,377,871,536
428,283,194,134,100,148,390,410,893,536
269,177,261,210,153,198,298,555,903,536
540,341,336,256,166,237,416,520,950,536
501,335,164,123,89,125,312,774,960,536
641,475,213,150,115,174,393,395,885,536
405,272,350,246,185,272,452,525,792,536
568,408,323,212,155,252,461,389,869,536
495,360,218,147,118,178,388,383,866,536
510,287,330,262,153,213,438,622,945,537
378,229,424,294,174,274,398,682,922,537
388,275,215,143,105,164,368,359,843,537
586,388,309,261,177,225,408,685,971,537
403,297,180,140,112,145,353,359,857,537
509,344,169,123,96,135,439,325,832,537
394,304,143,122,97,116,349,382,851,538
214,162,125,100,70,94,538,2,243,538
476,329,209,157,109,152,387,416,756,538
265,190,152,109,84,118,403,139,889,538
311,192,220,166,113,159,437,394,847,538
592,414,174,122,87,131,417,385,908,539
412,271,222,175,123,163,391,391,893,539
306,229,153,127,104,126,335,368,857,539
521,349,395,287,212,302,516,598,934,539
381,232,329,244,179,248,486,752,896,539
385,297,218,169,144,188,445,378,852,539
483,296,327,226,160,238,450,719,806,539
545,369,221,169,122,169,391,366,823,539
266,215,170,114,91,142,324,380,857,539
483,338,174,134,110,146,421,156,753,539
451,206,426,316,176,254,482,795,925,540
569,433,214,167,121,164,356,429,817,540
660,441,293,211,153,224,397,525,867,540
417,292,190,130,100,150,339,369,832,540
603,425,199,142,107,154,386,375,876,540
336,233,171,123,89,126,334,360,898,540
454,316,219,167,123,166,290,612,965,540
328,250,163,132,106,130,310,383,847,540
698,423,306,231,152,218,408,581,984,540
304,241,125,101,84,103,372,57,713,540
432,329,222,149,114,176,365,351,892,540
563,401,246,177,143,203,488,386,840,541
410,292,114,83,62,86,352,406,766,541
550,429,149,111,88,122,313,386,858,541
487,338,228,184,134,175,351,536,967,541
471,337,250,200,154,195,381,368,772,542
418,259,300,222,158,220,462,495,938,542
611,365,501,376,219,300,453,1023,930,542
474,283,183,130,83,124,389,404,878,542
359,226,175,132,93,128,366,374,858,542
424,278,215,157,116,166,370,369,859,543
385,276,177,132,99,139,362,380,885,543
425,257,353,242,164,252,483,642,932,543
438,285,280,205,144,205,456,744,943,543
379,252,242,187,141,185,355,414,912,543
558,313,403,336,208,265,449,717,903,543
350,247,168,124,93,133,343,367,877,544
649,465,253,182,148,209,407,430,744,544
347,243,337,221,164,254,329,733,963,544
505,320,241,190,129,174,372,588,970,544
543,357,238,181,133,177,357,523,755,544
550,356,282,217,155,212,421,427,898,544
428,338,158,114,90,127,347,225,786,544
481,372,116,93,74,94,358,367,889,544
714,438,371,304,202,266,450,476,879,544
527,280,380,283,172,257,399,765,940,544
318,229,174,141,109,136,373,386,853,545
569,369,247,187,131,178,338,621,962,545
382,291,162,153,123,134,386,378,843,545
238,164,297,199,134,213,404,478,914,545
643,494,195,138,113,163,378,400,851,545
457,333,185,147,118,148,377,380,836,545
378,252,253,179,120,182,371,370,880,545
452,301,240,163,112,177,382,377,916,546
589,396,275,219,161,208,396,686,918,546
422,289,233,177,132,179,256,729,945,546
412,310,217,165,135,181,385,381,878,546
384,276,202,176,132,157,342,360,847,546
598,383,314,248,171,230,415,543,925,546
564,317,154,118,76,108,418,645,947,546
643,443,278,225,168,216,401,543,952,546
616,461,199,149,114,161,387,378,862,546
369,243,238,190,141,182,392,470,943,547
607,409,449,327,215,315,489,430,864,547
558,424,207,153,125,171,353,415,878,547
642,389,351,264,169,239,444,680,966,547
549,409,242,160,121,192,372,386,814,547
657,480,212,169,135,168,354,374,850,547
532,366,209,181,132,159,362,359,853,547
577,458,440,314,239,344,563,395,834,548
669,480,542,372,268,416,513,252,827,548
412,270,210,149,105,154,385,365,860,548
575,393,308,218,164,236,375,525,932,548
733,470,289,211,140,201,408,509,952,548
461,323,227,169,134,183,394,378,886,548
715,436,262,188,137,198,443,621,988,548
678,427,405,304,174,252,456,777,921,549
411,311,114,83,66,93,272,392,908,549
298,247,176,132,105,143,285,363,860,549
666,453,423,297,217,331,435,447,898,549
370,256,330,236,169,245,383,483,937,549
467,336,112,86,61,84,274,379,907,549
669,477,265,204,155,212,384,374,816,549
338,261,150,126,103,124,317,373,832,549
436,270,328,241,203,281,477,672,920,550
613,431,225,149,112,176,389,383,839,550
301,258,208,171,146,179,386,381,877,550
428,287,215,167,115,155,471,380,863,550
347,257,197,154,117,154,363,382,873,550
504,253,181,135,85,120,426,778,976,551
202,138,207,152,107,151,307,385,893,551
597,422,222,173,136,173,482,386,868,551
488,330,186,151,108,142,352,386,912,551
450,325,216,156,124,176,355,371,862,551
521,346,242,162,110,177,362,494,955,552
398,297,189,153,121,155,324,305,863,552
484,364,166,132,103,133,414,409,875,552
593,365,341,228,150,236,436,739,937,552
433,296,179,127,96,136,389,392,821,552
413,199,369,285,167,233,380,730,924,552
375,275,156,123,94,121,318,372,860,552
724,423,343,264,170,233,451,759,905,552
722,425,353,273,179,241,420,678,1008,553
384,280,191,135,109,158,333,366,819,553
602,347,413,306,202,289,430,723,813,553
359,264,155,130,99,120,314,375,871,553
178,131,208,158,123,164,285,355,803,553
222,146,236,176,124,180,325,379,882,553
614,417,261,188,131,193,410,383,857,554
324,242,198,167,132,158,350,373,842,554
535,361,224,181,136,172,363,374,908,554
485,376,174,128,104,144,366,298,885,554
572,416,213,165,136,183,381,383,823,554
533,403,234,191,141,180,533,372,877,554
484,342,251,173,135,205,379,385,906,554
600,391,332,238,171,248,429,591,664,554
240,233,200,118,113,190,381,1,191,555
488,361,176,133,107,140,356,372,834,555
456,305,266,209,153,206,379,363,856,555
515,321,260,200,135,185,420,442,892,555
307,192,314,239,153,215,378,635,912,555
335,222,296,209,149,219,389,565,907,555
392,235,298,229,156,213,487,391,853,555
524,388,167,115,91,138,358,384,883,555
436,315,383,277,214,305,447,2,206,555
640,467,262,188,147,212,444,373,891,555
521,371,222,165,119,169,345,385,880,555
569,407,196,141,107,151,374,387,868,556
521,302,272,225,150,195,337,680,1006,556
593,418,260,200,147,202,403,392,867,556
454,343,174,137,113,148,363,363,738,556
260,235,96,70,63,85,335,111,909,556
580,450,287,199,160,235,332,320,871,556
479,353,489,365,272,373,542,727,920,556
559,401,190,140,111,151,347,396,886,556
537,398,166,114,99,144,408,251,829,556
382,280,242,169,128,189,399,419,770,556
536,412,183,144,114,151,343,369,869,556
684,429,371,270,180,260,408,691,932,556
582,403,252,206,142,186,384,535,912,556
342,260,192,145,113,156,344,428,918,556
452,349,114,89,71,94,330,388,836,557
478,342,193,139,108,154,325,366,902,557
417,355,278,201,182,250,420,2,210,557
585,375,280,217,159,210,399,535,896,557
437,293,269,175,125,203,378,536,796,557
534,288,350,265,170,235,422,671,832,557
701,408,337,251,165,231,420,682,962,558
533,324,319,247,173,231,430,586,939,558
226,176,140,112,91,115,313,222,847,558
592,412,226,173,132,176,400,415,854,558
496,374,238,195,151,189,376,362,856,559
493,378,182,133,107,146,343,373,847,559
450,315,220,179,149,183,454,385,852,559
424,285,272,206,158,219,459,442,891,559
483,315,253,201,150,191,392,363,853,559
478,268,174,148,87,111,577,1,205,559
552,392,209,162,122,162,402,436,922,559
509,326,284,207,142,206,303,757,863,560
591,379,312,223,163,233,421,623,829,560
373,230,328,239,154,228,413,422,879,560
309,236,249,167,125,195,359,362,905,560
297,236,107,82,69,90,320,229,767,560
537,352,259,197,167,220,502,386,867,560
466,358,272,204,178,234,471,414,889,560
628,459,223,170,136,179,362,379,847,560
361,270,147,117,95,123,303,378,881,561
726,453,240,188,128,173,442,649,961,561
633,319,336,251,170,228,464,517,901,561
424,292,279,218,162,215,395,375,864,561
392,306,136,95,76,111,321,378,762,561
227,191,107,84,75,94,303,184,814,561
492,323,252,188,130,186,395,510,892,561
485,289,472,340,223,338,437,728,924,561
571,420,256,186,142,200,385,629,959,561
408,308,244,189,138,189,352,364,859,562
511,347,230,165,123,180,368,520,982,562
506,288,319,221,143,216,436,664,924,562
642,434,424,309,225,324,515,806,908,562
370,262,218,164,119,171,388,379,841,562
505,275,227,159,129,188,503,397,738,562
316,273,107,88,79,96,337,376,961,562
383,255,112,83,60,87,355,384,896,562
607,420,149,120,88,113,370,378,935,563
553,375,206,155,115,159,397,371,865,563
641,437,231,158,110,169,411,410,881,563
305,174,294,227,137,187,675,0,120,563
515,359,177,133,90,131,369,384,862,563
484,359,310,210,159,245,394,388,863,563
616,398,260,196,136,190,383,558,956,563
460,281,214,172,124,160,402,379,775,563
613,427,301,223,171,233,403,548,885,563
446,329,290,219,170,227,451,355,814,564
556,408,226,170,130,178,369,386,800,564
397,270,224,156,112,171,362,380,800,564
552,408,224,153,116,177,352,361,790,564
337,246,262,204,166,214,355,600,898,564
578,442,303,238,197,253,396,372,869,564
586,405,162,134,108,132,365,404,858,564
494,368,262,199,155,211,364,356,808,564
275,189,254,183,134,196,191,575,891,564
565,342,302,238,157,212,478,414,878,564
527,402,194,149,122,163,358,367,797,565
204,158,157,135,113,128,274,474,951,565
643,403,346,248,173,249,415,696,951,565
387,268,236,164,126,188,375,346,825,565
440,259,258,184,128,185,404,502,909,565
641,333,327,243,143,208,425,678,960,566
364,235,237,169,122,177,390,386,862,566
469,276,166,124,79,111,635,0,155,566
445,340,189,162,127,153,354,388,891,566
444,299,289,222,157,213,397,497,936,566
521,372,200,146,115,161,380,432,863,566
234,136,232,172,108,161,343,473,878,567
655,477,266,227,173,206,412,377,884,568
407,292,213,147,108,167,350,354,936,568
384,291,217,166,125,169,309,429,818,568
575,307,354,259,163,232,513,662,976,568
640,426,225,172,122,168,394,448,926,568
314,260,137,99,88,121,290,203,826,568
553,379,205,168,129,162,366,570,969,568
640,444,199,149,111,154,432,362,855,568
657,413,242,185,111,160,430,446,887,568
635,442,214,160,121,161,403,406,841,568
700,437,351,227,160,251,458,710,948,568
388,294,140,95,72,112,324,369,892,569
393,288,171,119,96,138,339,387,814,569
504,365,199,156,120,158,341,379,862,569
432,332,217,155,126,185,406,156,727,569
481,343,283,195,139,210,364,393,808,570
462,301,218,162,114,164,361,376,867,570
189,181,108,75,71,101,345,41,670,570
480,350,216,160,120,167,387,368,855,570
534,303,321,242,165,234,402,693,938,570
574,371,256,184,129,186,396,395,850,570
389,270,164,136,99,125,330,366,795,570
676,440,280,218,153,211,394,379,823,571
616,440,272,204,157,214,394,466,862,571
535,293,437,337,205,287,453,712,885,571
472,309,284,219,156,212,363,514,971,571
481,355,193,162,126,157,358,372,922,571
687,382,332,253,156,222,432,615,948,571
379,268,225,176,130,170,377,385,745,571
413,278,224,172,118,163,340,413,836,572
547,323,479,325,208,327,448,672,951,572
467,331,217,167,126,169,385,377,859,572
383,241,398,282,190,285,424,617,818,572
425,292,211,150,112,165,368,401,908,572
454,344,164,120,96,136,389,367,883,572
437,315,180,129,101,142,358,379,877,572
512,294,324,263,175,225,404,568,937,572
528,355,224,185,133,167,370,403,845,572
556,338,295,225,149,211,416,542,940,572
649,464,252,189,144,197,398,477,901,572
564,283,415,286,164,262,447,739,792,573
211,197,175,101,98,170,334,1,225,573
306,251,172,125,107,148,316,274,843,573
624,353,238,189,126,167,468,382,869,573
579,368,298,230,159,217,426,749,962,573
343,206,286,216,151,211,284,744,884,573
398,315,234,151,121,194,319,361,863,573
284,209,251,186,151,206,311,371,823,573
530,356,276,198,145,210,431,475,925,573
715,450,430,306,209,309,437,734,847,573
430,344,98,78,66,87,290,308,847,573
463,348,116,77,59,95,357,152,798,573
246,194,192,149,116,150,344,265,875,573
403,306,196,148,111,152,352,370,770,574
457,293,430,317,218,317,430,661,916,574
623,375,129,114,71,89,197,750,983,574
199,149,133,96,77,111,389,2,526,575
609,338,164,107,62,101,512,726,918,575
484,351,149,107,83,119,318,390,858,575
264,213,180,118,98,151,301,361,840,575
331,202,223,157,108,163,399,405,888,575
529,355,237,189,162,204,483,391,868,575
465,262,350,251,164,241,429,720,927,575
704,451,298,231,158,209,414,536,930,576
463,349,220,151,121,179,385,417,874,576
554,376,252,190,146,200,393,403,895,576
630,492,187,125,108,164,411,209,875,576
645,477,216,177,144,175,375,393,864,576
473,238,165,91,141,208,522,257,841,577
502,350,323,249,184,241,414,377,858,577
614,402,276,206,150,209,405,502,900,577
514,380,215,164,127,167,402,386,869,577
274,221,168,125,103,140,271,353,704,577
675,443,237,164,114,171,417,482,909,577
537,367,224,159,109,160,367,383,861,578
516,346,266,193,133,194,358,527,829,578
379,258,250,177,125,185,349,368,864,578
613,357,389,277,186,280,409,733,942,578
585,373,274,201,148,209,404,383,873,578
423,310,251,194,146,197,366,374,879,578
533,410,172,119,91,140,344,373,856,578
691,468,256,187,131,190,405,475,929,579
422,357,169,117,100,147,424,384,863,579
389,314,205,164,127,160,333,359,850,579
512,334,177,128,90,131,347,363,889,579
530,271,435,307,173,275,471,790,936,579
334,222,209,140,97,153,348,380,818,579
453,327,135,109,83,105,348,257,756,579
513,368,299,254,173,216,488,61,647,579
422,340,191,131,105,155,337,376,850,579
422,253,398,289,180,263,429,734,941,579
556,400,277,186,136,209,384,325,813,579
356,240,207,158,114,159,384,379,837,579
499,377,198,146,116,165,338,549,914,579
590,410,194,146,108,154,379,384,841,579
434,296,195,169,130,149,395,386,846,579
558,361,129,104,69,88,216,753,973,580
422,302,254,190,147,203,381,513,919,580
465,305,286,223,169,218,385,692,887,580
410,311,237,158,126,196,375,371,808,580
563,362,291,239,157,199,374,533,896,580
412,221,299,241,146,192,547,499,897,580
569,425,247,168,126,187,364,382,916,580
705,471,254,197,137,187,403,461,866,580
357,241,247,178,129,187,417,408,848,580
207,179,156,117,97,131,240,357,857,581
436,265,249,172,116,179,418,394,880,581
694,435,389,290,216,299,501,760,905,581
414,320,205,165,131,166,353,381,822,581
476,368,149,124,100,122,294,373,927,581
537,345,241,178,122,176,375,583,926,581
372,199,274,238,148,181,677,0,39,582
484,343,218,175,125,161,431,371,845,582
400,287,195,156,118,153,371,371,837,582
531,333,342,238,167,254,390,758,848,582
471,315,234,156,116,179,383,387,879,582
480,364,205,169,133,164,367,376,872,582
538,420,155,111,88,126,340,370,872,583
443,356,137,105,91,120,319,369,698,583
358,243,262,184,131,200,466,396,837,583
331,225,197,143,107,152,360,374,902,583
616,380,300,224,161,225,454,452,925,583
645,453,287,197,135,211,394,498,934,583
649,449,221,163,116,167,395,409,783,583
489,265,297,227,146,204,499,453,827,583
498,349,229,178,133,176,400,388,887,583
502,296,286,237,158,204,394,726,913,584
446,333,182,155,132,154,349,378,853,584
601,416,408,307,205,291,511,728,909,584
338,202,313,228,142,213,405,474,861,584
571,385,276,212,146,195,395,608,969,584
573,396,262,194,139,199,354,513,978,584
558,386,219,174,127,164,384,437,892,584
632,419,401,305,209,288,396,736,970,584
445,286,283,202,137,206,418,416,877,584
517,392,139,98,74,108,328,362,926,584
401,324,237,172,135,193,380,408,880,584
418,272,195,157,109,145,397,377,858,585
484,319,261,177,123,193,396,400,854,585
372,288,172,129,113,149,378,397,867,585
351,269,213,168,137,176,358,365,914,585
492,282,190,149,97,132,383,562,821,585
342,265,125,89,77,109,356,178,830,585
727,425,288,245,184,221,529,399,905,585
444,296,221,167,109,153,362,387,826,586
443,375,227,160,135,197,382,385,889,586
706,488,246,194,138,182,420,405,736,586
561,293,387,297,182,255,418,770,916,586
521,350,243,195,139,176,384,555,924,586
674,413,335,264,173,227,379,670,925,586
569,364,250,197,135,181,407,397,880,586
222,197,105,76,69,94,341,1,191,586
501,285,233,191,121,162,353,575,918,586
614,430,269,204,151,203,378,493,907,586
617,468,176,129,100,144,332,375,887,587
618,377,407,271,193,295,427,664,928,587
331,252,196,167,130,155,284,376,801,587
281,172,245,182,126,175,285,612,924,587
444,268,266,216,162,203,449,377,822,587
510,304,259,193,137,189,487,438,902,588
590,301,343,269,163,222,393,652,912,588
355,252,179,151,117,141,367,370,903,588
392,295,147,122,103,126,379,228,910,588
425,274,163,128,93,124,305,477,947,588
424,317,187,146,110,144,355,392,900,588
469,314,238,165,120,186,367,394,860,588
288,164,226,154,98,159,403,514,953,588
600,424,224,180,135,174,405,409,877,589
355,237,350,237,161,256,395,622,956,589
359,279,133,101,80,108,315,375,883,589
437,286,289,222,172,227,383,362,870,589
613,416,219,183,143,176,494,391,844,589
549,334,376,295,194,267,421,515,911,589
613,377,301,225,155,210,430,661,923,590
509,296,405,289,188,277,430,710,879,590
407,297,222,185,140,175,346,369,844,590
541,278,372,298,135,183,452,534,856,590
559,277,372,277,175,252,474,675,898,590
522,344,234,164,114,169,369,368,864,590
249,227,162,99,90,150,361,108,805,590
565,343,358,274,184,249,409,794,955,591
493,340,216,151,101,151,386,366,861,591
373,225,252,177,117,181,399,396,840,591
367,260,264,171,127,201,368,478,910,591
446,337,198,147,124,171,346,381,828,591
342,259,214,155,120,171,364,367,858,591
461,365,185,133,109,153,334,370,869,591
408,250,383,288,198,274,411,738,973,592
302,229,204,155,117,160,307,417,862,592
410,251,267,207,145,195,397,478,932,592
487,363,215,183,144,174,393,379,879,592
536,399,179,145,116,145,368,365,740,592
576,450,408,280,201,305,481,256,892,592
521,400,243,198,159,201,372,371,844,592
515,371,171,129,101,137,360,456,892,592
196,134,199,147,101,143,324,379,826,592
608,456,204,144,114,166,354,368,882,592
286,201,131,107,84,105,579,1,174,593
424,281,247,190,134,183,391,401,790,593
496,292,394,307,196,275,412,666,949,593
599,365,441,319,203,287,463,748,899,593
590,371,250,191,151,203,481,373,718,593
403,258,354,266,187,259,400,745,908,593
621,419,317,252,190,248,394,515,924,593
515,326,205,145,99,149,395,390,847,593
376,288,204,145,113,162,323,374,890,593
370,300,268,188,143,215,437,303,841,594
631,428,221,172,120,163,426,394,888,594
401,314,256,174,143,217,453,594,905,594
580,384,221,168,117,164,383,369,857,594
397,259,311,223,153,225,368,733,939,594
472,245,311,248,152,207,402,716,978,595
350,270,227,181,139,177,340,455,918,595
718,408,434,302,186,295,464,729,843,595
515,317,341,244,169,250,396,674,959,595
560,326,416,274,172,279,422,734,902,595
700,425,394,307,204,274,453,764,902,595
450,314,178,139,103,136,355,372,839,595
476,355,171,143,111,139,364,390,852,595
706,426,394,319,198,261,438,773,855,595
283,191,172,132,98,131,336,377,861,595
484,372,171,138,115,144,336,382,932,596
524,369,219,172,126,168,381,446,920,596
384,281,240,179,145,195,439,380,865,596
370,275,144,101,80,117,311,381,865,596
329,212,290,203,141,211,355,576,918,596
655,435,333,266,193,249,407,974,994,596
309,242,151,107,86,124,332,244,860,597
333,281,108,76,68,98,359,104,843,597
395,304,231,166,133,185,351,363,845,597
382,253,191,129,94,146,373,392,871,597
418,307,185,135,109,152,352,370,824,597
476,244,373,265,147,230,422,661,927,597
591,326,450,343,230,309,423,743,928,597
383,254,192,147,105,146,369,382,858,597
493,271,466,331,198,306,453,717,921,597
449,293,205,142,108,157,376,374,819,598
573,372,187,163,121,141,369,380,834,598
385,286,253,160,117,195,395,306,920,598
436,299,296,228,164,215,377,496,986,598
600,420,311,239,184,249,482,488,876,598
631,467,208,183,141,161,349,342,852,598
428,307,261,202,161,218,381,371,894,599
273,207,102,86,65,82,255,369,882,599
509,341,246,190,137,184,340,481,740,599
611,333,436,322,192,282,457,732,887,599
283,195,203,150,110,159,363,386,871,599
546,364,288,227,165,215,435,398,877,599
472,341,143,104,84,118,291,507,820,599
401,301,210,179,142,171,370,360,802,599
487,375,245,182,149,203,381,468,911,600
328,245,226,171,129,177,343,394,867,600
297,195,222,176,128,168,377,374,813,600
413,267,320,226,153,230,382,622,958,600
615,349,333,270,177,220,500,556,913,600
445,257,322,265,186,235,394,795,929,600
643,462,215,159,119,168,394,385,913,601
419,324,168,131,105,140,339,407,858,601
367,261,201,148,110,154,372,382,829,601
239,176,194,144,110,151,332,372,861,601
661,447,276,202,143,206,367,515,869,601
469,322,181,143,100,134,347,387,915,601
572,349,296,223,159,221,423,576,940,601
541,316,364,258,162,254,407,608,989,601
483,363,231,175,135,178,368,371,893,602
577,436,203,167,130,157,398,381,833,602
373,225,230,173,125,171,470,388,845,602
306,249,131,104,84,109,317,184,837,602
421,287,267,180,128,197,365,620,942,602
329,242,190,145,113,153,334,369,807,603
532,399,184,127,95,144,360,371,848,603
670,416,188,148,96,133,363,365,888,603
325,275,164,142,124,144,322,352,853,603
436,278,244,202,144,182,384,393,770,603
356,226,291,196,134,209,333,629,894,603
700,395,230,186,112,146,436,416,948,603
454,281,299,224,153,217,383,739,971,603
445,320,205,146,105,153,354,413,921,603
594,384,257,185,129,188,388,546,848,603
685,450,391,326,217,269,480,730,942,603
536,362,271,203,154,211,399,442,897,604
400,251,261,188,130,187,297,640,926,604
648,443,254,175,122,187,407,529,954,604
221,212,102,77,76,98,278,38,770,604
573,353,234,171,122,172,398,576,897,604
441,279,253,195,132,179,365,545,909,604
434,266,156,117,76,109,377,716,975,605
405,314,163,129,98,127,314,363,831,605
679,367,335,244,146,216,447,630,958,605
358,248,179,144,109,140,351,383,861,605
610,448,239,199,151,188,412,382,808,605
531,359,317,238,168,226,498,593,896,605
581,409,367,301,205,256,392,680,917,605
604,388,316,226,160,238,493,592,926,605
357,245,205,148,113,161,391,379,878,606
374,288,244,168,130,196,355,471,957,606
316,227,152,111,80,116,317,362,923,606
553,407,170,121,95,137,374,389,854,606
352,238,256,215,158,199,393,380,887,606
433,240,416,303,180,266,428,669,921,606
236,183,154,102,83,131,500,2,537,606
288,200,317,209,149,236,360,491,902,606
353,226,247,183,131,184,395,448,922,607
343,244,227,155,109,168,369,365,891,607
528,343,220,157,110,159,394,462,904,607
576,348,382,295,188,262,512,772,923,607
429,227,389,300,187,264,409,751,939,607
525,414,155,127,106,131,371,385,920,607
362,229,247,176,125,187,381,379,882,608
657,377,386,276,177,263,455,760,904,608
490,391,173,134,115,151,338,383,837,608
409,264,323,263,185,226,388,667,980,608
396,263,271,206,152,202,374,490,902,608
619,400,244,177,127,182,443,413,900,608
458,337,202,144,108,157,368,381,872,608
309,211,186,138,103,141,341,371,871,608
384,286,237,193,158,194,350,375,857,609
600,455,208,156,121,166,388,384,842,609
562,322,312,248,167,222,394,739,905,609
385,255,259,192,136,194,274,513,879,609
185,142,167,136,101,129,314,384,883,609
392,262,303,202,133,216,391,569,969,610
426,303,323,188,136,246,370,343,881,610
427,304,246,183,141,193,504,369,776,610
608,380,243,184,121,171,430,422,905,610
521,354,256,172,118,188,388,353,872,610
359,242,284,203,146,216,354,502,951,611
593,414,260,203,146,199,368,373,829,611
690,464,217,155,108,157,396,380,830,611
421,223,361,265,141,211,488,699,853,611
672,444,278,222,156,202,418,370,863,611
484,337,231,187,142,180,387,392,879,611
679,411,312,239,159,215,447,742,956,612
376,269,174,135,106,143,313,368,883,612
574,444,192,146,114,153,422,388,892,612
442,268,205,174,110,137,395,366,838,612
546,320,353,265,166,234,419,719,917,612
594,390,310,233,163,228,363,615,911,612
677,488,256,199,150,199,406,399,894,612
367,228,289,222,148,206,499,489,883,612
322,220,159,125,95,127,344,380,861,613
499,356,194,142,111,155,436,183,827,613
499,299,324,219,124,204,497,487,808,613
367,258,183,138,103,145,360,375,868,613
379,205,361,244,144,236,425,719,986,614
254,185,195,149,108,146,342,380,856,614
532,371,186,133,97,140,366,442,884,614
407,272,197,147,108,145,450,378,819,614
561,408,187,147,115,149,353,368,864,614
645,463,239,194,145,187,376,372,851,614
636,440,314,203,147,243,417,432,924,614
370,227,229,167,114,167,396,385,868,615
501,326,122,92,65,92,356,357,864,615
484,353,327,252,198,255,501,592,952,615
467,331,220,149,110,172,359,383,871,615
683,482,298,235,166,220,363,668,963,616
278,176,263,191,120,176,386,521,934,616
723,450,384,287,190,274,419,747,845,616
399,305,259,202,150,199,390,389,874,616
342,273,242,152,113,187,585,2,579,616
323,206,319,225,131,202,424,365,817,616
457,243,374,272,168,254,431,777,876,616
662,427,265,210,153,200,421,647,954,616
340,278,169,112,91,140,320,373,854,616
478,275,334,233,151,225,401,526,951,616
674,477,315,219,161,245,421,594,893,617
377,280,234,185,140,183,319,474,934,617
664,470,270,202,151,204,401,444,912,617
256,222,143,107,91,120,322,345,876,617
572,280,287,221,143,188,500,508,897,617
396,261,248,184,146,202,474,385,869,617
332,221,217,173,124,164,440,370,830,617
674,420,291,224,159,213,421,514,937,618
445,290,144,97,62,99,224,697,961,618
488,380,250,190,148,198,476,401,873,618
719,487,244,188,130,174,413,370,906,618
478,391,179,134,112,154,328,388,907,618
640,476,196,138,112,163,377,387,872,618
539,403,247,158,114,192,412,378,901,618
330,281,140,103,94,128,332,150,897,619
502,359,167,133,98,129,338,379,891,619
416,275,304,213,164,243,447,780,917,619
486,322,308,224,160,232,357,545,894,619
424,272,190,138,112,154,455,374,859,619
430,271,276,201,137,195,403,607,935,619
300,213,192,159,126,155,342,385,814,620
583,451,227,190,154,191,382,375,855,620
720,453,265,198,139,196,401,558,850,620
562,403,177,133,103,143,316,380,848,620
274,246,312,230,213,290,426,3,202,620
484,370,152,119,98,127,365,383,889,620
522,352,245,168,118,184,342,405,871,620
423,229,385,288,173,251,411,664,867,620
520,301,383,275,173,270,424,757,863,620
631,430,245,183,138,190,402,546,896,621
474,337,198,147,116,159,362,375,872,621
461,342,249,182,146,205,372,362,877,621
526,366,277,193,138,203,472,449,905,621
521,353,273,219,161,207,454,393,835,621
484,369,207,159,117,158,367,371,881,621
493,326,237,182,127,174,383,459,926,621
462,210,290,220,134,193,473,563,925,621
398,264,249,195,146,192,399,401,875,621
413,210,242,161,98,161,558,402,849,622
541,360,198,138,97,145,389,381,865,622
620,375,390,278,174,260,431,647,943,622
640,396,232,164,112,170,514,390,901,622
691,453,358,274,178,252,431,685,945,622
429,344,154,121,107,133,341,197,791,622
364,295,192,136,113,160,331,375,861,622
597,388,214,160,116,162,478,414,891,622
393,262,256,206,149,191,258,656,924,622
636,450,223,175,126,166,367,374,843,623
173,139,132,82,61,105,328,1,202,623
494,358,257,194,143,196,314,493,877,623
709,384,468,354,208,276,466,911,971,623
395,219,395,284,184,275,449,689,956,623
309,210,214,156,128,181,482,365,723,623
387,267,224,150,111,174,352,372,855,623
262,210,137,111,98,123,357,154,817,623
456,348,118,84,69,98,361,391,840,623
382,296,233,180,147,194,399,377,807,623
364,228,335,235,145,219,537,586,928,623
384,243,212,160,115,157,393,438,867,623
552,373,268,218,154,199,390,531,958,624
425,313,107,73,57,87,269,378,864,624
290,221,206,168,139,173,340,374,875,624
168,136,163,138,101,128,407,2,204,624
392,187,195,159,89,115,562,1,130,624
328,249,176,128,103,140,567,3,565,624
462,285,454,326,238,332,448,605,791,624
188,171,118,96,95,115,401,2,180,625
495,358,233,180,127,171,378,454,882,625
464,275,135,106,64,89,287,706,989,625
259,179,237,164,116,179,393,367,732,625
519,385,223,199,154,183,384,381,852,625
459,341,305,235,184,249,441,362,828,625
562,331,419,302,206,302,393,967,946,625
451,315,267,175,132,206,407,472,852,625
307,217,176,134,97,132,332,358,890,625
474,320,275,207,155,211,483,370,855,625
609,402,352,266,193,265,432,623,918,626
441,322,167,123,98,139,354,392,900,626
434,254,272,206,132,182,361,516,935,626
311,216,257,181,128,193,383,423,895,626
343,233,230,158,115,174,379,442,882,626
489,372,240,161,126,193,370,376,866,626
381,278,239,189,150,191,340,555,986,626
346,259,236,166,129,192,361,364,876,626
358,264,255,187,144,201,333,397,895,626
621,425,241,171,125,183,445,424,783,627
612,423,499,387,302,396,486,254,753,627
568,359,315,224,163,241,408,641,949,627
407,312,163,126,103,136,318,366,848,627
548,396,218,156,116,174,449,396,896,627
486,351,227,162,124,176,459,362,835,627
456,378,140,107,89,121,319,240,847,627
406,254,259,201,136,194,411,389,904,627
402,238,378,248,161,261,421,733,938,628
644,476,254,215,171,205,387,388,866,628
647,418,279,207,145,204,416,409,860,628
362,253,172,128,97,136,367,375,927,628
657,465,297,230,177,235,407,442,916,628
371,252,244,203,150,189,472,383,894,628
391,217,289,212,142,205,398,575,952,628
404,227,401,279,172,271,482,599,955,628
192,167,117,84,77,107,380,77,802,629
622,423,204,161,120,155,395,386,864,629
704,450,270,202,148,207,430,395,874,629
422,251,266,184,128,192,408,459,889,629
388,303,183,150,119,150,339,360,885,629
401,232,390,293,185,260,417,729,966,629
566,367,231,179,129,177,356,628,951,629
608,418,257,193,135,184,426,383,813,629
385,286,258,190,150,202,374,503,951,629
685,485,253,183,134,195,403,385,879,629
535,325,327,257,194,258,454,621,806,629
694,424,328,252,178,240,487,515,935,629
697,440,330,260,189,242,418,566,940,629
662,361,411,292,179,266,449,745,931,630
536,366,287,210,151,212,336,713,940,630
449,326,182,140,107,144,374,390,861,630
479,323,230,169,123,178,380,484,891,630
627,436,315,221,165,247,407,758,972,630
276,210,187,143,111,151,465,6,593,630
533,397,164,130,98,126,371,373,824,630
453,340,200,148,113,157,386,367,886,630
467,304,348,266,181,253,425,575,917,631
690,449,334,255,171,242,419,683,965,631
668,479,260,194,144,195,413,431,927,631
564,315,364,268,167,239,434,460,878,631
592,357,139,107,74,99,196,794,1010,631
594,401,427,324,213,299,399,1023,1004,631
566,342,451,351,226,307,515,636,916,631
398,297,147,113,91,122,331,385,845,631
402,275,176,136,102,137,379,380,854,631
302,215,195,137,101,151,282,387,871,632
394,289,221,152,115,173,356,372,873,632
727,445,458,318,203,313,494,695,886,632
402,303,137,105,84,114,264,374,945,632
539,424,146,117,101,128,328,378,870,632
456,274,422,300,182,273,432,716,806,632
564,398,243,190,137,181,345,375,904,632
392,241,303,234,156,214,356,559,894,633
600,334,393,300,207,277,530,764,829,633
305,234,127,99,83,106,325,301,901,633
283,180,123,88,57,86,360,522,896,633
516,337,267,197,138,194,343,553,967,633
324,240,238,162,118,177,317,353,868,633
731,471,328,241,170,236,410,733,897,633
432,326,116,93,76,96,326,376,869,634
362,283,125,92,74,104,297,385,906,634
430,273,264,215,159,202,354,707,934,634
729,489,343,265,178,248,418,618,931,634
353,196,163,123,73,107,240,745,994,634
508,337,139,101,69,100,384,452,754,634
437,278,336,259,176,240,490,550,876,634
697,470,328,264,174,228,399,687,911,634
465,349,224,156,120,181,385,377,828,635
651,353,388,291,169,252,453,769,798,635
305,202,215,168,125,162,345,384,873,635
640,481,273,204,160,219,411,381,843,635
688,481,197,162,108,135,416,379,845,636
252,164,286,218,154,211,371,538,900,636
384,283,223,156,123,181,370,425,944,636
483,309,310,244,162,223,412,573,811,636
193,145,181,134,109,148,287,381,878,636
485,310,345,250,156,231,337,684,925,637
523,378,217,151,115,174,392,379,870,637
724,470,270,216,150,196,389,369,878,637
325,219,316,229,154,225,383,597,995,637
501,238,468,352,207,296,481,766,896,637
492,328,292,223,158,226,357,607,927,637
417,285,215,161,115,161,378,391,868,637
559,422,222,183,140,178,327,557,797,637
306,222,220,167,131,175,364,371,814,637
433,294,266,202,139,194,374,455,910,637
484,361,203,155,124,167,381,369,862,637
521,254,470,368,222,304,457,756,916,637
617,365,231,187,137,175,496,478,894,637
458,361,180,139,112,149,310,376,852,637
371,301,136,104,87,114,286,359,856,638
497,335,307,217,160,237,356,629,923,638
687,477,218,174,128,164,404,380,894,638
353,255,172,132,111,143,469,357,853,638
585,380,400,291,196,279,403,671,941,638
259,169,238,183,136,181,325,601,996,638
373,262,292,215,156,215,311,467,898,638
432,305,396,293,214,293,382,535,952,638
437,336,167,130,110,142,333,378,825,638
429,292,172,115,83,128,352,385,809,638
510,363,193,145,104,150,348,376,905,638
519,380,120,92,67,91,227,769,956,638
722,473,373,275,193,273,437,752,920,638
380,255,255,186,137,196,352,578,950,638
487,362,181,139,116,152,382,379,915,639
497,298,293,238,161,211,408,513,966,639
396,309,202,165,130,163,338,455,915,639
510,293,419,304,191,271,461,631,922,639
561,375,216,152,116,171,473,370,852,639
601,324,315,218,155,234,487,765,919,639
467,301,254,206,148,190,397,419,861,639
545,373,157,124,91,123,381,383,866,639
665,466,225,178,135,178,385,479,868,640
461,303,202,163,120,153,374,382,890,640
446,247,369,276,166,241,429,749,929,640
648,446,315,221,156,237,414,488,901,640
349,243,187,152,116,145,350,387,856,640
410,284,225,169,126,176,389,460,745,640
363,286,178,141,110,142,314,367,865,640
549,296,493,342,193,302,482,811,866,641
422,241,272,214,143,187,370,658,966,641
633,440,269,205,160,211,367,670,926,641
636,407,305,240,166,224,404,634,962,641
538,398,249,195,148,196,392,487,891,641
433,311,261,195,153,211,464,427,872,641
328,251,272,186,139,211,313,419,732,641
518,363,298,211,152,225,410,497,938,641
495,375,323,237,170,245,479,545,876,642
628,461,158,123,95,127,389,387,919,642
509,345,345,255,188,266,441,437,776,642
328,251,212,154,121,173,330,355,864,642
654,405,127,98,66,92,375,389,888,643
406,263,205,157,110,149,367,443,953,643
238,161,215,168,122,160,251,468,888,643
401,310,98,85,69,82,320,396,832,643
329,215,255,187,136,190,353,530,896,643
541,385,246,186,143,197,483,399,853,644
284,243,169,122,104,147,383,64,654,644
464,253,350,290,183,235,426,739,930,644
486,356,213,159,115,164,401,399,879,644
568,328,289,204,143,210,422,498,919,644
554,340,254,183,119,177,392,476,944,644
424,262,256,198,138,186,400,408,883,644
556,388,181,132,86,130,390,193,906,644
583,397,227,172,138,186,465,391,860,644
489,344,243,193,139,187,406,415,870,645
518,352,290,228,165,215,420,419,882,645
645,440,263,196,148,203,427,395,837,645
675,481,183,129,93,139,378,396,889,645
477,338,200,147,108,154,380,358,834,646
425,252,383,268,165,262,414,727,948,646
220,173,188,136,102,148,282,384,846,646
697,433,285,212,146,203,476,429,855,646
355,271,235,180,139,187,294,380,803,646
295,206,224,154,110,169,342,400,910,646
666,418,230,174,117,168,341,680,1000,646
540,397,256,195,151,202,402,379,869,646
385,279,202,128,92,155,380,354,864,647
682,432,326,244,157,235,396,518,841,647
545,339,243,175,115,180,412,392,892,647
677,437,248,197,148,191,495,392,843,647
583,325,401,305,197,268,434,784,922,647
385,263,244,179,137,194,383,386,895,647
615,364,283,207,138,198,395,592,990,648
470,363,149,99,76,119,332,366,876,648
378,257,223,166,119,169,371,309,872,648
388,261,221,173,127,170,365,414,876,648
728,433,389,265,173,274,424,704,963,648
447,271,299,238,149,203,332,696,898,648
427,233,392,295,169,244,437,756,923,648
630,406,318,245,165,228,433,554,930,648
357,267,182,145,116,149,329,370,873,648
230,167,169,134,101,133,288,373,850,648
366,279,204,166,128,161,376,363,823,648
432,318,222,171,138,187,393,379,872,649
521,382,220,154,119,174,355,367,874,649
344,231,215,165,126,168,369,381,803,649
465,315,199,162,120,152,354,379,902,649
576,339,432,337,218,297,548,550,880,649
541,356,233,171,126,177,409,383,874,649
671,440,258,195,141,197,416,510,957,649
533,385,210,150,116,169,392,461,790,649
574,432,219,187,150,172,383,350,879,649
543,360,243,171,116,174,392,359,888,649
604,460,221,159,128,185,381,377,865,649
451,298,199,158,120,152,377,396,914,650
605,449,215,157,127,178,372,479,865,650
542,324,330,243,166,237,432,652,942,650
550,405,175,135,106,141,354,398,888,650
508,337,204,173,127,158,460,375,882,650
650,390,282,218,143,195,410,497,936,650
608,303,473,327,170,266,514,728,917,650
504,316,288,215,149,212,407,530,912,650
626,377,350,249,169,246,411,675,932,651
376,262,213,162,118,162,370,401,809,651
418,285,210,160,118,160,370,374,916,651
353,268,277,202,154,218,424,383,812,651
652,374,330,250,162,227,416,681,980,651
455,321,231,149,112,177,384,391,866,651
511,354,208,151,105,150,394,381,905,651
438,275,240,182,121,166,445,390,842,651
250,226,97,135,117,82,535,14,288,652
444,315,132,111,88,108,343,368,915,652
222,156,224,170,121,165,374,2,215,652
378,274,199,161,128,160,334,366,873,652
399,252,213,162,121,165,447,399,853,652
498,342,241,181,140,190,367,373,851,652
225,181,143,110,88,116,259,365,868,653
610,454,220,170,133,178,434,414,864,653
445,327,138,111,79,100,398,555,801,653
497,242,331,261,148,199,478,556,871,653
436,264,278,210,143,202,376,578,948,653
366,228,286,216,139,201,402,425,827,653
443,275,454,339,227,321,239,1023,907,653
533,335,257,182,147,211,492,383,846,653
483,325,231,155,109,175,386,478,957,654
544,403,221,159,121,175,381,494,933,654
550,413,178,151,123,147,399,392,909,654
439,296,225,173,131,175,304,514,923,654
432,318,204,151,117,161,361,374,862,654
589,401,242,206,148,179,412,382,869,654
680,445,242,196,141,178,400,384,869,654
582,429,242,190,150,193,398,387,850,654
265,193,248,179,136,195,347,502,876,655
445,316,215,159,126,177,365,371,700,655
399,288,228,160,114,170,337,432,954,655
627,431,283,224,150,207,466,397,874,655
272,208,184,123,94,144,348,379,846,655
586,318,527,355,202,333,477,753,897,655
269,199,224,195,154,177,372,279,848,655
513,379,275,213,152,209,367,373,873,655
439,300,345,263,192,266,387,508,925,655
330,255,205,141,107,163,336,373,905,656
255,167,260,192,131,185,204,592,982,656
522,396,266,197,167,223,413,367,899,656
409,302,190,136,114,158,339,370,885,656
476,335,308,229,169,233,486,389,836,656
662,418,364,263,176,251,377,638,982,656
530,336,196,149,94,137,574,742,1023,656
436,336,174,132,110,146,327,360,867,656
489,350,245,170,127,194,378,520,942,656
431,305,216,150,117,173,405,416,858,657
526,346,317,226,151,233,394,491,930,657
332,242,266,220,164,207,355,355,856,657
527,314,268,200,134,189,417,509,908,657
591,406,202,160,115,155,383,418,911,657
276,164,248,190,128,177,343,539,944,657
277,201,203,138,103,156,336,365,849,657
542,374,231,173,127,173,406,529,961,658
676,452,330,258,187,253,406,410,881,658
450,224,321,220,126,195,548,381,803,658
615,436,217,181,141,168,411,389,859,658
421,294,208,149,110,160,359,407,897,658
614,363,253,183,120,178,412,500,918,658
601,413,350,258,192,268,420,582,927,659
330,204,241,176,121,178,367,357,871,659
576,416,174,139,102,134,360,368,814,659
456,312,180,154,117,139,354,380,898,659
549,394,184,153,114,142,385,379,873,659
378,283,199,160,129,163,442,373,821,659
684,429,360,273,156,223,557,383,873,659
453,258,459,348,216,309,453,758,902,659
352,231,197,155,118,154,331,374,852,660
537,326,370,270,169,253,413,635,964,660
304,271,88,66,63,83,334,64,597,660
620,405,340,267,186,244,475,655,891,660
451,267,294,207,138,207,403,420,920,660
444,254,319,235,150,218,390,682,964,660
377,286,174,134,104,141,358,291,865,660
664,386,367,287,195,255,425,749,831,660
427,331,153,118,95,124,334,364,863,660
621,393,356,300,213,267,495,506,903,660
351,230,202,139,94,144,348,359,741,661
427,284,246,179,124,181,399,451,888,661
555,345,277,206,144,198,397,510,816,661
623,452,175,142,116,143,381,397,855,661
539,413,184,129,103,150,355,367,871,661
589,459,254,184,147,208,391,393,865,661
591,396,324,229,151,235,374,658,962,661
280,252,96,68,60,85,482,2,573,661
325,273,155,117,104,138,339,382,844,661
613,450,181,131,102,144,387,384,858,661
401,274,112,93,70,86,213,775,977,661
313,220,208,157,123,166,477,380,882,662
493,395,244,187,151,203,433,239,744,662
493,332,274,192,138,208,390,372,884,662
276,206,272,196,151,217,293,605,897,662
497,328,237,191,132,171,336,557,855,663
601,381,343,276,186,243,416,642,890,663
474,336,283,196,144,213,353,512,861,663
648,397,310,225,150,226,371,634,953,663
655,426,303,228,153,208,391,660,931,663
530,414,267,194,157,223,388,376,806,663
505,308,275,206,142,199,331,708,942,663
550,405,189,145,112,149,376,286,842,663
676,426,330,253,178,244,412,632,882,664
512,336,243,194,140,180,405,478,901,664
413,220,400,289,165,241,449,659,894,664
315,222,292,219,168,227,307,593,830,664
299,201,177,130,90,130,498,4,536,664
188,150,151,110,85,121,271,373,872,664
490,353,173,133,100,132,338,373,797,664
350,228,263,197,142,199,344,529,920,664
347,269,171,135,105,133,286,414,866,664
366,262,263,199,163,221,369,369,864,665
649,369,510,354,227,354,527,760,833,665
729,488,308,226,162,230,416,483,842,665
385,206,376,282,153,222,407,731,950,665
370,246,254,186,139,193,407,371,839,666
607,422,402,275,215,325,518,760,911,666
293,223,229,177,137,179,431,366,818,666
693,397,282,199,128,192,429,420,868,666
608,369,461,345,244,341,515,755,948,666
594,318,423,321,191,274,441,762,938,666
459,258,372,304,196,255,408,614,908,667
710,430,461,333,203,302,455,767,971,667
496,353,309,201,155,248,382,468,926,667
526,341,285,204,143,210,354,560,861,667
592,341,303,217,137,201,402,491,917,667
611,390,376,288,201,271,442,654,911,667
222,166,178,148,117,143,326,369,892,667
628,471,210,158,122,167,370,367,779,668
716,427,455,340,234,327,514,754,877,668
320,205,290,220,161,222,347,466,876,668
300,208,151,103,77,115,297,371,891,668
459,303,200,151,101,142,379,418,888,668
401,274,254,194,142,195,478,530,918,668
454,301,277,212,164,217,410,467,906,668
590,333,476,359,220,315,457,702,907,668
446,346,172,140,107,133,347,364,875,668
393,248,215,164,118,163,359,534,898,668
568,285,417,273,135,234,547,392,851,668
610,351,180,134,99,133,493,378,843,669
716,467,306,241,161,215,369,710,827,669
451,298,302,241,175,231,440,497,922,669
643,439,309,199,138,224,385,623,944,669
458,313,305,214,156,234,390,376,836,669
537,349,246,176,121,174,409,386,883,669
595,408,232,170,121,173,420,415,853,669
509,316,389,287,183,261,418,611,926,669
592,467,174,146,117,143,349,381,847,670
530,388,238,179,132,190,408,382,871,670
614,380,344,238,147,222,423,493,853,670
484,285,271,194,134,199,434,526,883,670
453,351,179,127,100,147,341,374,874,670
396,280,232,173,131,180,481,387,804,670
694,410,302,239,137,180,411,736,964,670
349,239,220,166,121,170,404,395,855,670
677,434,269,204,150,205,404,619,938,670
557,354,181,139,99,130,491,376,801,670
573,390,170,134,95,125,365,395,920,671
373,237,336,264,177,236,246,771,875,671
601,419,235,178,136,180,362,496,932,671
535,311,378,289,184,253,433,746,884,671
353,223,222,151,103,160,391,424,916,671
231,170,157,131,99,122,301,396,873,671
473,349,253,180,148,206,463,408,797,671
614,325,410,282,171,274,441,755,952,671
417,290,145,115,95,119,422,261,769,671
373,251,218,164,119,167,389,431,859,671
477,299,245,185,127,177,292,672,953,672
602,418,224,152,117,177,393,396,881,672
541,299,332,252,164,224,368,773,995,672
473,286,251,186,128,183,345,677,955,672
371,236,220,166,125,173,401,245,832,672
653,391,395,277,183,279,440,727,899,672
537,332,312,227,176,245,454,519,908,672
721,464,271,225,147,189,415,381,910,673
521,390,199,149,118,162,331,373,894,673
382,301,172,144,118,143,342,374,829,673
420,258,348,268,162,228,408,543,948,673
359,290,126,89,75,109,376,56,790,673
631,467,239,174,140,195,413,385,887,673
630,469,162,125,98,131,339,382,868,673
403,342,142,94,82,125,292,383,856,673
663,429,258,184,126,183,399,401,898,673
734,447,263,182,117,181,504,392,791,674
465,350,191,143,117,159,336,372,883,674
702,491,331,242,185,260,431,389,914,674
665,377,372,294,199,268,463,634,987,674
321,191,194,141,97,135,471,373,852,674
268,220,285,206,175,247,449,3,517,674
368,255,211,157,114,160,356,497,946,674
278,204,251,169,123,194,431,387,905,674
538,298,312,218,143,214,400,763,952,675
627,413,305,234,161,229,431,604,946,675
336,282,187,151,118,157,330,373,863,675
566,408,190,152,123,156,391,374,892,675
426,334,239,154,118,189,317,360,880,675
221,169,155,110,89,124,300,378,917,675
579,378,286,218,147,200,433,682,941,675
566,379,297,206,147,216,367,495,788,675
385,285,208,155,117,159,353,368,842,675
565,367,340,236,158,244,398,697,939,675
545,284,363,257,142,224,438,757,935,676
313,230,218,170,125,163,329,362,811,676
266,193,196,144,115,156,295,367,839,676
296,228,119,91,76,101,288,382,912,676
656,414,248,204,148,188,408,508,905,676
515,372,162,124,98,127,371,386,916,676
542,363,379,295,203,261,392,514,996,676
491,296,277,215,146,197,376,566,938,676
544,376,202,133,97,154,374,373,868,677
468,289,312,235,157,221,405,515,931,677
614,414,190,143,103,146,372,744,915,677
268,181,240,169,132,194,330,369,845,677
536,371,337,227,164,250,477,421,854,677
499,348,205,157,118,157,368,445,904,677
580,453,251,197,156,203,376,525,770,677
276,216,216,149,118,174,365,418,885,677
515,303,340,258,166,232,433,704,959,677
441,323,207,157,120,164,372,374,862,677
685,431,294,223,154,215,422,636,949,677
183,162,141,97,80,122,516,2,564,677
671,386,392,268,184,276,419,719,928,678
581,446,203,131,99,161,358,388,761,678
551,383,167,128,92,127,367,377,876,678
482,241,357,286,176,240,392,755,970,678
599,429,203,148,104,153,380,382,904,678
405,272,189,157,122,150,365,388,869,678
701,479,265,198,144,196,421,502,923,679
343,238,167,124,95,131,343,377,831,679
637,475,263,232,172,203,356,349,837,679
361,289,113,85,68,93,294,374,829,679
669,490,257,185,142,202,401,443,852,679
545,354,280,211,151,205,400,447,917,679
346,277,176,127,104,148,320,383,866,679
324,213,252,184,129,182,398,379,909,679
614,417,307,241,167,221,500,703,952,679
327,201,270,199,149,212,374,460,899,679
519,367,256,186,146,206,381,442,872,679
603,431,170,124,90,127,384,392,899,680
424,252,268,214,147,192,394,518,925,680
688,484,271,194,139,202,407,432,921,680
657,407,469,371,242,331,426,741,938,680
661,445,317,236,172,241,427,739,902,680
709,419,437,302,208,327,443,752,926,680
467,358,206,161,129,167,365,359,831,680
424,291,228,168,132,182,356,470,885,680
529,403,212,176,132,164,371,370,833,680
362,237,316,229,164,233,438,518,837,680
616,438,210,164,121,159,355,526,765,680
426,287,228,177,128,172,371,504,943,680
333,259,234,178,145,191,312,477,881,680
593,359,414,320,215,288,361,1014,978,680
652,468,345,249,180,260,423,485,886,681
465,336,250,193,144,196,375,597,979,681
263,192,223,167,126,177,344,452,866,681
373,284,161,121,94,128,317,368,868,682
450,232,375,299,191,253,430,782,899,682
681,459,296,230,160,214,418,661,730,682
408,250,379,265,159,252,414,735,943,682
558,377,155,130,94,117,366,390,927,682
597,419,342,244,170,252,457,598,986,682
529,393,169,121,92,139,343,374,845,683
484,334,257,192,150,209,368,567,918,683
682,452,410,289,185,276,430,727,939,684
601,441,243,182,138,191,360,380,834,684
289,151,270,198,141,198,501,252,867,684
729,484,272,227,155,200,457,511,897,684
588,442,202,148,114,160,391,376,882,684
244,172,172,141,108,134,307,371,891,684
397,297,220,175,146,188,357,379,821,684
433,287,437,282,191,317,401,626,953,684
511,272,390,309,183,243,439,780,874,685
591,367,211,150,109,155,372,755,865,685
510,387,197,150,124,163,408,370,821,685
618,436,237,175,136,187,396,581,974,685
479,261,367,247,145,226,395,795,879,685
406,260,324,224,147,229,413,378,850,685
243,178,164,130,104,134,324,380,859,685
404,267,273,211,146,203,413,386,829,686
370,292,144,115,95,121,344,381,879,686
409,278,283,196,133,204,340,382,880,686
445,325,218,163,124,170,359,385,852,686
558,350,258,205,135,181,357,677,1005,686
461,238,396,298,181,264,442,694,951,686
633,430,195,167,108,137,367,372,821,686
552,391,235,186,147,187,392,383,888,686
358,224,283,214,144,199,404,508,898,686
717,395,223,163,96,145,354,712,998,687
362,246,239,164,116,179,314,400,854,687
578,409,243,198,147,185,375,670,947,687
462,352,175,130,106,148,359,384,839,687
313,195,199,141,93,143,351,367,894,687
450,321,284,209,159,219,392,380,841,687
536,402,187,143,105,146,372,388,829,688
424,238,282,221,131,173,370,625,877,688
336,253,189,135,119,169,450,378,828,688
497,374,184,127,98,149,343,374,827,688
557,399,308,242,194,255,495,609,994,688
600,398,189,132,88,135,401,400,896,688
436,260,258,196,132,186,386,460,908,688
583,425,193,150,118,155,435,382,870,689
525,286,423,288,178,277,437,743,941,689
519,312,298,209,147,219,424,521,877,689
443,256,356,267,176,244,391,766,940,689
523,388,187,145,115,152,411,365,867,690
455,268,355,251,167,248,385,774,807,690
668,421,303,228,149,213,459,558,926,690
576,431,308,199,155,248,414,448,915,690
650,484,378,258,209,319,503,304,746,690
450,305,263,204,146,188,333,604,906,690
502,323,239,178,130,176,386,389,893,690
469,279,334,215,167,270,532,627,947,690
485,245,454,329,188,277,473,746,925,691
486,263,292,230,157,209,438,555,879,691
666,405,334,288,202,239,430,577,952,691
474,306,228,170,126,171,385,395,868,691
639,418,327,247,184,254,377,520,902,691
327,274,200,141,118,168,330,358,826,691
438,308,237,176,131,182,366,505,927,692
561,329,425,307,183,268,439,693,926,692
689,421,315,235,164,239,435,652,970,692
375,288,169,127,102,139,331,384,860,692
535,276,359,268,158,232,428,691,928,692
412,345,167,110,93,145,383,78,714,692
199,142,219,133,95,169,329,358,880,692
371,267,230,163,119,175,363,373,856,693
473,321,304,227,165,229,324,699,848,693
732,470,395,298,197,271,445,552,922,693
402,286,210,178,136,160,320,477,873,693
572,354,331,256,179,242,383,659,976,693
662,485,447,324,238,343,422,365,856,693
708,475,274,209,146,195,429,408,889,693
677,464,270,213,145,199,388,477,857,693
260,227,240,207,183,209,438,3,473,693
533,365,258,177,131,201,386,421,889,694
375,281,146,108,88,121,328,367,925,694
543,335,245,175,118,173,400,571,944,694
495,351,211,152,102,153,325,360,872,694
430,327,176,137,109,143,365,382,857,694
400,236,302,233,156,213,372,567,843,695
424,323,189,145,118,158,370,380,867,695
235,202,108,81,70,94,285,231,827,695
657,460,188,163,120,143,395,388,874,695
424,317,300,212,160,233,391,381,893,695
317,265,172,132,108,141,333,224,817,695
661,437,286,224,158,217,384,578,908,695
457,299,218,155,113,166,395,404,901,695
355,245,263,195,138,196,383,449,886,695
383,265,326,235,163,239,483,373,848,695
224,187,113,89,77,101,391,2,204,696
346,249,237,169,129,190,373,376,826,696
703,431,285,222,145,199,402,434,897,696
612,403,258,173,116,185,384,528,936,696
186,137,154,123,93,118,240,387,792,696
515,297,322,250,167,226,399,695,889,696
467,286,334,244,162,232,423,628,965,696
445,268,307,213,140,213,355,365,885,696
327,247,200,130,96,153,329,356,872,696
505,252,394,286,170,255,427,739,896,696
467,315,238,189,136,178,470,380,898,696
529,331,377,277,183,263,462,758,844,696
637,424,317,239,165,230,379,582,900,697
368,335,156,93,85,144,369,132,671,697
405,275,187,143,109,146,368,396,894,697
685,430,282,230,160,204,404,756,1001,697
583,401,207,147,100,150,363,379,880,697
583,384,350,245,176,264,533,601,892,697
484,295,223,164,115,168,408,459,932,697
526,352,286,216,153,213,382,537,914,698
695,460,279,202,147,211,427,469,927,698
541,373,301,215,160,240,398,436,917,698
406,278,334,254,180,250,269,709,910,698
546,298,310,231,167,232,494,637,900,698
429,342,221,172,138,178,425,131,767,698
556,410,199,136,99,151,373,376,905,698
594,390,289,222,150,197,422,402,906,698
460,242,384,282,167,246,452,712,964,698
259,196,227,158,123,181,340,382,912,698
340,220,281,199,146,211,520,369,880,698
490,335,172,126,93,134,335,432,907,699
630,435,221,149,108,169,380,380,885,699
211,153,139,119,93,111,273,372,855,699
440,295,265,204,144,194,402,407,818,699
345,248,219,165,129,177,351,412,884,699
518,333,291,222,162,221,388,508,952,699
557,405,178,150,112,142,346,370,843,699
406,297,212,173,132,161,330,360,855,700
612,414,232,168,117,171,390,372,870,700
468,318,235,167,122,184,410,425,844,700
506,390,213,146,118,180,345,395,865,700
379,274,243,206,157,193,345,436,896,700
578,425,185,151,118,148,370,374,895,700
548,382,225,168,126,179,383,375,806,700
345,213,278,199,129,195,405,452,872,700
594,343,274,202,128,182,397,654,945,700
450,331,182,143,107,140,381,382,806,700
603,361,439,314,201,300,419,760,890,701
592,316,410,277,159,264,433,739,891,701
473,344,230,159,122,184,389,417,897,701
491,302,346,269,167,230,405,637,978,701
581,419,248,188,147,200,374,374,844,701
580,366,295,231,165,217,423,591,953,701
439,299,215,149,103,154,361,400,878,701
444,280,254,188,133,196,399,359,832,701
345,224,220,168,117,163,354,471,909,701
583,417,224,186,143,176,396,395,863,701
574,375,236,185,127,169,416,381,862,701
387,312,106,75,66,93,300,330,839,701
408,240,334,232,157,239,418,546,918,701
307,230,249,190,140,191,310,495,918,701
627,404,364,253,155,246,415,601,896,701
442,336,146,109,89,124,345,372,872,701
538,353,235,171,124,176,424,438,890,701
448,267,335,279,206,251,370,678,938,702
365,255,258,193,142,196,301,665,953,702
311,249,143,90,72,118,308,359,897,702
381,254,118,86,62,89,296,374,929,702
326,218,193,152,113,147,319,397,883,702
474,342,185,139,107,146,371,396,863,702
547,405,180,135,112,151,371,381,888,703
510,379,154,122,94,123,344,389,888,703
270,248,193,111,106,185,408,2,188,703
420,303,204,151,119,165,371,373,825,703
385,281,198,150,117,158,382,380,798,703
445,291,296,199,136,208,454,423,890,703
590,432,190,170,133,150,355,362,896,703
258,187,186,153,111,144,343,370,919,704
435,320,126,97,78,105,327,379,862,704
621,403,262,196,131,189,456,423,828,704
321,239,162,127,104,133,344,381,879,704
460,359,186,146,119,158,351,382,871,704
657,353,337,270,169,220,433,772,993,704
419,265,325,229,157,232,417,558,891,704
492,327,138,118,89,107,337,371,744,704
602,388,325,224,162,246,414,450,881,704
668,363,364,255,147,226,491,658,912,704
332,274,207,171,140,174,418,376,750,704
527,352,260,180,120,191,381,473,919,705
325,276,188,130,114,164,370,368,840,705
581,387,259,200,140,191,395,641,950,705
612,407,266,218,164,202,428,389,866,705
716,470,348,249,179,260,410,548,808,705
399,305,194,134,102,157,364,355,920,705
582,396,248,177,136,192,502,385,866,705
344,223,186,142,104,142,368,372,863,705
237,181,189,132,102,152,312,360,879,706
558,351,334,267,178,237,329,1023,970,706
667,387,317,241,159,225,487,455,863,706
373,276,277,209,140,197,310,527,920,706
495,350,230,150,104,169,362,344,833,706
590,368,246,173,118,179,381,576,941,706
393,303,178,128,103,144,323,376,900,706
318,231,182,153,121,144,366,369,862,706
464,284,295,203,127,196,417,513,772,707
435,240,389,301,177,242,404,797,913,707
358,274,222,150,126,188,452,376,856,707
516,407,309,206,160,250,416,582,763,707
488,296,293,233,165,216,383,593,893,707
451,337,241,183,144,198,365,615,979,708
378,255,220,178,139,171,374,385,905,708
531,359,202,151,110,151,373,375,825,708
455,290,291,214,150,214,373,637,953,708
522,310,337,252,168,240,399,711,956,708
473,354,209,161,127,167,377,361,848,708
441,310,206,151,111,157,341,403,803,709
602,398,221,177,120,158,413,369,858,709
606,362,363,280,196,262,411,759,916,709
406,262,362,268,189,263,420,713,915,709
684,446,305,232,173,241,422,635,951,709
471,235,372,272,164,237,562,424,859,709
497,337,252,196,141,192,375,513,939,710
516,360,255,183,137,197,476,396,767,710
398,256,256,175,121,184,393,588,775,710
457,319,213,160,114,158,373,388,915,710
554,406,207,159,125,167,383,378,866,710
479,380,171,143,122,148,330,351,837,710
363,268,283,202,152,221,291,552,961,710
410,280,193,138,103,151,364,396,893,710
461,242,408,309,192,267,438,634,970,710
635,335,402,316,193,258,458,750,933,711
730,429,389,313,209,276,480,670,890,711
405,234,338,282,183,226,441,624,908,711
414,287,238,191,141,183,359,440,964,711
542,339,278,181,129,202,451,396,849,711
508,386,231,175,141,191,380,392,915,711
250,190,231,161,123,184,345,366,928,711
487,374,358,261,218,303,491,312,822,711
587,414,284,216,157,214,428,645,957,711
568,374,215,164,125,167,476,385,801,711
582,371,276,207,145,204,406,505,931,711
482,341,320,245,184,238,362,663,945,711
579,422,232,167,128,184,393,383,744,712
539,395,290,203,149,221,436,564,900,712
525,368,186,142,108,146,358,381,885,712
214,170,160,125,105,134,381,53,817,712
359,248,181,140,107,141,385,377,885,712
591,458,184,141,114,151,362,378,899,712
604,433,180,141,103,142,382,356,853,712
496,375,142,134,110,115,307,368,890,712
356,241,212,137,103,164,348,382,840,712
684,472,280,228,167,214,432,386,884,712
333,213,303,229,156,223,316,681,964,712
652,463,329,235,169,246,384,415,834,712
526,350,249,202,153,197,480,386,859,713
536,392,153,124,98,124,357,398,915,713
560,391,240,196,144,182,470,396,745,713
315,215,324,232,167,241,374,394,820,713
481,270,334,260,175,240,382,730,890,713
346,309,130,89,83,121,357,85,804,713
704,423,265,188,119,182,408,439,888,713
606,422,132,114,81,96,622,765,1023,713
407,322,174,132,108,146,344,383,788,713
679,474,252,196,152,203,410,407,903,713
707,491,225,177,126,171,379,367,831,714
535,353,300,229,153,217,359,648,986,714
490,347,201,148,115,157,388,384,847,715
329,232,367,251,180,280,529,733,925,715
382,276,182,132,98,141,359,383,868,715
349,241,238,172,121,179,382,368,815,715
466,332,243,183,134,187,389,375,820,715
588,375,368,279,199,269,384,617,938,716
656,452,290,194,137,217,414,424,880,716
525,263,228,198,135,155,743,1023,1023,716
283,196,220,153,111,166,364,381,929,716
236,177,215,161,120,168,314,373,822,716
420,313,230,193,153,185,378,366,850,716
405,285,154,107,77,119,349,377,863,716
699,432,383,303,216,291,497,759,918,716
262,185,218,168,124,171,382,378,891,716
368,241,257,210,150,188,367,596,984,717
519,393,369,259,208,303,491,707,921,717
358,242,339,270,190,245,317,619,997,717
539,313,542,342,203,347,477,768,933,717
270,206,194,165,135,162,299,374,908,717
597,376,269,208,144,191,410,569,962,717
638,346,399,285,178,268,501,759,800,717
256,183,230,159,117,176,284,519,897,717
344,234,222,172,126,170,350,414,894,717
712,460,390,285,186,273,432,725,900,718
662,400,336,251,167,237,446,753,904,718
321,212,262,196,137,193,351,508,924,718
252,211,112,83,71,98,311,223,866,718
728,470,289,219,155,214,422,676,934,718
423,305,208,150,115,164,350,383,864,718
441,349,154,122,100,129,353,367,851,718
510,370,216,167,122,165,347,363,891,719
440,238,273,196,122,185,504,384,868,719
375,270,122,84,66,98,325,369,820,719
519,308,398,301,194,271,397,694,930,719
548,282,344,270,163,225,433,605,935,719
417,279,263,171,123,197,378,417,874,720
587,350,411,296,217,311,490,693,963,720
702,418,328,256,170,230,445,705,805,720
452,321,183,146,108,140,357,369,868,720
609,353,169,130,78,114,460,1023,758,720
505,377,261,177,133,207,392,422,917,720
505,337,254,205,133,180,432,367,710,720
329,239,230,152,114,184,326,365,866,721
534,383,201,160,119,157,280,556,987,721
654,359,367,255,167,251,424,735,904,721
331,157,195,158,70,98,639,0,138,721
660,454,366,259,177,261,482,687,928,721
418,348,124,107,95,106,429,1,200,722
413,304,221,162,124,175,366,388,876,722
512,300,275,212,140,193,394,623,963,722
204,148,171,139,106,132,317,326,730,722
533,391,252,206,155,196,399,487,919,722
330,204,277,202,147,205,391,363,846,722
596,408,262,184,125,190,386,506,919,722
241,175,225,165,122,176,332,347,858,722
451,316,234,168,127,186,391,382,911,723
405,320,141,127,99,113,336,383,758,723
490,329,277,226,163,206,409,439,906,723
484,287,242,175,108,160,444,194,801,723
534,332,252,189,125,180,354,652,977,723
693,490,256,200,151,197,414,566,927,723
613,362,359,266,181,263,446,609,935,723
330,244,219,159,123,174,361,384,861,723
487,366,197,161,131,162,389,435,921,723
439,272,246,211,155,188,489,385,888,723
210,186,99,76,67,94,275,1,217,723
530,362,391,307,221,296,399,737,903,724
466,359,170,125,101,138,361,267,792,724
397,298,112,88,68,90,204,363,938,724
503,389,178,149,126,151,373,312,858,724
350,256,184,139,113,152,347,302,913,724
458,324,147,110,86,118,391,388,866,724
324,227,212,158,119,165,364,391,887,724
502,365,209,166,129,162,404,377,874,724
577,418,155,135,105,120,370,377,884,724
642,433,242,196,149,190,496,374,844,724
687,453,333,261,180,242,391,661,959,725
419,271,294,238,180,230,325,565,974,725
441,303,230,181,137,175,378,361,857,725
613,453,271,223,166,203,414,382,860,725
601,456,173,140,109,139,344,381,874,725
400,288,266,197,156,216,471,377,842,725
453,306,138,101,69,101,316,369,888,725
637,478,256,160,121,200,373,393,868,725
360,244,187,155,113,142,381,406,868,726
565,393,266,206,153,205,410,492,941,726
396,313,172,107,84,140,358,383,853,726
712,461,335,259,178,241,460,611,1000,726
682,471,278,202,151,217,383,583,947,726
264,189,228,163,119,172,385,379,874,726
673,405,342,260,178,249,414,706,899,726
464,356,153,114,89,123,318,354,886,726
508,381,185,134,103,150,337,372,898,726
445,367,249,198,155,201,438,172,802,726
335,236,202,155,117,155,341,366,895,727
459,304,257,194,142,199,400,541,938,727
506,353,293,243,194,236,413,373,864,727
384,323,160,141,118,134,368,295,897,727
542,351,270,202,143,199,371,672,918,727
526,257,363,278,187,258,517,544,925,727
546,314,310,228,147,215,403,690,940,727
328,247,159,119,96,132,320,379,870,727
489,370,183,138,118,156,352,366,722,727
524,249,471,333,124,185,544,797,910,727
501,331,338,228,162,249,400,422,879,728
401,325,166,128,109,143,355,383,888,728
513,353,240,200,156,189,444,365,861,728
345,222,249,188,135,191,392,361,869,729
389,298,177,139,107,139,366,379,820,729
484,249,348,278,187,246,488,622,964,729
448,264,319,240,152,214,380,706,960,729
691,401,384,283,186,268,440,642,960,729
489,370,186,151,126,155,384,379,851,729
417,340,122,91,80,108,380,160,799,729
233,157,177,137,103,133,443,370,849,729
485,394,180,119,102,157,339,379,859,729
536,353,233,183,137,185,364,579,991,730
355,258,209,147,115,169,338,507,951,730
596,410,320,249,193,256,428,572,963,730
363,199,323,242,150,218,356,775,941,730
390,198,328,235,164,233,392,754,893,730
425,249,313,229,158,226,435,577,803,730
652,370,362,279,173,244,422,773,966,730
423,301,207,154,114,160,366,378,871,730
483,341,311,228,180,249,399,410,882,730
618,442,222,187,143,175,387,388,877,730
358,243,249,223,156,190,266,577,866,731
372,246,211,173,121,154,296,538,932,731
454,352,234,163,130,191,366,367,857,731
393,247,206,161,111,145,382,445,906,731
570,293,441,315,199,297,552,770,969,731
681,416,292,228,145,196,386,546,961,731
440,321,211,149,108,160,347,366,756,731
551,391,195,150,117,159,353,369,781,732
515,348,110,85,63,83,377,398,869,732
651,417,294,203,139,215,383,455,883,732
523,348,292,235,173,225,373,585,969,732
304,226,108,89,70,86,298,379,865,732
342,241,199,146,114,159,404,372,788,732
446,343,202,148,115,164,366,376,855,732
613,399,341,238,161,247,429,595,943,732
403,210,350,273,178,229,410,665,980,732
389,284,276,210,141,192,514,377,809,732
502,311,219,178,126,160,388,381,892,732
291,235,254,204,161,204,489,46,703,732
431,212,348,254,151,218,405,607,718,732
585,356,320,249,152,216,366,739,926,732
518,325,347,261,178,248,421,784,963,733
650,448,310,216,157,234,472,385,858,733
626,472,208,174,138,173,362,372,847,733
519,313,281,213,135,195,370,601,996,733
601,340,288,219,136,191,426,754,964,733
639,400,390,276,176,264,489,683,920,733
552,321,290,210,132,195,460,686,898,733
308,247,242,172,143,206,361,366,818,733
609,372,138,114,83,105,385,671,928,733
621,358,379,276,120,172,415,768,913,734
676,430,251,213,141,184,407,480,914,734
444,273,298,229,160,213,370,644,930,734
552,337,299,213,148,218,397,625,967,734
343,220,219,187,138,165,382,495,957,734
616,337,416,318,195,274,422,663,944,734
687,420,252,199,131,180,364,750,943,734
696,447,290,221,169,228,491,489,864,734
619,431,249,181,151,211,497,402,882,734
444,246,393,291,188,278,410,735,866,734
389,318,188,135,111,157,274,342,883,734
619,403,251,185,126,178,426,449,902,735
583,414,307,234,173,234,398,471,910,735
402,233,129,98,63,90,612,0,203,735
652,442,249,188,122,174,348,639,922,735
690,454,269,206,156,210,481,399,851,735
490,359,195,157,118,152,351,370,842,735
325,229,178,128,97,137,313,373,856,735
415,301,237,167,127,183,385,428,868,735
692,429,244,186,114,159,519,781,879,735
500,332,251,167,119,188,385,422,865,736
436,280,289,198,135,210,372,643,910,736
502,371,206,151,118,163,376,383,845,736
475,323,327,235,171,252,563,3,602,736
542,369,201,143,109,160,385,373,843,737
508,380,197,138,112,164,370,371,748,737
617,337,375,278,177,247,430,772,919,737
600,421,243,176,135,191,397,373,859,737
715,482,319,262,188,240,419,525,924,737
316,275,165,126,106,139,379,262,836,737
438,308,242,185,136,183,384,419,905,737
447,274,288,227,162,213,411,546,961,738
592,455,269,222,183,221,469,382,831,738
547,367,220,166,123,168,407,379,864,738
376,318,173,105,78,137,366,166,887,738
651,472,303,212,164,238,400,442,892,738
724,481,457,330,233,337,555,702,945,738
626,415,338,248,181,255,404,728,772,738
403,249,251,176,124,187,361,567,962,738
597,398,206,141,98,153,383,763,821,738
430,317,129,97,77,104,300,377,794,738
216,175,184,141,110,150,297,351,800,738
547,395,320,241,166,231,438,451,785,738
525,381,121,96,78,100,328,770,908,738
431,283,209,161,119,160,400,368,903,738
591,392,297,202,164,249,458,494,954,739
654,466,279,192,144,217,443,414,874,739
404,250,271,197,135,194,381,462,891,739
497,279,329,235,149,219,393,677,864,739
232,163,193,153,110,145,247,508,943,739
464,327,246,170,132,200,372,370,738,739
733,461,274,213,154,205,505,473,895,739
373,238,216,155,110,165,380,375,854,739
490,303,213,166,115,156,391,454,862,739
644,441,305,264,197,235,409,434,807,739
340,219,362,250,163,247,513,368,836,740
575,422,183,145,116,151,460,386,770,740
401,296,172,132,107,144,459,375,825,740
516,348,419,341,283,336,403,353,846,740
537,330,309,254,186,224,400,363,828,740
716,402,386,293,162,228,409,790,846,740
715,486,206,166,119,151,463,368,833,740
637,478,170,129,100,138,379,396,867,740
502,323,384,287,204,291,486,788,939,740
605,444,241,165,123,184,379,487,907,740
523,303,310,224,144,220,357,623,913,741
494,332,240,185,142,189,401,445,867,741
239,173,165,134,108,132,281,379,872,741
374,273,197,154,122,156,332,357,911,741
404,288,186,117,81,136,266,338,929,741
504,332,260,214,146,183,300,607,939,742
672,409,270,194,125,191,402,409,892,742
348,268,214,144,114,176,356,368,902,742
312,252,180,122,91,142,496,7,708,742
213,169,252,184,153,211,393,375,887,743
648,460,200,152,111,152,415,384,843,743
624,381,362,279,230,303,503,649,869,743
432,315,208,172,141,170,391,392,870,743
479,361,166,114,94,140,354,385,868,743
611,461,191,150,115,152,387,388,874,743
557,423,213,151,118,170,398,373,943,743
566,354,341,260,172,241,433,754,885,743
715,465,356,255,184,270,446,554,972,743
458,291,286,206,147,215,410,486,909,744
289,190,180,132,92,132,376,384,887,744
658,404,274,221,151,197,495,544,921,744
419,281,274,191,148,224,404,422,912,744
633,417,237,176,127,177,464,468,868,744
510,327,303,212,147,223,380,511,884,744
340,267,185,142,115,154,342,383,915,744
283,200,360,242,162,245,410,736,956,744
537,318,268,216,161,203,460,468,893,744
478,359,167,130,96,129,303,357,746,745
568,399,216,181,138,171,379,459,902,745
526,322,274,192,127,196,351,634,986,745
483,309,224,186,145,180,475,410,915,745
605,434,201,166,126,159,386,411,914,745
649,432,230,164,116,170,363,396,904,746
271,191,258,176,145,220,443,422,888,746
387,254,215,170,117,161,352,378,815,746
575,415,319,217,168,253,383,472,821,746
415,310,146,130,107,120,356,375,755,746
578,381,161,121,87,123,428,388,884,746
497,294,375,265,172,254,436,703,947,746
244,166,184,133,97,142,311,387,871,746
538,356,326,243,169,243,408,655,955,746
622,357,435,319,249,353,530,794,932,746
335,241,159,114,94,131,394,378,869,746
375,243,265,194,131,189,303,562,935,746
573,400,177,149,112,138,369,381,858,747
632,402,362,289,199,259,419,688,948,747
631,380,352,257,162,244,407,641,968,747
478,336,207,167,127,162,391,377,822,747
634,480,197,153,123,164,384,373,813,747
475,329,271,195,149,222,373,436,929,747
540,401,220,171,135,179,400,393,856,747
529,365,258,215,148,184,378,483,904,748
377,230,373,286,173,237,342,675,900,748
729,420,609,455,283,403,470,1008,991,748
602,372,299,222,151,212,387,548,982,748
419,335,235,172,126,180,456,391,844,748
587,413,244,183,134,187,398,402,886,748
227,195,119,97,83,103,313,132,765,748
464,321,208,166,128,165,383,490,933,748
702,490,264,199,141,196,381,403,870,748
647,467,287,217,162,222,382,586,948,748
336,265,220,159,122,171,340,371,875,748
428,306,271,169,129,219,383,373,841,749
482,350,213,163,124,168,374,367,694,749
536,330,508,347,224,353,474,620,870,749
508,392,192,156,131,164,342,365,856,749
445,323,162,118,94,133,346,371,855,749
433,290,256,201,142,187,392,523,932,749
438,275,230,159,113,173,471,376,853,749
535,279,382,274,172,255,446,757,956,749
345,243,198,155,122,154,375,288,842,749
305,256,152,113,92,125,266,346,843,750
317,213,314,220,157,227,370,488,925,750
661,366,342,289,200,247,423,767,956,750
586,409,211,158,124,168,390,391,893,750
719,475,308,224,162,235,403,532,964,750
567,410,189,152,126,159,455,385,877,750
356,254,293,208,150,228,376,404,851,750
204,154,133,100,78,107,334,196,853,751
527,392,387,304,246,319,431,581,959,751
579,347,454,322,218,323,439,620,895,751
454,322,161,101,70,121,365,373,747,751
291,219,109,80,62,87,300,398,929,751
522,339,226,183,129,166,419,406,865,751
326,261,167,120,102,145,339,392,832,751
562,409,187,142,109,148,353,385,871,751
665,460,248,195,144,189,431,532,926,751
454,326,235,162,125,190,381,380,859,752
542,348,297,208,146,216,352,609,944,752
654,407,332,233,163,240,419,579,926,752
512,349,288,230,174,229,405,487,929,752
306,230,198,150,120,162,314,361,797,752
354,268,240,192,162,205,456,385,859,753
552,320,387,290,170,238,462,822,879,753
385,301,152,112,92,125,311,355,875,753
469,265,402,295,183,274,418,734,960,753
532,357,362,276,203,279,451,742,885,753
388,254,268,194,138,200,384,404,900,753
601,371,294,211,149,217,409,654,949,753
477,327,324,216,147,231,398,435,878,753
452,349,207,168,140,178,306,342,791,754
347,257,289,234,185,231,453,299,838,754
446,351,354,248,196,288,498,437,884,754
617,410,254,183,132,188,394,419,907,754
541,391,249,203,156,200,403,405,852,754
472,258,469,347,201,299,462,762,904,754
398,274,264,206,155,204,349,366,862,755
535,413,182,148,126,156,377,386,862,755
245,162,208,179,136,158,348,373,893,755
505,331,246,211,155,181,487,384,728,755
607,378,408,313,216,286,434,553,925,755
665,428,366,278,178,251,407,706,886,755
613,386,298,216,135,201,435,490,891,755
418,259,265,209,147,194,340,577,907,755
462,351,279,197,151,223,369,396,873,755
324,237,206,153,119,163,376,397,892,755
374,276,148,117,93,121,309,372,790,756
379,243,266,200,146,201,355,560,932,756
567,353,308,217,154,226,401,558,961,756
551,436,209,154,127,172,435,384,852,757
685,476,197,146,106,146,385,353,858,757
539,369,197,158,123,157,394,486,922,757
606,475,226,167,139,194,355,372,789,757
579,358,342,266,220,282,545,526,885,757
553,311,371,278,179,249,415,610,965,757
475,350,290,205,167,244,451,389,820,757
657,366,500,369,215,326,466,739,911,758
352,265,208,150,116,168,309,369,869,758
327,205,358,252,160,247,390,541,903,758
454,263,368,251,161,250,416,633,926,759
566,375,344,253,178,261,397,714,929,759
362,238,312,233,163,225,361,718,913,759
521,376,191,147,108,147,365,393,836,760
511,362,180,144,115,148,369,381,871,760
598,357,391,288,180,267,443,606,957,760
382,271,324,220,163,243,388,573,959,760
703,433,275,193,131,197,430,609,911,760
292,206,173,146,108,135,329,379,833,760
610,427,137,102,65,93,271,780,967,761
492,249,428,316,194,284,439,739,835,761
525,339,261,218,142,178,370,447,923,761
587,391,241,206,143,177,445,440,861,761
460,298,168,119,88,128,363,394,890,761
435,340,151,106,90,130,322,374,883,761
335,206,357,269,170,243,425,696,945,761
459,307,328,243,164,233,406,652,966,761
427,291,250,174,124,185,385,383,859,761
515,364,193,149,117,156,437,330,866,762
454,318,317,237,183,253,424,458,897,762
498,315,400,280,188,285,441,584,943,762
393,307,150,105,86,126,359,379,917,762
500,416,148,106,89,125,327,381,900,762
397,213,123,91,59,85,253,781,962,762
731,489,223,160,116,167,406,489,871,762
490,339,289,221,170,226,392,575,957,762
526,394,153,117,84,117,398,380,808,763
722,487,290,201,147,219,437,553,942,763
638,445,229,170,122,176,375,349,874,763
660,436,363,240,190,295,518,303,918,763
521,324,282,203,142,206,395,538,959,763
263,207,188,143,117,151,321,385,838,763
707,436,319,263,176,228,418,616,955,764
434,336,192,152,116,146,351,367,857,764
623,357,429,354,211,275,453,810,979,764
529,366,151,117,92,119,327,382,873,764
360,240,175,118,83,126,470,423,820,765
508,325,360,261,174,254,400,543,901,765
438,301,180,136,102,137,350,372,911,765
535,333,380,290,200,275,394,737,978,765
458,318,210,175,131,161,357,428,901,765
515,411,162,135,115,140,324,380,885,765
510,279,436,327,181,265,485,606,938,765
541,339,250,190,127,181,360,603,954,765
247,190,142,100,77,113,221,367,846,765
446,318,165,133,107,134,339,388,837,765
461,356,186,131,108,155,355,388,836,766
375,270,168,119,94,136,347,392,871,766
588,335,133,104,68,93,234,771,992,766
584,403,264,194,145,204,421,491,948,766
652,401,361,284,200,262,427,761,952,766
495,315,297,220,151,211,514,429,885,766
515,350,113,81,55,83,325,384,775,766
566,324,471,310,169,280,445,831,934,766
494,321,254,174,111,171,414,420,885,767
598,316,448,351,213,289,493,798,850,767
672,402,291,223,151,211,410,563,938,767
342,263,112,78,62,92,390,51,846,767
440,356,167,128,106,139,361,361,879,767
290,168,248,178,114,168,425,380,822,767
512,367,230,158,124,187,393,387,882,767
360,252,187,143,112,149,369,379,865,767
439,272,276,188,131,204,385,398,917,768
631,461,293,230,169,233,403,382,861,768
545,383,239,196,149,184,369,526,916,768
461,229,439,303,185,287,535,651,915,768
498,338,248,196,148,200,452,392,833,768
638,450,271,210,140,195,411,391,868,768
572,389,249,188,135,184,342,629,971,768
512,293,130,92,61,87,203,758,967,768
375,231,314,211,138,223,375,372,873,769
361,323,152,108,97,138,390,145,660,769
560,330,257,204,138,186,397,529,964,769
372,296,169,132,106,138,315,366,875,769
619,453,168,126,91,129,366,385,831,769
317,194,301,257,161,203,224,651,799,769
390,291,252,183,148,205,425,581,904,769
519,381,150,125,90,116,329,365,855,769
651,420,317,255,179,230,414,676,929,769
563,276,382,261,134,212,370,1023,992,770
513,395,193,143,115,161,351,383,824,770
724,468,289,251,184,215,424,536,943,770
653,404,338,212,129,224,384,635,952,770
190,180,97,75,72,92,375,3,570,770
472,255,408,303,202,282,421,755,906,770
620,450,210,160,125,168,446,384,936,771
445,255,294,216,135,199,362,728,929,771
582,419,261,190,145,204,385,479,920,771
522,335,329,227,164,250,512,579,925,771
446,298,395,281,187,278,436,754,909,771
730,486,317,245,173,238,344,589,988,771
721,438,352,253,163,238,404,731,954,772
434,336,177,127,102,143,340,360,834,772
477,284,287,221,143,200,416,472,745,772
504,332,296,225,169,231,402,500,749,772
672,374,320,243,164,228,487,478,855,772
675,414,356,266,176,253,441,648,877,772
361,258,180,141,110,144,354,376,882,772
348,214,187,136,92,132,360,372,763,772
561,308,481,371,225,304,426,717,902,772
370,257,113,87,64,85,313,395,890,772
348,257,230,161,116,181,373,359,847,773
455,290,280,193,136,213,377,653,932,773
490,366,198,132,105,163,380,394,835,773
326,275,158,118,100,135,358,254,897,773
531,338,260,222,163,198,427,505,935,773
414,294,202,158,124,163,340,369,847,773
518,304,350,253,165,248,418,541,916,773
588,313,378,297,182,239,528,544,953,773
339,256,162,128,102,132,363,288,893,774
483,338,270,206,169,222,474,410,832,774
423,272,280,208,137,197,330,730,963,774
461,269,269,210,137,186,422,422,913,774
382,251,223,169,118,165,381,416,798,774
504,355,207,161,113,147,427,365,865,774
467,295,373,258,177,266,397,652,944,775
601,433,195,140,101,149,332,364,836,775
376,236,285,212,145,205,368,571,941,775
513,339,292,202,141,212,390,489,893,775
513,314,263,197,141,194,424,437,930,775
318,226,214,159,120,166,384,385,899,775
705,449,322,262,177,225,400,747,943,775
713,400,505,380,248,339,466,787,914,775
565,405,247,159,121,189,458,317,886,776
535,310,322,237,147,215,429,577,902,776
446,290,252,205,151,190,394,579,957,776
412,322,130,99,79,105,332,386,884,776
502,334,273,221,162,207,362,473,912,776
193,169,197,144,117,162,218,352,737,776
633,416,258,198,141,189,369,625,960,776
364,273,220,162,129,180,308,454,821,776
686,435,307,226,158,225,414,518,943,776
467,310,224,169,123,166,389,440,886,776
432,353,121,90,76,102,322,372,917,776
700,397,369,278,155,218,426,881,937,777
597,476,226,178,122,165,439,1,185,777
261,223,104,93,90,99,308,118,819,777
556,341,272,200,148,209,483,381,907,777
455,254,269,191,126,190,392,617,946,777
475,352,208,135,106,170,358,260,905,777
557,355,220,172,133,174,468,425,872,777
622,415,295,219,149,212,443,528,923,778
546,386,227,183,134,172,396,383,823,778
465,256,382,294,170,237,501,764,886,778
597,319,452,320,185,290,453,734,934,778
504,356,271,212,164,213,402,380,770,778
349,250,195,136,103,155,363,371,898,778
535,359,207,149,106,152,247,655,886,778
580,398,333,225,163,257,536,694,912,778
638,437,236,178,132,183,397,371,791,778
564,375,278,209,139,200,410,375,814,779
626,446,314,204,149,241,453,536,925,779
290,208,238,179,132,180,354,351,849,779
297,248,162,101,84,138,319,397,923,780
478,275,340,268,180,237,406,698,795,780
538,380,232,156,118,180,388,497,857,780
448,311,326,230,158,229,479,387,859,780
506,331,387,284,185,271,508,695,940,780
635,433,255,208,155,188,478,386,885,781
629,445,217,155,111,164,382,376,903,781
363,254,165,119,88,127,322,339,571,781
482,329,210,188,139,162,314,498,923,781
714,464,319,235,171,237,486,520,884,781
346,260,232,168,136,192,354,303,841,781
528,322,276,199,136,201,393,662,950,781
618,360,341,246,156,242,435,766,961,781
704,382,421,315,177,260,446,769,924,782
366,240,209,150,108,161,373,405,871,782
453,310,185,143,125,164,480,384,847,782
459,349,191,153,120,156,367,374,854,782
514,368,213,172,129,165,377,363,812,782
615,417,206,145,100,149,387,372,840,782
608,352,363,268,166,246,420,703,933,782
667,416,290,214,145,207,413,603,963,782
341,267,299,224,169,230,363,676,958,782
385,281,248,175,128,193,407,200,750,782
649,432,222,149,108,169,386,378,883,782
408,267,300,220,157,218,353,613,916,782
548,386,280,195,145,210,371,377,828,783
541,376,207,155,125,163,381,382,882,783
555,369,271,226,151,182,529,420,878,783
611,395,291,224,152,207,402,624,927,783
610,411,306,235,167,232,401,574,901,784
623,385,426,359,238,294,433,723,926,784
458,338,198,149,115,158,345,364,848,784
615,385,267,201,125,181,405,465,891,784
541,337,250,190,131,184,388,619,931,784
379,283,162,125,100,133,356,377,870,784
687,461,384,263,178,280,408,567,984,784
633,435,121,102,68,87,229,715,1010,784
464,269,264,210,137,182,370,591,1005,785
365,278,155,106,86,129,326,320,893,785
571,385,282,217,156,209,448,483,947,785
560,302,448,321,188,278,442,689,900,785
372,281,207,152,110,155,364,377,866,785
611,386,270,202,153,203,415,382,862,785
459,259,280,200,131,197,468,569,923,785
464,347,169,121,96,134,351,378,824,786
370,243,330,243,159,228,343,673,958,786
545,358,259,201,149,202,469,383,847,786
378,269,191,141,111,153,340,389,826,786
212,160,215,143,105,168,347,366,818,786
510,343,258,197,155,208,377,450,910,786
455,343,194,137,106,158,345,369,829,786
421,311,218,178,141,177,341,498,830,786
332,249,242,189,144,190,418,393,866,786
521,285,362,284,182,251,409,757,954,786
413,254,271,194,140,210,435,530,877,787
612,429,291,218,160,225,386,551,901,787
539,415,194,136,108,156,333,380,880,787
467,314,253,198,143,189,417,404,854,787
555,404,224,182,147,182,401,403,881,787
537,354,424,318,201,285,464,331,893,787
371,245,332,266,182,238,376,759,920,787
446,299,265,192,140,203,476,386,842,787
501,280,282,236,143,185,390,640,939,787
441,273,135,98,65,98,384,517,937,787
640,418,220,173,122,163,403,372,898,788
549,410,236,162,125,187,375,406,852,788
727,420,545,421,273,371,530,1023,980,788
234,181,126,96,77,103,238,370,958,788
655,454,190,143,107,146,379,392,919,788
460,358,203,147,114,167,368,468,708,789
410,305,267,197,160,219,313,607,833,789
613,432,308,216,155,235,388,648,965,790
507,336,296,204,159,238,448,512,901,790
410,209,323,241,131,199,397,733,861,790
671,452,283,199,140,209,414,534,890,791
387,272,169,117,88,132,373,219,872,791
455,218,389,261,158,257,486,640,948,791
476,277,207,147,107,157,481,381,834,791
387,226,356,259,158,235,428,684,980,792
437,299,189,142,105,150,368,367,827,792
306,192,200,137,95,148,375,390,855,792
726,469,352,281,185,239,457,784,970,792
510,356,246,193,143,188,396,439,890,792
272,168,244,182,122,170,339,509,918,792
521,357,181,145,113,142,408,370,855,793
454,322,206,151,108,159,356,370,870,793
675,393,184,145,88,122,309,752,1004,793
548,407,150,117,91,119,337,391,865,793
513,350,276,221,163,214,382,365,892,793
659,372,274,194,130,189,493,511,892,793
460,324,239,183,139,188,431,383,879,793
402,305,203,159,125,163,312,462,793,793
344,262,226,178,144,189,360,386,849,793
226,169,125,83,62,97,256,363,903,793
615,355,322,249,145,197,551,473,876,793
498,393,156,112,97,135,361,382,740,793
455,306,217,181,133,162,385,386,875,793
638,389,158,116,81,110,494,498,969,793
625,420,388,281,197,283,495,585,927,793
422,297,212,157,118,163,365,388,804,794
343,233,213,159,120,166,377,448,863,794
551,368,192,138,101,145,383,381,839,794
496,367,210,133,102,166,361,378,759,794
614,414,274,189,141,212,385,481,911,794
320,233,127,97,77,104,309,372,863,794
384,270,224,156,111,172,383,402,878,795
353,272,219,136,109,181,330,366,906,795
380,278,172,122,87,127,337,368,901,795
477,336,235,189,149,190,382,488,944,795
379,261,299,251,190,234,375,469,894,795
357,244,375,257,200,297,440,4,160,795
613,410,309,221,151,223,422,778,889,795
573,391,214,154,113,164,406,378,892,795
585,429,170,114,87,137,367,396,854,796
383,280,184,132,101,145,353,385,878,796
437,329,217,165,134,181,383,399,833,796
681,443,289,231,159,209,417,631,919,796
592,313,353,242,143,225,403,676,930,796
474,327,299,186,132,224,459,372,854,796
570,391,218,168,128,169,383,377,866,796
500,272,380,279,180,263,445,784,889,796
547,412,186,150,117,148,379,392,861,797
612,404,243,187,128,182,414,432,924,797
579,401,270,183,130,202,414,379,899,797
621,425,258,194,147,202,427,433,892,797
549,381,177,127,92,131,368,385,853,797
527,389,244,167,128,194,426,361,827,797
565,406,281,197,142,203,401,364,860,797
604,360,340,246,157,230,414,710,930,797
355,269,178,138,108,143,349,366,882,797
482,379,154,115,96,130,356,376,876,798
644,384,331,255,171,230,415,619,886,798
567,405,109,80,61,86,395,404,882,798
510,386,193,146,117,154,337,343,889,798
589,365,366,291,214,278,439,567,984,799
497,310,285,212,159,220,499,403,892,799
537,274,380,296,179,250,435,621,976,799
725,449,322,259,177,235,411,581,817,800
398,280,230,178,133,176,369,371,824,800
593,394,320,220,152,231,381,472,899,800
571,384,442,317,219,312,431,676,917,800
481,311,261,199,144,203,397,361,873,800
620,329,374,294,186,252,429,735,946,800
620,394,293,237,161,213,423,585,942,800
254,155,199,150,100,141,334,366,812,800
628,483,186,140,112,154,356,296,891,800
279,208,171,143,111,139,321,377,836,801
374,238,368,261,171,259,389,630,980,801
354,216,208,146,105,157,370,380,786,801
704,452,313,215,162,246,404,748,1002,801
316,289,194,140,132,184,403,3,547,801
174,150,124,97,85,107,350,243,794,801
357,264,147,110,89,121,293,359,891,801
545,303,391,263,167,266,434,753,984,802
689,449,297,228,153,209,407,681,974,802
573,395,218,158,118,168,354,750,954,802
726,470,282,226,158,211,469,483,908,802
591,355,376,269,176,265,429,751,946,802
548,306,354,284,189,244,439,782,909,802
408,295,185,140,113,152,380,373,851,802
425,312,205,142,108,163,365,407,908,802
479,367,179,142,109,143,366,361,891,803
541,364,249,157,108,182,407,385,842,803
466,268,326,243,151,224,372,713,962,804
302,209,188,132,99,146,364,382,871,804
452,266,181,117,75,126,391,635,925,804
461,336,203,154,121,162,335,374,834,804
315,222,186,130,98,146,333,355,770,804
379,229,264,181,125,191,348,609,928,805
498,356,220,165,126,176,404,372,890,805
254,181,288,207,145,215,441,3,193,805
466,268,348,253,164,236,421,744,805,805
676,352,331,223,153,233,588,518,917,805
440,315,246,148,111,195,333,362,875,805
445,318,208,171,120,154,440,395,842,805
273,245,173,120,103,153,475,3,568,805
476,335,190,132,94,140,359,373,878,806
460,276,347,246,165,245,434,749,900,806
334,234,216,155,107,160,369,378,745,806
519,258,442,317,187,275,279,1023,956,806
351,249,195,153,112,148,361,370,884,806
472,400,118,84,68,97,385,1,195,806
360,257,187,146,112,146,357,380,843,806
599,390,249,215,150,183,405,495,933,806
580,393,230,161,121,185,374,382,862,807
443,320,230,160,120,184,401,377,853,807
418,284,209,135,93,152,366,377,888,807
515,351,254,199,140,189,393,408,888,807
484,282,344,268,140,185,413,766,895,807
539,342,276,191,117,187,397,331,845,807
524,380,308,235,177,240,402,637,900,807
388,286,278,206,170,232,441,372,885,807
297,220,197,141,109,154,316,402,880,808
604,430,212,161,115,162,396,386,826,808
345,255,308,232,193,260,421,571,773,808
418,288,212,151,112,163,385,390,880,808
693,481,179,135,97,132,393,386,877,808
392,251,247,188,127,180,386,529,943,808
594,394,446,324,245,347,550,780,917,808
408,297,228,160,118,175,377,374,868,808
577,392,275,183,133,213,400,388,865,808
524,375,177,138,97,132,348,388,892,809
502,348,239,168,125,183,390,471,857,809
647,432,262,199,132,187,463,519,917,809
194,141,237,147,102,173,344,331,831,809
452,258,254,183,120,180,400,537,954,809
549,374,236,180,130,177,417,390,901,809
428,256,226,169,113,159,365,591,981,809
593,292,273,214,140,186,507,696,877,809
589,414,239,167,111,171,399,379,869,809
592,399,284,224,155,209,396,586,935,810
434,319,216,178,133,167,371,382,838,810
341,234,160,117,88,124,319,437,893,810
622,336,216,165,110,151,517,291,827,810
377,273,203,154,117,159,344,366,798,810
513,319,319,252,170,225,394,434,809,811
377,269,276,192,122,188,332,619,920,811
440,283,316,269,188,239,422,415,775,811
221,184,108,87,77,96,276,239,916,811
383,322,154,122,107,137,355,209,889,812
418,275,160,117,85,121,336,374,849,812
558,322,380,286,187,269,425,747,908,812
358,269,237,174,140,193,395,379,886,812
607,315,408,304,137,211,398,873,895,812
347,248,156,126,99,126,338,364,838,812
506,326,300,222,175,247,474,580,925,812
703,490,191,133,93,139,380,381,880,812
596,404,197,143,102,148,385,392,840,812
479,321,300,239,165,219,386,556,939,813
597,340,474,317,176,297,435,716,981,813
328,242,122,98,65,84,156,762,927,813
436,254,370,268,167,248,422,708,984,813
414,310,222,165,130,175,386,448,891,813
523,346,280,192,134,207,407,538,783,813
322,284,162,116,100,140,351,2,204,813
660,462,408,266,192,308,383,345,872,813
608,427,260,199,147,198,418,402,892,813
533,432,167,124,105,143,325,367,833,814
580,421,165,123,97,134,384,385,893,814
657,453,275,225,153,202,410,646,975,814
386,298,184,144,113,147,343,348,847,814
577,392,248,171,120,180,384,398,917,814
581,382,246,197,142,188,482,608,944,814
531,388,167,144,110,129,367,373,853,814
451,342,205,144,113,167,364,309,890,814
319,216,263,188,132,193,377,474,888,814
655,390,228,166,116,170,506,570,880,815
542,374,260,185,126,192,410,427,854,815
337,221,258,208,153,199,352,456,909,815
722,460,300,248,178,219,482,647,877,815
521,378,197,145,111,158,362,375,873,815
446,284,299,199,142,225,378,623,969,815
498,320,302,230,179,239,382,523,944,815
386,266,374,282,206,282,556,139,749,815
320,269,280,184,157,241,425,2,194,815
417,331,173,138,123,153,412,391,817,816
644,464,270,213,168,215,409,414,890,816
413,301,158,127,103,127,331,381,852,816
677,416,310,230,154,220,375,639,989,816
648,447,286,216,150,212,424,542,915,816
520,332,230,180,126,175,445,366,843,816
373,290,160,113,94,136,329,380,792,817
463,320,212,149,111,160,383,370,842,817
594,377,292,202,127,200,498,381,855,817
631,448,229,165,121,178,383,379,844,817
689,450,338,254,187,254,438,674,943,817
572,381,267,204,151,204,419,434,845,817
377,267,292,213,146,209,380,358,876,817
409,369,94,68,62,85,353,1,218,817
318,278,175,120,104,153,376,360,854,818
669,375,487,327,185,303,466,753,942,818
712,457,324,246,167,231,461,587,976,818
434,287,319,210,162,249,453,430,919,818
586,439,161,116,98,141,390,384,863,818
307,231,221,159,127,180,361,372,844,818
660,412,337,254,164,232,397,726,953,818
469,255,303,250,165,205,397,758,972,818
478,360,211,158,118,165,355,364,852,819
694,456,311,243,162,220,448,617,980,819
569,379,296,218,161,223,397,503,931,819
333,226,261,181,133,195,413,500,899,819
409,283,172,129,100,137,342,377,839,819
473,367,203,140,117,171,369,372,885,819
570,371,335,242,178,253,489,521,878,819
477,356,103,83,67,83,310,385,852,819
333,244,222,166,129,177,304,361,752,819
522,398,185,146,119,155,349,375,865,819
686,490,249,177,130,192,405,588,800,819
424,320,182,134,108,149,414,222,660,819
442,230,340,263,161,220,456,643,989,820
432,314,255,187,153,214,462,374,762,820
464,339,202,172,141,167,355,393,878,820
654,387,322,267,181,236,478,378,892,820
602,385,327,238,163,242,454,441,839,820
449,280,355,275,197,260,500,639,919,820
580,390,224,184,132,165,471,375,861,821
465,271,335,250,148,212,400,785,960,821
718,472,316,255,191,243,405,601,942,821
359,227,229,164,112,165,374,480,897,821
684,480,260,196,153,205,408,535,947,822
463,339,263,182,129,195,365,422,857,823
520,376,242,193,148,192,398,327,775,823
583,446,227,182,139,177,398,383,871,823
546,359,205,163,113,146,379,373,899,823
418,312,150,123,97,121,337,363,856,823
606,392,291,233,168,216,406,417,864,823
389,248,328,243,163,236,350,734,926,823
346,210,189,135,96,138,376,429,854,823
495,366,207,148,114,165,380,379,857,824
580,388,274,211,151,206,412,466,940,824
210,154,243,168,122,181,358,452,936,824
621,415,251,182,138,196,420,546,931,824
568,429,176,135,111,148,373,383,862,824
391,261,247,189,143,193,425,595,934,825
244,203,100,77,68,88,299,156,764,825
526,264,499,361,195,298,499,782,868,825
280,173,212,137,93,150,454,393,928,825
450,336,222,186,140,170,366,368,875,825
457,297,233,173,120,169,383,373,826,825
523,270,226,160,108,157,512,391,851,825
562,362,335,241,165,243,423,692,989,825
233,169,115,92,69,90,600,0,219,826
522,357,270,194,144,210,402,448,924,826
643,393,466,313,199,317,450,759,934,826
400,263,170,124,92,133,371,383,904,826
496,337,241,175,109,162,515,388,850,826
582,398,217,161,113,163,404,387,856,826
389,283,178,139,107,141,338,387,855,826
454,269,280,215,137,191,412,441,887,826
603,446,174,124,95,137,328,383,874,826
400,304,216,139,103,169,323,338,895,826
708,403,388,269,163,254,442,561,945,826
503,365,254,214,175,211,385,373,834,826
664,372,198,144,86,127,397,460,906,827
354,249,244,178,134,192,373,383,897,827
630,434,257,179,133,195,392,590,906,827
659,427,301,223,151,218,421,706,921,827
404,295,231,156,117,180,376,402,716,827
401,231,359,287,194,256,413,765,944,827
417,254,324,230,148,229,425,580,844,827
501,368,231,168,124,178,379,404,906,827
447,347,207,162,126,164,360,412,863,828
462,309,157,128,89,115,377,372,840,828
229,171,190,132,102,150,336,341,830,828
569,420,193,163,123,153,366,372,839,828
220,168,143,111,89,119,312,183,830,828
450,300,170,129,91,128,330,350,834,828
666,421,244,171,120,181,417,408,876,828
464,371,181,130,108,153,360,389,813,828
582,372,284,222,160,212,405,534,944,828
432,272,376,280,160,226,348,871,965,829
493,254,376,283,182,253,455,569,883,829
272,215,204,140,104,159,307,363,835,829
432,233,356,266,177,250,422,616,950,829
235,199,148,119,102,127,284,364,884,829
703,420,359,288,193,254,433,713,944,829
265,203,130,92,71,103,279,381,705,829
457,326,249,210,163,196,374,350,854,829
426,230,334,255,157,223,403,716,787,829
527,320,286,213,153,214,427,620,897,829
564,384,245,184,120,166,478,376,801,829
366,235,258,180,141,203,460,381,843,830
461,293,221,161,110,160,398,392,902,830
437,308,190,147,113,150,361,368,897,830
427,296,213,160,119,166,352,404,917,830
177,141,169,114,87,133,326,245,751,830
241,158,220,165,113,160,371,393,875,831
454,352,169,131,102,137,361,364,883,831
449,316,246,171,136,205,474,391,820,831
576,365,114,93,67,85,354,762,957,832
522,341,233,168,121,177,359,640,942,832
514,363,112,84,60,84,350,715,681,832
704,423,429,311,209,304,448,478,768,832
606,417,296,200,139,214,508,438,857,832
576,336,531,353,161,270,533,949,816,832
257,218,162,116,96,137,331,373,839,832
612,368,241,182,135,185,500,383,894,832
492,291,364,298,207,264,438,640,1004,832
407,315,198,163,135,163,352,365,876,832
466,386,195,136,114,164,370,374,842,832
663,427,216,157,111,163,400,394,864,833
676,371,136,112,69,89,477,786,1000,833
632,425,413,263,204,334,461,412,902,833
633,450,239,199,145,180,380,385,879,833
409,250,308,236,151,207,422,625,959,833
605,334,345,242,147,230,445,678,953,833
621,427,275,207,155,210,393,447,866,834
510,327,324,250,184,246,416,734,940,834
698,408,389,304,222,294,418,959,983,834
578,400,318,259,202,250,422,509,921,835
392,340,144,110,98,128,394,2,191,835
582,359,334,244,173,248,488,440,883,835
259,168,258,165,113,185,368,374,869,835
675,454,264,199,141,197,405,505,912,835
435,332,176,149,114,141,342,376,849,835
559,374,304,211,148,225,399,574,956,835
636,433,281,216,155,212,418,532,791,835
525,272,393,285,167,248,422,714,914,835
385,262,362,254,176,262,363,748,979,835
268,189,236,169,117,172,217,556,925,835
642,452,173,153,117,139,388,406,893,835
664,470,356,284,219,284,416,516,921,836
721,480,319,221,155,239,409,548,904,836
556,372,293,212,154,221,402,501,917,836
610,417,272,212,160,212,381,565,895,836
671,428,267,206,141,195,395,612,1001,836
378,252,198,142,104,152,389,379,863,837
606,422,185,139,102,140,381,381,891,837
670,370,342,242,146,222,423,539,970,837
658,443,267,196,140,202,421,384,882,837
422,318,233,169,132,187,472,2,196,837
545,333,421,331,265,346,503,797,945,837
337,231,191,148,111,147,338,388,899,837
445,332,210,148,114,166,367,382,883,838
392,276,184,144,111,145,350,389,879,838
267,178,184,143,103,141,329,366,893,838
667,390,384,260,156,247,408,601,971,838
714,465,359,281,199,260,521,400,854,838
400,263,258,186,125,187,397,411,890,839
394,286,200,145,114,162,357,378,866,839
541,398,212,159,120,165,381,351,906,839
695,484,226,166,124,171,433,412,883,839
718,489,255,189,131,189,410,487,926,839
511,374,231,188,142,180,400,387,881,839
346,263,188,136,105,154,325,361,804,839
394,274,247,196,147,192,327,470,888,839
546,378,304,210,147,228,399,464,902,839
427,305,244,188,141,189,341,519,940,839
499,356,177,130,99,143,362,379,857,840
527,346,277,212,147,201,411,513,941,840
494,255,404,313,190,260,417,735,938,840
525,371,208,167,129,163,371,361,887,840
453,338,186,149,120,150,390,414,874,840
457,325,163,128,95,126,351,372,888,841
678,484,253,194,149,193,391,403,750,842
449,322,228,169,135,182,375,378,868,842
406,280,265,199,150,211,417,352,846,842
352,252,113,91,67,87,290,384,921,842
693,447,269,202,138,189,403,484,882,842
539,362,231,154,109,171,389,422,907,842
228,204,154,110,92,135,365,391,915,842
516,346,284,225,159,209,410,671,952,842
623,445,221,191,154,180,396,375,866,843
193,144,196,157,120,155,311,370,894,843
289,195,298,194,138,223,392,419,882,843
635,418,238,185,126,169,399,431,901,843
337,256,132,106,85,108,319,386,868,843
434,314,298,203,149,230,365,346,858,843
685,421,249,174,122,181,471,391,876,844
353,253,207,129,92,158,358,367,824,844
546,429,244,172,145,208,398,383,814,844
447,310,290,212,155,220,398,611,932,844
327,233,191,144,110,154,371,384,866,844
421,307,175,134,107,145,368,364,849,844
481,351,176,139,107,140,362,380,892,845
486,405,210,140,115,175,413,2,193,845
326,250,176,121,102,149,456,394,857,845
459,314,177,131,94,134,362,374,885,845
272,210,199,151,123,166,328,372,857,845
216,157,196,149,116,158,324,375,865,846
344,273,176,142,115,143,351,372,769,846
631,451,212,157,122,172,385,380,889,846
370,245,238,181,142,191,465,372,820,846
326,210,213,161,111,160,294,478,863,847
463,316,211,150,108,158,380,382,902,847
684,429,341,232,150,238,428,450,880,847
402,310,181,127,102,145,356,387,875,847
335,254,192,123,99,158,320,364,787,847
684,445,363,298,216,276,431,567,958,847
582,408,208,145,105,156,395,385,890,847
569,336,263,205,145,192,492,544,897,847
450,261,381,257,157,251,392,757,868,847
471,317,471,337,214,322,418,758,965,847
598,421,330,220,151,240,423,430,889,847
524,334,259,191,127,181,364,547,938,847
178,160,119,83,73,105,305,1,199,848
620,414,283,212,148,205,402,542,880,848
684,379,350,249,159,242,439,751,888,848
663,349,285,206,137,204,515,411,871,849
337,240,270,203,150,205,376,398,879,849
648,465,203,140,103,156,395,386,887,849
398,304,164,117,93,133,327,384,895,849
419,247,411,297,180,276,433,761,924,849
444,331,152,112,90,126,333,363,832,849
603,436,193,144,109,149,347,362,839,849
481,285,269,209,136,189,421,566,940,849
635,419,291,236,159,209,406,557,920,850
394,276,313,228,162,236,407,590,944,850
528,379,221,177,135,173,370,373,853,850
450,342,188,145,114,152,358,388,879,850
633,332,401,299,172,250,450,705,929,850
422,292,293,240,175,223,384,384,837,850
509,372,237,180,134,184,377,362,862,850
574,386,308,229,169,236,470,385,906,850
401,232,263,196,133,187,408,519,895,850
623,431,265,217,162,206,397,383,872,850
452,304,268,186,141,211,382,401,864,851
411,303,186,153,120,151,358,369,817,851
436,298,329,236,148,223,432,2,205,851
624,410,211,164,116,157,398,380,860,851
611,444,291,222,174,234,398,373,856,851
598,363,287,228,165,212,468,601,922,851
667,408,425,308,205,303,435,744,935,851
679,450,245,178,119,168,395,401,896,851
313,194,228,160,116,169,508,381,827,851
454,265,320,227,159,245,426,688,917,852
576,309,558,397,234,347,523,647,861,852
563,402,176,128,97,140,361,378,880,853
351,252,159,117,89,125,378,376,902,853
308,169,329,226,135,215,409,613,997,853
527,368,343,252,194,269,505,664,935,853
348,290,148,107,91,126,320,376,794,854
566,410,194,130,96,152,371,396,854,854
314,268,128,93,81,113,299,383,875,854
390,256,313,219,148,230,424,614,927,854
585,384,236,174,128,180,401,592,876,854
268,201,144,108,86,118,296,370,874,854
605,408,325,218,162,253,398,507,794,854
656,373,475,373,219,304,477,642,936,854
508,335,305,225,140,201,547,377,891,854
507,325,277,206,144,202,367,566,877,854
167,128,208,167,123,161,271,343,898,854
405,271,246,173,130,190,375,478,898,854
615,450,189,147,111,151,371,373,858,854
419,319,271,180,138,213,372,391,861,854
555,304,470,347,217,314,455,738,929,855
570,342,339,239,163,241,406,552,948,855
443,351,105,85,68,87,390,131,858,855
621,436,228,161,118,180,390,392,839,855
447,303,208,145,104,156,409,377,854,855
705,485,318,241,165,229,440,557,898,856
301,259,126,85,78,114,356,124,720,856
464,313,214,158,112,157,382,388,880,856
580,414,174,127,100,139,365,381,829,856
414,297,248,192,136,188,352,542,941,856
636,438,261,197,155,210,395,394,877,856
334,268,170,139,119,144,308,361,881,856
479,377,175,115,99,148,359,381,842,856
650,414,305,221,155,221,440,601,968,857
430,233,326,255,168,230,413,609,961,857
642,446,273,214,164,217,493,400,861,857
575,409,228,163,126,181,394,362,853,857
524,376,224,167,141,191,473,371,838,857
425,293,273,211,143,193,344,674,977,858
429,261,349,228,140,234,384,656,946,858
390,293,207,145,115,166,336,384,861,858
642,399,497,347,243,361,598,12,694,858
464,307,287,228,164,217,395,551,930,858
660,461,227,166,121,169,407,377,857,858
438,322,150,120,91,120,345,381,874,858
581,408,228,173,125,176,403,402,881,858
484,329,322,247,176,230,396,409,859,859
440,310,183,140,103,144,368,381,893,859
597,404,296,214,158,226,386,584,874,859
533,335,279,204,139,201,367,513,923,859
604,411,324,236,186,263,402,526,947,859
296,201,195,140,103,149,324,416,884,859
470,335,265,207,153,202,459,419,857,859
209,152,261,218,160,198,330,402,845,860
482,301,294,238,149,194,357,706,924,860
317,239,252,165,128,203,346,362,916,860
457,310,207,154,120,164,385,401,883,860
692,477,307,202,145,227,378,555,777,860
379,252,211,163,123,169,366,390,846,860
343,234,205,138,98,153,378,354,849,860
552,387,484,351,178,273,469,3,222,860
451,316,184,150,111,143,394,376,859,860
366,239,235,166,110,161,385,396,851,861
200,164,181,124,99,150,259,363,830,861
398,278,184,133,101,147,358,392,879,861
583,464,207,144,114,169,330,500,947,861
605,375,209,171,137,175,495,394,873,861
630,452,201,152,116,160,407,387,873,861
562,344,348,238,169,253,417,769,964,862
232,177,189,122,91,144,339,361,868,862
348,219,226,165,119,170,360,532,964,862
710,445,307,261,179,220,424,643,980,862
349,237,164,107,78,127,479,466,799,862
336,234,191,146,106,146,317,387,853,862
460,347,135,123,98,107,330,372,871,862
262,213,174,130,104,144,294,374,834,863
485,329,206,147,104,155,375,377,812,863
454,329,230,171,133,181,365,382,882,863
224,160,169,127,95,135,338,382,864,863
526,260,462,330,177,271,444,874,864,863
366,268,227,191,156,186,379,366,800,863
358,230,248,195,136,177,434,512,907,864
375,239,196,150,110,146,376,387,863,864
463,312,235,172,124,181,387,370,890,864
487,382,161,135,116,141,351,377,885,864
397,328,104,85,74,91,295,194,833,864
714,415,529,350,220,362,451,724,946,864
509,336,209,155,110,154,380,380,858,864
378,294,151,109,86,121,283,373,929,864
473,308,415,332,237,305,524,500,860,864
419,295,226,175,136,181,390,398,871,864
417,312,259,197,151,203,353,493,878,864
577,417,228,170,123,175,396,380,864,865
476,341,181,140,108,140,358,392,859,865
264,204,183,132,99,140,304,377,774,865
518,372,191,142,112,155,400,361,855,865
390,266,248,187,134,184,357,384,864,865
426,298,199,145,116,160,368,370,886,865
191,188,87,53,50,83,318,1,191,865
557,381,294,214,153,221,354,582,926,865
400,285,148,105,82,116,269,371,899,865
358,250,192,142,108,148,409,383,873,865
393,235,272,211,147,200,506,384,877,866
403,251,215,170,120,154,379,447,877,866
505,271,132,97,64,92,339,774,964,866
442,324,215,163,114,159,525,363,882,866
366,247,133,98,74,102,431,470,893,866
406,265,277,210,150,207,351,546,850,866
312,204,197,143,103,151,392,325,904,866
394,270,287,207,145,212,411,390,914,866
458,275,236,170,118,175,458,408,858,866
598,411,273,210,155,212,463,515,764,866
729,442,330,224,139,227,419,712,875,867
678,363,270,204,146,191,557,382,836,867
356,183,375,300,163,230,445,748,906,867
645,497,302,223,192,257,480,199,834,867
715,480,279,204,153,217,396,420,912,867
335,256,208,157,124,170,344,358,799,867
622,423,299,234,175,232,408,450,904,868
257,187,147,118,88,113,283,366,887,868
393,260,265,191,145,210,451,375,876,868
486,305,364,266,173,246,461,592,813,868
489,341,137,102,85,114,402,297,941,868
296,208,268,179,131,204,378,487,961,868
718,487,296,214,155,222,412,472,929,868
324,258,185,135,107,152,290,367,908,869
316,255,230,161,128,190,346,370,864,869
635,391,325,249,160,222,408,770,955,869
452,307,180,147,104,132,396,383,858,869
597,403,192,148,109,146,390,394,835,869
520,379,175,144,115,142,371,378,855,869
508,291,355,271,177,252,470,576,938,869
690,483,255,186,137,189,371,504,958,869
410,294,257,193,135,190,399,389,894,870
413,305,191,143,108,146,341,357,875,871
396,247,382,277,188,273,469,530,766,871
682,365,447,337,212,298,498,763,904,871
591,385,298,218,166,234,426,543,951,872
491,344,257,205,155,197,375,501,877,872
509,362,278,212,159,218,387,378,879,872
313,188,230,178,128,172,385,436,935,872
437,303,414,286,194,295,421,611,914,872
413,302,226,185,148,185,377,370,825,872
673,419,272,206,135,189,398,599,939,873
351,280,144,115,94,120,320,249,893,873
649,406,241,178,134,186,437,514,907,873
597,452,183,133,104,147,342,370,870,873
555,349,440,343,220,299,447,650,907,873
175,152,120,93,85,109,437,2,538,874
581,380,321,234,160,229,395,508,935,874
337,243,299,214,162,236,344,557,981,874
415,230,306,244,154,204,408,650,925,874
436,332,155,114,98,133,361,380,842,874
448,259,376,283,188,262,403,710,954,874
427,303,217,166,125,170,402,399,890,874
648,405,406,288,189,289,424,640,914,875
425,252,485,335,192,312,476,690,972,875
622,417,312,217,157,237,429,430,879,875
358,196,333,252,164,233,325,770,946,875
451,312,208,159,117,159,352,381,897,875
650,497,165,135,115,141,379,380,827,875
515,359,208,156,112,160,391,384,790,876
534,388,189,135,105,149,369,373,838,876
357,247,226,178,136,184,388,366,820,876
626,424,149,110,76,110,396,625,877,876
579,415,175,135,106,143,365,392,902,876
296,221,247,176,142,204,335,380,875,876
488,400,338,223,168,268,495,225,794,876
552,393,337,257,202,269,398,306,831,876
405,325,119,95,79,100,306,387,834,876
457,247,315,250,155,213,390,649,947,876
474,274,407,306,226,311,501,779,896,876
252,193,278,197,162,235,408,201,875,877
413,300,154,117,85,117,337,374,871,877
586,364,375,282,199,275,429,728,959,877
411,311,179,128,100,144,372,304,848,877
383,284,185,132,103,147,355,390,824,877
722,483,459,325,233,343,463,920,896,877
469,330,205,164,127,157,389,384,819,877
462,291,302,241,174,227,383,712,1002,878
204,155,168,129,97,130,258,423,892,878
361,266,220,169,139,183,356,379,861,878
368,264,283,208,158,220,381,441,865,878
410,264,269,212,149,197,392,420,743,878
462,353,248,191,147,198,385,381,816,878
596,424,307,212,160,240,373,589,874,878
376,230,360,278,175,244,360,770,781,878
479,357,248,187,152,205,385,485,913,878
334,243,162,132,111,135,431,375,860,879
718,479,267,195,137,196,416,463,887,879
257,162,248,157,103,173,351,386,881,879
346,229,187,154,111,139,346,438,894,879
458,357,202,161,131,169,384,393,756,879
441,217,458,333,186,280,529,748,888,880
265,231,99,82,74,89,311,215,814,880
442,236,384,294,186,263,432,761,780,880
353,287,309,209,164,251,532,4,632,880
657,448,257,184,138,198,379,530,853,880
622,391,183,120,78,130,425,374,883,881
533,301,411,268,158,266,436,722,866,881
454,353,241,162,133,203,470,386,854,881
478,323,183,135,99,137,382,382,835,881
644,441,258,190,136,196,396,598,924,881
338,264,197,139,121,173,334,385,907,881
666,463,290,234,168,221,399,440,913,881
518,366,165,127,99,130,337,377,859,882
473,269,354,280,176,238,432,771,908,882
480,283,367,277,175,250,383,665,985,882
402,276,175,136,105,136,353,440,918,882
410,331,151,116,98,128,337,382,851,882
472,279,305,235,140,200,488,595,880,882
659,438,273,207,156,212,411,428,858,882
404,304,151,122,91,119,364,360,841,882
605,419,215,166,120,162,369,393,867,883
461,287,361,249,159,242,391,719,928,883
525,385,261,185,145,214,391,396,874,883
453,300,325,268,187,237,343,719,919,883
604,345,360,259,162,246,493,492,879,883
300,202,245,193,135,183,347,404,880,883
485,390,151,117,100,132,332,382,886,883
407,284,222,165,131,180,364,372,841,884
689,407,317,225,123,190,539,544,917,884
484,330,196,152,110,145,378,397,848,884
417,285,265,194,139,202,384,388,912,884
622,382,298,231,149,209,439,643,996,884
271,231,152,113,102,138,400,2,183,884
364,222,232,188,128,170,371,648,978,884
308,229,171,134,111,143,339,376,853,884
670,399,313,262,188,236,435,565,954,884
476,350,185,151,120,148,358,386,890,884
626,423,229,162,116,176,391,374,865,885
486,357,235,195,167,203,499,274,746,885
312,236,198,133,103,160,333,379,841,885
263,201,124,98,80,105,321,255,893,885
389,249,230,179,129,172,388,440,916,885
649,356,338,256,163,230,552,581,891,885
410,306,184,126,101,154,324,366,863,885
473,364,122,94,77,101,293,383,932,885
688,436,336,262,190,249,438,550,923,886
596,386,343,259,180,254,416,731,934,886
601,331,277,222,140,185,411,669,985,886
650,361,358,284,185,250,434,740,919,886
582,394,308,240,186,247,471,393,797,887
359,281,202,155,125,165,334,364,851,887
567,377,265,214,156,197,418,424,894,887
534,358,301,229,167,226,376,508,905,887
659,394,367,266,157,251,404,681,926,887
720,445,373,274,194,275,431,739,962,887
533,379,282,205,162,229,421,357,881,887
483,276,276,201,122,184,418,476,800,887
278,196,199,153,112,149,324,386,875,888
413,305,195,146,118,158,434,376,818,888
274,193,157,120,93,124,311,373,862,888
321,238,217,153,112,165,348,400,925,888
459,292,300,209,133,203,406,607,935,888
491,351,285,209,150,217,392,375,830,889
626,350,410,325,213,283,438,675,797,889
414,289,216,157,117,164,377,402,844,889
483,331,238,194,135,169,501,427,919,889
467,245,443,321,202,299,517,658,913,889
694,486,275,227,163,200,411,506,892,889
467,339,226,164,125,181,372,354,877,889
616,351,260,191,120,180,398,562,926,889
407,287,149,122,83,107,484,689,1023,890
216,158,267,223,164,210,463,50,466,890
362,231,251,196,141,195,367,552,967,890
642,466,223,155,122,183,387,390,897,890
578,388,282,228,154,203,402,551,946,890
512,299,226,172,125,172,487,378,827,890
505,374,212,174,132,168,364,379,853,891
443,237,436,309,185,280,445,768,932,891
492,340,326,264,189,248,366,538,933,891
402,312,197,159,130,160,387,390,875,891
507,380,184,134,105,146,386,400,822,891
415,314,204,162,129,164,364,387,925,892
348,276,228,164,131,185,326,363,832,892
231,173,134,105,82,105,316,145,799,892
660,468,298,221,172,236,517,636,942,892
317,243,185,150,121,150,287,351,830,892
459,286,251,202,150,193,447,578,904,893
412,307,126,94,74,102,300,380,874,893
388,250,250,180,120,179,417,427,883,893
591,300,145,114,67,92,347,689,1006,893
451,355,144,123,103,122,306,348,832,893
583,395,260,190,138,193,414,453,916,893
289,191,216,159,115,167,402,388,876,894
696,455,307,203,142,229,426,404,852,894
475,270,324,234,155,228,472,660,986,894
520,367,226,163,119,176,431,383,845,894
357,258,188,142,111,151,405,368,856,895
379,296,207,152,123,171,358,382,888,895
594,393,290,213,154,218,389,583,913,895
686,362,493,367,227,318,443,769,905,895
509,376,214,168,136,179,402,383,872,895
654,385,331,264,172,225,431,753,952,895
428,269,247,162,103,166,412,397,881,895
639,433,306,211,149,229,405,513,878,895
659,343,374,255,149,239,453,497,931,895
352,217,258,194,131,190,450,386,865,896
452,306,289,227,150,200,458,368,868,896
571,432,214,158,124,170,382,385,882,896
399,301,319,238,175,251,369,488,872,896
361,284,177,133,111,150,354,369,877,896
655,390,368,268,179,252,412,626,957,897
608,318,392,318,192,255,451,659,986,897
604,414,292,214,153,219,568,5,575,897
375,275,227,156,124,184,367,433,841,897
434,238,431,332,200,276,460,601,978,897
454,343,231,178,139,184,360,370,887,898
533,338,315,236,173,231,535,435,876,898
463,308,219,163,114,165,385,433,833,898
442,255,292,212,123,185,422,449,850,898
720,467,231,165,102,157,401,428,907,898
624,433,168,110,87,140,436,199,914,898
478,345,168,119,94,136,346,386,872,898
708,463,298,245,161,201,420,594,869,898
354,270,198,143,112,160,363,389,753,898
555,417,211,156,122,170,367,386,879,899
376,268,247,203,155,192,388,435,850,899
588,444,207,154,124,170,383,395,892,899
383,265,344,290,207,251,337,633,898,899
423,301,201,142,113,164,367,368,834,899
469,365,226,154,116,179,368,372,892,899
230,199,99,73,62,86,287,291,797,899
443,337,168,142,113,135,344,376,846,900
364,255,247,192,141,187,367,379,862,900
441,219,250,205,140,180,412,584,935,900
635,426,174,126,84,122,264,888,961,900
249,175,188,110,82,149,283,379,915,900
592,348,356,266,179,263,396,720,878,900
460,332,205,172,142,173,420,382,873,900
425,298,225,143,101,165,366,367,861,900
521,265,515,403,233,311,440,749,906,901
624,404,250,186,142,195,481,492,923,901
626,399,278,219,148,195,418,383,874,901
670,432,293,224,160,221,414,746,934,901
272,190,213,161,120,167,313,363,857,901
403,306,180,121,101,155,384,384,864,901
483,318,319,246,164,216,404,534,933,901
664,403,390,289,198,281,378,1003,946,901
643,332,400,293,180,267,422,733,898,901
301,232,153,116,91,123,290,377,895,901
424,304,235,162,114,177,369,364,823,901
229,168,152,119,95,120,294,365,901,901
380,297,236,182,148,194,441,388,809,902
403,289,264,199,150,205,375,392,899,902
626,451,227,154,117,180,383,556,916,902
714,456,417,282,190,302,434,670,940,902
415,321,191,140,104,147,362,380,887,902
543,389,267,206,158,213,379,475,906,902
326,207,345,250,158,239,426,730,953,902
571,411,264,191,139,196,385,439,861,903
378,220,321,237,151,221,423,591,936,903
445,319,301,207,149,225,372,357,821,903
315,251,192,151,126,157,373,371,876,903
435,336,172,147,117,137,310,378,855,903
425,309,224,183,143,178,367,392,857,903
201,198,136,93,95,136,466,2,140,903
328,257,173,140,113,139,354,369,844,903
448,297,255,188,133,189,408,373,898,903
308,208,229,177,136,180,349,340,887,903
438,299,273,222,157,204,411,391,856,904
548,359,311,227,151,223,511,390,861,904
510,348,113,95,67,83,155,750,992,904
546,332,403,282,190,292,426,708,900,904
570,296,301,220,146,204,520,480,865,904
689,451,422,309,218,312,436,649,966,904
341,210,288,224,155,209,421,366,849,904
256,226,151,114,104,136,309,374,838,904
291,191,238,164,115,172,389,394,843,904
552,435,239,151,136,213,406,222,713,904
468,256,319,226,152,225,381,771,949,904
552,403,226,187,144,176,373,572,935,904
379,282,189,160,114,140,347,366,820,904
428,310,193,143,109,153,335,386,874,905
519,358,237,177,129,178,390,386,883,905
316,224,242,165,114,180,365,393,879,905
482,349,200,149,114,160,348,367,804,905
490,337,279,209,159,226,379,545,946,905
692,365,416,310,190,276,459,681,1008,905
590,360,383,261,153,242,430,668,727,905
510,344,196,136,94,144,401,385,849,905
515,346,222,183,138,171,468,435,867,905
525,373,160,119,83,124,366,257,854,905
706,415,373,277,176,247,415,768,947,905
417,240,312,237,158,223,421,453,890,906
718,457,289,240,163,205,424,429,897,906
421,319,227,158,123,183,376,376,858,906
349,236,122,101,71,92,534,1,215,906
436,245,378,279,177,256,447,784,964,906
537,356,289,212,155,225,416,383,880,906
228,164,209,159,115,157,325,475,918,906
404,266,167,132,98,127,377,378,825,906
594,300,381,275,169,252,465,779,922,907
420,251,281,203,125,190,419,623,839,907
523,356,220,182,130,161,383,441,902,907
684,455,306,242,177,226,429,580,944,907
506,364,265,207,160,213,384,366,854,907
361,257,226,181,128,166,377,377,854,907
620,377,340,268,183,244,440,737,903,907
391,317,123,97,83,105,309,357,870,908
533,378,211,167,120,157,376,369,866,908
449,314,190,156,117,147,366,388,838,908
141,138,128,89,92,129,377,2,209,908
199,150,172,113,87,135,258,350,856,908
669,377,403,327,215,284,428,738,923,908
597,437,227,177,141,185,396,374,905,908
586,391,322,251,167,230,418,435,910,908
438,259,335,251,168,241,345,682,912,908
689,462,232,191,139,174,392,524,954,908
384,253,238,176,124,174,352,352,873,908
599,460,201,148,120,166,364,385,857,908
480,279,311,229,150,212,391,599,953,909
419,254,246,192,133,180,373,460,896,909
641,352,430,314,166,248,423,818,892,909
514,377,338,253,185,258,371,603,949,909
585,420,292,226,166,226,403,416,840,909
664,442,257,190,137,196,432,534,923,909
507,335,217,179,126,159,387,415,900,910
515,387,188,149,112,143,358,382,722,910
512,360,226,153,111,169,373,355,833,911
478,349,184,146,113,146,367,379,885,911
278,212,132,107,86,111,279,363,923,911
415,278,274,203,144,204,407,371,840,911
448,319,219,175,138,177,380,357,915,911
406,279,248,176,129,192,385,383,940,911
367,282,180,129,103,150,355,378,893,912
457,285,294,225,156,213,461,607,937,912
524,322,291,237,160,208,382,759,914,912
552,390,292,242,186,232,414,534,903,912
422,332,179,123,98,145,357,356,847,912
636,379,320,243,148,205,382,679,915,912
550,290,149,116,78,105,347,463,910,912
445,336,196,152,116,157,351,377,843,912
713,432,278,198,132,201,408,536,940,912
446,315,217,167,125,166,382,437,783,912
433,334,142,119,95,117,364,378,871,913
251,164,198,169,123,149,351,362,903,914
696,439,362,276,190,265,442,757,931,914
529,407,174,130,104,141,343,362,917,914
459,312,243,188,139,185,402,472,933,914
706,461,294,219,153,218,417,528,950,914
522,360,133,114,91,107,485,377,825,914
413,332,198,140,112,165,337,363,843,914
554,395,184,153,121,149,418,381,871,914
452,317,218,162,124,172,402,370,859,914
296,204,165,125,93,131,350,381,903,914
433,227,353,266,162,235,442,668,868,914
215,172,155,124,106,131,282,380,858,914
611,386,393,297,228,302,515,711,960,914
425,300,219,183,135,162,375,390,871,914
401,294,250,173,130,197,364,352,867,914
653,453,327,237,172,243,361,509,965,915
511,355,222,156,115,172,406,385,878,915
645,420,252,194,148,198,418,432,932,915
567,399,246,208,167,201,398,373,866,915
387,275,207,162,118,160,335,493,953,915
645,446,213,173,118,155,416,388,897,916
726,459,346,272,182,244,433,511,909,916
481,326,221,159,117,174,391,376,873,916
631,433,193,149,104,142,379,378,881,916
534,375,254,201,151,196,376,364,897,916
411,335,183,125,102,152,356,375,873,916
577,374,317,233,172,243,418,500,875,916
519,353,300,205,147,225,374,358,924,916
715,456,277,216,149,197,409,478,906,916
538,378,204,148,112,157,397,379,860,917
379,242,326,242,174,235,417,591,970,917
573,437,182,143,115,149,403,376,920,917
484,356,197,142,108,156,381,388,813,917
427,308,216,154,120,175,355,311,771,917
212,140,244,181,122,173,269,445,904,917
398,289,197,124,94,159,373,397,877,917
387,202,445,319,180,268,436,703,986,918
439,269,269,212,157,204,428,568,970,918
571,391,297,210,135,202,371,277,869,918
539,380,203,140,108,161,365,384,892,918
505,387,279,186,141,218,387,371,823,918
312,233,186,132,105,155,362,380,893,918
342,295,97,74,63,84,250,448,841,919
260,193,149,99,74,117,325,369,774,919
596,371,344,229,155,247,423,608,925,919
324,214,293,202,137,211,384,657,835,919
578,410,211,174,133,168,400,378,879,919
374,243,314,241,162,227,340,721,941,919
612,433,107,84,62,84,327,732,946,919
703,417,527,395,240,345,498,1023,937,919
463,334,224,171,126,174,372,388,874,920
552,369,234,189,142,181,377,374,878,920
550,311,437,354,238,309,517,641,961,920
571,419,253,201,162,204,373,372,842,921
515,311,310,226,188,260,494,408,856,921
428,345,153,115,100,136,407,120,831,921
452,322,259,179,141,208,371,378,842,922
584,404,251,173,120,185,405,382,814,922
728,460,277,192,130,198,434,634,944,922
636,367,345,276,165,220,432,678,929,922
492,353,188,149,117,151,362,371,804,922
223,187,105,85,74,90,308,126,728,922
529,355,243,163,109,169,397,471,910,922
688,398,562,406,238,352,486,1023,992,922
318,260,148,111,91,122,316,377,831,923
457,348,143,110,88,117,315,386,926,923
619,430,374,271,192,276,392,616,862,923
370,242,226,173,122,166,342,367,872,923
304,206,125,87,68,99,331,382,903,923
518,327,310,231,152,218,388,497,886,923
336,260,177,123,100,146,319,376,836,923
584,386,313,225,166,241,440,568,947,923
204,178,153,100,85,131,315,161,812,923
385,296,179,144,119,146,340,376,782,923
590,441,277,192,150,224,374,375,825,923
667,477,236,181,148,195,481,385,824,923
568,370,266,209,150,201,384,656,925,924
484,287,336,261,161,222,381,698,998,924
585,388,295,224,145,201,363,697,963,924
391,264,234,166,127,184,365,483,883,924
314,169,348,274,173,228,312,743,903,924
445,305,190,137,105,149,382,384,876,924
654,358,513,363,228,339,496,787,911,924
258,210,135,98,83,116,341,168,772,925
570,346,261,210,147,192,408,368,846,925
430,343,240,161,128,202,362,348,807,925
447,266,355,267,175,252,418,673,958,925
713,419,408,308,202,280,446,518,821,925
387,287,207,127,95,163,356,374,862,925
605,371,334,258,172,237,404,428,865,925
696,452,404,288,195,290,351,1023,1009,925
461,241,308,227,136,199,415,725,963,926
539,311,325,214,155,248,491,490,918,926
411,266,228,172,125,171,356,515,919,926
659,443,248,192,136,183,434,391,878,926
434,301,222,173,131,172,342,368,866,926
417,253,297,203,139,210,402,378,856,926
404,277,241,191,143,184,371,390,879,927
644,388,265,202,137,192,487,375,875,927
555,404,210,156,120,169,402,374,882,927
160,144,120,97,94,113,333,2,197,927
708,419,240,184,135,177,528,387,851,928
665,433,325,256,180,236,421,781,953,928
545,307,306,232,141,201,484,545,975,928
543,332,167,128,93,128,483,363,842,928
568,360,293,237,170,223,431,503,872,928
557,398,268,197,147,208,374,529,905,928
397,247,280,205,146,209,439,393,868,929
542,366,187,135,96,142,236,941,932,929
627,373,383,270,179,272,440,681,971,929
408,258,166,128,84,116,378,384,876,929
571,376,304,227,164,229,398,438,880,929
602,358,149,112,79,105,471,505,881,929
615,454,224,171,138,189,392,381,889,929
521,372,365,244,192,287,492,773,946,930
201,145,187,135,99,143,287,364,894,930
518,328,332,232,178,262,555,505,835,930
426,277,228,182,128,168,271,644,967,930
462,301,314,242,171,234,389,563,929,930
687,471,220,156,108,162,406,399,915,930
239,191,227,183,151,185,344,370,894,930
259,175,284,224,156,209,233,655,935,931
312,237,226,177,138,185,359,380,853,931
210,179,199,129,112,174,373,3,680,931
520,340,329,233,170,252,398,749,859,931
710,406,413,300,196,284,453,750,916,931
521,367,235,183,140,186,360,464,907,931
489,326,197,158,115,150,342,505,966,931
534,375,287,222,165,215,321,655,895,932
667,403,169,120,75,114,490,624,975,932
354,263,170,127,97,138,308,365,921,932
336,243,180,127,91,134,364,293,845,932
536,292,379,284,171,246,435,765,926,932
642,430,273,191,134,202,428,370,861,932
233,164,170,131,102,134,380,250,749,932
558,393,295,215,153,225,485,469,873,932
449,254,285,208,134,200,360,477,920,932
464,258,288,218,144,199,395,647,934,933
632,486,151,113,90,124,361,384,812,933
476,336,249,196,144,187,385,389,897,933
283,192,225,186,134,168,331,349,849,934
639,415,292,192,133,211,417,541,917,934
613,430,208,155,107,152,358,366,832,934
503,385,165,132,104,132,375,375,870,934
510,368,176,138,103,135,474,364,852,934
288,211,368,262,182,274,333,656,985,934
504,345,201,158,130,167,505,379,870,935
640,441,318,224,165,243,361,544,950,935
537,403,190,148,118,153,355,380,884,935
504,340,120,92,66,89,402,385,885,935
589,440,202,150,110,154,378,372,711,935
498,342,218,154,108,159,381,384,848,935
502,273,405,290,171,258,432,770,937,935
399,252,259,181,122,186,390,378,879,935
432,254,232,188,134,172,438,382,854,936
459,279,259,195,138,193,419,487,882,936
310,205,265,214,147,191,367,521,962,936
414,285,209,163,126,163,354,406,912,936
396,302,211,146,117,179,355,384,897,936
389,283,161,120,90,127,326,388,890,936
455,287,137,101,65,96,226,723,942,936
483,393,161,128,109,137,347,377,816,937
298,229,185,138,115,157,345,377,835,937
454,326,247,175,133,195,389,370,850,937
404,273,297,207,155,233,386,495,933,937
492,332,238,177,127,180,402,446,909,938
353,181,303,230,135,192,371,769,921,938
295,236,147,96,77,122,272,374,825,938
606,342,569,404,257,368,518,990,980,938
278,229,153,117,94,126,285,356,821,938
649,485,158,116,92,131,369,390,813,938
340,266,190,150,115,151,321,289,838,939
720,458,369,275,187,265,388,559,931,939
578,375,251,217,150,181,358,643,787,939
444,301,223,164,124,173,384,383,865,939
452,365,386,276,217,312,472,176,762,939
580,363,307,255,183,227,411,601,952,939
656,444,279,220,159,214,365,628,970,939
330,252,163,133,105,130,274,381,867,939
436,352,134,97,83,115,340,398,876,939
486,246,426,314,181,268,525,712,961,939
689,461,233,183,132,177,419,504,931,939
405,265,234,176,128,181,388,395,864,939
613,372,401,312,240,314,522,576,964,940
469,338,258,195,145,200,340,487,791,940
647,487,247,176,147,209,407,392,900,940
446,261,313,236,162,229,397,548,921,940
677,402,409,278,177,281,433,680,820,941
468,333,227,161,117,173,377,352,850,941
486,302,362,259,179,267,408,684,911,941
442,324,165,117,93,130,346,380,902,941
617,369,304,198,229,351,568,304,871,941
578,426,173,142,110,135,364,379,852,941
624,486,213,163,134,180,412,351,985,941
486,358,250,175,133,197,373,371,860,941
591,412,358,281,201,269,502,602,937,942
349,276,145,115,94,120,335,380,857,942
633,429,196,149,107,144,397,396,751,942
409,272,296,187,126,211,401,379,846,943
500,297,259,185,124,179,517,442,907,943
395,305,247,187,150,193,356,422,864,943
684,445,351,256,188,269,435,675,964,943
559,351,261,199,142,190,391,567,924,943
448,347,140,111,89,115,291,372,858,943
703,478,266,202,140,194,390,608,1001,943
570,293,470,333,186,302,508,720,881,944
550,394,247,167,125,191,398,385,854,944
569,323,403,285,189,284,425,714,903,944
538,389,164,126,101,133,353,375,862,944
567,358,228,186,127,164,343,598,971,944
542,418,208,153,119,165,374,373,868,944
381,233,215,156,98,146,314,755,897,944
330,193,326,255,166,225,377,545,751,944
402,254,249,173,122,184,388,405,870,944
374,227,325,252,171,227,335,588,907,944
341,216,221,168,123,165,354,392,867,944
583,420,202,158,119,156,398,390,896,944
564,288,404,289,168,250,435,592,946,945
700,389,495,389,241,308,473,1023,949,945
377,216,254,182,119,177,347,627,817,945
343,214,117,85,57,83,281,779,948,945
502,312,282,199,137,202,477,374,836,945
536,267,446,345,209,286,452,738,889,945
670,416,336,276,191,242,469,525,946,945
233,194,155,120,98,129,246,361,857,946
421,274,262,183,125,191,381,589,971,946
515,370,246,181,141,196,349,552,921,946
323,207,241,172,123,185,372,429,806,946
436,298,328,234,164,244,386,692,1005,946
550,297,452,328,204,296,449,755,880,946
374,276,230,173,120,171,330,456,891,947
729,398,466,327,187,290,475,767,939,947
323,170,373,289,167,232,427,759,924,947
666,436,378,301,220,283,518,539,912,947
597,417,286,209,164,228,381,388,849,948
376,269,168,109,85,132,361,374,834,948
597,427,200,144,106,154,397,391,907,948
417,300,254,183,132,190,350,513,956,948
448,285,271,186,121,191,395,433,845,948
394,233,291,215,142,204,382,512,963,948
451,347,149,124,104,125,334,365,859,948
503,332,213,158,115,165,372,481,891,948
405,238,309,216,148,223,425,432,857,948
669,472,253,179,129,189,396,386,856,949
363,195,311,230,144,211,431,709,953,949
378,273,173,121,92,135,339,355,878,949
475,326,193,158,119,149,356,375,873,949
708,466,293,215,159,225,443,565,795,949
428,300,285,209,154,225,436,332,830,949
367,231,211,183,97,130,648,0,119,949
479,339,201,135,99,157,363,374,877,950
409,266,268,202,155,209,457,556,966,950
562,411,294,213,152,220,363,695,993,950
552,392,184,154,116,143,386,372,848,950
386,317,111,85,61,85,355,2,196,950
347,192,205,145,106,155,451,391,861,950
710,393,382,320,200,256,423,706,881,950
353,249,190,141,115,155,363,366,869,950
651,454,148,107,76,111,338,372,877,950
674,477,205,160,110,149,407,380,846,951
611,421,302,238,174,230,428,357,845,951
638,452,266,198,147,206,422,409,899,951
665,484,444,337,265,354,542,299,717,951
420,306,152,113,91,125,343,290,816,951
533,320,398,288,192,279,399,699,946,952
405,275,230,175,132,180,397,471,872,952
454,318,257,182,131,191,363,518,934,952
458,330,283,203,158,227,481,395,862,952
538,371,247,178,130,189,381,371,854,952
430,295,184,136,104,145,364,383,855,952
532,328,417,321,208,279,425,619,902,952
548,400,163,105,79,129,369,379,864,953
661,439,450,324,224,325,449,762,854,953
466,349,233,182,150,194,437,653,932,953
510,318,278,218,157,207,358,606,986,953
511,369,227,180,133,175,356,494,914,953
411,304,210,162,127,166,384,391,774,953
645,432,249,185,132,187,388,525,955,954
466,317,151,104,85,127,394,323,937,954
513,356,197,143,104,150,378,369,867,954
573,378,330,232,160,243,416,698,892,954
468,359,237,164,123,183,335,354,749,954
732,486,230,169,118,171,393,430,853,954
305,233,198,147,117,164,335,379,851,954
649,453,258,194,142,198,409,468,915,954
720,476,279,221,156,206,428,605,966,954
681,381,501,404,289,364,461,730,880,954
639,419,336,239,162,240,416,462,907,954
600,444,191,174,135,150,395,382,831,955
266,165,239,175,126,180,354,442,943,955
598,410,149,127,89,109,393,375,838,955
300,223,265,166,126,206,389,341,891,955
596,412,258,200,144,189,384,372,857,955
486,325,247,186,143,192,388,403,899,956
549,354,323,262,186,241,400,640,939,956
252,184,158,135,103,124,300,367,908,956
619,454,309,220,186,262,480,185,739,956
604,474,228,167,139,192,370,374,764,956
558,403,178,132,96,132,363,363,878,956
406,248,309,223,143,206,313,712,899,957
591,420,284,200,152,219,355,396,928,957
361,244,270,209,150,202,278,585,864,957
495,377,241,176,138,194,352,384,899,957
415,304,239,165,123,184,351,361,873,957
553,328,371,275,174,252,361,750,841,958
544,369,408,339,274,342,513,379,741,958
470,352,254,176,142,212,388,378,872,958
469,276,240,176,117,169,337,599,990,959
686,492,207,160,118,161,390,386,861,959
497,385,271,180,136,216,337,344,814,959
329,250,140,104,82,113,313,379,920,959
368,292,157,120,104,138,340,376,850,959
360,200,289,238,153,195,339,754,867,959
451,278,230,183,126,163,512,382,813,959
308,255,108,89,72,89,274,359,821,960
382,282,250,187,147,198,323,572,963,960
352,272,232,162,128,187,364,374,883,960
383,220,305,221,148,216,438,531,763,961
344,267,158,131,99,120,322,381,884,961
473,340,272,192,138,202,404,377,859,961
491,338,205,156,115,157,385,371,886,961
612,401,319,260,190,246,413,511,921,961
623,419,226,186,140,175,452,392,771,961
512,353,216,150,105,160,453,331,880,961
520,344,214,159,120,167,442,335,854,961
413,318,190,135,111,161,352,378,837,961
583,419,199,138,108,160,389,381,883,961
500,305,354,271,182,254,404,690,971,961
405,196,219,166,122,169,495,388,871,961
586,367,325,250,167,233,406,505,903,962
451,330,163,137,103,129,336,389,864,962
683,449,319,252,180,230,408,683,974,962
360,244,178,146,113,142,348,370,778,962
506,264,371,264,160,240,435,698,943,962
565,412,200,155,117,158,379,383,841,962
409,303,180,140,103,139,357,381,844,962
561,328,394,284,176,264,429,655,969,962
455,343,173,130,106,144,343,302,831,962
717,419,363,270,184,265,475,688,930,963
338,285,132,98,88,118,322,157,769,963
364,221,300,246,180,221,414,393,881,963
661,441,295,224,154,210,414,526,883,963
648,450,236,182,132,179,406,401,884,963
612,429,197,183,137,151,403,375,854,963
422,222,362,280,168,238,361,777,861,963
532,382,215,160,121,169,367,387,837,963
421,281,283,207,116,185,383,363,915,964
708,485,288,217,160,222,433,410,863,964
342,276,165,118,96,135,297,357,889,964
578,361,278,227,159,207,398,612,956,965
643,420,309,225,154,225,395,572,946,965
631,401,275,205,148,209,401,656,949,965
402,255,228,171,121,171,370,532,952,965
365,299,158,112,101,142,393,367,765,965
388,299,187,137,104,148,325,356,852,966
363,239,281,197,136,204,388,369,872,966
477,307,281,225,157,206,409,443,882,966
430,295,286,215,136,194,376,545,912,966
568,391,238,167,121,182,393,406,808,966
562,307,286,224,150,199,391,667,919,966
305,203,218,137,108,175,238,575,914,966
601,345,270,212,134,186,384,660,967,966
439,355,183,132,113,158,397,361,804,967
545,379,212,168,127,163,388,425,881,967
442,257,397,321,210,279,427,731,918,967
469,320,275,183,125,200,396,399,917,967
263,189,169,121,93,133,437,386,789,967
676,436,281,214,145,203,405,533,966,967
489,235,153,124,65,84,303,740,988,967
543,300,288,206,122,184,430,523,922,967
476,352,203,134,101,163,321,362,798,968
375,269,167,111,83,132,342,381,868,968
538,386,211,131,98,162,363,429,877,969
389,281,197,157,121,159,338,373,852,969
517,326,250,180,135,195,396,693,980,969
575,437,148,112,88,118,319,386,857,969
448,288,282,218,156,211,357,530,943,969
656,423,363,279,187,256,516,485,857,970
495,360,287,187,145,237,390,373,829,970
512,383,188,128,100,152,362,374,823,970
506,319,267,212,145,192,350,639,991,970
667,473,267,211,160,205,414,385,846,970
424,284,251,180,129,186,369,613,962,970
427,293,223,163,123,175,380,346,911,970
640,413,251,195,150,201,475,472,892,970
392,301,240,174,133,190,371,422,849,971
245,180,234,157,90,134,466,476,945,971
387,262,271,211,156,208,374,424,905,971
681,438,318,250,180,234,433,426,863,971
715,459,368,272,198,276,430,410,859,972
437,295,249,185,143,194,399,383,705,972
646,458,245,184,131,180,381,429,890,972
351,220,266,191,134,193,376,433,850,972
705,438,309,242,159,212,443,660,1002,972
473,278,384,290,188,264,402,736,898,972
516,378,220,156,119,178,360,369,872,972
454,317,236,174,126,181,360,505,951,972
568,425,497,514,342,335,423,1,242,973
671,430,407,315,191,251,512,486,884,973
620,361,405,303,193,274,415,740,970,973
483,284,295,224,159,218,406,617,945,973
477,320,223,172,127,173,359,465,866,973
460,305,267,190,131,200,347,661,956,973
176,163,123,89,87,120,401,2,205,973
438,310,222,169,131,173,444,373,846,973
605,355,338,264,160,226,476,640,978,973
652,369,389,294,177,249,456,751,978,973
669,355,412,299,194,283,448,731,834,973
506,294,243,181,128,172,492,445,913,974
421,233,297,261,170,204,355,745,914,974
387,234,256,203,136,178,375,413,896,974
445,276,282,209,148,210,376,539,930,974
656,378,365,271,171,244,424,673,841,974
365,254,315,220,153,233,410,557,901,974
266,181,121,95,68,94,311,399,876,974
405,289,189,171,134,146,329,379,860,975
590,415,242,191,138,183,401,375,887,975
651,462,279,195,139,212,391,370,828,975
521,393,228,176,141,185,404,383,868,975
557,386,435,315,257,362,496,535,940,975
371,279,184,135,107,151,348,384,854,975
397,251,266,203,145,199,345,616,962,976
725,476,293,211,150,218,442,531,948,976
531,340,323,236,153,225,423,724,949,976
291,166,341,273,165,217,220,688,884,976
204,183,200,138,134,195,403,2,213,976
656,381,299,210,146,218,484,621,907,976
464,344,287,205,162,236,485,385,811,976
443,338,225,157,117,175,363,341,900,977
405,319,281,205,161,231,392,355,869,977
554,406,265,192,144,208,374,387,672,977
530,393,192,157,129,161,375,367,881,977
696,399,434,312,142,227,481,939,935,977
532,365,253,171,124,188,344,681,977,978
406,243,366,263,168,255,417,689,968,978
417,303,179,162,131,144,387,304,838,978
500,289,308,235,165,229,391,651,968,978
354,275,239,185,143,193,334,514,918,978
423,283,281,177,119,205,382,429,918,978
395,306,228,179,141,187,344,378,853,978
476,342,261,193,149,212,373,324,851,978
381,247,270,211,150,199,606,5,631,978
646,413,293,230,164,219,406,648,961,978
412,226,329,231,150,228,408,510,884,979
537,415,211,158,126,175,419,190,765,979
606,430,173,121,94,138,354,378,902,979
280,211,191,141,115,160,333,377,856,979
455,347,200,160,133,168,373,374,892,979
438,317,187,137,104,145,370,384,825,979
215,168,188,151,115,149,316,371,850,979
191,144,169,137,107,136,291,356,844,979
477,355,102,81,65,83,238,372,960,979
511,375,163,113,88,131,344,394,826,980
587,419,195,140,102,150,381,387,890,980
495,342,258,198,146,198,391,367,885,980
656,409,385,301,197,268,489,649,938,980
559,417,427,302,237,341,488,274,811,980
622,458,199,155,118,157,390,381,845,980
459,244,356,271,167,235,421,640,943,980
433,318,197,143,109,156,347,361,914,980
417,289,220,155,120,175,377,378,807,980
301,215,179,145,114,144,345,376,835,981
448,275,372,275,184,263,405,741,970,981
409,261,311,218,140,213,331,436,853,981
219,170,166,132,108,138,520,4,585,981
563,380,227,161,113,168,390,388,758,981
574,314,260,191,123,177,494,406,897,981
462,273,298,212,143,211,409,509,926,981
640,467,226,175,139,180,364,362,834,981
681,460,223,184,135,173,456,503,935,982
679,417,324,239,164,241,427,579,940,982
312,268,179,118,106,158,364,130,714,982
704,482,227,172,120,168,390,367,851,982
415,315,235,180,137,183,349,371,893,982
700,475,287,208,144,213,386,531,925,982
587,359,301,223,141,205,498,379,862,982
727,481,231,191,130,170,404,524,975,982
532,305,385,282,182,260,450,772,928,983
458,354,217,151,119,177,383,438,904,983
712,436,324,233,159,235,425,729,950,983
725,420,458,357,186,267,330,1023,926,983
571,405,292,234,166,217,360,678,947,984
622,417,289,212,144,218,472,379,838,984
491,345,253,180,138,201,411,397,781,984
698,385,507,350,215,321,556,656,793,984
722,444,303,211,140,218,429,546,877,984
529,387,175,131,105,143,342,380,915,984
287,212,129,107,85,104,290,394,878,984
597,399,315,241,160,225,394,361,858,984
533,363,333,241,173,252,391,605,919,984
513,347,353,292,213,265,466,608,998,984
602,417,262,189,137,199,371,370,869,985
510,420,143,95,82,124,303,378,876,985
691,400,271,184,130,201,533,392,838,985
407,262,286,210,154,216,431,376,854,985
525,380,187,143,108,147,367,386,914,985
446,330,183,120,99,155,356,360,793,986
232,168,158,123,93,120,285,382,843,986
193,155,143,96,84,125,383,26,690,986
480,299,341,254,164,235,525,466,917,986
522,325,218,148,95,146,397,378,902,986
332,233,166,129,96,131,355,373,852,986
343,256,204,152,113,156,302,368,869,986
475,280,322,229,153,226,388,677,947,986
721,447,425,327,196,272,410,716,915,986
609,439,213,158,122,170,370,362,764,987
438,375,203,147,129,182,492,88,789,987
490,271,182,148,93,119,177,1023,1013,987
384,280,275,177,133,222,345,376,785,987
426,325,210,163,129,172,373,377,874,987
718,420,393,270,178,282,424,736,912,987
568,434,169,132,107,139,372,387,840,987
371,226,275,203,146,205,363,427,890,988
577,386,202,164,120,155,394,458,912,988
520,362,287,231,152,200,369,524,908,988
366,269,201,150,117,162,372,373,902,988
374,283,153,116,91,121,312,360,887,988
384,284,266,179,133,208,392,389,887,988
319,235,201,148,109,154,361,375,835,988
228,161,184,143,109,146,305,361,830,989
218,173,173,125,101,145,329,252,841,989
536,367,259,200,157,205,393,505,872,989
518,358,439,339,216,296,298,1023,879,989
697,386,298,211,128,191,448,411,889,989
426,292,224,157,112,165,357,373,890,989
472,372,196,134,113,168,475,379,879,989
327,237,174,126,91,131,321,389,844,989
445,285,251,206,143,181,382,405,901,989
712,467,197,162,113,146,488,382,879,989
510,361,214,153,112,164,356,409,903,989
303,206,238,169,123,182,295,459,853,990
509,370,216,157,120,174,383,368,865,990
362,246,190,148,112,150,357,372,843,990
550,382,277,250,178,204,406,378,877,990
354,241,315,211,144,227,356,646,959,990
471,356,129,92,71,101,309,361,878,990
392,218,227,174,108,154,417,406,875,990
376,271,193,143,110,153,362,373,841,990
580,338,343,272,199,258,493,657,828,991
588,398,262,194,142,205,369,415,863,991
528,406,155,119,93,123,348,385,916,991
340,248,219,168,130,173,345,380,892,991
616,394,353,290,186,236,374,686,928,991
708,390,485,355,184,284,503,806,919,991
723,486,348,273,207,273,458,587,987,991
426,276,225,164,125,175,355,381,888,992
644,338,422,320,203,284,441,723,907,992
696,402,371,318,196,251,448,725,933,992
373,253,208,155,114,160,360,371,762,992
368,274,149,98,71,113,295,394,881,992
657,362,497,355,206,316,464,742,954,992
393,310,175,146,118,149,342,378,860,992
466,366,169,129,110,146,363,381,719,992
701,463,332,242,173,246,423,624,979,993
551,282,393,277,152,237,450,806,895,993
392,250,282,212,153,216,461,578,928,993
294,231,122,100,82,101,293,232,805,993
567,347,131,108,77,99,240,760,1008,993
305,252,147,131,117,131,557,1,194,993
698,490,235,177,133,184,380,515,917,993
261,195,260,180,130,198,477,372,854,994
295,231,151,109,93,131,348,213,841,994
720,448,415,297,199,290,456,746,935,994
564,407,239,175,142,196,393,382,893,994
601,401,276,215,155,209,369,565,974,994
315,234,230,177,153,204,463,395,854,994
677,427,313,216,143,223,405,640,1001,994
553,333,313,237,158,223,398,580,940,994
527,386,252,195,155,206,363,390,892,995
556,392,288,207,155,227,408,416,850,995
280,208,256,195,142,193,339,392,872,995
483,371,199,158,128,165,454,387,885,995
577,359,327,237,150,219,385,728,928,995
517,368,236,195,154,192,400,366,862,996
523,416,107,88,77,92,306,374,903,996
529,365,202,154,110,148,396,388,885,996
646,442,431,331,244,328,501,654,811,997
453,333,239,184,140,186,362,371,861,997
408,304,304,205,158,245,391,404,860,997
383,277,195,128,96,152,377,393,873,997
482,396,111,80,69,97,366,161,817,997
581,398,331,279,209,255,399,499,921,997
645,392,360,295,207,258,443,758,773,997
336,275,155,127,105,131,352,157,786,997
642,421,261,224,175,200,452,375,851,997
512,394,149,120,98,122,371,373,761,998
444,273,371,253,168,259,497,747,860,998
665,440,212,161,112,153,434,398,906,998
159,145,118,91,88,112,301,59,759,998
641,427,236,197,143,176,371,390,900,998
701,445,442,337,244,337,446,650,967,998
607,454,203,181,140,160,391,385,867,998
409,202,429,316,167,255,425,711,906,998
650,425,217,181,131,164,395,369,891,999
653,483,169,140,109,137,371,362,808,999
302,210,239,181,131,180,365,396,835,999
488,295,328,253,177,241,414,716,980,999
707,473,296,222,154,215,431,504,839,999
469,271,326,241,162,240,464,417,865,999
539,330,330,268,178,231,369,508,941,1000
645,430,268,202,147,203,380,578,970,1000
596,429,170,134,104,135,348,371,883,1000
343,239,211,153,117,166,429,375,881,1000
270,244,93,69,64,85,321,25,739,1000
455,363,189,137,110,155,346,366,816,1000
620,450,211,153,114,169,400,405,906,1000
439,296,268,194,138,199,397,406,929,1000
590,371,365,260,173,250,434,667,951,1001
654,371,330,258,165,224,505,477,839,1001
623,450,241,176,138,192,391,388,891,1001
458,345,206,159,128,166,353,374,859,1001
643,382,324,245,138,200,463,529,904,1001
446,283,249,200,136,178,341,635,957,1001
485,322,323,261,177,222,289,667,882,1002
313,215,222,175,129,167,333,367,852,1002
395,252,132,106,85,108,516,399,870,1002
300,195,329,257,170,234,237,750,897,1002
700,427,424,319,209,298,454,743,938,1002
548,287,425,332,217,292,451,777,866,1002
244,176,249,163,120,188,386,368,863,1002
512,287,363,246,156,249,410,641,880,1002
590,359,390,294,208,291,515,639,925,1003
389,298,181,136,108,145,373,379,906,1003
560,363,299,222,154,215,415,576,961,1003
605,428,268,210,153,204,441,377,876,1003
229,193,108,98,84,93,303,110,773,1003
580,383,292,214,155,224,385,558,883,1003
386,309,165,129,106,137,328,364,858,1003
376,211,199,145,95,139,475,442,871,1003
518,357,234,190,137,176,438,380,851,1004
555,367,334,240,177,259,421,627,929,1004
629,381,191,157,96,127,478,385,896,1004
495,346,195,171,132,153,360,370,894,1004
521,275,399,294,181,252,558,729,972,1004
378,277,194,149,115,154,384,381,733,1004
548,348,248,192,134,182,401,590,938,1005
583,427,315,240,173,244,363,617,937,1005
584,369,437,327,231,312,451,595,891,1005
425,289,205,163,128,163,383,369,914,1005
482,292,220,164,110,156,377,690,995,1006
448,282,241,171,116,170,523,378,731,1006
535,282,261,199,131,179,482,778,915,1006
416,271,255,180,133,193,395,438,878,1006
519,388,233,176,141,190,392,378,886,1006
563,346,361,255,165,252,421,784,890,1006
492,345,208,180,130,157,377,371,887,1006
438,322,192,142,112,156,344,259,791,1006
451,307,278,220,161,213,407,464,881,1007
564,390,298,228,164,225,379,758,917,1007
392,249,333,247,178,249,379,656,953,1007
599,418,186,134,102,147,340,381,856,1007
665,453,277,196,142,211,388,583,974,1007
450,312,210,175,128,158,398,389,849,1007
606,383,244,177,122,182,476,381,683,1007
346,249,195,144,113,153,337,399,841,1007
523,391,242,197,154,202,385,375,870,1008
690,440,242,185,140,189,525,522,838,1008
478,339,251,192,144,194,377,590,937,1008
519,346,373,247,169,269,353,577,938,1008
441,322,184,154,117,146,356,361,859,1008
653,399,385,306,201,266,429,665,952,1008
528,331,244,186,133,181,395,437,935,1009
460,319,206,156,116,155,367,496,916,1009
453,312,161,124,93,126,330,360,890,1009
393,237,279,234,154,190,399,639,963,1009
503,338,104,79,59,83,391,402,933,1009
458,329,197,152,121,162,356,382,823,1009
578,409,248,205,152,191,409,399,857,1009
404,296,179,143,116,148,308,367,916,1009
456,291,285,214,148,213,399,515,915,1010
433,322,187,129,99,155,350,387,862,1010
633,447,198,136,100,155,378,257,889,1010
211,148,201,156,119,158,314,383,872,1010
459,340,217,168,137,175,369,378,837,1010
278,200,199,154,118,158,351,378,646,1010
387,286,258,180,138,202,340,402,883,1010
345,227,186,147,107,140,368,372,899,1011
581,433,122,86,68,98,337,382,903,1011
507,306,417,321,173,229,366,804,919,1011
532,353,141,111,79,106,333,397,901,1011
209,171,177,121,100,148,328,353,893,1011
474,332,213,173,134,168,383,416,841,1011
187,180,88,55,53,85,333,48,811,1012
449,320,98,82,71,82,417,391,885,1012
421,212,339,252,160,236,390,673,914,1012
489,367,230,195,153,182,504,372,900,1012
349,307,178,147,130,158,348,147,748,1012
565,379,210,157,121,165,450,390,862,1012
448,313,144,111,81,108,531,2,179,1013
633,408,328,204,127,226,386,517,905,1013
554,340,274,195,132,197,410,579,956,1013
513,329,333,248,172,249,489,513,934,1013
366,247,261,190,144,203,400,395,847,1013
706,433,280,214,147,204,391,495,921,1013
550,401,116,82,63,93,259,735,975,1013
479,286,324,236,157,224,429,648,769,1014
655,368,342,256,163,230,403,687,954,1014
462,302,234,192,139,174,375,352,853,1014
689,478,337,238,169,253,418,377,847,1014
693,440,208,162,120,156,441,1023,990,1014
338,240,213,150,108,164,341,384,926,1014
462,312,237,215,158,179,379,513,924,1014
301,231,204,134,106,165,335,351,872,1015
483,341,157,112,87,125,354,389,920,1015
304,205,297,211,140,212,390,382,839,1015
271,217,155,123,103,131,332,357,881,1015
434,284,312,248,169,217,364,562,938,1015
642,367,250,182,120,173,410,688,930,1015
312,206,169,126,91,126,361,395,889,1015
724,487,231,166,123,178,459,404,855,1015
592,359,393,300,182,258,490,774,830,1015
477,312,269,194,139,198,413,378,872,1016
704,467,327,246,174,244,421,683,969,1016
582,423,244,170,129,191,378,377,869,1016
348,251,209,168,130,169,325,346,863,1016
443,282,269,199,146,203,387,569,781,1016
658,387,531,399,268,340,425,253,897,1016
532,381,291,214,161,225,412,425,878,1017
381,293,176,150,117,137,341,362,835,1017
493,285,317,227,143,214,417,509,830,1017
657,431,256,189,129,189,415,437,890,1017
480,311,339,256,163,235,304,720,854,1017
662,383,349,260,168,244,407,766,926,1018
275,222,227,167,135,186,283,397,828,1018
573,349,250,191,143,188,528,541,890,1018
449,326,197,161,118,152,377,384,866,1018
459,288,246,172,118,176,378,540,920,1018
503,365,207,148,113,162,366,372,840,1018
625,429,256,207,155,194,437,455,899,1018
176,158,98,67,63,91,315,40,704,1018
457,275,283,205,137,201,392,475,939,1019
588,360,320,249,165,220,418,591,923,1019
520,356,202,150,120,165,450,376,768,1019
675,446,248,188,139,194,416,432,910,1019
490,350,216,155,122,172,363,388,760,1019
603,375,350,270,184,251,398,720,969,1019
521,360,209,168,121,159,392,381,886,1020
628,428,261,193,143,202,407,385,877,1020
540,392,200,141,106,157,373,390,827,1020
479,372,185,138,118,157,385,379,870,1020
704,480,274,209,149,206,401,554,962,1020
489,360,204,155,119,160,348,372,879,1021
676,416,369,319,203,244,387,734,852,1021
715,408,431,329,214,292,446,786,907,1021
371,230,232,169,110,163,375,446,926,1021
463,226,335,253,152,219,456,753,922,1021
726,429,278,219,144,198,404,590,958,1021
402,326,170,130,107,143,301,356,928,1021
706,392,190,152,94,123,390,582,924,1022
661,436,270,204,141,202,407,527,926,1022
439,255,404,285,154,244,407,707,984,1022
476,252,385,300,188,263,441,735,936,1022
517,377,190,156,125,158,376,490,866,1023
572,415,229,179,142,187,389,379,874,1023
681,473,316,228,171,246,411,463,870,1023
624,452,243,167,120,184,334,344,890,1023
436,234,342,246,149,228,405,641,961,1023
