"FSC-A","FSC-H","SSC-A","SSC-B-A","SSC-B-H","SSC-H","AF-A","DRAQ5-A","FITC-A","Time"
328,246,247,178,136,197,305,507,950,0
497,318,205,159,108,150,353,367,978,0
569,349,252,204,146,188,361,565,924,0
470,337,115,90,71,93,324,349,909,1
217,151,163,127,91,122,272,375,933,1
298,208,235,166,121,179,319,445,962,1
523,351,230,175,125,170,340,619,938,1
681,452,243,184,128,176,320,518,954,1
624,451,166,122,95,135,352,355,941,1
228,182,143,112,102,131,383,86,751,1
483,350,195,145,111,153,364,334,926,1
217,155,152,123,92,120,268,353,835,1
199,140,176,137,94,127,268,364,928,2
227,160,131,93,65,95,352,209,923,2
497,360,140,111,84,108,344,360,903,2
435,296,140,104,74,106,314,372,914,2
266,161,302,230,132,190,183,742,951,2
722,469,280,211,155,211,416,625,886,2
466,289,285,211,141,203,371,387,995,2
467,314,219,168,122,165,419,443,951,2
655,409,316,248,125,166,351,680,982,2
311,205,261,196,147,197,422,402,956,2
255,154,298,219,130,192,255,598,958,2
516,372,221,156,112,165,353,327,872,2
532,270,347,263,152,215,456,448,967,2
426,294,204,153,107,151,351,379,974,2
390,291,169,125,93,130,316,368,950,2
337,223,335,259,175,235,384,649,920,3
601,308,274,200,113,164,523,490,919,3
479,290,230,171,116,160,253,593,883,3
214,158,122,95,76,100,220,355,915,3
514,345,179,148,101,130,357,364,957,3
453,340,128,101,78,102,297,349,877,3
469,359,115,82,65,94,280,363,862,3
421,275,196,164,116,149,338,450,930,3
476,304,299,216,150,218,465,646,923,3
333,234,208,156,115,159,327,351,957,3
305,246,172,128,104,142,375,331,954,4
255,177,153,113,84,118,274,369,933,4
383,243,227,168,114,164,275,490,958,4
156,134,147,120,104,129,362,2,203,4
248,168,132,101,76,103,336,218,914,4
492,317,226,178,114,152,260,691,959,4
431,273,222,152,99,159,387,411,946,4
325,195,304,224,146,214,393,573,994,5
653,354,817,582,218,337,557,1016,1019,5
242,157,231,179,121,163,219,644,964,5
613,327,309,238,128,180,423,339,906,5
313,220,116,88,65,88,412,134,921,5
448,282,269,215,157,201,382,410,940,5
467,222,504,342,158,265,432,923,1001,5
364,214,308,232,148,210,399,597,982,5
257,166,184,151,108,136,303,391,973,5
311,192,294,210,137,202,364,721,992,5
394,282,165,142,110,132,289,351,927,5
427,298,181,150,117,145,300,397,958,6
282,207,157,110,86,127,284,361,954,6
258,172,265,200,136,192,264,565,930,6
270,187,270,200,138,195,226,583,937,6
699,399,381,289,177,251,367,697,974,6
389,277,239,177,131,185,354,419,975,6
527,365,210,155,117,169,379,391,829,6
217,139,161,126,84,113,271,359,960,6
621,434,182,143,101,132,332,396,964,6
268,165,222,162,104,151,176,615,883,6
309,208,177,128,96,139,448,362,877,6
388,268,193,135,102,151,303,391,930,6
255,178,147,122,95,117,272,353,916,7
534,263,300,256,155,197,407,727,996,7
516,317,188,143,101,140,377,386,950,7
736,397,307,236,119,166,402,1023,996,7
566,375,263,183,129,198,388,540,891,7
451,272,164,122,78,115,342,370,956,7
304,212,152,102,75,119,274,356,866,7
607,398,295,234,153,210,325,603,959,7
346,259,215,158,118,166,448,363,950,7
611,453,390,287,248,339,471,223,836,7
310,217,176,123,88,135,353,444,976,7
387,247,136,97,66,97,410,118,930,7
512,332,166,123,85,117,291,359,920,7
327,282,225,149,128,193,405,148,798,7
438,305,218,155,115,170,378,320,925,7
166,133,169,139,107,138,206,353,920,8
186,136,199,157,118,153,113,548,930,8
244,145,176,131,92,125,177,533,887,8
422,319,163,132,105,131,298,327,917,8
469,364,117,105,83,92,330,279,875,8
409,258,276,204,139,199,355,602,954,8
713,414,368,284,180,252,428,652,820,8
374,296,134,108,90,114,310,363,908,8
687,430,476,332,203,320,510,903,897,8
343,228,155,118,82,114,288,365,931,9
422,224,264,197,125,179,310,712,904,9
326,251,144,110,89,115,355,378,951,9
246,144,163,124,84,115,370,342,914,9
312,224,178,128,91,132,298,459,935,9
654,425,243,186,123,169,348,691,936,9
525,268,255,202,119,155,305,764,1017,9
498,305,268,209,133,179,324,642,941,9
316,154,206,167,104,137,458,358,977,10
557,424,140,108,82,114,328,366,917,10
344,246,185,129,95,139,342,340,904,10
560,309,361,302,174,228,373,713,977,10
555,324,332,238,146,227,454,521,941,10
582,363,264,186,131,200,401,567,924,10
362,211,226,176,115,154,309,464,949,10
519,254,380,287,169,240,400,687,973,10
486,334,224,170,130,173,459,382,819,10
602,374,325,257,157,211,435,509,960,10
354,223,374,287,179,251,216,765,1002,10
277,200,222,173,125,168,267,461,959,10
266,178,147,110,80,109,283,373,928,10
259,208,121,86,64,95,277,356,883,11
291,235,149,109,90,126,347,136,756,11
604,416,203,152,111,150,314,352,932,11
350,211,277,207,139,192,346,595,934,11
429,281,267,192,141,201,244,682,984,11
467,298,287,220,150,194,218,716,940,11
704,477,226,167,122,170,385,469,954,12
565,362,230,174,128,179,327,390,912,12
516,316,299,208,136,209,361,619,954,12
444,333,132,105,81,105,341,357,908,12
403,231,211,157,106,149,383,490,954,12
430,322,241,170,122,179,502,174,851,12
323,247,133,95,81,116,308,365,891,12
533,398,129,93,73,102,307,363,926,12
256,175,108,87,67,84,307,236,880,12
351,215,227,168,110,156,309,405,850,12
463,312,376,287,170,241,363,693,959,12
510,286,275,228,147,185,377,709,935,12
286,213,184,140,111,149,437,369,922,12
480,302,253,207,143,180,471,393,917,12
293,168,203,156,104,142,452,378,947,12
335,271,122,103,85,101,269,342,946,12
675,462,218,173,119,163,361,474,955,12
359,197,263,208,125,172,220,700,904,12
698,433,288,212,133,193,439,557,920,13
249,180,110,86,66,87,204,354,873,13
535,396,170,122,100,141,326,355,828,13
273,167,199,151,102,146,457,395,912,13
277,200,218,170,109,152,304,469,965,13
516,410,169,127,101,139,530,2,469,13
310,186,198,157,105,142,370,528,1007,13
311,210,264,194,136,187,422,552,915,13
462,310,162,140,103,122,287,350,925,13
240,129,240,189,114,158,294,565,928,13
324,241,237,166,135,191,425,407,940,13
243,167,172,137,103,131,299,338,585,13
429,262,172,136,93,124,331,365,907,13
545,323,366,265,158,235,392,717,952,13
566,366,284,219,147,200,387,349,973,14
475,322,139,110,79,105,279,343,931,14
333,171,173,126,80,118,310,417,958,14
412,273,284,210,118,165,288,688,939,14
491,327,197,154,112,148,336,389,921,14
716,386,416,348,196,255,363,700,1022,14
449,294,141,115,84,105,354,233,910,14
250,174,168,133,99,132,289,345,938,14
411,279,173,147,108,133,315,365,933,14
322,242,103,79,64,84,220,352,924,14
536,404,127,102,83,103,304,356,886,14
506,332,258,190,131,189,357,424,897,14
285,198,193,165,111,137,336,334,952,15
392,244,205,150,106,152,373,398,945,15
505,362,140,98,75,112,401,204,866,15
367,257,167,120,87,127,339,384,961,15
509,403,200,138,108,159,415,369,875,15
636,436,190,145,104,144,353,371,947,15
429,193,384,293,170,235,381,737,978,15
629,403,211,158,103,146,408,543,845,15
560,351,191,167,115,138,395,534,1015,15
250,182,130,102,79,102,272,351,941,15
243,152,216,174,118,151,236,620,961,15
575,340,209,166,104,137,380,371,944,15
328,239,161,128,99,127,299,330,940,15
596,301,364,278,165,234,424,673,921,15
532,364,228,172,114,159,365,367,907,15
242,170,155,126,91,115,180,463,886,15
363,252,131,100,71,99,332,224,928,15
310,173,220,164,102,147,424,384,963,15
441,214,261,191,116,170,486,554,949,15
564,332,400,293,186,273,421,592,956,15
239,188,157,120,91,121,241,330,903,16
634,389,481,344,248,362,495,294,894,16
208,150,162,124,95,128,270,360,823,16
404,278,205,164,107,142,283,494,976,16
616,332,442,329,175,268,374,1023,958,16
674,476,128,97,67,95,342,375,943,16
473,281,246,200,139,182,395,357,938,16
316,191,203,160,108,144,353,357,915,16
346,239,188,142,108,149,269,358,915,16
561,378,197,151,108,148,407,356,946,16
496,314,309,236,157,217,360,642,948,16
484,354,152,121,96,124,342,348,898,17
311,230,245,190,146,191,376,639,899,17
294,169,264,201,125,172,152,682,946,17
452,346,178,122,95,145,303,345,931,17
425,298,181,135,95,134,358,369,950,17
311,216,209,143,105,162,313,338,761,17
360,262,168,130,95,126,307,352,959,17
538,286,304,223,139,202,403,683,950,17
170,137,136,96,77,112,543,1,453,18
247,161,262,187,121,178,149,599,823,18
498,340,187,133,92,133,356,340,839,18
333,225,242,191,155,199,426,548,947,18
425,323,118,86,66,96,220,354,947,18
294,206,109,84,63,84,268,375,948,18
250,179,172,129,104,140,353,341,876,18
468,320,150,117,79,109,320,363,891,18
424,266,234,191,124,159,230,683,908,19
486,326,184,151,103,129,408,373,954,19
347,162,339,251,138,201,394,711,944,19
427,298,148,120,94,118,313,347,860,19
477,274,295,214,133,196,440,656,944,19
630,386,228,177,114,156,381,473,876,19
306,172,258,188,127,184,392,529,928,19
474,355,178,141,109,141,336,330,923,19
326,197,187,149,95,126,212,625,922,19
444,263,261,214,126,172,324,498,959,19
426,292,204,156,115,154,324,438,948,20
275,206,175,138,101,134,231,462,962,20
332,207,222,167,110,157,362,605,911,20
209,148,139,108,82,108,255,378,936,20
426,290,239,176,122,171,358,490,952,20
326,188,336,272,194,248,427,527,953,20
455,337,181,139,101,139,307,358,921,20
208,163,121,90,72,98,247,352,944,20
211,144,165,126,82,112,202,504,951,20
497,294,197,141,89,132,359,362,846,20
579,386,283,217,149,206,381,388,927,20
377,238,260,200,126,170,312,499,953,20
314,206,165,128,92,124,373,349,952,20
602,335,427,319,159,239,446,667,1009,20
615,372,340,278,196,241,450,716,947,20
429,248,270,206,128,184,376,714,924,21
241,155,282,215,116,160,142,699,926,21
182,143,157,114,88,124,402,153,897,21
540,323,307,245,149,205,317,665,927,21
524,343,262,199,143,197,383,458,877,21
413,226,179,124,61,97,344,236,949,21
566,402,187,142,107,147,310,358,897,21
467,337,153,129,100,120,287,338,883,21
212,143,197,160,112,144,252,423,924,21
366,213,315,247,125,164,330,709,1001,21
584,348,320,246,128,174,366,720,998,21
627,414,214,151,93,139,260,548,859,21
375,212,389,298,179,256,416,653,962,22
570,373,155,110,78,114,343,371,906,22
490,322,294,221,150,206,356,550,901,22
426,297,112,82,60,86,230,367,960,22
610,367,267,219,144,183,353,615,978,22
460,325,347,245,153,232,583,492,927,22
518,387,205,154,113,157,461,360,936,22
363,263,320,214,165,253,425,8,316,22
499,341,169,130,97,131,307,370,953,22
642,395,208,162,108,148,360,479,916,22
299,184,288,215,139,195,347,665,944,23
282,215,238,186,124,160,471,388,899,23
199,160,123,103,82,100,193,349,923,23
465,288,184,130,83,127,427,364,943,23
246,207,179,129,106,148,321,270,847,23
305,224,114,86,67,93,296,348,907,23
596,377,293,225,144,204,370,662,979,23
563,337,162,130,102,131,499,367,949,23
636,407,342,255,162,234,464,705,953,23
497,320,261,190,126,186,291,644,917,23
644,375,494,408,261,331,444,706,998,24
324,260,160,121,100,139,337,326,939,24
364,200,224,197,123,149,653,0,115,24
430,308,184,157,121,146,333,293,890,24
536,349,266,209,139,186,429,498,815,24
464,308,311,222,160,234,440,423,925,24
386,338,241,173,158,219,380,120,781,24
336,231,185,142,103,141,298,437,965,24
608,453,198,153,132,169,377,342,739,24
585,388,188,144,106,138,396,395,567,24
246,168,219,169,126,167,293,360,905,24
245,151,245,186,123,173,239,545,935,25
473,302,343,235,157,243,452,560,936,25
388,252,318,249,157,213,283,677,973,25
286,195,145,114,84,112,313,352,927,25
469,309,166,128,87,119,329,345,957,25
672,421,323,256,157,209,352,659,956,25
494,354,127,99,74,100,304,341,911,25
393,284,180,127,108,152,401,341,929,25
346,207,178,138,93,124,361,398,935,25
344,187,265,196,130,183,438,505,908,25
238,199,129,105,92,109,171,371,890,26
490,271,344,238,141,220,365,627,955,26
458,236,275,195,104,163,277,715,950,26
287,181,242,191,123,167,320,532,951,26
406,270,181,135,99,136,351,358,942,26
267,185,188,153,108,138,200,466,899,26
224,175,158,124,102,135,268,280,971,26
390,288,162,124,95,125,289,379,929,26
261,195,139,132,108,113,267,211,915,26
277,184,226,177,125,162,405,340,803,26
285,204,203,184,134,152,306,350,922,26
262,174,193,155,112,147,242,542,959,26
394,243,246,176,119,173,299,472,963,27
211,153,160,125,93,121,320,354,958,27
710,399,152,111,68,101,248,939,989,27
309,216,153,120,88,116,287,355,881,27
223,142,208,170,120,151,268,428,984,27
554,300,298,219,136,203,390,720,981,27
346,216,231,180,124,171,397,359,937,27
392,266,206,146,107,152,283,567,948,27
303,181,203,160,101,140,383,323,944,28
435,293,181,140,98,132,388,349,961,28
632,375,298,206,144,222,461,673,892,28
414,302,167,126,96,127,353,297,906,28
350,199,368,280,173,243,394,550,947,28
375,248,206,174,129,158,341,262,955,28
411,263,226,192,125,154,366,442,991,28
538,373,238,188,139,183,361,339,945,28
377,241,297,234,147,200,294,652,915,28
513,322,261,190,110,157,487,498,936,28
371,254,224,174,112,154,176,559,869,28
192,132,170,131,100,133,281,334,932,28
202,141,173,130,89,124,255,354,977,28
311,200,210,168,120,155,296,508,908,29
497,361,182,145,105,138,351,326,920,29
372,272,176,132,100,135,279,454,888,29
447,329,167,146,112,130,320,339,910,29
474,255,429,300,175,282,498,738,960,29
645,439,368,261,188,283,390,823,881,29
351,222,184,140,104,140,369,473,931,29
452,391,259,173,150,224,516,2,438,29
248,175,165,125,92,124,268,513,911,29
515,270,331,243,140,201,452,535,897,30
245,174,162,129,92,120,266,442,934,30
565,318,356,279,166,229,267,702,969,30
402,283,212,154,112,163,393,346,943,30
432,299,243,191,140,186,328,413,928,30
594,397,303,232,162,226,454,577,951,30
518,379,211,154,116,163,266,452,958,30
521,285,272,211,126,175,182,683,920,31
578,359,201,157,94,130,354,442,751,31
459,234,256,197,121,171,411,629,882,31
460,353,177,141,114,143,393,336,941,31
530,364,177,136,86,119,291,407,1002,31
205,134,225,161,105,158,330,357,1016,31
654,466,247,202,142,179,363,341,905,31
408,284,154,119,79,112,225,351,954,31
559,387,197,142,101,147,343,378,922,31
413,237,251,189,123,173,308,599,955,31
406,243,280,196,124,191,319,612,900,32
196,151,138,108,84,111,219,348,922,32
326,237,149,112,78,107,312,358,912,32
434,379,182,139,120,157,452,132,749,32
528,373,146,122,89,109,257,356,954,32
643,371,424,320,211,292,504,730,906,32
326,204,332,237,165,234,98,903,944,32
250,176,139,107,78,103,244,336,889,32
539,345,265,199,130,184,436,537,962,32
259,200,149,118,96,118,299,342,884,32
577,367,196,163,117,145,328,461,953,33
231,160,165,127,93,127,259,352,893,33
227,157,171,137,92,121,254,361,887,33
531,282,360,269,148,204,476,662,933,33
291,183,265,203,134,189,277,643,929,33
541,340,286,219,138,188,377,614,934,33
719,399,651,473,260,394,472,1023,1018,33
395,349,176,131,112,151,374,1,204,33
299,226,117,91,75,98,266,306,874,33
322,216,176,125,89,133,290,384,927,33
525,325,420,350,231,299,440,572,926,34
406,276,190,144,110,147,438,341,969,34
408,287,165,133,102,132,288,355,955,34
460,344,133,89,69,107,272,349,946,34
342,246,147,122,94,120,263,333,893,34
456,333,154,107,80,119,324,239,946,34
447,300,243,211,151,185,305,402,954,34
235,149,153,112,77,109,283,375,942,34
256,222,197,155,141,177,359,7,319,35
353,215,233,177,113,158,440,401,876,35
565,354,244,189,134,181,384,698,936,35
479,309,284,215,140,201,378,462,925,35
517,369,173,135,101,136,357,344,912,36
465,321,184,141,104,138,314,363,967,36
467,292,169,116,83,126,315,372,904,36
253,166,246,206,143,175,210,562,955,36
611,426,233,187,135,172,350,402,972,36
418,252,215,171,113,148,346,427,934,36
274,159,278,211,132,182,326,479,980,36
301,228,161,136,102,125,254,348,963,36
452,321,190,142,101,139,333,241,919,37
338,232,124,108,81,97,295,351,817,37
398,268,238,186,130,169,264,602,865,37
514,284,319,242,154,216,378,599,934,37
434,270,301,238,160,219,443,539,922,37
467,346,177,133,91,130,391,308,956,37
374,246,185,139,98,139,321,326,853,37
418,249,284,200,126,192,351,584,947,37
405,292,151,134,106,123,292,343,938,37
195,137,147,114,84,111,250,353,854,37
609,362,226,181,118,152,363,655,904,37
438,281,144,119,80,103,283,256,928,37
582,326,516,375,201,306,380,1023,1011,37
659,365,371,277,169,231,432,325,996,37
395,296,122,97,74,97,281,350,883,38
505,382,147,121,86,111,354,362,893,38
304,257,95,69,60,84,251,233,881,38
464,336,127,101,75,96,380,130,937,38
555,405,180,144,103,132,328,366,913,38
293,187,293,221,151,213,336,495,996,38
609,348,473,332,214,317,494,697,995,38
434,238,254,183,119,177,308,599,975,38
386,275,259,197,149,199,257,649,883,38
488,332,127,103,79,100,283,362,906,38
529,303,239,180,112,160,365,598,928,38
390,230,236,198,129,164,371,564,998,38
594,402,209,158,109,151,328,371,976,39
260,199,151,109,85,122,240,354,872,39
536,280,364,283,173,237,377,647,952,39
411,299,170,134,101,130,327,340,934,39
312,176,173,123,79,118,381,204,967,39
404,233,306,223,146,211,332,657,975,39
358,259,193,154,105,136,312,368,904,39
362,255,296,234,185,239,367,701,874,39
605,343,250,202,122,163,423,484,968,39
682,448,289,217,150,208,353,540,955,39
677,397,281,206,109,161,343,392,945,39
413,303,144,103,80,115,329,365,910,39
512,385,132,96,77,108,322,371,915,39
515,348,209,155,107,157,283,346,968,40
270,196,186,138,103,139,138,662,895,40
379,306,117,92,79,102,285,345,900,40
381,282,151,119,88,114,312,331,930,40
371,233,224,164,113,161,360,448,810,40
506,358,188,155,113,137,430,377,903,40
725,457,373,263,181,271,345,667,994,41
421,282,173,136,97,129,358,353,909,41
695,411,272,216,145,196,388,606,970,41
638,427,270,203,140,189,53,1023,968,41
477,221,358,284,144,208,452,741,1015,41
387,229,204,164,113,147,369,358,929,41
603,421,215,183,140,166,403,438,973,41
633,347,266,208,122,171,496,412,984,41
228,178,122,91,69,96,211,350,911,41
341,256,199,150,112,157,282,451,925,41
481,323,273,206,153,212,431,620,948,42
300,191,144,113,79,107,311,359,970,42
425,268,255,196,129,177,371,357,974,42
440,312,146,105,78,113,290,364,892,42
305,203,239,173,117,168,137,616,857,42
715,457,167,132,97,124,447,382,906,42
440,321,195,154,115,155,321,353,960,42
407,287,165,135,100,127,318,357,946,42
464,321,123,92,66,93,243,698,968,42
503,347,154,118,85,117,305,329,983,42
235,216,112,91,86,103,377,1,195,43
347,275,180,160,129,145,254,345,868,43
671,431,296,225,163,228,369,575,945,43
457,322,167,126,94,132,306,339,905,43
251,176,182,144,99,130,192,390,905,43
671,410,323,257,179,234,401,434,998,43
250,162,196,151,108,144,233,464,929,43
277,175,202,142,66,96,462,336,930,43
533,255,444,329,157,214,373,1023,883,43
157,144,107,83,81,103,304,1,203,43
255,200,119,97,81,101,241,342,857,43
379,258,232,179,128,170,328,508,926,43
479,270,348,262,159,223,400,629,805,43
646,413,176,135,93,125,329,365,875,44
449,257,259,188,122,178,352,712,941,44
477,248,293,224,136,187,378,716,972,44
721,472,288,222,155,210,363,418,928,44
327,191,270,215,131,182,281,612,974,44
417,313,176,141,113,143,337,333,891,44
333,240,183,144,111,144,412,363,929,45
434,275,199,148,101,144,286,462,915,45
210,155,155,120,90,119,235,307,944,45
204,135,207,160,114,155,333,348,882,45
643,386,211,172,109,132,464,459,925,45
348,298,131,104,92,115,252,336,925,45
492,277,255,191,132,187,448,424,938,46
372,228,162,111,81,123,463,361,900,46
344,229,239,197,142,176,425,485,969,46
468,257,267,211,140,183,358,618,982,46
626,366,230,167,110,162,360,529,872,46
727,451,221,166,108,157,372,534,936,46
353,232,177,117,83,132,327,379,955,46
307,183,233,187,123,163,325,399,1000,46
339,197,305,233,142,199,154,653,942,47
598,320,391,290,164,251,352,745,999,47
256,200,138,93,71,111,283,177,841,47
560,355,210,160,100,136,477,401,935,47
357,269,158,134,107,124,273,353,932,47
643,375,298,218,142,200,363,585,948,47
303,207,269,214,144,189,233,608,939,47
256,176,163,117,93,132,300,331,913,47
576,307,376,283,173,246,521,662,895,47
280,176,267,213,141,178,226,691,1004,47
515,345,276,213,140,194,365,437,969,47
343,220,296,208,130,200,322,629,967,48
361,264,134,103,81,109,274,350,954,48
318,249,187,156,124,149,415,333,952,48
384,268,159,120,93,128,330,356,846,48
345,201,201,150,102,146,382,495,947,48
528,388,170,137,101,129,320,343,959,48
204,141,174,144,107,132,307,342,982,48
520,366,173,147,113,133,368,369,956,48
682,421,307,226,144,208,432,587,928,48
398,262,230,169,117,168,445,415,877,48
607,312,272,227,107,138,492,690,1023,48
490,304,220,169,118,157,435,468,881,48
634,405,267,171,101,176,343,564,981,48
280,190,259,210,140,178,128,678,879,48
423,299,192,148,98,135,298,415,948,48
273,229,99,80,71,85,280,204,881,48
726,477,293,235,163,211,409,438,972,48
354,231,194,152,102,136,642,0,165,48
540,383,175,145,109,135,395,370,876,49
259,177,206,160,125,164,287,376,953,49
576,426,488,360,280,384,560,395,717,49
468,293,251,193,129,177,384,463,937,49
355,248,182,152,110,133,258,436,945,49
240,187,135,107,87,110,274,343,905,50
677,445,214,171,120,155,328,449,959,50
416,265,149,109,73,108,298,349,934,50
492,330,187,140,90,132,264,427,945,50
442,295,270,226,158,195,351,480,948,50
192,141,216,171,120,158,235,481,994,50
476,281,395,324,213,272,489,375,958,50
435,238,316,241,146,207,365,684,924,50
365,262,186,152,120,149,302,398,872,50
619,334,348,270,159,218,435,488,967,50
330,289,131,92,83,119,368,83,840,50
340,214,324,234,146,218,315,630,962,50
592,392,159,125,90,118,253,448,975,51
544,344,226,169,116,165,372,493,936,51
397,246,230,174,125,174,321,569,908,51
568,378,268,210,134,182,318,533,940,51
258,180,189,147,107,143,213,536,896,51
573,395,154,128,95,117,343,355,960,51
408,264,173,136,92,121,282,336,905,52
235,147,234,181,112,154,121,553,896,52
469,306,242,182,129,181,375,378,932,52
276,156,268,194,118,180,231,559,890,52
574,418,151,110,87,121,371,374,934,52
358,227,221,174,116,155,314,440,902,52
264,188,178,138,100,130,199,416,939,52
385,272,182,154,110,133,268,329,906,52
387,234,182,153,106,133,284,355,916,52
247,191,165,135,105,130,250,339,841,52
359,235,192,152,105,145,258,506,869,52
291,218,211,154,115,163,275,339,904,52
659,443,209,159,106,149,352,373,944,52
228,172,165,110,89,137,275,349,914,52
652,364,387,294,197,280,518,691,949,52
447,273,256,204,141,184,460,513,945,52
338,254,158,110,86,125,328,335,938,52
614,414,191,151,111,146,336,383,913,53
456,250,370,289,149,202,178,979,947,53
625,399,268,203,140,192,390,485,951,53
534,262,289,240,135,177,649,1,145,53
413,287,281,210,152,215,339,448,946,53
222,164,180,136,96,135,178,351,923,53
342,229,298,217,142,208,430,641,875,53
512,373,183,136,95,135,260,366,976,53
394,258,197,156,110,147,291,358,984,53
338,217,182,130,93,135,410,365,918,53
548,318,266,205,121,171,300,706,945,53
382,215,246,198,130,176,296,567,949,54
419,244,426,334,176,237,345,798,997,54
455,309,260,190,133,193,278,548,920,54
565,308,545,436,234,308,351,1023,972,54
471,291,180,147,95,126,307,361,939,54
632,466,198,152,117,157,292,353,950,54
291,212,192,147,110,150,317,309,957,54
548,272,244,200,106,140,400,571,925,54
316,208,217,174,128,168,325,423,913,55
394,252,262,214,137,181,245,679,813,55
660,410,257,190,126,182,373,658,959,55
675,447,259,217,151,193,386,296,890,55
553,341,226,177,117,158,362,402,989,55
398,222,283,216,132,184,230,642,919,55
334,248,117,100,76,94,244,355,935,55
335,225,343,260,160,226,208,682,988,55
394,263,189,143,103,140,296,365,931,55
615,399,297,234,133,182,352,652,918,56
435,292,210,162,112,150,246,459,987,56
660,368,374,262,179,273,542,658,874,56
401,278,240,172,130,188,410,641,942,56
357,242,122,94,69,92,273,343,930,56
260,171,239,211,154,181,416,361,900,56
157,154,167,117,119,167,350,1,214,56
490,343,127,104,72,91,304,195,865,56
443,250,309,237,120,165,191,701,952,56
391,265,203,155,106,143,310,342,912,56
359,231,183,140,94,131,345,349,950,56
306,198,173,141,106,131,313,340,874,56
731,396,354,274,126,178,446,892,525,56
308,185,268,208,135,185,249,560,925,56
412,230,297,231,142,191,278,729,946,57
412,268,259,198,119,171,350,533,946,57
287,204,168,121,96,136,309,336,807,57
367,230,170,141,99,125,284,347,899,57
408,223,317,245,151,208,412,725,965,57
487,340,233,170,127,179,333,429,925,58
521,381,203,167,126,158,336,344,876,58
667,452,265,198,149,199,375,556,873,58
584,383,232,185,139,179,302,501,971,58
664,419,206,178,120,146,391,362,893,58
591,406,169,128,95,131,309,346,936,58
574,405,188,143,104,143,282,335,933,58
356,270,133,111,83,103,292,366,977,58
517,337,196,161,122,156,390,434,883,58
241,146,154,131,93,111,323,327,907,58
441,286,239,188,133,178,336,472,923,58
247,144,258,173,107,168,288,577,915,58
331,244,193,144,99,140,196,505,919,59
524,381,108,81,60,84,252,349,915,59
674,448,239,183,127,175,310,454,985,59
242,147,282,209,135,195,142,656,954,59
229,150,214,141,101,159,293,324,924,59
394,283,272,203,167,223,310,705,954,60
395,290,147,106,84,121,394,366,910,60
559,383,160,121,83,115,302,356,941,60
237,190,226,154,122,183,548,2,452,60
577,373,317,262,192,239,397,391,937,60
225,141,180,138,98,129,360,347,926,60
483,280,282,201,135,190,187,654,912,60
644,382,191,163,118,141,441,461,951,60
388,269,169,118,84,128,273,437,871,60
317,213,210,166,119,157,321,350,906,60
444,252,317,226,140,212,340,604,946,60
329,252,187,140,113,150,204,421,929,60
289,192,168,125,88,124,375,159,958,60
488,232,435,317,147,218,446,878,908,60
652,365,356,283,155,209,253,1023,1017,60
607,311,346,248,154,226,455,440,954,60
361,293,113,87,77,101,322,213,880,61
299,225,157,106,92,137,466,370,917,61
310,180,189,141,92,129,320,436,981,61
369,218,156,129,94,120,431,303,958,61
648,458,174,133,90,127,290,344,928,61
322,199,203,168,106,136,300,476,1014,61
546,422,118,90,73,98,331,340,916,61
465,280,263,206,134,188,367,375,909,61
627,393,318,236,157,227,401,625,945,61
424,292,178,139,101,134,327,361,941,61
611,348,543,396,237,356,535,713,1005,62
244,151,213,174,109,141,94,612,942,62
525,346,173,130,94,129,319,513,901,62
585,311,448,334,190,276,233,1023,966,62
510,320,184,131,90,132,384,353,894,62
269,197,145,116,87,112,266,320,922,62
404,268,264,203,139,196,316,497,962,62
527,296,374,292,174,241,396,666,1008,62
613,329,582,445,222,312,479,1023,964,62
653,378,232,177,113,158,350,420,1000,62
394,288,264,168,122,205,421,479,914,62
264,204,145,109,87,118,280,333,881,63
705,404,348,253,149,222,329,583,856,63
516,364,196,144,108,153,315,557,896,63
348,252,176,134,99,134,112,571,806,63
454,315,160,122,91,123,312,336,917,63
451,291,328,253,172,236,423,419,976,63
329,225,149,123,91,115,319,352,903,63
551,302,270,223,137,175,290,674,972,63
530,311,330,246,165,231,374,583,977,63
432,301,166,130,96,126,290,400,946,64
474,240,304,266,150,185,435,639,1000,64
309,214,191,160,117,148,325,340,925,64
354,232,204,146,100,145,224,533,940,64
340,225,322,235,153,227,386,598,968,64
354,191,215,163,117,159,488,305,946,64
205,182,124,97,86,110,425,46,604,65
603,358,285,211,142,202,408,420,929,65
666,390,292,216,142,198,375,639,844,65
402,237,286,227,147,198,338,602,977,65
489,367,127,104,82,103,346,339,906,65
703,389,399,312,188,258,483,697,938,65
221,140,249,170,112,176,311,370,950,65
509,369,183,142,104,138,350,340,924,65
471,370,175,139,109,141,300,351,870,65
327,256,128,111,88,104,274,349,893,65
628,344,353,295,193,250,381,485,941,66
461,291,213,161,110,151,286,328,905,66
242,211,129,96,82,110,452,3,369,66
566,329,287,222,159,215,512,529,909,66
307,208,135,100,74,102,273,303,901,66
288,215,115,97,73,89,268,353,895,66
371,232,270,191,130,193,301,527,917,66
596,434,138,120,93,107,318,349,912,66
500,307,421,279,196,315,478,705,913,67
723,472,283,207,146,212,371,625,964,67
408,244,270,204,133,187,358,530,912,67
463,261,290,213,127,193,339,565,974,67
370,190,319,242,129,187,405,623,822,67
300,184,151,114,84,114,395,358,917,67
513,290,285,213,124,176,478,346,887,67
494,329,208,153,116,159,421,554,910,67
253,188,186,144,107,142,274,296,929,67
371,247,193,145,108,148,313,466,921,67
406,217,339,249,143,214,474,638,933,68
674,440,413,321,200,271,482,240,831,68
327,171,309,245,153,208,384,737,966,68
307,214,224,168,113,155,234,636,902,68
353,231,161,126,91,121,273,354,945,68
249,151,133,102,73,96,227,352,914,68
437,345,150,104,84,125,284,328,897,68
527,325,224,170,116,159,267,595,963,68
503,380,156,130,101,126,317,361,861,68
612,374,191,145,117,155,482,431,961,68
231,166,152,112,82,118,232,336,924,69
214,135,220,167,119,164,263,334,926,69
429,259,211,175,118,151,338,453,906,69
377,316,176,114,103,156,466,52,790,69
422,290,178,137,108,144,342,345,954,69
391,274,158,117,86,121,294,354,826,69
305,197,267,214,140,186,340,543,969,69
356,266,169,131,99,131,255,352,923,69
528,358,516,382,235,330,546,680,958,70
616,435,161,118,86,123,292,376,934,70
248,158,213,154,107,156,311,354,897,70
338,229,180,151,103,131,307,356,952,70
232,172,163,121,91,124,271,317,936,70
545,384,205,142,101,154,284,367,952,70
213,161,151,119,93,121,186,321,886,70
588,380,232,185,131,166,289,649,959,70
532,368,207,159,120,164,349,463,914,71
473,305,207,150,98,145,285,375,947,71
498,348,157,132,102,126,331,414,892,71
383,232,283,223,145,198,455,612,938,71
410,250,273,197,137,200,346,560,894,71
415,236,231,169,103,151,521,361,923,71
700,459,216,173,109,149,399,478,808,71
525,319,160,118,89,126,377,351,907,71
261,188,147,103,77,113,118,514,906,71
346,230,145,112,81,108,292,347,871,71
508,353,237,193,143,180,280,525,929,71
452,342,143,108,83,115,267,341,889,71
478,311,220,169,119,163,273,528,917,71
598,451,364,261,199,289,513,107,752,72
276,193,189,136,92,134,453,352,879,72
529,416,216,165,143,191,438,134,810,72
240,144,143,105,77,107,359,338,897,72
303,219,190,142,106,150,289,357,932,72
358,217,270,200,132,194,310,610,951,72
718,474,283,210,145,210,341,438,939,72
390,216,310,251,145,194,270,640,981,73
250,162,231,177,119,167,396,344,934,73
344,226,204,154,102,140,229,413,936,73
302,211,172,139,109,137,324,437,935,73
601,378,196,151,107,143,455,348,940,73
347,216,217,168,114,155,299,539,960,73
578,385,478,383,274,353,462,653,982,73
206,149,138,107,82,109,548,1,169,73
481,357,127,101,76,101,272,341,831,73
438,316,130,105,78,101,291,679,928,73
505,350,189,148,99,137,359,433,820,73
543,411,136,91,70,109,347,353,906,73
337,243,306,228,173,238,433,495,950,74
688,450,232,165,111,167,318,438,957,74
707,422,284,229,153,196,392,697,922,74
512,298,325,229,141,213,396,673,946,74
512,395,168,135,108,137,291,323,928,74
350,219,150,118,77,105,293,339,922,74
581,371,301,228,151,212,346,397,980,74
393,272,125,105,76,95,244,347,899,74
423,300,122,93,71,94,250,346,932,75
463,284,380,256,177,284,348,530,919,75
301,250,139,101,83,114,428,364,930,75
597,385,275,221,148,191,350,584,895,75
350,243,112,101,77,87,275,367,905,76
513,360,135,102,86,112,356,322,883,76
295,196,180,131,90,134,293,364,928,76
629,339,291,245,152,196,340,650,954,76
210,183,229,196,169,195,650,0,1002,76
504,288,168,130,86,115,469,339,898,76
429,192,505,391,175,245,484,1023,945,76
535,293,297,231,144,198,328,689,948,76
496,294,223,177,128,170,475,363,912,76
250,143,190,148,99,134,499,3,415,76
465,356,130,97,76,104,275,347,884,77
676,425,398,297,189,268,317,812,979,77
384,239,231,191,134,171,508,383,921,77
349,238,139,120,93,110,280,336,912,77
497,349,174,149,108,131,336,346,949,78
284,187,337,257,189,256,372,694,972,78
364,246,273,204,138,192,167,666,965,78
277,186,184,150,102,131,283,368,941,78
268,217,161,124,96,127,223,336,798,78
613,426,207,152,114,160,288,322,936,78
328,235,198,151,106,146,370,345,940,78
465,320,184,148,108,137,339,378,933,78
402,252,189,152,110,140,281,423,944,78
290,189,231,168,115,168,259,499,954,79
266,243,119,84,78,108,429,1,350,79
441,282,186,162,118,140,297,456,986,79
494,255,309,238,129,171,209,619,977,79
307,178,214,151,97,149,221,417,918,79
525,337,231,180,130,171,454,351,883,79
266,152,252,190,120,170,271,467,943,79
350,193,297,225,142,200,242,686,898,79
512,295,320,259,137,186,340,658,987,80
535,300,294,205,128,195,346,592,877,80
493,325,376,287,184,255,479,680,962,80
352,222,205,163,115,150,326,423,893,80
570,343,277,202,130,188,338,491,951,80
492,343,211,159,114,160,330,341,951,80
478,331,188,128,91,141,300,352,893,80
373,242,210,163,115,154,333,463,938,80
379,263,159,127,99,123,273,368,986,80
556,373,235,160,111,175,321,480,887,81
490,344,199,144,108,153,442,347,866,81
341,247,202,156,109,148,251,405,853,81
342,262,124,99,76,98,242,312,899,81
205,155,245,164,121,186,418,418,899,81
661,420,287,218,137,199,334,597,942,81
480,299,244,176,122,177,354,558,916,82
343,208,159,119,81,116,289,368,933,82
453,373,330,237,192,276,551,4,474,82
643,394,283,208,143,202,479,588,924,82
398,256,195,146,103,144,332,337,937,82
268,194,157,119,89,121,218,334,907,82
326,170,206,166,101,135,283,569,950,82
726,418,342,286,187,231,407,659,950,82
411,234,315,238,151,214,287,646,971,82
343,169,333,273,159,207,449,644,975,82
399,285,189,149,113,148,236,422,908,82
723,481,284,214,155,216,372,674,914,83
558,399,372,271,202,286,458,459,1018,83
623,387,267,198,136,188,351,373,932,83
543,370,210,167,125,158,351,354,980,83
422,204,127,78,89,127,526,212,900,83
392,233,234,183,125,168,312,440,929,84
551,365,199,155,112,152,434,328,946,84
516,245,408,316,138,189,320,880,977,84
274,180,193,142,96,138,261,426,825,84
726,409,510,403,201,278,461,1023,1010,85
339,231,166,120,88,127,321,332,868,85
541,403,168,134,107,138,282,347,934,85
542,312,325,238,157,226,413,546,955,85
629,445,175,135,105,140,364,371,905,85
316,241,152,116,91,122,288,345,948,85
614,404,175,143,105,132,334,354,976,85
415,242,123,97,62,82,157,659,966,85
344,249,192,139,104,152,309,379,909,86
374,225,224,164,108,155,348,543,970,86
287,235,159,124,108,141,399,73,826,86
340,210,211,166,109,150,350,347,929,86
532,366,183,142,101,135,339,341,926,86
734,409,297,223,131,187,311,681,944,86
177,150,154,126,108,133,384,30,799,86
650,354,304,226,121,172,411,482,978,86
429,333,131,93,73,102,249,343,905,86
503,325,194,158,110,139,270,520,949,86
482,346,154,125,89,118,287,352,948,86
429,327,125,118,96,101,288,359,955,87
632,488,178,155,112,139,496,229,932,87
326,251,120,101,87,105,489,203,851,87
733,488,206,156,102,142,336,352,920,87
511,352,245,192,130,175,270,477,971,87
429,315,107,87,71,88,236,352,929,87
590,365,213,153,99,147,333,604,959,87
330,172,294,238,138,187,173,637,920,87
504,326,347,243,155,243,363,354,948,88
420,271,195,187,137,145,266,346,969,88
672,376,291,210,129,188,437,651,948,88
362,224,343,252,161,234,351,578,972,88
254,211,213,165,142,186,343,342,914,88
467,272,459,337,139,203,230,992,975,88
421,242,323,234,150,219,402,603,931,88
619,381,349,291,176,227,412,719,1023,88
444,315,207,156,115,159,325,438,924,88
496,313,158,116,84,119,369,372,911,88
271,169,205,155,107,148,223,612,965,88
346,223,152,123,85,109,316,350,933,88
472,348,171,130,103,137,337,385,898,88
676,410,202,151,97,139,364,393,930,89
424,302,249,193,146,192,436,473,907,89
366,243,317,231,164,237,498,596,822,89
196,167,97,73,66,87,337,103,758,89
327,201,166,128,92,126,342,351,944,89
535,347,271,205,148,203,371,660,947,89
420,297,252,184,119,172,222,597,910,90
685,407,328,275,172,213,370,680,1013,90
642,462,156,124,92,121,317,357,919,90
395,203,258,193,112,165,370,584,948,90
412,225,243,193,126,167,301,650,929,90
492,308,219,158,101,152,321,369,936,91
539,394,144,114,89,115,315,350,928,91
488,382,179,143,117,149,422,353,910,91
588,298,351,276,128,178,374,660,1023,91
709,420,250,179,107,161,396,699,934,91
307,216,195,157,132,162,440,380,915,91
392,232,195,160,98,124,239,596,987,91
559,336,304,240,151,208,354,665,938,91
290,185,184,152,104,133,259,405,924,92
522,341,203,156,105,143,445,349,902,92
247,176,155,118,90,121,262,324,942,92
554,396,166,135,105,134,313,356,894,92
328,186,200,151,99,140,339,409,948,92
645,385,286,232,140,182,365,671,957,92
602,368,186,146,87,119,425,346,859,92
410,253,272,202,129,190,378,542,892,92
469,292,213,156,105,153,255,586,947,92
652,450,173,133,94,127,317,349,928,92
223,142,228,181,115,158,247,333,935,92
233,178,122,94,78,97,313,335,914,92
492,336,118,96,67,87,238,709,970,92
640,360,317,253,179,226,502,715,995,92
434,253,317,229,150,224,338,594,913,92
349,187,356,258,132,192,35,1019,1012,93
544,329,262,206,135,183,330,667,952,93
187,128,222,142,96,161,284,458,904,93
453,286,272,204,139,197,394,447,839,93
462,264,320,239,147,210,393,675,927,93
312,207,209,152,104,154,278,328,962,93
381,248,261,186,131,195,378,545,893,93
447,309,198,146,110,150,361,360,915,93
695,429,279,196,125,188,375,614,940,94
462,320,252,202,145,186,204,584,898,94
424,221,412,320,203,280,365,681,947,94
268,205,170,135,106,136,230,340,917,94
224,155,140,106,76,104,312,276,964,94
727,433,255,195,119,173,371,710,931,94
343,274,207,140,123,180,379,279,772,94
607,400,265,216,158,201,384,436,936,94
420,246,270,189,133,197,406,648,850,95
225,171,362,290,140,206,425,323,956,95
623,363,375,282,185,254,414,635,971,95
285,180,279,224,147,186,199,629,872,95
360,218,312,240,156,223,349,550,969,95
716,446,272,206,133,187,354,569,992,95
254,200,136,118,96,110,198,343,833,95
258,191,149,119,91,117,248,328,903,95
322,239,199,139,103,154,314,332,924,95
226,153,177,138,100,132,172,424,918,95
273,165,225,171,115,157,249,455,951,95
421,287,211,171,126,165,360,479,937,95
271,187,233,175,128,179,287,429,892,95
486,347,194,133,102,151,284,439,951,96
373,242,231,167,118,171,340,407,924,96
319,209,253,214,135,173,316,505,914,96
516,332,195,147,96,140,296,396,975,96
458,262,270,206,129,182,423,635,891,96
276,200,190,147,116,150,312,387,941,96
475,282,272,208,141,196,327,662,760,96
424,220,211,166,104,139,489,338,988,96
350,228,197,146,100,142,326,380,904,96
622,419,372,272,183,260,515,617,880,96
252,215,137,108,96,121,348,1,243,96
463,271,234,188,122,162,294,500,973,96
398,232,162,132,85,109,130,693,970,96
304,214,205,140,111,170,399,343,850,96
240,163,277,203,139,203,431,551,947,96
379,257,164,126,94,126,290,352,944,97
315,266,102,72,59,86,383,1,213,97
450,323,184,156,116,140,261,339,918,97
366,237,283,218,151,205,365,536,970,97
304,238,254,202,152,196,176,598,915,97
491,235,276,222,141,180,548,493,954,97
317,204,265,191,128,193,338,494,925,97
384,269,131,102,80,107,290,349,899,97
376,253,135,106,80,104,295,353,946,97
460,275,362,276,158,227,483,638,930,97
333,213,208,153,105,156,279,485,941,98
575,354,205,162,101,136,355,360,903,98
337,210,227,175,115,164,286,371,880,98
434,274,236,188,130,172,296,509,1006,98
225,172,129,96,74,102,305,295,964,98
675,419,304,207,135,217,356,608,890,98
500,373,309,213,159,242,441,201,854,98
474,295,274,201,134,193,369,511,989,98
344,249,148,106,78,112,305,351,942,98
514,254,442,339,182,251,132,1023,978,98
322,219,132,109,80,101,229,333,962,98
716,449,324,251,172,230,360,669,913,99
642,348,310,250,144,192,405,561,993,99
289,175,289,203,133,196,322,628,915,99
399,276,296,232,178,234,478,686,957,99
415,269,243,169,118,178,329,578,932,99
331,253,144,105,82,117,260,348,903,99
336,237,222,181,137,172,392,347,971,99
598,337,383,281,156,235,493,682,956,99
233,181,108,86,66,84,196,334,893,99
296,226,139,112,89,114,305,334,866,99
473,279,244,177,104,156,421,324,918,99
251,147,275,222,144,193,106,647,838,99
288,201,232,182,122,164,182,527,971,100
365,280,152,124,94,119,271,341,920,100
599,362,218,172,99,129,429,771,934,100
600,344,304,237,148,204,394,627,965,100
462,337,169,120,94,137,332,356,897,100
318,217,232,156,109,172,307,528,926,100
414,249,303,226,150,214,299,698,918,100
217,157,132,109,88,108,336,152,927,100
528,370,188,141,103,141,348,356,921,100
519,353,176,145,108,134,311,346,923,100
300,149,169,117,63,99,478,360,921,100
326,220,135,101,71,98,244,305,923,100
550,387,224,167,123,172,349,428,961,100
552,279,427,318,158,234,405,710,1014,100
412,270,150,123,89,114,325,350,926,100
334,205,224,178,119,155,322,372,956,100
297,202,262,185,127,183,142,621,923,101
631,429,194,158,109,138,310,335,901,101
313,189,150,107,79,115,395,360,874,101
622,431,188,141,102,141,303,343,968,101
486,351,175,136,104,137,329,344,950,101
561,394,170,137,101,133,287,345,937,101
290,187,214,154,110,159,293,411,932,101
539,269,308,237,137,193,361,662,1008,101
359,189,285,216,128,183,234,590,937,101
513,353,196,146,105,146,342,345,922,101
428,266,333,245,168,239,380,684,919,101
645,413,206,154,106,154,328,476,864,101
533,389,465,361,244,338,505,336,986,101
397,273,131,108,80,99,298,352,912,102
318,177,255,175,100,162,487,563,823,102
254,181,194,141,103,148,240,375,866,102
586,372,236,177,115,166,360,640,877,102
360,237,188,150,107,140,295,429,901,102
340,275,124,91,74,104,290,338,872,102
261,178,159,139,98,117,335,344,917,102
602,394,243,197,142,180,318,564,961,102
416,243,325,244,164,230,333,599,911,102
338,219,245,166,116,181,336,604,907,103
279,200,107,83,64,85,312,195,837,103
396,305,109,76,57,86,226,350,948,103
443,271,259,225,163,191,352,516,960,103
451,268,201,159,110,151,447,344,916,103
490,299,263,200,131,180,265,351,999,103
532,268,373,282,166,233,420,693,960,103
567,317,318,249,151,213,335,513,954,103
223,151,202,160,110,144,279,359,968,103
601,390,207,164,128,163,501,357,985,103
569,412,228,166,116,169,332,376,977,104
387,232,109,51,101,193,524,142,836,104
453,375,130,98,80,110,304,346,907,104
533,369,172,134,97,130,315,339,916,104
528,324,220,159,114,165,358,536,942,104
695,391,304,224,139,207,302,651,1000,104
384,220,340,234,141,222,389,705,936,104
552,373,250,193,137,186,404,520,924,105
531,255,315,226,124,188,504,454,979,105
501,353,212,160,124,169,353,512,934,105
574,387,208,179,134,159,356,350,921,105
589,378,273,195,127,186,416,497,913,105
413,303,166,137,111,134,294,332,975,105
298,184,203,147,111,151,267,418,955,105
664,410,166,117,83,121,310,483,960,105
617,411,174,133,93,128,436,357,936,106
463,307,154,125,90,113,354,333,910,106
368,234,272,172,105,184,522,336,896,106
451,307,207,155,114,157,268,324,963,106
638,439,239,187,136,180,351,395,932,106
488,338,203,167,122,156,332,347,947,106
436,328,219,182,142,175,324,337,912,106
525,332,358,262,166,249,447,515,1004,106
519,307,223,169,108,152,371,516,911,107
461,275,222,171,102,140,388,571,958,107
349,208,268,214,140,183,202,671,877,107
393,284,138,107,82,110,285,355,901,107
315,226,191,141,107,147,281,323,967,107
436,237,421,332,189,266,337,624,984,107
434,303,132,98,72,101,206,337,903,107
369,236,278,199,136,203,314,548,944,107
425,273,152,122,86,109,301,330,916,108
630,429,246,195,142,187,338,434,932,108
337,257,172,135,100,136,268,392,969,108
251,172,206,151,85,121,400,347,922,108
313,232,206,165,137,167,308,443,885,108
314,201,280,202,140,203,515,369,924,108
387,252,158,122,91,123,236,442,930,108
563,356,431,343,216,291,45,1023,992,108
472,296,176,133,96,131,457,352,917,108
464,269,331,256,161,226,348,564,959,108
369,279,116,90,70,93,307,337,907,108
622,382,345,254,170,243,392,561,904,108
540,372,231,164,124,180,377,372,934,108
409,245,221,167,111,156,229,470,879,108
300,212,123,107,81,94,227,345,928,108
292,191,211,160,113,153,210,503,881,108
553,395,189,147,115,151,328,313,957,109
232,151,284,218,143,198,101,646,985,109
317,234,141,111,87,112,309,233,906,109
422,268,269,180,112,181,287,426,900,109
648,429,232,181,126,169,327,530,919,109
262,195,146,112,86,116,238,335,919,109
183,131,179,120,88,136,234,339,883,110
690,366,415,321,174,235,372,959,1013,110
720,398,546,391,235,351,527,654,942,110
351,256,148,119,91,115,228,297,907,110
412,267,201,164,109,141,236,517,888,110
325,224,253,183,127,185,235,518,979,110
544,352,305,199,123,207,396,408,976,110
290,224,198,146,113,159,276,353,935,110
276,185,155,124,94,122,304,332,982,110
394,220,277,206,133,186,475,660,936,110
355,213,191,139,89,130,246,336,969,110
406,240,412,298,185,271,518,713,968,110
527,341,274,207,145,191,354,540,881,110
392,253,235,186,126,165,313,477,951,110
523,299,270,201,126,185,433,405,936,111
332,199,215,169,107,150,187,671,889,111
486,367,179,127,98,142,384,343,899,111
365,195,235,179,106,148,477,357,921,111
527,334,299,244,171,219,332,506,955,111
227,187,109,92,79,90,373,143,866,111
709,433,217,162,116,160,480,398,916,111
310,200,155,117,79,116,294,354,940,111
436,254,291,240,155,204,344,577,950,111
444,292,224,162,110,162,313,402,928,112
645,400,257,214,134,175,371,703,915,112
669,418,334,277,182,227,346,677,950,112
332,227,203,158,113,157,323,348,939,112
383,251,144,112,78,105,361,214,982,112
454,313,179,139,99,135,306,359,961,112
482,287,172,135,98,131,432,491,970,112
319,205,270,220,154,197,271,587,934,112
210,151,172,134,98,130,148,401,901,113
374,228,260,196,117,169,364,383,949,113
479,309,521,382,226,334,514,682,969,113
645,391,295,236,165,215,446,368,970,113
420,264,237,194,129,161,456,375,954,113
371,277,192,139,110,156,306,356,860,113
414,302,171,130,102,139,291,341,921,113
413,256,247,190,132,178,287,548,909,113
220,150,151,115,86,116,347,277,829,113
706,441,325,249,162,220,376,797,966,113
586,373,190,141,100,143,393,348,941,113
349,207,212,169,101,130,297,554,901,113
371,236,234,181,122,171,323,427,933,113
615,339,256,201,126,170,382,648,942,113
290,260,130,82,75,120,373,83,722,113
675,381,223,172,112,150,515,404,941,114
537,341,195,148,96,135,324,367,943,114
359,228,192,147,104,144,348,376,942,114
472,293,223,174,121,160,346,368,935,114
512,330,161,121,89,121,339,347,943,114
267,201,156,111,89,125,332,339,895,115
397,240,205,148,101,146,256,590,896,115
229,172,111,88,70,89,216,319,947,115
401,222,406,298,189,267,370,661,838,115
438,294,146,116,91,113,476,348,860,115
730,442,292,218,146,204,377,534,925,115
644,395,256,197,124,173,344,508,996,115
186,171,96,73,68,88,323,64,784,115
206,174,138,109,85,111,257,347,948,115
432,272,189,150,107,139,305,335,922,116
537,415,445,330,258,356,481,110,845,116
636,432,192,146,103,141,311,362,895,116
168,134,161,101,81,132,253,338,947,116
413,267,222,168,113,160,346,347,960,116
376,218,369,277,166,242,378,595,996,116
420,297,162,125,95,125,305,351,881,116
421,283,202,165,118,153,353,330,979,116
657,425,327,244,166,236,381,616,980,116
590,325,251,182,112,163,273,678,855,116
466,279,313,235,155,221,348,601,950,116
343,188,247,182,119,169,254,618,926,116
390,215,385,299,185,251,390,659,961,117
609,411,267,204,148,196,355,622,914,117
472,349,196,146,119,159,353,349,903,117
534,297,377,282,177,255,380,694,970,117
469,337,145,115,87,112,258,325,944,117
411,220,341,240,143,220,403,539,939,117
634,406,341,236,153,234,359,462,949,117
393,246,249,194,139,188,440,467,959,117
558,387,165,124,88,120,144,706,954,117
437,308,140,96,72,107,405,340,821,117
456,334,162,127,97,130,450,345,928,117
571,378,423,381,287,323,420,602,796,117
382,245,182,149,100,128,321,413,923,117
356,252,193,157,115,146,314,345,934,117
642,384,474,346,209,309,409,713,987,117
402,276,185,140,99,133,412,366,859,117
389,208,319,229,127,192,323,670,1005,117
506,281,192,144,98,138,420,396,909,118
526,413,113,86,73,96,285,353,934,118
512,398,178,145,112,141,312,354,904,118
479,343,183,144,108,142,293,338,949,118
482,377,127,94,74,104,233,325,837,118
348,221,220,163,113,157,176,594,920,118
466,277,215,168,109,151,270,521,941,118
408,274,222,167,116,161,356,378,923,118
721,478,222,175,120,159,374,523,891,119
581,397,213,169,119,156,487,357,943,119
527,353,199,151,106,148,322,356,959,119
532,386,194,151,113,152,360,356,934,119
492,335,254,179,135,198,408,529,942,119
525,408,142,122,96,115,273,362,957,119
664,462,198,150,108,152,352,373,924,119
636,372,314,239,158,216,381,623,887,119
266,184,195,152,109,145,248,435,959,119
519,363,277,200,131,192,330,521,934,120
665,351,310,234,113,167,475,604,987,120
371,179,347,239,128,201,439,634,982,120
332,207,228,186,127,163,388,301,948,120
449,199,353,267,126,177,217,975,1009,120
503,303,266,199,137,194,339,592,934,120
287,215,115,91,72,93,261,340,901,120
548,389,176,163,122,133,310,344,932,120
388,303,223,167,130,175,431,2,173,120
357,234,241,187,135,177,300,531,892,120
377,234,275,188,124,192,339,563,943,120
409,264,326,266,206,257,480,554,975,120
472,305,242,187,130,177,338,476,928,120
590,427,133,99,76,105,309,372,939,120
506,309,345,247,158,235,421,559,880,120
343,218,205,154,105,148,200,614,946,120
433,258,227,175,105,147,327,595,929,120
428,275,294,210,127,193,364,373,967,120
505,350,140,119,83,103,297,333,910,120
224,187,179,124,107,155,232,396,876,120
358,235,157,117,81,117,284,353,978,120
430,278,232,176,119,167,267,416,978,120
386,269,280,215,154,206,386,334,929,120
398,304,176,148,116,142,274,455,929,121
403,240,282,222,144,194,302,618,956,121
639,434,253,208,159,197,342,455,900,121
397,290,187,138,104,146,332,361,914,121
514,331,295,241,153,193,339,619,931,121
579,384,239,178,129,177,301,545,955,121
664,484,274,223,147,191,307,589,915,121
720,419,280,226,148,191,400,639,978,121
388,291,146,120,95,120,274,347,914,121
340,263,184,134,108,152,380,332,892,121
439,315,184,149,113,141,262,529,945,121
245,234,129,93,93,125,338,1,243,121
612,335,294,251,156,197,459,573,966,122
280,257,102,73,69,97,336,66,779,122
394,279,181,136,103,142,288,331,871,122
426,309,170,113,80,127,407,333,929,122
565,280,350,269,135,187,481,717,991,122
532,373,175,148,114,141,328,342,901,122
489,328,228,168,116,164,271,522,944,122
610,406,327,251,197,259,469,698,886,122
413,264,232,175,124,173,285,482,879,122
621,362,216,173,111,149,363,494,996,122
482,283,211,156,105,148,219,621,908,122
216,164,173,115,86,134,249,349,899,122
540,306,285,200,149,215,502,695,953,122
388,266,219,153,101,154,415,341,882,122
261,156,195,150,103,144,345,351,925,122
432,247,197,147,90,134,358,353,928,123
289,167,265,211,132,176,345,453,950,123
683,482,419,346,257,323,504,308,766,123
541,356,232,162,119,179,302,358,933,123
536,394,223,178,138,175,274,279,916,123
610,314,529,392,258,354,144,1023,945,123
467,322,160,122,89,124,312,339,968,123
444,260,209,156,106,146,347,395,974,123
376,244,178,138,97,133,335,388,937,123
241,140,221,184,120,151,203,467,942,123
345,245,244,186,114,155,376,368,924,124
354,261,231,165,116,169,302,312,963,124
350,241,197,141,109,156,464,355,936,124
517,286,270,216,141,180,348,562,888,124
387,189,334,240,142,213,490,586,912,124
446,284,343,253,185,262,553,13,618,124
423,205,295,232,132,179,293,535,889,124
621,432,265,218,152,198,442,390,969,124
373,256,137,102,73,101,253,343,919,124
543,370,217,182,111,140,476,419,969,124
646,363,381,304,136,179,454,547,986,124
551,381,282,208,138,204,471,553,921,124
683,363,423,333,202,269,402,725,989,124
337,204,171,131,85,122,230,337,945,125
247,160,183,145,101,132,179,528,867,125
419,285,254,182,150,215,428,349,856,125
582,345,483,384,198,280,603,5,547,125
283,203,145,114,88,116,286,323,938,125
242,191,111,83,66,90,319,130,915,125
431,275,322,221,141,218,346,613,969,125
503,349,194,145,104,149,328,341,914,125
651,396,250,188,123,173,391,537,937,126
302,212,238,171,121,173,435,334,960,126
711,429,307,248,160,207,430,647,908,126
709,418,313,239,141,204,368,653,964,126
314,262,216,165,127,173,401,330,934,126
370,193,287,213,130,187,346,727,972,126
357,200,261,204,121,161,169,637,976,126
578,378,223,192,140,163,335,333,952,126
607,400,197,159,110,139,344,316,850,126
429,243,282,192,120,187,428,623,923,126
592,304,334,251,110,155,393,885,985,126
393,283,241,181,139,189,462,346,896,126
341,227,221,178,133,174,353,306,902,127
572,398,267,199,150,211,330,344,906,127
226,144,137,101,78,108,365,345,880,127
616,409,270,213,157,205,326,521,958,127
354,198,311,220,124,192,393,683,936,127
486,362,131,106,81,101,180,329,967,127
345,235,246,181,129,187,433,392,956,127
301,175,203,151,100,142,314,475,898,127
683,360,315,231,131,189,462,665,934,127
648,386,468,341,207,307,530,625,959,127
292,206,221,169,132,172,327,381,961,127
638,429,208,165,116,156,419,356,942,127
366,259,142,111,77,105,260,317,895,127
457,315,153,111,88,124,451,220,746,127
664,394,204,172,110,137,423,402,916,127
274,196,139,107,79,109,231,463,897,128
296,175,247,189,123,170,203,715,891,128
620,335,271,201,130,183,449,607,896,128
671,381,315,276,168,200,489,432,870,128
437,244,265,193,132,190,437,642,996,128
438,300,245,212,155,186,422,342,916,128
728,420,262,202,135,188,383,670,937,128
577,436,128,103,80,103,289,346,912,128
626,353,332,245,146,208,278,706,898,128
349,235,179,136,103,139,286,330,901,128
404,269,190,145,105,146,295,349,867,128
296,198,212,167,119,154,244,590,954,128
550,372,190,136,100,146,344,357,895,129
246,145,216,158,101,146,459,342,858,129
340,220,163,130,91,121,297,339,907,129
522,371,195,157,110,143,411,312,993,129
288,174,208,162,107,144,333,449,942,129
259,165,302,223,143,205,370,662,939,129
423,301,206,153,106,152,243,335,945,129
455,305,204,152,113,159,318,338,931,129
347,264,278,224,173,223,368,688,929,129
305,184,254,200,127,170,295,415,926,129
438,300,191,138,104,148,306,341,925,129
636,411,231,177,126,173,354,496,952,129
492,296,249,188,126,172,330,564,936,129
209,137,157,118,82,114,328,226,941,130
323,236,188,145,108,147,321,318,931,130
299,235,177,139,115,148,364,333,905,130
547,367,254,200,147,194,344,544,972,130
564,406,246,158,123,203,334,328,930,130
670,362,329,259,163,220,395,701,951,130
670,398,249,191,128,176,346,631,950,130
585,432,315,222,177,259,499,132,830,130
460,291,189,128,88,141,306,342,909,130
509,251,387,284,124,186,514,641,924,131
413,237,255,200,119,164,258,640,904,131
364,255,200,156,120,156,392,333,814,131
354,232,181,133,98,138,407,407,911,131
366,233,206,153,105,151,264,491,990,131
631,496,365,252,213,311,451,219,840,131
478,326,193,156,116,146,415,345,936,131
723,402,417,295,196,296,402,666,965,131
336,214,212,164,106,147,433,432,955,131
428,284,241,177,130,187,372,341,947,131
650,368,326,250,146,208,421,667,915,131
498,318,127,97,65,91,215,688,933,131
539,339,227,170,111,155,307,564,955,131
267,218,150,106,93,132,413,268,878,131
310,216,156,112,87,125,349,345,934,132
436,313,174,145,111,135,337,343,926,132
566,376,200,158,115,151,347,360,959,132
694,424,291,232,154,201,382,573,962,132
424,225,273,208,132,186,155,723,951,132
595,342,321,286,179,209,425,402,941,132
292,194,201,152,111,152,326,401,907,132
596,386,232,181,121,166,336,434,927,132
444,308,148,115,86,114,284,347,951,132
239,167,237,173,116,164,121,581,838,132
474,296,288,205,141,216,357,459,924,132
458,288,227,181,120,161,433,608,930,132
315,195,165,133,93,119,310,387,928,132
384,185,301,231,137,191,308,669,957,133
209,148,168,125,84,118,223,342,923,133
415,282,205,168,124,158,361,360,936,133
704,409,373,273,167,246,436,1011,964,133
598,415,197,154,114,150,376,374,969,133
384,259,235,188,143,181,438,529,858,133
678,409,367,269,163,244,469,633,902,133
526,371,210,167,120,153,337,541,971,133
463,375,121,86,74,105,293,344,895,133
478,271,231,181,112,153,299,480,985,133
506,314,204,154,101,147,329,387,936,133
651,436,240,177,111,162,431,437,931,133
534,410,198,149,118,165,280,351,922,134
379,238,342,242,163,248,443,624,938,134
422,312,178,146,115,142,328,329,921,134
426,218,362,279,111,163,122,1002,998,134
385,257,303,231,142,196,147,665,921,134
239,156,203,158,115,153,358,347,936,134
714,460,212,160,114,154,443,347,932,134
505,312,217,163,102,149,216,360,974,134
331,216,220,169,113,153,386,432,858,134
508,314,311,209,146,228,470,571,950,134
403,271,176,131,92,128,324,376,971,134
335,249,160,123,86,119,269,314,924,134
525,263,352,288,171,221,338,679,983,135
425,218,478,367,207,284,471,529,1021,135
525,361,176,137,95,133,351,283,923,135
242,164,223,176,116,160,303,322,931,135
366,252,217,155,107,159,311,418,922,135
384,287,169,135,108,138,313,305,948,135
492,264,329,262,167,223,472,492,968,135
290,169,303,216,127,196,130,673,917,135
391,227,307,224,130,189,494,596,907,135
483,246,332,255,149,207,344,674,979,136
346,196,294,245,149,186,419,502,930,136
431,310,134,106,80,103,290,351,955,136
542,374,171,144,106,130,339,308,929,136
374,185,270,204,129,181,459,547,806,136
704,460,263,201,135,188,467,450,939,137
398,224,260,202,125,175,352,573,927,137
345,226,223,179,116,154,256,561,917,137
505,402,222,165,138,191,438,204,938,137
520,270,343,228,122,209,469,704,906,137
620,400,318,253,163,220,336,576,946,137
432,233,259,199,124,175,363,708,952,137
470,278,348,259,168,241,374,674,973,137
711,443,189,153,92,122,395,332,927,137
464,330,135,111,87,108,272,357,944,137
386,251,229,173,120,163,475,544,960,137
614,387,174,132,81,111,335,353,958,138
543,396,159,133,99,121,281,346,944,138
221,134,137,121,87,102,252,318,945,138
615,369,336,278,180,223,395,636,1000,138
332,207,230,190,118,154,507,419,977,138
221,194,132,100,67,93,426,306,921,138
399,333,108,80,74,98,402,188,895,138
363,279,174,83,136,297,577,110,887,139
426,260,424,326,218,293,433,702,1005,139
622,428,192,142,108,150,330,308,920,139
330,254,100,78,64,84,249,247,933,139
267,184,202,155,116,158,354,356,899,139
392,274,167,135,103,133,346,355,948,139
588,365,259,205,132,175,374,535,993,139
523,397,185,142,99,131,402,332,930,139
728,404,539,386,232,345,339,1007,930,139
573,373,252,190,130,184,432,358,958,139
668,417,225,157,103,158,371,461,927,139
538,384,169,122,90,131,278,347,960,140
483,325,193,154,110,144,332,343,922,140
388,245,220,169,107,149,307,489,922,140
363,189,313,229,129,194,402,708,866,140
316,205,182,141,102,138,323,342,897,140
632,348,489,365,222,326,363,994,1019,140
398,283,145,105,82,118,358,355,867,140
405,238,209,162,107,148,409,492,934,140
521,326,202,165,118,147,447,346,941,140
410,244,172,149,100,124,142,695,1000,140
405,265,222,170,122,164,330,469,855,140
194,139,179,136,97,133,167,453,944,141
389,216,344,262,166,237,512,712,1016,141
324,226,142,104,79,114,265,351,924,141
617,418,203,158,112,151,367,362,944,142
514,366,239,183,135,187,281,443,970,142
544,415,109,82,65,88,162,334,965,142
375,320,295,202,189,276,396,2,205,142
358,216,284,209,130,188,222,542,937,142
482,285,200,154,104,143,408,337,921,142
440,307,139,110,80,106,350,353,874,142
462,291,214,181,127,156,337,508,926,142
382,220,262,196,127,182,258,677,930,142
507,379,173,133,97,132,296,336,935,142
293,192,259,194,132,188,340,529,990,142
634,393,232,191,127,160,474,329,922,142
553,309,293,225,158,205,328,671,944,142
450,327,195,152,115,151,234,420,880,142
617,367,319,215,134,212,308,398,987,143
557,347,454,335,225,325,312,761,975,143
323,213,253,178,117,169,480,402,869,143
340,256,181,140,104,139,386,334,950,143
292,203,157,116,87,122,310,353,895,143
312,211,214,157,109,154,440,363,915,143
670,482,199,161,126,161,361,345,954,144
720,387,304,224,137,206,399,530,919,144
518,358,162,130,92,119,334,336,781,144
648,425,265,211,156,207,395,580,879,144
344,255,150,114,91,123,251,348,933,144
468,329,391,294,182,265,464,676,979,144
391,268,161,134,101,126,320,339,931,144
718,419,359,312,197,239,404,621,958,144
683,407,434,348,211,278,492,600,1007,144
548,348,256,200,138,184,284,637,961,144
198,148,162,117,90,124,227,389,978,144
234,137,240,180,119,167,245,545,932,144
574,333,372,256,164,250,508,596,1002,145
276,197,235,160,110,170,245,505,967,145
618,410,240,197,136,174,245,580,977,145
448,344,157,139,110,124,252,324,914,145
591,332,301,232,151,204,496,695,934,146
347,228,201,134,91,148,299,385,955,146
552,338,450,306,185,303,400,641,968,146
382,292,170,137,108,134,257,374,759,146
646,414,293,237,153,200,378,432,920,146
621,368,244,190,120,163,480,464,861,146
570,385,193,142,106,147,345,465,971,146
491,315,193,157,115,143,473,353,851,146
403,286,282,220,150,196,272,522,962,146
309,215,147,115,85,112,271,346,908,146
535,333,235,201,110,143,322,309,894,146
525,326,269,202,145,203,446,478,965,146
444,298,292,239,162,204,272,661,936,146
370,292,140,110,91,116,267,337,931,147
483,284,321,249,169,226,512,699,941,147
416,216,280,223,142,187,439,694,948,147
485,272,393,299,188,259,290,805,918,147
479,379,164,124,102,136,368,353,960,147
351,250,162,133,101,124,231,343,922,148
231,181,164,130,97,129,226,372,898,148
677,432,334,261,183,247,444,607,952,148
424,233,370,268,164,247,398,667,969,148
594,410,182,126,91,137,341,386,963,148
472,291,196,144,92,132,263,507,924,148
424,259,188,140,87,121,440,454,886,148
376,257,121,89,66,93,213,347,940,148
545,376,250,183,128,184,397,437,932,148
710,442,298,232,161,216,381,483,970,148
425,221,225,174,104,146,335,683,904,148
654,426,199,156,105,138,350,372,978,149
488,259,377,283,157,230,393,676,918,149
473,312,251,186,143,196,486,517,888,149
685,411,334,265,164,227,396,550,932,149
480,302,194,142,93,135,310,345,952,149
311,212,149,130,90,111,255,356,955,149
441,299,195,163,115,141,374,441,971,149
444,284,271,221,141,187,352,319,930,149
463,260,245,185,123,171,378,536,803,149
402,278,197,150,104,148,337,352,946,149
663,415,292,236,159,206,318,358,1007,149
646,393,254,197,125,173,343,463,891,149
632,380,351,264,120,171,288,688,965,150
395,244,227,172,114,158,318,419,886,150
463,278,264,188,135,196,479,535,955,150
413,255,246,181,124,183,362,406,940,150
346,242,354,250,175,266,470,528,952,150
613,416,260,193,137,193,356,552,889,150
351,255,175,142,114,141,276,346,946,150
337,188,278,213,138,194,312,595,943,150
383,201,262,233,136,167,290,719,942,150
638,347,376,291,176,236,312,679,964,150
462,272,307,222,151,222,329,381,936,150
511,361,244,185,142,190,341,484,970,150
566,414,137,97,74,109,299,348,955,150
210,163,124,100,79,98,213,336,951,150
584,320,292,200,125,199,375,407,955,150
625,380,284,206,132,189,286,509,942,150
517,327,206,173,116,146,234,379,1019,150
464,313,221,160,96,140,132,647,899,150
650,441,142,120,85,106,350,364,985,150
444,330,137,103,80,108,261,335,858,151
423,302,176,136,106,144,269,341,908,151
516,294,372,276,172,251,408,640,915,151
350,227,240,186,131,178,339,368,954,151
645,403,257,205,126,169,327,609,930,151
563,283,308,227,124,177,238,923,953,151
556,295,338,266,172,217,256,696,955,151
198,144,176,129,93,134,196,316,928,151
398,224,251,221,141,167,323,618,962,151
483,360,152,123,97,120,341,343,871,151
591,397,254,185,119,171,485,489,928,151
572,379,195,148,102,140,365,405,910,151
200,157,199,145,110,160,249,318,940,151
380,268,181,148,106,134,308,356,951,152
313,183,209,162,107,146,279,498,910,152
622,390,198,169,120,142,463,348,913,152
357,220,210,171,120,150,315,395,909,152
395,298,109,76,56,85,258,345,891,152
337,249,173,132,104,140,311,342,924,152
434,231,340,257,145,197,257,848,1010,152
674,373,399,288,180,267,414,891,940,152
682,430,299,248,153,194,329,701,988,152
520,331,187,144,98,139,318,565,907,152
466,302,201,165,108,145,320,402,901,152
622,439,192,156,123,153,346,359,924,152
348,212,296,217,140,199,213,683,917,152
483,338,175,134,100,135,290,461,953,152
441,257,206,170,109,138,373,435,842,152
343,201,242,191,124,170,312,399,910,152
673,434,245,177,124,182,374,445,906,153
287,207,196,154,106,139,265,329,962,153
273,209,132,101,79,106,250,336,908,153
414,305,133,99,75,102,242,333,878,153
506,320,220,172,118,157,346,521,890,153
440,261,190,139,82,119,223,348,940,153
543,324,306,252,171,217,355,635,956,153
641,466,363,229,169,285,386,564,908,153
532,392,137,115,87,108,561,4,115,153
518,285,303,225,138,210,352,630,921,153
599,304,439,322,157,233,381,794,978,153
342,205,169,153,102,118,343,322,941,154
239,170,144,114,87,112,287,217,954,154
372,226,270,193,128,189,196,691,953,154
414,266,245,182,121,174,329,442,960,154
408,289,187,162,122,146,286,347,927,154
224,166,132,106,82,104,277,295,902,154
375,288,105,81,64,85,272,343,805,154
296,211,125,98,74,99,283,349,913,154
228,186,117,85,69,95,241,342,906,154
394,248,220,169,129,175,460,349,966,154
574,383,225,192,133,164,295,395,956,154
216,154,125,99,75,99,270,328,954,154
332,222,211,177,127,154,210,477,843,155
510,367,288,202,159,228,452,548,925,155
538,344,160,125,82,108,341,373,982,155
594,365,117,100,67,82,320,671,877,155
262,198,101,77,63,84,263,203,916,155
564,343,213,178,115,146,353,400,922,155
514,267,270,202,120,170,371,589,907,155
389,219,203,149,105,148,371,353,971,155
450,316,161,126,94,125,295,355,918,155
552,417,149,105,86,121,272,340,919,155
669,404,224,180,122,155,366,468,965,155
286,191,180,129,96,140,304,352,931,155
480,324,231,163,119,174,401,347,963,155
375,269,178,135,110,150,404,331,899,155
387,222,243,191,123,167,237,643,936,156
528,320,298,221,153,217,480,511,939,156
530,357,221,178,124,163,317,371,934,156
457,282,202,156,101,137,338,477,936,156
260,185,176,143,109,140,258,334,942,156
552,344,211,170,114,146,414,477,909,156
279,168,264,183,126,191,387,343,920,157
344,263,168,132,107,137,352,279,794,157
350,262,119,89,68,92,222,317,918,157
486,305,416,270,162,258,507,641,955,157
293,214,299,221,153,218,256,455,970,157
229,173,127,91,72,102,366,346,873,157
696,476,280,185,138,217,396,510,862,157
335,245,174,133,99,131,236,422,935,158
395,287,160,128,98,125,249,339,960,158
445,288,226,175,119,160,284,344,975,158
509,348,167,129,93,121,289,335,945,158
569,299,379,305,184,238,410,691,946,158
370,288,243,174,133,190,427,14,622,158
484,281,236,182,119,162,356,537,945,158
324,291,102,80,70,89,358,1,203,158
431,299,198,155,117,156,325,339,976,158
523,251,252,183,90,126,313,656,983,158
396,272,218,156,118,172,376,322,967,158
367,242,309,213,151,230,391,500,944,158
268,166,191,145,92,128,271,309,899,158
613,393,217,180,120,154,373,484,960,158
678,421,322,249,163,226,395,624,972,159
676,426,268,193,136,197,398,471,966,159
257,223,205,129,111,180,427,143,836,159
484,398,194,136,122,175,395,141,592,159
682,426,409,283,179,278,491,603,949,159
636,401,190,157,106,134,320,355,952,159
419,295,158,113,81,126,295,375,938,159
320,217,207,144,102,154,140,476,886,159
562,394,252,183,133,193,279,401,960,159
515,306,269,212,136,181,445,541,953,159
487,371,118,99,81,96,292,342,860,159
290,214,130,98,74,101,240,335,935,159
592,421,146,118,91,113,298,391,913,159
593,325,329,262,136,188,333,706,1022,160
423,319,182,122,91,141,264,325,890,160
432,306,176,131,96,134,311,314,899,160
305,230,136,100,81,112,261,341,884,160
650,348,345,241,133,207,493,654,986,160
523,376,173,136,100,129,296,332,824,160
199,137,190,142,98,134,286,361,879,160
677,454,281,227,164,208,337,408,973,160
638,393,261,200,139,191,369,412,959,160
575,371,280,208,145,205,344,463,953,160
211,165,125,99,83,105,224,326,892,160
352,252,160,118,87,123,283,318,947,160
440,292,226,171,116,160,301,569,952,160
652,421,304,231,163,219,222,553,991,160
439,281,168,136,100,127,269,360,971,160
400,244,251,191,128,180,299,586,934,160
510,348,189,134,95,143,308,330,960,160
662,372,328,246,158,223,351,636,945,161
186,183,107,67,67,106,321,1,186,161
530,372,172,146,107,127,342,345,917,161
274,194,151,104,73,111,203,331,955,161
424,241,509,387,157,230,177,972,1008,161
320,204,227,184,120,155,201,606,877,161
304,209,211,146,102,157,311,452,966,161
547,321,284,208,127,188,437,628,958,161
372,272,216,159,118,169,392,343,921,161
275,250,123,97,85,107,346,1,210,161
282,174,181,137,97,134,260,327,958,161
459,311,241,178,129,181,356,481,935,161
519,304,287,243,171,211,380,658,948,161
406,279,205,143,104,153,398,366,890,161
532,310,275,214,139,192,399,503,942,161
384,248,182,140,102,137,288,329,945,161
337,173,273,207,119,166,184,667,981,161
629,373,274,198,122,180,354,484,950,161
606,327,307,227,137,199,312,701,943,162
396,254,210,156,107,152,302,352,944,162
524,371,199,163,131,166,276,336,946,162
545,344,272,203,138,191,325,513,961,162
616,456,217,150,126,186,418,325,851,162
227,161,185,141,97,130,205,344,814,162
345,228,126,101,75,97,241,336,929,162
610,327,289,220,128,180,343,656,977,162
625,393,267,197,133,189,353,339,931,162
364,195,222,184,116,148,389,591,916,162
536,337,205,148,115,161,497,411,950,162
423,260,174,140,97,128,281,368,943,162
701,452,202,165,115,147,397,410,997,162
435,303,370,265,208,299,485,201,765,162
348,243,195,152,112,147,218,431,957,163
372,217,237,178,116,165,319,522,937,163
478,301,220,177,134,172,492,351,919,163
530,339,249,204,133,172,302,407,934,163
464,305,313,247,164,213,340,412,1012,163
344,184,351,270,168,230,262,691,1005,163
580,315,405,286,159,253,437,682,942,163
387,297,123,99,81,103,266,343,853,163
499,268,355,277,166,224,405,668,955,163
631,434,224,180,127,159,322,414,961,163
438,237,281,239,156,194,373,494,952,163
664,465,206,161,124,164,388,303,947,164
568,308,310,226,135,200,428,588,906,164
551,350,241,171,122,180,346,461,921,164
193,132,206,161,108,146,120,499,877,164
487,281,258,190,126,173,268,662,965,164
295,198,194,151,107,141,408,348,921,164
455,286,250,182,125,186,299,490,919,164
729,488,245,182,129,182,360,440,934,164
246,141,172,135,85,117,290,426,972,164
276,164,196,148,101,140,302,367,959,164
614,407,230,199,139,164,354,514,904,164
529,314,207,167,136,170,512,331,933,164
287,180,238,189,127,168,156,628,930,164
297,209,257,200,139,183,478,406,947,164
543,382,186,138,106,148,292,337,974,164
703,455,287,204,135,207,330,479,965,164
394,290,244,201,149,182,394,322,930,164
402,264,281,203,150,212,346,336,977,164
675,394,328,247,152,214,465,668,966,165
409,281,140,109,79,105,302,366,843,165
532,384,167,121,89,129,326,269,912,165
323,197,219,178,123,150,226,533,934,165
727,422,223,174,108,149,428,451,969,165
472,314,277,219,161,211,370,691,968,165
633,400,257,177,128,196,362,553,954,165
457,289,250,190,122,171,214,541,908,165
494,363,153,124,95,117,330,335,896,165
590,426,175,135,105,141,353,355,915,165
573,346,251,203,138,176,317,527,903,165
389,281,187,151,116,146,279,318,921,165
514,298,231,165,102,156,275,615,941,166
470,366,173,136,105,139,283,345,938,166
569,337,329,246,154,221,333,677,973,166
439,280,213,164,110,152,312,416,945,166
627,413,225,172,121,171,387,415,984,166
350,260,154,115,92,127,365,351,876,166
622,404,224,175,119,164,370,318,913,166
365,259,196,165,117,143,259,320,926,166
328,235,132,113,89,104,247,366,930,166
263,176,140,111,78,103,276,334,936,166
313,242,150,108,81,122,267,336,899,166
264,188,128,100,81,104,379,100,785,166
405,256,203,168,125,154,301,399,909,166
405,284,135,105,83,107,301,350,894,166
400,256,153,123,85,110,328,342,883,166
397,263,209,173,127,160,335,437,876,166
692,454,229,174,125,170,387,643,896,166
442,295,271,192,127,191,439,552,957,166
465,322,206,157,106,147,259,322,987,166
410,261,181,135,99,136,353,340,931,166
399,242,251,185,127,183,266,629,959,166
372,246,199,159,102,138,258,413,931,166
263,189,166,117,93,133,238,307,911,166
265,216,112,87,67,88,291,194,907,166
644,437,214,168,119,160,356,338,945,166
426,241,223,158,108,158,318,490,962,167
448,266,202,168,119,146,317,333,957,167
461,275,328,254,185,250,459,702,965,167
607,378,228,167,105,153,402,423,925,167
683,409,334,269,170,224,416,596,838,167
465,326,221,178,120,154,206,537,941,167
527,405,166,124,97,134,257,351,959,167
471,309,298,218,156,223,365,584,893,167
397,307,200,141,122,174,398,225,865,167
484,334,280,210,161,223,454,592,968,167
532,357,242,172,126,185,297,559,908,167
683,432,275,203,134,194,394,524,927,167
411,294,158,113,80,118,247,354,915,167
357,240,199,158,115,151,322,359,936,167
432,319,199,149,112,156,246,407,858,167
341,218,164,129,96,124,393,329,925,167
304,204,194,141,96,140,271,412,969,167
252,168,159,118,86,122,262,390,906,168
414,308,209,160,127,162,335,287,880,168
250,173,192,157,119,149,239,358,946,168
372,251,156,138,100,115,374,344,937,168
383,254,191,151,112,147,289,404,917,168
483,325,210,160,112,156,330,311,885,168
446,246,165,133,94,118,505,354,925,168
356,232,225,184,130,162,453,463,924,168
304,154,308,255,147,192,232,665,960,168
649,378,266,200,120,176,339,671,933,168
496,294,295,203,130,201,350,484,940,168
688,436,201,152,102,143,381,471,919,168
231,160,192,146,106,144,98,503,925,168
587,387,232,183,127,169,373,388,956,168
409,274,193,140,103,145,273,404,933,168
417,249,293,223,142,198,374,567,940,168
570,356,278,205,143,199,214,692,963,169
610,426,155,119,87,118,355,716,927,169
529,374,187,127,89,140,327,337,974,169
633,413,201,157,107,148,344,344,937,169
383,280,167,123,97,133,330,336,869,169
623,379,308,242,157,208,240,676,944,169
325,206,256,203,150,194,404,452,936,169
603,353,455,321,159,238,377,1004,992,169
413,253,258,199,138,186,270,587,935,169
674,417,325,261,171,220,458,479,951,169
259,183,196,153,112,146,203,463,960,169
321,187,219,182,117,148,343,496,939,169
510,436,157,107,95,141,466,55,806,170
509,394,179,138,112,150,293,345,871,170
482,340,376,283,212,297,491,622,971,170
555,356,280,216,133,185,388,590,987,170
319,200,184,128,83,123,290,315,906,170
505,304,226,185,141,176,467,365,835,170
293,171,220,180,117,155,319,332,951,170
347,209,295,256,169,203,193,632,933,170
260,170,237,171,112,165,205,594,870,170
526,386,213,163,137,180,446,402,932,170
559,286,410,296,146,224,301,759,1016,170
327,215,161,128,91,120,292,329,924,170
200,179,98,81,76,91,326,1,218,170
200,153,145,122,97,119,462,4,412,171
387,297,255,211,172,212,617,2,531,171
411,246,338,278,149,197,701,0,101,171
408,271,208,159,112,155,223,557,955,171
469,296,370,298,203,265,464,527,956,171
369,264,183,124,85,131,287,342,953,171
425,273,212,169,132,171,416,563,978,171
427,250,317,227,143,223,384,648,915,171
368,235,209,156,109,155,332,258,927,171
505,404,117,93,76,98,221,347,934,171
447,252,282,217,141,193,419,393,991,171
619,317,367,260,150,236,504,610,946,171
454,281,262,192,136,195,354,448,945,171
537,377,239,183,144,193,312,337,924,171
233,164,186,141,99,133,198,458,923,172
688,428,227,173,116,162,367,449,995,172
416,334,111,74,59,91,343,155,748,172
210,148,137,105,77,105,241,336,956,172
256,203,117,87,68,94,275,231,933,172
424,279,220,160,111,162,337,550,931,172
275,158,238,166,113,170,254,628,944,172
283,181,242,172,117,174,378,545,921,172
328,242,140,105,84,115,268,204,926,172
491,317,166,123,86,123,319,345,900,172
337,206,246,188,130,176,336,389,937,172
296,226,148,111,87,119,238,335,855,172
589,409,219,163,116,165,340,329,905,172
574,361,274,218,147,196,288,653,929,172
511,317,241,176,117,173,333,534,951,173
394,300,193,159,130,157,321,323,943,173
619,377,344,299,204,250,435,441,965,173
416,263,150,122,85,110,286,353,957,173
311,195,279,210,134,192,340,454,937,173
297,225,206,159,128,166,273,335,975,173
577,413,185,128,95,144,353,379,931,173
638,459,208,161,121,164,317,298,926,173
319,215,221,155,104,161,253,497,962,173
292,158,234,177,114,164,313,502,937,173
293,198,205,145,107,159,314,348,881,173
498,358,204,162,123,153,265,336,928,173
551,409,185,138,102,144,302,347,935,173
308,232,176,143,109,135,315,314,863,173
534,347,150,111,75,110,319,330,858,173
282,235,114,80,69,99,203,337,880,174
723,416,290,204,132,203,357,604,988,174
629,374,235,172,118,168,327,574,918,174
320,299,117,82,82,113,354,1,189,174
560,376,207,171,121,152,408,332,939,174
577,395,136,107,78,103,232,330,970,174
461,334,201,151,110,152,272,310,813,174
284,207,216,145,108,166,270,318,962,174
687,435,349,259,175,249,290,486,942,174
624,379,359,272,195,265,431,639,951,174
694,409,162,128,99,129,505,240,934,174
638,408,247,202,140,178,369,421,959,174
454,336,174,127,101,141,328,338,931,174
343,212,239,174,113,169,476,346,938,174
456,320,201,153,115,154,281,349,929,175
372,216,270,233,154,188,340,592,977,175
345,233,208,162,112,154,291,336,953,175
368,275,182,142,112,146,300,362,931,175
503,392,115,93,74,94,288,347,907,175
367,270,160,123,93,126,274,333,914,175
563,391,221,164,126,176,329,579,888,175
348,189,226,194,130,159,374,442,903,175
441,307,242,180,133,186,352,430,947,175
441,270,296,213,134,206,356,665,933,175
699,409,374,282,152,215,387,778,1000,176
676,383,439,339,212,285,346,1023,1006,176
329,235,200,157,120,159,331,324,943,176
429,286,163,128,94,124,297,370,972,176
393,272,192,154,111,145,360,365,951,176
414,293,147,123,88,113,331,348,897,176
276,158,200,155,103,136,391,383,955,176
408,311,222,194,147,173,255,469,939,176
460,259,263,211,145,187,342,631,946,177
574,350,123,103,67,87,204,687,955,177
396,276,160,119,89,124,279,353,933,177
541,272,294,220,132,188,410,637,952,177
443,322,174,138,108,141,301,283,931,177
598,330,343,265,151,207,281,666,897,177
595,414,229,172,121,171,354,381,886,177
600,422,208,161,121,162,311,359,961,177
639,405,260,183,126,191,382,482,976,177
593,377,343,250,167,249,524,594,932,177
693,376,423,315,188,261,362,882,987,177
342,199,353,257,139,212,352,464,953,177
453,254,209,165,103,139,436,415,956,177
508,353,122,97,66,90,210,661,959,177
321,240,133,109,82,105,292,177,883,177
234,158,164,127,94,126,292,347,927,177
452,318,215,161,115,158,309,373,911,178
668,364,407,315,180,247,407,919,959,178
350,222,279,216,138,195,232,612,886,178
544,312,274,190,120,191,375,538,833,178
372,207,314,239,141,199,307,565,987,178
606,319,299,229,122,172,358,665,922,178
362,266,112,82,65,90,361,114,800,178
366,242,230,166,125,180,414,443,921,178
284,217,139,108,86,113,240,318,911,178
355,239,153,116,82,115,317,325,934,178
466,257,325,232,136,198,113,619,910,179
482,307,277,225,142,190,268,656,902,179
430,289,343,251,174,246,392,592,874,179
416,245,169,128,82,116,321,343,938,179
583,413,222,171,129,173,326,433,941,179
473,309,135,104,74,99,258,335,958,179
302,228,133,104,85,109,226,339,915,179
479,337,153,116,88,122,294,359,940,179
350,201,163,128,93,118,449,377,919,179
576,402,181,132,93,136,329,356,914,180
324,221,185,162,127,147,311,343,934,180
422,277,284,216,141,192,441,669,945,180
510,349,315,234,166,231,260,667,969,180
642,458,241,187,151,200,474,379,913,180
409,262,202,159,104,139,261,370,965,180
492,316,176,138,96,130,230,707,954,180
435,284,186,142,101,139,271,374,963,180
369,285,127,93,73,102,304,325,948,180
252,164,171,125,90,128,410,352,887,180
455,339,139,106,86,114,281,322,897,180
444,235,309,221,156,228,502,562,952,181
679,477,248,211,161,192,375,536,905,181
410,233,281,242,167,203,276,706,955,181
492,358,155,125,96,120,285,315,902,181
533,355,259,193,129,178,239,475,935,181
486,349,160,121,84,119,290,340,937,182
287,209,183,134,95,135,242,404,888,182
546,319,253,186,124,178,354,560,957,182
375,311,110,79,64,93,308,232,800,182
417,295,281,235,170,215,412,371,700,182
590,382,179,143,101,132,340,452,912,182
328,213,202,163,112,149,441,342,920,182
442,316,111,83,64,90,302,361,873,182
441,213,434,337,161,227,88,888,983,182
418,303,118,101,78,94,259,347,936,182
229,148,280,200,126,190,321,546,954,183
583,384,218,171,124,163,308,407,918,183
573,398,155,121,90,119,306,345,931,183
316,241,202,152,126,166,433,410,998,183
367,216,252,190,111,160,361,709,934,183
446,341,224,177,129,168,401,458,983,183
575,412,170,152,112,129,305,327,976,183
305,221,254,206,154,200,406,392,977,183
583,355,458,368,267,345,499,758,909,183
401,275,217,156,110,159,301,350,983,183
333,207,252,197,137,179,180,651,917,184
385,276,155,113,89,125,242,352,953,184
543,321,230,169,111,162,394,566,793,184
582,421,142,111,86,113,343,365,922,184
244,173,245,191,139,185,271,293,942,184
371,199,279,203,127,184,345,570,958,184
503,298,204,166,111,141,290,433,948,184
316,189,234,188,120,164,304,331,975,184
308,228,121,99,72,91,197,320,878,184
663,364,428,316,176,258,400,691,944,184
274,204,175,123,95,138,353,313,872,184
210,154,187,133,89,133,391,333,956,184
195,152,136,110,84,109,209,332,921,184
290,183,249,191,133,177,178,648,914,184
446,250,250,199,128,172,257,648,909,184
482,268,289,246,151,185,277,595,967,184
301,207,190,133,96,144,320,385,976,185
652,423,271,210,148,198,393,572,947,185
378,265,154,120,88,117,201,319,971,185
391,305,189,155,120,151,375,356,959,185
350,243,144,112,88,117,282,351,926,185
362,256,157,110,85,124,389,344,921,185
362,225,203,167,112,142,479,422,900,185
611,399,204,167,117,148,320,354,943,185
362,248,193,144,108,150,310,353,963,185
462,285,281,204,142,205,327,464,952,185
380,259,209,158,122,160,339,362,962,186
445,302,193,157,123,151,421,325,888,186
428,358,178,132,114,153,389,164,828,186
609,400,273,212,131,183,289,331,952,186
690,363,348,247,162,246,479,641,993,186
543,340,250,189,132,180,356,459,965,186
597,416,151,119,85,113,302,346,978,186
394,190,365,286,153,211,385,703,945,186
714,388,378,280,163,246,415,680,942,186
603,421,237,179,137,184,392,390,965,186
666,380,285,226,142,192,406,676,961,187
218,140,192,148,104,141,198,373,829,187
492,355,163,129,96,123,307,335,912,187
268,207,213,173,125,161,393,326,903,187
538,372,159,119,86,121,448,337,877,187
458,310,234,182,135,181,233,601,953,187
284,183,205,157,106,147,254,519,956,187
512,365,223,171,123,166,309,314,877,187
681,364,210,158,93,129,350,780,1021,187
316,216,283,213,149,208,139,625,919,187
682,395,344,259,152,220,482,464,963,187
433,265,267,206,135,185,243,665,941,187
582,405,141,115,86,108,365,368,922,187
234,193,106,85,70,90,200,319,930,187
723,435,465,360,232,311,358,959,989,187
651,423,218,169,119,160,367,404,959,187
595,376,253,197,136,184,331,418,948,187
243,200,123,94,81,107,344,171,918,188
323,228,143,119,90,112,275,322,937,188
656,477,193,157,118,150,269,330,989,188
416,271,195,166,121,143,414,341,948,188
671,390,128,96,60,86,206,816,975,188
386,246,338,252,156,220,464,414,943,188
562,327,312,229,144,212,426,564,945,188
539,332,226,187,122,154,318,471,1014,188
524,391,120,96,74,96,280,345,903,188
419,310,177,128,95,137,272,330,934,188
375,261,133,104,79,104,271,341,905,188
670,399,248,184,110,164,341,383,968,188
656,359,287,215,101,141,370,731,999,188
442,314,199,145,115,162,320,440,961,188
456,341,171,140,108,137,318,319,920,188
631,449,209,163,124,162,355,347,935,188
438,272,204,160,106,143,308,330,971,188
429,330,142,120,92,110,281,323,926,188
375,283,237,177,143,195,442,318,934,188
211,164,133,98,80,108,228,324,931,189
566,335,221,171,118,160,371,270,874,189
324,176,238,193,108,135,70,639,940,189
611,324,593,472,257,349,420,1023,1022,189
501,301,312,225,138,211,318,635,918,189
561,366,321,243,185,258,373,339,931,189
583,414,242,176,142,195,462,375,920,189
177,137,147,120,92,114,264,293,898,189
234,180,155,122,92,122,157,352,915,189
420,289,240,175,125,180,323,517,946,189
247,179,176,139,105,133,221,402,880,189
611,385,221,185,125,155,345,394,914,189
247,134,270,182,104,166,315,503,934,189
630,420,151,125,87,109,356,331,937,189
509,339,247,191,133,173,239,607,910,190
253,173,134,97,75,107,267,352,939,190
485,228,387,297,172,243,508,613,953,190
344,241,181,139,104,139,326,310,914,190
578,387,243,185,127,174,314,539,935,190
497,232,241,198,127,164,482,574,947,190
625,411,297,215,149,211,363,674,949,190
539,284,377,292,151,198,231,1010,981,190
530,364,176,143,104,133,355,351,952,191
558,381,178,137,98,134,363,356,945,191
723,430,326,244,164,230,386,624,942,191
432,296,194,145,103,147,273,303,921,191
270,174,303,228,147,205,425,525,959,191
373,208,335,243,145,221,326,667,983,191
316,236,148,108,83,115,278,322,834,191
679,487,278,215,145,191,455,1,218,191
411,223,290,216,143,201,260,709,974,191
412,278,133,111,76,98,290,332,900,191
362,181,344,267,156,225,380,452,993,192
522,400,123,92,73,98,256,328,854,192
478,283,334,227,135,219,377,593,932,192
344,239,309,256,172,217,241,627,952,192
684,469,221,167,116,162,303,419,923,192
243,142,154,127,84,108,241,330,982,192
437,256,553,382,205,311,344,1009,987,192
211,167,146,110,88,119,174,322,918,192
204,142,235,197,122,158,237,666,1001,192
226,164,149,123,96,119,267,326,954,193
361,243,141,122,91,105,280,346,915,193
466,319,303,220,180,255,447,645,940,193
474,291,285,216,144,198,375,502,923,193
366,206,190,142,90,128,285,341,942,193
315,190,218,172,113,150,194,581,936,193
671,358,498,387,212,286,569,852,1023,193
300,228,186,136,99,142,252,331,929,193
500,358,262,203,139,189,337,563,924,193
466,241,359,270,159,220,699,503,1023,193
357,259,258,196,150,201,269,470,952,193
355,247,116,87,66,91,284,330,944,193
500,355,155,117,84,117,305,314,897,193
561,341,422,344,245,318,510,618,958,193
590,439,198,165,131,156,281,376,945,194
462,314,283,229,183,235,465,341,952,194
312,186,192,140,98,139,435,339,929,194
268,216,99,81,66,82,159,317,918,194
307,225,212,170,124,157,422,470,954,194
488,350,177,139,111,144,328,350,894,194
484,345,256,171,128,196,386,381,943,194
588,392,169,129,92,125,341,354,913,194
375,236,176,134,86,123,367,355,931,194
721,455,219,194,138,160,489,398,898,194
349,262,144,110,85,113,282,318,891,194
390,236,247,170,113,175,259,550,951,194
484,318,219,168,113,156,308,554,945,194
424,223,282,215,135,188,342,663,961,194
588,339,292,218,140,204,382,696,970,194
561,306,303,230,146,207,506,482,931,195
396,282,177,134,102,140,303,392,944,195
594,415,180,135,99,138,294,471,941,195
683,449,209,155,107,154,337,443,927,195
207,152,221,173,123,162,120,597,904,195
529,369,176,148,105,134,320,366,962,195
596,321,262,196,121,183,382,623,953,195
371,215,296,245,153,199,459,601,963,195
470,307,429,305,187,283,429,669,990,195
694,378,425,328,221,299,415,700,999,195
330,195,170,135,94,124,407,343,901,195
407,236,276,213,135,190,314,597,957,195
570,408,176,131,96,135,290,332,926,195
412,266,227,153,93,144,425,254,845,195
688,463,232,177,132,179,328,358,970,195
479,279,165,134,89,112,450,347,928,195
411,291,176,137,105,138,223,324,976,196
353,192,283,212,134,193,403,580,955,196
245,190,105,86,68,85,236,321,917,196
313,193,253,190,125,178,129,643,906,196
383,294,156,130,104,130,294,245,929,196
606,403,235,192,147,184,451,412,932,196
396,240,202,139,94,147,328,526,930,196
213,194,160,112,109,155,353,1,235,196
533,394,496,364,280,394,507,252,797,196
404,192,436,325,160,245,98,1023,986,196
301,228,163,120,94,132,248,342,988,196
444,281,263,197,124,176,294,583,915,196
330,234,201,163,112,144,227,471,909,196
296,199,213,162,115,160,317,470,846,196
240,143,253,188,112,163,119,559,920,196
531,385,162,124,97,131,376,369,895,196
420,237,226,168,111,156,354,361,925,196
662,465,249,168,104,160,464,239,826,196
563,414,170,150,114,131,345,338,928,196
472,332,242,194,151,194,302,632,929,196
557,319,274,221,171,216,519,583,950,197
620,406,202,180,126,148,327,428,939,197
357,212,219,163,110,154,303,517,886,197
379,321,264,185,147,222,387,333,837,197
287,226,172,124,98,139,426,317,922,197
467,302,211,159,105,147,304,370,954,197
556,367,210,152,105,155,352,389,922,197
599,443,191,151,117,152,394,358,931,197
584,295,159,122,83,108,309,902,993,197
456,331,171,137,109,141,305,334,920,197
359,286,196,155,134,170,444,323,983,197
496,335,222,184,126,162,359,342,853,197
280,177,192,136,100,145,304,347,891,197
541,384,167,125,94,128,284,317,958,197
215,175,154,121,95,126,206,311,952,198
605,353,373,269,116,171,379,664,993,198
223,170,123,102,78,95,255,334,935,198
473,275,176,131,81,119,286,357,946,198
417,269,192,148,103,140,307,332,913,198
333,195,276,206,123,180,344,548,906,198
296,182,171,133,90,120,326,386,910,198
235,164,185,139,100,135,348,378,860,198
367,187,286,211,121,175,287,717,967,198
707,439,291,219,142,198,441,464,930,198
529,368,195,143,104,152,324,333,918,199
444,330,185,151,121,149,323,358,861,199
656,440,188,152,111,144,359,363,907,199
564,406,230,185,130,170,342,522,904,199
683,459,154,120,80,106,336,362,980,199
223,198,209,131,111,183,421,11,750,199
349,256,154,120,91,119,262,341,977,199
351,187,272,206,115,167,263,658,959,199
278,181,195,140,98,143,434,81,729,199
407,278,187,149,106,136,329,341,936,199
476,267,270,202,123,173,317,554,964,199
539,289,304,238,125,175,379,642,967,199
592,400,205,154,108,153,268,435,942,199
582,401,238,180,133,182,441,458,834,199
402,270,137,105,75,100,392,351,841,200
497,338,146,109,78,110,333,348,858,200
350,208,258,197,126,172,502,469,968,200
373,243,210,160,112,151,235,401,956,200
526,350,125,106,79,95,214,646,954,200
487,367,142,112,88,116,329,349,821,200
415,266,175,140,100,131,322,352,931,200
609,425,265,208,158,208,354,434,952,200
490,315,269,195,129,194,269,535,993,200
376,281,172,132,100,131,241,315,898,200
289,216,113,84,60,86,176,324,871,200
450,291,184,153,105,131,285,436,956,201
471,305,222,170,125,170,322,472,931,201
360,251,148,111,82,112,264,437,945,201
420,261,265,206,130,179,308,685,868,201
412,296,192,151,116,150,260,413,953,201
269,199,209,158,114,159,262,380,919,201
312,198,144,106,75,107,248,338,917,201
270,209,133,98,78,109,198,327,915,201
237,150,210,177,124,149,195,497,882,201
636,422,433,318,182,271,554,53,794,202
409,267,212,152,114,165,418,254,906,202
367,172,318,250,139,194,316,702,1013,202
542,363,254,179,132,197,347,494,909,202
346,187,147,126,67,86,615,0,106,202
477,338,165,124,94,130,325,367,924,202
381,290,111,96,74,89,214,321,923,202
729,427,359,266,150,214,421,721,976,202
565,344,217,183,117,151,449,346,991,202
551,270,503,377,209,298,447,616,938,202
361,261,231,154,116,179,389,381,855,202
406,268,203,151,111,152,310,371,938,203
576,332,334,252,155,221,334,807,991,203
713,437,303,241,162,213,478,440,928,203
440,268,346,243,152,229,351,685,940,203
568,385,182,148,106,134,295,333,974,203
424,257,249,181,125,179,341,537,907,203
324,281,166,127,113,146,356,1,211,203
372,218,194,153,101,134,297,492,960,203
388,216,371,256,157,245,422,684,989,203
440,238,317,240,140,198,393,576,945,203
487,329,199,160,98,128,453,358,893,203
438,294,179,120,79,131,293,418,932,204
681,375,337,252,161,229,373,615,980,204
168,139,205,165,129,167,526,2,287,204
432,235,259,197,120,172,345,577,975,204
311,178,222,157,103,158,499,374,959,204
546,374,175,139,99,130,325,303,886,204
303,188,190,149,104,141,312,368,924,204
461,334,237,164,114,176,259,402,982,204
608,353,281,221,140,187,480,360,905,204
307,175,195,135,88,135,416,468,909,204
317,220,143,109,83,110,245,335,899,204
216,137,195,147,106,146,311,331,877,204
607,324,232,181,117,159,337,659,969,204
478,344,145,111,87,115,336,352,859,204
422,305,129,98,75,101,251,332,915,205
418,304,223,178,135,169,241,578,953,205
417,305,167,129,104,135,414,345,875,205
520,303,456,332,222,336,382,700,919,205
402,283,129,89,64,100,248,315,918,205
225,153,227,161,112,161,407,372,859,205
492,325,248,198,137,182,346,525,918,205
493,299,236,178,121,170,422,341,837,205
342,194,179,127,89,137,456,363,936,205
445,292,236,173,133,189,409,354,930,205
399,285,149,116,87,116,328,351,837,205
374,224,297,218,138,204,353,659,920,205
566,323,415,287,197,297,509,691,903,205
351,197,237,183,118,164,365,468,957,205
466,308,156,116,78,112,311,333,932,206
721,433,133,106,71,94,287,648,950,206
273,166,138,96,67,99,332,309,893,206
251,184,117,87,66,92,199,330,944,206
634,380,411,288,176,275,405,558,967,206
261,195,162,137,102,122,184,390,942,206
348,203,307,232,142,202,363,729,1012,206
346,194,346,258,160,230,359,665,959,206
295,234,136,93,80,115,288,346,894,206
221,165,254,172,126,192,500,463,941,206
512,361,127,91,66,95,357,339,852,207
584,391,149,118,84,109,291,361,923,207
414,259,175,131,88,126,300,340,954,207
628,403,193,150,102,137,327,391,901,207
528,334,283,208,145,208,495,481,986,207
517,294,263,189,122,182,323,580,931,207
315,224,171,127,91,129,236,371,947,207
551,332,229,192,144,178,517,354,937,207
496,287,318,250,157,212,377,557,937,208
398,248,295,222,139,193,524,607,948,208
240,193,111,77,60,91,173,334,926,208
665,478,373,269,198,287,508,258,745,208
362,207,308,215,127,204,316,529,970,208
457,295,209,172,122,162,330,319,980,208
719,465,283,233,158,207,373,589,882,208
606,371,285,214,146,204,513,657,878,208
414,228,309,225,134,200,373,546,944,208
565,333,210,171,106,140,364,362,974,208
556,321,279,214,141,195,378,621,932,208
402,250,306,225,176,242,391,718,1004,209
326,193,232,173,119,167,458,566,801,209
507,323,174,132,95,128,352,381,885,209
534,291,201,149,93,136,346,339,944,209
601,412,151,131,96,116,335,354,951,209
430,261,220,173,113,153,382,412,948,209
453,345,165,126,94,127,252,316,903,209
584,438,180,142,114,149,343,376,947,210
508,356,192,146,104,144,310,328,935,210
473,343,225,169,115,164,280,322,928,210
413,290,165,130,100,130,328,325,925,210
606,418,166,124,92,131,328,348,928,210
271,180,249,177,120,179,358,555,957,210
440,292,202,167,109,140,292,335,951,210
605,366,159,117,67,100,235,332,956,210
617,436,217,174,130,171,274,357,958,210
447,324,218,157,121,174,362,389,904,210
497,356,156,109,90,129,365,346,860,211
283,191,182,123,96,146,412,361,899,211
504,269,233,164,108,164,441,430,967,211
435,283,118,107,73,84,610,0,171,211
459,280,230,180,116,158,337,341,887,211
292,190,171,125,85,123,288,344,930,211
271,218,117,93,79,99,243,343,897,211
670,420,215,154,107,157,358,505,882,211
599,403,347,261,186,261,479,540,822,211
491,257,363,260,151,220,123,1023,1014,211
508,380,116,86,68,96,305,362,905,212
537,357,264,202,145,200,388,591,864,212
540,316,243,185,117,160,316,694,939,212
569,399,248,191,143,191,326,450,962,212
474,356,190,146,109,147,279,350,912,212
524,353,228,174,126,169,324,471,944,212
595,406,207,167,128,167,426,487,888,212
524,399,157,116,87,122,259,327,902,212
456,324,169,138,107,135,344,348,910,212
627,326,280,207,90,125,373,660,966,212
608,383,255,205,146,189,350,449,936,213
537,357,279,232,156,200,299,437,950,213
391,214,420,284,164,263,389,658,969,213
504,364,219,158,117,173,307,400,972,213
334,273,121,89,76,104,282,328,925,213
403,290,152,112,84,118,251,335,965,213
566,405,215,187,143,165,389,396,936,213
646,426,210,156,109,152,360,442,928,213
365,247,215,155,114,162,367,472,792,213
646,397,359,273,188,261,380,605,893,213
380,249,211,172,117,155,327,485,890,213
682,453,260,204,142,187,345,385,953,213
322,222,120,99,75,92,295,270,945,213
560,369,293,212,146,212,276,407,971,213
471,300,230,177,119,157,268,539,942,213
621,315,367,263,141,222,385,633,978,213
608,412,240,165,106,161,311,377,978,214
309,224,177,130,96,135,301,345,921,214
183,135,216,141,99,159,335,321,943,214
447,316,173,125,90,133,317,381,901,214
337,207,156,120,83,115,316,349,933,214
449,350,196,146,107,153,332,342,948,214
526,390,231,163,118,171,457,414,982,214
406,264,347,256,181,254,405,695,945,214
358,242,199,142,95,137,274,412,946,214
351,259,160,128,91,118,289,335,935,214
414,250,271,190,121,188,363,619,958,214
721,439,321,255,170,221,412,698,960,214
363,240,172,122,88,131,305,329,906,214
452,312,156,114,81,117,265,340,941,214
450,311,150,121,89,111,257,339,945,215
424,291,161,123,86,117,318,346,955,215
389,246,210,164,115,155,331,464,936,215
414,257,176,137,95,129,329,341,903,215
483,362,187,142,107,144,313,323,927,215
268,161,195,143,100,142,254,366,917,215
467,317,155,107,74,112,307,342,946,215
327,208,194,149,115,150,446,348,963,215
458,297,234,169,121,175,366,470,930,215
479,335,256,182,131,195,341,489,849,215
314,212,220,167,125,169,389,328,917,215
295,161,341,257,155,224,427,594,942,215
369,272,118,89,66,89,245,333,902,215
517,283,128,97,61,86,238,694,981,215
452,296,191,134,92,141,423,345,910,215
622,391,280,211,118,172,503,312,902,215
450,224,397,283,178,280,410,643,939,215
649,481,158,106,75,114,425,573,837,215
547,350,210,159,107,150,298,312,942,215
612,349,343,247,159,236,400,694,970,215
369,280,163,117,90,127,266,352,958,216
609,372,206,165,113,148,411,539,908,216
672,402,292,231,143,193,349,573,964,216
467,346,133,94,74,107,391,361,938,216
384,307,305,239,180,248,307,623,988,216
670,447,252,208,153,192,294,432,943,216
241,215,95,69,64,87,339,31,701,216
680,428,287,210,142,197,595,461,1023,216
212,163,136,98,73,104,231,342,901,216
341,225,221,171,118,160,322,479,946,216
576,367,201,158,111,144,344,469,929,216
696,464,212,154,107,155,347,373,968,216
396,210,266,212,126,170,273,692,894,216
532,406,127,95,77,102,305,318,929,217
464,339,217,174,130,166,329,333,917,217
321,198,221,156,111,165,389,367,948,217
719,412,320,256,152,200,405,658,930,217
530,254,403,308,159,230,291,946,986,217
336,209,136,100,69,98,308,354,934,217
682,450,285,232,159,212,376,428,972,217
386,294,117,88,71,95,300,332,916,217
271,198,158,115,82,113,268,344,841,217
253,179,190,140,102,143,257,333,939,217
366,246,163,127,93,124,282,344,907,217
489,336,250,182,127,191,338,352,851,217
675,411,274,202,142,200,377,557,902,217
296,201,286,222,173,219,515,3,436,217
330,230,235,174,117,168,219,619,815,217
473,360,172,132,103,138,268,339,944,217
321,220,246,181,123,180,285,515,926,217
656,359,412,344,211,271,413,634,929,218
408,292,127,95,71,100,351,205,885,218
334,234,278,190,125,195,364,572,956,218
439,312,169,129,103,138,319,350,896,218
625,382,223,182,113,150,347,437,873,218
461,271,262,198,121,174,357,478,964,218
414,286,146,106,82,117,414,351,879,218
466,299,204,153,108,148,292,383,967,218
377,239,238,167,119,178,338,479,952,218
434,290,233,187,137,173,327,417,961,218
475,274,254,192,123,172,320,695,927,218
236,165,128,103,78,96,269,348,904,218
569,423,135,104,82,108,328,360,888,218
389,250,176,146,106,131,283,330,906,219
452,256,266,197,118,174,374,548,937,219
610,353,408,308,194,281,353,1010,897,219
444,307,203,143,108,160,390,328,898,219
455,294,416,293,186,283,429,647,953,219
336,246,149,121,99,125,365,345,954,219
622,439,167,129,95,127,314,342,890,219
373,277,149,124,92,114,268,334,932,219
490,255,194,149,92,134,455,372,968,219
542,326,317,235,166,238,384,526,958,219
437,305,193,150,115,149,322,303,905,219
549,332,239,178,116,169,307,437,961,219
586,310,539,427,253,334,416,1023,1023,219
376,255,201,151,111,150,300,383,957,219
431,250,321,237,149,217,341,713,914,219
340,213,216,156,104,156,330,433,886,219
632,422,201,164,119,149,371,362,882,220
733,462,266,193,130,193,467,519,896,220
194,180,178,144,138,166,361,3,318,220
712,459,226,181,122,161,382,480,945,220
364,217,199,159,109,143,338,327,917,220
394,238,293,229,153,209,355,506,935,220
343,257,172,131,102,137,270,318,924,220
490,374,118,98,84,103,343,344,893,220
416,266,175,138,99,130,333,345,897,220
519,322,221,173,122,162,459,347,912,220
397,276,188,126,93,146,422,352,939,220
655,348,344,257,130,189,367,710,939,221
348,224,220,162,125,175,323,354,925,221
638,425,334,238,174,252,415,411,933,221
342,189,223,169,103,147,433,401,946,221
294,199,140,113,80,105,219,334,955,221
328,253,131,97,79,108,299,356,917,221
278,219,105,88,78,93,338,147,832,221
709,455,262,210,143,182,352,341,957,221
613,366,279,223,132,175,294,520,996,221
473,347,326,245,182,255,463,338,874,222
455,294,171,128,88,124,274,332,939,222
368,293,217,162,127,177,233,407,920,222
565,369,223,170,130,174,395,422,947,222
593,305,426,322,178,245,423,850,983,222
606,393,244,185,129,176,377,596,918,222
354,228,221,174,119,156,209,516,891,222
619,338,317,242,152,212,402,619,959,222
678,354,544,399,200,295,408,1023,1015,222
682,479,175,130,92,131,339,347,941,222
353,203,297,231,141,197,371,602,987,223
407,224,313,224,134,199,384,649,987,223
527,354,274,225,157,201,369,452,929,223
321,192,335,243,147,224,404,641,919,223
423,320,164,126,97,131,275,340,966,223
633,351,258,189,121,174,472,452,933,223
679,453,193,150,108,147,348,483,935,223
299,253,181,140,104,138,399,1,192,223
381,265,170,123,93,131,318,364,935,223
296,181,183,145,104,139,315,339,971,223
517,349,217,171,115,155,319,527,948,223
388,260,167,122,85,123,314,363,950,224
399,250,255,172,107,174,326,539,938,224
552,301,482,362,209,290,180,1023,989,224
421,321,302,210,157,231,448,422,896,224
590,385,268,209,144,193,402,459,975,224
635,446,199,148,107,150,350,409,929,224
627,372,301,207,129,207,417,650,831,224
241,183,185,143,109,141,327,337,929,224
605,404,215,177,120,158,350,328,921,224
459,296,190,157,122,149,409,362,901,224
419,218,351,246,155,242,490,591,932,224
448,314,195,143,102,149,276,346,980,224
263,186,158,120,87,119,317,322,969,225
529,356,158,125,93,124,291,338,940,225
350,190,189,143,107,144,457,367,937,225
473,281,250,181,114,172,332,444,968,225
380,244,142,107,73,103,270,348,912,225
533,371,150,120,88,114,322,335,919,225
424,322,165,134,107,137,290,351,938,225
633,351,360,256,149,228,337,651,962,225
547,376,177,143,108,137,318,341,965,225
284,215,164,136,104,131,263,293,934,225
410,196,362,268,145,217,427,745,913,225
373,230,218,178,124,160,309,474,944,225
290,179,216,175,120,161,339,470,969,225
501,281,358,272,169,236,428,660,940,225
379,251,200,141,101,153,358,396,876,225
256,200,122,94,67,89,501,1,573,226
466,302,340,243,170,249,309,693,950,226
493,361,173,146,109,136,266,354,945,226
529,373,171,140,105,133,274,339,931,226
291,199,138,100,76,108,244,345,947,226
502,325,249,192,129,177,358,629,964,226
508,270,340,252,154,220,359,606,964,226
411,274,298,254,181,220,392,494,864,226
284,211,160,119,88,125,281,316,903,227
573,287,201,151,125,171,504,352,973,227
409,270,251,189,132,184,461,434,953,227
721,472,236,197,149,174,384,413,958,227
514,290,331,249,156,228,359,702,963,227
427,258,289,226,147,201,360,461,977,227
364,231,304,222,141,212,453,627,955,227
587,296,272,209,119,163,408,813,930,227
401,228,307,244,146,193,429,603,994,227
303,230,119,84,65,98,225,321,898,227
193,180,132,93,90,125,438,2,205,227
266,207,110,77,64,94,261,306,847,227
304,231,126,91,71,99,349,321,826,227
248,178,200,164,125,154,283,347,919,227
522,278,266,234,153,183,356,617,898,228
435,304,264,198,145,202,216,595,875,228
711,416,348,264,164,227,288,648,946,228
503,287,393,293,174,253,370,646,938,228
675,455,304,223,164,231,369,505,953,228
607,388,242,179,108,159,314,401,943,228
690,433,213,184,129,156,384,413,961,228
347,192,258,197,130,180,302,572,915,228
274,175,113,85,59,82,253,327,870,228
217,164,138,116,86,106,266,326,935,228
475,326,269,197,138,201,403,424,910,228
272,174,143,99,72,110,341,355,951,228
562,301,236,179,108,156,649,0,137,228
523,373,145,109,84,112,307,363,927,228
503,347,172,135,101,136,281,334,927,228
432,310,165,128,104,134,308,326,954,228
321,192,207,162,105,145,312,392,995,229
560,408,178,139,101,136,367,351,907,229
369,228,335,269,184,236,366,692,960,229
403,280,193,153,104,141,284,314,826,229
502,318,162,129,95,119,393,357,911,229
708,448,246,207,151,186,378,529,957,229
364,198,278,221,134,187,330,552,999,229
272,162,174,138,89,122,293,261,1000,229
624,404,278,197,136,208,387,448,942,229
371,282,140,107,82,112,255,339,927,229
596,358,323,227,134,213,419,696,943,229
507,304,229,175,116,162,359,547,931,229
327,231,175,139,108,136,291,340,882,229
597,458,183,143,114,146,260,333,902,229
543,294,396,277,159,253,365,707,975,229
354,305,162,125,105,136,372,47,696,230
460,298,217,159,113,160,309,312,977,230
280,183,157,108,75,116,323,357,931,230
702,378,339,258,147,201,431,693,989,230
352,203,140,111,74,100,447,341,905,230
308,160,261,191,114,171,100,648,910,230
464,300,217,175,129,166,443,328,796,230
596,408,130,106,80,100,354,345,916,230
630,434,177,135,99,139,342,341,917,230
585,290,352,276,182,248,514,685,987,230
617,428,201,144,101,149,323,441,935,231
441,248,303,245,155,200,506,424,960,231
408,239,302,228,143,201,271,448,1007,231
688,418,259,199,129,181,373,446,934,231
636,364,386,290,181,263,402,581,949,231
319,187,214,171,102,132,448,291,823,231
298,203,267,192,132,191,465,402,950,231
521,345,240,172,122,180,357,382,927,231
578,366,263,221,135,178,350,275,957,231
590,352,280,213,142,200,355,568,974,231
378,224,186,158,110,131,378,346,920,231
252,199,115,89,75,97,273,185,904,231
521,356,178,142,102,134,329,392,939,231
604,397,294,227,158,212,322,500,979,231
424,288,152,119,86,114,320,372,964,231
351,222,167,133,90,120,256,309,969,231
352,233,121,104,76,91,232,703,908,232
212,148,237,179,129,171,110,485,915,232
558,428,150,123,97,120,304,308,898,232
292,208,173,128,93,131,291,319,884,232
602,332,220,166,103,146,342,611,921,232
522,332,175,132,97,130,302,421,969,232
259,204,109,77,62,89,218,322,872,232
358,249,186,145,109,146,291,257,969,232
685,422,270,205,142,199,384,499,982,232
447,306,160,117,83,120,311,332,953,232
508,337,172,144,113,135,342,352,896,232
340,248,126,93,71,99,285,338,883,232
693,405,331,259,164,224,395,616,927,232
466,346,148,129,105,120,337,331,757,232
235,209,241,184,139,186,526,357,868,233
348,237,232,166,114,173,235,393,979,233
553,341,183,141,86,120,288,491,916,233
325,234,202,161,132,165,516,339,882,233
512,340,188,154,111,143,279,358,985,233
395,270,179,132,97,133,302,353,946,233
582,370,346,257,164,239,379,497,936,233
511,358,156,128,99,124,334,350,907,233
712,476,199,164,117,148,357,543,933,233
494,318,232,172,116,164,318,527,938,233
492,341,192,157,113,142,309,446,906,234
615,399,218,162,117,165,341,389,947,234
494,380,133,89,66,105,368,341,842,234
545,355,176,142,99,126,374,332,966,234
529,334,185,140,97,135,431,347,931,234
441,324,142,111,82,111,332,302,904,234
320,223,155,118,93,126,281,347,918,235
455,285,224,189,139,168,322,321,949,235
476,305,260,188,127,187,344,351,946,235
504,368,168,131,93,125,338,327,842,235
301,228,118,91,71,96,288,360,955,235
683,389,331,269,166,222,354,622,986,235
469,282,246,203,123,161,342,608,986,235
471,280,259,202,126,175,314,565,1019,235
662,368,250,184,123,177,442,475,930,236
688,398,303,231,150,209,387,701,935,236
337,238,247,171,103,156,330,310,912,236
477,249,323,238,152,222,392,676,899,236
382,262,118,87,66,91,279,344,900,236
479,340,190,162,128,151,327,340,924,236
435,253,213,172,116,154,407,590,887,236
525,369,170,131,96,128,331,347,947,236
679,431,259,208,131,178,392,522,932,236
372,258,218,161,122,168,427,358,953,236
257,191,243,176,137,195,229,526,878,236
417,242,235,181,119,169,344,546,926,236
581,387,225,181,128,162,278,594,927,236
403,290,144,108,80,111,313,350,918,236
567,344,212,146,95,149,509,389,925,236
455,341,206,151,110,160,293,447,955,236
343,249,148,107,78,115,277,357,898,236
680,408,273,205,134,192,451,525,931,237
460,288,285,242,175,212,337,582,952,237
540,342,507,379,267,368,601,8,591,237
370,212,348,272,179,235,311,607,987,237
412,250,223,171,112,148,269,587,925,237
387,226,205,162,106,147,257,469,996,237
524,349,165,132,95,123,292,344,922,237
623,400,172,139,105,133,484,422,958,237
579,368,279,229,149,190,477,397,968,237
247,190,160,123,93,123,225,289,959,237
469,344,169,128,99,131,391,413,917,238
419,191,262,193,122,179,497,680,959,238
329,212,172,127,90,126,340,329,884,238
626,323,384,280,175,255,402,645,932,238
338,227,198,138,95,143,320,505,878,238
563,358,302,223,149,211,353,676,951,238
523,281,310,234,146,213,313,694,926,238
203,141,219,169,128,166,237,398,910,238
624,419,175,136,97,128,356,363,938,238
524,433,310,219,183,262,422,202,733,238
275,221,161,115,90,132,198,333,920,238
399,274,270,201,141,201,332,514,971,238
265,231,196,134,117,172,455,10,642,239
416,199,311,247,125,177,393,661,897,239
390,205,281,212,137,196,286,664,925,239
332,241,147,118,93,117,263,329,977,239
644,421,215,148,105,164,342,363,977,239
220,156,186,139,106,147,401,355,884,239
405,211,267,202,132,185,429,468,923,239
363,208,178,144,104,135,331,395,948,239
493,312,288,212,141,202,303,344,949,239
457,256,277,210,133,187,401,628,942,240
686,448,330,239,153,228,378,520,960,240
244,212,104,78,68,91,255,218,850,240
408,272,208,144,98,151,256,343,975,240
472,339,162,123,97,130,371,345,945,240
282,202,159,131,99,124,283,352,893,240
440,275,231,173,122,170,341,510,895,240
494,261,350,274,167,237,368,672,987,240
280,170,174,135,92,125,331,356,931,240
622,390,190,146,98,135,507,373,930,240
282,199,177,135,93,134,343,334,853,240
399,288,169,122,86,123,250,316,953,240
702,408,347,259,124,175,484,721,924,240
506,357,184,134,92,134,307,304,925,240
549,297,208,167,114,150,496,341,840,241
261,184,155,110,84,122,325,335,903,241
349,251,159,122,90,122,277,330,879,241
529,277,311,238,140,199,422,719,969,241
394,204,343,260,153,222,405,499,960,241
581,389,310,231,165,227,373,500,897,241
581,434,152,117,95,125,292,340,940,241
533,409,150,126,99,120,330,324,941,241
502,304,238,156,101,163,441,386,948,241
479,327,127,100,77,99,254,339,941,242
482,252,281,205,130,190,353,644,939,242
668,463,160,142,102,116,277,347,927,242
512,334,214,143,99,159,454,351,953,242
523,299,401,311,192,274,151,872,961,242
285,186,199,163,114,148,297,403,954,242
259,178,150,121,88,116,294,272,915,242
639,427,220,160,120,169,351,613,901,242
526,326,257,202,139,189,384,663,941,242
690,489,255,208,151,193,383,536,937,242
352,264,242,193,149,196,277,408,909,242
643,425,188,144,106,143,426,378,951,242
595,353,229,177,105,148,341,516,972,242
411,260,275,202,142,200,358,557,925,242
370,245,133,109,79,100,306,337,934,242
505,356,203,140,106,165,407,349,920,242
558,320,356,269,168,223,495,647,959,243
699,466,259,200,138,185,347,488,970,243
307,207,174,143,107,134,315,336,934,243
275,156,227,183,120,160,533,337,956,243
682,414,360,275,163,239,292,557,994,243
386,201,131,94,60,89,264,823,950,243
464,287,235,166,107,164,365,347,881,243
583,411,173,148,115,137,358,350,947,243
262,227,247,192,167,218,437,124,794,244
483,349,172,149,109,132,345,342,892,244
174,133,220,171,128,168,270,320,930,244
531,342,213,178,133,165,357,468,940,244
369,260,116,84,67,93,262,350,930,244
365,257,179,146,113,140,318,392,942,244
283,208,178,132,104,144,301,340,926,244
316,183,322,228,142,217,394,601,884,244
540,319,150,120,73,98,313,442,931,244
621,397,306,226,151,218,386,653,938,244
412,284,167,131,94,127,337,331,839,244
289,177,310,239,157,213,333,644,946,244
575,376,231,167,118,169,398,371,773,244
151,136,123,101,95,113,367,14,441,244
426,318,157,115,91,129,298,363,943,244
450,242,259,207,114,158,294,637,946,244
359,234,181,154,105,133,323,320,955,244
513,348,157,118,83,114,298,370,925,244
538,372,248,197,144,188,319,338,932,245
266,158,162,117,79,115,309,400,945,245
423,283,165,124,85,121,361,342,931,245
629,368,347,284,180,229,393,615,960,245
492,354,139,109,83,108,349,343,876,245
442,330,147,128,103,121,318,332,892,245
515,348,212,186,143,166,359,426,963,245
399,265,157,118,86,120,282,360,923,245
450,239,318,242,148,211,337,581,928,245
237,184,240,164,115,180,323,339,939,245
406,255,252,211,147,182,309,494,982,245
419,317,144,102,79,114,296,348,902,245
603,337,377,290,185,260,411,649,943,245
444,377,400,328,239,305,399,1,221,245
576,404,169,133,95,126,299,338,940,245
421,309,141,108,84,112,258,277,962,245
328,206,293,216,147,209,259,520,968,246
322,248,118,97,83,101,289,158,907,246
699,449,236,172,117,171,377,350,943,246
610,382,146,107,70,103,292,766,949,246
669,431,244,191,137,185,368,335,974,246
532,372,239,170,123,179,424,419,906,246
459,289,156,116,83,115,344,347,922,246
465,285,191,149,104,141,320,456,903,246
527,350,252,198,140,185,319,599,934,246
335,218,155,118,84,116,280,394,916,246
346,195,334,246,157,234,336,520,956,246
251,160,132,109,80,102,270,348,937,246
340,216,215,166,116,160,284,401,956,247
413,282,171,127,89,127,292,344,924,247
711,459,305,225,146,215,388,496,894,247
453,264,308,230,135,197,402,585,939,247
409,278,244,182,133,184,415,222,868,247
354,236,179,135,101,138,322,338,912,247
509,330,204,168,121,149,308,470,900,247
644,358,302,247,157,202,489,480,945,247
682,450,262,200,149,198,475,494,979,248
221,154,262,198,136,188,343,483,932,248
348,221,181,131,90,130,281,382,943,248
396,289,231,162,123,177,302,588,870,248
380,201,294,226,131,183,392,703,948,248
700,431,252,204,130,173,350,569,925,248
290,174,307,228,132,198,379,617,954,249
372,276,144,132,102,112,273,343,962,249
386,275,154,123,99,124,263,269,965,249
483,321,280,204,136,198,340,492,924,249
575,409,154,121,96,123,445,373,877,249
716,432,237,179,112,158,417,478,842,250
342,225,186,135,100,143,393,456,822,250
702,465,230,172,114,160,436,455,871,250
327,209,165,142,106,128,326,378,827,250
543,345,235,182,118,165,327,462,965,250
509,343,169,126,91,126,335,348,911,250
326,221,264,194,142,199,268,605,883,250
482,327,172,137,94,123,354,329,919,250
435,235,371,277,164,238,325,655,1001,250
399,235,191,167,115,139,266,385,912,251
724,416,349,256,158,229,481,731,965,251
244,172,160,108,75,117,282,315,927,251
631,367,361,279,186,251,362,792,981,251
420,275,187,143,109,143,402,356,970,251
570,347,223,160,101,151,291,524,964,251
486,340,136,104,78,104,254,339,915,251
388,228,286,211,143,200,319,615,913,251
548,331,185,129,95,142,457,347,866,251
490,344,274,227,182,221,466,584,944,251
508,288,328,259,172,220,323,683,956,252
573,350,227,153,94,150,246,349,967,252
489,268,305,230,142,199,375,697,948,252
380,238,237,177,121,175,252,483,917,252
456,279,293,209,136,203,400,528,979,252
357,217,181,129,91,132,256,497,900,252
491,292,389,310,224,285,343,905,1007,252
303,201,236,173,111,165,283,531,951,252
554,364,231,169,117,169,370,429,945,252
562,442,223,147,123,190,417,214,897,252
354,251,133,107,80,102,273,341,917,253
266,201,153,108,80,117,201,302,923,253
611,417,117,93,63,85,292,320,940,253
364,309,113,87,79,101,367,95,679,253
674,447,269,196,127,187,356,491,954,253
366,266,116,92,67,87,176,777,956,253
423,200,306,236,124,185,411,660,963,253
322,170,286,224,138,190,268,678,906,253
313,261,100,81,75,92,317,105,768,253
681,432,263,204,140,190,370,719,972,253
438,274,282,190,125,199,333,564,1005,253
354,225,210,174,121,152,258,556,912,253
301,192,159,133,96,122,292,333,910,253
495,338,216,167,125,171,343,330,954,253
441,220,323,252,154,213,477,693,964,253
656,349,379,280,168,238,312,911,985,254
338,218,142,117,89,113,251,355,946,254
238,186,120,88,69,98,232,330,880,254
274,235,106,81,65,88,494,2,393,254
437,290,285,193,145,219,453,371,909,254
285,191,190,136,101,144,389,361,940,254
370,265,217,171,131,173,397,335,928,254
643,409,270,207,148,200,373,702,926,254
264,189,148,119,89,112,261,327,919,254
519,285,336,248,141,204,482,461,955,254
674,455,229,183,135,174,295,392,967,254
450,381,227,156,137,201,435,110,772,254
395,247,296,217,151,217,275,721,946,254
289,189,143,106,71,103,236,392,876,254
216,143,238,162,113,174,265,322,946,255
446,299,174,137,99,130,271,338,976,255
394,268,206,161,122,163,425,297,939,255
251,155,285,196,123,191,329,495,873,255
463,273,230,190,119,151,340,614,897,255
719,431,324,260,169,228,397,629,956,255
416,273,300,217,137,205,336,667,971,255
307,198,162,128,94,121,276,396,966,255
590,398,231,181,124,166,354,458,885,256
563,344,215,167,117,156,413,483,947,256
528,374,201,160,126,161,345,423,983,256
230,160,145,115,84,108,293,348,929,256
396,248,144,104,73,107,404,339,892,256
422,263,188,149,107,141,349,492,884,256
453,315,195,145,101,143,295,329,926,256
665,356,457,354,203,276,169,1023,963,257
445,292,276,207,143,196,293,460,959,257
474,316,158,131,96,118,325,342,933,257
556,395,247,167,138,208,504,186,794,257
387,270,213,153,130,181,473,358,873,257
734,461,314,247,160,215,428,621,933,257
461,340,201,139,97,151,288,323,890,257
476,294,194,146,102,144,291,515,963,258
547,327,215,150,99,153,449,355,908,258
578,348,262,207,142,188,331,544,981,258
395,275,181,133,97,139,268,331,912,258
252,158,190,145,106,148,312,289,924,258
402,277,151,121,85,112,301,336,910,258
319,218,305,211,141,216,265,509,1000,259
517,372,186,148,113,145,355,337,933,259
363,289,157,126,108,134,281,340,907,259
428,329,136,109,85,109,339,342,784,259
422,277,167,138,98,123,273,358,987,259
414,299,155,113,84,120,221,327,952,259
610,326,409,319,136,190,238,1000,996,259
352,190,314,246,154,210,362,527,934,259
338,254,124,91,70,98,264,350,905,259
445,339,198,142,107,157,255,324,934,259
257,154,253,195,135,181,377,577,933,259
287,211,170,123,99,139,316,317,723,259
225,139,209,158,96,135,443,347,950,259
329,235,198,146,109,150,243,483,924,260
383,251,174,136,102,133,319,352,978,260
294,195,272,194,135,198,322,547,964,260
614,369,272,201,126,183,381,583,935,260
383,271,254,190,123,178,178,552,957,260
639,438,127,86,69,104,348,331,864,260
582,428,198,150,113,152,300,349,953,260
366,200,205,147,97,145,254,718,930,260
418,259,275,208,129,185,343,263,938,261
440,324,156,116,94,130,309,349,932,261
490,286,299,231,155,212,332,634,923,261
309,222,152,106,80,119,283,328,920,261
478,328,135,108,75,97,305,348,928,261
420,323,172,132,95,129,278,346,946,261
516,374,161,121,90,122,299,349,965,261
405,269,191,150,112,144,301,362,959,261
448,293,172,131,100,133,390,348,907,261
669,388,273,233,156,195,457,543,938,261
562,347,336,244,151,224,391,675,996,261
566,418,184,128,98,146,304,334,900,261
353,230,182,142,102,135,285,405,983,262
321,193,159,137,105,125,450,342,925,262
476,309,166,136,97,123,326,352,940,262
405,286,139,106,78,105,256,373,984,262
312,213,116,86,66,92,256,345,894,262
288,194,198,152,103,141,181,446,924,262
685,387,355,261,172,239,503,702,956,262
662,431,274,200,139,198,401,553,910,262
523,370,148,110,81,116,382,359,936,262
598,418,171,131,97,134,347,354,943,262
701,448,219,176,126,163,373,527,950,263
559,309,256,202,115,158,382,613,929,263
346,235,303,234,168,226,508,340,890,263
391,244,354,259,172,252,394,680,984,263
697,440,164,134,85,115,356,358,853,263
501,319,342,235,156,241,407,643,903,263
623,471,325,217,154,243,517,579,931,263
649,463,186,149,111,143,291,351,963,263
393,276,168,127,102,133,283,337,924,264
488,353,214,158,120,170,320,486,839,264
685,396,251,184,125,178,458,633,938,264
645,344,328,236,134,206,407,691,975,264
460,307,178,139,114,147,466,347,885,264
308,216,106,85,65,83,286,216,903,264
399,259,181,133,97,138,348,356,917,264
652,397,252,200,137,179,388,520,973,265
296,189,249,171,110,170,251,557,919,265
438,298,221,167,123,168,420,301,871,265
540,266,276,234,131,158,130,659,964,265
601,374,274,223,153,201,369,624,978,265
492,326,174,131,97,133,245,363,976,265
607,401,282,206,117,171,387,670,998,265
321,270,131,102,80,106,309,286,879,265
325,240,189,138,103,145,261,359,928,265
416,238,236,196,129,163,307,618,898,266
289,161,206,147,92,140,230,570,882,266
711,425,262,186,125,191,385,606,902,266
457,324,148,129,90,107,316,316,908,266
574,421,267,202,156,214,377,524,981,266
311,228,167,119,91,132,301,338,888,266
442,339,132,99,80,108,277,336,929,266
496,367,179,145,103,131,305,402,950,266
491,341,178,138,105,138,282,413,974,266
625,439,165,130,95,125,410,345,911,266
521,316,353,256,159,235,382,647,929,266
582,319,306,236,172,223,449,666,951,266
338,232,108,94,71,84,236,568,940,266
556,368,186,136,94,138,382,349,953,266
331,206,235,179,118,163,277,635,967,267
459,295,221,171,127,171,443,362,971,267
344,266,120,90,75,102,317,176,942,267
510,282,311,242,133,199,436,659,926,267
400,264,169,134,93,125,328,386,970,267
246,194,111,86,70,91,345,39,829,267
494,314,325,256,162,216,254,617,993,267
226,171,138,106,82,108,195,326,942,267
468,315,265,194,140,194,496,518,969,267
419,301,173,126,93,133,247,304,955,267
325,177,191,142,89,126,404,488,878,267
313,213,222,166,122,167,342,325,909,267
390,266,170,128,94,129,298,414,915,267
475,331,222,168,127,171,430,361,921,267
271,169,203,158,104,143,354,309,913,267
220,200,120,92,82,105,271,180,870,267
486,341,184,140,108,145,263,453,970,267
378,250,197,155,112,145,235,580,921,267
720,393,348,242,151,234,519,700,976,268
249,162,148,105,72,107,257,316,963,268
268,169,293,217,139,200,317,587,918,268
368,210,188,134,87,133,413,369,894,268
277,201,157,124,93,119,320,290,950,268
615,430,164,128,94,123,383,339,942,268
683,381,250,192,119,164,405,699,919,268
303,217,168,119,88,129,284,341,784,268
708,413,278,216,143,194,358,709,974,268
475,372,141,119,101,121,280,288,942,268
505,353,243,195,143,185,336,559,954,268
664,399,345,256,159,224,408,785,952,269
468,306,175,144,101,127,332,418,917,269
358,282,192,141,120,164,411,429,969,269
389,279,223,176,119,160,382,341,917,269
686,440,330,250,172,232,383,628,914,269
458,351,307,212,157,241,478,177,827,269
604,447,232,164,122,180,346,409,941,269
353,266,277,195,160,231,479,392,884,269
410,292,236,168,136,196,450,408,984,269
283,199,121,92,73,96,274,347,889,269
447,209,227,178,110,151,460,526,945,269
560,350,248,188,123,179,326,532,929,269
329,200,221,160,110,158,278,425,935,270
498,379,170,128,97,135,291,345,909,270
479,309,229,173,125,171,349,607,877,270
695,421,331,261,161,223,402,647,955,270
396,283,140,111,89,114,229,335,956,270
442,302,298,201,152,234,471,559,872,270
670,439,281,218,156,212,335,580,955,270
468,280,235,173,127,177,303,670,952,270
434,247,305,227,145,204,393,636,954,271
472,323,129,85,63,98,380,239,712,271
240,147,165,131,88,118,295,314,906,271
470,293,194,135,90,141,420,350,942,271
462,222,394,271,156,240,528,655,931,271
383,287,135,94,75,110,295,348,897,271
396,246,203,150,105,147,407,513,842,271
411,254,146,118,78,102,263,325,969,271
439,252,343,253,160,228,438,560,942,271
349,219,181,144,104,133,317,363,953,271
343,241,125,99,74,97,292,283,904,271
592,395,178,141,103,132,382,349,924,271
511,284,243,195,120,160,314,398,1006,272
630,385,284,218,148,198,400,512,934,272
336,220,192,145,91,132,359,362,956,272
309,189,232,183,113,154,236,556,932,272
405,263,172,127,93,130,310,423,929,272
491,401,254,167,128,206,533,3,472,272
439,320,167,142,107,128,384,339,980,272
462,282,260,206,146,190,355,558,935,272
406,223,318,230,142,209,394,686,867,272
284,190,145,106,76,109,265,312,931,272
670,438,330,232,147,227,333,475,938,272
433,301,167,130,98,129,295,337,946,272
528,345,207,168,118,152,353,404,952,272
555,310,399,312,231,302,472,263,863,272
443,317,187,143,107,145,251,521,910,273
468,360,157,119,99,133,373,356,950,273
567,337,255,198,135,180,457,368,886,273
565,387,299,216,167,234,469,68,774,273
698,406,331,260,159,216,368,579,922,273
666,433,256,186,117,174,284,356,942,273
630,376,236,193,137,173,477,496,938,273
301,222,177,131,91,134,270,299,935,273
662,390,281,209,137,196,459,630,950,273
340,236,168,134,99,126,361,335,919,273
410,266,207,156,108,147,322,494,924,273
707,401,567,396,241,368,405,635,948,273
713,469,279,190,136,207,332,500,893,274
514,299,281,212,142,195,351,688,930,274
419,317,197,156,120,154,305,289,951,274
369,202,261,194,110,157,464,368,980,274
444,263,215,160,105,151,319,524,940,274
535,366,261,204,137,194,323,321,940,274
202,144,196,143,103,149,397,328,915,274
272,188,153,120,86,114,296,339,949,275
213,153,180,131,100,141,298,315,920,275
240,159,132,100,69,95,206,329,903,275
534,297,301,218,135,197,389,667,959,275
240,134,205,168,109,140,323,259,937,275
635,384,261,199,138,186,369,696,908,275
270,170,250,181,117,170,257,517,940,275
576,337,296,228,147,205,362,703,942,275
629,392,264,204,135,188,366,477,988,275
511,265,213,166,102,134,455,380,937,275
568,395,288,191,132,212,438,559,938,275
387,231,228,167,116,164,433,527,916,275
393,278,251,186,134,189,466,432,788,276
330,224,175,140,103,133,325,322,946,276
511,402,114,91,78,97,303,356,906,276
241,151,174,124,84,127,278,339,978,276
510,252,286,224,123,166,349,476,997,276
471,318,227,184,121,160,256,568,905,277
497,333,203,155,107,148,251,356,888,277
232,185,139,97,77,114,228,328,881,277
394,209,128,95,58,83,310,696,888,277
240,185,172,128,90,128,279,296,931,277
368,228,248,174,118,185,451,331,943,278
416,278,165,131,91,120,302,354,932,278
364,250,190,142,104,146,319,370,956,278
357,219,172,141,92,121,335,343,855,278
272,179,319,256,176,232,332,450,911,278
611,434,350,262,196,268,345,557,941,278
400,210,226,175,108,149,458,530,940,278
607,404,241,197,141,177,358,307,901,278
418,291,243,169,126,191,452,641,900,278
534,383,291,209,166,239,470,298,907,278
531,276,391,292,163,221,528,449,947,278
699,419,249,213,141,175,446,588,975,278
463,341,143,111,89,114,279,331,945,278
652,364,496,369,183,267,290,1023,988,278
459,325,196,145,111,154,384,334,934,278
386,251,206,152,108,152,332,452,887,279
683,428,290,244,165,203,380,479,924,279
437,322,171,120,83,131,419,289,931,279
528,426,106,79,67,91,351,219,867,279
316,223,215,158,128,176,454,368,976,279
685,427,299,237,158,211,375,616,975,279
340,239,169,125,95,132,276,313,881,279
623,461,339,231,171,266,474,357,903,279
228,173,145,119,88,112,227,324,886,279
466,271,232,183,121,161,339,353,950,279
483,249,281,220,127,178,361,618,943,279
193,136,188,130,92,140,289,375,920,279
369,239,165,124,87,121,255,405,972,279
484,302,261,187,118,177,386,398,939,280
410,280,234,175,122,168,268,379,898,280
507,310,276,200,133,198,389,594,917,280
512,286,368,264,166,249,367,694,945,280
361,267,133,106,85,109,275,277,909,280
326,225,154,120,93,122,277,330,937,280
413,267,110,92,77,94,382,189,838,280
521,299,303,236,143,201,378,616,940,280
557,364,162,129,96,123,332,355,975,280
469,306,320,251,185,248,471,571,928,280
452,292,137,112,80,103,338,370,914,280
550,402,153,119,89,118,318,337,928,280
569,383,337,245,154,226,319,746,991,280
533,329,223,169,111,153,387,383,947,280
340,211,151,119,72,99,340,359,900,281
367,194,366,299,166,223,317,653,1019,281
460,277,309,241,160,216,476,606,864,281
724,477,273,214,153,202,401,369,995,281
400,249,257,185,124,178,271,519,948,281
374,252,157,121,84,114,308,322,944,281
465,325,139,105,74,101,276,332,896,281
505,334,175,129,95,135,433,341,941,281
474,348,146,104,76,111,249,330,913,281
468,296,204,175,106,132,320,334,941,281
557,402,126,101,73,96,283,363,930,282
366,207,264,175,107,175,331,603,932,282
340,247,146,104,85,120,266,350,921,282
370,249,151,107,76,112,285,337,946,282
226,152,158,133,96,119,318,337,947,282
529,331,427,333,209,285,395,632,962,282
484,301,212,148,96,146,383,519,878,282
674,371,475,356,215,312,423,736,1017,282
316,186,209,150,108,155,261,475,924,282
345,230,115,92,71,90,292,344,861,282
607,377,198,145,94,139,406,366,908,282
580,378,250,199,140,189,313,385,960,282
390,253,252,187,121,174,346,613,941,282
320,210,182,142,102,139,314,332,899,282
692,422,194,147,90,132,350,375,946,283
592,398,200,151,110,153,352,419,994,283
662,441,168,124,89,125,367,359,931,283
616,322,303,236,145,201,330,657,935,283
410,297,159,117,86,122,315,347,942,283
601,424,154,111,84,122,320,352,919,283
320,200,199,153,112,156,326,330,928,283
388,257,207,159,116,155,287,481,942,283
430,257,301,230,156,210,324,688,940,283
618,450,193,143,101,149,309,345,999,283
426,277,153,113,80,114,324,410,952,283
446,306,197,149,107,150,450,379,858,283
484,332,173,138,96,128,303,362,966,283
451,273,226,167,119,171,430,464,948,284
728,430,202,158,119,156,494,374,928,284
441,315,135,106,82,107,282,324,921,284
242,171,221,154,112,169,294,375,952,284
633,423,296,200,129,208,270,512,956,284
317,216,178,141,98,126,209,426,961,284
657,379,323,222,137,218,339,604,947,284
421,241,212,161,103,147,356,390,929,285
663,383,168,127,78,116,311,663,948,285
261,205,139,105,83,116,264,330,936,285
601,325,333,245,159,229,471,702,960,285
477,279,262,215,137,180,342,583,939,285
368,292,337,234,169,258,571,5,517,285
502,338,154,126,86,113,358,360,956,285
348,280,102,82,70,89,275,168,867,285
581,393,155,128,93,116,344,341,920,285
615,375,331,256,164,231,496,464,954,285
586,375,222,176,128,167,395,519,924,285
400,267,164,125,90,122,280,346,930,285
632,437,192,156,109,139,389,417,975,286
346,242,164,121,91,124,216,381,938,286
297,253,200,156,123,162,412,336,907,286
551,373,198,166,115,144,318,331,959,286
682,472,228,183,125,168,297,496,910,286
622,399,228,156,106,164,354,433,939,286
368,265,190,142,111,152,354,352,870,286
349,218,159,124,84,115,299,364,979,286
441,278,238,187,112,145,513,362,980,286
382,249,232,191,121,163,346,283,889,286
627,421,181,134,98,139,340,345,953,286
488,379,279,209,176,242,476,204,706,286
412,294,177,137,105,137,307,360,932,287
224,194,198,145,121,165,265,361,935,287
394,246,228,166,122,172,442,357,960,287
415,301,143,110,87,115,299,348,903,287
421,326,279,185,143,225,483,507,954,287
531,443,91,67,59,83,363,158,808,288
671,446,230,195,138,171,383,321,927,288
550,328,286,212,142,204,373,615,898,288
379,264,178,135,103,142,357,348,969,288
366,307,103,82,71,90,217,322,949,288
697,468,279,234,175,214,405,258,897,288
303,178,268,190,116,174,348,452,986,288
600,386,214,160,109,154,332,454,958,288
676,385,256,195,129,179,342,531,915,288
677,392,215,155,103,153,327,669,957,288
228,151,136,104,80,106,242,343,917,288
411,210,290,214,127,178,475,692,901,288
523,363,189,145,102,140,331,361,932,289
572,350,321,254,161,223,394,496,944,289
608,350,240,182,113,162,375,529,927,289
395,252,227,177,122,156,202,538,946,289
342,239,163,132,95,122,221,414,960,289
267,187,173,122,87,131,215,323,938,289
397,263,191,144,103,142,140,505,880,289
558,307,187,142,92,128,441,375,921,289
296,224,288,215,154,209,432,117,825,289
469,315,242,168,108,167,313,311,986,290
635,419,187,154,108,138,350,331,920,290
502,361,213,168,116,158,313,322,947,290
402,268,142,97,70,106,308,329,954,290
302,222,213,160,118,160,251,454,958,290
505,381,231,160,120,182,380,340,970,290
260,158,316,232,144,205,356,574,936,290
509,394,133,105,80,106,280,338,927,290
710,434,315,256,171,223,369,560,924,290
281,186,255,204,132,170,201,520,948,290
330,214,266,211,145,188,211,671,935,290
655,420,278,221,150,192,353,601,944,290
403,287,156,134,100,120,292,310,894,290
502,261,327,250,144,206,410,683,929,291
559,297,435,331,204,276,123,979,965,291
304,197,126,98,71,94,365,381,953,291
394,286,146,120,93,116,274,316,953,291
598,417,204,164,121,154,307,483,933,291
500,333,202,158,116,153,331,426,942,291
461,251,351,258,148,220,415,651,939,291
429,244,325,246,151,210,376,675,979,291
204,189,90,59,57,86,350,2,197,291
355,236,298,227,154,211,248,633,949,292
357,286,126,108,92,107,537,277,954,292
633,320,292,239,109,145,408,681,985,292
443,296,167,137,95,124,300,355,933,292
397,262,218,176,123,166,357,327,961,292
422,307,419,301,238,331,555,7,516,292
234,160,143,112,79,104,258,345,925,292
472,329,175,130,96,131,285,340,975,292
337,271,129,108,91,110,279,324,875,292
427,256,283,190,119,186,321,558,924,293
546,382,146,117,90,115,281,366,968,293
321,266,126,96,86,110,308,348,876,293
534,369,158,121,83,118,291,339,943,293
279,223,111,80,62,90,398,104,818,293
323,248,146,112,92,121,266,352,910,293
567,339,230,164,105,163,280,423,978,293
306,201,218,161,111,159,335,358,910,293
689,410,409,291,174,263,305,1023,873,293
224,174,128,104,82,102,310,266,872,293
641,414,191,158,111,139,351,576,893,293
482,278,245,190,121,173,479,331,934,293
504,288,227,174,109,154,342,504,975,294
610,409,204,161,117,154,332,354,930,294
246,185,125,94,75,100,240,345,908,294
607,409,196,137,96,144,336,353,983,294
370,246,139,110,80,103,279,333,914,294
614,441,157,118,90,125,350,342,924,294
380,296,143,107,86,116,283,310,901,294
366,257,209,161,129,172,413,407,924,294
705,438,229,171,108,157,385,421,948,294
440,318,184,146,108,142,323,323,883,294
385,249,185,142,100,138,341,343,960,294
535,353,214,168,122,161,325,509,944,295
559,388,170,142,105,131,294,340,968,295
245,150,177,128,89,131,430,345,926,295
587,298,466,358,197,272,375,966,1015,295
334,191,193,149,102,141,439,350,925,295
278,193,134,110,80,103,243,332,957,295
356,247,169,137,101,129,312,394,952,295
261,168,178,129,85,124,326,343,921,295
342,261,159,139,104,124,268,342,869,295
400,235,161,124,87,118,440,343,933,295
208,134,193,141,94,137,370,378,934,295
659,429,303,219,151,221,406,647,929,296
334,236,253,189,138,184,474,464,927,296
640,395,291,226,137,181,397,653,879,296
514,269,349,293,176,236,333,611,960,296
670,444,234,180,124,171,314,398,980,296
551,301,297,225,141,195,387,661,977,296
605,409,205,164,117,154,376,350,963,296
498,340,202,168,124,150,314,321,966,296
373,282,225,152,110,171,401,348,928,296
403,234,286,212,138,192,342,624,947,296
294,213,152,124,88,114,185,460,912,296
688,434,303,224,152,219,479,533,939,297
315,189,274,200,131,189,164,702,849,297
503,293,313,229,137,205,337,577,974,297
314,190,299,227,140,201,182,697,1011,297
441,227,263,199,106,154,513,591,931,297
508,343,127,103,73,92,344,326,891,297
296,212,169,132,105,135,276,335,938,297
372,205,219,160,108,153,258,604,904,297
440,304,263,225,181,210,443,362,904,297
212,166,159,125,92,123,230,328,874,298
429,282,336,246,161,236,389,712,896,298
216,140,185,155,109,135,166,407,942,298
549,319,260,201,125,173,311,581,874,298
476,303,354,273,204,275,450,696,978,298
440,250,249,180,107,157,538,395,949,298
440,263,200,149,110,152,497,366,947,298
705,380,217,175,127,156,344,710,925,298
639,408,220,167,111,157,358,374,986,299
499,332,185,138,104,146,328,431,947,299
540,334,233,168,110,161,416,427,907,299
664,371,338,268,151,206,533,565,939,299
682,424,257,186,122,177,466,534,962,299
449,238,335,248,144,211,366,598,994,299
293,168,165,134,89,114,266,311,967,299
349,262,149,112,86,114,298,312,930,299
479,324,168,128,81,112,365,334,900,299
199,161,130,101,79,105,213,313,898,299
685,493,158,124,97,128,381,290,890,299
477,346,262,183,130,195,276,379,899,300
633,389,286,213,132,191,330,554,968,300
391,252,160,133,91,117,310,362,930,300
568,360,232,170,112,162,377,404,969,300
406,260,181,146,103,135,281,450,928,300
581,376,202,162,120,154,391,375,972,300
583,310,382,282,158,238,383,653,974,300
441,271,274,210,138,191,361,699,904,301
732,486,254,213,135,171,399,644,976,301
318,223,189,148,102,135,213,487,902,301
527,355,224,186,130,157,281,315,906,301
375,252,333,241,167,239,371,574,910,301
272,200,191,134,103,148,143,302,970,301
327,244,201,162,122,152,131,451,944,301
618,343,465,364,209,290,377,889,1013,301
569,380,297,221,148,210,307,440,951,301
450,312,176,137,106,140,313,346,919,301
452,297,292,218,150,216,303,342,972,302
587,370,210,179,131,154,337,434,979,302
302,217,152,121,92,122,323,222,920,302
392,289,127,100,84,106,391,114,764,302
467,304,214,169,113,148,360,396,950,302
655,439,163,128,90,118,314,352,922,302
707,461,253,174,112,178,344,520,978,302
471,303,340,233,152,243,465,653,942,302
489,326,181,131,95,138,284,346,958,303
354,249,163,121,89,125,294,342,876,303
524,268,339,253,146,210,430,703,958,303
356,241,175,144,111,136,285,352,868,303
596,440,162,124,91,125,325,345,948,303
340,214,142,101,75,109,337,349,916,303
565,406,144,108,82,114,288,380,954,303
476,360,112,96,77,92,339,226,887,303
571,377,220,159,115,164,392,569,921,303
596,353,272,216,144,190,444,487,970,303
253,185,213,163,122,162,194,348,907,303
536,257,446,350,196,252,145,949,984,303
576,410,160,120,90,126,320,342,947,303
378,265,171,130,100,136,265,360,974,303
451,340,173,137,113,144,342,335,890,303
326,234,124,95,72,98,271,333,915,303
461,287,292,218,156,218,374,507,885,304
633,374,335,261,154,216,451,688,988,304
413,262,172,142,93,120,225,404,967,304
224,134,198,150,98,135,127,414,829,304
421,250,310,236,143,204,380,703,991,304
248,169,198,130,93,149,314,342,918,304
495,331,211,157,111,158,358,461,943,304
331,235,141,115,90,114,298,354,813,304
356,239,143,112,81,110,277,363,954,304
299,228,116,89,76,101,379,84,769,304
308,213,218,170,123,163,231,521,942,305
341,211,182,135,95,137,296,426,959,305
648,480,115,103,72,87,290,701,876,305
204,168,224,173,151,196,412,3,381,305
416,278,249,191,126,174,264,433,993,305
500,349,271,201,159,222,308,583,930,305
461,307,164,136,100,124,265,347,954,305
543,311,421,320,169,238,456,953,972,305
707,416,260,193,123,179,410,497,949,305
609,371,230,170,111,161,422,588,860,305
550,401,176,134,105,142,306,344,964,305
328,218,157,114,76,111,313,352,947,305
308,211,224,154,116,170,255,433,947,305
502,348,239,180,134,182,382,420,904,306
617,399,201,159,108,144,392,250,975,306
505,365,295,262,188,218,431,357,924,306
432,256,242,178,122,174,284,600,963,306
268,140,268,197,112,161,286,676,877,306
728,459,222,187,134,161,443,454,936,306
268,160,214,158,99,145,145,581,902,306
371,272,276,218,156,206,467,382,981,307
449,308,187,132,92,139,228,289,993,307
486,316,264,195,144,206,491,417,922,307
305,234,148,124,100,123,273,248,922,307
424,256,127,108,75,92,295,344,908,307
651,450,197,154,110,147,332,472,936,307
603,394,130,132,99,95,225,639,961,307
575,327,278,215,139,194,478,418,973,308
702,493,203,149,110,157,366,412,897,308
594,329,273,220,136,173,387,596,956,308
432,296,212,167,123,160,317,485,929,308
397,243,216,157,99,143,252,320,974,308
454,292,174,123,86,126,355,366,923,308
501,347,192,149,108,145,311,345,914,309
429,326,156,116,88,126,275,335,933,309
523,325,232,192,129,165,331,598,973,309
366,235,195,152,106,142,294,337,934,309
319,247,186,129,93,142,244,312,881,309
320,194,156,123,80,112,273,340,955,309
503,353,188,142,109,150,364,383,973,309
674,413,329,231,144,218,308,669,956,309
682,398,351,289,208,259,382,693,941,309
496,357,139,115,85,106,302,362,917,309
504,380,176,133,107,143,334,335,854,310
642,395,364,287,183,244,413,566,951,310
331,237,125,103,82,101,296,257,955,310
418,317,140,109,88,116,315,351,903,310
556,427,143,125,98,114,261,302,945,310
710,413,264,207,144,192,525,706,992,310
570,305,326,268,162,206,348,682,948,310
436,323,161,119,91,125,297,307,936,310
210,171,154,112,93,128,183,315,862,310
459,339,109,87,66,84,309,346,887,310
494,353,135,106,76,101,239,290,940,310
501,306,204,166,117,154,317,511,961,310
519,361,185,151,108,143,359,339,921,311
376,250,182,149,112,141,281,397,903,311
209,142,185,133,94,143,226,342,935,311
361,196,204,156,104,142,434,554,815,311
522,358,299,226,133,176,205,747,964,311
368,277,182,155,118,143,300,334,926,311
693,487,510,341,259,406,539,357,892,312
372,184,324,218,133,215,408,655,869,312
441,254,328,238,150,223,392,693,951,312
380,297,167,119,96,138,278,341,956,312
441,268,148,121,79,104,424,701,920,312
649,407,277,190,128,193,385,403,977,312
592,393,205,169,122,152,304,518,935,312
343,263,173,127,98,138,304,329,921,312
471,325,231,162,122,180,351,352,907,312
179,134,161,137,107,126,245,231,915,312
327,207,220,167,119,164,299,381,982,312
342,255,188,143,119,154,517,5,488,313
453,262,199,159,120,152,467,364,915,313
326,161,309,226,139,203,279,644,988,313
390,232,215,161,104,149,439,588,843,313
402,233,336,265,182,240,458,364,995,313
393,325,107,79,69,94,265,343,928,313
417,247,158,130,83,108,336,347,938,313
360,243,148,111,81,112,295,348,920,313
621,391,295,247,169,211,419,512,953,313
566,359,171,130,85,121,436,336,916,314
527,318,216,173,113,146,325,480,953,314
385,233,189,159,117,145,318,399,939,314
556,326,488,346,208,307,271,922,997,314
403,266,196,142,101,147,331,369,954,314
330,198,248,186,123,169,202,617,962,314
421,275,181,151,107,135,324,344,971,314
408,222,300,241,141,193,311,615,938,314
539,370,177,136,98,134,457,354,952,314
480,326,182,138,97,132,404,364,931,314
372,240,191,145,98,139,344,356,934,314
604,405,147,115,83,110,341,346,946,314
548,367,164,125,87,118,260,338,911,314
421,305,210,169,122,159,346,323,907,314
358,176,269,210,118,161,314,716,947,314
571,322,246,202,138,169,354,655,920,314
397,278,145,109,81,114,244,419,940,314
582,374,229,188,131,164,322,542,921,314
253,188,170,119,91,134,259,413,935,315
428,309,113,89,70,92,275,348,903,315
537,318,266,203,133,189,355,573,891,315
666,437,229,187,128,161,282,362,949,315
216,150,185,125,89,139,223,314,949,315
638,427,198,165,117,148,382,526,924,315
174,150,134,115,100,116,443,3,406,315
309,206,153,113,79,114,207,250,967,315
535,316,265,207,140,190,345,641,922,315
509,359,206,145,102,153,364,419,950,315
664,431,243,196,138,175,345,496,965,315
509,309,305,224,150,217,383,569,896,316
549,379,153,112,79,114,298,342,950,316
361,225,209,164,110,150,336,423,955,316
731,423,453,343,221,308,423,1005,963,316
601,403,227,166,118,170,370,469,957,316
709,481,225,159,111,168,396,491,838,316
482,336,113,85,60,82,326,338,917,316
425,255,256,186,123,175,222,535,938,317
360,228,248,190,133,178,257,635,1003,317
196,161,174,131,104,138,281,348,925,317
330,207,260,198,138,192,334,454,930,317
539,400,163,133,101,124,452,349,897,317
259,199,135,114,85,105,229,290,934,317
355,198,337,255,151,216,375,667,953,317
502,353,180,136,100,135,322,331,954,317
330,193,331,250,155,223,310,689,970,317
271,174,175,146,109,134,314,348,913,317
347,201,197,141,92,138,320,520,909,318
675,433,312,235,156,221,279,516,930,318
628,365,183,138,87,124,366,337,986,318
658,396,266,202,137,189,366,537,913,319
374,193,252,188,117,166,312,590,934,319
344,220,196,148,100,143,428,419,918,319
463,244,230,175,118,165,467,511,944,319
639,351,191,148,91,125,376,405,918,319
559,282,355,273,119,166,348,796,1009,319
302,241,106,80,68,91,292,157,782,319
386,243,222,163,112,158,329,487,932,319
668,407,389,292,195,266,392,643,865,320
707,460,247,211,155,186,327,727,974,320
329,219,222,172,120,163,330,423,965,320
660,435,250,194,132,177,384,587,976,320
490,388,153,136,112,129,218,343,985,320
420,248,336,258,164,225,371,595,945,320
603,348,297,209,131,199,376,627,932,320
645,328,249,185,106,145,495,593,945,320
466,334,180,130,100,143,306,339,913,320
524,335,173,131,90,125,292,535,964,320
620,448,189,144,109,148,304,512,939,321
474,348,368,266,205,292,458,151,822,321
477,273,289,224,143,192,320,602,945,321
372,302,155,131,112,130,395,233,809,321
577,349,305,212,140,214,413,553,930,321
468,250,272,196,122,179,450,547,927,321
518,343,271,208,135,190,404,403,946,321
457,323,185,148,115,147,358,340,785,321
636,419,326,237,148,219,384,425,931,322
518,277,374,280,169,240,422,706,978,322
320,217,183,132,94,136,449,349,967,322
539,363,301,227,154,220,314,563,899,322
676,462,208,161,121,164,345,421,986,322
483,360,233,162,117,176,421,343,921,322
454,256,298,214,129,199,394,605,905,322
517,351,129,101,72,93,459,324,922,322
474,351,142,103,75,106,283,332,936,322
276,220,146,107,84,119,256,355,939,322
288,231,178,107,81,145,431,100,710,322
303,216,214,183,127,156,301,348,931,322
441,335,209,146,122,177,458,197,788,323
217,169,105,88,72,87,391,74,711,323
451,298,124,96,69,93,282,356,943,323
421,234,262,206,128,176,297,547,950,323
328,195,196,140,93,135,267,503,861,323
584,355,204,162,114,147,478,492,966,323
417,322,216,160,120,167,282,301,949,323
361,251,202,153,108,148,291,442,947,323
587,399,157,129,92,114,338,339,943,323
389,285,197,171,134,158,369,324,942,323
485,366,159,136,116,136,454,346,863,323
292,192,122,91,69,94,261,362,875,323
601,368,248,196,135,181,387,463,902,323
298,220,142,105,84,116,318,328,846,323
416,263,230,171,121,170,392,385,908,324
600,382,337,262,147,206,354,1023,967,324
559,332,274,207,136,193,381,667,944,324
416,255,377,301,216,289,512,139,821,325
428,299,157,133,102,121,330,339,942,325
656,376,433,330,207,297,468,1023,1000,325
497,307,241,202,140,174,374,586,930,325
369,250,196,157,117,152,315,333,902,325
637,355,249,188,99,135,288,662,982,325
480,333,212,175,129,163,325,336,899,325
408,288,373,259,175,270,405,644,946,325
505,355,190,158,110,137,279,347,975,325
465,359,234,171,131,190,462,335,929,325
530,379,194,132,97,149,335,294,944,325
307,240,128,101,82,105,249,320,950,326
573,346,306,228,144,200,301,669,937,326
539,389,135,97,73,103,281,352,938,326
361,286,180,129,111,155,315,351,901,326
474,265,302,224,134,193,494,525,931,326
551,330,417,315,199,280,311,592,939,326
548,287,332,246,150,217,504,680,991,326
332,210,220,166,114,158,315,460,911,326
361,241,179,137,111,146,439,357,932,326
659,421,286,231,153,201,415,489,950,326
710,452,279,226,159,207,295,486,983,326
381,263,269,208,147,191,189,503,939,326
262,212,119,105,92,104,326,128,871,326
328,204,274,205,134,191,180,658,977,326
647,437,196,153,111,152,383,375,912,326
325,226,315,255,190,245,157,675,931,327
530,375,187,132,98,146,353,390,795,327
318,254,130,101,82,110,177,235,933,327
379,256,183,130,99,145,383,296,969,327
613,362,230,173,96,138,441,328,960,327
367,266,118,93,69,92,270,322,841,327
471,271,269,187,117,185,491,487,906,327
728,466,243,178,135,187,502,501,813,327
420,279,186,124,80,128,412,323,795,327
520,325,204,163,109,143,344,398,957,327
380,271,169,129,98,133,314,345,946,327
453,268,345,266,202,269,439,675,945,327
372,243,249,191,143,190,312,604,918,328
333,210,300,230,144,197,585,4,540,328
520,346,243,194,136,176,345,611,963,328
467,334,176,133,103,139,315,360,953,328
296,196,183,134,99,144,312,326,923,328
428,256,203,173,116,145,353,379,972,328
290,210,139,99,80,114,248,315,874,329
445,301,243,175,121,181,338,345,841,329
680,368,319,252,163,219,369,665,949,329
349,207,169,125,92,127,426,337,949,329
450,240,270,206,151,205,463,506,913,329
467,374,110,74,61,92,184,355,988,329
475,311,157,116,74,114,401,334,833,329
514,363,185,141,102,140,367,333,924,329
593,378,232,170,115,166,369,530,938,329
392,251,152,117,84,113,311,353,888,329
727,474,237,174,125,178,446,353,980,330
266,205,145,113,83,108,246,336,954,330
422,329,178,154,125,148,261,347,942,330
446,313,157,128,91,117,261,355,945,330
591,397,232,167,120,174,377,373,842,330
455,249,303,223,136,207,274,600,982,330
540,366,185,160,116,139,311,308,971,331
251,152,234,189,135,171,448,336,928,331
332,222,157,127,86,111,384,339,957,331
507,362,155,118,88,121,330,344,923,331
300,174,289,209,137,201,284,561,967,331
554,292,346,257,143,211,317,929,858,331
624,462,195,147,114,160,356,352,938,331
402,257,203,156,114,154,405,351,957,331
409,236,249,189,134,184,377,471,876,331
372,229,360,257,158,245,364,624,953,331
667,455,159,126,86,116,409,380,934,332
323,231,152,127,98,121,228,329,955,332
728,433,450,318,219,327,386,1023,941,332
342,252,100,81,66,83,308,223,912,332
373,232,236,179,123,170,276,654,837,332
362,279,129,105,88,110,263,321,892,332
233,168,134,105,79,104,235,348,911,332
530,326,246,187,131,179,362,668,923,332
318,200,186,140,102,141,322,360,988,332
502,345,207,152,110,157,186,626,905,332
419,292,167,125,92,128,321,323,860,332
521,319,299,244,152,201,345,494,1011,332
301,174,329,253,164,222,222,683,960,332
584,306,271,200,93,145,406,522,999,332
389,255,307,229,160,225,381,565,886,333
193,136,195,152,112,152,336,312,894,333
286,191,204,145,110,158,510,392,925,333
574,395,281,220,163,205,383,683,927,333
414,245,203,157,104,138,279,621,965,333
628,427,221,182,132,168,308,317,919,333
289,200,217,159,117,168,294,326,956,333
435,337,143,110,91,121,274,340,975,334
559,412,191,158,120,148,302,346,967,334
330,211,176,139,96,127,330,335,929,334
352,193,301,232,150,201,385,572,986,334
394,256,283,212,145,206,306,676,970,334
682,453,238,171,119,177,295,403,1003,334
415,255,264,199,132,190,330,482,952,334
453,278,239,163,103,166,348,358,972,334
660,356,307,232,128,183,341,711,937,334
506,267,241,178,112,160,475,541,861,335
240,164,245,179,122,176,269,485,969,335
274,207,281,223,183,236,457,157,704,335
602,433,175,148,117,140,365,352,919,335
241,152,139,115,84,103,203,381,908,335
497,322,230,184,130,170,382,427,929,335
346,234,149,115,85,114,316,355,913,335
426,282,202,155,106,148,352,348,918,335
360,225,213,172,125,157,338,422,950,335
568,403,180,137,97,134,276,330,947,335
710,393,471,351,221,323,384,1023,1001,336
354,209,183,132,97,136,413,463,968,336
593,418,204,156,114,153,380,435,920,336
401,254,319,264,185,227,293,649,952,336
570,397,212,158,114,160,326,350,959,336
645,472,207,168,123,159,332,316,900,337
599,423,186,157,121,146,300,327,963,337
451,352,159,120,98,132,255,357,954,337
532,293,320,250,160,221,385,630,957,337
410,266,250,197,134,182,420,350,907,337
356,218,213,164,113,153,242,466,959,337
637,345,259,193,114,163,671,1,601,337
391,291,109,81,66,90,281,349,894,337
656,418,288,214,147,209,308,696,951,337
517,321,264,217,127,158,214,671,977,337
520,293,261,203,134,184,335,658,987,337
483,316,256,194,135,188,295,561,941,337
521,365,225,157,122,179,409,340,931,337
351,247,212,164,127,170,357,310,899,337
546,361,214,178,134,163,372,479,976,337
241,154,176,131,89,124,326,414,891,337
255,180,206,135,90,148,282,415,928,337
288,190,123,92,69,95,144,360,967,337
365,192,310,234,134,190,387,557,992,337
269,150,169,123,83,119,330,359,873,338
257,142,236,176,110,155,319,500,945,338
613,411,206,138,96,151,395,359,944,338
399,282,150,116,85,118,281,347,913,338
686,469,246,203,147,184,377,473,913,338
346,200,176,151,100,123,330,318,940,338
427,281,153,119,83,113,389,336,911,338
492,233,190,143,99,139,493,360,924,338
722,410,286,225,144,196,395,477,972,338
659,451,200,158,112,145,374,367,911,338
519,335,238,191,135,172,281,612,917,338
642,347,307,239,157,203,426,708,939,338
222,173,134,104,84,109,241,352,951,338
578,417,368,268,208,290,489,652,931,338
561,313,369,327,170,201,452,540,953,339
576,362,288,224,150,199,441,286,1011,339
295,208,185,128,89,137,260,315,855,339
453,313,195,144,111,152,339,358,947,339
610,441,282,205,161,224,423,301,817,339
582,402,235,189,139,180,370,425,892,339
334,240,180,133,90,126,264,308,912,339
260,213,99,72,59,84,335,68,903,339
285,157,255,189,110,163,147,625,863,339
546,403,152,121,96,125,298,376,923,339
513,278,234,181,115,155,452,413,979,339
644,412,244,187,138,184,295,528,969,339
482,319,223,187,138,167,338,483,947,339
600,434,234,181,134,179,379,281,896,340
304,171,207,151,92,137,362,320,938,340
659,390,295,253,168,200,467,573,939,340
491,320,282,197,139,207,323,466,972,340
403,238,203,156,103,140,334,553,950,340
568,322,308,242,154,218,365,668,956,340
465,344,168,141,111,135,313,337,954,340
539,317,382,274,191,272,439,728,948,340
429,268,231,179,124,169,342,526,975,341
283,209,152,121,88,114,231,288,978,341
522,296,225,173,119,160,493,360,926,341
282,171,126,98,66,92,393,171,911,341
515,390,252,176,135,203,290,316,904,341
275,212,134,103,83,111,298,371,956,341
566,317,129,99,58,83,250,644,937,341
470,349,228,180,146,183,446,438,951,341
508,334,213,166,111,149,227,568,963,341
368,231,336,255,156,218,332,698,962,341
403,278,223,152,117,181,306,324,920,341
408,249,150,118,83,109,420,336,909,341
556,408,161,136,107,132,340,349,926,342
305,209,182,145,104,135,293,375,950,342
398,269,211,179,127,154,273,310,934,342
328,225,227,163,111,168,266,278,949,342
469,275,267,204,138,193,354,579,959,342
293,194,234,181,120,168,287,466,974,342
621,378,255,195,131,179,351,529,951,343
534,335,313,226,160,229,503,556,944,343
364,235,191,154,114,147,321,319,931,343
687,376,363,298,149,199,453,660,983,343
717,466,311,232,152,210,357,557,994,343
286,171,185,146,87,119,256,476,943,343
346,201,196,155,114,148,431,329,829,343
414,249,235,199,150,179,469,450,907,344
466,326,146,124,104,122,414,349,923,344
422,234,264,196,124,181,374,580,902,344
539,329,299,226,163,225,382,724,1018,344
460,303,140,115,79,102,255,358,957,344
618,392,360,262,181,258,463,855,987,344
556,342,349,266,175,248,465,694,936,344
442,336,128,99,75,100,308,328,919,344
605,398,314,213,145,226,534,488,932,344
486,288,282,200,127,195,369,622,951,344
474,333,277,193,147,218,345,334,916,344
436,294,251,203,139,185,344,335,894,344
519,332,182,138,93,130,354,350,855,344
578,381,178,149,106,130,334,333,972,344
521,324,162,119,87,123,396,341,945,344
364,276,209,160,128,169,320,334,945,345
579,354,122,98,68,88,234,672,983,345
198,160,193,152,124,161,418,14,638,345
545,363,188,128,92,142,392,421,956,345
432,272,259,185,115,167,289,612,902,345
381,253,186,135,99,143,353,408,896,345
485,228,135,103,70,97,504,404,921,345
399,288,115,97,75,90,308,331,932,346
313,234,133,108,90,111,261,191,919,346
302,213,160,125,97,129,328,345,909,346
345,239,167,131,96,130,313,351,927,346
490,334,189,146,118,153,408,335,924,346
510,357,247,178,147,206,440,466,890,346
724,477,240,186,130,175,370,595,986,346
583,288,222,165,103,146,547,346,894,346
629,408,282,216,145,199,328,585,932,346
709,431,198,157,99,131,459,383,934,346
451,362,129,93,76,109,356,343,917,346
322,204,179,140,104,135,269,440,957,346
569,367,215,169,131,168,495,363,914,346
384,268,126,100,76,99,326,292,855,346
273,212,135,101,79,109,227,319,895,346
614,475,133,120,100,110,331,349,925,346
451,309,122,103,78,93,206,355,952,346
326,223,184,146,113,148,412,411,994,347
446,333,165,126,101,132,288,352,943,347
452,255,233,178,120,165,456,499,973,347
668,405,226,166,106,153,316,313,994,347
320,214,145,125,88,105,411,350,882,347
593,407,140,104,75,104,337,327,929,347
331,211,182,146,101,133,289,323,981,347
534,402,112,94,73,89,304,275,933,347
452,359,202,146,127,174,471,260,816,347
315,216,213,158,109,153,353,343,959,347
447,312,133,101,76,103,316,357,944,347
383,263,199,150,112,151,252,411,978,347
308,167,327,262,168,232,142,826,954,348
603,387,208,152,109,158,326,520,955,348
569,371,179,146,99,130,329,345,927,348
343,263,130,94,74,102,242,297,932,348
322,205,287,223,152,206,277,653,949,348
379,277,140,112,87,113,294,349,917,348
573,333,226,170,106,153,315,464,963,349
318,210,329,233,148,225,284,508,983,349
582,429,115,85,67,93,287,341,958,349
209,158,146,104,77,112,270,325,962,349
299,179,326,248,179,246,578,11,599,349
327,251,264,191,156,218,445,422,933,349
549,352,238,193,128,169,322,429,937,349
656,467,243,186,142,192,346,372,918,350
450,291,230,178,118,157,358,527,966,350
356,269,143,105,80,111,249,335,898,350
389,286,156,117,91,128,315,349,913,350
639,403,348,258,170,244,284,618,922,350
430,286,193,145,101,142,398,382,860,350
387,270,199,149,108,153,301,386,876,350
491,315,179,136,93,126,350,452,929,350
466,280,291,214,144,209,350,657,920,350
370,225,229,166,115,164,310,448,972,350
671,439,259,194,141,196,363,495,902,350
385,261,149,118,87,111,386,329,880,350
304,219,167,147,115,131,289,341,873,350
271,172,193,148,100,137,306,499,884,351
603,440,166,140,112,135,361,335,916,351
522,376,158,127,95,124,296,324,927,351
371,250,210,169,116,154,305,414,965,351
564,398,204,162,114,147,315,318,975,351
285,170,238,186,130,174,387,413,960,351
624,357,218,165,104,146,366,335,953,351
391,264,137,133,103,105,247,333,921,351
317,179,260,197,122,176,255,570,983,351
203,136,164,127,88,119,224,389,947,352
365,251,180,141,108,142,302,344,932,352
569,328,287,227,149,198,369,581,973,352
695,434,362,269,182,254,365,713,963,352
321,264,165,127,105,139,253,360,878,352
711,451,246,204,132,167,398,532,897,352
419,273,193,141,95,139,329,437,994,352
256,198,215,151,105,157,419,324,828,352
488,324,164,120,81,118,362,300,915,352
278,172,176,131,91,129,235,458,892,353
400,216,200,146,100,143,506,354,951,353
617,382,274,193,120,185,389,537,844,353
377,262,149,111,81,114,213,351,975,353
254,167,254,184,125,180,302,621,902,353
376,215,264,197,124,177,344,561,980,353
291,162,220,172,114,153,282,445,970,353
455,296,172,139,97,124,431,338,888,353
427,269,348,237,142,227,249,627,1004,353
477,352,148,118,94,118,347,342,822,353
326,249,137,121,98,111,293,217,933,354
483,295,255,196,133,182,389,466,986,354
660,397,270,215,147,187,402,596,857,354
428,223,259,213,140,184,366,630,926,354
684,474,233,199,146,181,369,328,966,354
430,286,154,113,84,117,256,384,980,354
614,380,244,193,133,180,363,544,942,354
596,413,155,128,92,116,317,369,969,354
688,428,247,183,119,173,393,572,947,354
324,204,240,180,116,173,277,555,928,354
388,246,181,143,102,136,309,376,947,354
371,235,200,161,111,144,344,311,921,354
636,421,256,179,127,192,381,595,893,355
497,358,427,312,207,305,534,75,731,355
663,406,201,156,102,142,341,363,990,355
286,201,165,136,103,129,266,330,922,355
576,349,226,174,115,163,375,496,901,355
352,233,167,129,96,131,303,328,914,355
462,315,242,181,139,193,350,584,920,355
614,370,367,295,186,253,384,666,976,355
304,204,185,147,109,139,309,345,951,355
665,452,239,169,121,180,388,360,943,356
365,235,209,155,124,170,442,541,927,356
328,174,257,200,121,159,441,688,918,356
564,345,215,182,123,149,387,424,954,356
507,289,333,268,164,223,361,651,985,356
320,199,268,188,121,195,403,559,942,356
316,228,165,120,95,134,298,345,900,356
352,230,209,159,118,163,254,337,943,356
366,215,197,145,94,137,391,454,832,357
539,388,200,158,117,154,298,494,927,357
402,284,132,111,86,106,301,319,885,357
559,324,235,187,120,160,332,483,935,357
513,302,220,156,110,165,510,358,923,357
425,288,174,130,90,125,249,479,922,357
644,417,638,474,233,362,720,633,1023,357
518,301,204,158,119,159,457,291,967,357
672,455,492,352,267,383,528,237,822,357
319,208,149,114,81,112,263,326,934,357
364,256,179,143,111,143,266,337,942,357
459,298,238,174,123,178,468,90,845,357
358,265,163,121,92,128,304,332,959,357
598,333,286,203,128,192,419,386,909,357
581,323,367,269,155,228,474,679,949,357
666,442,230,189,127,159,381,489,953,358
713,435,277,222,153,194,307,652,929,358
545,351,206,163,114,153,336,434,956,358
696,493,217,178,140,170,420,505,973,358
538,382,193,160,124,153,270,341,944,358
215,161,149,105,81,115,232,341,953,358
581,340,384,283,168,241,397,549,973,358
440,280,215,176,128,164,350,570,941,359
391,198,194,140,95,139,491,370,933,359
573,329,285,215,137,189,494,695,991,359
511,256,279,220,132,181,465,637,922,359
480,331,210,155,112,156,322,455,950,359
263,187,112,88,65,87,336,320,540,359
562,388,216,173,123,159,345,431,979,359
230,147,246,185,129,180,181,587,949,359
411,280,158,125,92,115,299,339,888,359
403,292,152,121,96,122,272,406,931,360
546,395,179,135,102,137,359,336,889,360
349,211,274,209,139,199,364,499,1000,360
486,259,298,246,132,168,292,740,997,360
338,268,331,236,169,251,518,170,830,360
233,184,111,82,62,91,310,357,877,360
695,413,335,254,164,232,478,679,867,360
348,263,143,113,93,119,236,351,881,360
505,349,141,115,83,109,294,338,847,360
559,351,204,167,116,144,388,551,954,360
507,326,264,200,134,185,359,450,959,361
519,332,198,151,111,149,361,571,879,361
390,217,248,206,137,173,230,445,990,361
540,278,291,226,129,183,360,529,983,361
334,274,197,156,125,158,383,1,219,361
658,381,313,225,145,210,355,591,976,361
150,139,133,101,101,127,306,1,215,361
444,312,167,123,92,132,429,362,957,361
386,194,314,235,132,198,406,732,949,361
327,240,172,140,108,137,334,340,919,361
616,332,274,207,117,170,388,547,973,362
270,184,172,134,96,131,291,345,946,362
279,201,146,116,92,117,281,360,928,362
647,442,194,153,119,155,344,401,964,362
510,338,181,150,111,136,295,411,957,362
276,192,219,145,102,164,319,339,940,362
269,181,181,141,103,138,246,425,908,362
617,377,323,263,170,223,379,573,941,362
690,469,205,150,111,161,350,483,925,362
385,275,186,139,104,141,228,505,926,362
544,348,211,153,108,156,319,420,952,363
384,217,200,149,91,131,318,497,914,363
448,292,183,140,108,145,434,417,897,363
211,139,210,157,113,156,273,390,937,363
412,305,314,219,177,258,452,79,868,363
448,231,275,224,143,187,395,481,948,363
624,430,310,235,151,211,355,551,976,363
467,336,201,154,112,158,319,336,927,363
342,221,136,104,73,100,326,341,911,363
455,265,230,186,118,156,338,615,945,363
659,387,253,207,143,179,367,704,967,364
284,177,255,189,131,184,223,461,968,364
372,254,181,151,110,135,320,314,841,364
342,247,155,117,89,122,266,335,948,364
672,399,258,208,130,175,282,707,1014,364
328,213,253,204,139,180,284,485,977,364
449,293,194,147,98,135,297,302,964,364
606,358,570,428,215,317,576,712,891,364
405,249,179,144,98,129,323,423,838,364
357,215,259,175,118,189,353,618,901,364
595,386,193,163,115,139,363,344,976,364
513,308,307,231,155,214,302,693,937,364
574,332,245,201,126,165,359,533,947,364
358,166,303,213,129,197,458,623,882,364
511,369,239,196,140,179,351,345,961,364
232,180,192,141,106,146,344,375,919,364
218,175,248,190,155,208,489,6,558,365
350,235,147,116,87,115,205,323,974,365
278,215,173,129,93,131,258,320,936,365
656,400,434,320,201,293,361,1023,1005,365
492,345,164,129,97,125,275,352,951,365
623,382,237,189,126,166,366,587,782,365
353,252,138,104,78,106,318,344,897,365
342,230,185,156,114,140,230,282,926,365
367,232,162,123,90,121,303,339,888,366
476,288,207,152,91,135,496,336,994,366
340,235,139,113,78,101,268,336,922,366
451,322,422,318,227,314,541,674,965,366
288,202,171,124,88,128,264,322,953,366
540,358,195,150,109,148,431,330,852,366
703,382,259,202,127,174,371,615,920,366
436,273,235,176,125,169,419,379,831,366
722,450,247,197,133,177,324,532,954,366
406,246,250,170,108,170,343,534,951,366
577,288,292,228,136,184,342,577,924,366
322,239,133,103,76,102,233,341,891,366
531,371,228,186,136,172,311,362,936,367
603,408,201,152,115,156,290,422,944,367
672,407,305,229,147,211,386,552,950,367
627,439,160,117,90,125,332,336,916,367
434,245,342,253,156,229,174,676,982,367
592,303,508,408,236,319,556,685,955,367
617,369,420,340,214,287,402,629,952,367
435,302,156,119,90,119,321,347,874,367
333,233,217,182,128,159,329,330,945,367
438,264,363,303,221,272,292,829,973,367
298,194,161,119,81,116,402,323,933,368
490,294,290,219,146,203,361,709,967,368
398,292,156,123,100,126,341,362,959,368
280,209,178,133,91,129,120,530,926,368
566,407,139,115,87,109,270,352,954,368
448,251,241,178,114,167,344,475,935,368
592,419,152,113,85,120,393,346,905,368
351,232,180,134,100,138,328,363,918,368
380,250,167,117,84,125,315,471,877,368
409,209,336,255,151,218,369,705,976,369
457,290,192,149,102,140,263,490,882,369
474,232,299,224,123,179,406,427,971,369
704,483,168,120,83,125,343,341,920,369
384,242,194,143,96,137,302,346,871,369
487,310,227,168,112,160,356,330,941,369
615,399,350,276,194,254,370,436,1009,369
420,230,268,205,123,173,321,656,929,369
547,342,235,169,102,156,304,390,866,369
577,343,327,238,137,211,352,642,923,370
364,239,182,144,105,135,275,336,960,370
658,352,401,321,181,225,400,705,991,370
331,253,138,118,90,109,253,349,916,370
384,235,246,178,123,183,395,380,921,370
493,287,260,211,137,174,397,475,958,370
487,326,110,85,62,82,270,713,921,370
508,276,373,301,197,257,497,627,925,371
389,234,203,148,97,140,399,475,922,371
552,416,210,159,122,168,352,339,922,371
605,320,281,213,124,168,340,670,966,371
599,440,482,321,241,378,539,163,922,371
522,337,175,137,98,132,468,352,965,371
432,304,150,111,84,116,306,352,920,371
260,190,258,205,141,190,306,346,901,371
270,173,163,121,83,118,329,350,961,371
585,350,461,334,213,314,496,576,997,371
583,375,292,232,156,211,336,660,955,371
598,397,231,156,109,176,326,342,887,371
393,243,186,142,105,144,405,360,925,371
332,257,145,101,78,117,257,334,904,371
526,374,159,112,83,123,321,349,899,371
270,170,143,111,76,103,280,331,896,372
611,308,404,282,152,246,407,666,922,372
566,280,379,277,152,222,227,911,988,372
551,355,299,214,138,207,284,489,961,372
641,425,220,178,123,158,338,370,932,372
672,417,263,203,134,184,370,599,957,372
593,403,191,152,110,145,363,376,967,372
498,333,229,171,131,176,382,460,895,372
519,352,251,184,120,174,293,422,928,372
593,350,268,208,132,181,373,634,940,373
604,306,512,376,192,285,401,934,946,373
418,256,285,226,158,208,254,675,969,373
337,204,190,151,95,135,326,474,922,373
630,383,324,235,150,221,401,605,1001,373
308,197,269,188,124,189,347,545,952,373
397,290,211,160,121,171,327,323,897,373
491,309,381,294,200,270,475,888,970,373
385,311,160,133,115,140,317,357,909,373
455,311,162,119,89,124,313,355,940,373
364,231,269,200,137,194,321,425,925,373
484,281,310,245,146,198,286,692,909,374
380,300,104,85,70,87,219,344,922,374
597,421,219,167,129,174,391,505,942,374
463,294,207,159,107,150,316,382,962,374
353,237,116,76,53,86,368,414,960,374
374,251,151,116,87,115,304,342,880,374
437,294,166,124,85,120,311,347,943,374
600,381,204,146,102,149,339,436,898,374
432,308,151,116,92,123,436,338,868,375
285,175,259,184,123,187,307,392,974,375
477,242,366,264,154,235,444,686,957,375
432,308,161,145,111,126,243,421,961,375
300,188,287,219,139,184,282,658,995,375
509,364,220,174,131,174,359,340,911,375
568,379,219,180,130,161,351,404,897,375
321,166,246,170,129,189,519,30,647,375
548,349,267,195,139,198,324,607,950,375
431,288,177,141,95,126,258,344,970,375
416,255,183,136,98,138,294,434,929,375
268,202,246,223,165,186,444,80,639,376
264,203,120,85,67,96,220,337,837,376
456,326,185,136,103,149,399,348,873,376
386,230,294,219,140,200,313,575,952,376
605,309,282,195,111,178,319,507,957,376
361,217,282,209,148,207,359,480,960,376
621,447,154,115,87,119,340,345,852,376
163,144,174,136,115,150,371,1,218,376
613,389,292,219,144,206,305,457,967,377
282,197,178,148,101,130,315,298,919,377
399,274,124,94,69,94,225,340,946,377
632,377,226,188,131,157,399,348,872,377
358,211,220,173,114,157,321,473,960,377
298,250,230,176,164,214,380,1,188,377
363,266,174,132,98,136,312,304,907,377
367,228,221,174,128,169,336,386,922,377
435,261,227,158,104,159,449,514,910,377
579,392,208,163,123,164,506,350,949,377
708,415,289,215,141,202,372,577,973,377
245,197,108,75,59,86,190,330,888,377
633,436,170,126,84,120,342,356,944,377
320,195,179,137,95,131,291,439,889,377
279,165,205,158,104,143,258,566,915,377
415,273,196,152,111,144,283,417,929,378
567,398,165,127,93,123,304,335,945,378
317,242,211,143,109,168,223,319,934,378
437,319,181,133,101,143,334,344,895,378
553,381,245,196,129,172,293,401,954,378
615,408,125,100,63,83,214,664,940,378
564,361,336,243,152,226,294,469,934,378
598,430,149,116,88,116,361,351,786,378
489,341,141,102,80,113,367,302,964,378
251,186,119,95,75,97,228,350,897,378
355,257,168,136,106,131,248,338,952,378
659,451,234,176,124,173,363,577,924,378
458,327,240,169,119,176,334,516,925,378
518,252,442,343,155,216,205,952,974,379
338,250,161,131,101,126,225,327,961,379
322,178,128,99,61,86,0,964,980,379
390,256,186,153,108,137,363,350,916,379
679,404,221,168,112,154,341,559,990,379
415,318,122,90,70,95,168,293,969,379
446,262,419,339,223,295,499,617,922,379
511,341,164,125,91,125,283,352,977,379
317,222,138,100,77,110,277,355,920,379
199,149,141,110,84,109,249,330,927,379
398,288,109,84,64,86,296,348,903,380
451,261,342,250,153,228,339,555,923,380
707,493,186,140,100,139,438,1,207,380
437,218,299,253,185,227,531,326,918,380
449,265,299,237,149,198,287,579,875,380
386,347,96,66,61,88,366,1,213,380
360,283,173,114,84,136,472,135,818,380
638,440,139,112,79,101,352,355,954,380
556,298,245,185,119,164,356,517,930,381
310,245,129,118,93,104,271,346,892,381
511,343,219,161,107,157,418,337,830,381
599,450,206,160,122,165,344,341,972,381
411,270,143,112,79,107,288,317,991,381
282,187,179,139,105,138,328,268,926,381
495,332,189,156,102,129,350,325,926,381
230,159,198,136,97,149,274,353,938,382
578,294,572,430,162,239,291,803,1023,382
336,243,166,138,104,130,277,361,986,382
409,265,291,226,140,185,267,569,965,382
256,166,146,113,85,114,291,321,924,382
314,174,313,221,134,203,338,566,930,382
386,288,182,138,111,151,299,310,859,382
649,382,262,208,144,188,357,404,977,382
589,367,424,309,234,331,425,528,989,382
365,199,277,212,136,192,297,638,966,382
290,170,134,102,67,91,402,344,921,382
343,235,149,113,86,117,323,331,902,382
445,250,130,107,65,86,253,556,981,382
210,175,114,82,69,95,142,328,796,383
440,309,187,137,105,147,331,427,928,383
589,411,155,116,86,118,341,392,908,383
394,196,271,208,124,172,276,637,986,383
317,227,169,128,100,137,315,335,909,383
316,249,193,135,106,154,230,488,950,383
505,249,309,236,111,143,336,641,914,383
684,368,414,300,161,255,378,930,1006,383
663,439,225,165,115,163,365,383,901,383
345,200,267,216,140,186,306,560,965,383
421,299,182,159,123,142,403,465,920,383
524,336,192,165,113,138,412,443,953,383
401,228,295,223,133,192,340,530,963,383
342,226,174,128,92,132,330,374,935,383
616,401,272,206,143,199,380,640,923,383
600,352,320,254,171,222,391,669,960,384
370,268,153,126,99,122,270,385,946,384
447,328,129,104,77,101,237,325,915,384
477,300,211,153,105,158,342,495,912,384
391,244,208,159,108,151,355,456,927,384
425,312,148,101,85,126,392,323,880,384
487,358,138,107,79,105,264,294,947,384
556,310,159,125,79,106,297,571,957,384
266,151,175,138,85,118,269,368,915,385
492,367,125,102,83,102,288,335,894,385
476,236,411,329,184,254,338,658,984,385
406,258,198,150,104,142,476,378,950,385
344,245,135,106,76,101,331,353,917,385
623,412,224,170,120,171,357,395,900,385
430,327,146,109,87,118,340,334,872,385
382,195,271,216,140,186,450,574,994,385
296,184,235,185,126,169,204,486,971,385
284,209,130,97,69,97,207,336,839,385
538,347,209,145,94,145,558,325,1023,385
320,183,298,219,143,204,321,639,943,386
471,254,392,298,171,250,514,709,987,386
334,249,164,122,91,126,351,312,822,386
412,279,151,127,97,117,286,348,958,386
290,201,186,130,93,137,323,397,923,386
250,203,167,136,124,150,410,48,714,386
551,378,266,211,157,204,347,638,955,386
261,177,118,92,66,87,228,327,877,387
311,213,178,137,100,135,235,325,930,387
519,317,261,210,140,183,346,522,974,387
313,201,202,149,105,150,307,424,975,387
481,332,139,121,94,108,371,348,949,387
423,306,126,99,76,99,284,337,948,387
401,291,155,116,87,121,317,334,913,387
384,217,352,279,179,245,422,669,914,387
513,360,176,128,91,128,356,310,777,388
591,416,249,195,140,184,359,441,958,388
511,305,317,238,142,212,322,700,953,388
276,171,193,169,115,137,252,358,968,388
436,304,178,137,103,140,324,423,944,388
392,272,205,166,118,152,210,623,902,388
612,325,482,368,227,320,485,916,911,388
401,258,157,120,83,115,250,324,943,388
544,342,298,241,172,224,331,673,960,388
722,455,283,226,147,194,325,645,941,388
611,430,432,317,234,328,557,99,845,388
336,272,171,135,107,137,291,343,894,388
378,262,165,122,83,118,292,339,911,389
441,223,261,189,124,178,453,553,962,389
661,438,159,122,86,116,359,371,885,389
334,263,173,136,108,137,274,326,841,389
312,206,146,98,74,114,382,339,966,389
585,404,263,195,127,181,412,355,1011,389
322,261,123,109,90,102,378,339,883,389
486,312,181,126,85,128,269,409,966,389
531,372,187,143,111,151,335,351,931,389
399,251,246,207,144,181,328,340,991,389
404,245,248,188,126,171,242,564,967,390
309,200,191,159,125,150,264,324,946,390
592,314,376,303,179,236,330,974,957,390
318,160,181,130,85,129,468,373,972,390
577,314,312,235,147,206,474,620,919,390
295,184,226,153,94,154,304,328,968,390
535,409,277,181,118,198,473,478,958,390
475,317,164,137,97,117,304,348,957,390
381,283,120,94,75,96,296,260,889,390
678,450,385,313,202,272,340,951,791,390
485,233,268,189,114,174,497,522,932,390
339,164,248,191,111,155,327,625,932,391
484,268,290,213,140,199,348,601,916,391
210,166,139,97,76,110,206,334,940,391
612,374,178,140,113,142,506,342,940,391
393,256,307,245,154,206,322,558,948,391
538,411,121,101,82,100,340,290,875,391
412,225,138,105,68,95,409,466,954,391
592,406,195,164,121,149,343,393,938,391
335,267,170,115,99,145,301,174,787,391
491,275,224,162,98,144,360,632,892,391
627,390,189,143,95,133,443,332,949,391
526,361,118,96,74,91,241,340,935,391
583,376,378,297,192,262,484,668,965,392
485,271,377,316,179,233,429,678,923,392
386,292,251,185,141,195,429,494,911,392
407,274,149,115,88,115,305,337,911,392
329,235,110,91,67,84,260,340,904,392
461,325,164,129,94,126,317,346,879,392
556,370,235,163,115,173,390,457,944,392
386,264,210,158,119,160,327,517,963,392
597,350,475,357,210,300,322,934,998,392
437,240,311,237,145,206,481,630,951,392
413,198,390,291,158,229,565,660,967,392
486,300,138,98,73,108,466,333,892,392
438,285,227,184,133,172,309,499,914,392
408,230,335,239,156,229,478,700,950,392
727,410,465,302,165,287,483,737,950,392
346,238,197,148,107,149,264,326,955,392
422,297,187,136,103,147,334,326,930,392
253,149,165,113,71,113,248,321,876,393
467,294,340,246,175,263,299,653,959,393
409,267,194,147,96,135,192,550,967,393
315,172,215,162,95,137,327,449,967,393
379,241,172,140,97,122,301,334,944,393
443,311,216,176,136,172,312,404,956,393
595,393,199,130,86,140,303,323,923,393
235,154,151,110,76,110,261,357,956,393
387,279,186,146,114,145,299,314,872,393
387,272,130,97,75,103,262,351,968,393
664,420,402,304,216,304,395,728,1011,393
396,206,284,224,142,186,282,658,962,393
547,354,205,164,120,155,343,685,908,393
555,395,181,130,97,141,322,408,937,394
329,199,159,121,86,120,399,358,836,394
478,374,160,124,98,128,287,330,924,394
483,351,159,120,93,123,341,346,918,394
333,218,229,181,126,168,271,517,897,394
354,243,146,106,60,97,281,317,896,394
348,200,287,212,128,188,346,567,978,394
383,234,222,171,118,159,399,483,913,394
535,296,274,215,134,185,454,637,919,394
680,411,309,234,161,226,409,676,875,394
191,189,184,117,109,170,393,53,775,395
506,338,208,158,119,165,353,353,959,395
369,237,276,209,148,202,408,445,941,395
327,235,180,125,94,142,287,326,872,395
491,359,119,96,72,94,309,328,908,395
591,293,272,192,100,152,348,663,947,395
267,198,161,115,90,129,257,309,923,395
560,410,177,141,108,141,349,408,972,395
281,189,173,132,102,135,300,358,951,395
341,242,151,125,94,118,306,338,890,396
438,282,377,287,200,274,561,597,915,396
568,347,229,179,125,167,350,422,966,396
298,223,190,152,115,142,241,410,924,396
451,351,296,215,176,246,469,567,981,397
443,256,321,239,157,221,389,601,899,397
360,251,170,133,94,127,285,344,949,397
523,343,140,115,78,99,278,362,960,397
364,241,170,124,93,132,284,326,908,397
543,372,223,155,105,161,270,411,976,397
565,298,325,219,146,235,405,694,965,397
324,211,212,166,117,157,301,293,942,397
397,237,289,224,148,202,303,381,981,397
537,318,278,198,129,195,387,690,918,397
329,248,133,96,78,109,309,333,875,397
376,269,167,129,102,136,252,315,914,397
560,431,116,89,70,94,269,360,939,398
308,177,245,190,122,166,205,674,957,398
699,419,294,229,143,194,423,674,941,398
374,221,293,203,127,189,429,455,872,398
432,250,182,140,102,140,386,379,953,398
241,150,164,139,91,116,623,0,112,398
213,141,198,140,98,143,220,391,953,398
461,332,222,161,127,177,297,321,921,398
697,451,233,180,116,165,374,540,950,398
662,465,384,274,212,308,481,306,850,398
450,206,368,267,152,226,536,627,987,398
423,232,303,243,152,201,429,497,930,398
421,255,232,174,131,179,457,420,943,398
431,212,310,239,133,186,338,524,948,399
325,219,132,119,87,98,265,335,970,399
237,171,143,121,96,115,339,336,915,399
658,440,303,213,151,224,451,616,929,399
472,286,279,211,128,180,484,506,942,399
343,208,232,173,117,165,291,639,967,399
316,218,185,135,102,147,304,339,901,399
574,451,341,257,216,289,499,153,725,399
345,231,191,143,106,148,299,326,954,399
473,352,198,149,128,169,394,449,896,400
223,160,156,116,84,122,392,12,647,400
416,211,321,234,147,218,353,718,972,400
509,360,260,187,134,193,357,312,968,400
541,349,129,99,73,100,285,665,968,400
433,305,204,157,105,146,308,307,929,400
354,279,116,80,63,92,265,346,931,400
564,407,162,116,85,121,344,354,931,400
405,263,115,81,59,88,355,378,927,400
477,329,145,115,87,114,325,352,886,400
363,194,251,203,120,162,331,637,956,400
276,184,177,133,94,130,454,326,960,400
444,298,197,157,107,144,322,361,903,400
709,384,419,336,168,219,299,980,970,401
255,163,121,95,68,91,240,335,824,401
572,408,173,133,98,130,315,329,950,401
295,182,151,115,78,109,239,358,850,401
459,310,216,172,118,149,299,430,947,401
576,380,266,212,149,197,335,603,944,401
707,434,328,246,161,226,393,546,955,401
555,279,208,163,103,139,463,346,949,401
365,265,144,114,87,113,293,338,903,401
501,439,191,79,155,317,560,237,843,401
558,345,264,208,146,191,475,535,924,402
337,227,181,138,104,140,318,530,911,402
385,274,182,131,93,136,260,321,930,402
168,136,172,128,99,135,386,366,949,402
658,447,225,162,116,164,294,578,883,402
357,255,160,121,88,122,254,293,943,402
344,228,144,105,80,112,237,344,942,402
370,230,194,139,99,145,455,353,901,402
416,303,159,127,97,125,284,298,932,402
463,256,284,213,159,220,501,441,945,402
436,315,168,128,107,140,438,346,899,402
450,262,339,253,170,241,331,649,936,403
282,197,185,136,96,141,317,446,939,403
376,246,164,122,88,123,332,350,938,403
387,277,104,84,68,86,230,323,940,403
275,179,144,114,79,104,387,1,194,403
446,304,149,110,78,112,264,339,901,403
660,428,222,164,111,159,345,448,889,403
448,301,242,190,142,186,359,449,962,403
346,283,172,134,106,135,213,442,900,404
294,168,269,201,125,182,295,642,930,404
681,475,235,177,124,175,312,395,987,404
634,467,304,233,179,241,398,340,1002,404
583,410,120,105,81,95,364,334,904,404
499,334,252,188,129,184,313,618,891,404
620,454,166,138,104,130,308,344,943,404
481,262,241,166,98,159,442,659,948,404
657,444,263,185,134,199,359,313,959,404
465,318,231,184,133,166,250,466,927,405
652,394,283,198,137,210,410,677,888,405
549,272,354,257,155,232,453,688,927,405
473,402,141,94,78,120,358,222,829,405
287,158,264,209,125,165,237,688,980,405
275,214,134,105,86,111,426,339,736,405
693,463,262,227,165,195,493,339,956,405
663,419,354,250,166,252,517,464,884,405
219,131,235,187,107,145,207,441,969,405
420,347,196,135,115,172,330,231,869,405
495,324,220,161,115,159,388,400,969,405
295,184,249,190,123,171,149,422,975,405
278,190,165,117,90,131,318,305,859,405
556,392,146,124,94,113,352,335,942,406
321,230,179,135,104,142,286,390,939,406
429,197,346,256,156,225,465,670,971,406
408,316,147,107,83,118,277,338,905,406
540,386,151,109,79,115,299,356,911,406
417,314,135,103,85,112,356,329,880,406
542,385,192,158,119,151,342,374,946,406
431,299,193,153,115,149,285,348,964,406
608,446,149,122,97,121,272,333,954,406
338,244,177,133,103,143,297,322,920,406
337,245,197,153,115,153,283,304,938,407
523,290,292,211,136,198,320,659,986,407
260,165,219,162,109,153,131,550,919,407
324,228,178,131,98,137,324,346,909,407
539,377,151,118,88,118,321,352,936,407
331,243,222,178,131,168,268,405,938,407
377,283,134,102,78,109,322,364,911,407
267,181,184,134,93,133,286,308,904,407
365,267,150,111,93,129,348,280,873,407
428,243,301,232,151,203,274,598,959,407
290,166,180,141,98,131,336,349,852,407
448,255,250,193,124,172,406,577,920,407
488,298,250,180,116,175,361,592,905,407
458,258,269,189,122,188,441,532,942,407
258,180,180,122,92,140,277,341,919,407
408,270,237,183,129,182,354,379,895,407
665,390,512,389,251,347,503,682,960,408
563,305,238,192,129,166,453,493,821,408
508,339,242,186,135,184,342,508,917,408
334,230,214,159,133,181,488,346,951,408
389,287,162,150,116,129,296,333,834,408
336,190,231,182,113,155,417,545,856,408
418,248,353,248,149,231,404,675,954,408
398,243,391,270,150,234,431,615,977,408
308,240,104,78,63,86,271,340,878,408
495,310,204,182,122,144,309,410,973,408
609,357,276,213,136,188,401,611,863,408
726,470,214,176,116,152,465,377,938,408
612,386,343,261,180,235,260,802,930,409
440,282,173,138,95,128,312,341,896,409
445,264,282,215,136,194,341,546,967,409
347,201,191,144,99,136,322,497,908,409
312,180,181,147,102,127,466,360,890,409
423,293,177,139,103,136,327,365,944,409
619,343,384,271,148,234,405,796,1007,409
503,324,219,163,110,157,261,614,956,409
268,174,224,158,107,166,321,507,887,409
488,274,267,207,131,187,287,626,904,409
614,423,129,100,75,101,284,343,1000,409
471,317,254,207,153,192,332,497,931,410
323,208,273,227,166,205,313,509,969,410
425,315,181,140,109,144,293,510,894,410
293,192,159,117,86,122,322,354,863,410
246,171,176,141,99,129,304,320,938,410
346,209,317,235,172,235,389,623,895,410
362,280,143,108,81,110,168,263,950,410
700,396,271,193,116,174,397,661,938,410
613,395,292,232,148,201,374,502,942,410
372,241,174,141,99,127,272,351,967,410
363,258,173,129,95,133,327,335,927,410
574,389,201,156,111,150,360,460,921,411
650,439,257,183,132,194,317,370,959,411
597,310,332,267,171,216,352,656,1005,411
479,368,115,92,76,96,274,335,890,411
666,423,290,214,153,213,355,548,950,411
616,387,308,239,145,199,422,619,930,411
503,348,208,156,108,155,303,415,1001,411
318,218,309,241,171,223,561,324,939,411
250,185,291,206,154,223,469,9,654,411
704,484,280,212,154,208,350,640,901,411
426,291,167,125,87,125,325,339,874,411
379,250,231,172,123,171,307,467,958,411
535,316,337,252,154,229,414,613,930,411
358,241,192,149,102,135,286,310,932,411
567,319,147,124,91,109,425,337,929,411
292,172,176,119,79,124,263,364,936,411
241,175,158,123,90,120,197,349,879,411
534,378,234,188,153,191,442,504,874,412
350,235,258,198,127,175,181,662,942,412
275,185,215,171,122,163,303,291,972,412
494,283,204,159,112,149,431,466,916,412
526,394,108,89,74,91,248,342,930,412
465,301,274,204,121,174,386,544,954,412
373,244,201,152,104,143,446,389,948,412
450,331,139,114,87,108,305,304,905,412
315,208,179,122,79,123,326,317,900,412
556,387,165,118,85,124,345,352,888,413
612,429,115,91,69,92,351,272,927,413
330,200,261,207,138,188,228,591,913,413
483,315,174,121,87,132,408,335,862,413
323,206,226,175,115,158,372,483,837,413
582,344,137,107,63,89,371,384,914,413
560,360,248,193,140,182,380,616,920,413
322,189,341,256,154,223,408,597,961,413
423,281,248,190,126,177,273,459,936,413
318,221,187,139,100,139,335,302,890,414
310,210,124,93,68,92,314,223,927,414
482,337,277,217,158,209,538,7,516,414
428,292,173,149,107,132,395,337,920,414
222,186,107,75,66,92,191,344,831,414
304,233,118,91,75,96,273,329,917,414
362,246,347,261,167,239,456,382,971,414
556,368,194,169,114,138,307,359,923,414
366,268,146,104,77,113,252,342,937,414
596,415,204,160,112,153,356,440,893,414
251,170,239,174,121,172,172,593,948,415
284,181,170,122,87,128,288,373,919,415
447,240,262,195,132,185,372,593,983,415
430,317,224,163,128,177,425,530,921,415
278,179,154,110,79,115,285,361,945,415
503,316,252,185,121,176,294,694,955,415
356,181,328,253,147,205,322,693,973,415
392,285,156,127,104,128,288,346,928,415
549,320,334,246,164,240,421,613,888,415
483,263,337,252,158,227,377,664,940,415
671,430,245,185,124,173,335,519,915,415
516,290,267,186,123,186,454,567,896,415
643,457,226,190,149,174,355,358,949,415
378,298,165,119,87,126,293,337,885,415
558,327,268,206,137,190,430,501,934,415
511,369,189,165,122,146,344,393,940,415
394,254,217,194,134,161,303,429,944,415
237,170,166,138,116,140,425,358,962,415
516,304,253,186,125,179,462,590,957,415
521,301,298,233,150,206,371,626,951,415
482,364,200,141,109,160,297,317,941,416
442,327,152,127,100,122,324,324,939,416
619,319,249,196,124,166,455,607,901,416
672,412,272,210,136,186,359,605,947,416
670,423,248,181,119,177,341,525,991,416
373,254,186,146,109,144,382,459,849,416
293,162,253,197,130,175,316,525,897,416
332,229,211,155,112,158,337,352,927,416
404,268,205,170,132,162,475,442,927,417
391,228,163,130,80,112,322,349,964,417
390,252,210,165,134,173,445,335,902,417
337,198,184,148,80,107,24,1023,994,417
582,393,164,136,99,125,323,348,947,417
288,225,121,93,74,99,222,311,834,418
620,462,179,131,99,139,306,351,902,418
472,354,170,125,96,138,245,327,961,418
565,357,202,166,114,141,326,485,968,418
460,335,106,90,69,83,279,349,904,418
582,323,348,277,179,237,381,663,942,418
345,260,167,128,102,139,276,345,923,418
354,264,182,135,101,141,412,340,964,418
537,349,293,228,147,197,327,602,817,418
443,307,159,126,93,124,305,358,953,418
341,209,152,123,84,112,257,360,951,419
571,344,358,287,187,252,393,646,934,419
571,318,471,350,230,313,376,1023,1018,419
420,291,211,151,99,148,257,330,996,419
321,241,147,109,83,118,287,358,884,419
366,255,187,144,120,156,396,346,973,419
579,333,302,212,177,257,524,637,964,419
326,206,172,127,88,127,312,325,909,419
292,173,305,221,144,210,355,559,959,419
655,443,251,183,139,197,447,203,896,419
372,259,300,240,179,229,384,337,925,420
606,401,284,245,179,213,380,520,937,420
460,347,157,137,112,129,298,267,911,420
327,233,186,138,101,143,244,342,974,420
347,256,127,104,82,102,272,168,956,420
411,282,136,109,78,102,334,356,969,420
428,197,376,266,145,227,422,630,1007,420
706,489,151,122,86,112,362,330,939,420
381,231,248,195,123,156,232,673,896,420
544,355,239,181,120,171,446,518,924,420
432,302,135,104,78,105,302,347,941,420
410,281,199,149,106,146,255,425,931,420
381,251,114,92,70,90,403,354,931,420
661,367,353,284,166,220,427,669,989,421
455,294,179,134,101,138,471,356,903,421
312,218,313,232,157,224,435,616,971,421
514,363,139,111,85,110,341,333,886,421
258,188,148,116,92,120,287,335,888,421
665,458,201,170,124,157,334,505,954,421
528,401,112,90,75,98,367,257,845,421
604,327,352,273,132,189,405,662,1016,421
361,242,312,224,149,222,339,549,958,422
335,203,157,130,92,113,320,355,931,422
268,193,175,139,103,133,271,323,953,422
529,384,160,133,105,128,370,342,892,422
307,164,166,128,91,120,428,343,882,422
271,171,172,123,85,127,432,345,886,422
511,354,215,167,103,141,502,343,932,422
422,301,154,112,85,121,347,345,947,422
438,292,187,147,104,139,345,347,939,422
424,293,242,195,130,169,195,404,960,422
713,442,196,156,103,137,437,478,930,422
545,360,160,125,89,120,290,358,947,422
515,305,237,181,121,172,371,361,956,422
290,195,189,145,106,143,383,391,929,422
316,224,133,93,74,104,333,339,930,423
375,233,209,161,114,152,351,451,943,423
432,234,352,282,174,234,420,660,932,423
329,231,121,103,78,95,295,351,921,423
628,458,162,121,98,133,425,344,914,423
591,417,347,238,179,275,589,3,513,423
243,171,190,157,116,143,437,335,917,423
428,262,264,194,122,179,354,403,929,423
415,246,249,197,139,182,254,569,950,423
404,251,217,165,115,162,319,589,945,423
727,467,163,126,87,118,449,366,960,423
598,342,338,260,139,193,266,833,952,423
582,328,330,250,160,226,373,550,1007,424
389,221,300,229,142,202,375,684,931,424
435,299,150,119,89,113,288,342,880,424
596,430,203,148,112,159,346,331,915,424
381,288,192,151,117,155,232,345,964,424
223,142,221,174,112,148,537,284,1023,424
309,233,113,91,71,89,256,343,910,424
328,187,195,140,96,139,481,347,934,424
620,332,407,293,166,260,403,631,977,424
551,422,307,201,167,260,457,295,802,424
611,362,230,173,120,170,281,573,980,425
590,310,392,328,177,227,395,607,968,425
296,223,117,88,74,98,290,266,916,425
382,277,209,162,120,159,252,304,973,425
442,265,331,244,165,233,514,530,973,425
360,197,53,16,43,138,492,31,687,425
383,222,331,244,162,234,508,586,907,425
328,172,268,187,118,178,285,595,906,425
494,348,134,106,80,102,219,337,937,425
568,395,193,156,124,157,433,347,935,425
529,344,195,136,95,148,412,332,810,425
541,423,105,89,73,89,328,275,938,426
506,380,305,222,159,230,463,111,815,426
620,406,211,161,114,156,335,525,918,426
337,243,153,116,90,120,252,323,900,426
409,295,189,144,113,150,343,318,934,426
403,296,129,119,81,94,291,1,231,426
404,262,171,130,99,135,308,334,946,426
564,337,332,253,156,218,383,600,928,426
409,287,202,146,112,158,323,500,940,426
392,228,274,205,135,184,301,556,942,426
389,270,116,89,66,90,235,358,925,426
510,335,349,283,175,229,478,633,882,426
410,288,258,186,127,184,344,465,977,426
382,255,172,137,101,133,312,329,924,426
380,271,170,130,94,130,348,398,899,426
536,339,218,159,107,158,353,538,908,426
478,290,233,175,115,164,354,428,913,426
431,265,190,139,96,135,300,397,956,426
238,165,175,131,91,128,241,523,934,427
302,241,126,100,80,102,199,326,916,427
649,444,218,165,117,165,346,368,938,427
363,232,169,123,89,130,312,287,897,427
476,230,295,242,139,185,444,479,967,427
433,316,172,129,96,132,301,352,972,427
702,439,237,172,114,165,397,429,925,427
457,290,252,198,135,181,360,475,915,427
500,321,196,159,113,142,347,431,897,427
244,192,157,110,87,129,248,322,945,428
463,358,143,115,90,112,352,356,950,428
560,347,275,214,129,178,329,304,930,428
278,194,225,170,118,163,315,343,915,428
660,426,230,163,117,172,343,621,937,428
443,296,200,151,103,146,264,311,951,428
563,337,383,282,181,264,375,669,942,428
415,254,312,230,142,215,381,592,927,428
693,430,289,207,131,198,407,465,951,428
642,397,190,149,98,132,297,338,988,428
358,251,166,123,93,130,395,348,911,428
720,442,371,298,188,241,434,633,1015,428
611,349,399,306,182,255,430,660,952,428
397,260,162,121,84,117,337,367,938,428
462,325,149,106,72,107,257,328,935,428
589,344,317,255,168,221,393,703,960,428
661,349,254,211,131,167,514,615,949,429
417,238,297,237,161,212,457,499,871,429
200,149,177,140,103,132,75,524,906,429
415,271,165,134,94,121,238,536,967,429
278,152,269,197,114,169,239,604,881,429
383,271,195,163,115,145,329,402,881,429
421,306,146,117,90,118,253,334,937,429
601,366,244,198,126,165,397,500,962,429
580,350,340,257,162,236,367,631,957,429
355,279,104,91,73,85,264,353,902,429
565,417,170,138,106,134,347,352,941,429
307,227,137,106,77,102,248,354,914,429
438,308,185,134,98,141,221,502,946,429
247,168,162,126,89,121,258,319,957,429
590,374,274,224,160,205,376,669,927,430
341,244,135,100,75,106,301,350,938,430
416,253,202,159,108,149,302,558,889,430
506,383,174,145,115,140,278,295,933,430
408,211,349,245,145,227,376,673,912,430
357,302,184,126,107,157,401,1,213,430
284,185,144,119,83,103,283,217,976,430
412,235,224,185,128,162,444,447,971,430
433,262,192,167,93,115,310,407,1013,430
319,235,144,107,83,114,219,297,904,431
612,390,171,134,96,126,470,333,907,431
629,364,286,226,150,199,481,589,945,431
485,326,246,205,155,187,465,495,949,431
577,432,192,141,108,156,299,310,924,431
387,226,265,192,131,188,416,598,926,431
504,378,150,106,86,123,437,235,921,431
563,420,134,97,73,107,232,346,954,431
364,212,325,257,169,223,373,475,961,431
329,201,273,205,132,195,304,509,961,431
398,267,236,181,137,176,225,466,967,432
305,211,129,103,76,101,296,272,1017,432
419,293,229,184,133,176,320,344,980,432
396,288,220,208,166,177,340,345,865,432
545,355,391,281,176,266,404,638,966,432
431,309,139,97,75,112,318,320,913,432
579,424,258,213,169,207,362,320,957,432
427,283,215,160,110,154,255,427,954,432
720,423,303,230,153,214,394,582,902,432
218,167,126,103,76,95,169,274,919,432
375,274,180,152,101,128,250,341,946,432
582,322,406,288,154,230,352,1023,919,432
351,240,138,105,78,103,307,363,965,433
272,211,116,91,73,94,226,373,911,433
528,312,198,144,97,138,340,416,885,433
378,239,155,117,82,113,315,345,881,433
320,246,114,82,64,92,245,388,905,433
536,335,197,151,105,144,347,338,932,433
491,353,228,185,127,165,439,351,934,433
604,401,189,148,103,141,312,421,967,433
424,309,117,91,70,94,224,344,922,433
632,369,263,204,132,186,409,596,928,433
423,303,163,135,107,135,293,344,973,434
620,317,338,259,163,228,358,698,952,434
411,238,197,154,106,138,430,368,953,434
450,318,157,138,104,118,328,316,851,434
293,204,167,129,89,121,217,478,994,434
369,276,187,131,95,141,262,327,938,434
285,190,215,170,132,171,420,341,873,434
572,279,453,309,165,270,498,661,953,434
664,426,223,171,125,169,409,330,882,434
718,418,215,182,136,168,477,338,943,434
656,396,443,322,190,281,549,730,981,435
214,146,181,140,103,137,123,535,940,435
327,233,133,107,80,101,259,333,913,435
561,338,292,210,133,202,332,530,973,435
595,333,209,158,102,143,453,443,933,435
368,206,208,147,93,144,299,405,969,435
708,406,293,216,140,202,396,654,931,435
341,204,211,161,103,148,183,705,941,435
386,277,200,163,131,162,309,325,932,435
627,450,203,161,123,163,426,463,957,435
339,200,270,221,136,176,328,555,972,435
402,244,165,127,88,118,283,343,897,435
437,299,144,113,82,111,319,345,953,436
547,332,228,173,117,160,341,544,930,436
356,234,184,141,103,139,251,353,961,436
311,232,179,126,100,143,281,421,902,436
295,183,182,146,103,134,355,328,955,436
359,270,132,92,73,106,340,351,816,436
301,197,180,130,90,133,302,328,970,436
258,191,129,106,81,101,240,348,908,436
454,325,155,126,93,120,296,337,941,436
328,218,169,132,92,124,316,308,960,436
398,282,369,244,185,293,522,38,682,436
499,361,186,139,104,144,352,329,911,436
444,299,209,171,126,160,291,458,949,437
623,468,258,179,144,214,456,293,770,437
262,202,242,169,131,200,416,6,478,437
642,422,374,268,187,278,506,580,827,437
345,246,182,126,87,132,232,302,977,437
628,384,229,172,110,159,368,500,879,437
603,327,253,184,121,178,483,386,837,437
331,238,144,104,82,118,302,347,901,437
401,270,280,212,157,210,441,352,913,437
353,194,226,175,109,147,341,617,921,438
551,347,206,154,105,147,359,606,911,438
599,429,173,135,97,133,266,370,984,438
638,448,195,156,119,154,358,399,924,438
500,395,124,106,82,99,323,349,924,438
630,388,320,243,163,225,363,461,952,438
637,423,162,118,83,119,302,350,957,438
442,287,208,164,116,151,306,551,943,438
352,244,204,164,120,157,273,313,952,438
355,192,224,174,109,148,408,492,912,438
552,390,155,124,87,116,292,325,937,439
459,365,111,100,83,96,247,344,885,439
317,234,132,111,80,100,205,355,977,439
233,143,259,184,118,175,297,486,950,439
313,217,153,124,93,119,362,348,931,439
576,287,514,392,205,297,530,675,970,439
356,248,174,128,93,135,294,341,921,439
706,438,303,228,149,215,364,546,926,439
715,402,281,212,136,193,400,678,932,439
542,379,152,114,87,120,318,348,937,440
510,352,187,151,111,147,420,349,945,440
392,266,165,125,92,127,319,326,765,440
181,137,148,113,84,114,267,344,929,440
718,392,363,276,135,189,407,727,954,440
485,284,160,131,92,114,403,378,891,440
372,250,187,154,112,140,299,397,918,440
610,329,343,265,152,206,307,721,999,440
690,399,360,294,189,253,411,671,959,440
504,262,486,331,153,252,454,628,979,440
400,285,154,127,94,117,299,328,922,440
458,348,179,128,103,147,318,301,953,440
488,346,137,109,80,106,298,361,882,440
167,149,108,77,73,101,337,42,693,440
456,260,239,199,128,168,347,491,990,441
419,298,177,129,99,144,252,432,968,441
517,358,106,83,63,83,294,325,895,441
613,428,246,171,123,185,288,617,916,441
364,212,208,156,107,149,317,503,950,441
269,173,189,146,107,143,289,353,957,441
490,339,210,148,105,153,278,350,967,442
267,198,127,101,79,102,229,322,902,442
495,324,230,175,117,160,259,646,918,442
418,273,189,142,97,137,291,446,943,442
510,266,333,249,151,221,398,646,964,442
501,358,199,147,110,152,439,347,874,442
319,217,135,102,75,103,296,336,918,442
631,450,171,134,101,134,313,354,951,442
392,204,323,243,144,208,340,664,913,442
611,412,184,145,100,138,342,352,885,442
369,294,366,232,186,308,512,47,825,443
597,414,214,157,105,150,385,413,939,443
671,445,170,133,97,128,390,355,944,443
309,192,266,214,140,182,457,358,939,443
404,252,243,202,134,176,639,0,124,443
403,252,160,128,79,107,417,344,929,443
311,194,160,124,86,116,249,329,943,443
198,154,145,104,81,114,253,338,936,443
454,316,196,144,106,150,357,327,911,443
414,269,254,214,143,176,297,659,963,443
510,315,320,244,170,233,374,685,920,444
567,391,204,159,113,149,357,334,917,444
374,251,170,117,83,128,259,388,937,444
733,469,198,165,113,146,406,343,901,444
560,385,202,151,109,152,247,349,971,444
527,330,248,170,122,187,356,670,884,444
599,413,229,163,120,175,337,370,954,444
436,280,259,201,139,193,345,537,960,444
363,240,208,158,113,156,320,579,938,444
374,230,197,148,98,136,326,327,952,444
656,438,220,174,128,165,289,358,962,444
397,305,128,96,75,103,267,357,942,444
606,393,257,199,133,184,374,651,974,444
392,279,250,223,168,194,360,475,905,444
383,278,140,117,91,111,288,333,950,444
417,311,162,116,88,123,263,345,892,444
529,361,139,107,75,103,312,337,805,445
373,197,351,268,167,231,400,539,961,445
693,453,228,174,122,169,367,347,927,445
534,376,168,125,99,136,323,376,953,445
525,367,202,151,118,164,352,457,871,445
326,242,204,153,117,158,307,445,998,445
415,196,190,142,93,131,472,346,982,446
411,224,296,227,147,207,349,691,933,446
409,320,123,96,81,103,276,345,887,446
442,272,254,190,130,184,346,563,901,446
575,351,249,179,122,180,350,587,946,446
390,277,173,143,104,131,398,350,934,446
394,282,147,115,91,120,363,360,864,446
283,225,140,118,95,117,289,348,900,446
438,278,178,134,90,128,241,431,956,446
356,258,124,84,66,101,283,354,890,446
341,229,174,129,96,132,455,353,825,446
573,380,354,282,162,219,309,804,964,446
665,389,304,230,158,216,454,680,964,446
307,187,316,248,153,205,350,497,985,446
434,262,239,169,120,179,337,403,944,446
468,293,234,169,120,176,322,530,945,446
492,302,220,179,125,156,325,376,950,446
327,199,235,161,104,161,335,481,936,446
366,235,201,159,112,146,298,408,942,446
285,211,331,249,184,253,579,12,554,446
627,379,243,205,148,183,380,467,929,446
536,387,110,88,67,86,306,347,914,447
462,305,209,141,100,159,290,346,925,447
732,449,306,232,149,210,438,612,916,447
712,455,368,292,165,214,252,846,980,447
509,347,184,136,102,140,336,336,882,447
445,281,280,205,139,200,364,584,932,447
586,354,473,330,201,314,404,653,966,447
718,423,258,201,131,179,332,502,989,447
359,226,322,249,161,218,350,638,932,447
515,342,276,199,144,209,353,374,927,447
478,387,288,206,188,257,453,1,198,447
705,397,305,249,154,199,356,613,996,447
278,195,316,231,156,226,162,648,892,448
461,215,413,313,150,212,210,933,1008,448
417,309,160,115,90,130,289,336,903,448
360,236,199,129,84,142,474,330,914,448
278,190,160,113,80,118,297,349,904,448
575,375,168,124,79,104,455,340,946,448
630,399,331,215,144,231,409,535,857,448
382,262,182,142,105,142,282,333,945,448
500,311,254,213,145,184,343,569,904,448
499,377,133,94,71,107,261,337,928,449
399,260,211,162,125,165,412,491,935,449
487,277,313,246,159,217,309,570,981,449
234,178,168,119,94,136,309,344,941,449
501,241,337,242,139,211,382,675,989,449
318,175,270,208,135,189,394,660,930,449
538,343,202,159,110,144,499,350,899,449
354,178,159,129,78,102,459,382,931,449
530,365,142,114,85,109,307,350,952,449
346,207,262,201,126,174,367,552,967,449
423,321,166,118,98,142,427,339,889,449
567,443,343,218,176,281,458,321,892,450
397,259,242,183,125,174,277,577,963,450
381,229,285,214,135,193,254,699,934,450
564,413,183,140,112,151,390,466,890,450
251,172,211,140,93,150,264,338,983,450
511,358,186,131,96,144,305,373,909,450
487,272,307,242,155,209,438,531,889,450
289,230,168,124,99,137,331,319,901,450
229,162,162,131,100,124,359,333,899,450
304,213,161,127,89,117,265,321,928,450
412,304,157,131,98,120,309,328,914,450
341,193,246,179,118,175,269,517,954,450
216,157,217,159,122,173,301,353,923,450
423,295,143,111,85,115,273,353,905,451
472,317,232,176,135,183,318,437,938,451
541,297,438,312,163,249,273,964,1001,451
270,203,123,97,79,103,292,351,910,451
381,212,238,196,128,165,278,652,953,451
614,433,221,168,127,177,353,373,979,451
631,376,323,226,147,219,328,666,962,451
650,432,178,152,114,137,371,398,853,451
704,433,239,184,115,165,316,462,943,451
235,138,253,201,115,156,203,687,960,452
405,237,283,222,151,196,470,483,932,452
582,407,205,157,114,151,427,336,910,452
522,360,180,131,88,129,364,326,960,452
319,216,206,163,119,156,323,343,914,452
416,306,140,113,87,110,269,332,908,452
425,258,238,172,119,169,348,578,956,452
600,368,352,254,174,248,509,640,930,452
375,222,293,226,147,209,369,559,884,452
528,390,156,128,99,126,300,307,900,452
546,275,320,250,147,207,389,682,971,452
326,213,153,117,84,117,276,347,956,452
458,287,196,139,96,145,331,422,953,452
316,174,271,216,136,181,256,639,945,452
499,353,197,165,131,156,454,394,984,453
601,400,156,113,79,117,393,362,894,453
281,202,199,143,102,147,344,341,821,453
626,397,214,165,98,134,532,355,962,453
508,355,258,204,157,201,458,443,923,453
533,319,271,205,138,189,475,517,983,453
583,418,228,175,128,173,304,334,947,453
720,438,338,239,144,222,431,678,1001,453
390,186,347,245,149,225,477,648,995,453
244,230,181,159,157,175,529,3,291,453
669,434,243,169,113,171,397,407,916,453
412,287,221,193,143,168,424,265,1002,453
593,389,355,292,197,250,415,476,976,453
438,293,188,149,101,135,398,343,921,453
332,217,200,165,118,146,428,331,940,453
694,427,247,183,124,176,347,592,957,453
576,402,180,153,112,137,305,359,934,454
492,352,201,156,120,161,323,316,936,454
229,153,161,126,95,124,210,433,908,454
280,255,99,71,66,93,351,1,227,454
394,298,152,120,94,121,312,354,919,454
478,290,310,246,167,222,388,614,942,454
486,313,246,184,132,179,408,439,964,454
342,275,180,138,106,143,256,299,906,454
235,179,189,138,106,147,283,266,943,454
324,211,170,127,89,126,321,327,945,454
402,217,415,277,179,281,562,691,952,454
485,320,208,161,117,160,338,620,903,454
434,331,286,212,162,225,573,4,483,455
492,326,272,207,145,202,359,635,899,455
656,399,368,280,174,249,442,797,901,455
710,439,232,198,136,166,402,501,930,455
350,251,132,97,75,103,279,337,888,455
247,180,133,101,80,109,251,348,949,455
441,296,165,121,92,129,310,354,917,455
592,418,180,137,102,139,270,335,956,455
257,177,146,114,82,110,220,335,932,455
440,226,264,201,125,171,434,542,959,455
458,303,177,141,98,132,315,478,929,455
350,218,214,158,110,157,296,427,959,455
523,336,401,256,158,270,497,421,897,455
389,189,227,184,98,130,78,923,975,455
524,348,187,154,112,141,323,340,890,455
482,322,221,166,114,161,261,359,981,455
326,226,177,130,97,137,304,350,952,455
399,226,241,198,131,168,339,556,917,456
205,154,139,107,81,106,127,280,939,456
437,202,335,249,146,205,500,608,1000,456
430,297,141,111,85,111,298,353,916,456
239,161,133,105,77,101,407,342,831,456
459,282,253,188,136,186,336,587,933,456
522,329,212,159,111,155,345,516,938,456
241,188,136,107,85,109,238,296,934,456
693,429,193,139,93,140,374,409,940,456
367,285,225,172,136,187,290,318,940,456
446,298,223,178,129,167,275,468,976,456
349,246,146,124,92,116,254,335,933,456
672,417,299,245,163,218,371,653,966,457
444,283,174,142,96,126,325,416,928,457
409,309,131,86,67,108,287,353,889,457
306,204,284,221,147,190,186,641,936,457
552,381,170,128,93,127,327,372,957,457
363,258,225,171,121,170,283,405,928,457
652,378,395,288,174,232,385,814,1002,457
709,433,339,276,177,232,456,685,951,457
423,320,127,92,75,105,304,350,890,457
473,320,305,226,155,222,396,586,923,457
249,162,202,151,101,143,336,341,910,457
481,256,246,185,119,172,460,497,932,457
371,257,185,150,111,144,309,314,911,457
607,335,151,116,71,98,468,364,932,457
507,335,158,118,88,121,407,345,944,457
473,303,323,247,170,230,207,654,967,457
505,299,375,293,207,279,468,650,982,457
244,177,103,80,67,89,304,158,860,458
391,255,230,169,116,169,333,475,922,458
477,270,326,262,163,221,357,663,974,458
418,285,335,244,170,246,395,570,937,458
522,345,174,135,95,128,271,504,882,458
367,266,228,178,140,187,202,328,946,458
508,315,200,161,111,143,329,556,904,458
708,494,227,199,152,176,362,466,934,458
376,221,241,193,123,162,470,353,959,459
420,251,339,252,165,247,389,671,967,459
424,262,257,186,143,204,444,688,929,459
696,393,411,343,198,252,401,434,919,459
329,236,193,142,112,159,356,330,927,459
384,272,143,126,88,105,282,357,920,459
334,238,215,157,123,171,338,308,926,459
321,207,183,141,99,134,336,348,916,459
477,332,188,149,112,145,355,344,925,460
241,145,180,149,102,128,246,434,955,460
325,219,204,137,97,148,196,491,908,460
394,276,182,140,96,134,258,324,922,460
573,380,172,137,94,123,344,328,901,460
413,283,193,154,108,140,335,322,950,460
301,202,158,119,80,112,257,326,932,460
439,276,247,205,129,167,223,626,899,460
408,299,141,114,88,111,305,258,905,460
437,278,219,167,110,152,267,389,962,460
680,434,231,172,106,158,354,407,967,460
267,171,308,242,153,204,390,675,969,460
539,307,321,242,148,209,343,709,976,460
588,405,179,140,101,137,381,284,898,461
497,264,348,274,168,223,341,669,955,461
445,269,269,231,157,196,292,537,961,461
440,264,310,244,163,219,423,538,932,461
531,308,227,173,119,165,351,460,915,461
728,461,277,223,142,186,377,706,861,461
366,250,182,153,118,141,296,325,916,461
654,483,179,136,104,142,329,330,959,461
244,156,192,137,92,135,81,578,826,461
614,430,285,221,155,211,286,319,975,461
252,155,228,175,107,148,397,371,969,461
390,201,319,245,150,212,383,662,937,461
406,282,189,139,99,140,318,400,942,461
380,246,154,128,89,114,283,371,960,462
709,442,324,254,161,222,401,674,912,462
356,241,229,173,117,162,322,459,950,462
398,258,151,111,75,107,314,340,906,462
259,212,148,119,100,125,352,217,858,462
394,347,155,115,102,136,393,2,207,462
497,352,194,136,103,151,329,351,931,462
580,395,160,125,89,120,314,342,932,463
521,332,206,156,112,156,324,447,953,463
373,279,209,164,136,174,412,474,933,463
332,264,195,143,118,160,276,411,885,463
463,289,178,135,107,141,434,346,798,463
461,272,237,182,124,164,330,504,955,463
440,338,151,118,92,122,288,346,916,463
406,279,163,126,92,126,296,304,891,463
624,370,283,223,145,199,390,559,942,463
511,295,296,230,140,190,318,673,946,464
280,208,203,162,130,168,509,4,470,464
731,475,219,167,124,171,472,359,928,464
575,389,305,239,171,222,341,654,983,464
332,213,192,139,91,136,338,350,978,464
369,264,167,144,110,129,234,354,969,464
527,354,241,174,123,181,278,271,938,464
378,248,214,169,119,159,307,354,900,464
480,377,129,100,81,106,271,334,929,464
329,201,287,229,156,207,338,499,957,464
326,201,299,229,135,193,264,720,934,464
426,256,287,207,134,197,471,633,896,464
304,229,211,160,123,166,334,347,829,465
313,190,198,147,100,140,270,586,906,465
606,434,219,166,123,166,351,468,904,465
467,382,258,183,149,216,422,122,746,465
193,163,126,97,85,108,328,227,881,465
525,289,378,281,170,246,305,879,894,465
585,398,133,111,79,98,188,745,995,465
529,295,322,229,148,222,399,697,941,465
466,329,185,152,116,146,336,340,922,465
547,399,165,131,97,127,350,341,928,465
480,242,455,331,199,294,558,373,953,465
642,452,169,129,91,127,389,341,951,465
477,231,293,233,146,195,513,384,964,465
253,153,156,116,73,104,261,378,951,465
598,345,406,272,157,259,347,599,929,465
587,363,225,175,108,151,355,460,935,466
254,156,280,208,134,191,175,573,965,466
332,220,176,132,96,133,438,350,868,466
386,248,257,210,142,182,341,327,971,466
469,330,182,156,110,135,320,340,958,466
341,237,159,120,78,109,454,381,938,466
507,238,503,397,206,262,325,1023,973,466
448,320,147,129,101,119,279,331,951,466
382,221,272,205,135,188,382,498,841,466
594,335,329,240,159,232,411,683,930,467
562,391,289,197,137,207,486,580,955,467
415,259,222,162,113,164,323,413,950,467
388,244,212,155,111,162,303,320,944,467
512,366,191,147,108,144,277,319,940,467
617,399,269,201,134,194,385,620,921,467
506,260,352,273,122,170,393,688,1007,467
623,429,124,95,70,94,300,345,955,467
533,318,282,201,131,193,311,429,925,467
654,453,163,127,91,120,365,420,859,467
386,261,189,139,101,144,302,480,950,467
552,398,110,80,60,86,293,346,923,467
248,167,209,164,112,154,281,485,964,467
165,137,122,92,78,105,512,3,462,467
560,312,301,214,138,202,463,632,936,467
406,234,422,304,186,277,516,679,1007,467
377,260,171,128,95,132,269,423,955,467
525,353,178,137,98,130,417,335,902,467
392,222,332,259,162,224,376,710,930,467
559,388,310,201,155,250,482,262,838,468
499,342,197,148,106,147,351,395,915,468
394,228,237,182,114,163,371,563,911,468
455,327,170,130,100,133,273,431,941,468
470,316,302,238,178,227,467,671,933,468
416,255,227,164,115,166,345,574,918,468
504,308,277,206,141,199,424,571,820,468
308,237,197,141,114,162,437,166,882,468
688,439,255,209,164,199,461,362,965,469
517,365,185,143,107,147,299,347,878,469
299,207,178,124,95,144,289,317,1015,469
494,321,226,166,113,164,470,344,894,469
616,348,242,174,107,160,381,568,914,469
502,345,188,138,105,147,332,341,900,469
293,222,185,147,115,148,299,341,910,470
311,271,172,131,117,152,416,3,311,470
470,321,189,134,98,149,306,382,943,470
275,226,172,131,104,139,248,347,904,470
411,196,259,172,111,175,531,332,974,470
355,234,192,144,102,144,244,351,940,470
576,294,228,178,114,151,496,521,941,470
451,235,292,216,134,194,338,533,970,470
643,406,276,229,163,202,461,662,918,470
293,200,160,126,97,129,307,331,946,470
314,217,155,110,78,115,252,315,940,471
631,367,205,170,115,145,439,425,959,471
617,307,331,261,135,179,418,700,1017,471
587,384,285,207,136,198,356,543,990,471
336,314,126,93,90,120,324,15,649,471
306,242,169,138,114,138,250,339,935,471
185,162,142,102,92,131,363,2,209,471
555,381,183,136,102,140,365,374,792,471
553,321,308,247,155,210,365,660,939,471
380,294,122,110,89,99,272,339,907,471
526,326,259,201,135,184,357,624,921,472
608,407,190,165,117,138,325,361,954,472
454,306,210,166,121,160,435,470,941,472
471,289,222,167,119,165,316,508,906,472
418,302,145,111,83,113,294,342,908,472
422,222,321,259,143,201,385,675,967,472
599,307,364,274,158,224,409,709,942,472
358,228,140,108,73,99,322,336,893,472
642,338,257,208,112,141,298,648,960,472
650,452,170,141,103,128,370,352,924,472
283,174,197,141,91,137,208,526,898,472
547,380,186,133,97,145,318,331,972,473
518,386,122,96,77,100,302,366,949,473
418,226,375,268,156,240,432,685,943,473
606,384,262,215,158,201,442,572,910,473
708,454,206,179,117,142,347,382,967,473
656,455,150,126,94,115,327,350,898,473
582,426,171,127,98,138,279,328,915,473
570,369,333,272,188,239,377,661,996,473
333,230,155,116,90,123,415,339,942,473
594,400,175,143,104,134,361,327,790,473
462,287,230,173,116,162,307,559,931,473
371,226,266,208,131,181,227,704,934,473
637,413,172,131,89,125,334,338,950,473
600,387,495,372,214,320,491,684,944,473
525,382,127,100,77,100,347,345,936,473
489,322,157,127,90,117,283,326,932,474
595,409,203,146,115,162,342,439,926,474
568,368,199,147,94,133,300,428,972,474
593,476,443,288,223,356,483,210,874,474
637,397,356,269,150,212,408,720,1008,474
335,253,117,84,68,96,222,333,931,474
491,319,201,152,107,150,257,484,924,474
260,174,157,127,95,121,248,330,953,474
284,204,142,98,76,115,272,342,854,474
321,228,207,156,101,147,314,493,934,474
478,359,218,172,133,172,232,330,955,474
411,302,117,90,71,93,267,338,921,474
570,402,210,149,107,160,347,401,943,475
473,319,188,122,96,156,384,101,841,475
377,250,243,167,114,177,310,525,952,475
409,237,239,188,119,162,278,577,945,475
301,225,100,85,69,82,277,220,890,475
236,153,156,122,84,115,297,350,917,475
501,356,126,103,78,97,299,324,919,476
421,241,267,206,129,177,364,651,949,476
509,341,201,153,118,161,439,356,972,476
490,351,123,103,76,95,270,329,907,476
203,153,123,96,73,97,204,335,900,476
323,231,146,128,95,110,273,301,936,476
355,269,101,83,66,82,242,340,918,476
476,334,236,183,129,172,437,363,960,476
472,314,191,141,110,153,475,339,910,476
285,198,118,93,75,93,361,154,975,477
492,427,170,121,104,151,390,93,784,477
486,297,202,166,107,139,325,366,932,477
424,302,179,139,104,139,338,302,908,477
289,195,188,147,101,134,295,348,973,477
522,370,135,96,60,91,402,360,922,477
556,343,264,195,144,196,337,671,978,477
425,286,193,149,109,145,332,336,940,477
708,439,218,173,119,156,352,432,998,478
661,396,335,266,154,211,521,605,906,478
371,226,275,197,143,207,455,642,939,478
375,260,181,133,99,140,315,342,983,478
344,225,253,187,133,185,317,485,943,478
331,264,112,90,76,95,273,328,887,478
318,220,165,124,92,125,262,348,965,478
246,177,136,103,77,104,276,320,876,478
299,239,170,135,114,145,268,340,941,478
287,210,185,149,109,138,267,321,955,478
604,380,234,177,113,155,423,406,967,478
344,216,143,123,88,106,279,351,952,479
366,214,347,256,149,216,447,615,983,479
559,331,312,234,136,201,378,456,962,479
399,239,129,95,58,85,282,351,911,479
451,271,308,261,172,214,322,660,930,479
590,331,249,189,114,166,367,668,913,479
477,293,178,137,90,127,272,452,955,479
589,378,270,209,134,184,347,481,948,479
439,307,226,162,116,173,483,334,931,479
612,367,233,182,120,165,422,390,957,480
474,312,228,180,132,171,405,401,964,480
318,282,138,102,100,131,365,1,185,480
487,249,223,177,107,149,437,520,928,480
343,213,231,183,138,178,349,598,878,480
594,374,284,215,134,186,374,512,982,480
376,282,251,195,150,198,199,589,919,480
481,304,314,257,162,209,338,508,985,480
401,197,397,290,161,232,372,981,987,480
571,383,223,181,122,158,361,320,885,481
389,260,191,148,103,139,322,382,964,481
272,183,124,105,80,96,397,347,902,481
310,180,198,157,106,140,348,370,962,481
477,314,250,181,117,176,384,529,936,481
431,210,317,245,129,190,390,705,976,481
311,185,229,169,116,162,413,435,811,481
360,237,175,122,85,129,430,357,829,481
477,276,311,231,156,221,319,701,913,481
413,232,220,178,129,162,450,340,957,481
317,173,275,210,122,177,325,659,956,481
533,344,205,156,112,153,336,466,965,482
594,376,221,183,127,158,315,533,978,482
684,413,203,151,102,146,428,515,924,482
529,375,234,185,140,180,347,412,949,482
428,275,244,189,128,175,358,340,907,482
645,337,355,271,150,214,449,702,923,482
362,200,338,240,134,211,372,681,964,482
324,210,174,127,89,126,288,417,967,482
425,306,161,129,104,131,447,344,918,482
638,367,334,242,158,240,327,602,935,482
478,359,178,136,106,137,304,329,944,482
374,228,236,175,116,171,333,525,951,482
560,357,283,209,140,202,312,491,946,482
366,245,111,95,69,82,263,320,929,483
659,382,229,162,101,150,469,392,794,483
317,186,231,174,115,159,221,620,938,483
651,420,211,158,110,152,384,343,969,483
328,186,212,166,112,148,270,458,967,483
246,168,192,144,103,142,239,497,934,483
446,275,234,184,127,171,377,433,942,483
356,250,176,137,99,126,235,445,933,483
278,239,129,96,81,111,340,2,209,483
722,441,296,222,152,209,331,672,964,483
485,287,263,212,138,183,334,504,938,483
382,286,162,124,94,125,324,349,901,483
581,482,226,160,139,195,452,159,765,483
225,174,146,120,88,109,257,302,901,483
688,364,171,130,83,119,329,1023,944,483
669,419,367,251,160,251,536,602,966,483
270,194,179,131,95,136,284,326,942,483
400,269,219,173,132,172,404,357,923,483
367,248,142,107,71,99,292,327,932,483
517,276,377,287,162,231,426,670,935,483
547,327,256,186,124,179,276,618,927,484
655,405,291,223,137,191,514,506,964,484
477,323,136,105,78,107,332,348,829,484
489,231,321,233,129,194,378,707,947,484
528,343,215,161,111,153,299,400,995,484
391,221,332,240,139,223,364,630,945,484
531,387,194,143,109,154,341,329,906,484
631,372,293,239,155,208,364,551,954,484
399,267,186,137,109,150,435,308,900,484
465,324,176,135,105,142,348,340,866,484
371,300,114,82,66,94,236,334,907,485
368,243,175,144,103,130,316,318,898,485
461,302,274,202,142,200,332,484,955,485
363,235,183,123,90,143,427,337,708,485
397,243,175,133,101,135,473,345,904,485
586,396,321,223,164,249,429,487,927,485
338,227,140,109,75,103,224,267,955,486
222,148,238,173,118,172,294,386,898,486
507,353,233,199,147,176,347,366,938,486
193,143,206,168,121,152,302,309,962,486
325,248,183,142,111,146,299,350,886,486
654,390,448,329,208,297,426,843,980,486
540,394,155,126,93,122,233,351,940,486
247,196,144,107,81,112,242,324,906,486
498,271,220,164,99,143,325,550,945,486
238,166,229,161,100,153,427,13,653,487
611,392,252,196,126,175,334,473,994,487
689,416,251,195,120,166,265,820,942,487
473,242,360,278,163,229,374,642,909,487
437,232,342,284,177,231,389,683,1019,487
395,285,203,161,121,158,280,356,912,487
635,342,310,235,117,164,417,631,988,487
480,382,112,94,77,93,254,332,911,487
413,254,232,172,118,168,319,560,984,488
590,405,230,170,131,181,354,451,956,488
679,356,560,431,257,356,453,966,989,488
402,289,125,96,74,97,366,334,915,488
561,378,190,140,98,141,343,339,920,488
458,325,225,176,151,191,450,336,860,488
547,285,279,212,119,176,472,681,981,488
518,317,222,172,115,156,185,663,844,488
502,304,247,206,139,174,265,567,939,488
189,136,150,99,71,110,245,292,932,488
489,332,158,117,81,116,254,348,957,488
721,396,328,255,182,243,571,584,955,489
560,415,133,106,84,105,291,346,938,489
453,302,196,147,108,148,434,358,949,489
369,225,188,145,104,137,240,579,946,489
372,221,241,194,132,171,343,481,974,489
405,244,259,195,128,184,473,337,873,489
329,185,240,173,111,164,448,395,833,489
361,239,281,259,216,233,516,53,793,489
373,216,205,157,103,144,324,430,952,489
528,321,299,222,143,200,180,838,971,489
340,237,140,114,86,109,308,342,877,489
450,294,184,146,105,135,367,474,839,490
254,229,109,80,79,104,331,1,199,490
582,416,230,176,131,178,314,560,931,490
420,284,167,147,112,128,261,345,959,490
309,247,127,86,72,109,301,141,858,490
240,161,172,117,83,127,417,343,869,490
270,150,262,197,125,174,309,572,1008,490
675,458,207,156,111,152,328,320,869,490
538,420,128,102,87,110,254,338,977,490
634,469,148,114,89,120,324,343,892,490
312,176,223,171,110,153,351,452,890,491
707,382,395,304,186,251,439,671,964,491
394,211,347,283,147,196,280,677,940,491
318,284,231,165,156,211,400,32,666,491
375,316,189,120,94,152,452,64,814,491
216,133,192,140,105,148,369,355,901,491
423,261,247,180,125,180,350,518,965,491
504,325,198,152,111,150,356,348,975,491
491,355,378,242,180,299,466,301,802,491
351,241,196,151,111,151,339,314,986,491
240,184,111,92,75,89,227,329,878,491
434,318,134,110,90,109,345,274,872,491
547,405,122,93,71,100,299,319,891,491
290,234,130,105,86,109,224,310,935,491
425,243,287,213,152,217,444,137,877,492
289,204,194,152,95,132,324,322,920,492
572,296,364,264,148,216,389,657,982,492
435,260,332,237,154,232,355,576,833,492
402,271,171,134,99,133,317,362,886,492
444,224,323,260,143,196,314,689,957,492
460,269,272,212,132,184,316,522,949,492
519,361,178,127,93,139,353,353,880,492
666,453,174,126,91,129,386,357,685,492
385,296,157,159,125,121,301,360,939,492
435,262,253,196,140,191,339,486,972,492
312,194,217,175,120,158,306,403,972,492
413,268,164,130,94,122,469,348,950,492
325,241,148,110,87,121,236,299,940,492
341,233,236,189,132,176,270,341,950,493
373,258,151,122,95,120,280,341,832,493
438,234,338,255,149,217,397,677,971,493
573,302,346,267,162,228,379,671,960,493
658,418,210,164,116,153,375,390,991,493
621,457,223,174,127,170,330,458,927,493
231,151,183,156,116,146,319,355,981,494
348,242,232,185,138,175,347,350,914,494
266,171,131,102,75,100,244,314,961,494
358,229,140,95,68,104,276,342,923,494
446,236,208,162,98,136,5,1020,1023,494
677,438,288,227,168,215,344,686,976,494
402,281,164,124,92,126,324,414,924,494
400,218,269,214,142,189,316,576,960,494
396,265,159,126,87,118,326,348,928,494
561,415,125,106,85,100,307,341,924,494
641,339,287,207,110,174,431,592,934,494
353,200,232,183,118,163,275,574,952,495
417,285,193,131,88,136,254,341,997,495
510,308,333,252,151,213,464,559,948,495
279,208,166,117,97,139,350,336,926,495
395,272,149,108,80,114,233,388,949,495
274,196,151,107,83,121,323,258,969,496
499,344,225,175,132,176,338,348,969,496
617,416,178,145,99,129,287,335,952,496
708,475,280,205,143,210,374,505,946,496
640,377,223,163,100,149,348,469,971,496
465,318,189,142,108,144,300,358,923,496
571,360,156,126,86,109,331,336,960,496
662,421,209,166,109,146,365,322,914,496
399,260,186,143,104,140,281,369,934,496
335,249,193,149,110,152,328,346,906,496
374,260,309,213,135,203,502,93,869,496
460,232,360,275,165,228,411,670,974,496
350,236,157,131,96,119,266,335,935,496
351,211,227,178,126,168,300,485,928,496
490,344,164,119,85,123,232,283,858,497
434,314,414,321,228,313,465,527,1006,497
617,412,220,160,109,160,331,421,943,497
361,258,172,130,97,134,291,333,946,497
453,330,160,126,99,130,254,359,989,497
363,203,159,126,82,110,304,396,915,497
711,439,252,187,128,184,359,601,889,497
613,436,233,177,133,183,353,335,951,497
344,247,177,126,95,135,279,333,915,497
326,215,174,144,97,130,289,341,914,497
286,202,164,123,91,124,171,437,909,498
446,254,248,196,132,177,288,716,953,498
545,365,194,147,100,142,287,323,973,498
304,206,264,187,134,198,385,683,954,498
387,247,194,147,105,142,347,299,960,498
268,190,207,157,123,166,446,357,808,498
317,200,125,94,70,95,229,348,937,498
421,278,213,171,124,160,314,476,929,498
488,345,138,100,73,106,306,331,849,498
499,346,219,187,132,158,320,462,959,498
470,281,290,221,152,212,345,607,922,498
510,303,267,219,146,188,416,586,1001,498
299,241,146,116,96,122,245,334,902,499
468,290,207,151,105,149,401,477,904,499
631,330,394,286,177,261,405,670,937,499
685,414,275,192,115,179,386,594,912,499
413,295,166,128,95,132,281,318,972,499
586,329,183,139,90,127,495,358,951,499
576,349,250,195,138,181,383,530,949,499
324,213,141,98,69,104,332,333,913,499
404,250,227,190,129,162,341,629,938,499
273,165,162,126,91,123,300,348,952,500
515,316,260,185,121,183,342,525,963,500
270,176,139,101,72,103,248,318,925,500
697,409,388,292,180,258,382,397,946,500
585,329,270,198,129,184,286,670,869,500
408,285,162,127,99,129,279,340,956,500
377,255,201,146,105,148,342,345,939,500
494,337,235,166,123,182,344,508,939,500
486,318,215,175,123,158,282,329,957,500
511,330,213,173,116,150,227,624,953,500
297,193,132,113,88,104,372,343,927,500
328,225,184,141,98,131,214,474,907,501
336,196,213,165,116,152,334,564,932,501
395,314,152,116,92,126,271,336,949,501
329,189,216,176,114,147,339,497,875,501
378,221,219,158,106,155,362,448,898,501
336,251,195,147,120,163,332,228,926,501
547,349,315,245,178,235,360,440,989,501
367,257,184,148,109,141,424,339,818,501
581,372,293,214,144,209,385,524,896,501
457,336,209,158,117,158,479,405,936,501
478,333,179,145,104,135,322,333,945,501
384,235,250,195,132,181,327,547,945,501
394,281,184,139,99,133,338,347,968,502
406,247,188,147,92,126,316,346,960,502
244,172,197,147,105,150,204,464,950,502
515,338,206,170,113,144,360,496,912,502
238,138,185,144,90,123,532,5,590,502
506,321,269,213,143,192,378,435,891,502
391,229,242,179,126,174,379,542,866,502
326,196,153,118,80,107,258,348,948,502
435,304,192,145,110,147,335,267,887,502
347,258,161,136,107,125,367,335,979,502
523,378,149,113,90,120,459,363,910,503
469,340,158,127,99,126,322,312,868,503
499,316,196,169,120,144,310,510,960,503
295,203,166,125,93,128,283,302,953,503
349,251,113,96,72,89,283,299,935,503
282,181,213,153,102,151,294,438,931,503
344,202,216,175,120,156,329,526,966,503
459,333,230,170,131,181,378,330,924,503
279,215,129,97,78,106,211,319,856,503
349,179,295,227,135,193,378,697,959,503
666,428,201,150,98,144,359,455,910,504
512,370,164,118,95,138,262,349,927,504
511,325,235,182,118,163,312,583,945,504
680,392,216,179,111,140,487,352,933,504
419,271,206,160,113,157,342,360,976,504
204,177,105,80,66,89,269,160,823,504
488,353,154,113,91,125,422,354,871,504
231,153,194,149,103,139,196,497,913,504
183,143,130,94,72,102,213,340,913,505
247,178,144,118,78,101,300,337,925,505
375,283,110,86,69,90,282,346,931,505
425,306,143,132,105,112,275,319,916,505
435,340,116,87,68,94,265,343,851,505
272,176,153,123,92,120,576,1,186,505
376,231,198,147,101,143,323,399,972,505
416,300,123,95,76,99,308,340,872,505
324,233,235,176,136,184,300,337,881,505
406,272,252,180,148,212,408,648,920,506
543,383,184,134,96,138,320,325,868,506
642,397,257,196,124,175,498,461,948,506
329,207,198,159,115,147,339,349,979,506
610,324,477,375,249,324,422,1020,971,506
709,458,216,158,107,154,360,405,966,506
353,226,198,156,107,146,304,420,986,506
368,271,184,140,109,151,373,387,905,506
298,213,170,112,79,130,252,344,949,506
529,288,178,140,99,139,473,272,931,507
421,282,239,164,108,169,460,301,964,507
537,299,201,148,102,142,535,351,905,507
631,442,214,166,129,170,343,392,907,507
481,313,300,232,151,209,477,369,918,507
322,202,223,165,115,165,388,484,875,507
571,372,208,155,117,159,504,339,911,507
455,297,199,142,99,146,345,430,926,507
604,388,251,187,136,189,366,337,959,507
220,137,198,139,98,144,247,426,931,508
342,222,200,156,113,147,260,450,962,508
406,278,222,179,128,166,314,520,937,508
379,251,183,135,97,135,322,364,946,508
644,400,267,212,142,185,499,342,953,508
628,398,239,171,113,167,321,468,947,508
413,268,153,126,90,113,296,442,932,508
525,355,212,167,123,163,267,597,944,508
517,331,215,159,106,154,419,420,917,508
537,404,118,91,69,94,267,328,897,508
215,149,173,131,99,134,274,357,920,508
377,252,159,121,86,119,288,424,923,508
349,218,197,157,108,140,277,340,959,508
477,309,218,174,122,161,326,505,928,508
529,379,172,140,108,136,354,342,941,508
426,211,449,344,183,260,379,614,1011,508
293,170,146,119,86,113,324,350,928,508
662,431,293,215,168,232,506,622,943,508
467,298,341,266,187,249,364,619,913,509
683,441,313,228,158,226,410,538,917,509
539,407,188,148,119,154,333,368,912,509
656,452,183,148,107,139,247,333,957,509
455,304,232,178,121,164,354,493,854,509
366,236,204,166,119,153,287,463,954,509
574,390,237,187,131,173,356,555,890,509
700,428,240,182,109,147,445,359,905,509
524,324,160,125,84,112,312,335,914,510
270,196,133,102,77,104,293,348,884,510
497,337,207,162,120,160,355,368,975,510
495,264,276,223,151,199,476,348,934,510
239,205,160,111,98,141,423,128,703,510
489,338,162,133,104,126,341,361,941,510
353,210,206,167,111,144,256,427,992,510
411,286,153,129,101,121,350,332,894,510
459,329,203,154,117,157,197,612,799,510
464,333,133,99,79,106,257,349,920,510
308,210,135,102,73,101,270,349,896,510
531,349,247,180,123,180,319,609,946,510
427,244,274,214,142,192,336,642,937,510
237,190,134,104,88,113,212,321,929,511
444,255,142,109,76,104,181,710,957,511
404,306,149,117,91,122,263,331,932,511
408,325,210,147,119,173,300,306,935,511
432,328,141,107,81,111,310,317,893,511
610,361,240,187,117,161,433,490,892,511
479,341,146,116,96,120,321,346,943,511
580,373,216,178,128,161,352,499,937,511
273,175,161,127,85,115,279,373,965,512
534,303,278,212,134,184,514,430,825,512
240,165,262,190,136,197,463,578,898,512
494,336,170,139,95,123,270,318,947,512
444,309,186,147,108,141,340,330,958,512
423,292,199,152,110,149,358,336,898,512
514,342,249,189,134,181,312,612,860,512
367,271,127,102,80,102,277,319,760,512
640,383,265,216,149,191,352,693,954,512
456,277,269,206,139,191,322,677,896,512
425,252,170,135,94,123,276,568,892,512
594,357,353,264,172,248,386,666,941,513
595,434,199,126,97,162,340,269,835,513
521,337,226,180,134,172,474,427,838,513
361,250,129,106,80,100,261,349,893,513
293,243,112,78,50,82,424,60,631,513
297,218,157,122,94,123,297,331,952,513
304,221,194,159,119,149,341,344,954,513
466,352,114,94,73,88,290,319,881,513
617,336,272,215,114,153,373,687,1018,514
581,299,328,261,151,207,366,589,965,514
584,379,195,151,110,146,371,500,906,514
356,268,157,129,101,127,299,349,911,514
213,150,158,109,78,120,224,312,956,514
696,462,268,202,133,192,430,498,957,514
527,364,308,231,166,229,469,622,954,514
494,346,161,131,102,129,235,346,979,514
406,294,174,141,105,133,312,337,925,514
448,258,308,237,142,200,372,610,951,514
731,464,307,233,162,224,402,638,913,515
346,280,230,167,136,189,456,447,934,515
639,466,260,184,133,203,487,235,825,515
412,249,185,137,91,131,190,673,911,515
556,337,287,209,155,217,354,591,956,515
281,186,266,205,154,204,566,5,516,515
272,183,280,200,121,183,487,580,915,515
392,281,151,117,87,112,282,323,917,516
516,282,439,327,203,279,105,957,996,516
425,313,398,271,184,278,495,575,930,516
636,376,311,262,169,213,394,673,1016,516
263,181,154,114,79,112,281,338,922,516
600,410,160,130,97,122,336,333,938,516
351,201,332,231,146,227,393,633,972,516
500,336,227,174,126,173,351,500,942,516
423,291,135,104,78,103,290,337,936,516
167,150,141,108,96,126,352,53,722,517
704,381,394,272,175,261,385,712,965,517
372,266,192,142,100,146,283,317,964,517
513,311,311,246,161,221,315,690,942,517
703,380,494,367,167,244,393,812,969,517
643,335,316,249,132,178,233,846,930,517
413,222,308,244,155,210,412,696,871,517
485,284,388,261,149,253,367,615,934,517
320,246,124,86,64,96,155,274,859,517
400,264,189,134,94,139,427,368,975,517
239,141,243,184,123,163,76,675,911,517
497,258,393,295,181,256,505,647,933,517
561,439,175,138,114,146,329,318,887,517
374,282,199,147,112,151,358,356,976,518
418,307,203,151,109,151,342,344,940,518
371,230,178,138,94,128,309,499,928,518
456,261,271,209,132,180,326,627,938,518
625,401,232,191,138,177,465,380,986,518
389,298,128,89,68,101,286,355,897,518
518,283,292,208,135,200,441,609,945,518
264,148,216,181,119,147,297,471,987,519
532,345,271,205,149,204,376,449,967,519
459,310,137,111,83,104,273,340,947,519
488,280,240,182,118,166,362,480,932,519
385,297,206,142,113,169,193,463,920,519
462,248,138,120,83,101,372,564,949,519
249,167,235,158,108,171,281,460,944,519
546,404,156,115,87,124,350,358,935,519
337,239,390,280,195,281,619,3,560,519
490,311,210,151,103,151,492,357,963,519
446,216,365,271,147,221,379,700,1004,520
536,318,235,168,103,155,487,344,917,520
248,208,183,129,112,156,370,64,760,520
369,258,174,133,95,131,257,509,926,520
387,283,126,93,75,103,208,334,934,520
396,264,171,123,86,127,294,341,891,521
489,297,245,192,120,165,366,431,960,521
456,292,226,160,113,173,324,473,942,521
346,183,238,190,113,151,406,419,986,521
311,214,131,97,73,102,242,334,941,521
675,447,321,217,172,258,543,281,928,521
465,230,264,204,113,153,470,672,792,521
424,208,366,293,172,229,409,674,999,521
360,229,253,180,125,182,430,449,930,521
394,234,358,268,165,234,383,666,930,521
380,249,230,178,127,174,334,558,966,521
664,460,180,135,101,142,324,694,944,521
392,301,126,112,86,99,252,325,918,521
368,204,290,207,130,191,219,642,920,521
449,299,301,224,151,211,364,680,988,522
605,402,268,206,149,201,360,417,982,522
379,259,234,172,118,171,332,538,1006,522
322,228,170,124,97,138,260,331,888,522
265,185,133,105,76,100,555,1,178,523
535,354,223,162,111,158,323,575,927,523
602,411,142,116,85,108,377,327,943,523
502,317,284,210,142,205,370,485,938,523
376,215,133,121,70,83,403,1,194,523
627,380,275,202,137,200,392,593,958,523
534,342,262,171,117,194,303,336,884,523
418,258,317,216,148,231,362,638,967,523
699,476,199,149,105,146,311,401,917,523
631,434,270,217,147,194,352,497,974,523
647,451,195,149,105,144,383,343,965,523
424,271,185,152,104,134,351,381,932,523
426,292,151,116,85,114,335,333,945,523
663,484,229,172,146,196,414,338,934,523
508,365,155,122,93,119,310,329,904,523
204,146,187,141,104,143,247,370,932,523
472,335,223,184,137,170,536,2,250,523
300,221,149,115,87,118,283,334,924,524
324,264,164,113,88,133,574,3,520,524
379,197,265,198,119,171,462,625,922,524
555,324,221,179,121,163,380,460,936,524
375,250,122,98,78,100,336,275,812,524
365,282,145,100,78,118,265,342,889,524
378,199,221,179,115,149,370,382,947,524
521,326,224,165,110,159,451,376,899,524
323,199,192,134,91,132,480,329,954,524
723,482,279,205,138,203,399,629,914,524
317,179,258,198,123,178,288,490,1001,524
575,433,154,118,94,125,331,343,925,525
601,397,191,133,90,136,427,357,884,525
340,231,147,115,84,111,245,322,935,525
546,298,309,232,128,182,336,673,989,525
702,402,256,202,125,170,376,465,941,525
265,203,117,94,74,95,231,341,923,525
480,365,166,124,100,135,312,358,957,525
458,244,336,236,147,226,326,644,925,525
516,309,284,207,133,201,374,703,899,525
458,280,146,113,74,101,336,335,915,525
458,217,160,123,74,99,331,568,930,526
237,136,256,199,124,171,185,523,978,526
449,283,259,182,119,176,549,353,897,526
406,250,254,196,122,166,183,672,957,526
382,247,214,168,122,162,281,394,943,526
388,242,156,122,82,111,328,316,913,526
513,315,176,138,98,132,397,333,951,526
380,245,235,193,130,167,244,559,945,526
502,356,302,228,186,250,471,678,954,526
451,378,240,174,150,208,427,126,808,526
447,317,199,134,98,154,278,331,947,526
541,262,227,175,112,155,510,570,944,526
631,374,233,185,138,175,405,347,946,526
352,170,146,118,68,89,561,1,159,527
726,435,317,248,158,219,383,617,940,527
542,330,254,215,138,173,309,553,994,527
593,431,183,136,106,145,341,352,911,527
319,213,175,149,112,134,291,373,983,527
521,325,197,156,104,139,359,495,919,527
539,346,236,208,138,166,333,510,929,527
561,410,177,143,119,148,286,327,890,527
249,150,241,181,122,168,126,555,941,527
634,393,261,201,130,175,326,667,961,527
454,310,196,150,105,145,317,328,937,527
675,421,286,234,152,193,485,448,957,527
540,316,332,243,180,259,541,562,883,527
386,233,219,169,111,151,411,436,940,527
358,221,227,162,115,168,292,451,941,528
220,155,250,189,137,188,291,373,914,528
494,341,200,142,102,150,464,355,865,528
710,412,292,202,131,208,375,694,882,528
550,409,168,131,104,134,430,343,920,528
545,357,194,170,117,139,277,322,967,528
444,278,296,209,140,213,386,566,926,528
428,328,189,142,115,151,283,314,955,528
682,458,189,169,120,143,299,329,948,528
372,274,180,141,110,146,301,350,884,528
239,224,156,113,113,150,327,2,176,528
348,251,227,185,144,181,244,505,945,528
453,255,269,213,137,188,376,640,856,528
648,384,266,205,133,180,371,515,958,529
279,218,148,111,87,123,283,307,909,529
559,380,177,145,107,138,343,362,965,529
651,453,196,150,111,151,367,347,919,529
647,416,312,226,164,235,489,493,952,529
623,392,199,151,103,145,315,295,970,529
248,146,136,109,81,104,339,348,935,529
287,160,214,174,116,153,325,541,963,529
387,232,205,158,109,149,310,528,957,529
460,296,210,172,125,153,472,331,918,529
537,343,249,187,130,180,373,524,939,529
215,135,215,168,109,155,318,313,955,529
642,359,264,198,115,165,425,567,908,529
527,351,211,170,124,161,354,446,882,529
435,360,105,79,69,91,229,334,918,530
319,233,199,143,105,155,308,319,904,530
725,478,286,198,134,203,347,560,827,530
571,371,188,146,110,146,355,436,953,530
539,361,197,153,105,143,307,410,970,530
477,349,185,142,103,140,283,261,921,530
655,405,291,198,124,194,360,603,934,530
514,332,231,180,127,173,329,496,929,530
467,345,202,165,130,161,342,329,930,530
513,360,311,247,189,239,471,348,936,530
514,298,267,199,129,188,346,659,918,530
401,325,101,86,74,89,261,353,926,531
652,366,398,291,167,248,389,858,983,531
605,399,293,217,133,193,239,660,932,531
451,252,260,177,112,177,383,603,954,531
187,147,160,126,94,123,203,335,921,531
664,470,142,116,84,105,327,333,872,531
503,366,237,184,124,172,296,313,889,531
419,283,329,229,148,229,448,539,915,531
486,369,158,118,94,128,331,328,892,531
724,457,280,222,150,201,375,634,930,531
389,256,147,104,77,113,371,317,844,531
489,348,166,108,80,127,226,355,969,531
482,300,205,152,101,146,361,456,956,532
604,391,189,159,107,132,353,332,1012,532
657,489,414,308,266,364,525,271,832,532
205,155,166,118,90,132,174,367,902,532
329,242,179,134,100,136,386,343,916,532
559,381,279,201,116,168,551,389,925,532
323,217,234,186,139,180,311,346,964,532
563,417,152,113,88,120,339,337,931,532
448,270,210,169,114,152,268,565,976,532
512,346,174,127,83,119,305,258,904,532
422,303,181,130,97,140,287,410,942,532
415,274,196,148,104,143,304,447,951,532
559,301,249,194,131,179,422,484,908,532
436,295,181,146,111,141,374,391,924,532
422,262,231,182,125,163,260,512,963,533
702,423,260,193,123,176,350,642,950,533
473,346,158,125,94,124,287,496,967,533
435,279,222,168,117,161,340,410,943,533
554,324,292,222,140,201,406,566,947,533
408,258,244,180,124,176,286,470,931,533
432,242,353,260,141,210,544,449,999,533
301,201,207,173,118,146,217,532,870,533
410,266,173,140,103,131,344,408,888,533
372,232,179,135,85,118,306,332,932,533
612,394,247,180,131,190,421,426,962,534
353,242,181,142,107,139,302,408,942,534
395,277,124,97,74,98,250,345,936,534
336,170,308,233,137,198,374,660,937,534
401,257,202,160,115,151,349,420,816,534
342,248,224,157,113,166,425,439,946,534
442,316,204,145,107,156,301,336,937,534
497,387,173,133,111,145,333,340,926,534
724,399,326,255,175,230,526,705,935,535
631,377,159,126,85,111,456,310,959,535
397,260,175,141,90,121,273,352,949,535
570,333,322,248,153,214,349,667,954,535
225,143,201,149,96,137,427,390,940,535
350,195,336,241,144,216,391,692,986,535
666,438,244,198,146,186,501,551,976,535
703,463,249,210,148,187,322,527,959,535
395,229,165,130,90,119,343,364,977,535
669,359,313,243,151,204,389,675,918,535
650,475,394,296,246,336,486,206,873,535
310,255,175,142,122,149,439,346,906,535
250,210,136,95,64,97,375,128,831,535
484,241,347,244,146,224,503,562,966,535
472,344,252,177,130,193,317,333,986,535
376,300,222,163,136,190,412,352,920,535
482,343,291,230,165,219,441,589,906,535
571,368,126,98,65,90,382,618,951,536
647,403,295,230,155,212,373,661,864,536
444,260,256,196,123,174,335,464,960,536
446,294,207,145,98,148,359,373,987,536
479,268,288,206,130,194,367,589,957,536
566,385,198,154,106,144,326,361,943,536
696,423,240,181,129,176,349,642,940,536
385,261,165,118,74,108,439,357,914,536
489,314,415,298,174,266,354,593,983,536
524,325,212,166,115,149,464,464,912,536
429,300,145,117,87,113,308,345,934,536
286,177,196,149,100,135,311,442,900,537
389,258,187,155,108,135,301,341,949,537
357,235,195,155,115,149,283,529,971,537
465,313,160,127,89,118,178,699,971,537
416,262,289,213,148,210,366,559,997,537
518,303,223,174,124,167,488,397,986,537
574,395,253,186,129,186,371,562,859,537
508,347,249,196,133,181,251,546,919,537
352,258,112,80,63,91,240,333,909,537
252,167,164,116,79,120,439,348,914,537
583,377,214,190,131,149,341,529,876,537
306,210,145,109,84,114,267,330,923,538
572,376,213,154,104,152,458,368,851,538
463,297,238,192,130,171,295,639,891,538
460,356,147,113,89,118,338,381,950,538
565,367,270,212,146,192,360,674,952,538
583,387,259,194,140,198,391,321,885,538
287,193,152,117,83,113,262,230,953,538
335,228,121,100,75,93,291,337,863,538
387,267,120,92,68,92,260,349,920,539
221,153,156,118,81,114,175,403,942,539
569,302,396,326,213,273,501,689,911,539
540,335,312,233,162,234,398,602,911,539
634,419,196,140,98,147,335,437,904,540
571,359,233,183,122,164,367,434,967,540
417,266,216,173,128,163,421,582,945,540
320,184,339,240,136,212,384,627,972,540
205,136,169,141,102,123,285,332,945,540
337,222,195,145,100,142,487,334,884,540
308,225,153,124,94,119,269,332,924,540
533,337,166,144,103,122,327,358,927,540
170,142,224,186,146,192,607,1,0,540
709,479,233,176,127,176,357,536,932,540
394,278,237,188,132,178,359,352,948,540
352,229,265,199,142,195,289,533,985,541
259,196,154,132,96,116,224,326,893,541
378,255,257,190,138,198,371,470,948,541
392,269,134,111,79,101,311,347,918,541
511,314,290,224,153,213,380,596,932,541
315,216,219,168,123,169,312,450,971,541
668,406,307,226,142,215,342,678,978,541
449,321,137,98,76,109,386,342,426,541
498,363,238,176,134,185,290,327,948,542
670,475,138,109,81,108,268,349,942,542
180,136,212,160,111,157,228,306,920,542
524,271,424,301,158,239,430,567,1009,542
609,389,183,168,115,128,329,338,961,542
285,218,158,112,89,128,310,286,900,542
607,364,243,168,118,180,402,437,913,542
229,162,179,141,102,132,206,402,822,542
425,308,197,164,130,158,302,387,954,542
520,350,229,181,132,170,294,390,1004,542
624,421,189,155,100,132,431,349,946,543
223,151,142,124,96,111,249,331,940,543
395,206,300,220,138,203,340,682,971,543
628,455,216,152,110,160,345,436,922,543
482,307,226,174,120,163,342,368,945,543
330,241,194,138,108,156,417,343,936,543
397,249,229,162,117,170,369,452,983,543
391,249,236,188,136,178,354,488,946,543
569,386,251,204,146,190,381,395,921,543
482,342,170,116,85,130,301,340,928,543
295,203,150,103,76,113,262,301,921,543
374,264,159,116,87,121,304,354,889,544
321,204,177,132,93,132,313,337,969,544
728,424,376,282,177,252,420,660,955,544
516,268,374,278,164,234,425,563,846,544
663,344,470,356,180,256,378,945,1014,544
565,312,454,317,178,278,412,606,917,544
323,211,243,190,135,184,317,402,933,544
575,390,295,230,145,194,365,680,953,544
608,397,258,198,137,190,308,436,968,544
322,224,197,155,111,146,299,415,929,544
276,180,210,164,112,148,348,486,987,544
396,200,275,216,124,170,279,684,914,544
477,291,228,189,127,157,320,611,950,544
304,197,165,140,100,122,290,349,911,544
633,320,315,238,135,200,391,657,999,544
660,421,120,91,70,95,348,640,920,545
274,203,189,156,119,146,245,472,988,545
421,302,162,124,100,132,279,328,894,545
247,185,111,86,70,90,201,339,928,545
584,353,311,240,161,215,495,694,902,545
485,274,339,253,161,239,367,641,979,545
672,375,404,310,165,237,387,1009,942,545
560,453,375,283,244,325,461,151,819,545
553,371,174,149,102,126,257,353,987,545
612,427,177,136,101,137,364,337,886,545
384,216,343,255,152,219,476,383,1016,545
505,380,186,156,122,143,277,324,936,545
461,344,154,108,82,121,404,371,873,545
573,412,300,217,163,243,351,396,927,545
620,436,179,140,102,135,371,419,948,545
713,459,242,167,112,172,377,586,929,546
627,328,415,304,185,261,383,992,964,546
575,288,411,322,194,267,411,628,958,546
589,440,132,98,77,104,299,332,895,546
711,453,215,163,109,152,360,531,911,546
460,321,146,110,79,108,316,358,936,546
499,268,253,198,122,167,338,519,977,546
537,308,261,208,132,183,340,701,971,546
451,323,154,114,87,118,331,365,912,546
217,168,131,101,79,104,151,294,889,547
408,251,165,139,98,121,295,468,944,547
463,322,203,173,126,157,306,417,958,547
214,153,168,136,108,137,524,13,418,547
682,417,240,178,125,177,478,475,943,547
639,421,268,248,170,195,352,414,949,547
605,326,561,399,234,349,348,1023,998,547
288,184,141,116,82,104,273,338,898,547
486,370,135,94,75,112,347,343,869,547
355,244,181,148,110,138,294,322,928,548
362,241,118,90,67,90,343,342,799,548
418,290,248,183,137,196,378,339,918,548
562,294,438,293,122,203,570,955,939,548
403,307,359,297,240,305,477,84,780,548
539,291,403,323,194,252,507,439,751,549
261,173,164,121,86,123,307,354,918,549
584,351,225,167,120,168,343,559,921,549
603,403,234,175,125,175,329,530,962,549
443,243,297,230,153,206,376,679,949,549
343,227,197,145,108,153,276,430,965,549
436,306,191,152,104,135,171,349,956,549
521,287,279,212,123,181,485,655,964,549
304,232,174,133,104,138,224,342,899,549
385,228,190,150,103,137,232,589,932,549
402,260,223,179,129,166,378,420,884,549
466,324,160,115,78,112,310,469,924,549
340,206,198,152,100,139,356,355,945,550
576,363,384,309,230,299,497,677,1013,550
431,300,199,153,112,152,423,346,852,550
494,344,193,145,106,149,296,465,903,550
404,291,134,103,76,102,381,305,871,550
551,294,260,185,117,177,371,642,944,550
414,234,314,242,158,215,359,500,966,550
379,201,308,221,139,208,404,548,918,550
239,181,173,125,91,132,215,400,960,550
591,416,170,132,101,133,320,347,902,550
349,233,202,150,112,158,360,317,580,551
617,365,306,257,177,221,396,673,916,551
378,320,103,69,63,92,321,131,880,551
595,308,296,231,136,182,339,700,947,551
656,419,242,191,138,183,365,407,887,551
707,433,254,190,129,178,490,567,941,551
418,371,403,247,225,366,442,2,183,551
698,446,292,213,151,219,356,501,966,551
581,424,200,158,121,156,320,322,949,551
403,281,167,132,99,131,258,324,917,551
242,165,137,104,76,104,417,329,922,551
682,387,329,253,158,217,437,535,848,551
489,272,362,284,174,240,504,626,951,551
571,409,468,323,217,336,527,122,765,552
502,355,143,120,87,106,310,338,880,552
537,417,121,99,78,97,282,363,944,552
318,230,132,98,75,106,233,355,944,552
312,196,182,152,112,137,299,402,952,552
505,355,218,156,107,156,278,422,918,552
367,293,125,107,89,108,247,339,901,552
284,162,171,135,85,116,341,345,959,552
307,235,137,110,86,109,278,264,930,552
300,204,214,166,120,166,279,293,940,553
329,196,155,115,71,103,461,354,897,553
549,376,212,153,109,155,346,541,948,553
699,475,258,217,135,174,435,539,845,553
365,249,244,187,131,178,311,463,965,553
367,214,239,189,124,162,270,665,917,553
476,298,267,199,143,197,463,534,860,553
404,271,206,158,112,152,251,368,978,553
475,345,158,132,100,125,319,344,929,553
356,185,298,235,134,183,247,627,955,553
478,263,277,214,131,183,464,521,984,554
443,280,153,110,74,108,279,335,939,554
587,370,252,196,131,179,361,515,916,554
395,234,176,143,99,127,349,449,918,554
511,332,173,137,96,126,359,344,915,554
577,334,241,180,118,168,350,471,950,554
549,322,278,197,133,192,213,675,940,554
375,300,111,87,73,95,259,361,965,554
486,375,120,104,85,97,298,348,900,554
694,471,477,363,245,346,387,665,1000,554
389,203,328,246,152,213,536,627,915,554
595,381,206,140,92,150,427,346,882,555
272,154,256,194,122,175,198,659,950,555
371,186,287,232,129,176,342,580,910,555
426,272,143,117,80,99,141,789,981,555
464,299,132,100,68,97,528,358,908,555
346,261,129,98,75,102,293,352,942,555
451,317,154,113,86,120,305,353,913,555
544,285,465,369,228,300,302,948,948,555
416,216,328,241,150,220,365,644,965,555
562,340,290,202,147,217,495,529,981,555
564,333,309,224,138,212,363,691,977,556
633,426,174,136,93,126,327,391,925,556
489,317,199,145,102,146,317,318,939,556
539,326,301,229,147,206,398,665,867,556
493,293,304,245,166,212,394,322,996,556
448,265,247,192,127,176,296,572,880,556
567,355,267,193,131,194,378,515,924,556
480,333,149,104,75,112,299,333,867,556
323,266,119,93,85,106,365,56,814,556
550,403,191,143,104,146,301,323,919,556
583,385,114,83,66,94,413,341,941,556
368,216,199,166,112,141,294,574,902,557
560,374,209,160,116,158,336,406,925,557
292,189,151,120,81,107,267,390,926,557
623,405,165,123,83,119,327,329,868,557
433,252,287,222,150,191,562,512,980,557
585,289,363,286,159,225,427,665,966,557
487,315,325,249,161,224,478,343,908,557
514,355,220,160,113,166,316,315,921,558
596,311,362,270,172,253,504,655,963,558
617,384,324,249,137,181,372,724,983,558
215,163,124,90,70,97,235,236,943,558
527,369,202,163,126,162,382,356,946,559
541,381,229,178,127,172,310,353,927,559
497,274,297,224,135,199,404,694,989,559
277,199,145,115,89,113,397,341,908,559
223,148,157,111,79,114,206,305,934,559
434,259,242,176,119,178,366,552,911,559
479,328,216,154,108,161,301,479,959,559
548,356,170,134,88,121,334,342,953,560
338,222,195,165,121,147,332,444,955,560
533,352,169,131,96,125,354,372,919,560
367,201,305,219,122,184,224,656,996,560
628,425,265,221,158,194,337,662,923,560
233,155,139,116,83,103,264,352,948,560
399,237,203,156,97,143,328,559,938,560
495,339,172,136,101,133,290,414,955,560
463,294,256,201,131,175,239,655,964,560
530,326,259,200,139,191,417,423,919,560
461,317,131,97,73,101,286,343,913,560
377,291,118,90,73,97,257,354,905,560
341,215,273,205,137,192,307,546,970,561
393,292,385,288,231,310,491,161,810,561
382,234,254,206,133,179,292,692,973,561
680,396,304,236,142,195,423,608,997,561
710,404,224,178,107,138,382,669,972,561
445,245,220,178,114,153,392,466,949,561
308,197,152,118,80,110,236,330,959,561
591,423,206,158,127,169,466,497,951,561
409,203,378,277,144,222,237,959,931,561
340,254,143,108,77,109,279,291,905,561
483,353,171,125,95,137,282,331,968,561
266,171,161,124,87,118,272,395,952,561
650,379,419,321,193,273,305,1023,1010,561
400,272,117,95,74,92,282,342,928,561
501,341,156,118,83,113,334,340,968,561
249,175,148,112,83,110,578,1,155,561
513,318,195,148,99,138,297,367,942,561
636,410,275,201,129,188,357,534,928,562
540,356,206,147,104,151,323,404,937,562
488,329,193,144,106,145,375,358,949,562
372,249,209,170,128,162,313,423,985,562
436,271,135,111,78,99,450,344,930,562
651,409,253,195,139,188,392,526,902,562
286,202,136,110,86,110,201,321,960,562
443,258,315,247,161,217,376,718,949,562
543,347,217,160,112,164,367,652,917,562
509,381,152,122,94,122,297,349,953,562
340,232,144,108,86,116,270,324,892,562
249,170,165,132,94,123,109,581,939,562
690,410,320,261,170,213,500,429,957,563
231,195,179,135,106,143,449,348,895,563
604,431,198,155,112,147,352,342,914,563
487,302,168,141,100,124,299,367,958,563
306,199,225,168,112,154,339,511,968,563
391,279,148,117,91,119,298,353,951,563
360,221,215,175,120,153,266,471,928,563
515,329,288,182,122,213,340,517,944,563
306,208,148,106,75,110,261,355,967,563
647,364,409,307,207,297,405,659,1015,563
459,298,222,164,116,163,433,338,851,563
405,229,266,195,123,184,322,623,967,563
499,331,156,116,81,113,285,334,938,563
560,393,206,159,117,158,315,319,947,563
726,464,187,141,97,136,312,346,937,563
359,275,192,146,124,164,451,360,958,563
537,380,259,196,142,197,270,621,933,564
535,374,235,173,129,182,277,408,983,564
534,285,137,102,54,83,402,349,540,564
498,351,184,135,96,134,284,476,939,564
626,377,339,244,145,215,355,679,947,564
433,276,252,191,137,189,352,357,845,564
257,200,123,94,76,102,216,328,933,564
338,235,230,150,110,182,294,319,878,564
413,271,136,107,77,100,284,337,901,564
425,237,341,258,172,238,447,683,971,564
358,253,233,182,128,169,262,326,944,564
488,350,162,125,92,126,338,342,819,565
491,328,269,190,133,197,447,609,889,565
458,253,284,234,147,193,367,595,814,565
297,232,190,139,114,161,289,334,965,565
302,200,181,125,97,148,414,70,796,565
237,161,127,105,76,95,213,342,922,565
451,293,169,135,92,120,268,344,944,565
391,220,348,274,184,244,288,662,1002,565
479,336,204,144,109,159,274,498,982,565
526,369,166,120,97,137,436,187,840,565
389,274,186,135,103,145,321,345,953,565
402,278,187,142,95,134,273,334,968,566
630,375,323,234,148,223,391,682,956,566
496,282,394,300,190,260,404,667,979,566
517,383,124,97,74,100,200,330,906,566
360,236,189,157,113,142,338,402,975,566
588,405,403,321,205,266,344,886,1015,566
485,310,283,211,138,196,401,466,975,566
308,228,251,185,132,184,388,352,954,566
319,229,188,145,101,144,232,289,951,566
488,407,112,82,69,98,287,351,852,566
562,323,206,154,98,140,362,484,951,566
452,326,135,98,75,106,275,348,918,566
454,326,179,150,110,132,349,307,928,567
443,311,127,99,72,95,303,222,952,567
399,245,249,202,135,181,289,401,974,567
357,238,192,144,107,147,306,350,895,567
433,266,317,229,150,225,410,659,905,567
543,366,183,152,110,136,260,489,965,567
217,188,95,82,71,84,190,147,944,567
290,201,205,150,102,148,293,401,929,567
367,219,276,196,119,177,374,517,987,567
374,217,212,158,101,144,323,471,957,567
440,252,354,268,173,238,365,574,977,567
500,358,212,164,125,169,341,491,894,568
449,233,314,233,140,198,469,690,956,568
242,158,171,127,86,123,175,476,923,568
509,357,142,112,81,109,401,325,862,568
245,163,139,110,80,110,288,195,958,568
389,253,188,149,107,146,328,309,901,568
659,425,323,247,171,231,359,545,974,568
688,427,338,233,153,241,485,593,858,568
609,428,179,137,100,137,305,344,934,568
517,401,139,101,89,124,368,214,912,568
491,336,259,190,124,182,480,462,928,569
642,442,217,146,110,170,398,429,881,569
485,288,220,172,114,152,344,592,921,569
504,352,203,154,114,160,338,349,893,569
674,422,277,212,149,201,360,584,939,569
517,339,189,136,85,122,548,341,898,569
351,208,143,114,74,101,409,331,959,569
621,337,200,153,89,125,356,392,956,569
403,291,215,186,140,165,311,318,962,569
441,324,165,124,94,129,303,310,938,569
726,449,278,201,128,190,402,468,989,570
512,362,226,180,145,183,428,335,896,570
470,264,247,196,122,170,372,711,938,570
414,258,269,187,125,182,111,672,855,570
450,292,135,103,66,93,253,318,959,570
439,298,112,88,62,84,260,349,939,570
322,208,277,208,127,177,251,595,970,570
228,144,212,147,100,155,246,365,993,570
409,316,142,99,76,114,207,287,909,570
441,332,175,124,100,143,327,388,940,570
493,321,262,208,149,194,377,561,823,570
573,346,392,333,221,276,422,481,894,571
174,142,140,113,92,116,191,342,951,571
641,412,241,183,134,186,442,421,806,571
400,192,300,219,118,173,365,647,959,571
324,253,232,192,147,178,429,502,969,571
455,347,140,108,88,117,249,337,940,571
660,420,215,159,102,150,366,428,847,571
419,242,291,211,142,209,312,651,897,571
678,422,216,167,113,158,356,471,937,571
585,406,191,147,110,148,340,398,846,571
589,343,320,243,152,216,324,604,978,571
398,271,158,117,84,119,290,344,914,571
395,220,210,161,97,142,328,459,973,572
519,367,188,156,109,139,360,358,946,572
477,303,237,195,122,161,381,320,988,572
564,333,251,189,115,168,323,566,949,572
472,250,329,248,148,214,387,602,920,572
560,372,208,152,102,150,261,329,975,572
369,268,204,157,114,155,294,262,936,572
266,185,233,186,129,162,434,342,919,572
440,318,135,114,83,101,255,332,877,572
504,388,194,150,122,161,305,329,910,572
292,202,143,105,76,107,266,344,917,573
317,206,252,178,130,192,320,429,972,573
317,176,262,205,144,190,475,411,966,573
388,276,159,129,101,127,306,338,819,573
406,289,220,153,112,170,240,320,947,573
376,279,208,164,131,171,309,437,941,573
270,168,184,138,96,141,281,360,956,573
407,325,156,112,95,136,274,194,919,573
271,223,95,71,60,84,346,85,753,574
303,192,162,117,86,124,301,356,918,574
604,360,415,317,186,264,474,774,992,574
460,236,394,314,147,201,413,763,959,574
342,254,171,136,103,133,299,318,915,574
386,295,105,84,66,86,287,210,913,574
703,474,227,167,117,166,338,413,931,574
609,334,350,270,165,228,374,681,983,574
417,251,254,207,135,172,227,678,926,574
378,208,262,189,122,179,363,542,902,574
660,433,199,144,102,147,345,446,970,574
431,284,192,153,109,144,258,437,971,574
474,303,190,146,105,139,405,315,858,575
332,245,216,161,132,179,468,482,870,575
457,361,182,134,109,149,585,3,533,575
181,162,186,119,111,172,415,2,446,575
457,281,202,149,104,150,305,435,938,575
379,259,241,210,156,184,447,399,964,575
619,404,310,231,148,221,394,620,965,575
437,265,209,167,117,152,353,475,945,575
339,238,151,120,90,116,288,335,807,575
470,303,211,169,127,159,325,490,919,575
594,369,148,119,77,102,298,348,953,575
385,261,152,112,78,110,280,328,880,576
501,341,275,197,155,217,526,458,962,576
301,184,178,130,92,132,301,333,933,576
345,219,152,133,86,104,274,284,979,576
225,145,172,129,88,124,239,314,894,576
361,223,268,183,120,188,434,325,896,576
559,325,304,225,143,209,279,662,935,576
399,274,164,120,82,119,310,272,936,576
255,188,107,82,63,83,250,340,898,576
334,268,103,80,71,91,356,203,860,576
329,204,211,178,150,171,469,344,904,576
415,270,201,157,120,158,432,349,933,576
317,225,175,128,88,126,246,324,875,576
280,181,155,109,80,119,471,357,933,577
406,231,261,197,125,179,341,562,967,577
401,294,170,144,114,137,302,338,924,577
283,180,192,142,94,133,185,462,983,577
280,198,204,153,115,158,90,625,894,577
488,319,217,164,116,161,345,527,958,577
232,142,186,136,93,134,349,454,936,577
428,286,151,121,97,123,485,347,938,577
624,396,195,151,102,137,367,367,984,577
525,341,255,187,125,180,320,522,921,577
465,295,258,180,126,187,313,419,946,577
313,194,176,152,113,133,325,347,932,577
424,264,215,177,123,155,290,456,939,578
392,253,183,137,100,139,325,333,926,578
416,279,203,173,125,153,240,595,984,578
635,404,280,208,136,199,374,487,998,578
414,320,111,96,79,92,284,337,882,578
561,414,133,114,90,108,279,337,923,578
279,226,112,91,77,96,242,146,914,578
419,315,125,91,70,99,292,332,902,578
397,311,182,147,123,153,436,320,826,578
319,211,225,174,123,167,421,527,921,578
361,199,205,166,118,151,658,0,181,578
410,224,245,178,114,173,378,563,894,578
398,258,189,145,102,140,255,405,944,578
308,191,349,277,197,254,250,650,963,578
600,307,278,227,137,181,356,699,977,579
304,183,235,181,124,173,344,333,837,579
275,174,114,91,61,84,279,355,924,579
487,256,315,234,140,202,411,661,969,579
448,299,207,163,122,159,446,352,922,579
309,220,225,179,128,171,382,462,954,579
607,333,366,279,169,228,201,946,976,579
695,450,232,150,103,168,454,423,894,579
727,460,556,388,248,385,561,325,838,580
372,253,173,133,106,140,404,270,958,580
245,166,151,106,73,111,242,335,915,580
475,338,142,121,96,115,318,336,929,580
379,277,139,100,75,110,241,326,953,580
181,137,133,109,85,105,254,323,873,580
552,358,251,209,145,181,346,652,936,580
388,204,387,297,173,235,292,716,998,580
340,245,114,89,71,93,235,341,904,580
297,216,123,99,73,95,227,324,911,581
488,323,183,132,91,137,347,359,911,581
314,223,188,142,107,143,292,333,898,581
538,386,223,165,123,172,295,521,875,581
487,289,305,245,165,216,334,621,932,581
511,310,292,210,141,204,369,588,895,581
466,352,184,126,98,146,386,336,898,581
486,280,282,223,149,199,331,703,963,581
444,348,181,137,111,151,400,331,947,581
449,270,254,200,132,178,386,656,921,581
683,413,347,272,189,247,389,675,893,581
523,312,277,194,127,194,291,682,928,581
646,326,384,317,153,198,353,710,983,582
257,183,128,100,76,100,276,346,925,582
502,340,210,159,112,157,282,388,920,582
385,256,169,129,91,124,328,332,931,582
342,239,179,127,90,134,310,348,935,582
419,285,149,112,83,115,307,432,931,582
417,326,145,106,86,121,262,329,930,582
480,279,232,184,127,162,464,343,1002,582
284,229,132,105,86,111,241,327,877,582
337,226,160,117,87,122,232,339,948,582
570,373,243,179,134,187,358,475,938,582
293,198,156,130,90,111,283,313,901,583
677,355,457,339,194,284,422,951,1002,583
625,421,223,168,119,165,382,468,918,583
269,159,255,180,116,179,329,348,983,583
675,362,325,251,165,219,376,694,947,583
559,360,294,249,192,235,455,336,950,583
529,322,152,108,80,116,375,354,937,583
583,361,222,167,120,165,403,526,931,583
293,217,147,104,76,112,217,331,919,583
416,261,206,151,100,143,328,377,914,583
682,444,277,220,146,200,366,591,937,584
278,196,160,118,92,128,309,329,923,584
444,282,270,217,132,179,176,676,944,584
452,231,256,177,116,179,528,350,923,584
588,375,207,145,99,150,343,427,928,584
208,139,236,166,111,168,159,622,958,584
456,337,158,124,91,121,301,347,924,584
447,248,334,257,154,218,325,621,965,584
268,169,171,140,96,124,335,342,951,584
564,402,213,167,118,154,507,350,930,584
695,433,282,192,135,211,378,699,904,585
577,399,114,83,59,84,226,706,933,585
371,217,214,165,110,148,428,466,958,585
618,438,137,110,77,100,336,358,906,585
503,331,231,194,138,176,404,447,886,585
576,379,213,164,117,161,436,343,930,585
286,232,123,93,71,96,201,307,879,585
652,380,303,209,138,210,514,505,948,585
371,177,277,198,112,172,325,638,836,585
436,316,159,109,84,127,336,342,899,585
341,197,249,173,108,168,321,456,965,585
501,401,387,287,189,271,292,1023,974,585
617,343,323,253,167,232,460,540,965,585
447,270,293,206,131,202,369,560,851,586
454,291,198,155,106,144,324,496,937,586
654,402,251,190,124,173,332,660,904,586
321,215,222,155,117,173,446,52,778,586
318,228,116,90,70,94,276,221,881,586
252,195,229,167,130,185,320,305,911,586
523,340,233,185,116,151,564,351,920,586
276,160,193,149,93,130,131,663,933,586
350,216,220,175,116,153,353,390,917,587
438,264,226,171,115,161,298,471,969,587
438,299,232,171,121,173,312,337,944,587
290,174,252,210,142,183,323,480,926,587
289,168,250,189,117,169,151,650,953,587
475,341,143,113,85,109,334,358,928,587
248,212,101,72,66,90,330,52,764,587
382,330,131,90,79,117,368,89,902,587
473,318,164,122,90,126,325,343,942,587
683,367,500,365,217,330,423,1009,866,587
404,303,163,126,99,131,322,331,934,587
481,330,232,182,132,174,374,372,949,588
579,401,184,151,115,143,289,373,957,588
356,227,178,137,100,133,177,595,965,588
629,399,311,222,156,229,402,672,912,588
337,271,117,88,71,96,246,255,943,588
246,153,214,154,103,153,361,356,903,588
529,376,180,147,113,142,314,336,905,588
692,459,240,184,133,181,341,396,953,588
499,353,133,101,77,104,317,355,893,588
503,264,311,242,141,200,435,677,882,588
341,242,217,165,123,168,339,361,923,588
625,383,189,152,94,126,427,361,957,588
487,304,227,176,124,165,351,497,963,588
449,325,202,144,109,162,298,334,928,589
422,277,244,180,118,170,403,429,812,589
706,407,420,306,148,229,209,828,987,589
340,225,183,129,96,140,297,445,960,589
479,266,324,244,150,220,337,480,1008,589
203,156,184,145,108,142,161,503,933,589
371,253,151,113,89,121,309,329,965,589
646,412,274,208,141,196,375,543,962,589
477,341,158,101,75,123,247,327,948,589
255,184,125,106,92,111,310,168,899,589
659,365,307,226,142,206,387,668,916,590
577,333,197,156,111,144,485,356,941,590
489,285,266,218,155,196,372,560,914,590
509,329,237,174,122,172,232,658,918,590
376,218,206,174,114,143,349,372,883,590
468,322,177,144,106,133,244,415,939,590
388,254,415,313,205,296,613,8,536,590
501,355,127,104,76,97,326,334,799,590
360,275,207,163,114,153,448,2,193,590
309,239,105,83,69,87,308,336,946,590
421,292,264,193,148,207,438,477,940,590
475,335,187,150,99,134,335,380,943,590
362,200,207,159,101,142,323,551,938,591
267,167,151,118,84,111,287,336,903,591
575,415,304,265,219,251,459,407,936,591
460,377,131,94,77,110,370,290,925,591
377,237,233,175,123,173,344,420,900,591
338,217,203,150,101,146,414,343,940,591
579,345,272,198,125,180,308,662,941,591
477,333,118,91,65,91,258,323,884,591
347,214,200,150,105,146,417,357,942,591
711,454,239,186,133,175,337,515,964,591
492,347,246,190,134,178,334,423,985,591
292,186,186,142,96,132,287,410,946,591
297,253,146,112,98,130,393,331,928,591
317,228,155,114,86,120,323,325,912,591
400,310,164,117,84,120,419,336,908,592
368,234,210,169,118,150,291,436,954,592
345,236,169,125,92,127,288,350,906,592
221,163,187,125,84,134,201,314,988,592
488,321,233,202,146,172,324,453,902,592
305,185,152,113,80,113,232,323,942,592
555,432,415,289,223,332,538,7,473,592
634,460,245,173,135,199,449,536,942,592
396,254,169,121,89,127,308,365,948,592
729,474,209,170,124,158,347,516,953,593
492,362,203,143,113,162,439,159,853,593
565,393,215,169,124,160,356,334,885,593
422,278,189,150,105,137,312,387,930,593
315,163,300,228,131,198,305,643,974,593
331,259,124,99,80,103,254,303,916,593
289,198,118,93,73,94,231,345,976,593
525,342,277,202,134,195,353,557,940,593
554,393,219,172,125,165,268,436,936,593
506,279,360,268,153,227,375,604,946,593
451,296,162,126,90,122,300,339,931,593
479,322,161,120,85,121,263,329,957,593
445,243,233,171,121,167,495,395,948,593
623,372,305,239,147,201,381,504,981,593
474,278,273,208,130,186,333,621,970,594
663,353,350,277,164,226,418,671,953,594
621,388,329,248,150,220,381,584,960,594
694,492,197,175,123,146,300,393,947,594
461,274,133,110,66,87,615,0,125,594
546,312,250,206,125,160,344,519,995,594
295,213,155,122,92,120,281,337,899,594
500,292,320,245,162,221,393,489,790,594
329,255,151,107,85,122,263,332,897,594
435,331,213,176,139,171,431,468,884,594
513,338,248,185,124,179,357,610,922,595
287,205,164,113,83,123,275,325,945,595
550,392,195,148,109,148,281,312,926,595
350,236,158,128,95,119,266,371,979,595
298,234,156,128,100,121,204,331,928,595
644,411,269,214,146,198,345,426,974,595
401,222,295,211,121,194,282,615,942,595
582,390,151,114,75,102,469,345,929,595
485,331,191,156,117,149,356,341,922,595
530,356,176,144,105,133,314,388,914,595
333,222,186,142,106,144,285,379,972,595
243,144,258,190,131,186,230,478,937,595
284,195,172,127,88,123,173,526,941,595
328,225,309,227,164,228,435,633,938,596
538,386,156,127,101,127,330,341,898,596
328,254,148,114,96,124,405,348,925,596
283,180,201,148,102,146,257,439,954,596
665,401,360,266,152,222,343,966,993,596
554,407,209,155,124,173,363,315,917,596
186,146,193,153,114,150,99,559,923,596
356,208,200,140,96,143,473,351,917,596
407,308,202,142,117,169,347,348,798,596
625,385,208,158,107,152,341,404,966,596
338,201,244,193,123,167,242,635,920,596
363,215,230,170,111,163,323,492,987,596
336,225,238,185,133,177,251,444,944,596
422,247,229,172,123,167,454,402,856,597
273,204,129,92,70,99,201,299,922,597
429,287,278,199,141,207,404,561,911,597
430,264,155,123,85,110,404,351,913,597
551,291,297,236,145,190,360,703,969,597
464,331,191,154,112,144,311,320,935,597
485,309,257,195,141,193,512,534,906,597
509,364,163,132,96,119,272,344,930,597
725,429,137,108,69,95,313,676,945,597
594,387,259,214,153,191,336,681,876,597
412,240,170,124,77,115,299,376,903,597
431,303,142,111,82,106,316,326,902,597
615,414,202,168,117,144,369,471,970,597
273,199,135,97,74,107,310,350,808,597
277,235,120,79,67,103,240,323,872,597
457,256,437,328,220,304,361,1023,990,598
453,320,127,96,73,99,385,348,905,598
673,425,218,184,117,151,361,336,920,598
321,244,123,99,79,101,264,327,882,598
594,384,240,183,125,171,324,331,922,598
432,292,135,107,78,101,232,357,956,598
573,354,234,184,115,159,371,379,939,598
438,217,332,250,154,226,387,642,976,598
394,250,209,164,121,160,350,331,930,599
569,282,392,302,183,237,92,973,965,599
280,211,147,106,80,115,281,218,917,599
695,481,179,146,108,139,374,364,1000,599
357,224,191,151,98,131,465,392,960,599
339,207,240,201,133,166,270,625,944,599
410,232,266,208,132,180,392,607,956,599
530,265,356,274,165,233,375,676,978,599
365,284,206,162,125,167,287,488,937,599
647,372,227,169,100,142,462,687,925,600
415,274,208,153,99,146,304,351,969,600
478,358,192,140,101,143,340,357,899,600
329,204,230,175,123,169,344,403,869,600
394,250,212,159,109,153,152,601,863,600
311,189,152,112,75,107,318,364,945,600
442,328,277,225,173,219,334,286,921,600
347,213,256,205,143,186,329,425,932,600
334,253,152,102,77,119,359,319,826,600
469,290,246,180,123,177,314,622,966,601
531,395,196,143,101,148,340,337,887,601
369,280,131,104,79,101,315,358,939,601
340,230,177,149,116,140,363,425,924,601
304,196,237,190,128,173,337,454,956,601
399,270,164,130,99,129,298,323,945,601
371,271,187,143,114,151,290,471,941,601
420,277,232,174,125,172,403,529,948,601
285,205,171,122,93,135,305,330,874,602
513,299,258,187,117,172,347,475,945,602
375,240,247,191,132,176,267,557,925,602
486,399,101,51,102,179,595,51,800,602
590,347,306,253,160,204,408,655,894,602
681,476,260,192,142,199,437,662,941,602
520,328,291,210,138,203,354,626,965,602
433,274,226,166,117,167,343,410,856,602
623,370,284,223,150,201,345,588,978,602
432,258,230,180,117,156,359,368,992,602
288,182,140,109,77,99,447,335,898,602
273,171,278,205,136,195,174,503,984,602
293,206,395,305,182,255,388,598,962,602
636,375,308,226,147,215,342,511,951,602
448,271,243,186,114,161,332,511,953,603
586,339,224,183,120,155,503,364,936,603
573,288,357,261,121,160,420,683,968,603
457,289,156,120,95,125,342,341,926,603
579,400,219,168,130,174,306,386,995,603
628,353,305,238,147,204,393,641,926,603
469,269,259,181,114,171,390,611,835,603
495,354,146,109,79,113,232,302,947,603
312,214,262,208,147,189,188,637,962,603
496,376,158,115,86,122,290,342,947,603
492,317,256,199,128,171,400,378,987,603
650,356,378,279,171,262,385,696,1008,604
578,378,462,362,240,321,501,659,900,604
320,209,220,155,110,160,345,507,936,604
285,154,185,140,83,118,311,365,978,604
443,330,113,91,69,88,233,328,932,604
311,228,168,123,89,126,252,403,902,604
478,302,158,124,84,113,286,336,940,604
248,149,271,214,137,184,210,595,962,604
305,183,343,257,153,222,408,604,844,604
399,282,182,158,121,144,315,340,945,604
438,317,191,135,104,152,351,354,869,604
514,350,168,133,95,124,238,344,956,604
384,277,189,143,128,165,391,124,769,604
425,291,214,166,113,154,268,583,954,605
439,285,211,155,107,152,300,350,973,605
526,386,188,152,118,149,308,351,914,605
326,218,163,125,90,121,299,391,950,605
342,184,400,276,157,246,355,635,926,605
407,310,144,105,80,112,275,331,923,605
339,276,136,105,86,110,244,327,926,605
242,182,207,138,106,160,393,366,918,605
732,402,180,129,83,129,351,689,970,605
522,361,157,120,86,120,330,329,889,605
539,418,186,139,109,148,323,268,940,605
322,259,120,91,77,102,222,351,872,605
680,398,285,216,144,201,381,573,995,606
346,249,188,139,106,145,194,526,946,606
427,291,208,144,98,151,303,430,881,606
273,180,143,112,78,106,254,341,905,606
595,354,262,201,124,177,326,587,970,606
540,383,245,192,145,192,237,307,970,606
688,449,309,250,178,233,373,549,981,606
455,253,263,202,121,170,366,619,978,606
552,428,186,145,116,152,340,341,952,606
653,436,229,178,127,174,290,604,948,606
415,292,200,151,114,157,305,416,927,606
199,158,105,87,74,91,512,1,222,606
377,202,335,256,146,201,337,657,961,607
158,133,190,155,130,161,308,1,237,607
456,271,123,95,63,87,167,687,953,607
421,263,297,224,145,202,280,657,984,607
273,212,247,172,127,193,484,2,303,607
295,186,130,98,67,93,265,337,932,607
280,170,223,174,122,160,125,571,927,607
530,419,173,137,117,147,332,344,903,607
465,323,186,147,106,139,337,332,914,607
360,245,211,165,113,153,295,348,966,608
488,320,205,160,118,157,313,449,914,608
284,156,326,248,136,193,141,675,952,608
504,257,323,237,151,222,472,704,963,608
449,348,160,114,91,131,284,330,925,608
682,438,243,188,133,179,385,559,938,608
358,246,258,195,142,203,300,266,899,608
383,252,197,148,107,150,252,580,957,609
332,250,189,141,113,154,324,337,884,609
374,248,152,118,86,114,336,324,961,609
219,155,140,120,83,99,579,1,113,609
211,166,128,95,77,104,256,317,959,609
362,244,252,194,143,191,389,529,823,609
590,325,365,264,163,244,451,698,938,609
407,274,313,246,189,242,489,641,934,609
422,295,164,136,107,132,262,343,968,609
478,362,182,137,106,145,236,332,964,609
471,355,132,100,81,111,361,344,879,610
395,245,212,157,107,151,450,356,962,610
300,210,176,136,101,135,259,332,927,610
541,292,349,263,152,222,403,648,887,610
603,324,284,244,147,181,415,503,861,610
477,320,227,177,133,174,356,430,880,610
204,136,225,177,126,161,223,470,1003,610
501,364,211,145,108,163,333,420,924,610
426,290,223,164,116,167,404,600,886,611
444,337,158,130,103,127,274,351,958,611
352,300,128,90,79,113,389,91,688,611
675,463,236,172,124,173,301,408,956,611
327,212,116,90,65,85,276,341,954,611
303,220,112,91,69,86,272,346,896,611
616,373,296,241,153,203,375,659,951,611
725,400,267,221,136,175,435,610,952,611
395,250,315,256,177,219,369,523,984,611
329,181,195,154,104,136,419,426,931,611
722,474,194,157,115,148,371,418,937,612
596,325,232,177,119,163,367,442,909,612
341,253,162,134,96,120,448,343,1011,612
369,209,309,224,157,227,516,230,865,612
469,310,214,171,123,158,258,568,933,612
586,366,225,185,129,164,359,354,936,612
330,246,168,127,94,128,286,353,1001,612
354,227,225,176,111,152,439,410,950,613
305,183,188,150,110,144,338,335,951,613
404,255,157,134,93,114,252,326,967,613
310,206,129,99,74,100,224,356,948,613
387,259,218,156,109,158,267,510,926,613
293,244,97,71,63,86,524,3,450,613
381,215,318,235,134,203,393,601,968,613
557,311,304,224,134,198,460,448,816,614
453,257,230,191,121,149,384,390,951,614
256,161,228,178,115,156,145,606,916,614
461,365,218,168,143,187,312,305,873,614
528,280,305,207,126,200,526,617,925,614
386,243,423,313,194,277,505,695,960,614
696,425,352,280,176,229,196,1003,982,614
277,182,238,166,113,173,275,393,972,614
437,335,167,135,116,144,346,336,894,614
397,272,144,112,81,110,338,355,855,614
451,318,237,169,134,191,504,531,894,614
552,323,286,222,145,200,383,627,929,614
325,282,185,125,100,153,562,3,507,614
261,204,132,106,78,103,171,341,951,614
494,332,228,181,123,161,272,578,883,615
420,254,159,128,87,113,304,342,897,615
671,421,226,176,116,157,405,347,985,615
597,348,279,226,115,149,328,669,964,615
294,164,205,160,98,138,313,385,857,615
407,348,120,83,78,111,400,1,186,615
569,391,233,179,115,162,329,461,932,615
268,190,121,96,69,92,237,329,939,615
434,269,164,119,88,125,334,380,862,615
361,248,223,176,128,166,325,483,932,615
539,375,204,153,111,155,321,336,957,615
587,400,211,161,115,158,296,351,944,615
573,399,245,179,128,185,347,388,923,615
270,211,152,128,96,110,297,346,912,615
356,231,169,130,91,126,311,344,947,616
467,326,206,147,102,152,298,476,914,616
702,396,515,385,214,311,426,944,997,616
484,351,199,139,103,150,294,319,961,616
328,191,306,226,143,197,427,497,956,616
410,233,225,156,95,145,511,390,831,616
594,330,250,201,135,178,497,610,922,616
299,195,158,119,80,116,221,334,974,616
690,428,304,228,154,215,349,609,953,616
418,239,270,211,137,180,445,704,972,616
449,223,360,247,155,246,390,679,933,617
255,163,325,236,151,225,334,473,958,617
530,346,263,195,146,204,348,443,966,617
396,195,300,234,128,183,336,700,962,617
357,244,175,139,104,134,292,384,925,617
428,288,159,128,90,121,313,330,909,618
445,264,255,182,121,177,159,661,895,618
441,202,179,145,74,98,598,0,127,618
400,308,139,106,82,108,313,331,854,618
442,293,200,147,105,150,329,337,978,618
495,323,126,98,68,91,309,347,953,618
595,310,358,266,166,233,412,690,969,618
535,317,213,167,106,149,411,556,931,618
627,398,178,138,83,110,264,588,888,618
439,284,295,233,163,224,440,526,947,618
328,190,249,173,118,177,369,324,936,619
481,280,313,250,167,221,497,666,929,619
487,290,267,207,132,183,303,631,962,619
407,293,160,119,91,125,332,331,909,619
557,386,272,196,141,204,292,634,955,619
686,432,303,245,150,202,366,621,968,620
548,327,294,215,140,200,360,561,960,620
412,294,168,131,103,137,331,347,928,620
265,246,135,108,97,119,349,1,212,620
523,332,252,207,137,177,318,562,958,620
694,369,436,305,190,301,363,725,945,620
571,377,279,203,142,203,352,412,920,620
559,318,400,283,168,259,369,639,971,620
257,150,159,121,82,115,275,371,957,620
274,193,169,121,84,123,263,359,902,620
694,409,348,241,162,249,375,670,938,621
504,344,190,146,116,156,456,333,959,621
345,234,156,117,88,121,251,343,946,621
424,255,272,207,129,180,298,714,976,621
503,311,284,215,142,199,332,646,953,621
389,300,103,75,61,85,296,340,841,621
714,395,281,222,137,185,361,671,978,621
293,206,129,103,78,104,275,352,938,621
529,383,189,145,104,142,243,299,947,621
362,256,206,179,132,162,298,396,949,621
378,233,238,176,111,164,148,608,935,621
395,278,114,99,75,87,284,345,908,621
510,279,307,238,156,215,403,501,966,621
674,395,416,324,190,268,321,834,988,621
237,180,105,82,64,84,306,203,882,621
413,283,202,146,101,145,253,384,913,621
393,259,133,112,90,107,331,383,930,621
430,259,144,111,75,99,456,344,903,622
343,239,221,167,126,171,240,525,970,622
592,347,277,202,127,185,350,601,934,622
463,357,176,143,122,147,283,356,915,622
482,239,519,381,192,282,413,1023,1012,622
457,312,168,137,104,130,289,341,968,622
656,423,205,171,119,148,445,449,846,622
635,365,301,230,144,205,397,621,991,622
389,228,238,201,138,170,270,677,915,622
540,305,319,256,157,213,360,690,942,622
281,232,302,247,193,241,332,552,915,622
575,314,267,196,114,170,321,665,957,622
519,257,304,244,133,180,420,524,925,622
359,235,296,210,137,210,297,501,962,622
422,303,165,134,101,128,282,340,934,622
417,245,223,164,110,160,388,476,926,623
562,371,245,184,128,185,394,533,964,623
437,363,98,71,62,85,234,356,923,623
561,447,125,90,74,105,315,337,905,623
462,307,173,143,107,131,310,390,956,623
582,372,186,147,102,136,360,356,969,623
499,284,346,269,163,228,375,583,958,624
315,178,234,174,107,150,420,351,952,624
255,164,147,120,88,108,379,357,904,624
433,245,237,178,118,171,360,546,961,624
471,347,166,67,128,289,535,250,810,624
392,248,185,150,104,138,261,329,950,624
631,369,261,200,131,184,343,641,971,624
498,304,154,126,99,122,508,351,920,624
536,328,318,229,133,200,314,636,970,624
305,257,285,195,143,221,434,117,696,624
523,356,209,175,138,163,439,363,949,624
463,308,219,158,114,166,295,499,937,625
547,329,292,222,149,207,386,646,952,625
332,222,266,200,137,192,208,593,921,625
448,292,197,152,109,148,273,443,944,625
313,226,154,105,81,123,239,340,915,625
509,336,280,211,142,200,373,470,928,625
553,317,260,207,118,161,276,633,966,625
284,212,144,104,78,111,294,331,887,625
551,403,339,237,168,255,508,243,734,625
536,261,411,337,179,234,288,916,997,625
378,191,254,201,116,162,324,700,927,626
440,306,159,128,98,127,283,336,896,626
302,186,228,165,114,167,311,432,896,626
586,411,167,136,101,131,318,332,952,626
350,305,141,101,89,123,430,1,195,626
341,214,209,161,112,154,338,368,975,626
422,266,194,135,101,150,469,431,930,626
341,222,190,147,103,140,356,327,883,626
499,283,246,182,121,171,471,453,864,626
273,184,123,93,66,91,239,326,843,626
393,262,201,147,113,157,286,352,916,627
513,311,207,156,106,147,451,346,943,627
347,226,317,234,158,224,269,702,987,627
416,235,196,154,96,136,261,444,972,627
495,341,150,112,81,115,323,344,916,627
373,269,154,121,86,115,241,356,949,627
352,260,153,125,100,124,294,405,897,627
301,221,113,83,61,88,283,347,871,627
616,337,345,292,162,187,294,610,1012,627
449,259,237,167,104,158,374,461,965,627
585,340,353,279,175,234,464,692,884,627
654,400,346,259,161,229,403,551,937,627
493,337,155,128,95,118,302,372,935,628
466,350,164,115,94,134,289,377,901,628
365,242,173,129,93,130,342,265,820,628
618,369,257,225,146,179,375,394,962,628
369,244,192,151,102,135,343,379,817,628
327,185,283,199,134,199,268,638,918,628
684,419,355,304,190,236,404,586,990,628
540,288,233,160,96,148,550,4,567,628
370,240,186,137,98,141,273,342,962,629
309,230,167,131,96,129,250,415,941,629
516,364,259,193,136,193,327,419,943,629
435,326,176,137,104,138,344,325,946,629
464,332,134,99,77,107,290,345,900,629
463,274,248,193,129,174,316,623,922,629
338,197,131,102,67,92,321,311,933,629
454,270,379,286,188,262,405,641,984,629
203,142,171,147,109,131,243,403,950,629
293,180,157,129,87,111,306,332,967,629
393,258,152,108,73,110,331,353,927,629
276,172,221,142,92,155,344,476,803,630
479,321,191,157,118,149,340,345,964,630
702,422,436,322,211,309,549,64,809,630
480,288,324,221,147,233,361,645,961,630
533,294,269,212,154,201,554,338,953,630
499,297,453,327,204,307,510,670,973,630
629,395,512,365,240,359,528,89,646,630
643,423,230,180,121,163,331,539,863,630
385,216,296,209,131,203,416,660,986,631
641,381,293,214,143,208,512,477,964,631
597,403,243,169,120,182,333,350,940,631
422,320,188,153,123,154,326,350,953,631
219,172,291,218,150,210,337,423,962,631
371,218,241,169,100,157,367,575,910,631
456,313,176,142,102,132,310,387,924,631
513,337,285,188,130,212,469,515,883,631
619,404,228,192,140,171,442,346,985,631
213,144,260,191,139,195,249,454,911,632
488,324,220,174,119,167,322,465,909,632
624,366,295,236,159,212,461,639,896,632
445,249,255,196,129,179,465,593,895,632
543,380,544,379,248,380,518,134,872,632
447,278,215,163,112,156,349,597,898,632
673,449,218,182,134,165,382,364,883,632
377,279,156,104,78,122,238,309,859,632
358,283,131,102,83,108,258,334,899,633
415,214,248,182,87,134,342,717,963,633
430,310,162,116,86,125,324,335,899,633
616,408,308,239,183,236,381,582,883,633
287,192,201,152,116,155,331,315,882,633
343,218,211,154,110,158,351,466,866,633
608,400,332,239,160,239,315,573,869,633
417,252,264,191,134,191,342,423,950,633
653,384,318,231,140,216,406,639,928,633
549,269,379,279,161,240,406,679,915,633
565,401,152,108,79,116,286,352,972,633
430,286,199,151,105,146,316,405,928,633
347,258,222,158,128,184,492,357,835,633
440,253,244,182,118,174,321,505,978,633
669,449,201,146,106,152,376,475,905,634
411,277,148,100,70,113,375,338,927,634
435,319,137,102,74,108,224,304,935,634
368,257,174,132,98,131,292,345,954,634
536,289,200,145,94,140,461,388,922,634
528,370,156,128,93,115,271,348,957,634
520,304,291,212,137,198,347,683,973,634
595,347,201,159,104,140,375,552,881,634
365,265,168,122,98,139,252,344,950,634
716,395,362,263,136,197,358,848,986,634
577,295,201,151,86,129,397,676,965,635
422,299,148,110,81,109,172,375,938,635
379,245,187,146,96,130,470,337,984,635
441,226,302,232,146,204,332,585,973,635
422,272,385,286,200,278,478,684,935,635
607,399,182,136,105,144,447,340,921,635
464,322,154,123,88,116,232,348,974,635
434,296,234,180,134,177,357,319,924,636
227,165,205,160,119,157,253,324,964,636
225,188,171,123,96,139,242,368,968,636
543,368,140,115,83,104,325,333,908,636
452,334,158,124,92,123,290,319,895,636
306,232,167,122,93,135,390,114,849,636
470,346,134,117,92,106,302,349,889,636
185,137,164,116,85,127,265,325,919,636
496,333,198,150,113,154,337,342,943,636
590,295,388,307,158,200,346,912,991,636
585,330,456,345,225,312,286,951,1000,636
717,454,227,179,125,164,382,477,924,636
670,352,640,485,193,278,458,1023,986,637
574,394,229,174,122,170,350,545,951,637
534,342,193,146,97,140,329,529,916,637
448,309,158,116,84,119,310,339,882,637
330,206,197,152,101,137,370,385,887,637
547,425,129,97,80,110,294,352,927,637
352,198,236,195,119,153,275,606,957,637
414,294,274,223,167,211,363,446,956,637
645,388,259,183,125,188,384,425,881,637
522,343,235,174,116,167,362,539,952,637
415,280,156,112,76,112,273,329,941,637
333,225,176,129,96,135,299,342,975,637
707,377,424,306,179,263,457,786,973,637
497,293,290,221,141,197,360,627,962,637
502,376,149,112,87,120,258,341,911,638
699,483,274,212,147,200,340,481,933,638
238,181,142,105,76,108,201,337,861,638
472,356,254,209,167,200,357,508,912,638
391,262,265,214,151,197,302,463,940,638
593,378,226,180,114,152,402,397,990,638
707,436,201,166,114,147,436,359,1002,638
377,204,211,151,94,142,464,402,915,638
327,193,172,132,84,120,310,238,962,638
528,388,169,131,106,140,351,337,933,638
684,454,268,203,140,195,459,562,958,638
588,303,546,396,223,338,527,1023,983,638
552,448,154,93,72,123,353,342,856,638
343,211,171,139,100,128,313,420,936,638
448,254,305,235,122,177,489,662,899,638
519,291,371,292,193,258,403,708,954,639
451,307,169,127,93,126,282,311,947,639
387,282,262,176,135,209,448,421,940,639
343,245,170,144,122,146,408,355,941,639
248,191,146,119,93,117,265,350,927,639
404,240,205,155,106,148,318,509,967,639
333,220,234,177,122,170,349,418,921,639
399,247,249,197,142,183,342,509,895,639
732,489,197,161,121,149,418,533,888,640
640,434,212,163,116,161,371,343,870,640
469,256,302,242,159,210,375,584,966,640
649,353,392,308,191,257,397,610,997,640
387,219,239,195,125,163,307,529,918,640
210,181,154,96,83,134,363,68,693,640
503,369,146,116,90,116,303,317,917,640
567,422,158,128,98,126,317,335,954,640
517,307,248,195,125,171,334,572,956,640
350,173,133,99,62,86,179,854,905,641
353,247,186,148,109,143,305,326,917,641
522,364,127,89,65,95,295,348,888,641
635,399,219,161,111,160,388,367,944,641
473,318,204,165,119,153,347,318,925,641
339,225,267,198,138,195,281,484,941,641
412,204,313,250,143,191,397,609,952,641
317,214,189,142,103,142,326,353,919,641
376,277,186,137,101,142,258,315,988,641
505,360,196,144,109,154,333,572,969,641
288,204,137,113,85,107,290,330,936,641
528,394,115,93,74,93,295,328,923,641
304,221,142,107,83,112,346,355,844,641
371,264,169,122,84,126,248,316,938,641
483,349,185,129,94,142,373,329,921,642
488,347,212,157,110,158,309,324,946,642
545,299,402,295,137,197,306,904,942,642
472,284,227,174,115,152,487,400,963,642
363,208,177,134,93,127,260,425,943,642
611,379,282,227,152,198,367,453,977,642
258,169,154,113,75,111,253,308,915,642
414,266,189,129,91,141,335,373,939,642
560,341,347,250,160,235,434,691,1017,642
279,191,139,112,84,109,281,324,921,642
407,235,240,178,109,161,344,673,1005,642
316,244,311,211,180,272,494,129,835,643
371,203,347,276,175,231,228,614,963,643
727,425,312,237,122,180,354,644,994,643
658,400,330,244,156,221,502,614,923,643
619,399,216,179,128,161,352,450,914,643
337,219,208,154,115,162,260,551,873,643
485,254,434,332,206,289,499,669,947,643
550,357,304,245,180,230,402,360,961,643
675,354,382,268,137,219,526,689,942,643
232,157,127,115,86,98,240,320,910,643
436,258,269,197,126,186,333,335,956,644
359,227,220,149,99,157,338,372,939,644
234,196,112,82,71,96,245,350,914,644
479,338,178,119,88,137,346,323,892,644
437,319,246,173,131,195,439,612,912,644
196,147,166,141,112,135,293,384,968,644
636,459,110,92,71,90,182,728,1004,644
445,321,150,116,84,115,156,342,933,644
379,262,142,105,78,112,277,331,880,645
365,262,165,128,99,132,288,307,915,645
656,418,255,189,123,180,329,530,975,645
621,390,207,158,109,153,329,456,929,645
609,365,243,196,135,175,659,0,51,645
571,411,132,115,84,97,296,326,889,645
529,401,144,113,90,114,268,325,925,645
306,193,149,116,70,98,313,366,965,645
671,358,276,212,138,194,429,369,961,645
482,304,281,216,143,194,372,696,951,645
630,396,271,208,131,185,355,633,931,645
529,373,198,165,122,151,325,471,942,645
291,212,200,155,119,156,276,298,896,645
289,154,330,254,146,208,405,495,952,645
246,160,167,123,91,131,257,342,945,645
524,326,165,133,85,115,280,334,932,646
391,259,185,162,115,137,322,338,930,646
463,356,116,94,77,95,217,313,974,646
395,279,167,130,95,124,281,326,935,646
353,237,180,140,100,132,351,354,951,646
526,368,161,125,97,126,315,342,926,646
473,302,205,160,131,166,436,392,910,646
291,189,222,171,120,161,243,589,948,647
391,299,155,117,92,128,317,336,936,647
596,421,116,87,64,89,317,332,971,647
633,435,242,179,126,178,327,574,925,647
488,282,351,263,156,224,185,1023,987,647
243,177,160,122,90,124,284,330,949,647
496,307,217,164,112,157,382,444,918,647
454,352,217,158,118,174,230,277,975,647
650,371,267,219,143,183,443,520,938,647
586,328,332,221,128,213,470,568,944,647
548,319,291,224,147,197,329,654,929,647
454,293,280,204,133,196,390,647,898,647
402,263,263,219,183,218,473,339,957,647
550,356,216,170,116,152,343,544,921,647
202,161,129,99,77,100,194,326,912,648
387,253,153,124,87,115,278,347,987,648
437,313,182,134,96,138,354,325,922,648
568,389,221,169,124,167,284,342,967,648
568,356,238,169,114,172,318,437,949,648
483,276,255,203,129,170,462,476,946,648
450,295,212,150,104,151,322,479,939,648
417,275,246,194,143,183,298,612,935,648
484,314,274,204,151,211,369,599,890,648
435,271,211,162,112,155,332,451,940,648
555,395,144,120,98,117,412,322,874,648
250,171,233,159,101,159,292,386,961,649
248,232,121,95,93,116,344,1,211,649
465,269,205,150,95,140,441,376,952,649
698,377,273,206,120,173,395,630,945,649
517,322,300,226,152,213,369,677,952,649
573,352,359,252,173,266,318,682,911,649
532,372,154,127,89,112,305,338,955,649
555,371,194,152,110,145,351,326,1002,649
410,284,167,123,86,125,449,327,862,649
485,345,172,130,101,137,322,356,886,649
293,174,256,187,121,175,175,709,936,649
718,459,274,208,145,201,367,597,978,649
372,217,249,194,124,169,344,498,964,650
492,300,268,204,132,186,342,671,928,650
451,318,160,118,87,122,317,353,968,650
572,394,205,162,113,146,505,338,916,650
533,293,246,195,131,175,357,495,989,650
454,291,254,193,130,181,282,598,942,650
557,388,187,130,91,140,296,354,915,651
397,233,199,151,100,141,461,350,938,651
297,191,211,164,113,151,364,343,908,651
241,184,172,123,102,143,479,19,625,651
326,229,168,118,86,128,277,334,874,651
610,378,260,202,142,193,383,441,945,651
632,353,288,216,137,192,408,438,954,652
380,279,149,119,86,112,306,346,898,652
312,186,160,121,73,106,356,334,933,652
399,292,133,95,72,105,309,352,810,652
712,416,332,255,156,217,389,657,945,652
539,339,366,273,190,264,589,9,611,653
492,316,174,129,90,126,299,470,912,653
479,311,230,179,125,167,396,337,955,653
584,296,312,234,131,188,421,654,976,653
669,437,208,162,115,152,345,578,931,653
612,406,192,131,83,136,343,328,906,653
556,384,247,178,118,174,351,356,966,653
511,292,270,209,125,170,249,665,972,653
603,362,298,221,149,216,393,637,952,653
352,238,133,91,65,103,288,352,903,653
298,225,320,249,201,257,429,3,220,654
594,385,238,180,117,159,469,368,947,654
454,293,248,194,132,178,359,552,943,654
345,246,193,132,100,153,302,326,893,654
514,347,292,225,166,222,365,462,887,654
412,278,197,146,103,148,270,445,948,654
503,370,164,132,104,133,297,344,931,654
401,270,214,158,107,154,263,521,879,654
504,382,125,93,76,104,306,349,919,654
547,370,259,176,127,197,459,467,943,654
605,451,212,161,126,173,307,325,924,654
588,403,179,141,101,131,449,361,926,655
497,346,197,128,96,156,341,317,881,655
386,242,226,165,109,159,382,480,933,655
529,400,271,199,154,210,453,136,832,655
338,200,302,214,135,202,336,568,971,655
693,369,273,213,155,202,499,708,953,655
293,192,190,147,108,145,324,265,877,655
574,331,301,228,136,194,344,719,950,655
266,158,224,171,111,153,269,499,971,655
613,412,318,224,154,231,398,575,915,655
573,407,168,133,102,130,342,352,937,655
556,336,337,258,167,228,364,673,942,655
484,303,132,103,70,95,339,348,917,655
283,189,178,117,81,134,430,335,876,655
522,378,134,110,82,102,305,325,941,655
543,400,168,140,106,127,343,344,917,656
312,208,134,108,80,103,278,340,912,656
359,271,151,114,89,121,294,360,880,656
571,390,195,156,118,151,317,432,936,656
571,379,330,245,182,257,337,684,992,656
615,405,243,195,135,175,344,502,958,656
399,198,391,294,154,218,366,861,999,656
311,239,145,104,76,114,258,309,873,656
241,181,199,147,115,160,442,369,920,656
631,450,184,146,114,148,342,448,961,657
480,295,232,176,122,167,413,525,933,657
480,355,181,151,115,138,275,425,945,657
228,182,112,89,74,94,230,336,919,657
280,160,284,215,136,196,357,663,923,657
729,468,296,234,167,217,349,675,947,658
563,371,278,179,123,202,429,357,985,658
309,210,175,124,93,134,273,366,896,658
510,342,194,151,110,147,293,330,991,658
307,232,152,139,114,125,340,348,932,658
675,458,191,153,102,137,391,340,835,659
659,409,264,176,108,182,342,553,939,659
506,380,163,121,87,122,300,318,918,659
257,174,238,178,122,174,349,419,910,659
275,208,117,93,71,91,270,349,950,659
470,239,311,234,134,192,250,681,959,659
259,214,145,113,98,127,533,2,423,659
284,187,140,103,70,103,314,346,929,659
514,324,229,193,131,161,356,407,924,659
386,255,220,161,123,174,269,365,968,659
619,360,254,194,125,178,403,517,809,659
372,241,253,183,127,186,297,410,943,659
668,455,210,159,117,158,432,509,953,660
406,287,185,127,99,150,294,339,862,660
478,351,167,125,96,133,310,339,866,660
428,270,162,132,89,118,249,332,975,660
369,260,129,104,75,96,237,334,829,660
698,388,339,254,183,246,491,673,880,660
288,211,135,96,74,108,261,350,897,660
309,193,145,113,79,108,259,358,990,660
693,453,277,214,148,206,438,548,947,661
632,400,174,150,111,131,362,351,959,661
581,386,230,170,128,176,365,534,941,661
427,322,194,152,111,146,334,358,916,661
314,175,203,170,112,142,339,403,961,661
173,136,126,84,69,104,209,331,915,661
307,212,152,114,83,115,245,330,946,661
488,319,186,134,94,140,435,338,965,661
283,195,150,121,90,115,309,333,854,661
388,249,173,129,92,130,369,335,932,661
328,225,191,130,100,151,416,2,255,661
440,234,272,212,143,190,353,622,984,661
666,395,291,224,153,208,392,557,935,661
723,457,261,201,136,188,375,498,972,661
446,285,384,279,192,270,546,370,764,662
713,455,252,179,123,188,437,471,963,662
523,376,228,150,110,172,424,344,900,662
488,356,169,133,110,139,336,367,943,662
603,343,326,252,159,223,400,692,943,662
454,270,359,249,165,254,487,620,937,662
503,253,424,307,148,232,367,894,974,662
652,431,197,160,105,140,312,353,983,663
460,347,111,86,69,92,259,335,920,663
405,240,278,222,144,195,308,622,924,663
663,413,197,154,103,139,387,422,912,663
368,204,217,163,98,139,339,346,904,663
599,407,238,190,138,175,316,364,961,663
299,212,163,115,85,124,229,326,924,663
521,346,209,159,115,159,337,533,892,663
339,221,175,137,102,138,316,347,934,663
353,231,278,209,131,189,261,408,959,663
401,283,140,114,86,110,291,344,927,663
434,323,132,94,71,105,235,338,948,663
484,348,111,82,65,90,329,280,934,663
505,336,206,175,129,156,364,306,905,664
591,351,328,259,171,221,430,654,915,664
701,425,264,202,131,184,404,560,966,664
425,273,187,146,101,137,293,343,886,664
442,282,194,145,102,142,304,447,948,664
426,282,206,156,107,149,325,322,872,664
254,154,165,132,90,116,255,351,945,664
293,182,230,190,128,161,198,535,855,665
420,276,115,94,65,84,179,303,953,665
362,209,194,131,90,140,406,328,962,665
691,415,275,201,136,194,382,534,950,665
219,152,186,133,91,137,287,404,970,665
374,250,326,250,175,239,382,676,1021,665
528,367,196,154,107,141,309,340,943,665
348,237,135,105,75,101,296,335,928,665
426,305,228,171,130,175,308,622,903,665
385,245,185,143,106,139,426,352,912,665
338,254,132,107,78,100,240,193,895,665
537,302,287,207,138,201,443,482,944,665
607,428,193,147,104,143,372,352,941,665
525,346,209,152,117,164,495,345,958,666
400,302,149,109,92,127,329,351,902,666
322,201,166,127,84,117,295,437,918,666
584,329,396,294,181,253,403,1023,999,667
370,245,177,128,95,137,271,324,932,667
369,211,226,181,123,162,267,578,902,667
480,355,134,109,85,109,303,352,930,667
387,256,215,182,126,152,336,402,959,667
531,364,162,124,87,122,280,335,957,667
575,375,257,192,131,191,347,403,960,667
590,408,118,92,67,88,332,343,896,667
365,223,229,180,125,164,256,422,958,668
632,420,176,135,97,134,326,411,916,668
631,394,239,182,123,166,480,347,966,668
520,370,149,131,101,120,284,325,969,668
428,298,130,94,69,98,300,337,926,668
642,406,268,207,151,200,352,595,947,668
366,239,177,138,97,131,420,364,943,668
346,244,120,94,68,92,220,359,941,668
611,443,178,125,104,149,404,383,869,668
574,300,392,281,142,219,325,804,957,668
668,411,182,156,100,121,442,359,954,668
423,248,267,194,126,189,413,408,888,669
412,276,284,200,138,210,359,716,937,669
614,420,277,215,141,195,387,555,937,669
308,210,181,126,95,141,300,328,915,669
454,277,198,147,97,140,316,350,955,669
532,333,198,147,97,140,319,358,966,669
327,214,278,204,134,185,152,653,947,669
233,169,136,109,82,106,261,331,860,669
688,434,297,217,149,215,372,568,958,669
442,329,127,98,79,102,307,349,944,669
392,294,157,133,105,126,236,349,969,669
625,347,413,296,173,264,406,717,955,669
395,274,165,130,92,122,259,338,972,669
661,372,222,174,115,157,354,708,953,670
458,286,313,242,132,194,322,363,989,670
207,158,150,121,100,125,271,343,970,670
699,436,290,215,145,206,423,368,879,670
603,403,354,263,181,256,426,367,915,670
324,226,158,143,114,123,279,334,944,670
351,265,146,105,87,124,402,335,828,670
425,235,217,155,97,147,346,590,931,670
259,189,161,131,100,126,279,318,937,670
212,184,227,186,167,202,334,1,217,670
310,207,186,135,88,128,258,315,917,670
536,397,120,95,74,96,324,346,888,670
636,434,232,181,132,177,365,534,963,670
385,305,246,184,157,209,512,6,451,671
608,389,220,169,122,165,340,525,926,671
310,225,155,115,86,120,229,349,921,671
586,442,131,101,79,107,319,354,936,671
434,286,223,163,104,151,429,351,934,671
405,268,201,160,114,151,314,513,843,671
376,211,181,129,91,134,419,504,865,671
396,259,206,143,105,160,340,474,910,671
629,328,518,398,237,315,388,1023,899,671
436,240,259,193,120,176,381,520,932,671
229,143,186,145,105,139,151,578,926,671
448,251,266,203,128,178,294,656,901,672
517,289,298,230,144,193,320,666,941,672
522,358,194,157,124,153,310,317,942,672
605,342,305,241,171,225,448,593,956,672
474,277,237,186,124,163,480,350,936,672
288,169,181,144,96,126,284,357,944,672
394,292,117,94,73,94,263,340,926,672
233,170,119,88,69,95,208,269,856,672
491,338,171,144,111,133,304,340,963,672
481,297,240,175,123,174,427,354,964,672
305,204,347,252,155,233,302,636,977,672
427,288,214,140,96,154,333,366,936,673
581,371,209,149,103,151,319,526,951,673
340,272,130,104,86,109,275,340,929,673
656,369,309,244,159,214,375,704,934,673
486,340,148,126,100,119,431,334,938,673
515,307,261,204,139,186,345,630,897,673
463,301,238,165,115,172,345,329,958,673
331,210,187,139,97,136,311,330,968,673
449,231,228,190,129,161,422,507,928,673
480,260,154,113,60,87,333,813,939,673
442,242,357,259,160,235,415,663,901,673
537,354,237,189,130,176,316,493,975,674
552,362,192,147,105,143,427,354,926,674
375,267,175,128,94,132,206,322,954,674
338,220,221,159,111,163,352,389,923,674
275,231,183,134,116,156,348,408,932,674
460,297,243,194,141,180,353,347,928,674
317,265,103,76,66,89,367,1,188,674
418,217,335,260,160,218,404,651,960,675
504,247,321,259,173,218,492,709,937,675
451,248,308,218,132,200,473,691,906,675
613,391,193,153,100,130,372,355,917,675
422,334,152,115,92,121,270,335,930,675
298,234,123,86,68,99,309,322,870,675
261,202,160,112,84,124,191,317,910,675
546,342,228,174,118,162,367,487,823,675
458,282,193,156,109,142,310,446,851,675
597,395,252,177,116,176,321,404,949,675
569,410,178,139,104,139,343,363,951,675
529,337,240,178,129,185,360,423,988,675
577,396,280,227,168,213,401,607,962,676
304,199,178,131,97,136,411,367,793,676
554,355,252,189,145,198,482,537,904,676
647,438,195,147,103,142,369,332,920,676
484,287,345,246,157,233,367,606,933,676
637,339,422,323,141,195,224,971,981,676
653,438,171,146,106,128,447,346,903,676
539,374,135,106,75,105,340,349,815,676
368,232,258,185,119,175,347,552,936,676
515,345,253,198,140,187,457,344,902,677
349,245,140,113,85,109,231,350,926,677
688,381,321,263,165,207,341,670,968,677
497,356,169,121,87,128,351,333,875,677
336,258,155,118,95,128,255,325,892,677
213,157,150,116,81,109,158,374,770,678
443,330,269,202,147,206,256,484,990,678
421,326,144,105,83,119,171,311,965,678
506,272,303,222,132,197,299,550,989,678
550,387,132,96,71,101,267,344,921,678
511,349,113,89,65,86,280,348,895,678
467,309,256,204,157,202,409,378,929,678
575,313,401,307,180,252,531,620,949,678
583,377,197,161,106,138,343,364,995,678
198,169,119,91,82,107,506,2,443,678
255,182,234,188,138,179,328,332,939,678
583,354,274,196,125,193,301,667,849,678
401,362,161,105,93,143,409,121,802,678
341,244,159,110,77,119,244,338,925,678
563,403,187,156,120,149,394,331,886,679
297,210,180,142,114,146,295,331,935,679
586,419,195,154,116,151,333,356,908,679
335,260,124,99,80,100,276,347,854,679
532,268,163,133,72,93,522,350,891,679
534,386,226,172,125,170,371,394,906,680
496,288,323,232,143,210,427,677,978,680
289,200,155,119,87,119,327,347,860,680
486,250,309,236,108,149,333,798,970,680
715,421,221,187,129,158,378,578,1005,680
227,151,174,132,98,130,330,321,837,680
343,243,225,161,117,171,300,310,937,680
343,264,129,89,69,106,200,350,968,680
338,207,174,140,95,125,246,537,931,680
230,157,178,149,108,131,271,354,896,681
430,303,173,128,95,132,315,342,903,681
560,405,153,124,94,121,301,323,910,681
452,292,192,154,111,144,321,254,948,681
408,234,222,164,110,158,338,555,942,681
330,253,137,113,91,112,269,300,909,681
306,225,201,161,126,162,330,288,892,681
688,467,255,217,142,184,353,474,946,681
388,257,177,147,110,136,313,337,962,681
330,266,171,131,107,140,308,311,779,681
575,398,402,266,180,288,528,672,966,681
719,435,307,247,171,216,373,654,927,682
403,253,258,185,130,190,457,470,918,682
428,253,385,280,183,261,427,700,940,682
591,372,166,132,64,84,78,1023,984,682
671,475,168,120,89,127,341,343,949,682
413,293,173,139,107,136,223,334,946,682
695,426,335,272,189,247,404,546,929,682
521,379,174,120,93,139,459,357,895,682
417,269,234,183,126,171,342,311,968,682
718,465,262,197,127,178,415,628,960,682
545,414,194,146,111,150,353,346,895,682
678,362,480,352,179,268,455,976,1014,683
476,324,220,158,125,179,496,370,844,683
701,454,231,182,125,169,346,439,943,683
464,327,217,170,125,165,313,342,924,683
437,298,236,169,124,179,280,492,832,683
668,405,156,125,87,114,500,337,920,683
729,392,470,360,165,246,520,770,862,683
443,275,225,173,117,160,327,496,989,683
338,262,155,122,102,131,310,267,953,683
211,174,116,88,73,98,247,183,868,683
663,403,491,377,250,344,420,825,1006,684
291,189,253,188,125,176,172,599,932,684
564,401,157,124,89,120,329,356,902,684
386,180,272,204,115,169,360,609,964,684
623,348,153,122,69,93,307,705,909,684
488,343,172,135,102,133,283,356,942,684
357,218,163,150,106,109,455,346,952,684
358,221,252,201,133,175,306,500,904,684
331,189,259,201,126,172,368,561,916,684
509,346,290,228,149,206,420,597,873,684
584,386,232,184,118,159,349,437,963,684
232,192,177,136,114,152,439,6,459,685
598,385,286,214,146,207,383,572,939,685
448,267,218,180,125,158,288,541,938,685
377,256,163,124,91,126,322,347,912,685
473,315,198,144,103,152,371,349,882,685
287,182,303,233,158,216,274,605,976,685
458,286,203,165,117,149,363,346,965,685
467,328,207,181,136,159,332,331,937,685
716,488,234,175,128,171,337,325,908,685
422,304,159,122,91,125,355,329,776,685
386,226,346,276,166,227,244,661,948,685
459,259,285,229,146,193,374,569,935,685
417,198,285,206,118,183,405,568,918,685
601,393,256,206,148,192,359,614,896,686
467,334,361,269,212,293,500,253,752,686
641,367,328,243,152,227,352,700,960,686
437,300,240,171,134,194,413,447,865,686
516,364,248,210,155,189,328,360,957,686
370,239,193,153,108,144,310,412,874,686
369,207,225,181,119,159,333,517,930,686
606,353,316,239,163,231,473,694,901,686
458,287,191,136,80,117,522,369,903,686
334,211,201,149,105,150,340,421,844,686
574,398,243,178,128,184,321,413,979,686
633,428,250,200,138,175,374,443,984,687
292,178,194,156,99,131,171,607,925,687
454,282,339,242,167,246,382,576,933,687
681,407,447,321,200,297,407,853,982,687
329,264,122,96,79,101,249,314,943,687
510,359,225,160,118,174,349,339,955,687
336,194,236,162,106,161,99,680,928,687
331,228,153,119,84,114,295,347,938,687
597,421,183,147,108,135,480,323,908,687
440,256,195,147,98,133,519,350,946,688
399,265,309,224,151,222,368,533,893,688
368,206,263,202,123,172,272,587,936,688
326,202,167,126,93,126,390,340,950,688
437,266,184,140,100,140,381,383,924,688
595,359,405,320,178,248,418,753,1016,688
635,389,235,181,123,168,339,503,872,688
417,288,164,122,90,125,315,328,952,688
655,406,219,153,109,160,357,432,952,688
457,286,130,91,61,92,403,326,888,688
474,315,169,126,91,129,394,324,946,688
331,227,128,118,88,101,281,340,882,689
392,261,206,154,105,152,321,464,958,689
484,315,178,149,106,133,367,346,950,689
482,367,235,191,137,175,246,299,971,689
547,389,223,165,135,186,361,347,891,689
625,440,252,200,146,188,363,322,905,689
289,177,217,153,103,154,301,385,987,689
666,441,308,259,169,211,359,549,978,689
364,169,322,245,138,205,311,692,1006,689
517,321,220,184,124,152,403,406,919,689
477,344,184,144,111,141,226,451,953,690
278,171,281,226,137,192,254,613,974,690
426,318,154,120,93,120,254,308,932,690
553,409,490,383,285,383,524,301,791,690
333,173,193,145,90,126,445,372,910,690
339,271,140,108,89,118,294,368,896,690
464,295,204,161,107,140,333,352,957,690
717,435,222,183,116,148,474,482,975,690
554,303,239,187,115,158,339,409,1000,690
486,254,349,245,130,213,416,679,979,691
389,198,297,229,139,191,405,644,891,691
340,256,197,141,102,150,443,369,898,691
677,442,258,207,144,185,357,530,946,691
374,233,179,138,92,126,333,346,956,691
479,317,175,138,102,134,319,332,852,691
304,185,212,141,97,157,449,327,958,691
354,222,162,146,104,122,238,308,943,691
595,410,236,177,123,171,350,398,935,691
246,170,193,148,106,148,341,337,971,691
378,211,207,160,103,145,357,281,946,691
352,208,244,207,129,163,234,560,938,692
579,320,268,194,120,181,330,681,884,692
549,361,242,176,112,167,333,328,965,692
229,167,156,127,96,119,234,315,968,692
443,305,258,197,145,201,368,474,946,692
302,221,125,94,69,98,276,223,896,692
585,429,202,160,125,160,334,345,930,692
534,309,230,173,119,169,407,545,933,692
364,238,256,191,135,192,360,307,946,692
463,323,187,138,84,121,446,199,756,692
320,238,236,180,137,183,344,451,918,692
645,425,229,174,117,162,434,356,970,692
387,218,266,214,141,182,282,671,915,692
590,418,213,172,138,172,410,369,940,693
556,401,177,155,118,135,363,345,893,693
627,422,178,134,93,129,322,447,979,693
242,184,127,96,69,96,265,345,877,693
647,385,268,205,130,177,395,676,975,693
526,276,351,266,157,225,411,700,963,693
429,240,296,224,132,189,247,675,898,693
341,211,127,99,69,93,198,361,976,693
597,391,239,197,132,169,412,620,888,694
477,284,225,177,112,151,372,514,874,694
414,299,158,117,90,125,341,342,907,694
252,176,189,147,111,150,424,331,904,694
566,345,330,271,168,219,399,466,962,694
348,234,223,176,124,165,296,433,984,694
312,223,153,110,76,113,266,329,905,694
366,250,197,151,109,151,302,443,904,694
303,198,261,203,140,191,348,324,912,694
325,211,185,143,99,133,340,333,915,694
645,421,199,149,101,141,405,344,915,694
578,415,155,114,90,125,335,351,843,694
626,337,315,237,110,166,665,1023,1023,694
713,403,267,204,128,176,405,632,952,694
347,266,177,130,104,143,373,271,906,694
259,181,201,155,111,149,305,479,947,694
661,383,366,266,160,245,361,668,989,694
356,261,155,112,82,117,296,323,927,694
322,237,126,93,73,101,317,251,908,695
319,222,171,127,98,134,326,339,924,695
343,262,127,96,75,101,258,326,924,695
373,228,202,163,116,147,321,557,899,695
307,222,166,136,97,124,252,295,938,695
255,193,168,119,90,130,201,324,952,695
600,366,247,196,130,173,355,570,870,695
656,421,203,165,103,137,361,332,954,695
655,452,172,138,96,126,344,346,933,695
313,195,207,163,110,151,278,472,938,695
570,297,239,181,123,171,515,381,963,695
495,356,229,170,126,177,350,408,895,695
587,387,245,197,136,175,377,351,951,696
502,285,404,303,177,253,479,676,768,696
493,284,265,204,132,182,339,687,955,696
697,404,357,261,161,240,407,621,939,696
566,406,165,122,91,127,264,333,975,696
445,316,169,114,85,132,387,294,838,696
642,404,249,189,130,181,365,596,997,696
475,251,290,233,141,186,367,470,932,696
453,279,263,210,134,180,269,614,962,696
445,270,251,208,132,168,279,626,936,696
585,311,297,230,111,159,337,636,942,697
268,233,106,79,67,91,445,2,400,697
708,387,491,347,212,324,496,963,938,697
217,143,159,125,99,125,340,337,922,697
543,345,216,173,118,156,397,469,895,697
298,223,116,89,68,92,326,194,952,697
481,297,255,194,133,183,474,557,920,697
637,423,241,173,123,177,386,529,905,697
415,293,154,113,78,113,303,332,929,697
483,352,263,203,154,204,370,364,949,697
548,361,281,202,131,194,382,475,963,697
409,203,314,243,149,208,396,569,1016,697
332,263,335,253,226,298,509,148,742,697
491,325,181,157,110,135,351,390,934,697
622,458,186,152,121,154,305,339,928,697
275,183,178,133,93,132,229,302,964,697
401,264,261,191,133,189,353,438,937,698
423,266,226,178,124,167,367,462,834,698
311,208,174,148,113,134,315,344,904,698
415,283,126,97,78,100,383,179,829,698
696,405,297,233,153,203,536,574,918,698
470,302,252,215,149,177,274,635,890,698
499,330,163,121,91,129,371,356,980,698
353,234,202,180,135,153,358,314,953,698
595,418,211,172,129,166,306,423,944,698
356,258,201,155,126,167,415,392,930,698
548,380,189,148,111,147,282,374,969,698
175,141,143,116,87,111,156,328,930,698
398,226,322,239,138,203,440,718,1015,699
271,233,129,100,83,108,323,111,871,699
705,441,244,191,129,171,374,569,975,699
551,368,177,140,104,134,424,351,955,699
444,297,203,151,108,152,306,341,958,699
517,408,99,75,62,85,340,330,908,699
608,360,326,261,169,225,466,674,940,699
532,387,141,102,76,109,295,324,923,700
485,286,198,155,108,143,418,595,919,700
320,214,211,169,122,158,365,444,918,700
586,409,254,189,140,194,378,542,929,700
658,459,174,143,108,134,334,344,914,700
392,296,116,81,64,94,282,349,850,700
372,230,307,230,162,220,159,635,933,700
526,320,220,172,117,154,355,364,977,700
550,327,223,177,122,163,479,513,937,700
387,237,232,190,145,177,518,354,936,700
504,328,402,287,198,291,499,499,948,700
410,268,241,188,142,185,231,645,908,701
480,314,166,133,97,126,337,325,924,701
310,235,144,106,83,117,227,327,932,701
603,389,261,202,140,193,406,598,915,701
686,388,516,386,250,346,406,1023,981,701
441,315,152,131,102,117,309,333,918,701
454,285,260,189,130,191,352,422,890,701
236,210,140,102,93,128,385,2,203,701
373,220,267,200,118,170,221,676,982,701
491,325,382,260,215,317,458,374,863,702
499,359,171,127,98,135,321,331,932,702
512,399,154,113,90,125,259,419,893,702
221,138,214,166,115,150,199,558,946,702
303,200,233,201,141,168,221,343,971,702
412,313,171,149,123,139,297,328,912,702
470,342,187,149,114,147,375,396,904,702
640,368,378,293,181,254,414,645,984,703
689,466,213,177,126,161,322,401,945,703
384,239,241,168,116,177,300,539,979,703
478,307,246,184,126,178,336,550,960,703
415,272,197,158,109,143,311,455,970,703
515,327,263,194,141,196,352,433,933,703
166,153,138,92,91,135,317,2,204,703
308,184,259,202,137,184,299,549,989,703
361,234,221,165,109,159,319,525,899,704
313,219,107,80,60,82,245,345,926,704
379,259,247,173,126,187,319,414,918,704
307,210,194,140,103,146,353,332,910,704
413,251,223,171,108,148,351,430,952,704
440,198,308,229,111,163,289,669,917,704
492,316,230,177,120,165,357,560,926,704
246,160,187,142,97,133,263,524,845,704
396,281,165,130,101,134,314,315,943,704
606,307,467,346,157,208,469,865,1010,704
652,407,250,176,115,174,413,453,948,704
596,403,212,161,112,156,314,432,966,705
480,327,166,124,87,121,313,321,948,705
381,239,205,159,110,154,323,512,929,705
438,317,157,119,93,129,222,333,940,705
642,443,191,153,107,141,319,358,889,705
602,383,371,300,238,300,504,465,972,705
388,230,248,174,115,177,300,663,968,706
467,304,208,159,109,144,311,308,986,706
328,246,108,84,68,89,201,331,921,706
218,160,260,199,148,205,325,335,950,706
568,320,481,342,197,303,414,606,937,706
731,461,275,226,157,202,374,551,938,706
457,282,194,148,106,144,335,336,899,706
479,261,267,203,127,176,375,567,937,706
449,293,204,155,109,151,329,506,900,706
453,294,191,153,115,148,450,341,940,707
516,294,349,255,159,233,360,559,961,707
559,376,222,169,117,161,319,516,924,707
517,323,198,145,89,131,224,530,895,707
560,335,329,271,179,236,387,658,907,707
489,342,263,184,132,194,336,341,964,707
571,432,186,148,119,151,248,308,929,707
497,276,274,197,117,176,400,581,937,707
172,138,140,94,75,112,197,327,879,707
437,323,170,118,89,134,317,333,928,707
340,238,187,133,96,139,316,338,942,708
571,421,129,109,85,104,323,347,911,708
426,290,192,153,113,147,306,333,963,708
442,337,225,186,156,189,480,349,926,708
617,347,201,158,107,144,338,444,933,708
358,251,246,217,162,190,478,500,935,708
296,232,178,134,97,131,245,288,869,708
352,244,244,186,136,187,299,378,959,708
345,249,120,100,78,96,279,355,896,708
304,178,245,189,125,169,172,637,947,708
394,201,260,190,108,159,374,625,964,708
563,343,308,230,146,202,362,626,926,709
437,315,207,173,141,165,467,336,951,709
335,228,208,169,119,152,258,441,967,709
551,369,224,171,125,172,462,368,980,709
729,459,267,202,140,195,420,554,932,709
390,279,172,122,93,135,297,326,914,709
669,453,151,113,80,113,420,348,924,709
314,198,190,138,98,143,321,315,917,709
477,290,232,178,118,165,348,638,886,709
482,366,201,154,118,158,295,344,930,709
266,207,136,104,85,113,240,341,913,709
730,455,308,227,148,216,377,588,894,709
652,412,244,197,137,178,351,574,949,709
381,274,171,145,113,138,270,335,967,709
460,262,344,260,166,234,429,563,968,710
383,220,203,171,118,145,298,358,986,710
388,199,327,251,158,219,401,675,822,710
347,294,135,96,87,122,268,331,926,710
387,351,100,75,71,93,377,57,813,710
432,286,294,230,147,200,239,574,955,710
326,195,172,136,99,130,406,345,914,710
329,183,154,113,72,104,426,358,937,710
402,265,263,191,128,182,390,469,954,710
321,211,183,150,110,136,403,456,933,710
329,227,141,104,77,109,289,358,868,711
454,332,202,153,130,171,334,343,919,711
353,219,162,131,95,120,396,349,930,711
594,396,257,204,148,191,413,391,838,711
368,223,184,140,97,133,449,334,883,711
669,436,326,253,162,217,375,599,960,711
357,214,207,167,115,150,334,378,956,711
630,428,177,134,97,135,307,320,885,711
482,304,206,162,109,143,369,455,928,711
508,319,324,228,154,232,400,506,930,711
480,323,184,128,97,141,348,340,840,711
428,265,226,173,118,163,203,593,929,712
366,245,207,145,103,155,313,380,944,712
461,296,202,149,104,147,435,343,924,712
271,168,170,122,101,146,417,273,913,712
504,337,158,124,87,113,351,314,975,712
576,409,145,115,87,111,336,342,928,712
564,352,202,147,99,141,496,384,965,712
456,239,285,227,143,193,355,669,932,712
296,185,199,130,90,145,428,469,866,713
653,398,296,235,145,199,379,499,937,713
374,225,254,182,115,178,350,661,914,713
653,425,212,147,100,156,415,362,951,713
449,268,234,179,118,162,321,656,881,713
392,312,198,145,122,169,305,294,1009,713
525,363,199,165,121,148,281,477,926,713
402,255,162,133,94,117,500,329,941,713
381,226,281,194,126,193,361,701,810,713
358,232,266,185,116,182,378,569,855,714
309,175,270,207,125,174,128,676,974,714
570,355,226,182,133,171,307,491,959,714
560,382,158,119,91,125,418,350,872,714
375,243,184,140,100,138,309,335,969,714
373,222,274,212,136,187,260,677,935,714
414,307,178,142,110,139,331,328,971,714
252,184,124,94,71,97,236,342,962,714
520,335,154,120,92,123,431,337,927,714
451,285,262,192,125,182,438,620,909,714
627,389,190,154,99,128,298,352,1002,714
274,197,149,112,88,119,261,323,959,715
276,195,232,179,124,167,298,410,981,715
351,253,278,219,168,220,461,316,836,715
637,348,387,307,193,258,438,593,917,715
502,345,224,164,119,169,315,389,934,715
610,418,335,254,175,247,370,508,889,715
503,337,248,194,135,182,446,402,956,715
558,369,225,189,134,165,336,391,940,716
332,243,133,95,72,104,259,338,921,716
403,242,301,232,150,208,378,615,944,716
461,307,193,126,91,147,269,409,917,716
540,345,162,119,79,117,294,328,877,716
594,304,218,166,115,160,358,428,974,716
285,214,186,154,124,151,357,324,918,716
694,456,237,196,137,172,367,407,927,716
731,458,275,207,151,203,406,590,880,716
604,327,293,223,158,216,520,552,937,717
390,242,210,164,112,153,307,318,947,717
650,437,248,181,122,179,343,571,933,717
701,390,153,123,88,113,272,1023,988,717
473,323,180,136,98,130,304,324,933,717
619,350,149,117,73,102,378,338,923,717
442,338,164,127,113,146,380,346,865,717
355,207,233,181,125,170,294,551,941,717
367,258,193,139,109,155,348,331,874,717
574,319,212,160,116,157,527,343,925,717
527,370,174,149,106,128,353,353,979,717
498,357,185,145,108,143,303,336,871,718
315,200,130,101,68,96,237,360,973,718
717,460,261,215,144,186,354,532,900,718
327,220,148,115,81,107,290,350,946,718
380,298,141,106,85,113,273,324,924,718
383,257,174,130,95,130,282,395,931,718
354,221,190,153,108,139,275,333,966,718
527,308,280,206,134,191,392,653,940,718
331,161,279,225,125,169,346,664,949,718
456,251,322,244,150,209,366,722,950,718
414,265,165,132,84,116,324,349,970,719
525,300,209,158,106,148,368,568,924,719
538,346,326,254,184,244,416,595,856,719
547,369,273,230,176,216,371,311,909,719
288,160,259,196,120,170,327,454,973,719
466,312,185,150,107,138,430,343,935,719
694,433,204,161,109,145,385,512,950,719
369,205,314,250,144,199,333,691,952,719
724,397,407,308,154,219,462,822,1023,719
625,444,165,141,100,122,331,343,955,719
571,356,420,291,184,292,504,432,896,719
330,197,222,165,119,166,287,428,940,719
440,269,207,157,107,152,333,381,978,719
598,427,179,143,108,139,351,383,889,719
391,289,269,198,147,208,285,358,951,720
657,368,165,136,88,112,477,342,928,720
537,292,306,215,114,191,387,627,935,720
520,302,357,250,199,298,464,647,967,720
671,375,323,240,150,211,409,656,834,720
407,250,229,175,121,166,358,421,908,720
663,372,297,222,143,201,414,716,951,720
498,271,214,159,92,138,440,444,942,720
349,218,289,219,139,197,465,508,904,720
524,260,362,262,119,183,87,894,995,720
392,252,232,178,127,172,320,499,969,720
482,310,221,159,113,164,349,442,964,720
514,346,242,194,143,187,313,430,978,720
315,232,285,220,173,227,441,325,889,721
352,246,202,165,125,154,280,486,956,721
484,329,83,50,98,167,527,80,837,721
521,344,285,213,149,204,296,456,980,721
606,422,200,148,108,149,466,353,869,721
465,246,318,260,164,213,353,579,930,721
526,304,205,159,95,128,506,425,939,721
280,177,205,145,103,155,375,336,889,721
598,404,284,216,149,208,334,521,949,721
596,385,263,202,141,192,322,322,949,721
561,373,217,163,119,168,337,354,946,722
470,253,186,135,97,140,471,354,962,722
283,196,227,175,133,178,318,335,928,722
366,243,199,149,104,149,273,405,968,722
589,457,136,102,84,115,284,345,933,722
424,237,256,179,112,172,313,667,977,722
409,264,242,173,113,169,338,650,877,722
471,329,192,146,102,140,287,308,933,722
561,374,221,159,107,156,312,531,931,722
580,388,186,141,103,139,495,352,930,722
389,267,186,148,110,144,314,337,949,723
546,348,226,183,129,165,345,450,945,723
538,344,196,153,106,146,349,423,953,723
650,434,326,243,185,254,492,361,815,723
697,393,387,269,170,265,403,650,1010,723
586,305,370,271,164,237,414,643,913,723
400,196,351,274,165,224,373,686,1023,723
316,208,169,132,95,125,401,97,716,723
551,412,160,110,76,118,428,354,823,723
243,194,128,100,79,106,265,333,896,723
312,205,153,131,98,118,321,335,886,724
539,409,230,162,122,181,299,312,938,724
361,270,166,121,96,135,306,351,941,724
588,351,313,215,101,164,303,602,938,724
419,308,184,147,114,147,435,335,927,724
243,173,172,131,99,136,254,350,902,724
216,139,195,161,105,131,119,511,921,724
462,283,206,158,106,146,321,368,899,724
604,403,280,213,146,198,336,480,923,724
383,289,162,128,98,126,316,342,906,725
482,292,246,181,125,175,481,448,948,725
333,227,184,148,106,140,324,348,933,725
180,131,194,143,104,149,261,353,886,725
420,258,256,203,135,175,280,638,892,725
437,283,190,150,105,137,306,483,836,725
690,391,271,207,133,185,344,672,965,725
578,398,248,199,153,193,469,506,952,725
465,339,174,132,100,137,282,332,955,725
631,453,345,238,171,259,494,506,947,725
357,262,288,225,159,211,479,334,947,725
545,368,203,154,106,146,319,355,948,725
550,365,325,232,161,237,485,609,968,725
261,180,168,122,87,128,230,309,961,725
416,284,210,167,125,160,369,410,935,726
533,329,271,210,141,194,315,569,890,726
470,326,219,170,126,166,375,361,959,726
443,323,160,137,104,126,272,321,884,726
272,178,203,130,87,143,259,392,972,726
420,267,173,130,84,122,291,346,940,726
367,249,173,141,105,135,284,336,924,726
501,296,294,214,145,208,489,594,951,726
603,360,277,207,137,187,276,681,901,726
205,143,143,116,85,109,273,335,953,726
338,204,199,150,100,139,321,290,848,726
450,301,240,179,118,178,300,345,930,726
341,240,142,111,78,103,290,377,923,726
481,311,261,206,148,194,407,467,921,726
597,410,213,162,119,161,303,611,924,727
280,169,173,133,90,125,459,326,897,727
378,277,167,125,96,137,300,321,903,727
545,391,148,115,89,120,336,350,915,727
626,482,177,143,116,144,240,307,953,727
556,369,179,133,97,136,351,338,903,727
287,230,165,122,99,136,239,329,870,727
346,210,225,158,111,164,367,326,944,727
345,249,179,141,106,141,268,414,936,727
525,303,331,257,165,226,339,641,940,728
362,244,200,152,100,143,360,362,968,728
589,381,328,244,170,236,341,628,957,728
287,188,127,98,77,101,275,344,926,728
407,269,185,145,103,137,277,449,962,728
403,293,189,142,105,144,318,348,918,728
320,195,236,164,108,168,404,362,925,728
395,234,245,180,117,165,335,542,933,728
612,472,356,266,212,289,521,298,859,728
384,274,189,146,114,150,361,438,931,729
478,377,131,100,85,113,238,335,942,729
473,330,189,150,114,149,270,329,944,729
374,214,272,221,159,201,429,410,951,729
517,338,300,232,158,215,454,377,1023,729
565,371,218,153,96,140,394,567,882,729
480,239,340,249,147,215,379,688,994,729
301,225,251,176,129,192,178,590,936,729
454,285,258,186,132,190,319,593,966,729
455,221,397,295,153,230,481,969,1023,730
259,179,160,137,85,101,542,1,188,730
419,363,282,183,152,239,534,83,867,730
569,401,151,121,91,115,370,333,982,730
310,225,130,97,73,100,245,333,863,730
423,294,231,192,132,163,282,390,917,730
714,460,246,195,131,176,362,459,1013,730
614,442,249,176,128,188,410,515,958,730
712,387,569,429,215,325,439,1023,983,730
298,219,182,121,94,147,311,383,895,730
498,329,231,171,118,171,324,503,948,730
503,337,238,184,130,176,334,415,949,731
687,434,157,122,81,109,241,481,997,731
385,240,197,148,118,162,452,345,918,731
312,198,174,136,111,143,428,348,892,731
352,203,302,241,146,201,324,573,960,731
427,232,187,142,87,123,281,363,997,731
577,383,205,158,107,146,317,486,966,731
373,256,283,198,131,206,331,532,892,731
442,272,177,128,88,129,254,355,988,731
565,370,245,181,123,179,370,440,916,732
682,466,198,158,112,141,342,515,949,732
521,270,431,339,191,254,334,831,988,732
512,299,340,254,149,210,383,774,1016,732
254,197,161,124,96,130,266,339,914,732
664,407,256,203,146,188,395,538,959,732
304,211,230,191,137,165,254,388,967,732
457,306,237,188,134,178,291,495,951,732
222,188,146,108,101,136,431,2,210,732
354,254,162,119,87,127,265,326,909,732
652,421,237,189,135,173,384,518,964,732
328,229,198,154,110,146,327,427,912,733
357,191,353,271,147,216,375,684,967,733
618,363,372,254,155,249,388,595,825,733
542,347,416,285,202,308,481,279,817,733
449,314,216,179,133,166,375,443,970,733
511,312,162,125,92,123,413,359,918,733
508,257,259,197,121,172,348,654,971,733
297,202,189,139,97,139,273,309,968,733
296,240,100,82,68,83,217,322,918,733
399,268,171,137,103,134,338,348,899,733
442,256,255,181,110,168,393,510,916,733
592,368,242,212,139,165,315,360,987,734
511,348,221,165,125,169,476,365,977,734
303,202,176,142,105,134,199,487,913,734
378,284,115,87,69,92,313,278,905,734
628,395,271,198,129,192,397,639,923,734
663,412,244,185,131,183,390,548,822,734
326,218,171,129,88,125,259,320,943,734
545,389,149,124,96,119,267,355,986,734
529,351,268,210,142,185,334,580,996,734
401,283,144,110,84,111,407,331,849,735
489,324,208,170,120,153,362,336,895,735
350,241,176,152,117,140,325,335,904,735
623,436,190,135,93,143,311,318,895,735
454,232,296,242,154,201,374,675,961,735
271,157,242,188,119,160,241,725,969,735
432,306,144,117,84,108,283,308,910,735
428,297,161,124,88,120,425,343,846,735
323,183,205,144,96,143,265,463,962,736
482,297,241,174,116,172,338,549,930,736
557,314,299,222,155,217,380,496,904,736
400,262,183,147,106,139,325,425,914,736
308,185,161,121,86,119,333,339,900,736
665,449,189,152,107,140,375,437,926,736
572,415,210,178,138,165,389,332,957,736
434,241,315,241,145,201,415,692,938,736
433,353,107,89,80,94,230,323,946,736
356,214,186,126,89,135,283,343,975,737
710,381,356,264,173,243,525,662,952,737
352,255,144,111,85,113,286,337,879,737
261,202,160,113,88,132,290,375,981,737
552,364,278,215,154,202,432,470,928,737
609,407,371,260,182,264,514,602,944,737
641,403,217,159,116,166,470,342,904,737
358,227,221,163,122,174,462,418,951,737
228,161,150,120,86,111,187,306,886,737
237,166,127,96,73,97,263,279,907,737
659,483,152,125,95,119,313,325,973,737
406,221,265,207,134,179,372,519,920,738
506,291,422,315,207,289,168,969,930,738
415,289,162,127,94,126,309,322,882,738
220,155,166,121,85,120,218,350,954,738
273,162,216,171,117,155,217,583,919,738
336,224,151,109,81,117,308,350,945,738
400,279,131,105,79,103,240,334,914,738
251,169,136,101,74,104,295,350,931,738
338,198,258,200,118,168,282,692,942,738
305,198,208,166,121,156,316,344,944,738
503,295,248,193,115,162,248,646,955,738
414,253,334,253,167,232,417,677,969,738
409,276,253,172,124,192,315,449,915,739
275,233,112,91,78,96,279,234,862,739
383,243,244,189,121,162,217,538,960,739
343,255,140,113,87,108,261,320,913,739
409,253,225,146,109,175,484,374,929,739
268,166,232,165,108,160,281,548,974,739
323,222,156,118,87,120,263,331,962,740
603,433,162,128,92,122,294,343,937,740
350,250,184,122,92,142,179,257,939,740
595,440,127,100,79,102,328,354,800,740
368,246,161,110,77,115,262,313,918,740
343,217,206,157,104,147,299,555,966,740
347,252,150,117,90,119,300,410,911,740
394,244,205,167,109,141,390,422,910,740
648,482,111,78,64,90,355,300,778,741
218,139,289,189,108,184,419,498,955,741
317,241,200,166,132,160,270,462,958,741
387,303,142,111,94,119,248,323,903,741
572,394,176,125,87,127,318,332,914,741
422,208,317,236,106,152,357,655,990,741
473,339,171,120,92,136,253,335,956,741
289,222,174,127,96,138,217,326,968,741
400,222,163,123,91,125,453,339,908,741
504,323,313,229,147,220,276,770,981,741
512,336,196,144,105,147,334,299,913,741
491,271,317,225,146,219,425,674,966,742
459,279,321,247,167,227,408,709,952,742
435,379,137,106,90,115,400,1,223,742
219,166,138,97,75,109,216,319,930,742
443,245,299,222,137,189,317,633,926,742
395,227,284,219,170,228,525,340,907,742
429,261,216,167,109,152,292,573,942,742
549,272,345,257,150,219,444,611,912,742
418,283,186,145,107,143,358,434,877,742
417,223,329,249,154,220,325,631,964,742
271,204,201,139,102,158,280,313,958,742
464,365,165,124,102,140,308,315,894,742
449,293,187,145,98,131,442,340,930,743
310,236,127,97,78,105,261,334,880,743
522,341,266,198,133,191,238,446,990,743
579,323,238,186,104,140,416,500,942,743
410,272,241,203,136,168,256,543,844,743
539,260,296,232,117,163,374,521,1017,743
280,208,179,129,100,143,265,291,943,743
631,328,350,257,147,212,392,665,989,743
460,307,223,175,119,157,122,652,934,743
416,250,281,220,151,200,340,517,971,743
621,333,458,351,198,292,395,797,980,743
204,200,90,74,75,89,378,1,201,743
730,448,318,247,163,222,437,682,964,743
299,219,143,113,87,110,258,314,951,743
654,408,165,123,78,113,321,352,957,744
435,258,278,210,138,198,354,530,950,744
597,304,274,214,105,147,390,624,1003,744
495,242,339,277,166,219,395,709,1003,744
470,298,241,185,128,178,319,419,930,744
354,236,188,147,98,132,334,417,934,744
653,446,174,128,92,131,389,367,832,744
509,251,353,259,153,234,448,714,987,744
355,274,210,158,123,169,278,322,894,744
552,346,317,242,154,216,396,439,868,745
672,431,240,185,122,170,344,537,970,745
357,260,162,122,90,129,265,339,946,745
442,273,229,192,127,156,428,469,976,745
287,172,172,122,79,121,247,328,958,745
656,399,280,202,126,186,415,556,947,745
434,249,193,141,87,130,305,479,902,745
267,220,148,114,90,121,269,331,959,745
313,201,156,116,85,115,241,346,857,745
307,200,192,162,122,148,289,320,941,745
356,166,391,289,154,228,392,612,1023,746
458,274,259,203,140,184,366,467,952,746
293,160,247,173,101,152,410,468,861,746
447,353,103,90,72,83,303,338,920,746
537,363,236,165,117,176,336,375,956,746
624,416,234,186,120,167,336,334,939,746
479,304,201,178,125,146,349,562,904,746
347,218,256,190,129,180,309,497,878,746
348,202,262,203,129,179,347,413,907,746
520,252,255,188,109,161,369,662,956,746
429,279,225,191,142,177,322,395,943,746
692,402,294,215,135,199,399,673,944,747
537,357,157,117,93,127,437,348,905,747
267,188,179,115,86,140,228,313,980,747
483,301,226,181,130,169,324,471,903,747
423,273,233,177,126,172,309,524,960,747
479,301,261,206,144,190,494,387,972,747
432,277,263,201,138,185,435,435,958,747
379,296,139,111,90,113,311,334,916,747
377,171,365,280,143,205,416,717,960,747
343,237,161,126,93,123,319,379,989,747
566,341,253,202,129,173,470,419,898,747
506,338,201,160,113,144,357,398,1002,747
426,281,179,129,92,134,305,413,901,747
379,245,281,201,136,203,368,389,891,748
376,262,171,136,100,129,299,332,880,748
637,390,223,159,106,158,374,578,888,748
289,180,129,96,72,98,411,350,911,748
333,222,139,111,83,108,431,185,923,748
321,204,223,148,96,154,258,335,992,748
395,201,246,186,74,117,574,1,138,748
392,241,241,180,121,176,347,668,926,749
412,219,331,254,149,217,323,623,972,749
593,448,110,89,71,91,285,343,901,749
244,159,181,135,95,137,226,332,947,749
443,263,180,138,92,127,338,357,945,749
285,237,155,122,100,131,224,325,926,749
536,293,356,261,167,241,504,523,991,749
414,244,283,227,152,198,360,592,960,749
462,388,120,84,71,102,203,325,989,749
334,216,191,137,92,135,242,387,958,749
494,322,186,148,106,137,308,332,961,749
595,322,351,280,174,237,473,637,965,750
634,472,150,119,86,117,303,313,916,750
390,247,187,158,112,135,337,342,936,750
605,425,190,138,106,151,384,409,893,750
371,185,277,235,153,188,440,672,935,750
661,385,225,176,128,170,475,411,958,750
264,206,123,96,79,104,230,322,912,750
269,190,185,143,111,147,317,343,918,750
429,234,254,202,138,181,276,498,1009,751
719,389,475,351,221,318,517,1023,1023,751
478,320,210,156,103,149,291,304,986,751
411,305,162,134,102,128,283,332,923,751
541,383,238,169,124,184,460,423,945,751
361,244,220,174,129,168,290,445,925,751
704,426,263,194,127,183,350,476,978,751
274,216,163,130,110,139,255,337,943,751
483,338,254,198,145,192,329,479,939,751
251,187,119,88,66,92,299,360,919,751
549,297,285,237,150,191,376,592,976,751
637,441,183,135,98,139,373,340,926,751
497,314,303,236,153,208,431,623,974,752
471,290,235,165,117,179,359,442,943,752
599,409,221,169,121,168,317,554,922,752
442,231,324,240,140,211,382,656,955,752
467,301,209,172,116,147,311,522,918,752
331,191,284,227,145,187,361,647,988,752
531,355,220,164,121,171,357,577,935,752
217,194,181,139,117,151,365,336,955,753
279,176,176,130,89,127,240,385,994,753
667,368,291,234,145,190,398,693,910,753
445,319,285,219,178,242,491,38,437,753
418,333,132,112,93,114,207,316,956,753
514,372,154,119,92,122,313,347,892,753
541,388,138,107,78,105,244,738,989,753
317,198,246,191,122,163,281,534,961,753
553,340,274,227,145,189,295,675,975,753
504,368,190,152,120,153,332,322,924,753
296,196,141,107,66,94,350,366,950,753
295,150,225,179,111,151,354,393,962,754
231,159,159,124,92,121,289,327,945,754
480,262,379,299,179,252,399,581,952,754
593,321,275,200,125,180,350,678,898,754
327,224,167,128,82,115,351,350,897,754
575,357,282,202,137,198,377,624,935,754
273,178,248,172,117,178,339,503,836,754
424,297,150,119,91,119,287,335,956,754
426,260,213,168,107,144,261,442,858,754
346,230,227,166,108,156,220,619,953,754
330,247,130,100,72,97,227,319,871,754
378,209,227,166,112,159,337,352,937,754
447,291,251,198,127,170,204,657,992,754
358,190,285,220,135,188,492,448,961,755
331,254,176,136,101,136,208,407,934,755
596,338,410,308,161,210,201,1023,955,755
254,176,225,161,111,164,366,333,882,755
549,371,180,127,87,131,407,384,934,755
548,307,259,208,130,171,351,577,943,755
348,233,168,126,80,119,260,361,972,755
508,307,245,169,107,164,438,507,855,755
691,436,221,174,121,165,375,500,907,755
450,283,224,168,114,159,334,595,892,755
641,368,224,164,106,152,319,641,952,755
409,208,354,248,138,215,410,680,909,755
576,419,162,124,94,128,303,342,944,755
522,364,172,131,98,133,349,316,965,755
410,236,175,134,93,128,463,355,911,755
565,339,310,239,153,213,364,666,849,755
357,281,107,79,60,84,216,320,944,755
363,248,133,109,81,101,299,322,869,756
483,360,227,147,111,179,352,409,889,756
445,276,220,172,120,162,304,615,938,756
649,412,226,198,126,154,401,362,927,756
203,152,149,105,77,114,214,313,937,756
385,243,202,167,115,148,306,553,928,756
210,150,175,141,103,131,266,283,911,756
413,279,193,138,90,132,287,328,925,756
491,351,141,110,82,108,337,348,922,756
480,351,218,164,116,159,367,339,936,756
384,312,99,73,62,85,256,334,924,757
587,387,149,131,90,109,267,339,954,757
413,330,130,107,91,111,286,351,866,757
295,204,199,153,111,148,389,341,878,757
544,305,161,115,68,106,294,355,962,757
671,427,232,182,126,167,336,445,955,758
497,341,181,160,119,142,299,334,902,758
623,398,187,154,106,130,353,338,894,758
423,290,129,106,80,98,272,331,948,758
524,322,278,206,142,202,438,496,963,758
505,323,297,235,167,217,362,486,952,758
243,161,159,124,89,118,243,367,952,758
499,365,156,128,96,121,297,327,942,758
463,302,225,172,115,158,328,392,996,758
386,188,274,201,118,176,352,643,947,758
573,403,170,124,90,131,310,353,937,759
645,376,363,275,186,259,416,600,875,759
607,326,374,270,158,243,355,608,928,759
659,439,298,247,161,201,406,355,925,759
594,306,392,315,204,260,498,692,969,759
316,227,141,110,82,110,251,313,967,759
622,431,246,186,135,184,342,370,942,759
617,383,187,147,99,138,456,346,946,759
449,265,325,235,147,220,406,624,847,759
516,374,155,121,91,122,329,339,924,759
336,243,189,136,99,146,295,339,921,759
439,301,205,151,103,148,274,320,949,759
487,263,257,195,126,175,355,614,977,759
444,342,168,128,101,135,277,332,917,760
441,308,127,110,86,102,412,297,941,760
574,363,359,266,175,242,374,672,981,760
294,175,311,241,147,205,315,625,989,760
565,401,187,143,109,150,371,335,920,761
267,188,222,179,134,170,318,316,941,761
480,320,174,124,86,128,355,386,937,761
429,287,172,136,96,127,324,395,941,761
611,391,255,201,132,183,373,484,893,761
351,243,127,98,72,97,284,344,922,761
559,351,249,195,134,181,402,640,941,761
398,227,254,203,137,174,556,347,901,762
277,167,372,252,149,236,357,634,925,762
520,387,156,125,91,117,300,314,913,762
368,258,186,152,108,135,319,387,953,762
350,270,201,155,116,152,237,404,925,762
691,452,219,174,127,164,383,491,921,763
541,357,155,123,84,112,278,326,910,763
296,174,162,123,96,127,465,346,930,763
547,391,153,126,87,113,324,322,905,763
399,260,199,148,107,152,289,363,974,763
606,372,329,251,167,230,513,706,967,763
325,181,310,225,140,208,378,554,909,763
498,335,324,228,172,258,266,830,968,763
701,477,283,215,158,214,373,595,955,764
327,220,180,142,100,133,309,281,950,764
579,369,175,129,88,126,284,350,944,764
549,389,197,143,95,143,330,333,916,764
358,222,246,181,123,176,317,366,981,764
533,356,174,126,83,124,332,436,952,765
645,382,267,209,132,181,397,683,991,765
388,252,252,192,139,191,371,538,942,765
703,454,200,157,104,140,378,332,929,765
543,349,224,167,122,166,294,488,978,765
392,250,322,245,161,224,250,687,923,765
396,238,308,237,154,212,366,680,832,765
722,387,311,256,163,212,343,643,977,765
663,395,272,227,151,188,443,651,928,765
482,345,170,159,118,131,323,330,951,765
500,358,168,125,92,129,372,336,939,766
512,326,225,175,127,167,362,567,862,766
385,220,198,151,104,144,433,341,925,766
355,256,169,134,101,132,294,327,918,766
421,253,221,158,104,152,350,450,841,766
476,294,192,153,90,117,518,354,809,766
564,338,317,218,145,222,273,513,967,767
286,267,119,77,67,106,379,87,703,767
667,439,247,196,134,181,411,519,975,767
508,349,244,199,139,174,419,555,928,767
417,296,116,93,69,85,295,344,877,767
248,164,253,180,124,185,243,374,989,767
276,201,193,145,111,148,162,482,930,767
421,277,169,131,95,128,286,351,949,767
423,255,337,264,161,218,410,587,981,767
702,415,371,266,180,263,439,524,932,767
378,224,191,158,104,135,344,358,896,768
675,369,376,264,145,227,400,647,1005,768
378,264,153,120,84,107,278,335,957,768
311,211,239,177,129,178,276,349,954,768
448,271,210,156,108,154,325,571,891,768
263,202,102,83,68,85,294,143,915,768
626,415,235,179,132,178,358,595,917,768
500,382,126,102,80,100,243,314,922,768
393,274,256,192,128,181,170,661,928,768
388,195,278,221,143,183,517,418,963,768
428,297,209,153,113,158,431,350,945,769
412,288,223,169,113,162,196,537,981,769
586,408,177,141,102,134,318,294,921,769
668,447,186,145,95,131,645,0,214,769
320,161,268,201,110,157,239,503,847,769
450,347,155,116,94,126,297,333,907,769
516,330,260,198,137,194,313,454,967,769
421,255,309,215,136,211,481,651,914,769
640,383,286,216,136,195,352,512,940,770
256,170,154,122,96,124,272,354,953,770
376,194,311,233,137,198,415,700,929,770
517,378,149,117,88,117,285,317,933,770
308,219,144,107,82,114,311,332,949,770
423,250,262,199,133,187,353,569,922,770
400,235,302,228,153,211,373,584,944,770
650,460,209,157,118,163,350,348,932,770
240,189,219,169,131,171,188,548,950,770
660,421,355,278,186,251,365,624,950,770
428,256,296,228,143,203,432,569,921,770
386,248,233,185,134,174,306,528,936,770
425,273,206,157,102,146,319,322,966,771
475,239,297,236,135,186,475,653,968,771
391,287,125,104,83,100,287,353,923,771
554,310,252,191,125,176,510,412,908,771
644,342,275,215,150,197,383,741,998,771
641,447,222,178,141,180,384,495,847,771
487,309,249,191,123,172,373,505,912,771
480,270,217,170,118,155,457,377,963,772
494,366,134,98,74,106,310,326,941,772
491,290,237,181,111,159,340,352,988,772
302,233,118,91,77,101,230,191,940,772
270,182,196,147,100,142,233,464,932,772
476,276,273,217,147,195,299,603,966,772
706,478,247,175,124,189,390,410,947,772
265,184,111,85,65,89,263,277,930,772
380,254,187,140,101,142,329,372,929,772
712,426,308,250,161,215,383,708,1007,773
571,393,209,158,114,158,283,364,955,773
308,203,136,104,75,102,250,191,953,773
365,271,192,139,107,152,253,313,885,773
391,212,253,210,130,166,269,673,904,773
443,258,298,230,181,237,473,683,944,773
348,225,168,129,91,124,391,336,941,773
723,445,263,193,127,184,410,655,846,774
443,267,268,219,144,187,341,568,880,774
282,187,136,110,81,105,289,323,905,774
460,323,186,130,102,152,416,109,793,774
564,309,235,188,124,162,311,599,974,774
525,277,267,202,86,127,283,666,987,774
576,329,280,210,138,195,419,621,1023,774
662,434,176,125,80,120,519,353,935,774
519,373,166,130,94,125,352,345,972,774
688,443,213,161,110,157,384,390,954,774
503,366,195,139,98,142,317,442,961,774
638,360,441,340,212,281,229,1023,973,774
496,354,198,152,107,147,284,313,902,775
280,161,151,106,68,104,307,350,944,775
293,190,222,162,114,166,392,331,962,775
528,349,184,131,94,141,353,359,920,775
250,163,166,128,90,123,313,326,926,775
441,301,124,104,79,96,270,357,926,775
314,231,136,100,76,105,273,354,919,775
265,199,124,105,86,101,289,343,948,775
448,313,217,166,116,163,363,342,920,775
284,206,153,108,80,117,276,319,926,775
401,291,133,112,88,108,282,294,893,775
364,219,144,109,75,106,221,324,945,775
466,241,339,257,153,227,383,644,914,775
535,347,163,116,81,120,314,343,904,776
407,241,227,172,114,162,319,415,918,776
595,417,198,160,122,154,353,348,988,776
401,271,229,182,132,169,259,565,929,776
661,421,230,179,121,167,367,541,916,776
499,334,186,134,95,138,442,346,906,776
272,232,140,104,99,130,365,58,799,776
425,276,214,167,119,161,443,404,923,776
442,349,170,135,107,141,325,340,935,777
434,283,184,140,98,134,287,334,909,777
420,272,242,180,128,183,460,492,960,777
503,324,263,203,133,182,336,484,970,777
315,212,186,141,104,146,334,342,915,777
426,291,230,180,126,169,482,360,946,777
446,318,181,138,105,143,463,357,964,777
335,250,119,87,78,108,436,130,867,777
305,201,130,102,77,99,266,341,936,777
246,160,203,155,105,144,176,493,890,777
690,479,228,177,136,178,342,360,889,777
425,306,154,126,103,125,316,331,904,778
702,469,207,142,102,159,371,382,931,778
480,342,213,151,111,159,370,344,903,778
482,289,252,187,123,176,360,519,942,778
453,282,211,174,119,148,269,564,929,778
468,295,302,243,155,201,286,636,958,778
540,385,360,255,193,281,563,204,899,778
368,238,134,99,65,93,482,349,931,778
423,297,153,120,88,116,246,345,923,778
460,299,194,154,105,136,437,335,923,778
347,208,217,165,109,155,316,426,951,779
276,203,146,93,67,111,289,332,910,779
478,354,143,111,84,112,304,320,927,779
442,289,250,198,147,190,357,324,921,779
491,356,219,166,132,176,356,341,843,779
404,294,123,90,70,98,283,349,843,779
346,210,241,185,121,168,261,642,979,779
297,169,221,165,103,153,198,573,982,780
615,320,355,292,131,173,338,724,1003,780
306,194,189,140,102,142,419,370,900,780
588,370,281,222,155,208,347,554,940,780
473,349,177,137,105,141,321,352,903,780
403,325,205,151,128,176,381,336,931,780
521,368,146,116,86,112,333,338,932,780
414,228,270,198,124,181,422,675,898,780
535,373,228,185,132,167,367,557,944,780
276,175,206,160,101,140,272,305,934,780
431,263,240,183,127,175,309,540,927,780
535,264,139,103,62,91,378,765,963,780
677,365,330,246,129,188,414,664,941,780
361,218,184,139,90,127,297,477,955,780
288,202,153,115,84,115,336,354,920,780
225,157,137,112,84,106,217,341,940,780
475,251,371,289,186,245,364,789,995,780
615,423,396,288,169,240,222,925,894,780
428,349,143,96,84,125,386,136,747,781
463,245,290,232,145,190,346,564,962,781
707,483,308,215,148,221,378,596,967,781
412,259,228,196,136,163,378,544,940,781
339,286,214,163,143,188,452,7,413,781
419,314,238,183,161,207,459,542,874,781
563,391,192,150,106,142,354,330,900,781
618,418,217,169,116,157,319,399,945,781
488,300,252,192,129,180,363,441,977,781
371,261,247,181,141,201,576,2,503,781
359,249,194,146,106,147,272,336,963,781
285,204,187,146,103,136,299,347,989,781
386,214,405,284,162,252,396,586,890,781
586,428,132,105,82,104,329,343,895,782
549,432,117,90,75,98,341,367,869,782
504,287,295,234,151,202,394,673,958,782
659,473,164,120,90,123,336,339,936,782
354,273,129,90,65,96,237,299,917,782
574,367,253,203,140,182,350,588,885,782
204,147,165,118,88,126,261,324,905,782
338,236,189,130,89,139,311,370,930,782
320,217,165,138,95,122,248,312,945,782
521,411,166,116,96,142,366,314,873,783
629,401,312,243,163,222,460,673,807,783
628,396,193,152,105,138,479,379,944,783
674,375,360,263,167,244,302,840,1002,783
633,420,222,171,113,156,368,359,937,783
429,213,396,297,180,262,430,699,928,783
675,480,169,137,107,136,315,343,933,783
701,446,288,231,161,205,376,572,971,783
549,358,191,172,134,150,437,345,776,783
419,314,175,132,90,125,236,503,946,783
277,215,137,102,80,111,263,336,925,783
569,370,204,144,100,149,323,336,968,783
398,216,285,225,137,190,307,496,972,784
628,396,194,155,106,141,367,488,853,784
450,293,254,180,121,177,356,522,904,784
447,326,175,137,101,134,312,319,957,784
722,486,217,173,122,155,349,530,959,784
523,358,133,102,76,103,284,327,953,784
248,206,133,87,75,117,387,68,783,784
706,371,321,252,135,180,363,662,922,784
518,363,208,158,114,159,376,541,927,784
654,372,316,234,149,209,349,629,977,784
487,298,290,205,135,200,371,578,915,785
328,263,105,75,61,90,358,106,938,785
632,361,346,269,169,228,404,695,985,785
204,134,176,138,91,124,238,347,927,785
477,243,270,212,119,163,300,670,929,785
689,405,276,185,110,171,389,430,957,785
557,354,188,153,122,152,404,509,948,786
444,286,209,166,120,159,342,509,901,786
675,391,467,354,235,319,542,779,953,786
502,280,273,218,144,192,439,668,958,786
320,178,218,160,106,155,271,600,993,786
520,341,214,143,90,145,552,7,522,786
304,234,164,127,94,127,296,297,957,786
494,334,259,208,145,190,464,331,930,786
379,268,182,142,106,143,334,338,943,786
334,232,113,93,70,88,274,312,923,786
202,145,156,116,84,115,248,292,828,786
587,425,167,127,101,133,326,344,928,786
225,162,182,139,105,143,190,333,921,787
389,245,217,162,106,156,285,448,939,787
265,176,152,122,82,106,394,333,944,787
672,384,280,203,134,187,490,563,929,787
247,152,226,174,122,162,317,338,942,787
520,343,300,243,165,213,368,570,912,787
443,247,290,237,153,202,358,655,959,787
345,230,216,159,115,162,301,340,972,787
441,241,302,235,153,208,312,639,929,787
330,182,275,203,127,188,355,567,905,787
495,341,153,118,85,116,300,346,929,787
260,215,148,108,88,120,233,312,894,787
351,260,193,148,115,151,499,334,945,788
418,306,145,108,79,108,252,337,936,788
480,322,243,184,134,182,341,521,936,788
485,311,379,290,166,232,137,992,1002,788
721,454,390,288,191,278,391,822,960,788
502,296,316,239,151,221,474,540,906,788
604,313,270,190,112,168,338,682,937,788
558,338,343,270,153,212,355,822,1012,788
722,413,350,270,168,237,397,631,974,788
347,251,186,127,95,145,289,321,893,789
304,222,143,111,80,105,286,325,941,789
329,202,173,133,91,125,318,361,917,789
727,470,280,212,155,212,406,563,854,789
425,285,164,133,86,111,301,444,955,789
579,381,229,173,126,177,382,497,941,789
307,239,126,96,76,103,293,337,893,789
297,242,270,193,157,227,527,6,467,789
590,346,278,205,136,195,387,576,967,789
571,349,264,201,136,191,344,548,962,789
431,311,257,181,137,200,329,432,923,789
384,260,197,143,95,144,264,339,959,790
386,240,112,82,61,85,358,329,921,790
440,272,202,163,106,144,350,464,931,790
630,409,283,211,142,207,361,526,924,790
212,165,150,115,88,118,285,299,893,790
607,413,184,135,90,133,300,354,997,790
605,345,393,262,156,258,404,604,964,790
389,268,183,145,105,136,306,338,923,790
674,389,324,234,158,230,499,666,929,790
279,165,197,164,110,145,286,386,899,790
310,209,199,153,97,136,259,438,925,790
339,275,214,155,126,178,420,348,946,790
353,216,231,172,115,166,321,511,926,791
509,393,281,202,153,218,569,5,501,791
349,235,132,97,73,103,176,316,978,791
414,321,171,124,97,140,228,274,902,791
391,246,225,163,109,161,336,457,953,791
402,255,203,155,104,147,339,361,830,791
295,202,208,153,109,155,195,516,871,791
562,329,305,247,156,204,363,681,922,792
369,222,325,254,162,223,383,551,935,792
651,425,286,214,145,204,346,688,910,792
215,142,153,127,91,112,295,340,858,792
349,246,150,115,87,116,286,330,932,792
417,311,204,158,127,167,342,464,947,792
322,261,126,94,80,108,263,151,913,792
177,136,185,132,94,137,243,288,874,792
508,301,289,203,128,188,297,538,931,792
401,276,132,105,78,105,304,341,923,792
630,397,258,215,157,193,350,662,937,793
398,290,312,208,147,235,491,660,878,793
588,394,196,143,94,140,362,390,910,793
561,311,237,197,142,175,503,427,911,793
616,311,443,336,193,270,518,703,983,793
403,266,144,106,75,108,317,336,873,793
424,270,293,227,164,218,299,572,920,793
312,226,158,127,93,119,274,345,938,793
721,485,203,140,98,151,341,322,916,793
576,398,282,224,163,210,312,298,1006,793
383,235,200,141,93,139,370,543,868,794
404,278,197,120,83,147,347,318,907,794
442,295,187,139,91,133,293,350,969,794
587,345,274,205,132,189,399,667,910,794
636,457,203,158,120,155,352,335,919,794
407,302,177,127,94,140,298,314,901,794
332,217,182,148,107,134,343,338,907,794
212,138,203,147,99,145,280,318,933,795
485,281,291,233,147,192,406,693,953,795
197,150,266,198,148,208,399,252,932,795
426,262,222,176,122,158,462,347,949,795
622,374,367,270,168,245,394,609,913,795
698,453,279,221,156,200,373,626,879,795
391,261,247,181,123,181,375,548,850,795
412,192,270,212,122,146,55,733,990,795
263,213,140,111,91,114,253,326,934,796
462,288,227,176,119,163,353,440,892,796
251,197,186,150,121,152,230,395,925,796
363,227,207,151,98,144,282,513,977,796
320,180,259,195,129,184,279,533,978,796
390,270,231,160,117,178,311,339,956,796
566,348,293,215,136,202,346,556,948,796
349,253,170,136,104,132,293,327,928,796
616,377,299,203,136,212,404,540,837,796
292,197,177,138,100,132,296,355,882,796
235,168,174,126,92,131,273,328,892,796
295,209,270,219,150,201,281,399,982,796
381,238,362,266,166,243,418,611,959,796
419,296,127,95,72,100,398,339,880,796
374,259,142,102,81,114,256,360,922,797
452,310,157,107,79,120,329,367,824,797
546,327,256,193,123,174,388,579,872,797
287,168,248,193,130,171,307,348,907,797
210,159,235,187,142,186,268,374,920,797
419,285,150,131,99,113,429,339,927,797
490,369,227,148,107,177,244,319,928,797
327,235,153,106,82,124,296,347,901,797
502,301,311,234,156,221,369,644,951,797
388,274,175,134,96,134,389,344,916,797
430,254,313,218,140,216,323,552,894,798
507,295,455,316,222,337,516,120,846,798
639,380,296,217,126,193,405,629,927,798
683,411,289,219,142,205,323,661,943,798
281,189,130,101,70,93,243,309,855,798
298,216,182,155,112,134,251,320,929,798
390,266,294,226,160,221,381,1,188,798
358,243,195,146,106,146,313,345,945,798
308,185,374,277,174,249,408,553,974,799
334,222,201,158,120,156,317,364,925,799
509,361,215,158,118,171,298,338,936,799
256,158,146,113,82,110,315,339,865,799
588,359,280,210,130,188,343,621,907,799
212,155,150,130,104,123,234,343,945,799
425,327,142,106,85,117,326,351,932,800
410,306,166,129,105,136,313,349,935,800
559,394,197,140,99,152,341,318,929,800
561,281,374,269,155,229,367,694,1000,800
519,362,229,160,121,179,351,326,882,800
374,278,113,89,72,92,265,355,937,800
464,307,190,136,89,131,243,347,922,801
701,452,562,414,248,362,395,936,965,801
721,469,240,196,140,179,415,480,978,801
563,405,215,178,101,131,454,335,932,801
331,230,216,168,126,162,326,423,948,801
564,306,347,277,147,195,354,628,961,801
348,251,158,115,83,118,328,313,936,801
452,227,252,175,107,165,340,561,977,801
564,386,174,131,95,134,322,352,897,801
568,382,202,164,120,151,382,299,965,801
464,290,188,142,100,138,484,349,845,802
292,180,230,177,117,163,322,513,986,802
418,262,269,194,129,194,300,584,957,802
504,297,287,221,145,196,370,542,947,802
656,437,173,157,111,128,354,339,916,802
430,239,326,231,130,204,360,605,957,802
500,348,153,124,95,122,324,346,906,802
287,173,245,170,109,173,369,502,942,802
658,442,214,171,122,160,368,458,910,802
620,380,222,173,119,159,476,359,819,802
420,284,205,159,117,152,354,327,920,803
692,414,261,235,167,193,477,360,939,803
241,141,244,193,124,160,120,632,920,803
463,328,217,153,109,163,377,360,899,803
717,431,393,311,193,260,414,671,996,803
361,215,229,167,113,166,320,381,927,803
264,157,222,169,98,137,490,338,885,804
272,182,214,172,122,152,184,528,957,804
407,234,271,205,138,189,290,684,941,804
225,152,164,113,74,116,258,324,972,804
712,466,230,181,122,165,398,521,935,804
553,303,292,210,134,200,351,604,994,804
378,269,140,105,79,108,311,337,878,804
697,379,435,337,177,252,426,736,991,805
217,192,154,118,103,134,397,2,212,805
531,379,153,124,96,122,323,335,908,805
457,317,167,120,85,123,291,315,855,805
543,331,209,162,108,145,346,540,972,805
364,248,164,123,95,130,285,347,897,805
225,145,155,130,99,119,252,335,961,805
507,316,235,190,134,169,282,457,971,805
464,312,191,133,98,147,340,364,837,805
452,218,347,261,138,184,144,870,1002,805
317,224,145,117,82,110,239,325,947,805
573,296,208,163,102,135,519,337,933,805
277,225,128,95,71,99,315,232,889,805
339,172,221,176,106,142,439,553,922,805
410,279,160,136,102,123,281,352,988,806
291,208,175,124,100,143,261,336,923,806
381,321,237,180,153,200,404,94,853,806
399,274,213,151,105,154,335,367,967,806
701,437,200,139,86,132,282,953,925,806
571,365,186,146,98,132,362,341,954,806
468,290,240,195,134,170,297,625,914,806
517,304,309,231,148,214,376,567,965,806
325,238,138,114,85,106,259,320,894,806
486,292,231,183,123,161,470,494,921,806
643,462,112,88,69,89,330,336,913,806
493,282,216,178,113,146,318,455,968,807
416,246,252,200,133,173,347,592,922,807
663,463,259,180,128,192,326,470,936,807
345,179,213,169,106,139,611,0,146,807
612,399,251,205,135,169,330,425,956,807
273,192,191,130,92,142,285,315,900,807
426,271,214,156,93,143,274,303,964,807
529,329,331,222,141,225,473,631,880,807
423,304,120,92,68,92,252,332,964,807
588,372,289,236,184,233,485,587,854,807
341,256,157,128,102,128,305,344,909,808
409,230,280,211,141,196,232,654,936,808
484,367,107,95,74,84,329,340,896,808
695,464,254,185,131,187,398,496,880,808
449,226,474,372,170,233,142,1023,954,808
677,441,244,209,146,175,346,341,941,808
647,367,289,223,116,163,341,825,1004,808
495,338,198,147,103,146,335,523,915,808
603,417,198,154,114,151,317,352,969,808
414,262,153,119,77,101,84,1004,976,808
690,461,257,179,117,182,370,503,909,808
684,468,240,189,131,175,325,317,990,809
575,349,234,185,125,169,359,634,938,809
371,284,169,111,82,135,301,310,837,809
634,411,313,250,180,236,393,578,789,809
510,376,132,99,79,108,232,456,981,809
389,226,328,227,135,214,349,577,906,809
208,146,132,98,74,101,199,315,883,809
506,272,293,221,135,193,354,594,899,809
527,395,168,132,99,126,351,335,867,809
557,362,228,177,123,166,335,598,807,810
421,275,138,110,80,106,287,331,951,810
658,408,299,216,142,216,382,686,898,810
222,177,130,98,83,110,212,305,814,810
586,437,343,242,206,297,466,191,860,810
686,484,216,172,128,168,387,559,918,810
397,260,299,237,171,224,408,703,962,810
605,330,361,282,175,243,494,649,941,810
392,198,265,214,133,178,373,640,954,811
395,363,253,337,298,218,299,1,239,811
383,237,227,174,124,167,351,453,906,811
483,296,286,230,157,209,347,483,929,811
242,193,169,125,102,140,240,325,943,811
505,345,223,171,127,169,327,354,925,811
513,298,218,170,111,147,259,464,947,811
256,140,233,172,101,151,202,526,921,812
699,411,241,177,111,162,364,544,933,812
731,426,413,314,208,295,424,661,939,812
508,302,243,181,108,158,358,392,966,812
664,403,169,160,120,130,503,347,875,812
457,234,392,276,150,231,399,959,967,812
251,171,193,144,99,137,281,368,920,812
451,311,168,117,82,124,343,339,881,812
328,259,100,80,67,84,256,330,920,812
273,194,168,126,98,132,313,385,948,812
567,390,153,117,84,114,317,347,917,812
405,255,254,177,122,180,455,360,953,812
365,220,232,185,127,166,219,559,957,812
400,182,366,264,157,238,557,332,935,812
238,173,156,115,86,120,315,321,939,813
337,232,273,214,150,195,295,644,966,813
435,299,205,171,122,150,235,482,946,813
422,227,188,142,94,131,433,345,882,813
468,346,161,125,107,139,385,344,921,813
354,259,185,137,105,143,236,366,911,813
404,220,206,147,104,153,437,379,833,813
461,303,163,138,106,127,289,330,938,813
271,220,163,141,115,131,414,340,927,813
645,471,185,136,109,149,352,343,945,814
526,353,185,154,119,143,320,376,945,814
561,346,239,192,104,130,264,646,984,814
581,395,253,174,121,187,431,455,950,814
479,315,211,157,111,160,338,332,937,814
715,422,188,148,102,131,498,455,931,814
378,250,209,148,105,158,250,476,962,814
337,227,160,122,76,111,277,317,897,815
324,201,213,179,118,146,276,494,947,815
527,423,110,89,73,92,319,345,882,815
346,219,176,142,100,129,333,301,917,815
300,156,244,181,107,165,325,507,915,815
471,263,281,215,138,193,360,621,950,815
516,307,379,285,184,254,461,669,866,815
442,307,231,170,131,185,331,380,935,815
376,299,151,122,105,130,371,170,848,815
269,162,173,128,84,121,329,318,910,815
298,199,192,137,92,138,225,342,964,815
493,306,264,205,145,195,321,501,931,815
405,281,220,177,126,165,307,514,961,816
445,316,180,142,105,137,338,324,954,816
567,280,301,239,136,184,407,637,980,816
690,448,203,147,98,144,362,353,968,816
379,244,190,156,114,144,304,464,896,816
429,292,202,140,97,150,279,468,911,816
482,269,215,177,86,116,299,315,951,816
549,406,196,157,118,157,384,344,939,816
422,238,250,201,119,163,469,478,929,817
318,206,117,91,63,86,246,346,871,817
387,226,184,141,94,129,288,533,928,817
261,224,176,128,100,142,421,180,781,817
565,419,216,142,111,173,457,369,930,817
483,344,223,171,128,172,271,385,932,817
420,230,295,229,146,207,351,694,909,817
282,223,107,81,73,97,353,82,832,817
594,390,175,138,92,129,354,349,918,818
343,204,268,199,133,191,360,376,962,818
619,383,314,221,143,216,503,590,831,818
605,396,260,193,143,193,340,660,903,818
701,430,141,106,65,95,419,264,953,818
334,169,167,137,77,96,595,1,184,818
594,349,314,230,138,206,339,660,959,818
316,199,187,139,91,132,276,334,939,818
622,386,270,215,144,191,353,653,950,818
379,255,145,108,78,110,285,346,960,818
424,278,165,126,93,127,337,369,971,819
560,343,241,176,113,160,471,528,805,819
394,303,133,97,75,108,235,320,919,819
618,383,206,168,107,141,435,331,923,819
357,251,149,123,96,119,417,323,833,819
273,189,169,136,97,126,256,358,900,819
552,390,141,82,104,160,507,220,899,819
396,194,337,259,155,223,397,686,967,819
317,188,231,187,128,168,331,674,922,820
452,334,133,102,83,111,340,351,914,820
284,181,162,136,98,122,247,322,963,820
466,231,336,265,168,222,343,772,959,820
355,181,279,210,124,175,395,477,937,820
526,369,186,141,102,140,335,318,858,820
419,286,175,139,112,143,450,342,852,820
459,245,531,352,171,283,526,700,903,820
338,227,210,162,117,159,343,339,969,821
604,408,167,137,98,124,308,345,889,821
456,271,383,272,176,262,424,678,844,821
505,287,308,239,157,211,327,536,955,821
529,344,240,185,130,176,309,332,978,821
697,416,400,303,208,287,400,675,977,821
470,306,216,167,115,156,315,480,928,821
465,228,333,259,160,222,443,580,886,821
662,445,250,216,153,187,404,512,844,822
397,242,217,169,113,151,348,421,931,822
407,289,134,102,77,106,300,355,917,822
388,290,167,131,106,136,304,332,919,822
298,208,128,102,78,100,245,320,927,822
554,291,229,170,107,155,377,416,918,822
404,291,176,145,109,137,248,332,965,822
394,249,188,145,102,134,429,439,919,822
342,227,185,148,103,134,297,401,943,822
424,295,182,146,105,136,252,362,976,822
454,268,259,211,124,165,264,476,998,822
226,152,208,165,119,153,273,301,897,822
453,305,220,172,123,165,349,439,926,822
685,399,323,264,171,214,386,628,961,823
408,257,302,221,152,223,335,468,962,823
477,327,156,134,96,116,257,357,962,823
379,240,221,160,114,165,338,488,897,823
534,267,432,333,201,276,413,1004,993,823
212,172,110,81,67,93,152,325,913,823
442,308,140,119,97,114,311,327,914,823
263,235,138,89,78,123,521,1,431,824
679,468,280,196,141,211,499,498,955,824
629,390,386,305,213,286,416,659,962,824
307,209,261,195,140,194,358,401,919,824
652,429,192,145,100,138,344,473,944,824
429,304,156,136,104,122,302,339,913,824
424,293,123,90,66,96,607,0,203,824
374,204,252,177,103,157,380,564,950,825
625,371,273,207,135,187,332,567,968,825
353,258,136,115,87,106,297,342,852,825
433,257,300,226,153,211,320,576,977,825
426,304,150,110,85,119,298,343,844,825
382,267,122,92,71,98,316,331,813,825
302,242,141,100,79,115,185,319,971,825
547,395,195,140,108,154,344,322,940,825
594,386,211,149,103,152,353,401,940,825
466,318,173,134,97,132,286,366,934,825
509,336,201,179,129,148,325,389,909,825
293,184,156,125,87,114,256,366,966,826
404,237,261,200,126,178,334,644,865,826
272,178,219,158,107,155,416,350,806,826
352,210,300,218,150,219,368,513,936,826
487,322,230,172,119,169,324,439,892,826
593,345,352,255,157,225,348,534,963,826
472,300,188,159,119,143,491,331,869,826
437,251,241,186,122,165,461,344,823,826
529,391,164,120,88,126,304,339,908,826
492,234,346,251,128,200,391,708,978,827
474,285,165,127,85,115,283,327,890,827
421,301,140,102,79,112,329,349,831,827
278,181,168,139,92,123,301,335,890,827
683,409,185,145,101,134,362,415,967,827
635,414,203,144,101,152,320,369,902,827
560,317,138,106,65,93,211,646,966,827
653,460,154,110,85,121,392,353,775,828
383,219,238,189,123,165,308,396,966,828
379,248,210,171,125,157,320,398,896,828
539,374,131,102,77,103,228,336,969,828
484,348,143,124,96,112,292,321,877,828
196,186,162,106,103,155,395,20,680,828
573,383,190,150,106,135,339,411,963,828
408,316,154,116,87,121,257,364,966,828
413,244,217,163,124,169,463,401,1006,828
461,300,168,131,92,125,298,336,945,828
460,327,190,157,117,146,343,352,856,828
325,182,271,202,125,180,422,618,847,828
326,219,189,134,91,137,274,350,943,828
462,276,226,178,121,156,287,476,999,828
644,429,244,189,135,184,348,558,941,828
582,304,552,398,228,332,590,1023,1023,829
500,285,292,230,144,196,328,586,1007,829
471,368,153,116,93,124,321,355,944,829
573,352,232,175,122,169,516,394,880,829
716,401,248,182,115,170,510,368,926,829
481,290,241,175,109,162,358,516,948,829
476,323,238,204,146,179,360,341,961,829
478,349,105,92,72,85,278,315,898,829
361,255,193,148,108,149,425,424,974,830
301,196,215,149,98,150,167,433,926,830
290,198,160,127,93,121,283,342,919,830
317,266,193,149,130,168,394,324,958,830
534,305,271,200,127,178,429,572,855,830
486,265,341,263,103,146,385,773,1017,830
230,167,146,106,78,114,286,347,844,831
305,235,180,138,110,147,359,332,881,831
374,233,161,122,82,114,340,346,952,831
352,254,135,93,74,109,243,345,843,831
420,270,128,106,76,95,288,306,909,831
628,386,284,208,140,195,508,602,919,832
331,200,196,159,108,137,274,485,964,832
567,323,275,216,137,188,335,463,956,832
457,249,227,178,113,154,494,444,984,832
484,293,139,119,88,107,277,445,952,832
352,239,177,134,94,130,356,366,932,832
548,355,259,197,146,195,335,689,750,832
476,384,106,82,70,91,222,340,943,832
531,352,191,155,106,138,346,294,896,832
279,142,276,205,114,164,312,577,973,832
563,347,322,224,145,220,358,605,957,832
425,224,250,191,115,155,367,458,990,832
696,425,381,271,178,274,410,604,850,832
493,320,232,179,123,168,331,508,793,833
524,322,335,228,140,221,400,530,993,833
571,447,142,100,82,119,304,304,935,833
473,306,272,197,134,195,332,488,956,833
250,143,269,214,125,172,183,651,969,833
394,267,181,143,106,140,274,363,964,833
320,218,198,143,101,145,316,298,928,833
379,219,166,125,82,115,289,371,970,833
381,249,180,140,97,134,291,323,902,833
598,328,432,311,191,287,534,697,917,833
525,348,178,125,90,132,356,385,966,833
290,166,266,202,119,170,193,638,960,833
447,262,261,195,128,181,331,702,951,834
401,252,169,141,101,124,353,337,911,834
562,389,180,150,108,132,239,327,965,834
403,249,224,187,125,158,309,396,947,834
521,332,234,160,106,172,348,339,972,835
467,307,195,155,107,141,310,286,944,835
488,303,291,219,148,213,344,613,934,835
407,290,130,108,80,103,241,313,987,835
294,217,157,117,90,123,265,327,945,835
584,414,186,144,102,140,297,330,967,835
334,220,188,143,101,140,263,408,955,835
475,339,106,84,65,85,259,352,912,835
600,398,214,158,108,155,374,341,897,835
318,188,258,198,127,179,377,394,900,835
726,487,295,237,152,201,258,589,1019,836
373,239,239,192,142,184,284,498,935,836
566,360,333,249,160,235,335,360,940,836
396,232,349,280,176,235,368,511,952,836
197,172,129,110,102,117,360,4,535,836
537,370,200,139,105,156,352,398,909,836
427,329,154,126,99,125,326,318,867,836
350,272,131,115,100,114,358,251,888,837
346,251,134,108,86,109,289,268,862,837
336,222,146,109,80,113,277,329,909,837
561,386,188,137,103,145,400,343,920,837
626,389,271,220,154,196,401,606,922,837
223,164,127,103,83,100,287,249,907,837
453,316,150,107,79,117,292,336,936,838
391,281,151,112,80,111,309,325,920,838
395,236,179,130,94,135,471,347,833,838
496,333,307,215,149,220,327,540,904,838
254,203,376,273,164,243,406,2,192,838
367,252,198,149,110,151,289,329,915,838
287,212,134,118,87,105,267,335,917,839
657,382,247,172,113,170,384,552,948,839
561,364,190,149,108,141,468,447,922,839
359,283,152,119,101,129,306,332,919,839
633,382,146,110,61,87,441,839,970,839
203,154,202,140,102,152,538,4,457,839
585,421,156,125,98,126,330,368,895,839
295,213,214,165,112,151,311,321,922,839
294,197,179,130,96,139,355,339,954,839
427,281,179,144,106,135,264,505,913,839
474,349,163,120,95,133,303,485,900,839
279,151,229,171,98,139,513,363,988,839
498,316,206,160,110,143,343,490,835,839
352,269,134,102,81,108,278,317,892,839
386,230,173,140,85,116,349,348,911,839
527,309,354,282,183,239,382,648,957,839
306,179,236,187,126,163,266,522,963,839
378,249,195,154,121,152,449,473,951,839
541,351,264,201,127,172,266,692,978,839
195,157,191,143,118,158,332,195,872,839
226,139,170,134,89,122,298,312,913,840
320,231,173,144,108,137,208,478,919,840
555,315,439,320,217,303,497,701,931,840
386,246,184,152,111,141,266,400,976,840
635,408,318,242,167,228,360,610,947,840
690,463,245,171,116,176,503,648,949,840
522,272,383,271,151,230,468,733,893,840
448,318,114,93,72,91,271,339,964,840
429,257,276,200,130,193,350,601,978,840
658,388,363,289,189,257,484,736,965,840
511,286,440,321,204,297,515,559,936,840
450,375,216,155,137,192,455,125,845,840
375,223,291,229,156,210,341,528,927,840
584,391,266,197,137,193,373,378,946,841
658,499,140,94,75,113,391,314,867,841
423,276,276,207,138,201,439,531,939,841
444,305,177,127,94,135,317,343,942,841
528,329,300,212,133,204,302,703,946,841
494,253,328,248,145,213,413,620,922,841
520,365,172,132,97,131,304,346,945,841
680,419,325,240,162,236,393,513,967,841
564,386,284,200,149,223,350,292,971,842
455,291,370,256,175,265,433,703,795,842
345,273,141,109,91,119,310,331,876,842
643,388,263,192,116,173,313,322,999,842
701,408,277,223,138,181,411,659,929,842
477,305,232,172,119,171,256,643,887,842
695,445,242,192,131,177,330,687,942,842
504,357,339,249,167,240,591,4,528,842
384,269,179,130,94,135,315,307,868,843
288,187,212,150,104,157,197,579,958,843
410,207,279,216,133,186,329,499,988,843
448,353,165,122,103,141,319,350,941,843
510,261,402,266,178,282,528,691,977,843
295,224,221,166,127,178,447,43,785,843
653,393,200,171,108,131,352,332,913,843
280,205,154,117,86,117,214,393,945,844
364,305,135,91,81,119,308,213,805,844
695,439,326,256,172,231,406,605,990,844
589,425,188,156,115,142,292,321,911,844
606,354,437,335,227,308,513,809,961,844
159,144,110,80,77,105,311,26,669,844
305,237,124,98,75,97,209,317,943,844
661,369,376,289,188,258,412,690,990,844
379,249,220,174,128,165,253,639,939,844
443,339,174,125,96,138,402,494,925,844
589,384,328,262,182,241,359,692,945,844
590,384,242,207,148,181,400,629,780,844
364,218,309,225,143,214,364,679,934,844
423,298,202,142,109,157,439,326,883,844
665,432,224,173,119,162,368,487,967,845
650,352,236,174,105,150,503,550,835,845
384,212,247,189,121,169,375,584,737,845
208,194,133,86,85,130,374,2,201,845
575,371,297,248,183,230,479,557,901,845
675,473,214,177,130,164,369,465,949,845
394,286,136,109,83,105,285,346,936,845
373,261,119,105,76,90,271,257,935,845
411,269,197,160,113,149,335,383,924,845
713,482,221,173,125,166,301,335,992,845
534,351,326,260,174,232,386,484,925,845
352,239,160,129,93,121,296,352,964,845
350,247,213,156,119,163,527,347,907,845
386,268,151,115,88,117,317,342,845,845
270,167,178,141,96,127,422,336,907,846
563,371,166,143,101,121,358,336,937,846
545,318,302,233,133,187,438,674,938,846
508,315,204,154,105,146,284,431,932,846
421,256,220,174,114,157,365,347,972,846
351,251,170,125,100,137,412,430,895,846
576,363,229,184,131,171,359,526,867,846
453,331,193,161,125,156,336,301,917,846
357,254,174,138,101,133,321,331,894,846
443,274,212,161,111,149,498,367,934,846
428,272,330,247,158,227,307,520,916,846
522,331,320,243,155,219,374,486,950,846
632,395,326,243,150,223,381,598,962,846
558,373,305,236,158,217,501,599,992,847
537,330,271,198,132,185,265,684,971,847
483,296,209,168,122,159,483,443,873,847
698,386,341,246,160,226,384,623,980,847
457,289,293,230,156,216,381,637,897,847
258,195,168,137,104,135,250,340,939,847
589,420,139,109,83,107,334,338,866,847
436,279,266,177,127,197,422,469,940,847
431,239,253,195,129,177,367,541,962,847
379,246,212,147,102,153,329,325,967,847
594,364,257,206,145,194,467,340,930,847
330,234,265,198,160,218,444,511,920,847
501,377,109,95,73,87,267,338,952,848
319,203,188,139,94,134,166,470,918,848
360,231,243,173,121,179,467,356,898,848
293,175,255,217,130,161,197,618,894,848
407,273,239,187,146,188,453,477,869,848
715,422,373,276,183,262,397,629,940,848
381,269,127,100,77,102,297,345,961,848
563,350,181,152,93,117,261,608,966,848
478,336,183,140,100,136,289,404,969,848
468,330,278,200,145,212,462,484,856,849
639,369,203,153,84,124,339,469,970,849
622,406,261,205,145,194,394,346,876,849
254,152,240,170,114,169,300,379,930,849
465,293,233,178,122,169,313,493,966,849
586,320,287,213,130,186,392,572,966,849
520,352,253,183,121,175,313,592,929,849
664,345,163,116,96,137,506,361,910,849
317,189,233,196,133,164,279,514,969,849
423,256,163,125,93,125,445,342,931,849
484,290,332,242,151,229,338,659,964,850
605,304,428,312,204,287,511,743,992,850
221,166,150,108,81,114,200,326,890,850
466,324,403,287,214,315,588,5,514,850
466,331,153,115,84,118,198,353,969,850
528,376,317,237,172,235,540,537,997,850
387,276,218,157,107,162,305,328,940,850
530,291,297,234,146,198,397,649,938,850
523,358,192,170,123,143,312,321,954,850
501,246,318,248,155,206,389,570,1009,851
485,302,220,170,126,169,478,454,801,851
292,170,162,137,93,118,307,322,935,851
260,168,230,157,103,162,228,420,972,851
327,200,169,126,89,128,313,365,944,851
272,166,147,105,72,106,295,336,915,851
410,275,224,153,102,161,302,358,935,851
329,221,204,161,119,154,321,422,933,851
449,323,309,213,161,241,479,118,834,852
528,376,229,181,138,180,472,362,990,852
606,311,467,362,236,323,556,535,935,852
371,233,279,204,134,202,312,498,934,852
505,368,137,105,80,111,300,356,928,852
431,252,320,239,143,210,418,665,923,852
385,326,164,107,87,138,406,188,736,852
624,408,240,177,137,186,410,463,710,852
308,244,184,158,135,156,305,316,928,852
498,353,303,225,150,214,295,811,959,852
659,384,315,234,150,213,373,639,945,853
342,244,112,76,59,91,573,8,538,853
287,236,176,144,119,145,387,342,936,853
525,379,164,134,97,123,344,333,887,853
490,346,195,149,114,156,337,324,931,853
350,290,228,181,142,186,406,343,878,853
370,248,154,116,83,117,309,326,902,853
523,349,183,136,94,135,328,317,926,854
400,317,120,91,72,96,250,299,938,854
496,336,169,127,92,127,296,351,975,854
314,248,153,126,98,123,289,320,914,854
584,405,168,135,103,133,452,352,932,854
441,277,156,113,70,105,358,325,873,855
497,384,231,191,157,194,492,349,959,855
302,207,238,193,129,165,175,589,896,855
229,143,138,103,85,114,375,247,922,855
436,299,131,98,76,103,340,296,903,855
433,261,173,129,88,125,388,346,831,855
465,303,173,143,113,136,456,338,944,855
605,429,169,135,101,132,370,342,952,855
634,384,198,148,112,152,498,354,961,855
320,219,218,177,129,166,366,361,943,855
283,181,218,161,111,158,329,399,935,855
672,424,299,222,144,207,391,662,929,855
660,384,341,270,185,242,490,417,930,855
283,220,175,123,95,141,253,343,911,855
340,236,182,144,106,139,308,402,895,855
537,374,239,173,113,164,335,355,979,856
347,214,228,171,114,158,335,480,956,856
526,352,189,136,98,141,284,505,942,856
483,332,154,121,88,120,331,331,936,856
509,373,169,131,102,136,330,327,913,856
297,214,158,122,89,122,259,334,939,856
351,265,158,125,96,127,263,328,900,856
710,474,210,173,123,154,382,343,949,856
264,143,259,202,120,158,298,650,930,857
413,292,228,185,152,191,347,317,921,857
602,328,380,280,184,269,499,702,915,857
368,246,150,118,94,120,414,340,885,857
605,413,253,189,128,181,484,500,951,857
572,316,464,368,242,320,446,881,996,857
493,346,187,137,99,146,306,329,918,857
371,274,160,117,91,131,339,349,877,857
302,222,144,114,88,115,271,332,914,858
627,355,478,366,225,309,396,1023,1019,858
274,164,291,210,125,186,357,593,927,858
356,223,182,129,92,137,327,343,941,858
716,442,324,235,154,215,382,619,966,858
277,221,134,108,87,109,234,322,883,858
528,374,200,148,112,154,308,348,965,859
454,276,307,231,146,206,339,550,961,859
491,326,186,136,93,136,341,347,952,859
314,171,303,244,158,210,305,641,927,859
677,397,261,216,134,168,387,444,999,859
238,171,199,153,105,147,279,330,986,859
240,191,187,134,104,149,236,302,899,859
335,223,180,135,99,139,297,342,941,859
441,327,208,167,119,155,342,310,933,859
542,395,144,111,83,113,327,329,935,859
496,331,150,115,86,116,337,395,933,859
568,391,156,121,91,122,339,344,857,859
591,359,320,240,158,220,476,598,890,860
531,288,194,161,109,130,478,352,936,860
426,229,282,216,136,191,385,678,943,860
411,213,235,171,108,157,501,403,915,860
570,375,301,243,169,214,402,446,962,860
451,257,332,239,155,236,369,515,935,860
454,340,165,140,106,127,335,343,928,860
637,332,316,224,135,206,366,780,988,860
369,220,267,208,143,197,369,447,920,860
547,378,139,103,78,111,321,357,894,861
373,269,171,124,93,136,318,334,881,861
247,147,166,124,88,124,310,357,956,861
346,228,184,151,115,142,457,334,940,861
500,312,228,169,116,166,234,565,959,861
512,395,121,96,75,98,309,345,854,861
487,264,328,232,143,215,348,486,922,861
684,466,297,226,151,210,455,630,998,861
346,208,251,182,116,169,300,470,927,861
548,360,180,138,96,130,361,354,919,861
396,238,213,170,113,150,405,463,949,861
386,309,177,128,106,146,331,334,890,862
278,235,151,108,89,127,245,352,923,862
666,478,169,113,91,139,331,469,933,862
314,216,167,122,89,125,302,353,964,862
730,423,361,271,178,257,473,727,992,862
280,196,226,166,121,174,291,428,986,862
244,156,182,128,84,127,401,236,961,862
371,255,160,118,86,119,344,334,896,863
588,329,235,179,106,148,483,438,994,863
404,265,193,137,100,152,314,333,914,863
320,235,190,147,110,145,247,316,810,863
441,269,283,225,149,199,337,468,977,863
443,268,199,147,103,145,399,353,886,863
609,366,224,164,108,159,363,494,949,863
430,314,203,162,126,163,286,370,969,863
710,416,346,256,162,237,404,661,902,863
433,263,366,284,155,213,460,585,988,863
478,343,187,141,101,140,349,554,939,864
347,234,165,147,117,135,453,338,936,864
492,334,153,115,81,111,432,345,889,864
519,366,170,137,101,134,343,341,948,864
339,235,158,122,90,121,298,304,910,864
447,308,280,216,159,215,317,512,919,864
270,207,192,149,116,152,259,322,929,864
466,311,186,148,111,145,422,321,918,864
497,340,248,195,136,177,311,337,981,865
396,300,221,166,118,170,189,508,903,865
350,207,229,164,108,159,452,341,931,865
566,370,228,173,128,175,349,499,896,865
311,247,125,103,86,104,247,324,874,865
592,368,261,188,117,174,340,614,946,865
316,197,221,170,121,168,324,520,927,865
288,195,169,144,109,131,224,494,826,865
618,343,483,328,154,250,386,712,1006,865
300,192,232,184,121,162,246,441,950,865
291,206,205,158,108,145,375,346,970,866
316,186,301,225,147,211,361,536,904,866
520,355,252,216,141,173,500,34,593,866
414,258,179,131,93,133,307,445,941,866
459,307,234,176,125,175,289,385,966,866
661,409,255,214,128,157,351,568,870,866
302,183,115,87,67,92,398,328,899,866
674,442,218,176,124,162,376,340,923,866
582,358,257,200,139,187,343,615,947,867
616,437,113,88,63,87,311,326,894,867
165,132,169,117,90,136,237,308,936,867
257,206,126,99,85,109,301,258,869,867
568,412,164,127,103,133,384,334,861,867
269,221,288,190,158,247,535,7,490,867
407,252,144,104,70,104,404,332,867,867
368,216,307,226,145,209,488,683,928,867
327,193,198,152,100,138,347,366,947,867
702,464,194,146,95,135,387,344,954,867
532,354,253,201,132,179,317,333,940,867
582,396,207,164,105,141,321,308,949,867
461,278,326,257,160,215,323,645,963,867
512,370,165,124,104,139,412,109,662,867
236,140,187,157,105,130,231,431,914,867
667,370,267,212,132,180,363,620,964,868
421,244,201,162,106,138,387,512,946,868
529,431,106,83,72,91,293,346,927,868
432,284,188,157,103,131,320,344,930,868
430,299,236,174,133,183,301,471,901,868
474,334,176,140,107,137,286,344,960,868
483,281,343,257,154,220,427,692,933,868
239,163,177,131,100,138,236,345,940,868
582,359,319,255,158,209,292,608,961,869
607,351,281,239,159,198,371,635,874,869
347,269,124,100,75,96,261,319,930,869
403,286,181,142,108,140,428,347,952,869
673,440,265,216,142,170,403,362,944,869
447,341,167,123,90,126,383,247,913,869
416,275,108,79,58,84,252,347,918,869
498,323,290,207,136,205,368,633,981,869
305,222,205,141,102,155,196,265,880,869
506,333,208,183,149,168,477,354,944,869
361,257,146,112,83,112,280,353,931,869
595,346,317,245,151,212,334,653,972,869
334,221,211,162,112,153,278,449,981,869
401,295,142,112,76,104,259,313,938,869
347,235,142,112,81,107,382,342,872,869
410,271,308,239,166,223,300,680,932,869
630,446,175,135,107,142,351,346,891,869
697,397,405,336,227,287,552,698,964,870
262,168,186,146,101,136,309,377,987,870
391,221,165,130,94,124,422,337,934,870
650,407,179,146,104,130,390,706,967,870
396,272,210,159,121,168,308,387,893,870
392,244,207,154,102,148,326,565,931,870
260,231,96,80,77,91,334,1,234,871
702,453,277,192,131,200,490,535,939,871
497,295,227,188,130,161,375,518,970,871
605,355,250,182,113,173,389,498,921,872
355,234,164,119,89,128,418,327,855,872
492,274,268,211,141,188,450,341,946,872
384,272,226,171,124,172,276,303,984,872
305,209,227,164,115,167,120,644,956,872
242,171,168,116,81,123,201,266,977,872
637,500,136,103,85,115,306,333,929,872
353,232,304,232,173,229,249,527,963,872
446,318,153,128,91,115,310,351,987,872
336,232,157,114,86,123,258,348,923,872
428,286,290,213,153,220,353,424,966,873
323,277,225,168,138,183,382,286,908,873
280,176,283,219,148,201,201,650,961,873
505,413,205,144,121,177,378,130,732,873
610,429,243,176,138,197,464,439,951,873
493,355,152,108,77,111,418,335,882,873
507,352,173,122,86,128,324,297,866,873
335,228,152,123,94,121,292,320,928,873
522,341,201,139,93,146,451,345,818,873
385,274,195,154,128,164,425,341,895,874
406,277,148,128,97,112,326,324,923,874
371,280,138,106,80,107,254,328,915,874
455,373,102,82,70,87,377,210,858,874
507,249,419,310,163,245,312,974,1006,874
432,265,380,287,168,240,501,716,962,874
486,327,181,139,97,133,357,387,987,874
643,441,201,164,124,153,329,325,950,874
569,358,246,185,123,171,339,505,954,875
402,271,164,125,92,125,278,343,921,875
563,400,268,200,138,196,360,322,966,875
366,261,132,102,79,104,266,314,904,875
626,384,382,288,189,267,343,626,974,875
653,432,245,196,148,190,362,609,959,875
378,287,150,108,87,124,309,247,841,875
655,422,249,196,123,161,361,602,952,875
518,345,174,139,104,135,374,347,979,875
437,273,276,207,125,181,315,550,979,875
427,349,103,77,67,91,295,254,913,875
418,299,203,149,121,168,443,424,935,876
722,396,362,257,152,234,377,603,980,876
582,324,274,216,135,185,379,502,930,876
503,270,292,219,137,193,316,585,978,876
270,196,276,190,157,232,286,510,900,876
404,314,122,91,73,100,289,328,891,876
382,272,189,139,101,140,310,327,905,876
436,303,221,173,125,167,343,416,871,876
341,262,110,83,68,92,229,336,955,876
364,228,260,191,125,189,279,606,959,876
641,442,238,180,128,177,337,328,936,876
395,260,265,195,129,194,269,446,925,876
536,340,205,184,137,153,334,528,937,876
480,301,301,223,139,205,348,483,941,876
439,298,211,159,120,165,354,536,943,876
554,368,236,159,109,170,332,442,948,877
632,425,162,138,103,122,350,403,970,877
598,367,433,332,208,290,382,855,977,877
349,216,224,167,113,161,296,528,972,877
559,346,276,208,142,199,335,598,953,877
289,215,150,118,94,118,217,321,881,877
518,380,120,98,74,94,193,322,952,877
334,170,173,121,84,125,409,382,927,877
478,301,306,212,142,218,364,633,925,877
567,359,273,215,141,191,373,351,986,878
263,202,153,125,98,120,267,251,929,878
588,412,164,134,102,125,442,326,952,878
438,303,182,140,96,126,524,417,919,878
668,474,148,117,86,113,328,355,936,878
586,374,182,130,91,133,341,355,970,878
624,325,324,267,134,177,388,655,1015,878
568,436,154,116,90,126,256,307,927,878
703,472,219,165,116,162,303,354,946,879
215,163,149,107,80,112,210,309,942,879
402,245,226,175,123,168,571,317,1023,879
587,343,342,273,159,217,368,329,991,879
474,317,203,171,119,154,365,441,908,879
463,328,195,157,121,152,296,451,917,879
591,364,274,198,133,199,392,332,815,879
455,335,138,108,85,111,371,335,929,879
235,182,211,157,122,169,291,307,928,879
201,178,121,86,77,109,369,1,193,879
299,217,115,92,73,92,279,335,890,880
372,277,161,126,98,125,346,343,951,880
366,220,215,168,122,162,322,338,932,880
511,267,210,170,96,131,239,689,978,880
667,362,364,259,169,249,506,687,942,880
406,246,291,211,135,197,307,597,948,881
414,255,290,218,152,214,353,557,921,881
239,157,232,171,108,156,399,538,945,881
271,221,137,96,79,114,263,339,919,881
342,213,198,151,108,149,330,370,956,881
498,337,177,140,98,131,276,528,926,881
303,188,209,159,109,151,239,413,928,881
430,287,290,220,161,211,295,461,799,881
271,131,221,172,99,137,428,346,849,881
636,324,329,256,129,177,408,747,989,881
617,422,205,152,106,151,308,405,956,882
435,356,123,81,75,113,418,173,843,882
466,258,317,240,153,210,399,672,960,882
581,311,296,213,120,182,282,619,973,882
446,303,211,159,116,161,309,383,945,882
398,259,225,166,120,171,314,424,888,882
469,302,206,156,110,156,297,511,921,882
539,361,258,200,146,192,305,529,943,882
312,237,198,129,109,171,435,341,934,882
328,262,204,158,125,164,459,348,872,882
646,439,261,195,132,186,389,499,898,882
491,292,169,128,83,115,433,344,882,883
612,420,254,195,147,192,350,461,958,883
671,429,238,189,128,169,383,469,958,883
446,270,210,159,109,148,441,341,796,883
667,454,223,172,125,167,370,372,918,883
166,156,123,94,93,120,342,1,229,883
338,259,154,111,93,134,273,346,931,883
518,281,347,267,161,233,372,684,971,883
525,351,210,162,111,153,320,496,938,883
440,318,223,159,123,175,346,327,955,883
588,367,244,198,139,177,469,548,850,883
498,301,278,201,131,196,263,639,944,883
355,229,169,132,90,122,321,357,955,884
461,326,145,109,81,109,282,345,949,884
582,416,158,128,99,128,329,343,955,884
435,312,202,156,109,151,312,308,944,884
509,362,178,130,99,140,293,368,905,884
522,317,259,199,139,188,378,559,931,884
469,318,205,144,101,152,298,341,926,884
476,288,168,126,90,122,319,419,923,885
477,306,250,191,127,176,334,573,831,885
676,364,306,230,131,192,469,662,925,885
371,228,214,165,121,163,446,420,966,885
291,162,241,178,113,159,447,360,959,885
282,170,197,148,107,145,388,335,907,885
516,333,270,221,161,203,491,513,894,885
356,238,265,208,145,196,310,535,922,885
674,386,292,219,136,197,398,576,895,885
334,226,189,132,92,140,286,313,961,885
424,288,178,140,103,135,297,413,947,885
240,140,221,175,114,154,176,553,958,885
420,299,216,157,119,168,317,477,941,885
401,275,240,195,146,181,219,642,897,886
477,353,184,153,119,148,297,351,958,886
489,344,178,134,102,138,438,331,879,886
442,283,181,129,92,132,325,322,955,886
231,141,195,134,84,132,271,317,964,886
547,361,287,205,141,207,393,483,897,886
248,177,153,118,90,118,312,263,961,886
313,191,166,131,93,120,239,442,910,886
526,328,222,174,123,165,370,288,968,886
501,364,163,123,97,131,265,322,989,886
520,356,217,167,114,156,274,542,932,886
378,228,225,169,112,161,355,388,949,886
647,439,211,162,122,161,309,391,991,887
633,409,199,161,105,137,337,303,955,887
302,175,244,192,124,168,263,503,932,887
528,351,292,208,150,221,389,536,914,887
342,207,184,139,98,137,327,328,976,887
314,183,195,144,95,137,320,398,947,887
423,225,294,232,143,194,321,693,974,887
505,283,220,168,105,144,468,480,974,887
321,208,141,108,84,112,340,332,929,887
387,271,196,157,111,147,365,330,939,887
213,170,162,115,88,129,288,333,926,887
533,327,308,231,137,205,334,493,944,887
323,203,175,138,103,136,475,339,931,887
509,335,186,150,105,133,327,344,938,887
596,382,293,226,149,206,432,691,946,887
405,259,324,237,142,214,311,650,965,887
522,388,104,87,68,82,255,343,889,887
378,237,205,166,116,152,357,420,945,888
677,397,210,164,105,145,362,559,936,888
590,338,240,208,132,163,355,548,951,888
400,298,104,84,64,83,325,232,939,888
342,215,161,133,94,119,223,408,936,888
361,254,165,138,107,131,363,342,963,888
535,283,325,249,148,211,397,658,969,888
242,185,178,135,101,139,264,295,981,888
639,404,165,142,89,112,332,349,923,888
666,429,225,175,123,163,330,417,928,888
414,305,184,152,118,145,296,453,904,888
565,296,233,177,116,162,494,319,931,889
609,349,295,213,148,214,393,656,853,889
561,387,390,282,220,309,465,276,825,889
475,265,268,222,156,198,509,595,867,889
364,275,165,135,110,136,189,338,965,889
469,317,178,149,114,138,317,464,937,889
258,195,132,110,86,104,294,324,880,889
486,348,164,124,87,121,282,338,958,889
503,345,191,138,101,145,422,400,936,889
394,203,286,232,137,181,473,573,962,889
389,263,172,123,97,137,433,369,857,889
365,203,202,151,100,142,324,516,942,890
537,365,157,112,79,119,345,339,908,890
451,342,181,139,116,156,205,338,969,890
488,256,311,233,134,193,460,692,981,890
716,446,304,225,155,225,377,522,925,890
488,257,273,196,117,178,370,697,977,890
454,302,305,219,152,221,405,640,831,890
574,366,228,176,117,165,341,423,886,890
543,346,322,231,134,196,224,656,944,890
438,301,164,133,99,126,292,301,961,890
516,349,134,105,76,99,320,342,917,890
519,286,436,330,198,281,371,630,988,890
377,295,220,164,137,184,346,351,930,890
287,202,192,133,92,141,357,332,991,890
432,272,205,162,118,151,482,291,960,890
645,466,185,141,106,148,328,331,908,891
553,397,243,182,144,201,337,679,958,891
589,370,427,304,184,280,345,926,969,891
503,342,228,171,123,173,336,329,947,891
327,216,187,139,98,140,306,370,961,891
354,250,131,101,77,102,292,361,945,891
521,318,266,209,133,182,362,514,948,891
533,348,293,221,142,198,363,627,977,891
598,437,205,164,132,170,315,323,929,891
686,454,167,131,97,125,357,354,921,891
376,233,222,168,115,161,346,467,965,892
503,344,130,95,70,99,298,344,909,892
479,323,166,126,89,124,322,397,908,892
204,154,171,123,92,136,206,316,938,892
318,202,465,358,193,273,516,333,997,892
262,177,147,109,83,119,299,331,976,892
378,192,387,278,172,254,348,685,985,892
734,394,266,217,145,179,493,483,942,892
488,345,169,144,107,126,280,332,910,892
649,424,148,110,78,109,307,343,922,892
440,309,214,147,112,170,444,348,968,893
579,365,318,250,185,247,377,720,982,893
316,156,156,116,67,98,484,327,905,893
317,229,105,73,57,84,266,336,878,893
368,311,107,83,73,96,254,210,838,893
716,467,170,140,104,130,435,294,938,893
538,343,244,185,104,150,359,324,915,893
438,271,291,200,136,209,378,527,873,893
502,336,157,117,83,118,293,340,941,893
282,182,190,146,105,140,254,448,938,893
285,217,159,132,108,129,286,337,948,894
509,350,166,123,86,123,314,320,950,894
356,184,303,227,130,194,386,583,1000,894
518,286,390,299,180,252,495,683,955,894
380,219,300,215,127,196,397,651,921,894
348,241,215,153,108,157,312,355,881,894
643,419,226,170,118,165,364,502,944,894
569,400,176,137,107,139,343,325,953,894
482,366,164,127,101,132,318,318,887,894
470,263,262,205,125,169,246,634,907,895
548,338,252,183,116,171,302,487,973,895
219,190,137,113,102,122,405,42,774,895
516,310,241,188,128,170,442,366,930,895
341,233,135,103,77,106,269,316,914,895
550,384,165,134,98,127,324,337,916,895
687,393,388,281,118,180,384,781,982,895
605,475,141,98,82,121,392,296,852,896
529,299,242,211,150,174,507,330,936,896
575,374,193,164,112,141,371,402,927,896
378,260,162,131,94,121,293,347,893,896
398,260,207,168,120,155,409,484,912,896
471,289,223,182,126,161,353,493,920,896
385,276,253,191,138,193,356,335,990,897
610,403,234,173,115,161,362,367,943,897
340,235,146,112,85,114,281,327,941,897
588,368,189,141,91,129,376,330,935,897
297,192,203,138,100,156,312,345,956,897
689,473,205,161,116,156,339,420,966,897
667,371,273,227,167,205,530,608,901,897
427,251,262,195,121,177,252,560,942,897
418,327,112,78,63,92,286,340,907,897
243,157,174,130,89,128,309,338,947,897
640,429,159,133,96,119,356,337,909,897
724,488,287,208,147,209,477,609,915,897
456,213,211,170,116,148,478,482,934,897
266,178,147,114,83,111,262,327,922,897
508,412,201,139,125,179,432,189,837,898
396,281,177,123,92,140,307,348,913,898
513,364,201,149,109,156,290,312,936,898
310,229,166,121,89,125,290,321,934,898
412,278,198,140,103,152,289,487,915,898
282,185,338,251,159,222,306,476,967,899
465,333,169,137,110,137,328,304,854,899
307,214,152,114,88,122,288,388,937,899
710,429,411,353,241,296,457,545,879,899
626,329,320,234,152,217,360,548,968,899
397,264,182,150,105,134,285,320,973,899
276,170,192,161,114,146,308,371,935,899
423,303,143,106,79,112,293,344,959,900
469,322,162,131,95,117,369,341,970,900
408,233,218,175,109,143,389,445,1000,900
404,292,165,129,97,131,276,342,938,900
555,322,250,189,116,160,464,371,985,900
357,221,185,135,92,130,356,373,999,900
546,314,388,291,175,246,318,865,990,900
664,458,203,180,129,150,379,337,937,900
431,323,129,99,72,100,223,321,915,900
583,375,306,239,167,229,373,480,968,900
382,271,188,147,113,150,326,348,952,900
496,329,154,126,93,118,283,435,942,900
342,248,161,121,95,128,252,349,967,901
454,256,173,136,87,116,437,388,957,901
363,268,214,163,124,164,245,443,954,901
472,336,145,119,93,117,305,339,938,901
596,375,239,182,126,174,359,507,948,901
441,259,230,171,112,163,272,527,967,901
338,233,140,111,85,111,299,339,904,901
337,230,165,121,89,124,260,312,857,901
586,377,232,192,123,160,305,497,972,902
495,315,205,162,109,141,457,336,967,902
229,135,218,160,112,156,423,399,936,902
617,443,173,146,113,138,438,338,915,902
572,415,199,155,119,158,459,332,889,902
215,156,146,116,89,114,273,318,934,902
444,252,202,160,85,120,613,0,123,902
459,258,230,191,126,156,464,607,964,902
706,483,211,183,130,155,387,329,947,902
440,288,175,143,99,125,326,367,945,902
483,255,331,237,149,222,457,617,941,902
377,270,140,113,89,112,306,321,922,902
456,316,277,220,157,205,533,351,831,903
552,332,272,214,133,175,506,412,960,903
534,358,121,93,67,92,317,588,951,903
545,391,188,144,106,142,300,404,924,903
548,335,215,167,94,130,476,336,925,903
367,240,241,173,116,169,359,526,907,903
396,257,187,136,101,142,292,357,915,903
209,161,172,130,94,126,152,469,943,903
438,279,183,144,96,130,343,307,924,903
630,428,185,149,114,144,364,411,906,903
660,403,273,208,140,193,359,618,939,903
424,289,149,116,88,117,327,436,910,903
504,405,138,101,89,122,399,248,818,903
250,163,186,147,105,137,304,319,971,904
669,429,245,209,153,182,501,627,898,904
288,195,207,153,108,156,325,345,968,904
629,369,282,221,149,195,331,580,942,904
468,324,231,180,125,166,424,459,939,905
429,263,230,172,115,163,338,353,993,905
458,254,166,125,76,111,321,359,922,905
357,208,273,217,141,187,363,636,969,905
455,289,124,92,62,90,216,642,920,905
585,399,145,101,72,110,319,351,948,905
316,190,242,200,131,173,303,418,982,905
306,186,180,134,86,124,243,377,943,905
305,224,142,110,85,111,249,302,911,905
213,169,119,84,68,98,243,213,926,905
398,269,292,214,165,232,489,439,941,906
359,270,158,120,93,127,298,350,911,906
402,327,245,170,147,213,479,104,834,906
404,284,226,173,140,182,437,404,882,906
420,285,209,151,108,155,322,391,984,906
415,301,198,142,102,150,303,321,931,906
570,378,178,129,86,125,307,329,901,906
406,243,204,163,99,134,334,448,954,906
386,224,258,210,134,180,352,626,910,906
304,177,231,186,122,160,316,485,936,906
336,231,212,166,112,149,263,466,943,907
605,369,189,148,104,133,334,570,927,907
379,244,246,200,143,186,302,475,869,907
392,254,311,236,160,218,209,689,948,907
495,353,221,153,115,174,413,344,934,907
348,277,152,119,93,123,315,362,932,907
383,278,178,139,103,135,288,343,929,907
307,220,215,154,113,166,505,6,512,907
701,413,202,136,111,166,516,540,875,907
308,195,245,195,128,172,290,434,950,907
312,212,149,119,87,110,319,354,959,907
514,342,173,133,97,132,314,296,929,907
533,412,422,342,250,322,516,19,618,907
427,305,127,89,65,98,299,349,819,907
330,189,181,142,96,128,394,354,963,907
359,242,179,139,102,136,335,323,944,908
437,298,238,170,126,184,323,363,861,908
470,345,131,102,74,99,315,336,930,908
411,212,317,254,160,204,460,546,901,908
576,319,115,94,64,84,222,696,947,908
500,314,208,168,118,152,339,498,917,908
400,207,259,192,106,158,467,491,852,908
566,338,308,257,167,209,346,666,884,909
421,211,221,164,113,156,447,472,919,909
353,183,254,190,125,178,432,479,921,909
284,151,176,136,89,124,352,365,929,909
339,206,242,179,120,174,332,506,947,909
323,217,172,129,90,128,342,341,890,909
324,210,169,127,90,123,278,342,928,909
441,274,220,179,107,148,451,324,919,909
346,226,208,161,112,150,270,480,955,909
472,321,208,160,117,158,309,436,908,909
483,304,237,169,109,166,374,334,959,909
309,181,218,183,124,154,331,481,854,909
599,324,281,211,140,198,422,560,903,910
315,246,124,101,85,106,366,159,946,910
383,250,203,146,98,143,219,572,851,910
485,357,198,143,117,169,336,342,938,910
464,314,177,142,105,137,357,402,928,910
450,345,133,112,90,110,268,333,937,910
374,281,166,123,101,136,348,346,888,911
318,173,282,215,135,183,244,555,914,911
624,371,201,157,112,149,503,410,874,911
609,401,199,151,108,146,375,403,957,911
540,261,420,329,186,265,494,682,1023,911
466,253,275,210,132,185,312,500,996,911
436,236,308,231,146,209,384,673,952,911
569,346,267,194,127,187,317,440,947,911
727,470,306,238,164,222,371,671,955,911
421,244,242,176,123,180,300,487,953,911
668,398,335,251,163,235,409,570,944,911
307,236,172,123,93,136,267,321,886,911
424,292,192,138,100,147,300,320,885,911
667,482,177,145,111,138,350,347,946,911
332,220,198,155,111,149,306,322,981,911
350,238,164,135,105,129,287,340,926,911
418,256,210,153,110,157,447,402,964,911
406,284,209,154,115,163,268,425,960,912
305,220,146,115,88,113,322,348,893,912
454,285,318,244,149,203,328,654,990,912
542,371,179,134,97,136,294,298,944,912
717,393,410,316,169,240,389,920,994,912
443,281,209,146,96,148,331,429,939,912
469,306,227,180,119,158,288,537,961,913
433,242,424,315,189,273,410,639,993,913
322,205,254,195,138,186,302,515,924,913
433,225,170,132,95,127,447,510,910,913
277,223,107,86,74,93,277,190,886,913
180,163,100,71,69,94,307,70,727,913
631,370,412,331,177,242,434,720,1007,913
357,274,181,139,107,144,448,339,905,914
529,342,261,197,143,194,345,475,898,914
656,459,230,179,136,180,346,373,929,914
311,196,213,167,122,159,355,476,930,914
380,247,217,165,117,156,205,514,888,914
211,194,176,169,161,164,294,1,212,914
200,185,96,68,66,93,295,46,706,914
583,374,258,182,130,194,352,564,865,914
417,237,353,273,186,253,408,506,958,914
573,403,203,152,118,166,338,440,955,915
394,215,208,155,96,137,421,397,877,915
693,399,370,284,180,251,407,650,974,915
584,344,310,231,136,197,391,628,917,915
363,267,223,175,135,177,430,342,913,915
565,287,434,282,159,268,548,600,959,915
460,350,154,128,111,134,353,379,913,915
427,265,208,148,97,145,203,583,872,915
373,226,228,187,116,156,353,308,890,915
526,316,373,269,156,236,421,639,932,915
388,273,340,238,166,249,372,469,916,915
403,277,213,160,115,161,327,320,916,916
654,422,405,341,225,288,417,486,934,916
414,252,232,182,119,164,349,524,934,916
266,218,113,94,76,93,207,312,902,916
617,418,204,174,122,159,321,336,934,916
658,390,218,175,115,155,295,373,978,916
641,344,258,209,105,148,356,670,959,916
501,367,210,160,112,152,349,348,925,916
563,315,242,180,111,159,335,665,917,916
497,260,292,219,133,192,327,668,941,916
350,239,225,175,127,168,325,456,970,916
555,390,246,177,138,196,310,299,899,917
610,352,557,418,272,373,465,1023,993,917
281,183,175,138,100,127,355,355,911,917
511,297,233,197,125,158,354,613,936,917
200,191,106,89,89,103,361,1,207,917
376,263,265,200,145,191,273,710,970,917
608,407,250,190,126,174,318,533,920,917
378,265,280,196,137,206,363,231,930,917
377,259,237,170,123,181,280,538,891,917
378,236,162,128,91,122,320,388,950,917
406,263,159,132,98,121,381,363,915,917
328,238,121,90,72,98,374,366,899,917
652,452,190,157,120,149,365,413,938,918
253,194,176,150,118,143,133,470,958,918
632,395,277,224,153,203,340,641,891,918
335,203,185,143,98,135,327,372,977,918
419,280,193,144,95,133,473,347,961,918
539,280,414,324,194,274,400,616,1005,918
419,238,229,176,114,155,363,544,918,918
540,360,143,116,88,112,424,359,891,918
724,404,286,223,122,168,333,686,925,918
488,228,383,285,160,239,434,703,993,918
372,244,172,130,94,133,235,341,946,918
577,370,233,182,118,165,332,350,937,918
519,364,173,140,96,129,349,312,940,918
656,430,249,185,128,180,358,519,935,918
315,203,217,164,96,136,401,353,930,918
551,289,351,265,179,244,506,772,852,919
462,254,309,221,133,207,407,642,933,919
477,342,184,141,99,136,267,363,967,919
640,397,324,240,184,241,457,648,873,919
459,306,206,156,110,151,339,331,939,919
313,213,130,108,78,97,302,329,950,919
688,375,258,206,113,144,207,693,946,919
351,233,173,134,101,135,334,410,910,919
400,262,278,205,137,198,347,569,970,920
234,159,197,146,106,149,258,280,900,920
413,327,133,115,97,115,276,306,916,920
534,338,195,152,104,141,360,441,918,920
539,373,195,154,110,144,294,336,959,920
250,171,139,104,73,102,229,317,916,920
422,295,195,143,103,150,362,348,957,920
402,270,165,124,88,123,302,359,932,920
500,345,154,134,98,116,308,326,929,920
299,160,276,204,122,172,129,665,934,921
439,328,126,111,89,101,247,321,920,921
193,151,152,123,99,124,224,307,901,921
491,332,141,112,81,105,333,345,927,921
499,296,381,272,159,250,400,589,944,921
569,359,298,227,160,218,388,676,959,921
370,245,159,129,92,120,289,333,932,921
647,394,318,234,154,219,311,954,941,921
398,338,155,121,100,127,404,1,182,922
265,172,268,206,154,205,472,60,746,922
480,339,120,93,60,83,256,308,906,922
345,253,161,121,94,125,309,336,780,922
452,267,332,232,149,227,384,665,937,922
689,410,195,168,107,133,362,364,961,922
384,263,176,132,100,137,335,349,918,922
378,278,124,107,84,100,240,343,950,923
390,237,132,110,69,86,288,544,884,923
595,414,247,186,138,189,360,425,965,923
646,449,276,200,137,198,376,653,929,923
392,295,134,100,80,109,247,266,931,923
430,261,272,205,131,188,345,450,987,923
577,311,336,293,170,209,673,0,61,924
408,249,334,262,159,216,374,668,953,924
604,361,269,192,134,197,386,681,891,924
376,245,176,138,99,132,342,323,932,924
239,158,189,140,96,141,295,379,956,924
537,390,187,142,102,141,324,350,930,924
554,364,282,193,128,199,247,602,953,924
484,299,188,138,90,130,340,388,922,924
707,409,417,333,210,274,407,935,996,924
604,344,256,205,131,170,393,467,978,925
336,203,182,141,93,131,306,359,958,925
328,212,142,112,79,105,322,341,913,925
454,358,189,120,98,160,170,340,949,925
309,226,197,160,115,151,211,563,959,925
330,239,148,112,89,120,272,296,877,925
390,264,175,138,96,127,256,320,960,925
630,375,237,185,122,168,350,535,964,925
593,374,185,159,109,131,309,339,935,925
393,302,125,97,76,100,270,344,937,925
456,225,263,197,112,157,522,376,907,925
427,300,171,135,101,133,311,354,922,925
691,376,305,219,128,197,379,635,941,926
529,352,165,139,96,121,309,324,970,926
677,455,233,172,118,170,340,475,933,926
421,250,265,197,138,195,335,513,959,926
463,333,210,157,122,170,324,342,908,926
653,410,236,174,112,161,394,500,990,926
288,186,196,164,115,140,292,360,961,927
206,155,125,97,75,97,229,320,935,927
313,224,187,139,107,144,169,496,912,927
493,322,226,181,134,173,306,469,934,927
201,141,154,107,80,118,267,339,958,927
619,390,218,154,97,144,469,437,820,927
250,172,140,120,89,108,272,337,915,927
526,322,238,183,121,167,344,471,913,927
718,465,298,220,156,220,381,469,956,927
656,342,364,290,173,230,425,709,973,927
373,264,175,125,90,127,277,307,929,927
701,382,307,232,97,135,426,1023,1004,928
507,332,200,154,107,148,331,344,944,928
254,205,147,107,85,120,290,384,920,928
346,207,308,225,131,195,316,639,937,928
591,392,200,159,109,144,338,536,920,929
311,205,114,88,65,88,277,344,894,929
413,265,226,159,113,168,320,529,947,929
417,245,272,211,127,177,310,558,875,929
535,405,143,119,95,118,330,349,936,929
465,273,221,165,110,154,330,379,976,929
439,264,183,149,103,135,328,331,909,929
603,392,241,182,117,168,339,585,926,929
549,362,259,205,147,194,367,596,969,929
612,413,213,169,119,159,348,359,976,929
271,162,213,162,102,141,380,359,936,929
584,382,362,270,175,243,365,576,996,930
559,396,187,149,103,133,366,353,953,930
403,286,180,127,102,145,427,352,796,930
573,340,260,189,130,187,491,667,861,930
560,347,375,212,102,201,461,337,926,930
458,308,211,169,122,155,320,329,965,931
309,219,125,96,74,97,293,335,897,931
683,433,194,150,89,131,392,355,937,931
454,351,141,103,85,116,309,329,925,931
247,210,100,78,67,84,276,189,933,931
449,300,153,113,79,114,200,339,957,931
643,408,297,224,143,198,476,622,956,931
463,247,246,171,117,176,486,430,983,931
550,316,378,283,194,269,503,406,980,931
218,160,160,116,89,126,333,338,816,931
284,202,136,103,80,108,308,336,966,931
375,233,174,128,91,130,296,370,1000,931
237,183,186,135,103,149,273,353,930,931
698,432,289,220,144,202,379,544,950,932
292,262,171,107,97,158,377,2,203,932
267,154,182,142,90,120,277,452,939,932
514,389,173,133,110,146,335,333,901,932
441,230,342,257,152,217,486,426,941,932
530,360,200,153,110,151,335,338,947,932
362,243,164,114,83,124,316,349,925,932
352,259,105,92,73,84,282,317,911,932
325,254,141,106,83,114,298,333,838,932
604,395,306,211,139,210,321,573,987,932
438,252,224,175,91,134,193,685,974,932
561,382,232,172,119,168,348,534,961,933
445,325,219,162,129,179,297,330,952,933
252,210,118,88,73,99,197,316,901,933
675,405,193,154,98,128,392,435,929,933
422,321,116,80,65,98,251,329,870,933
575,325,242,183,114,160,489,378,973,933
480,336,157,121,92,121,336,346,900,933
690,425,291,188,123,204,366,670,955,933
600,383,176,132,102,137,469,352,897,933
351,267,168,137,111,137,340,335,875,933
653,460,166,125,91,124,299,334,944,934
548,384,202,161,121,158,464,351,962,934
436,299,208,167,131,169,401,329,924,934
433,224,288,216,133,188,372,669,920,934
336,247,140,109,85,111,287,343,943,934
429,249,326,233,142,215,358,625,965,934
403,234,220,155,94,145,319,551,921,934
382,233,248,197,123,161,213,484,967,934
304,239,102,75,61,84,206,349,842,934
660,431,228,175,132,180,353,346,950,934
667,408,288,212,143,202,383,667,912,935
167,165,128,78,80,128,369,1,201,935
513,302,278,210,132,186,384,585,935,935
617,336,257,190,120,172,330,624,923,935
412,276,222,164,120,168,315,450,967,935
237,159,183,146,102,131,244,394,914,935
459,383,192,137,116,164,523,3,472,935
465,294,201,158,106,142,295,454,926,935
445,303,173,141,104,132,358,352,915,935
429,274,196,154,111,151,315,396,961,935
697,492,216,178,135,169,356,477,944,935
394,220,254,197,119,164,418,531,815,935
301,166,337,246,143,214,374,650,961,936
642,441,213,175,124,160,338,341,912,936
628,386,339,277,172,221,406,483,921,936
349,217,257,210,131,165,251,594,939,936
545,282,393,305,174,245,467,643,910,936
368,260,152,127,87,111,301,343,945,936
294,164,192,139,86,126,298,328,940,937
410,312,132,104,80,105,259,360,932,937
549,393,165,140,104,128,342,336,940,937
290,213,116,88,71,93,271,327,926,937
548,395,182,136,97,136,417,514,923,938
696,391,308,232,142,203,505,580,984,938
338,253,134,106,76,98,261,310,942,938
613,351,256,184,132,191,523,455,953,938
648,417,256,200,133,174,329,583,921,938
626,438,205,171,132,161,373,511,933,938
504,379,138,107,87,116,323,346,914,938
568,341,215,168,111,148,293,482,934,938
560,384,187,140,99,140,317,353,944,938
456,283,174,141,92,122,324,435,972,938
332,213,199,144,102,149,308,383,891,938
292,215,210,169,131,165,385,523,962,939
643,437,201,165,125,157,327,510,944,939
599,427,189,150,117,156,317,328,970,939
656,412,266,194,126,184,373,495,942,939
675,356,175,132,78,111,371,1023,968,939
470,307,221,161,119,169,348,542,957,939
369,256,217,182,139,168,342,297,908,939
441,287,243,183,129,181,362,575,911,939
520,302,287,214,132,192,401,564,908,939
390,268,222,171,117,154,206,546,921,939
404,281,165,127,82,113,349,330,909,939
401,231,297,239,153,198,322,602,890,940
352,201,285,260,138,154,398,1,223,940
585,432,194,143,110,159,306,313,947,940
381,283,167,124,95,131,284,327,913,940
250,196,195,130,100,154,398,341,921,940
511,312,315,234,156,221,395,693,952,940
466,287,233,172,114,166,259,597,922,940
345,225,165,125,87,119,304,354,936,940
433,238,267,193,127,187,462,572,943,940
506,290,167,132,89,120,468,337,938,941
389,294,121,104,84,98,311,316,930,941
616,465,148,120,96,120,311,345,922,941
417,263,240,168,118,180,344,619,903,941
454,252,290,229,139,185,257,638,963,942
615,379,252,205,144,183,356,537,956,942
572,374,155,118,83,112,339,334,896,942
515,348,149,113,81,114,355,345,699,942
364,238,302,201,130,214,476,337,898,942
271,205,125,96,74,99,280,163,879,942
676,416,313,271,170,210,475,507,931,942
610,402,158,123,89,115,497,351,936,942
250,168,252,171,108,174,260,393,954,942
627,419,354,280,188,255,400,569,992,942
226,153,207,182,143,161,325,345,911,943
381,289,147,103,78,114,229,354,949,943
589,412,170,136,99,128,349,340,901,943
439,242,289,230,146,195,368,717,974,943
507,284,289,216,133,197,338,530,1004,943
585,344,267,194,118,176,405,583,918,943
547,348,340,255,174,249,378,589,888,943
636,419,212,153,102,149,336,526,851,943
635,424,275,202,132,193,347,564,900,943
423,284,189,141,101,144,327,461,932,943
474,282,233,166,113,166,272,544,915,943
373,269,189,138,111,157,371,438,924,943
690,372,333,247,149,220,367,700,975,943
575,290,372,258,157,241,393,637,937,943
570,407,131,107,77,100,311,347,952,944
358,246,151,117,86,115,227,328,957,944
303,215,184,133,97,142,276,329,932,944
453,276,374,275,179,263,334,601,989,944
576,360,272,208,142,200,358,477,976,944
359,264,151,128,96,114,417,160,892,944
260,201,110,84,73,96,280,163,909,944
326,218,202,151,101,140,294,329,978,944
581,395,222,152,105,162,373,340,926,945
345,234,148,110,79,108,312,352,937,945
474,304,186,149,104,138,305,376,946,945
642,432,282,204,146,209,418,522,924,945
202,183,90,60,59,87,311,33,749,945
473,333,346,254,194,275,461,576,688,945
510,308,234,191,127,164,340,683,944,945
192,160,102,69,66,96,322,36,722,945
511,380,132,115,94,109,313,311,836,946
446,280,283,216,147,204,355,501,876,946
326,167,297,237,133,183,214,601,962,946
466,258,318,249,148,212,385,626,940,946
394,212,260,190,130,187,454,528,952,946
619,409,265,218,155,195,402,470,932,946
435,243,261,213,137,180,380,532,904,946
442,331,115,94,79,95,269,345,912,946
569,408,224,182,132,169,370,318,870,946
540,388,270,210,150,201,360,351,954,946
556,356,309,241,155,219,518,471,952,947
484,313,281,202,142,205,458,446,985,947
260,192,174,143,112,139,296,326,904,947
313,192,185,146,90,122,216,515,949,947
377,220,245,200,122,166,340,460,899,947
323,236,149,118,85,110,209,317,920,947
278,173,156,120,79,110,275,340,967,947
294,199,155,115,84,117,320,337,877,947
613,425,230,166,132,189,486,424,926,947
388,247,289,225,151,216,459,522,950,947
365,225,146,113,81,111,327,340,891,947
338,252,119,89,68,95,274,343,885,947
474,243,307,237,143,196,370,673,910,947
384,267,165,113,76,120,239,412,948,947
649,431,284,210,153,217,388,480,923,947
565,324,256,202,132,173,513,390,931,948
591,420,182,139,103,139,333,337,890,948
539,352,259,216,154,191,406,512,743,948
339,225,285,220,140,195,324,410,945,948
297,232,119,93,72,93,263,293,937,948
528,363,125,94,64,89,275,623,974,948
549,389,164,140,108,128,450,344,945,948
234,172,191,133,104,155,287,301,920,948
446,315,177,122,86,130,364,334,934,948
443,277,162,124,88,118,425,350,877,948
577,374,154,124,86,110,329,329,925,948
390,229,254,181,123,187,318,415,931,949
478,291,261,217,172,211,339,1,245,949
508,365,204,161,120,158,333,331,978,949
175,134,140,106,84,111,170,315,926,949
623,380,237,194,130,172,364,585,964,949
577,318,198,150,89,130,251,762,949,949
395,219,328,268,173,223,431,616,925,949
442,291,211,180,134,160,302,456,931,949
302,221,184,136,98,138,266,392,976,949
228,165,214,165,116,155,176,522,982,950
666,445,278,193,142,215,393,505,916,950
508,357,163,124,97,129,322,351,940,950
585,289,439,334,183,263,451,670,1000,950
678,403,303,240,165,218,374,664,898,950
480,323,333,235,165,240,478,645,950,950
361,262,170,133,104,135,305,362,905,950
459,341,148,114,89,117,283,342,932,950
390,253,209,151,113,163,498,363,915,950
379,261,308,221,202,279,462,223,757,950
288,221,153,96,74,121,285,322,893,950
613,342,315,231,142,212,491,674,936,950
558,332,320,250,151,203,538,495,924,950
422,224,262,196,120,171,343,646,943,950
410,240,238,168,114,169,319,553,921,950
309,222,182,124,88,135,312,324,918,951
244,210,98,68,59,85,183,329,886,951
424,304,204,147,110,157,274,337,950,951
341,239,257,194,139,193,291,551,939,951
383,240,212,163,114,153,473,341,940,951
312,224,174,139,104,136,268,247,927,951
412,271,243,189,137,183,423,478,956,951
283,157,171,116,79,125,401,344,971,951
237,159,185,146,104,136,226,522,753,952
702,478,173,133,94,129,298,434,968,952
570,439,148,106,92,129,455,220,868,952
691,412,272,207,140,193,348,648,942,952
390,238,221,157,105,159,310,470,957,952
592,370,194,143,96,139,353,460,956,952
568,451,136,92,78,115,457,1,158,952
486,277,202,156,96,134,381,523,914,952
306,169,308,236,133,189,299,714,990,952
571,405,187,153,119,148,352,368,959,952
449,274,270,214,128,177,372,610,936,952
726,471,339,239,169,254,406,581,877,953
305,249,232,182,157,201,548,4,469,953
377,275,175,130,92,129,245,352,841,953
487,324,226,160,105,158,297,489,952,953
676,404,214,171,106,141,453,409,801,953
540,382,166,141,109,131,307,434,972,953
549,308,313,236,146,214,475,630,919,954
556,382,250,191,128,181,360,464,849,954
222,169,246,173,128,193,445,59,805,954
466,363,134,107,85,108,277,329,945,954
549,293,347,268,163,224,351,638,913,954
543,385,190,159,118,143,359,354,951,954
515,362,205,151,108,156,341,361,903,954
564,395,230,174,128,172,437,343,943,954
616,378,231,192,126,160,298,684,920,954
364,206,296,242,154,208,336,435,994,954
381,221,340,249,149,225,408,587,959,954
505,254,362,255,147,232,462,715,960,954
417,288,202,161,117,151,293,504,871,955
258,167,198,167,118,145,327,335,943,955
407,244,202,157,97,131,255,519,984,955
241,153,208,168,118,149,252,388,992,955
603,325,258,207,124,169,369,625,955,955
427,261,179,127,90,130,344,391,891,956
365,272,121,88,70,98,268,368,937,956
385,309,173,133,106,143,366,325,920,956
489,318,167,125,87,123,315,340,906,956
546,320,259,196,119,159,538,359,969,956
343,254,171,131,97,133,266,318,944,956
366,238,240,184,111,155,152,514,934,956
174,167,111,75,72,104,335,1,199,956
468,256,333,228,133,216,418,707,922,956
238,159,152,115,84,114,279,354,867,956
313,200,159,131,91,118,270,513,971,956
570,361,240,176,125,179,339,496,970,956
523,306,280,217,132,187,350,606,931,956
422,259,203,153,101,142,301,363,936,957
575,398,221,190,141,169,328,328,950,957
530,355,235,181,139,185,479,437,952,957
397,265,151,118,84,111,291,342,948,957
612,389,212,171,114,148,367,494,944,957
467,328,206,171,127,159,352,352,939,957
380,263,166,129,92,123,294,332,882,957
614,343,225,205,136,153,366,503,945,957
464,305,216,168,122,165,307,500,965,957
336,241,298,229,160,220,353,410,940,957
430,280,212,162,119,159,307,428,953,957
382,243,220,194,138,164,371,328,916,957
465,272,162,119,80,118,394,341,758,957
556,405,193,155,122,156,336,339,975,957
298,181,165,125,83,116,269,332,930,958
617,398,226,149,105,170,323,571,876,958
379,262,129,102,78,101,305,343,851,958
673,471,246,194,147,191,379,441,913,958
403,278,165,119,84,119,254,308,928,958
477,344,139,111,86,109,325,351,907,958
465,362,145,116,91,115,292,330,956,958
653,408,216,167,115,156,310,443,997,959
307,218,132,99,76,102,389,343,805,959
511,348,253,191,133,188,321,369,953,959
408,293,227,189,145,175,328,353,955,959
335,224,302,220,153,216,373,435,954,959
503,277,335,249,151,216,388,680,962,959
286,163,203,156,99,132,175,610,939,959
390,227,264,205,128,168,493,391,924,959
441,321,199,152,108,149,264,300,919,959
342,241,202,153,115,156,299,302,969,960
309,227,121,100,80,98,266,339,956,960
542,342,224,164,121,170,468,487,908,960
432,245,192,166,104,130,349,511,906,960
491,346,149,114,88,117,320,273,866,960
399,252,371,256,168,269,360,496,958,960
386,256,215,179,133,161,306,324,933,960
385,246,293,227,142,200,242,668,961,960
407,242,230,187,125,162,317,398,970,960
446,343,133,102,83,110,269,329,942,960
663,401,409,284,177,273,364,577,959,960
385,276,224,180,144,184,367,344,897,960
331,242,113,87,65,88,249,341,891,961
610,351,246,185,123,167,435,362,856,961
560,412,125,94,72,96,321,340,923,961
675,382,206,156,89,133,416,311,1006,961
316,212,234,165,123,184,319,481,928,961
565,415,184,154,121,147,285,348,955,961
646,395,260,204,138,187,352,657,953,961
614,415,161,116,83,120,338,337,937,961
560,400,150,115,86,117,327,348,929,961
366,227,149,110,79,112,370,346,819,961
393,269,168,124,89,130,331,359,912,961
245,226,127,85,82,120,351,5,442,961
443,286,189,148,108,139,310,489,937,961
476,301,222,174,125,167,243,505,971,962
328,215,158,112,81,119,318,331,936,962
431,249,194,134,88,136,418,331,855,962
464,258,331,247,141,206,303,508,925,962
610,418,182,149,124,151,475,363,865,962
416,248,85,43,97,160,514,78,784,962
312,234,170,140,108,135,236,352,930,962
468,296,212,178,130,156,281,478,954,962
648,408,258,211,143,187,349,676,942,963
418,328,102,77,66,87,246,330,920,963
620,445,150,119,87,115,322,353,964,963
627,326,322,249,126,179,354,685,1014,963
676,421,236,174,119,168,472,327,841,963
301,187,156,129,91,116,312,338,924,963
357,232,162,120,82,119,311,393,961,963
413,249,258,213,148,189,279,421,988,963
334,202,170,135,91,122,329,381,923,963
420,283,229,161,115,178,321,338,914,963
360,193,289,211,135,197,401,682,936,963
280,175,192,163,119,144,276,433,953,963
632,430,202,159,115,149,333,442,949,964
659,441,224,166,115,162,328,522,953,964
301,235,174,137,104,134,249,311,883,964
488,390,153,130,108,131,285,228,960,964
588,306,350,245,137,216,542,396,901,964
299,190,230,175,113,155,325,479,949,964
451,246,366,268,170,242,499,489,949,964
292,213,151,106,83,120,305,346,904,964
441,299,161,127,96,128,256,339,962,964
428,261,232,173,115,163,322,444,951,964
450,211,431,322,176,265,414,617,997,964
459,348,172,133,101,137,310,318,928,964
514,333,236,175,119,169,317,434,975,965
337,197,166,130,91,122,295,303,963,965
383,298,113,94,75,92,220,342,933,965
718,458,217,169,113,155,382,387,986,965
385,271,168,123,98,135,345,351,953,965
447,309,171,137,110,139,417,325,868,965
360,203,213,173,112,146,284,578,916,965
304,202,296,256,177,201,201,618,1022,965
425,336,162,124,104,135,396,335,896,966
421,246,279,213,130,186,407,703,868,966
563,360,217,166,119,157,380,461,897,966
559,325,286,218,142,199,381,580,967,966
302,230,115,91,70,90,216,323,946,966
345,244,164,124,89,122,259,322,932,967
594,391,249,195,138,185,339,593,940,967
626,366,372,296,189,250,415,653,974,967
419,250,159,126,94,121,426,341,937,967
272,206,165,131,96,123,223,315,943,967
601,415,184,136,101,140,354,388,925,967
432,246,343,249,99,136,620,337,950,967
371,225,154,122,86,112,333,334,889,967
428,303,164,122,89,123,332,376,937,968
366,195,315,247,155,210,344,713,903,968
587,347,340,257,167,234,342,662,938,968
720,420,233,189,114,151,509,344,938,968
690,442,245,193,140,186,390,560,974,968
213,161,181,135,94,133,316,334,848,968
477,339,139,115,89,111,312,343,887,968
528,361,208,160,119,158,429,482,895,968
465,309,214,151,103,159,330,473,907,968
608,373,314,218,147,231,311,1023,1021,969
692,455,256,195,134,188,290,378,945,969
344,247,140,108,83,113,257,336,944,969
374,236,163,125,87,119,298,338,946,969
369,252,222,173,123,165,306,409,933,969
330,228,232,179,133,181,308,653,950,969
509,272,317,245,151,206,375,546,939,969
295,195,160,120,91,124,310,340,898,969
234,186,181,130,101,145,215,293,913,969
393,227,297,225,144,209,342,658,985,969
358,224,160,124,88,118,341,340,851,969
272,167,219,182,120,153,238,570,936,969
356,234,226,168,118,162,193,533,937,969
447,337,112,91,70,87,313,352,907,969
566,354,378,305,222,282,504,594,846,969
354,205,190,149,93,125,388,414,921,969
470,217,233,172,88,130,331,411,1006,970
504,378,146,111,85,114,394,1,173,970
458,271,291,239,161,210,362,661,876,970
225,173,181,135,104,140,333,319,777,970
249,182,115,84,65,93,227,348,903,970
286,210,109,86,68,88,269,329,895,970
482,351,147,114,82,112,301,341,909,970
565,409,161,119,88,127,334,341,934,970
509,336,296,217,154,220,380,640,823,971
674,396,290,221,138,197,371,663,946,971
421,279,220,170,119,161,332,486,962,971
354,215,225,170,121,166,280,609,901,971
548,311,313,242,150,216,366,565,929,971
329,265,112,85,72,94,275,336,927,971
449,305,193,155,116,152,300,357,978,971
502,317,209,165,115,151,317,536,928,971
430,278,272,210,148,201,400,596,917,971
603,397,212,162,115,154,436,364,930,971
439,254,473,303,176,285,561,696,982,971
537,375,224,174,126,169,351,333,901,971
456,309,244,180,136,191,468,341,891,971
543,332,289,194,133,209,412,370,955,971
359,248,168,129,95,129,294,315,871,971
496,289,296,222,140,202,332,662,954,972
432,280,275,197,142,202,330,529,951,972
401,226,283,232,152,197,349,609,929,972
538,314,285,199,138,203,319,612,929,973
313,197,214,156,104,150,325,391,982,973
301,176,150,122,84,106,310,352,941,973
244,147,176,133,89,128,323,393,945,973
262,176,162,110,80,125,241,310,940,973
539,426,377,262,213,313,485,189,904,973
311,146,290,209,118,179,376,665,943,973
437,289,217,169,116,155,285,591,875,973
318,224,274,197,136,197,285,274,944,973
430,307,163,125,101,135,427,341,895,973
654,425,263,196,128,185,485,1,187,974
524,443,253,171,150,224,414,157,772,974
357,222,271,203,145,201,326,410,976,974
210,155,124,91,67,97,260,308,936,974
217,172,133,84,66,105,510,2,447,974
394,278,174,137,99,132,331,324,803,974
306,209,217,166,113,151,253,498,946,974
192,143,188,138,99,140,250,296,938,974
378,260,195,140,103,149,307,450,928,974
265,194,164,118,91,129,323,330,740,975
357,293,111,85,70,93,269,341,896,975
469,321,108,88,63,82,247,340,897,975
269,172,144,112,79,105,251,311,915,975
457,320,249,175,126,185,383,321,990,975
466,248,287,202,121,178,290,690,897,975
445,317,179,146,113,143,330,326,917,975
531,280,280,215,125,178,331,635,925,975
250,178,173,127,96,135,439,6,509,975
610,330,347,258,137,194,190,895,949,975
457,301,148,119,87,113,346,335,927,975
429,331,170,123,93,135,295,329,953,976
372,238,295,233,170,225,461,450,887,976
394,281,227,172,126,174,339,321,924,976
542,309,310,222,143,219,472,640,940,976
299,200,185,140,100,139,355,342,887,976
476,313,239,185,133,181,311,455,902,976
226,157,212,147,102,151,300,345,943,976
380,271,254,192,146,198,379,346,961,976
392,225,293,227,138,187,387,585,952,976
497,269,312,236,136,189,488,539,854,976
444,277,244,186,134,180,335,442,929,977
325,224,183,134,107,149,410,474,852,977
411,268,229,168,115,167,449,338,945,977
431,333,154,122,98,127,273,300,964,977
375,240,199,151,103,145,409,422,893,977
291,166,174,128,83,117,327,347,927,977
302,186,221,184,139,163,429,329,820,977
227,156,265,183,122,190,296,404,902,977
342,211,273,209,127,177,354,411,991,977
438,295,249,192,132,175,253,506,861,977
446,326,217,159,137,189,475,175,835,977
725,395,179,135,72,104,307,445,1016,978
169,138,141,101,74,108,223,330,982,978
496,363,184,161,124,144,316,347,950,978
415,216,390,290,179,267,389,605,879,978
205,157,155,124,94,119,200,381,948,978
589,426,162,123,96,131,296,371,954,978
352,244,224,162,118,171,339,564,926,978
516,343,241,187,130,178,363,333,962,978
631,424,255,202,158,198,382,412,926,978
358,229,145,112,80,105,309,343,945,978
509,364,297,200,161,249,492,217,803,978
494,322,247,170,116,182,368,495,949,978
349,255,173,135,100,130,388,377,947,979
354,271,156,132,100,123,290,349,956,979
479,348,164,123,98,135,316,285,853,979
457,279,221,167,113,158,438,431,961,979
341,215,154,126,87,111,255,468,923,979
334,236,147,122,96,117,272,361,942,979
449,266,223,161,111,161,500,340,935,979
362,280,211,155,116,163,413,354,960,979
546,408,176,135,105,137,333,458,879,979
242,185,124,98,74,95,221,327,936,980
245,181,215,141,107,170,307,329,912,980
714,428,261,186,124,186,371,566,953,980
662,432,168,128,89,122,378,379,952,980
320,182,178,150,95,119,300,432,922,980
601,393,290,213,141,209,426,535,917,980
518,376,145,113,87,114,293,371,940,980
721,454,513,387,203,287,375,1023,977,980
451,300,162,142,97,114,329,339,924,980
393,209,382,289,185,266,479,674,948,980
630,426,207,173,118,148,438,436,935,980
330,234,118,91,71,95,281,353,899,980
669,439,192,136,92,137,367,394,931,980
669,381,355,257,161,248,395,526,942,980
491,327,213,155,109,158,296,333,941,980
546,338,276,216,143,195,309,647,955,981
310,220,131,112,86,101,296,263,966,981
350,250,176,132,102,135,288,334,924,981
351,205,300,219,140,212,370,497,952,981
610,349,296,237,156,203,383,519,921,981
385,274,160,121,89,121,313,362,934,981
545,364,243,189,132,176,318,445,908,981
328,224,158,110,79,120,279,324,920,982
636,340,473,384,246,325,531,599,981,982
403,268,207,163,117,153,304,383,961,982
337,232,159,121,95,127,319,351,941,982
281,180,203,152,108,149,432,345,932,982
437,303,176,149,108,133,273,458,893,982
376,209,197,158,97,136,257,365,988,982
300,220,158,117,90,122,261,348,936,982
569,360,296,219,143,213,321,578,971,982
478,381,352,239,197,293,501,144,840,982
552,394,177,137,103,138,364,319,961,982
385,249,300,217,140,208,336,612,947,982
423,292,191,137,112,160,414,396,961,982
460,247,254,188,110,161,350,527,937,982
326,235,163,120,93,128,207,474,899,982
501,320,269,209,147,202,365,595,960,983
429,330,148,127,107,124,298,324,929,983
270,206,178,132,104,141,202,346,928,983
329,209,263,196,131,186,511,8,505,983
341,235,169,132,102,136,277,355,947,983
552,279,375,285,126,177,379,955,966,983
272,193,197,170,133,159,306,318,937,983
442,260,177,144,100,128,492,357,945,984
403,223,205,157,98,137,353,442,969,984
280,222,118,92,74,95,225,337,896,984
349,212,275,210,151,201,394,510,978,984
320,208,154,122,87,115,290,326,941,984
609,437,175,135,103,137,323,340,884,984
384,228,143,110,90,118,437,335,918,984
618,399,207,182,121,149,376,352,967,984
254,153,206,160,104,143,232,474,924,984
407,305,280,204,155,219,440,268,814,985
624,437,141,112,81,108,334,344,918,985
423,233,313,232,149,218,341,685,956,985
398,282,179,160,121,140,314,326,913,985
420,251,189,139,93,134,396,326,863,985
571,413,296,221,152,217,322,469,934,985
330,209,212,149,99,149,374,490,855,985
326,243,143,115,90,114,300,349,929,985
587,435,140,113,86,109,367,333,914,985
387,246,289,222,147,203,364,510,984,985
222,158,144,103,80,116,257,269,937,985
397,251,164,143,95,115,270,278,944,985
395,239,306,235,145,206,285,665,949,985
636,397,234,203,149,173,466,380,913,986
397,250,135,102,66,96,281,317,903,986
403,244,236,194,134,169,293,506,939,986
623,416,195,160,114,145,486,424,920,986
328,190,217,167,107,148,288,606,905,986
269,173,279,209,143,200,331,341,943,986
459,337,253,199,155,202,443,350,928,986
560,373,166,122,90,126,367,423,961,986
485,328,198,143,99,146,434,328,974,986
365,180,166,123,79,114,453,354,922,986
291,229,160,122,100,131,358,426,962,986
267,161,250,188,117,166,335,389,991,987
602,408,247,181,126,174,333,561,954,987
402,252,193,159,116,146,333,357,989,987
326,239,163,131,105,131,442,331,969,987
477,343,175,129,99,140,289,325,937,987
676,461,213,177,128,165,361,337,927,987
301,204,168,134,99,130,281,348,955,987
517,282,546,401,167,256,491,1023,973,987
532,345,258,183,125,177,250,602,934,987
452,282,231,176,120,170,346,595,950,987
582,389,213,160,107,149,386,392,998,987
597,301,336,269,173,233,524,686,923,987
225,151,182,139,98,134,287,317,970,987
394,223,264,233,155,185,323,395,888,988
270,191,237,166,118,180,304,424,978,988
520,359,274,198,153,218,474,229,813,988
522,296,393,309,196,276,452,707,952,988
267,216,108,82,71,95,360,29,737,988
312,214,153,105,74,114,230,313,884,988
342,215,210,155,105,151,294,507,902,988
438,296,162,130,91,120,246,302,932,988
677,414,255,197,128,173,365,615,926,988
531,281,345,250,144,221,412,584,869,988
293,148,311,259,156,198,333,679,991,988
451,219,345,264,153,210,339,670,1013,988
609,381,238,170,121,179,372,560,931,988
300,198,213,154,109,155,210,467,966,988
535,298,356,257,153,235,369,587,981,988
580,353,245,211,123,156,327,566,932,988
664,460,231,195,138,171,399,317,902,988
687,481,188,149,109,146,319,345,948,989
386,223,298,233,160,212,400,488,955,989
661,467,251,195,151,196,361,473,939,989
685,403,150,114,75,105,218,596,989,989
236,222,115,77,79,114,406,2,190,989
424,273,195,152,103,142,320,418,948,989
491,338,206,140,93,148,326,312,955,989
440,295,160,131,94,120,312,345,928,990
353,273,174,140,110,142,292,337,968,990
686,452,266,182,127,194,387,557,856,990
462,316,137,108,82,109,334,361,930,990
492,370,202,163,128,165,337,375,907,990
336,213,125,112,82,95,281,343,928,990
455,310,212,172,125,161,332,417,982,990
543,367,202,150,106,152,325,323,959,990
520,306,289,229,145,197,337,585,997,990
697,465,241,196,137,179,340,482,947,990
263,246,179,131,124,166,459,10,711,991
525,345,204,162,110,146,371,424,967,991
439,268,324,239,159,229,467,590,921,991
357,218,173,137,93,126,321,327,932,991
375,229,392,269,167,267,423,712,982,991
483,299,230,167,111,164,347,494,956,991
264,173,174,124,90,130,256,350,953,991
633,350,296,228,130,180,290,667,999,991
379,222,174,129,86,125,285,358,973,991
611,390,347,268,168,234,386,646,959,991
587,410,161,130,96,122,246,327,920,992
659,410,242,188,126,172,321,489,986,992
354,268,139,108,88,113,241,323,924,993
391,222,251,196,131,174,322,561,961,993
337,246,169,139,112,140,344,379,899,993
472,259,294,228,136,189,407,504,938,993
433,285,160,125,92,123,306,348,952,993
487,340,164,123,102,135,369,334,837,993
520,303,372,257,187,277,502,458,877,993
654,465,263,212,162,208,339,430,928,993
714,400,310,240,159,218,438,671,995,993
344,241,154,126,88,113,339,466,930,994
439,271,252,198,135,180,366,556,978,994
209,144,158,110,75,115,246,294,927,994
314,203,204,163,114,147,306,363,991,994
532,333,221,163,111,162,364,395,890,994
562,387,208,177,133,159,286,357,958,994
667,397,324,266,182,220,386,587,873,994
340,227,164,131,90,122,296,321,950,994
274,203,127,104,82,102,259,254,924,994
628,370,292,232,164,211,496,461,938,994
357,257,161,143,107,120,289,322,958,994
474,308,253,196,131,182,384,417,976,995
461,312,243,178,119,171,324,368,890,995
490,327,292,238,162,207,360,562,971,995
575,390,245,189,129,174,406,382,912,995
642,416,202,186,133,152,342,471,892,995
377,262,252,228,169,184,539,341,898,995
418,322,127,94,77,106,270,333,957,995
662,437,265,208,147,195,394,493,803,995
603,343,250,182,127,181,471,446,924,995
251,156,161,126,90,119,287,350,930,995
439,320,236,181,142,191,308,422,924,995
580,356,273,205,134,188,299,705,983,995
214,157,163,124,88,119,256,284,907,995
601,399,272,192,139,203,351,326,909,996
575,344,223,169,111,157,375,518,961,996
408,245,273,209,144,198,323,545,959,996
386,284,159,135,107,128,288,313,940,996
436,300,176,142,100,130,326,389,921,996
463,300,280,220,156,198,349,551,947,996
616,335,491,380,218,315,496,675,970,996
529,378,199,146,110,158,328,481,834,996
282,216,161,119,92,127,313,326,930,997
372,202,253,205,126,169,270,565,928,997
213,173,127,85,70,107,266,342,907,997
515,348,190,154,112,140,439,321,1006,997
427,242,297,223,136,197,382,650,941,997
694,459,230,178,122,169,322,333,961,997
613,398,178,138,98,135,298,344,963,997
298,175,205,164,116,149,234,453,935,997
401,229,285,208,126,191,333,608,945,997
357,244,165,135,103,129,306,345,936,997
451,302,213,166,111,150,283,436,892,998
418,310,188,148,124,155,296,331,904,998
437,299,185,126,92,142,312,326,897,998
611,318,317,249,145,204,412,677,961,998
428,256,194,148,114,150,479,341,938,998
352,236,153,124,88,112,335,349,920,998
279,179,157,126,93,121,298,355,872,998
463,219,403,281,153,243,490,698,977,998
586,390,209,167,107,143,439,374,866,998
400,271,112,91,69,86,286,353,904,998
721,382,496,361,193,291,445,956,998,998
319,228,162,141,106,122,294,311,915,998
683,440,270,197,135,197,367,474,870,998
258,208,157,123,97,125,274,330,960,998
478,278,275,215,137,187,362,439,905,998
375,244,199,142,99,143,333,433,942,998
322,250,123,92,75,101,189,222,961,998
422,222,310,239,144,189,242,714,908,999
668,451,221,165,118,164,388,589,895,999
284,179,263,190,128,191,308,556,975,999
578,316,354,249,144,221,381,617,1006,999
337,263,196,155,130,166,246,328,924,999
577,293,401,282,163,253,415,618,948,999
478,326,137,115,87,105,335,353,895,999
286,187,190,131,100,149,307,293,913,999
399,315,115,92,77,96,306,342,949,999
309,215,164,125,94,131,286,331,965,999
566,431,152,114,88,124,373,241,849,999
607,351,324,243,150,212,378,574,952,1000
469,257,252,214,141,177,386,433,1017,1000
292,211,122,91,66,92,261,281,921,1000
439,314,153,122,99,127,259,343,953,1000
227,175,108,79,63,88,446,1,154,1000
528,393,164,126,94,125,352,333,969,1000
476,279,247,187,114,163,329,612,886,1000
406,296,131,106,81,104,281,364,903,1001
333,210,276,204,136,194,276,564,968,1001
368,253,149,112,87,118,307,330,906,1001
644,456,224,165,124,169,366,447,954,1001
607,398,281,223,148,203,446,549,970,1001
421,258,282,206,133,188,320,650,932,1002
288,204,157,136,103,122,286,324,933,1002
468,369,126,86,61,93,429,357,860,1002
532,358,222,193,144,169,327,358,962,1002
432,284,193,145,108,146,293,349,951,1002
290,250,111,76,68,99,272,144,888,1002
413,205,353,267,159,226,398,629,972,1002
351,200,208,159,102,141,452,340,908,1002
430,306,165,117,79,123,283,321,881,1003
550,363,212,184,129,158,416,360,910,1003
547,328,228,171,114,164,370,551,883,1003
547,381,132,98,70,95,288,337,906,1003
488,344,274,202,148,209,340,339,825,1003
416,277,176,143,100,127,302,338,966,1003
699,439,313,226,159,231,387,537,962,1003
525,367,188,142,110,148,254,336,977,1003
730,396,411,324,190,257,424,856,988,1003
302,208,173,126,85,126,290,326,941,1004
357,219,188,145,94,132,320,363,953,1004
505,304,290,196,129,200,371,658,965,1004
302,202,189,158,114,142,322,382,953,1004
295,227,119,89,75,102,278,246,900,1004
648,460,200,151,105,148,354,352,921,1005
556,361,224,171,121,166,312,407,947,1005
503,352,142,103,75,109,330,340,911,1005
485,353,152,118,88,118,300,402,945,1005
597,314,388,310,196,258,518,632,956,1005
597,390,258,189,125,183,370,596,921,1005
554,337,254,194,125,172,356,542,924,1005
534,364,191,158,110,141,351,322,951,1005
374,262,279,212,158,215,381,340,937,1005
370,232,238,178,124,169,182,604,945,1005
557,377,230,177,131,171,337,338,893,1005
500,314,283,216,136,194,314,677,927,1005
626,355,260,199,113,165,320,675,917,1006
716,459,185,141,89,128,281,357,981,1006
303,163,228,178,107,147,200,611,962,1006
479,232,399,306,184,260,451,710,906,1006
418,253,304,233,156,205,338,695,988,1006
367,275,198,175,139,161,302,309,917,1006
237,200,104,84,75,91,337,131,940,1006
487,311,321,230,153,223,478,464,865,1006
421,287,209,156,109,157,323,464,932,1006
467,301,237,181,127,176,371,496,1003,1007
449,304,171,129,86,124,435,346,938,1007
577,365,208,156,109,154,322,345,978,1007
229,202,151,117,110,140,343,1,228,1007
219,160,180,142,98,132,275,340,972,1007
662,376,318,228,141,220,452,561,921,1007
401,275,185,157,120,145,287,502,959,1007
647,366,266,194,122,181,331,447,963,1007
713,381,332,236,195,279,551,458,875,1007
349,262,159,126,118,146,379,185,830,1007
612,373,282,221,145,201,407,683,931,1007
273,163,257,179,109,172,345,530,916,1007
460,232,301,237,140,194,402,706,940,1008
244,186,175,122,96,139,255,306,935,1008
441,256,203,163,107,146,311,577,944,1008
545,374,185,138,102,144,456,344,904,1008
595,390,343,270,186,245,362,621,966,1008
465,256,321,238,151,214,433,673,903,1008
305,220,181,137,108,148,302,306,937,1008
500,359,254,184,134,197,329,458,916,1008
335,224,160,114,74,113,301,326,872,1008
399,278,176,131,101,138,278,354,937,1008
415,318,154,108,86,124,323,393,918,1008
435,264,153,113,69,104,327,378,877,1008
595,375,198,155,101,137,292,562,911,1008
348,270,108,76,58,84,216,328,864,1009
464,303,200,157,116,150,385,503,901,1009
451,272,265,196,133,191,338,363,928,1009
304,221,135,106,87,110,285,352,891,1009
379,263,191,152,113,145,348,363,940,1009
399,286,165,130,99,129,284,357,928,1009
466,274,271,216,132,187,317,442,956,1009
410,222,290,213,134,193,374,652,933,1009
452,283,190,149,103,137,361,369,864,1009
558,366,262,190,139,198,510,351,943,1009
232,157,175,148,108,129,258,312,935,1009
563,364,254,212,142,178,363,559,921,1010
466,316,254,196,145,194,361,400,933,1010
296,197,165,124,96,129,309,347,933,1010
405,302,140,111,86,111,309,327,835,1010
385,311,191,160,124,152,390,590,908,1010
348,238,181,146,107,140,306,351,943,1010
476,265,259,190,118,174,355,641,966,1010
600,345,339,243,147,222,400,616,937,1010
311,175,311,237,141,201,462,662,943,1011
549,400,156,116,89,124,329,356,891,1011
488,327,247,198,137,175,332,395,983,1011
298,184,240,189,131,170,329,541,991,1011
459,336,240,172,140,199,417,502,973,1011
544,390,152,121,94,116,345,337,882,1011
649,437,164,137,101,124,372,328,822,1011
523,387,168,113,89,136,344,343,942,1011
397,301,109,88,68,84,258,324,884,1011
470,357,217,166,126,171,445,335,927,1011
663,383,238,179,117,165,390,494,960,1012
282,197,188,157,116,142,289,389,948,1012
311,232,146,109,87,117,405,338,853,1012
389,259,151,106,77,113,310,342,905,1012
664,417,273,199,143,205,498,468,896,1012
311,237,143,124,101,117,302,334,932,1012
332,181,371,290,162,214,87,991,995,1012
710,446,226,172,123,166,395,458,915,1013
639,430,201,150,111,151,335,400,926,1013
597,435,156,121,99,129,343,346,937,1013
522,422,135,98,75,105,431,344,801,1013
389,261,202,151,113,154,316,375,940,1013
393,259,182,135,98,137,344,351,912,1013
496,270,322,230,139,218,343,679,948,1013
528,341,261,198,142,190,302,589,973,1013
498,306,226,161,102,154,314,327,946,1013
724,462,221,178,123,157,401,574,860,1013
349,288,207,153,131,182,393,2,192,1013
487,246,368,270,127,182,398,888,1020,1013
515,287,225,174,110,148,448,495,885,1013
423,235,274,222,137,183,341,550,926,1014
486,320,337,273,196,249,403,704,945,1014
363,257,194,150,108,145,331,374,922,1014
406,307,134,101,77,102,268,337,949,1014
318,220,196,132,98,152,261,313,967,1014
247,188,275,197,136,207,358,416,878,1014
399,304,109,87,71,89,235,328,975,1014
265,211,244,180,152,210,468,448,919,1014
466,333,229,179,126,168,337,389,949,1014
376,275,142,103,81,114,265,336,928,1014
236,164,191,145,105,144,305,333,970,1015
254,166,167,132,95,124,236,374,980,1015
279,187,235,164,120,179,261,319,978,1015
703,386,551,432,260,368,442,963,906,1015
416,311,159,131,99,123,321,334,944,1015
391,253,268,206,126,172,207,680,961,1015
417,275,119,93,64,85,245,337,957,1015
333,209,186,137,98,139,346,333,948,1015
444,334,161,136,113,138,345,325,956,1016
665,436,254,193,134,191,372,404,922,1016
619,371,251,189,124,176,385,580,985,1016
371,227,167,127,88,118,320,404,942,1016
381,277,148,121,100,124,388,347,912,1016
512,341,209,154,109,154,328,473,883,1016
480,301,191,139,94,137,283,359,981,1016
575,289,378,295,157,204,294,677,983,1016
528,346,122,95,72,94,324,253,919,1016
645,407,288,217,134,195,391,312,918,1016
425,300,113,89,70,90,312,341,859,1017
299,185,182,137,93,128,311,419,912,1017
608,344,351,251,156,237,388,492,972,1017
523,376,168,138,106,132,430,331,893,1017
602,409,205,148,108,153,372,396,931,1017
459,221,326,249,128,172,290,774,981,1017
726,418,333,240,161,231,396,660,953,1017
413,302,189,138,105,145,327,398,939,1017
326,257,137,104,87,116,227,342,929,1017
420,221,285,203,126,188,244,647,948,1017
477,305,233,184,155,203,486,347,938,1017
249,169,175,131,91,130,248,404,926,1017
732,409,273,220,100,142,387,734,997,1017
521,390,177,125,97,144,325,340,843,1018
323,185,240,193,106,137,647,0,164,1018
723,431,271,193,122,186,406,564,902,1018
617,442,156,131,100,124,286,338,957,1018
589,396,229,170,117,167,332,552,946,1018
427,256,190,148,99,133,255,391,966,1018
479,342,203,150,104,148,349,357,943,1018
503,345,196,146,102,145,354,451,918,1018
554,362,169,134,95,127,270,525,900,1018
665,349,383,276,142,216,442,689,972,1019
691,366,221,170,117,155,507,338,959,1019
353,197,207,151,102,146,325,494,944,1019
555,394,188,140,103,145,335,342,919,1019
593,407,185,142,98,133,384,337,942,1020
460,333,141,106,83,112,285,323,927,1020
513,342,242,208,144,177,367,507,947,1020
376,278,154,122,94,118,301,330,957,1020
523,333,142,122,83,102,324,685,915,1020
419,235,283,207,129,193,350,652,991,1020
342,231,219,165,119,167,329,402,943,1020
648,414,286,215,132,187,487,441,937,1020
567,397,148,106,81,115,314,344,947,1020
667,368,270,200,125,180,492,639,858,1021
552,333,295,219,137,195,344,585,912,1021
361,230,155,115,74,109,282,338,996,1021
503,322,257,204,139,181,378,550,913,1021
366,259,174,127,95,136,344,349,905,1021
333,238,135,103,80,110,311,327,911,1021
358,215,117,96,64,87,241,667,938,1021
250,184,164,139,104,125,296,328,938,1021
550,263,421,335,141,184,401,744,1001,1021
557,404,168,127,95,131,300,324,933,1021
199,186,97,76,72,92,304,1,209,1021
646,342,245,184,138,184,492,529,977,1021
485,272,244,196,126,169,351,496,950,1022
191,184,86,72,70,84,333,4,558,1022
218,168,117,96,76,94,171,304,859,1022
505,313,192,152,100,133,361,374,990,1022
600,381,282,217,149,200,357,460,964,1022
523,296,250,182,119,171,329,525,922,1022
284,157,275,227,135,178,168,643,925,1022
562,399,179,142,113,144,346,345,957,1022
532,377,167,136,105,130,326,317,864,1022
444,248,214,179,117,150,268,630,930,1022
284,174,238,192,127,164,157,637,925,1022
300,220,153,123,102,129,234,346,968,1022
530,309,334,251,150,218,347,664,967,1023
262,179,205,147,106,152,218,418,879,1023
417,232,353,266,185,249,555,623,869,1023
591,341,175,136,86,118,282,323,961,1023
502,258,230,179,110,147,368,569,944,1023
562,418,186,132,102,146,342,328,885,1023
592,396,254,196,146,193,358,454,947,1023
522,295,228,195,126,155,355,586,896,1023
729,470,227,164,116,166,333,461,917,1023
276,203,153,117,90,123,257,320,892,1023
528,325,270,199,131,193,361,547,913,1023
554,411,199,153,128,167,416,276,785,1023
615,426,164,125,91,124,263,308,959,1023
