"FSC-A","FSC-H","SSC-A","SSC-B-A","SSC-B-H","SSC-H","AF-A","DRAQ5-A","FITC-A","Time"
193,135,149,114,83,110,224,323,922,0
635,344,423,318,186,267,501,659,954,1
695,434,333,256,172,232,393,629,916,1
391,269,172,133,97,131,332,326,917,1
692,393,292,217,157,215,541,450,874,1
508,350,233,175,142,188,472,328,913,1
487,306,438,341,193,276,376,674,936,1
467,335,161,144,115,127,402,311,939,1
375,303,263,165,143,232,465,68,743,1
370,227,209,165,109,149,325,419,964,2
290,224,161,117,93,131,308,267,846,2
597,425,258,167,131,205,356,355,895,2
589,313,299,240,145,189,462,372,930,2
474,344,178,139,110,143,306,335,891,2
447,309,234,182,143,185,398,396,893,2
582,330,363,281,212,280,548,654,887,2
452,239,275,221,140,181,373,675,731,2
499,343,198,150,102,138,337,266,897,3
299,195,245,179,121,172,376,509,823,3
265,190,149,102,75,117,230,327,878,4
411,264,191,167,113,136,350,212,965,4
285,173,144,110,75,103,237,316,940,4
170,150,127,90,81,116,309,6,586,4
315,199,248,197,128,171,143,649,968,4
388,296,185,146,115,145,278,372,957,4
572,347,288,229,145,196,451,341,898,4
505,284,289,240,152,191,354,628,896,4
410,276,205,166,125,158,321,369,926,5
561,391,169,137,97,127,309,314,947,5
311,241,142,109,86,114,297,298,905,5
349,237,171,130,97,133,275,318,937,6
427,258,287,238,159,193,363,440,771,6
638,462,156,115,86,121,270,340,921,6
403,255,368,256,163,246,501,620,881,6
302,205,149,113,86,116,302,318,885,6
378,267,274,215,148,195,392,452,928,6
446,283,222,177,130,170,446,383,792,7
456,253,271,197,128,185,392,550,813,7
361,266,163,139,103,123,244,320,908,7
676,408,293,229,153,203,459,554,948,7
276,203,110,96,70,83,339,170,923,7
533,322,250,175,116,174,431,361,956,7
599,378,386,307,214,282,486,683,960,7
617,401,276,194,134,207,382,330,936,7
420,298,188,149,116,149,322,334,951,7
575,383,237,196,156,188,420,406,885,8
584,406,179,131,94,135,365,335,877,8
281,216,175,125,100,142,212,300,881,8
409,283,257,210,174,209,456,358,923,8
355,175,289,204,108,173,306,649,883,8
302,163,310,233,162,223,489,670,950,8
385,269,160,130,93,115,362,334,938,8
368,273,179,130,96,141,272,333,881,9
253,181,130,101,78,102,276,338,875,9
398,284,167,125,92,127,331,330,935,9
573,320,260,196,122,173,338,529,937,9
456,211,231,173,111,157,531,448,929,9
432,280,201,146,103,149,446,317,867,10
668,419,280,210,139,202,373,562,972,10
512,340,217,161,111,156,433,348,902,10
532,364,416,298,234,333,486,236,865,10
385,239,239,184,124,168,334,339,547,10
373,262,182,157,128,150,404,276,921,10
282,202,309,235,157,223,488,272,891,10
462,257,411,295,169,246,522,592,918,10
377,265,185,133,103,146,305,337,922,10
445,298,255,188,129,184,324,459,900,10
603,451,164,118,89,126,351,330,667,10
367,280,105,75,61,86,273,352,831,11
350,199,252,197,128,176,105,644,952,11
321,220,192,149,107,144,264,459,930,11
487,323,179,144,100,133,321,343,932,11
283,202,169,121,93,134,279,330,899,11
321,234,181,134,100,140,395,365,878,12
548,318,343,242,151,228,400,597,881,12
413,308,204,175,134,160,315,300,873,12
450,267,311,238,158,217,365,595,904,12
448,277,167,132,83,116,256,684,953,12
240,153,203,151,104,150,255,372,935,12
552,373,207,154,113,154,368,333,877,13
492,283,333,250,160,228,316,540,962,13
460,301,217,162,112,159,363,359,834,13
522,362,207,160,114,151,323,425,932,13
342,249,152,123,96,122,300,338,934,13
277,167,259,206,133,182,171,562,976,13
591,472,323,213,177,274,410,70,708,13
397,222,326,249,161,220,349,687,953,14
616,428,216,165,122,165,363,457,745,14
449,330,383,277,215,307,479,679,968,14
343,264,294,215,158,222,492,416,992,14
421,304,244,198,160,199,441,229,898,15
522,367,186,144,107,141,332,357,948,15
519,319,305,231,154,208,227,640,889,15
474,350,229,176,125,169,215,458,877,16
355,196,275,220,140,194,193,643,928,16
523,324,235,192,126,161,319,502,926,16
303,236,142,101,81,118,200,328,917,16
331,199,243,189,129,178,371,438,945,16
663,397,180,142,89,123,354,331,922,16
732,409,281,221,132,183,358,482,979,16
387,253,193,143,99,143,336,359,879,16
375,280,149,122,90,116,336,242,943,16
445,319,269,213,141,194,356,511,900,16
534,303,275,211,136,188,377,583,928,16
436,278,276,203,129,194,450,416,921,17
534,347,196,170,123,145,370,336,916,17
676,470,279,214,158,215,360,473,925,17
416,292,150,120,96,122,312,234,860,17
469,338,135,103,77,102,439,337,884,18
566,351,335,241,168,248,376,364,946,18
492,365,171,148,115,137,346,325,870,18
363,255,211,159,126,171,411,326,889,18
523,393,163,109,84,131,395,328,925,18
591,408,184,142,107,143,394,401,869,18
661,370,328,269,158,202,264,720,984,18
215,179,109,93,75,90,214,286,935,18
523,348,269,214,150,196,301,613,930,19
443,305,195,155,112,147,346,326,915,19
727,440,273,217,149,196,389,552,959,19
422,325,172,129,97,135,306,343,868,19
600,366,214,159,101,149,373,448,859,19
420,307,155,129,97,119,291,314,910,19
575,352,368,275,181,245,135,882,1005,19
717,475,293,227,144,205,428,445,923,19
701,392,508,345,200,330,431,627,956,19
425,275,304,252,167,215,438,336,841,19
583,374,298,222,145,205,294,644,833,19
232,202,110,81,68,95,286,173,781,20
378,207,306,233,150,213,378,576,945,20
635,381,235,185,125,167,349,421,883,20
275,199,188,125,96,149,247,319,941,21
342,233,231,167,111,169,263,327,946,21
668,463,234,172,125,179,336,344,951,21
668,408,192,151,99,136,462,361,828,21
375,227,195,153,107,142,380,335,909,22
522,310,372,297,198,262,458,505,966,22
291,197,224,170,121,166,276,323,937,22
684,496,217,156,117,173,384,317,739,22
473,380,373,272,212,295,483,582,865,23
439,254,271,203,136,191,283,605,906,23
448,315,161,117,85,123,300,331,962,23
260,158,217,164,100,145,428,438,886,23
393,272,203,169,120,148,325,377,910,23
609,422,259,214,159,198,318,420,900,23
655,359,289,222,138,191,469,596,749,24
238,217,99,75,71,91,288,51,695,24
316,236,185,151,119,148,274,304,898,24
433,298,186,165,128,146,348,383,919,24
356,288,284,222,190,247,442,389,953,24
293,229,142,114,89,113,229,322,895,24
508,273,316,232,149,216,377,542,861,24
633,466,242,196,149,191,373,333,932,24
439,228,309,232,138,189,572,8,529,24
513,316,286,212,143,206,402,478,938,24
611,314,486,351,189,282,378,996,988,24
405,289,197,157,118,156,349,263,893,25
486,322,264,205,104,137,419,648,915,25
716,437,564,436,293,399,537,1023,963,25
203,146,129,99,77,102,190,318,876,25
323,184,332,249,154,219,391,568,940,25
361,226,285,211,144,208,278,452,956,25
695,373,217,157,91,132,431,639,945,26
618,306,548,410,192,286,518,726,930,26
620,351,203,152,90,133,298,922,902,26
685,408,248,203,155,189,424,693,993,26
371,260,214,161,115,155,302,316,927,27
395,279,201,145,100,145,279,324,920,27
327,250,180,120,91,141,327,322,935,27
690,414,211,169,114,148,492,324,948,28
445,290,187,160,115,141,318,325,942,28
320,219,314,239,180,241,236,621,892,28
609,383,248,193,120,168,350,537,921,28
371,259,170,133,105,138,276,338,920,28
625,327,153,122,79,102,406,359,1010,28
406,312,230,180,147,192,403,282,915,28
475,305,244,180,127,179,336,529,922,29
521,355,185,151,107,136,343,434,945,29
445,341,134,108,90,111,331,344,895,29
339,200,172,135,84,113,280,361,953,29
379,247,167,116,77,117,262,306,797,29
422,321,160,127,99,128,276,327,928,30
239,164,214,176,120,155,293,307,892,30
682,412,308,247,156,213,360,589,962,30
421,207,329,277,164,212,365,604,919,30
457,282,262,182,119,183,379,588,830,31
689,466,257,190,136,188,306,633,873,31
342,218,295,212,144,213,397,605,918,31
499,314,254,196,138,186,353,492,903,31
679,364,305,240,141,198,411,582,973,31
613,417,214,171,107,145,386,359,955,31
476,333,213,161,121,162,417,431,797,31
627,427,195,157,116,151,378,216,872,32
553,401,250,173,131,191,336,479,897,32
707,475,287,210,153,218,371,387,916,32
316,208,171,135,102,135,374,350,871,32
315,201,279,227,157,206,366,408,892,32
572,380,276,214,153,197,398,588,894,32
634,400,351,238,175,261,541,419,759,33
513,294,184,141,97,132,479,324,787,33
424,319,125,93,71,99,280,330,891,33
509,365,300,224,176,241,445,592,887,33
477,300,261,184,124,182,383,487,907,34
544,320,220,170,104,144,338,631,942,34
509,292,272,203,133,189,370,599,862,34
415,272,226,170,123,169,450,355,939,34
518,260,381,284,153,225,472,662,941,34
460,241,245,181,97,140,443,701,941,34
271,174,220,162,101,147,127,604,872,35
313,236,175,135,106,139,322,318,941,35
605,435,231,188,136,179,365,341,938,35
330,216,136,114,65,88,4,912,943,35
299,172,295,240,148,203,346,442,974,35
453,321,254,200,151,198,350,456,930,36
322,250,259,193,157,216,410,450,924,36
431,274,254,193,126,171,353,427,950,36
332,303,148,100,98,144,375,1,185,36
583,288,536,366,179,293,293,967,1003,36
316,247,117,89,74,99,266,322,895,37
560,376,363,270,216,290,474,672,900,37
355,220,173,132,94,129,396,357,922,37
403,231,315,220,133,207,296,481,967,37
264,183,220,184,129,164,270,434,974,37
528,367,286,214,148,208,397,326,828,37
693,458,285,206,155,220,424,519,878,38
315,224,174,140,99,129,221,307,934,38
277,239,111,73,61,94,332,191,808,38
306,200,119,90,67,94,263,331,893,38
549,410,186,143,106,142,285,292,916,38
525,259,488,350,194,292,417,640,874,38
512,342,291,210,146,218,445,480,904,38
506,326,384,328,246,295,473,334,844,39
345,247,115,87,68,93,315,336,755,39
692,426,258,205,142,184,368,486,916,40
721,444,245,187,120,166,392,571,848,40
689,454,233,191,134,171,369,395,976,40
679,482,251,191,144,199,363,465,863,40
579,358,355,263,167,243,407,656,945,41
370,231,299,232,159,209,429,562,816,41
389,297,176,138,103,134,296,333,907,42
483,352,189,132,102,153,270,339,954,42
610,429,143,108,83,113,314,334,913,42
474,352,176,122,92,136,412,340,833,42
651,426,317,251,182,243,374,431,935,43
192,136,179,141,93,123,183,371,939,43
515,249,300,228,145,200,449,602,851,44
403,267,290,229,159,203,139,647,893,44
480,271,204,153,98,140,432,332,838,44
488,297,283,207,153,219,457,471,877,44
524,365,303,221,151,227,299,456,926,45
512,279,408,327,195,266,411,578,952,45
693,364,490,373,192,271,314,1023,918,45
630,469,195,142,111,160,318,343,885,45
574,348,218,175,123,157,423,446,916,45
352,279,149,129,106,121,317,205,906,45
647,332,420,317,180,265,455,666,940,45
324,218,206,162,117,157,264,313,945,45
442,308,209,167,122,158,232,606,848,46
710,386,271,216,134,175,524,344,913,46
365,337,210,144,135,198,410,3,192,46
684,393,278,215,151,203,398,937,1001,46
535,313,422,323,198,274,471,574,934,46
278,196,167,124,97,134,289,305,918,46
491,263,310,227,137,207,362,574,887,47
394,253,212,168,113,151,362,435,902,47
462,231,319,246,145,196,315,722,985,47
220,201,128,99,94,122,355,1,198,47
405,251,292,223,143,202,265,673,977,47
433,258,256,205,135,181,310,555,939,47
167,169,103,73,76,105,287,1,217,47
616,456,187,140,110,149,408,344,920,47
317,231,118,90,65,91,258,133,906,47
651,335,367,268,140,210,413,791,990,47
566,362,274,198,141,202,451,439,886,47
211,128,246,193,114,158,231,513,931,47
493,283,296,226,147,202,397,621,873,47
228,165,197,139,99,145,234,337,944,47
684,369,412,317,202,285,487,683,912,48
516,339,298,236,183,228,319,661,926,48
430,312,171,133,95,129,292,338,917,48
290,182,155,134,92,111,251,295,938,48
422,279,180,132,98,142,306,338,958,48
209,163,240,181,119,166,646,1,991,48
496,332,185,152,100,129,350,334,946,48
626,380,339,245,160,241,322,516,972,48
612,419,122,98,69,90,313,691,959,49
268,193,229,189,135,165,166,500,940,49
359,242,236,191,129,169,158,611,917,49
703,424,268,229,150,185,488,376,941,49
390,278,155,118,88,121,291,340,935,49
368,273,303,234,170,227,510,402,914,49
331,233,358,275,192,263,481,403,910,49
621,371,288,238,152,194,332,678,903,50
306,165,199,154,89,128,352,408,887,50
297,156,321,248,147,206,386,545,943,50
425,312,162,119,91,131,350,328,900,50
595,364,214,164,123,165,456,492,881,50
731,439,355,252,158,245,451,530,914,50
413,278,189,140,102,143,364,353,846,50
142,139,131,106,108,130,470,15,223,50
597,383,252,178,118,178,465,348,853,50
544,327,331,244,183,257,509,668,775,51
515,381,165,118,93,135,338,329,912,51
200,137,180,138,104,140,190,314,934,51
323,160,332,251,149,216,392,687,907,52
532,329,425,298,194,297,360,658,991,52
549,320,253,203,121,164,284,622,843,52
437,301,188,135,101,144,305,484,947,52
529,361,154,125,94,121,394,346,945,52
363,208,264,188,140,207,552,399,925,52
515,326,285,218,150,210,364,598,844,52
526,329,294,224,150,214,370,517,864,52
518,293,413,301,177,258,360,549,986,52
601,478,143,109,91,120,374,148,730,52
388,276,226,167,136,185,428,549,921,53
330,236,171,135,99,129,328,381,861,53
656,380,279,226,147,194,395,500,903,53
508,351,188,163,113,141,431,372,945,53
535,349,245,187,139,189,374,499,948,53
447,270,281,233,154,200,363,410,950,53
463,274,244,191,124,169,356,543,954,53
330,208,176,127,87,127,275,415,849,54
436,249,291,227,147,198,365,590,928,54
343,242,227,185,136,172,269,292,944,54
683,427,245,197,133,171,403,384,917,54
729,489,246,214,148,178,378,657,900,54
355,217,294,236,170,218,391,382,959,54
628,378,320,249,167,221,263,629,956,54
547,427,163,129,103,134,332,343,911,55
200,189,172,119,114,165,328,1,230,55
575,341,314,225,138,207,333,514,967,55
454,336,166,132,100,131,320,319,875,55
634,432,182,155,113,136,378,350,940,56
590,331,384,270,152,241,409,577,818,56
232,154,274,218,142,187,139,650,877,56
286,178,174,132,90,126,329,379,972,56
299,187,122,89,55,84,149,643,943,56
420,296,166,124,89,124,327,329,931,56
403,228,319,245,152,210,474,618,920,56
526,364,235,189,141,182,317,475,907,56
473,262,403,289,171,259,424,598,747,56
454,308,179,128,93,135,344,341,911,57
406,223,332,272,164,215,425,398,951,57
438,287,204,152,107,154,303,542,811,57
540,317,322,242,144,209,328,486,932,57
461,346,153,113,93,125,300,388,907,58
441,260,205,166,127,158,456,333,907,58
557,398,177,149,110,134,367,342,801,58
680,440,293,220,156,216,331,491,970,58
533,345,208,157,109,153,395,349,924,59
548,319,343,258,186,252,481,403,922,59
271,200,149,115,86,114,266,334,905,59
414,302,193,145,105,145,280,440,903,59
268,211,142,102,77,111,219,312,917,59
600,395,282,214,136,189,266,629,914,59
325,212,142,100,73,111,277,323,903,59
639,415,206,149,103,147,387,477,744,59
346,278,167,119,100,139,330,318,874,60
706,468,384,295,176,243,204,950,939,60
356,253,300,217,149,220,354,476,876,60
356,164,349,274,149,197,61,867,975,60
312,206,310,235,173,231,377,393,911,60
356,241,242,203,147,181,375,348,943,60
582,329,261,205,130,173,417,603,930,60
471,350,378,288,215,293,451,155,847,60
257,198,154,114,86,119,145,429,931,60
362,264,232,175,134,182,470,344,923,60
325,195,330,221,142,229,383,526,903,60
484,382,278,211,161,219,417,528,834,60
551,268,280,207,124,179,502,674,856,61
357,187,313,232,135,200,351,517,862,61
461,278,322,247,143,199,509,548,889,61
326,189,195,138,88,134,440,360,929,61
614,365,266,221,164,201,497,491,939,61
554,350,279,203,121,179,267,644,897,61
404,231,337,237,141,220,396,580,868,61
421,272,186,139,96,137,361,374,850,61
285,172,276,205,142,199,328,431,968,61
614,379,299,228,151,212,394,556,918,61
732,465,259,195,139,192,408,590,883,61
545,425,372,272,230,320,486,241,765,61
376,254,191,148,104,144,382,329,902,62
281,194,186,130,91,138,302,301,705,62
241,154,220,177,118,154,146,564,941,62
525,361,244,194,136,184,331,358,975,62
444,365,206,175,166,189,422,123,581,62
432,305,208,152,105,155,286,359,929,62
705,450,276,200,140,206,412,570,812,62
443,324,204,169,127,161,329,346,939,62
481,347,198,152,115,154,396,288,946,62
674,428,251,208,141,172,368,375,908,62
418,233,296,211,127,199,342,508,937,63
416,249,279,218,147,203,306,586,905,63
417,306,194,153,115,147,290,412,938,63
626,447,201,157,112,149,366,369,934,63
658,355,436,321,186,273,387,945,997,63
307,206,211,150,100,148,330,465,882,63
666,383,406,295,185,270,435,670,925,63
413,254,182,151,107,133,322,347,907,63
333,271,124,95,74,98,278,332,725,63
345,311,130,99,99,126,337,65,730,64
456,314,192,138,99,148,366,310,937,64
463,280,270,212,135,179,254,571,890,64
618,345,300,224,137,199,372,443,976,64
375,241,239,177,138,189,478,225,947,64
508,367,167,134,100,131,347,364,921,65
431,273,241,196,124,157,264,445,764,65
653,410,437,310,206,308,465,506,920,65
486,328,338,250,174,254,349,541,921,65
464,316,221,149,109,169,382,306,944,65
392,249,304,240,164,215,437,631,950,65
359,226,272,214,144,197,430,526,908,65
490,364,179,134,109,148,353,334,898,65
523,327,446,312,209,318,489,685,915,65
325,221,144,113,89,114,253,293,914,65
693,460,195,146,106,147,409,346,910,65
721,451,266,194,121,182,375,505,930,66
490,324,280,196,139,210,337,545,923,66
533,333,220,165,107,155,404,365,980,66
398,271,197,147,101,146,311,409,869,66
713,469,263,200,144,199,416,456,924,67
223,157,140,96,68,105,246,334,932,67
438,238,338,256,161,235,425,677,928,67
506,302,228,170,114,161,303,312,944,67
412,270,242,174,117,172,217,547,938,67
228,153,180,138,103,137,284,292,876,67
424,235,320,238,147,214,336,609,883,67
549,355,283,222,154,202,322,598,918,67
372,251,386,254,171,268,499,591,942,68
558,405,224,178,145,187,359,304,870,68
340,279,197,143,119,165,285,294,836,68
261,162,194,142,93,134,389,288,940,68
406,287,165,119,93,132,412,329,913,68
392,229,351,243,150,230,428,415,1012,68
386,233,162,122,88,118,410,314,895,69
305,228,214,167,129,170,305,320,893,69
549,348,349,267,181,243,411,624,953,69
588,306,232,180,112,153,331,936,948,69
722,475,229,169,123,173,404,491,917,69
476,279,376,266,171,253,407,641,953,70
703,470,240,195,140,178,335,493,951,70
645,446,194,143,109,153,383,347,833,70
199,156,165,130,101,130,231,322,910,71
532,315,247,168,107,164,430,436,836,71
380,268,164,126,92,123,358,339,822,71
657,373,407,301,198,282,436,687,833,71
719,419,195,136,71,121,300,677,947,71
421,254,362,269,177,252,367,631,952,72
430,266,214,166,115,156,344,518,897,72
596,340,335,252,148,214,375,582,849,72
421,250,191,139,109,153,478,341,827,72
297,195,168,137,102,129,332,406,863,72
385,260,171,128,99,134,335,347,859,73
409,199,397,287,157,244,426,662,965,73
724,482,363,266,194,277,375,646,944,73
556,362,226,184,130,167,360,303,955,73
462,270,321,266,169,213,347,638,901,73
632,363,179,145,89,117,349,368,991,73
480,351,191,154,118,150,349,319,900,73
495,243,333,231,128,203,460,637,944,73
350,205,297,234,148,203,327,484,927,73
299,228,136,109,91,115,373,339,918,74
512,340,176,135,97,129,326,348,957,74
495,355,204,161,113,153,373,331,895,74
195,139,208,164,115,151,95,500,872,74
696,484,298,222,169,232,386,587,951,74
643,436,286,213,147,214,361,449,902,74
568,404,180,132,95,133,282,311,927,74
557,428,123,106,86,102,318,339,868,74
398,289,199,154,122,162,321,375,930,74
421,292,277,228,175,209,455,675,892,74
317,222,181,137,106,143,309,334,831,74
574,385,287,235,180,224,366,470,938,75
521,308,307,236,155,223,399,626,879,75
495,301,307,244,151,203,412,592,912,75
181,149,155,135,113,130,447,2,448,75
334,230,267,204,139,192,208,473,962,75
504,307,321,251,172,229,403,652,901,75
616,416,218,174,124,165,362,329,912,75
229,177,190,151,119,149,293,260,899,75
426,274,222,180,125,163,321,398,920,76
559,380,210,173,125,158,389,337,924,76
504,355,263,203,148,201,421,434,921,76
383,262,157,116,84,120,285,325,917,76
282,176,253,182,125,184,307,442,795,76
498,345,153,126,92,113,350,322,910,76
609,451,185,128,100,151,369,337,896,76
260,196,151,108,80,119,290,299,943,77
453,262,288,212,141,199,249,670,965,77
415,290,150,134,110,122,387,316,905,77
311,205,207,150,103,148,300,314,887,77
316,214,254,204,141,186,176,487,936,77
387,236,213,175,126,155,323,336,883,77
423,265,229,173,121,167,464,445,905,77
663,417,182,139,92,127,406,369,791,77
528,366,192,151,112,148,351,365,915,78
365,227,215,155,109,157,334,454,873,78
614,375,254,202,137,181,498,513,922,78
392,249,216,163,114,161,231,486,891,78
437,252,237,193,128,169,373,493,924,78
494,335,382,304,228,294,462,693,898,78
486,294,243,182,120,173,246,634,941,78
691,385,360,288,168,226,378,645,979,78
377,271,174,144,112,139,318,319,933,78
317,190,255,211,136,173,359,474,891,79
522,340,195,168,113,133,309,363,944,79
424,304,264,215,157,199,420,301,898,79
257,167,195,138,100,144,162,392,891,79
292,217,123,91,71,100,259,300,898,79
610,418,179,136,101,135,332,322,935,80
226,155,249,167,109,174,315,427,918,80
511,356,210,160,119,162,322,370,896,80
447,346,210,168,142,176,316,320,932,80
458,312,238,213,163,185,324,270,940,80
344,213,274,198,132,184,438,506,909,81
317,235,124,94,73,99,284,245,945,81
420,290,176,130,96,137,421,324,885,81
311,233,160,129,98,124,302,305,890,81
537,358,227,164,107,158,347,330,880,81
530,332,298,230,160,219,398,369,877,81
394,234,274,209,133,195,378,336,952,81
475,348,119,91,72,95,314,340,877,81
391,304,160,129,102,128,312,352,908,82
215,161,126,92,69,100,179,329,918,82
360,222,294,225,148,206,247,659,881,82
628,391,252,183,128,186,324,555,934,82
625,375,295,230,148,202,323,537,927,83
466,258,293,219,147,198,162,559,874,83
234,186,140,99,81,118,254,227,924,83
236,222,105,79,77,101,327,3,404,83
410,260,197,137,91,142,379,326,942,83
530,391,206,161,129,168,456,329,939,83
525,351,182,148,103,130,332,359,902,83
569,374,184,147,107,141,328,326,841,83
318,295,119,90,89,115,332,1,240,83
565,394,277,202,148,212,350,406,916,83
516,361,173,134,100,131,343,356,856,84
367,216,264,182,112,176,378,369,793,84
340,225,269,217,152,194,368,499,941,84
426,285,286,203,134,201,459,399,865,84
336,243,154,113,84,118,223,362,858,84
432,249,284,231,147,197,368,637,882,84
511,307,283,223,150,199,419,445,900,84
302,180,270,208,134,184,208,590,877,85
319,191,214,170,112,146,151,515,923,85
401,221,221,173,107,150,293,497,918,85
533,324,305,255,164,212,310,578,922,85
627,408,223,163,108,154,375,300,913,85
435,271,218,169,117,156,352,490,870,85
380,247,314,228,148,219,363,651,939,85
444,257,185,129,80,123,367,351,949,85
734,459,350,273,202,270,479,429,776,85
303,238,145,118,89,113,197,313,721,85
209,134,212,158,102,148,219,431,904,86
402,270,213,165,118,158,418,342,887,86
274,184,130,107,80,101,278,303,830,86
420,202,369,237,142,234,594,631,746,86
640,413,280,223,143,196,384,390,898,86
468,333,154,116,87,117,339,331,918,87
403,282,256,187,134,192,414,399,917,87
666,390,242,195,121,159,364,372,970,87
555,394,252,170,131,201,337,395,949,87
479,298,226,194,143,172,363,368,919,87
352,283,153,107,89,129,344,340,860,87
308,239,167,125,80,112,379,347,877,88
282,166,282,220,145,204,350,451,917,88
483,348,209,150,106,160,353,341,886,88
502,374,170,139,110,140,343,318,885,88
235,136,250,201,125,163,151,604,927,88
245,201,224,189,151,178,331,233,888,89
312,276,99,74,62,85,353,1,248,89
535,322,297,219,149,209,300,599,927,89
352,246,222,168,121,170,497,325,890,89
622,410,356,278,189,253,362,603,920,90
569,393,199,152,108,150,430,337,802,90
336,251,190,137,104,149,311,317,904,90
438,289,158,127,96,122,356,347,894,90
719,445,196,167,111,134,407,447,848,90
339,257,189,150,113,148,243,341,899,90
642,359,377,293,154,210,417,797,940,90
522,383,194,147,113,156,305,322,908,90
419,289,212,146,105,163,355,331,907,90
294,216,212,155,119,166,180,603,840,91
463,358,151,123,92,118,297,324,872,91
454,293,204,155,110,149,355,346,883,91
406,284,233,188,152,197,382,402,886,91
401,242,284,224,154,204,355,624,870,92
685,431,173,133,88,121,442,334,915,92
364,239,326,238,190,262,429,331,920,92
275,182,210,148,98,150,322,352,827,92
403,273,155,113,81,115,290,330,911,92
386,248,202,151,95,130,279,445,943,92
597,438,165,138,101,123,383,321,928,92
211,145,196,157,109,138,23,618,876,92
373,261,208,158,107,149,302,319,930,93
578,407,248,172,124,189,262,381,911,93
276,203,127,107,85,101,303,322,903,93
584,361,330,248,170,239,319,693,963,93
511,369,219,159,122,174,333,462,900,93
575,405,195,162,119,153,323,319,939,93
392,311,163,131,111,140,321,332,932,93
384,271,292,208,174,253,474,362,810,93
265,257,166,134,107,137,527,145,831,93
574,333,301,202,141,220,487,491,970,93
611,328,384,304,158,206,355,813,980,93
620,337,399,306,201,281,534,382,877,93
459,298,390,276,169,266,491,661,948,94
476,299,315,244,149,202,207,626,968,94
599,430,180,151,112,140,346,305,901,94
592,332,258,206,143,185,438,573,873,95
633,423,253,200,149,195,354,400,929,95
521,400,139,113,89,113,267,338,938,95
642,472,219,181,138,174,385,341,900,95
559,389,385,268,193,295,447,649,936,95
314,209,208,167,124,158,335,377,891,95
380,176,291,257,126,155,668,0,70,95
389,213,162,127,92,120,469,334,873,95
229,139,259,209,141,181,103,573,961,95
731,396,340,265,161,226,386,616,911,96
414,287,225,168,134,182,348,390,938,96
316,223,126,109,84,98,327,215,819,96
601,386,310,241,173,233,467,565,929,96
556,407,205,150,117,166,440,335,892,96
314,179,358,256,139,224,221,636,936,96
419,303,237,178,138,188,304,412,951,96
603,473,169,139,109,138,268,314,934,96
375,223,253,205,136,174,340,484,821,96
481,308,118,91,64,85,78,666,927,96
620,442,262,193,135,195,306,393,947,96
592,444,156,112,90,126,340,323,795,97
300,255,134,101,92,119,361,54,823,97
471,352,229,172,131,182,353,243,875,97
470,324,210,173,123,155,399,350,941,97
361,227,175,145,103,130,352,334,981,97
429,337,106,84,69,90,341,248,882,97
240,173,187,152,115,145,316,307,901,98
355,238,216,176,128,165,283,329,976,98
472,294,286,224,152,202,320,641,920,98
470,273,288,228,141,189,274,617,867,98
603,437,208,159,124,166,385,326,940,98
358,239,135,114,85,102,300,319,905,99
711,421,299,231,138,199,410,539,959,99
592,418,156,120,83,114,321,316,882,100
368,217,234,181,111,156,230,584,920,100
266,170,199,151,106,148,195,451,976,100
626,422,252,195,136,186,304,306,938,100
587,384,359,268,199,280,447,640,901,100
395,257,366,266,189,276,395,423,936,100
498,299,263,206,139,190,376,324,968,101
295,159,318,219,114,174,541,335,842,101
471,324,382,282,206,281,468,518,848,101
636,417,206,153,108,153,366,344,887,101
213,158,188,155,102,138,233,320,932,102
398,251,236,182,131,176,370,297,927,102
636,471,310,216,157,238,529,442,896,102
712,449,585,388,241,395,617,1002,964,102
302,215,363,251,159,242,524,636,917,102
574,308,383,267,164,256,490,556,918,102
660,356,367,290,178,242,390,553,948,102
567,418,223,190,147,174,360,356,914,102
249,189,124,99,81,103,260,321,914,102
345,208,268,215,142,191,291,469,971,103
341,203,234,174,117,164,397,347,875,103
229,142,278,193,123,191,321,601,885,103
476,305,255,201,131,176,348,385,863,103
440,274,208,160,103,146,224,464,919,103
450,288,314,251,166,221,341,650,814,104
540,365,164,122,91,122,275,344,951,104
504,354,253,202,138,184,400,452,910,105
488,399,255,192,147,206,418,380,933,105
451,317,190,141,105,146,288,323,955,105
557,387,267,200,162,222,395,331,864,105
621,352,442,353,238,317,484,644,952,105
580,399,208,158,112,159,318,316,908,105
465,328,273,193,145,207,463,346,875,105
536,262,292,213,140,201,441,419,952,105
597,410,267,193,131,192,415,331,931,106
352,192,320,241,143,208,364,662,952,106
259,169,235,175,120,167,88,627,943,106
700,416,345,279,189,244,427,641,911,106
302,174,204,149,96,142,208,627,884,106
515,301,359,267,185,263,438,636,910,106
328,194,168,134,96,126,332,344,930,106
516,358,238,176,127,174,295,535,728,106
634,367,264,194,115,163,355,659,944,107
280,210,166,126,95,128,259,307,888,107
660,367,317,244,150,209,378,693,898,107
575,315,398,301,187,266,243,863,929,108
637,399,297,222,152,218,376,563,889,108
562,316,284,222,138,192,392,508,924,108
397,250,157,118,82,116,298,329,859,108
615,385,317,251,160,216,306,674,890,108
400,282,223,154,115,174,442,378,859,108
564,395,203,166,122,157,350,346,886,108
683,472,228,171,123,175,325,585,945,108
290,193,230,198,140,171,248,424,888,108
609,435,226,177,129,170,383,364,923,109
561,401,192,144,112,150,360,344,791,109
347,252,139,110,86,112,302,335,877,109
190,139,139,118,98,114,223,336,938,109
422,265,226,181,118,156,306,445,947,109
447,311,268,201,145,201,360,577,948,109
262,182,332,246,169,242,319,635,911,109
655,363,376,295,174,242,433,503,936,109
372,286,135,102,77,104,278,327,896,109
425,327,148,114,88,117,269,322,913,110
515,318,272,202,135,198,323,476,978,110
680,453,239,188,133,176,337,559,941,110
494,322,241,186,131,180,391,430,890,110
511,354,267,214,159,210,440,333,893,110
352,254,182,134,96,134,368,313,880,110
399,267,258,190,138,194,303,538,861,110
396,273,165,142,106,128,310,310,904,110
347,263,181,146,112,144,257,443,870,110
545,282,329,244,161,234,457,573,837,110
428,329,181,145,108,140,350,352,903,110
568,310,379,297,175,245,448,666,920,110
369,273,147,110,81,115,295,346,879,110
639,430,273,194,133,200,380,495,913,111
539,366,207,169,116,153,373,357,954,111
238,153,276,195,130,195,269,462,930,111
384,216,297,213,138,206,381,559,863,111
479,311,239,173,125,179,366,482,901,111
686,462,223,177,120,160,326,337,871,111
384,261,224,165,124,175,343,333,875,111
297,218,146,111,85,117,397,336,824,111
336,247,281,257,192,217,387,330,927,111
589,380,290,234,164,212,367,675,950,111
540,375,366,297,216,279,448,501,955,112
379,225,292,226,152,205,330,617,945,112
608,311,324,279,167,208,440,458,971,112
344,254,143,111,88,115,294,325,945,112
330,220,154,122,93,121,270,312,881,113
255,181,155,129,99,121,340,327,899,113
531,356,275,229,147,188,487,342,900,113
383,266,186,132,89,134,276,346,881,113
398,292,229,173,113,163,298,385,880,113
388,252,216,162,110,158,385,356,897,113
473,337,168,128,92,124,313,332,969,113
493,340,184,138,97,136,353,337,950,114
500,365,186,133,107,151,341,325,859,114
400,289,163,124,92,126,267,377,883,114
463,327,237,187,129,178,413,301,949,114
328,230,135,107,80,105,229,300,890,114
412,304,148,113,86,114,297,315,854,114
726,430,243,212,142,167,363,358,908,114
521,348,276,219,160,208,341,451,887,114
479,296,300,216,141,209,368,627,843,114
695,392,357,287,152,210,361,723,940,115
383,210,293,212,127,194,297,632,981,115
408,322,146,109,93,123,283,284,915,115
330,240,172,120,90,133,292,319,885,115
494,269,243,175,111,162,479,373,920,115
223,205,104,81,75,96,312,170,801,115
457,327,247,154,111,186,369,342,902,115
436,294,313,246,173,233,398,486,928,115
349,235,246,179,131,184,454,314,783,115
391,248,191,156,110,143,314,369,934,116
306,202,248,173,114,175,344,478,942,116
485,301,222,173,144,186,504,349,881,116
398,276,253,202,147,187,355,459,968,116
358,265,219,160,121,173,376,322,911,116
332,214,175,136,98,131,379,317,913,116
399,249,369,275,184,258,452,609,951,116
250,185,191,136,96,147,292,314,900,116
432,360,220,180,158,197,359,301,776,116
360,272,159,113,89,128,292,328,913,117
607,384,284,221,149,202,367,635,954,117
285,199,235,180,129,175,330,375,898,117
496,342,361,269,196,274,454,304,893,117
493,294,356,294,189,243,403,681,933,117
435,229,306,226,124,185,448,555,909,118
427,268,212,167,112,152,349,365,943,118
621,402,268,201,141,194,365,590,905,118
708,418,409,305,185,266,474,642,924,118
268,196,238,172,114,166,139,508,961,119
242,182,142,104,83,115,256,320,866,119
537,404,209,142,117,178,386,181,785,119
492,307,264,199,134,184,259,574,966,119
727,467,172,131,87,119,374,382,868,119
305,199,241,181,117,168,247,437,913,119
663,405,266,204,124,169,478,326,891,120
371,233,219,154,104,158,311,413,896,120
676,497,153,115,83,115,244,347,942,120
404,265,241,183,137,186,357,418,958,120
616,393,248,184,132,183,492,321,883,120
387,244,179,147,107,136,333,318,814,120
347,269,159,129,97,123,237,297,875,120
676,393,492,360,227,335,450,476,937,120
584,402,172,136,88,119,338,349,874,120
607,424,221,177,130,170,347,374,887,120
234,155,145,112,80,108,339,216,948,120
204,167,126,96,81,106,295,312,875,120
403,231,247,195,130,176,346,474,909,121
497,374,131,104,81,104,338,332,887,121
492,262,260,205,128,173,309,552,970,121
576,362,351,278,208,268,483,576,894,121
231,148,218,160,111,155,191,440,783,121
488,326,230,175,128,179,370,402,847,122
620,392,232,167,115,166,395,508,955,122
439,291,200,142,107,156,456,329,880,122
288,172,280,215,140,191,107,597,894,122
430,313,171,130,102,137,323,326,890,122
535,346,209,148,104,153,339,433,952,122
308,196,192,154,111,145,347,312,945,122
642,383,299,240,159,209,369,675,953,123
479,282,348,260,145,214,400,376,1013,123
520,369,228,163,126,175,251,523,928,123
268,190,155,112,86,121,274,291,924,123
525,309,373,271,181,263,406,794,917,123
236,181,206,147,115,170,346,321,856,123
608,414,221,176,124,164,287,507,890,123
510,354,141,104,75,109,295,325,910,123
517,329,206,168,108,140,352,373,956,123
371,237,229,186,125,165,349,316,927,123
455,356,171,147,116,140,347,355,919,123
407,279,211,163,112,155,355,325,955,124
332,229,185,119,87,142,366,349,888,124
564,383,201,156,112,150,327,476,901,124
335,262,129,100,83,108,289,331,811,124
270,180,182,126,88,133,247,310,950,124
242,142,246,189,122,165,368,327,926,125
419,206,350,260,143,210,423,683,812,125
442,297,207,162,114,154,321,350,963,125
314,206,208,148,110,160,350,323,866,125
455,294,189,146,104,139,460,374,866,125
549,310,380,273,178,267,422,637,931,126
393,289,144,135,99,111,285,298,911,126
729,480,271,217,147,195,369,509,940,126
264,189,153,113,84,116,261,332,869,126
402,308,154,113,87,119,272,314,937,127
465,255,251,193,113,156,351,470,991,127
462,287,357,274,172,236,490,638,952,128
651,394,274,194,128,196,416,685,911,128
560,357,190,146,106,142,438,473,710,128
425,305,165,119,85,123,310,325,925,128
447,369,108,81,72,95,239,345,908,128
474,261,140,118,67,89,326,651,935,128
558,385,284,213,171,231,381,355,853,128
452,272,357,278,194,263,406,486,966,128
525,371,157,111,84,120,270,342,931,128
596,309,406,312,180,249,319,767,955,129
473,295,127,99,60,85,170,685,963,129
517,278,419,308,188,272,390,1023,843,129
698,436,167,142,94,117,329,355,893,129
361,256,152,131,93,112,312,349,954,129
242,179,194,155,126,162,282,321,928,129
332,208,142,117,81,102,332,318,887,129
476,322,198,159,116,148,347,349,893,130
509,281,317,249,158,212,402,578,928,130
456,289,251,194,140,188,365,467,897,130
338,230,191,134,96,140,274,372,908,130
465,319,214,172,123,161,329,373,885,130
440,307,297,223,161,223,463,430,837,130
230,145,209,165,107,143,112,579,927,130
722,489,235,201,147,172,344,372,943,131
678,459,222,166,115,159,362,417,961,131
282,190,225,180,124,164,221,577,903,131
612,409,213,162,106,145,379,439,907,131
466,280,388,278,173,261,397,656,958,131
401,328,119,91,79,105,284,243,898,131
337,186,293,228,154,204,237,599,913,131
546,394,197,155,121,156,332,344,954,131
486,322,244,189,131,181,354,436,941,132
234,132,243,178,105,155,339,458,973,132
706,410,309,226,119,169,401,674,926,132
314,223,149,108,81,117,279,334,936,132
604,416,130,100,74,101,318,345,938,132
556,337,305,230,127,189,420,357,833,132
429,254,232,179,126,169,480,341,961,132
426,307,250,187,152,207,317,531,762,132
197,145,154,122,90,119,224,341,889,133
591,403,160,132,96,121,276,313,935,133
333,209,229,173,116,158,328,369,863,133
319,197,199,144,95,141,269,447,877,133
521,369,271,267,210,216,447,317,900,133
433,275,272,218,156,205,303,421,910,133
597,374,226,180,118,159,374,566,879,133
468,353,192,158,118,150,347,233,944,133
462,316,192,139,102,149,275,374,921,133
227,143,192,164,114,141,348,264,780,133
393,231,179,138,93,125,316,352,944,133
524,378,221,213,166,172,311,287,922,134
362,245,142,112,82,108,390,269,913,134
358,256,183,141,99,133,330,332,940,134
418,272,172,134,100,131,320,348,914,134
455,330,255,197,152,204,359,316,873,134
277,211,139,104,86,117,361,351,883,134
490,363,142,118,92,113,370,336,870,134
458,314,190,139,101,142,318,296,854,134
676,351,210,166,88,119,141,991,974,134
317,232,151,115,86,117,233,315,901,134
524,270,291,213,120,180,388,556,965,135
410,270,296,233,164,216,348,633,919,135
545,384,198,151,115,155,338,339,902,135
482,273,290,211,133,199,383,569,931,135
524,383,237,163,130,188,469,109,788,135
497,346,233,182,139,182,384,411,914,135
526,380,217,165,115,157,315,461,933,135
499,298,207,152,101,145,279,493,962,136
370,269,175,130,103,141,286,331,881,136
429,305,211,156,116,165,290,365,875,136
486,244,369,274,161,240,357,637,947,136
509,307,354,259,175,258,434,502,899,136
463,288,492,344,207,317,508,994,983,137
212,151,160,129,98,127,228,326,858,137
508,312,320,258,166,216,383,623,869,138
561,394,208,167,123,161,370,338,890,138
649,393,214,169,124,160,454,368,810,138
610,392,185,150,109,139,391,428,841,138
593,417,235,201,141,173,323,311,917,138
360,243,145,114,88,115,286,334,895,139
513,340,208,151,105,153,283,333,940,139
453,294,373,244,167,267,349,335,979,139
395,299,272,178,134,206,597,4,532,139
508,267,270,205,125,175,371,486,900,139
485,300,223,171,116,159,330,541,862,139
470,283,281,210,151,210,465,633,924,139
393,235,254,193,134,189,444,495,920,139
442,325,153,118,96,126,366,328,885,139
424,280,242,194,135,182,333,442,948,140
544,333,209,156,107,151,337,401,965,140
326,222,200,156,108,146,318,339,947,140
711,415,412,357,239,283,419,750,967,140
351,232,201,154,115,156,342,330,926,140
295,172,241,185,121,163,141,637,922,141
587,322,386,290,178,258,386,615,932,141
436,281,216,172,117,157,374,388,973,141
373,258,250,173,126,196,331,306,962,141
328,245,153,117,91,122,289,335,930,142
294,213,196,142,102,147,304,338,925,142
681,491,224,168,127,174,356,407,900,142
325,212,308,228,167,231,329,467,856,142
382,261,152,116,88,121,298,331,840,142
315,217,130,115,89,103,267,337,927,142
704,440,319,236,155,218,318,592,963,142
578,383,239,176,145,199,495,519,889,142
243,179,114,93,74,91,224,297,836,142
521,330,276,215,153,207,384,415,879,142
533,332,222,171,124,161,414,327,848,142
398,246,280,227,155,193,201,566,956,142
468,311,385,274,199,291,418,436,884,142
259,157,187,142,93,127,223,410,953,143
244,163,287,222,152,203,501,7,447,143
427,329,137,112,94,116,281,335,934,143
526,290,355,265,138,202,403,682,862,143
168,142,148,115,102,132,391,3,315,143
542,326,331,241,152,226,371,623,925,143
649,389,296,235,150,204,367,614,970,143
550,390,185,136,97,137,327,336,889,144
210,175,179,152,129,153,360,13,655,144
395,209,316,241,141,204,363,634,912,144
637,398,335,252,167,231,410,468,901,144
247,163,143,107,74,105,265,313,912,145
290,225,292,201,152,227,407,406,962,145
591,408,361,251,180,277,483,582,905,145
396,273,188,154,116,145,272,358,934,145
221,156,210,147,96,145,351,434,902,146
411,275,216,164,101,141,500,341,891,146
388,245,256,217,153,192,360,416,864,146
479,261,302,227,135,194,423,666,803,146
567,400,221,189,142,173,321,329,957,146
537,303,388,272,172,259,436,663,875,146
369,261,235,169,124,178,334,412,893,146
368,244,210,163,115,152,279,430,959,146
332,221,167,121,87,122,272,300,901,146
254,207,117,91,75,98,287,220,908,147
415,266,263,192,123,183,276,414,952,147
376,292,191,157,122,151,433,329,900,147
427,342,219,148,125,189,383,172,698,147
197,137,216,156,113,165,273,321,955,147
587,424,158,125,96,128,385,346,891,147
403,249,335,246,168,243,394,639,947,147
437,226,324,244,154,216,462,578,949,147
683,454,287,226,153,202,366,391,960,148
268,218,157,128,106,133,277,338,846,148
470,344,188,146,114,154,309,344,925,148
705,376,492,369,196,285,383,943,1000,148
392,223,316,249,152,205,288,662,941,148
384,240,392,270,173,264,335,581,986,148
507,384,345,260,204,279,554,8,582,148
487,317,176,136,98,129,332,359,878,148
468,344,170,125,96,136,309,324,934,149
368,229,210,172,114,150,318,327,932,149
429,287,230,162,117,174,343,449,930,149
298,226,191,160,124,152,234,375,958,149
512,345,403,287,184,279,351,633,966,149
724,419,336,263,167,227,335,587,960,149
354,233,237,188,128,170,313,321,934,149
454,302,213,169,123,157,351,558,820,150
426,299,292,200,142,222,517,482,879,150
407,263,218,174,124,161,340,360,932,150
380,260,184,144,113,145,318,430,951,150
361,218,280,235,163,204,312,589,918,150
374,209,222,166,106,156,364,502,898,151
729,471,323,242,170,243,371,511,906,151
547,284,375,274,180,260,380,556,1001,151
348,194,235,195,128,162,335,419,957,151
503,369,154,117,93,128,341,322,848,151
293,225,220,162,126,179,537,3,436,151
370,266,152,120,96,126,304,346,865,152
454,306,152,119,86,113,324,263,832,152
495,334,242,175,114,166,269,556,926,152
659,434,271,209,156,209,391,462,914,153
628,398,271,221,143,189,325,451,951,153
317,231,148,108,77,110,273,299,885,153
306,170,231,189,115,148,289,518,977,153
438,273,168,136,89,119,300,371,939,153
338,239,152,125,91,113,272,319,893,153
694,435,253,198,142,184,386,233,908,154
406,247,177,132,89,129,429,453,897,154
249,157,191,141,99,137,271,439,878,154
378,232,243,205,147,183,397,344,930,154
516,300,331,248,160,225,435,631,862,154
406,292,132,96,72,103,309,329,871,154
496,359,350,237,168,261,450,438,968,154
542,346,279,202,144,205,365,536,916,154
481,339,196,155,111,148,364,385,944,154
562,389,169,133,98,130,322,312,883,155
287,202,178,136,100,135,303,373,945,155
420,250,230,163,102,153,297,473,937,155
287,156,258,193,122,176,264,448,972,155
167,154,214,163,147,193,361,1,222,155
268,167,173,139,99,127,346,330,933,155
476,328,223,163,133,185,476,325,867,155
365,245,306,236,146,207,163,611,931,155
434,322,195,154,117,156,316,303,950,155
311,260,216,154,127,181,358,318,924,155
267,166,227,194,134,163,335,481,953,156
347,247,164,123,96,131,332,399,865,156
437,259,256,208,141,177,360,591,921,156
195,175,94,70,68,89,332,17,741,156
396,215,288,237,147,192,372,646,901,157
307,183,203,161,113,147,379,259,890,157
487,285,260,197,130,183,392,579,934,157
564,391,290,229,155,207,280,617,951,157
644,370,247,186,110,161,411,394,824,157
496,286,441,338,193,284,427,639,963,157
607,345,307,234,154,213,604,480,1023,157
401,248,166,128,87,118,308,349,933,157
516,386,266,195,152,212,420,262,809,157
392,306,315,226,176,247,377,634,963,157
595,378,314,227,159,231,350,628,934,157
363,229,258,218,148,179,354,574,858,158
248,144,197,153,103,138,252,353,849,158
593,327,386,301,164,234,471,635,976,158
494,300,282,206,132,197,454,482,847,158
382,295,189,135,108,153,253,332,918,159
512,351,190,146,112,150,356,333,895,159
431,209,326,246,149,212,413,541,892,159
519,380,119,92,69,93,285,326,855,159
530,394,132,106,82,104,292,333,907,159
453,310,149,117,81,109,316,332,906,159
482,304,254,180,129,194,456,481,929,159
526,396,217,170,125,167,330,413,906,160
425,265,350,256,168,246,377,594,955,160
591,332,267,193,110,167,337,443,1000,160
376,269,174,129,92,128,272,318,933,161
514,294,272,219,141,182,365,569,914,161
180,152,146,104,88,123,146,296,913,161
536,361,187,157,117,142,373,334,851,162
593,407,520,354,255,387,515,191,882,162
550,358,288,222,162,220,390,499,914,162
464,327,193,146,103,144,285,321,922,162
467,283,242,189,123,166,353,509,893,162
282,192,211,160,122,167,315,308,904,162
511,316,233,194,126,159,349,318,896,163
480,354,159,130,103,128,307,302,876,163
570,390,211,174,132,165,346,415,949,163
653,457,181,138,98,136,362,322,859,164
450,382,123,87,77,109,394,189,865,164
242,180,175,130,102,141,272,309,928,164
340,273,193,139,109,158,421,343,855,164
378,273,158,118,88,121,264,240,893,164
324,240,116,79,54,84,113,313,863,164
542,345,267,211,138,186,339,502,944,164
425,302,232,181,140,182,380,374,916,164
364,216,353,262,182,253,451,524,972,165
320,206,196,152,107,142,195,450,808,165
384,181,295,236,137,171,234,655,821,165
320,257,167,123,103,146,382,359,930,165
231,151,264,203,137,185,179,564,962,165
454,323,267,195,139,200,358,520,947,165
580,354,294,224,148,207,392,593,876,165
496,353,285,208,167,238,457,257,769,166
589,414,205,177,130,153,319,312,806,166
655,487,299,228,176,241,393,339,917,166
682,472,417,298,228,330,469,269,712,166
375,241,243,170,114,174,317,381,930,166
337,237,149,128,94,115,281,336,922,166
325,204,183,137,87,123,327,326,906,166
577,380,190,148,100,136,348,378,935,166
340,210,227,171,123,171,433,339,893,166
465,285,187,144,94,130,292,344,962,167
528,287,277,215,137,182,303,567,976,167
610,408,181,125,89,135,380,328,871,167
453,266,304,227,157,224,406,536,884,167
331,195,347,246,151,237,378,508,855,167
548,344,246,184,128,181,362,444,987,168
447,330,172,133,102,139,303,245,852,168
590,299,398,273,168,260,396,613,919,168
467,279,364,279,195,266,482,518,949,168
449,323,188,150,119,150,338,325,843,168
310,185,226,161,108,158,365,390,949,168
231,186,208,148,115,167,414,313,939,169
397,241,338,257,141,208,375,628,999,169
388,254,207,157,108,149,307,350,977,169
567,380,209,164,115,154,297,314,952,169
592,341,386,281,183,272,430,698,936,170
340,211,226,183,127,164,371,318,847,170
270,192,123,90,64,90,230,170,922,170
483,362,237,181,151,201,481,343,934,170
187,137,150,108,78,114,225,333,902,170
633,419,207,153,124,171,486,350,945,171
361,265,156,114,93,128,311,333,877,171
604,374,356,249,166,248,368,562,952,171
329,213,121,92,69,95,268,339,817,171
453,337,201,151,124,168,440,336,893,171
502,295,293,224,128,178,366,622,914,171
411,231,347,241,151,245,409,655,948,171
584,413,177,148,108,134,335,358,929,171
485,283,233,179,123,166,405,484,855,172
381,252,203,163,112,145,243,518,838,172
364,281,130,100,78,102,264,333,903,172
653,397,245,188,131,178,378,430,960,172
535,343,218,171,113,152,440,394,968,172
458,301,234,188,128,169,323,499,939,172
491,383,128,83,72,114,369,189,749,172
445,276,203,164,112,148,272,429,938,172
330,249,141,108,87,117,265,271,880,172
586,410,193,144,108,150,344,375,893,172
523,312,377,278,183,271,369,617,930,173
267,163,229,168,106,154,466,357,990,173
315,204,202,150,102,149,374,327,797,173
274,172,250,189,134,184,328,428,909,173
719,398,501,372,192,287,436,870,980,173
557,313,366,332,211,236,500,345,850,173
490,342,265,190,131,191,438,400,957,173
595,361,301,229,154,213,353,590,906,173
328,189,304,227,113,171,194,762,959,174
653,412,240,183,120,167,379,431,866,174
421,266,163,127,89,121,304,320,926,174
459,340,126,99,74,98,306,317,801,174
580,360,155,126,93,118,302,900,884,174
405,293,149,104,80,118,288,357,938,174
430,297,254,192,141,186,298,383,870,175
504,272,317,248,162,220,311,710,950,175
374,221,324,247,155,214,287,586,933,175
410,231,359,282,172,238,352,660,919,175
446,314,208,176,128,155,336,408,904,175
350,268,162,115,84,125,269,302,920,175
354,273,188,157,124,149,292,263,872,176
514,316,303,230,150,211,316,662,896,176
362,274,161,125,99,130,302,314,909,176
519,336,190,158,114,143,359,360,919,176
339,196,274,213,140,187,355,497,909,176
470,263,325,250,150,219,326,682,968,176
464,258,169,133,83,115,316,386,956,176
514,321,196,144,107,153,415,325,943,176
305,229,212,147,117,171,387,307,875,177
497,372,185,152,114,142,326,329,932,177
367,276,167,128,101,132,101,527,879,177
642,421,201,140,98,147,286,536,918,177
637,394,238,176,117,164,413,446,925,177
267,177,194,168,119,146,316,431,948,177
640,378,300,215,133,197,479,622,918,178
431,319,182,125,99,148,321,346,904,178
671,480,165,133,96,124,298,332,938,178
516,365,169,132,97,128,301,334,924,178
387,260,176,138,106,137,320,323,750,178
476,333,149,110,87,117,337,336,745,178
384,249,188,156,117,148,295,344,932,178
387,210,389,275,167,249,415,634,906,178
517,303,283,205,169,240,500,329,946,179
531,381,173,124,93,137,331,307,785,179
254,172,138,112,86,106,299,275,908,179
457,327,120,96,74,95,316,293,905,179
327,217,163,132,96,126,308,354,959,179
393,235,180,139,96,130,325,422,946,179
500,309,278,206,129,183,259,627,919,179
288,227,128,111,87,102,206,307,857,180
444,338,187,132,105,152,583,3,532,180
345,244,201,147,114,159,246,380,897,180
436,293,178,143,102,132,338,341,923,180
713,472,323,255,173,232,379,611,856,180
421,279,290,233,160,205,201,600,932,180
603,378,326,252,165,224,330,585,939,180
596,403,225,170,128,171,340,617,957,180
542,343,308,230,149,210,366,464,947,180
550,304,330,268,172,222,343,646,936,181
543,318,248,186,121,171,378,497,936,181
246,184,205,159,118,154,248,306,930,181
359,247,214,157,114,163,364,456,928,181
351,216,240,167,117,174,322,427,980,181
427,260,171,133,95,126,384,386,892,181
350,283,173,135,114,148,428,341,829,181
428,271,406,333,244,307,476,313,911,181
340,206,253,188,121,170,268,550,929,182
367,211,252,200,135,179,211,632,882,182
486,269,304,230,133,192,377,429,951,182
610,372,335,242,159,232,295,583,998,182
373,282,156,121,94,124,301,343,930,182
676,408,411,290,165,253,374,817,944,182
278,185,150,109,79,114,321,337,890,183
576,307,450,321,149,234,385,731,945,183
693,448,319,240,173,235,366,529,922,183
497,315,185,142,102,137,339,331,917,183
555,391,163,123,90,124,346,358,947,183
458,249,328,228,141,215,385,575,928,183
198,150,212,142,99,155,355,303,911,183
398,190,245,189,86,125,506,428,948,183
519,354,126,89,64,93,190,727,920,184
332,255,142,102,83,117,290,316,858,184
528,329,261,213,159,202,341,493,839,184
294,202,167,123,91,127,217,430,875,184
509,324,248,176,113,176,391,429,850,184
249,177,120,101,76,93,247,350,962,185
287,156,285,218,130,180,361,635,938,185
317,208,321,236,167,236,396,563,907,185
500,318,202,159,115,153,312,544,912,185
558,361,161,120,82,120,304,342,935,186
426,312,224,161,121,172,244,284,959,186
511,296,465,349,216,312,471,977,851,186
568,412,173,142,114,143,350,343,934,186
397,262,167,129,92,124,280,309,936,186
181,153,113,82,67,95,246,198,816,187
589,410,272,221,168,213,371,336,961,187
395,258,297,222,152,210,253,479,893,187
485,335,197,154,118,152,366,377,920,187
482,236,349,265,158,221,300,726,1013,187
404,308,167,123,97,135,334,288,904,187
262,190,179,134,102,137,274,336,934,187
623,411,231,179,131,180,327,454,964,188
460,314,148,115,88,116,301,346,870,188
430,293,253,196,141,193,353,304,931,188
538,324,336,262,187,243,473,643,951,188
270,215,137,111,99,122,339,335,924,188
678,396,325,241,160,224,357,684,873,188
496,270,336,252,130,186,239,838,922,188
314,196,176,132,94,133,314,339,912,188
272,161,260,196,115,162,198,626,938,189
452,343,145,116,91,116,276,330,933,189
270,179,324,249,161,221,83,609,797,189
346,237,211,172,132,169,332,307,897,189
360,233,377,262,175,267,370,622,938,190
641,417,254,189,140,195,426,396,872,190
641,429,173,132,91,128,392,321,964,190
524,346,168,128,89,125,343,358,905,190
522,395,157,131,104,126,329,297,899,190
335,221,202,157,112,152,353,276,969,190
660,478,241,197,135,180,347,329,947,190
307,236,155,111,91,131,388,318,897,190
584,391,337,238,168,246,591,4,505,190
570,385,259,204,142,189,369,446,909,190
585,359,276,210,149,204,379,534,879,190
231,151,235,164,112,169,190,508,904,191
422,299,161,131,97,125,282,319,941,191
416,263,223,177,132,170,470,302,924,191
370,203,275,209,134,189,370,434,884,191
348,217,175,134,95,132,331,337,958,191
383,280,145,111,80,110,236,318,924,191
597,428,305,218,167,235,388,403,899,191
456,277,229,195,127,155,357,305,953,192
377,213,193,164,107,132,335,422,935,192
503,318,248,193,129,176,369,430,877,192
528,335,253,188,133,185,371,324,888,192
557,349,306,236,146,204,380,653,958,192
260,192,188,131,100,150,235,353,895,192
399,202,226,165,91,140,315,470,908,192
339,227,175,130,84,124,235,445,949,192
398,299,163,120,99,135,338,316,878,193
496,272,317,245,139,201,319,669,929,193
430,282,183,128,87,133,296,345,922,193
605,377,464,351,224,313,512,701,938,193
424,350,135,108,87,112,364,326,855,193
321,209,199,136,99,155,337,328,866,193
195,152,293,218,152,205,383,341,888,193
415,311,161,136,108,131,305,308,876,194
260,180,175,137,103,136,329,286,852,194
572,377,190,132,94,143,353,400,940,194
153,145,117,86,82,111,328,20,625,194
467,352,146,116,90,115,324,325,778,194
662,374,405,289,201,294,510,590,916,194
388,252,197,160,117,151,334,454,840,195
335,241,233,168,124,182,304,464,946,195
396,271,217,170,126,161,253,344,939,195
466,270,262,193,136,193,310,608,798,195
480,346,162,127,97,127,300,345,917,195
224,163,217,171,119,155,218,323,729,195
605,415,150,120,85,111,319,322,890,196
502,328,226,170,129,175,335,536,900,196
357,187,343,281,172,211,345,659,816,196
412,204,231,169,104,152,480,396,910,196
365,255,204,154,121,161,376,396,935,196
226,168,170,132,104,134,236,288,907,196
421,247,226,173,112,155,366,517,920,196
337,288,135,103,84,112,246,326,827,197
338,263,167,123,104,142,313,339,880,197
309,231,154,124,99,123,298,297,909,197
425,317,140,104,83,115,274,329,929,197
528,331,303,240,163,210,385,631,897,197
559,356,168,130,84,113,307,288,983,197
617,373,274,219,145,191,306,307,976,197
613,342,500,377,238,333,430,670,963,197
729,420,390,306,203,278,501,562,933,197
427,262,237,182,126,171,340,571,927,197
422,277,180,139,99,132,345,335,895,198
509,366,429,303,229,334,511,562,811,198
522,402,147,108,87,120,301,312,927,198
321,194,225,172,119,161,252,580,931,198
594,351,237,168,109,160,368,514,933,198
300,221,206,159,118,157,297,339,965,198
326,223,186,137,92,134,326,311,886,198
315,219,162,121,91,127,309,333,875,199
331,257,171,122,100,141,310,316,952,199
587,388,280,220,154,203,360,594,966,199
210,162,208,158,117,162,361,300,916,199
536,382,224,168,125,175,341,364,896,199
461,312,213,171,131,166,314,304,919,199
377,290,277,182,130,210,388,233,912,199
527,268,232,192,98,130,562,1023,1009,199
314,198,209,158,104,145,317,391,900,200
307,202,196,156,115,148,321,338,870,200
343,240,194,137,99,145,258,349,924,201
495,353,212,178,136,164,277,357,939,201
477,262,329,260,171,233,405,690,884,201
505,335,214,171,123,162,326,460,958,201
577,319,293,223,137,194,431,595,949,201
455,317,206,154,113,159,345,414,919,201
583,409,211,154,114,166,340,325,919,202
638,374,311,238,131,185,283,705,919,202
402,252,185,147,113,145,459,344,915,202
404,279,242,195,151,195,387,373,908,202
400,235,348,251,163,241,379,555,856,202
398,292,179,135,95,133,497,64,427,202
618,332,396,280,167,246,401,664,891,202
214,154,235,174,127,177,250,410,896,203
601,366,368,242,155,250,342,458,943,203
461,268,351,231,151,245,300,593,867,203
596,370,314,225,147,219,351,517,952,203
547,346,256,187,124,178,358,556,908,203
628,447,229,171,129,177,384,378,932,203
616,387,280,217,134,185,313,670,936,203
467,295,322,235,147,216,363,598,915,203
578,359,293,223,148,208,377,603,904,203
230,167,129,104,85,105,229,288,922,204
620,441,209,174,136,166,369,313,908,204
376,235,152,123,83,109,310,333,874,204
481,345,169,145,109,129,317,335,917,204
565,365,285,197,130,200,336,562,907,204
315,238,161,120,92,126,241,375,924,204
353,254,140,111,90,115,327,333,910,205
516,384,166,124,96,132,344,329,863,205
273,187,222,166,118,167,94,552,800,205
533,341,353,254,173,253,323,511,972,205
460,263,300,251,159,203,375,623,878,205
375,254,177,133,108,144,437,312,923,205
477,350,176,145,105,133,358,174,916,205
348,228,138,110,81,106,316,340,880,205
346,211,275,215,142,193,380,639,869,206
507,320,220,155,101,155,247,429,950,206
408,286,172,135,104,135,340,324,907,206
451,337,170,121,100,142,365,306,920,206
352,220,302,230,166,219,176,630,880,206
629,439,248,180,128,186,317,550,870,206
228,150,196,160,109,139,260,302,952,206
403,304,204,160,125,164,335,416,923,206
529,303,303,246,151,196,386,667,958,207
548,374,185,133,95,140,368,269,929,207
494,370,153,123,97,124,370,336,896,207
524,330,280,197,138,202,311,342,942,207
365,311,216,152,139,197,372,147,804,208
251,161,156,110,74,112,263,306,911,208
493,307,280,218,148,201,331,451,963,208
426,300,184,149,114,144,315,318,929,208
262,213,196,143,114,160,374,2,183,208
430,250,244,193,131,176,339,527,897,209
466,312,188,124,91,148,338,386,793,209
367,269,118,92,69,90,249,299,832,209
307,216,203,145,110,160,309,394,857,209
537,345,289,213,149,214,420,250,948,209
409,188,270,218,106,139,351,559,946,209
516,311,375,296,178,242,417,668,743,209
476,280,122,99,64,85,268,620,981,210
474,327,203,169,118,148,336,321,856,210
296,199,194,153,101,134,297,333,948,210
262,219,184,139,113,149,280,290,940,210
196,133,174,127,90,132,176,402,875,210
614,436,174,143,104,132,366,340,882,210
330,253,98,76,63,83,221,185,942,210
372,264,148,119,88,114,309,332,943,211
284,220,148,130,105,121,246,337,877,211
426,229,292,211,139,207,473,448,930,211
401,279,161,111,78,121,311,322,881,212
424,319,118,83,73,104,361,188,864,212
502,267,422,322,193,274,373,591,994,212
464,249,422,320,205,265,81,1000,1003,212
668,467,258,216,161,196,380,468,753,213
267,160,307,206,131,202,324,424,943,213
517,349,277,191,129,200,431,473,941,213
674,402,281,220,179,234,502,309,926,214
410,331,296,208,177,253,400,55,807,214
438,285,270,219,137,173,285,568,937,214
312,210,160,124,93,126,321,259,810,214
218,172,167,127,98,129,270,346,970,214
700,427,409,306,192,281,364,641,1008,214
203,144,155,117,90,119,197,302,874,215
276,190,249,210,149,186,202,563,930,215
234,130,214,167,102,142,162,498,930,215
527,367,181,134,99,138,335,316,923,215
343,218,144,126,93,109,336,359,889,215
628,418,384,269,192,290,470,563,887,215
441,331,279,221,174,222,409,320,829,215
538,276,353,270,171,237,365,653,999,215
701,419,360,293,190,244,423,666,972,215
369,272,241,179,126,185,329,296,866,215
610,409,328,222,154,241,339,654,939,216
493,288,233,196,125,160,298,667,917,216
372,222,264,204,135,179,341,476,931,216
399,251,211,177,126,155,277,523,937,216
601,406,282,213,160,217,436,494,893,216
515,335,215,169,115,150,204,577,953,216
482,348,182,133,100,142,342,328,915,216
379,282,227,186,143,180,378,313,893,216
368,263,167,129,102,133,336,322,924,216
416,309,204,160,122,160,373,279,956,217
570,359,211,145,95,146,342,341,853,217
400,264,183,148,100,131,352,329,931,217
494,375,356,263,200,285,469,439,804,217
320,221,169,142,106,130,293,332,956,217
361,268,166,121,95,132,321,329,831,218
533,353,237,172,108,161,421,458,938,218
393,206,288,217,130,185,400,445,934,218
267,175,161,124,87,120,306,347,927,218
539,414,152,117,92,122,293,320,836,218
317,218,147,122,93,117,335,319,908,218
526,331,266,196,138,202,471,431,911,218
317,204,227,175,119,159,269,435,921,219
652,421,314,237,171,235,498,500,933,219
294,178,278,184,119,190,442,475,904,219
618,397,234,185,134,171,296,434,969,219
436,283,267,205,141,198,441,417,950,219
520,255,492,387,227,305,461,628,1023,219
376,215,253,181,120,179,346,483,884,219
563,339,290,240,160,209,390,412,930,219
487,350,149,106,82,119,318,313,755,219
347,233,190,150,112,146,317,330,920,219
314,187,326,249,150,217,357,619,928,219
477,373,166,123,99,137,329,313,882,219
346,237,144,109,81,112,282,331,881,220
451,262,278,229,150,192,355,512,912,220
228,166,121,91,69,95,313,314,871,220
657,403,307,228,144,213,402,594,720,221
401,277,180,145,112,142,330,362,929,221
322,197,196,148,107,146,503,333,924,221
560,388,252,190,133,183,315,541,891,221
589,361,289,206,135,205,361,581,972,221
457,275,235,181,123,169,516,411,940,221
572,402,201,181,130,148,276,308,958,221
680,410,251,214,142,175,382,548,878,221
475,276,285,201,136,203,482,679,837,222
556,356,292,225,152,206,432,322,865,222
315,179,258,192,118,167,238,584,964,222
463,276,248,178,127,186,427,431,916,222
508,291,230,169,108,161,375,377,949,223
378,215,272,197,131,194,371,675,919,223
705,427,334,261,178,240,480,499,992,223
725,450,307,250,172,221,407,547,910,223
526,348,281,208,143,203,349,678,937,223
504,352,171,129,94,133,334,334,928,223
435,256,208,161,99,137,328,345,966,223
330,179,324,251,144,203,351,665,980,223
535,316,249,187,132,183,309,597,891,223
421,291,179,127,88,128,269,316,900,223
521,360,250,214,166,193,344,325,929,224
352,249,214,175,132,164,417,354,861,224
256,183,184,133,94,130,176,472,884,224
473,355,157,134,106,127,277,327,912,224
659,447,260,198,139,193,341,501,943,224
536,330,270,192,136,200,408,549,816,224
248,204,209,161,132,178,378,1,211,224
689,470,245,200,149,191,373,438,913,224
502,276,261,194,122,173,396,544,860,224
690,406,402,303,195,282,439,547,875,225
339,225,156,121,89,120,316,314,690,225
657,442,271,200,140,200,382,468,965,225
503,356,216,166,130,172,364,393,929,225
356,225,219,176,118,157,256,554,932,225
329,249,279,199,153,223,328,317,926,225
393,274,197,157,113,150,299,302,770,225
425,298,153,119,88,115,270,309,933,225
413,238,192,140,87,130,400,432,952,225
508,304,284,199,140,210,401,657,714,225
278,195,160,118,86,123,305,316,867,226
709,384,333,256,149,212,407,754,975,226
413,220,348,258,157,232,377,622,987,226
305,225,188,136,99,138,251,297,935,226
423,224,223,172,119,160,505,348,927,226
431,310,227,180,137,178,283,443,928,226
210,156,135,88,66,108,270,313,865,226
387,226,194,155,103,137,341,330,977,227
425,237,323,265,167,217,358,581,956,227
453,333,206,160,133,170,319,357,927,227
303,237,238,190,142,179,152,545,924,227
364,269,245,182,135,190,331,306,834,227
364,261,176,139,101,135,308,335,922,227
637,388,317,227,158,230,471,600,897,228
543,354,238,171,120,175,347,567,937,228
540,376,237,189,151,200,394,399,929,228
339,204,225,170,119,164,323,290,928,228
651,432,266,208,145,192,354,491,921,228
658,410,315,255,176,226,372,667,1023,228
634,415,323,246,165,226,386,430,954,228
387,325,119,88,80,109,357,122,764,229
270,191,155,101,83,130,456,334,886,229
472,254,338,266,168,228,417,590,789,229
525,279,339,263,167,234,414,657,932,229
483,344,160,128,96,122,414,337,822,230
646,363,315,262,158,198,426,496,950,230
419,308,210,170,130,166,359,366,937,230
583,388,273,217,150,198,336,325,979,230
208,130,219,147,98,158,216,375,913,230
505,305,215,173,119,152,330,397,924,230
667,479,198,139,115,168,424,281,865,231
465,303,205,152,116,160,436,421,975,231
636,402,393,288,184,281,352,596,929,231
378,286,112,79,60,87,228,312,839,231
382,257,221,169,122,160,317,539,904,231
421,284,147,109,79,111,278,338,954,231
630,435,220,168,122,161,330,345,941,231
684,452,300,230,150,207,417,437,949,231
511,370,245,192,156,199,334,434,935,232
375,265,249,178,134,191,426,576,847,232
682,409,266,204,126,174,378,561,904,232
626,432,235,181,135,181,362,515,932,232
379,265,146,115,90,119,314,348,923,233
525,335,357,261,136,207,535,363,970,233
327,245,373,277,211,299,412,517,926,233
355,209,342,274,180,245,391,406,911,233
411,327,188,136,112,159,372,320,875,233
683,491,265,194,145,205,339,509,957,234
516,264,353,242,129,210,473,647,959,234
482,262,345,276,165,220,408,642,915,234
559,379,216,172,111,150,356,317,942,234
658,462,205,153,119,162,377,576,680,234
314,189,204,169,115,146,308,484,890,235
251,188,143,114,91,118,261,327,901,235
345,222,231,166,116,174,331,416,899,235
512,296,382,294,196,272,495,681,968,235
335,240,256,184,139,201,311,348,888,235
411,238,274,221,134,183,480,401,935,236
289,176,158,111,77,115,302,300,910,236
466,314,168,126,90,127,287,348,922,237
459,314,177,131,92,129,294,322,892,237
252,171,170,128,88,125,319,316,860,237
298,209,209,158,108,152,402,365,940,237
331,234,117,98,74,90,339,194,1023,237
633,409,359,288,199,263,367,531,960,237
439,230,415,327,201,271,427,516,1001,237
396,273,346,241,198,291,411,340,608,238
458,349,256,209,174,217,435,335,933,238
661,374,375,289,170,234,329,648,925,238
227,148,145,110,70,99,443,246,862,238
332,252,176,134,102,139,292,325,814,238
380,280,133,116,92,107,264,324,878,239
576,423,149,117,88,117,340,308,870,239
499,349,349,248,180,271,377,600,933,239
534,325,262,210,130,179,326,468,911,239
560,368,251,186,132,188,369,528,853,239
558,286,271,201,137,197,471,563,751,239
594,415,284,219,156,217,375,414,961,240
457,290,255,200,138,187,381,569,903,240
582,358,235,177,121,164,387,430,869,240
517,316,261,184,123,178,375,447,922,240
413,246,217,161,112,165,484,353,940,240
640,437,234,196,135,173,387,355,963,240
612,413,313,233,162,235,406,573,951,240
421,223,261,193,105,142,173,607,940,241
319,234,147,123,90,110,284,330,947,241
623,451,227,159,118,177,362,319,869,241
615,436,172,132,95,130,340,314,937,241
711,474,275,200,139,204,453,491,933,241
633,450,515,376,268,387,560,25,618,241
481,295,155,115,78,111,345,336,896,241
626,484,390,253,205,327,471,217,756,241
285,158,184,134,82,121,413,341,939,242
220,158,265,190,134,200,282,287,969,242
389,223,286,220,145,197,290,601,943,242
455,327,172,128,96,133,321,330,926,242
244,227,148,102,96,137,310,63,623,242
325,201,204,154,111,151,316,419,924,242
325,234,143,118,92,115,232,310,949,242
265,203,176,133,102,138,248,371,900,243
270,174,171,132,97,130,230,396,928,243
358,231,210,178,133,162,366,372,924,243
426,221,345,260,160,232,367,611,971,243
450,261,259,199,136,186,427,510,943,243
639,435,199,160,119,151,372,525,911,243
454,276,319,235,148,216,452,663,842,243
643,424,246,181,125,178,462,430,885,244
474,248,427,302,182,274,401,675,941,244
305,193,170,128,91,127,333,334,906,244
350,198,295,219,133,194,184,643,855,244
249,185,218,174,134,175,271,296,945,244
530,387,157,118,92,125,355,312,892,244
405,338,141,113,94,120,285,332,878,244
535,380,196,152,108,147,328,326,875,245
325,229,144,104,78,114,311,351,893,245
262,188,144,109,85,116,311,317,882,245
495,344,279,195,137,201,362,424,893,245
309,216,292,216,156,221,280,355,855,246
649,456,186,152,113,145,363,421,909,246
686,384,309,237,142,185,499,706,949,246
479,243,286,221,156,209,479,605,836,246
478,342,206,151,113,159,300,355,864,246
320,265,154,115,93,123,260,302,891,246
372,246,209,151,113,161,340,388,864,246
316,217,159,122,92,122,299,316,852,247
488,297,183,142,94,131,338,353,920,247
533,343,317,268,180,232,468,338,884,247
422,294,168,143,114,132,355,296,892,247
390,267,165,128,93,124,270,284,918,247
445,315,183,152,120,146,316,327,936,248
501,317,341,273,185,247,426,432,833,248
350,251,138,121,95,108,292,325,884,248
636,460,217,159,129,180,355,308,885,249
301,207,159,118,88,123,321,310,928,249
447,324,173,136,99,133,307,334,901,249
540,391,210,155,117,161,330,333,911,249
546,370,185,134,94,137,301,332,919,249
521,385,177,132,96,133,298,304,906,249
310,200,168,124,88,127,324,361,957,249
312,222,176,128,93,134,293,360,956,250
361,210,291,209,122,186,377,593,900,250
293,157,282,212,125,176,386,614,925,250
592,399,276,222,158,204,375,355,925,250
337,313,222,188,183,212,402,6,532,250
341,242,131,99,73,101,268,323,915,250
482,258,337,247,164,238,531,515,943,251
510,323,223,174,120,167,359,499,786,251
302,213,223,172,127,171,286,530,807,251
438,257,248,186,127,180,345,531,949,251
183,152,161,113,84,126,507,3,454,252
692,419,352,291,183,236,399,608,908,252
245,158,176,140,98,128,323,320,907,252
352,254,119,99,80,96,337,300,933,252
621,445,188,143,99,141,324,309,840,252
604,370,338,247,159,232,388,415,930,253
599,351,249,201,137,178,347,611,911,253
541,390,244,183,142,191,448,444,967,253
388,243,322,209,124,207,358,424,945,254
354,176,351,281,162,223,327,694,957,254
307,230,175,147,118,145,235,489,922,254
715,422,310,231,159,226,386,563,983,254
249,180,206,146,107,158,256,319,913,254
258,216,112,83,71,96,224,330,915,255
384,252,237,181,122,169,301,482,934,255
355,264,171,123,95,136,371,183,762,255
634,386,201,158,108,148,371,403,885,255
502,263,426,329,215,284,530,706,953,255
326,256,224,176,150,192,539,1,189,255
479,342,169,121,90,131,431,343,893,256
321,236,140,110,87,115,311,335,865,256
456,292,262,206,131,179,411,482,917,256
480,310,204,159,105,140,398,235,970,256
337,247,322,228,170,248,591,6,537,256
387,288,163,133,100,129,331,327,902,256
618,374,350,242,152,242,404,527,901,256
582,364,266,215,152,199,391,613,978,257
497,379,122,105,82,98,322,274,857,257
393,266,227,164,125,180,306,402,885,257
357,257,145,105,82,116,281,335,911,257
532,320,303,235,169,225,338,628,921,257
444,333,135,94,75,110,262,314,948,258
307,211,110,87,63,83,276,358,861,259
491,357,208,180,146,172,382,340,960,259
335,250,154,117,89,121,297,332,916,259
256,209,190,151,122,157,539,239,941,260
307,224,185,158,126,148,299,346,960,260
294,229,132,100,81,111,255,290,888,260
527,377,165,124,97,134,329,336,916,260
624,410,275,205,142,201,361,540,891,260
301,226,225,179,142,181,327,312,948,261
442,271,239,165,107,167,311,428,910,261
362,264,187,145,111,149,291,415,912,261
668,427,301,242,159,207,384,449,849,261
442,307,232,182,132,172,334,385,946,262
235,175,163,126,99,133,276,322,909,262
570,424,170,129,96,132,302,329,930,262
528,376,172,138,101,130,318,329,833,262
554,336,297,218,140,199,515,544,850,262
478,343,227,156,111,166,342,417,890,262
369,298,147,116,99,123,270,213,906,263
438,288,214,141,104,166,462,331,906,263
335,217,143,117,84,109,262,317,950,263
555,388,320,251,194,252,378,609,963,263
721,399,305,236,145,203,463,449,976,263
597,351,308,233,149,202,312,613,840,263
419,259,227,174,114,159,344,340,923,264
397,292,114,91,74,94,337,314,850,264
373,213,290,215,139,198,359,525,813,264
521,338,278,223,159,201,407,508,927,264
248,172,139,105,80,109,242,326,917,265
630,410,242,184,120,170,453,385,947,265
431,308,262,213,152,201,334,611,946,265
545,391,240,198,139,178,332,514,866,265
562,289,393,278,153,237,499,567,872,265
582,313,335,260,139,198,340,662,975,265
648,359,401,276,178,267,488,684,934,265
457,312,145,111,84,114,328,331,873,265
372,279,109,88,70,89,299,279,914,266
455,311,236,177,125,173,489,319,819,266
468,336,185,165,120,138,316,309,898,266
414,284,213,159,117,164,329,348,885,266
305,224,168,117,87,133,283,201,924,267
387,261,136,111,85,106,287,337,937,267
474,329,216,177,125,161,346,359,889,267
602,307,349,246,147,228,426,585,950,267
431,308,118,89,69,95,324,345,879,267
511,370,220,184,147,176,382,345,935,267
474,353,155,124,97,122,315,340,917,267
388,326,218,175,149,184,333,290,898,267
381,243,253,201,135,175,373,555,874,268
257,189,187,156,118,143,194,403,892,268
669,451,175,143,99,125,383,365,878,268
411,277,250,176,133,196,371,210,745,268
277,224,129,105,88,107,164,284,882,268
482,328,194,152,101,137,361,316,880,269
269,165,265,223,154,188,486,336,905,269
542,369,229,158,119,178,353,338,912,269
681,367,336,254,142,201,523,605,922,269
402,229,313,240,151,217,345,582,939,269
274,139,294,218,127,185,289,542,944,269
368,230,196,145,109,150,364,451,929,269
464,342,180,140,90,126,378,1,217,269
319,228,132,100,79,108,289,330,887,269
286,186,293,217,145,209,331,594,906,269
482,310,205,145,100,148,264,407,956,269
237,180,161,126,100,129,282,334,898,269
383,278,242,179,138,189,306,463,863,269
713,383,438,344,167,231,350,888,973,270
730,458,299,221,142,209,384,581,815,270
720,468,313,250,171,222,376,674,934,270
388,275,235,182,135,182,485,344,908,270
368,259,223,179,122,160,249,502,917,270
444,204,409,304,184,254,24,1021,975,270
294,193,208,158,108,152,405,335,917,271
653,369,338,229,138,222,419,554,946,271
423,307,130,107,74,96,289,333,923,271
459,278,306,226,156,222,369,540,872,271
375,197,275,206,135,187,472,600,957,271
376,198,295,225,142,205,325,618,975,271
580,317,332,250,149,220,417,692,775,271
334,218,156,128,96,119,294,325,944,272
485,365,286,207,155,220,480,428,957,272
462,350,159,117,93,127,307,330,881,272
309,191,298,206,134,208,326,492,933,272
588,339,383,308,188,248,380,828,941,272
243,179,162,130,100,128,199,313,897,272
407,232,363,259,167,249,384,662,944,272
483,328,187,146,111,144,415,143,890,273
303,197,181,137,96,134,317,291,918,273
428,244,281,213,139,200,374,634,821,273
538,339,313,236,171,233,358,514,866,273
386,260,193,140,103,146,319,325,933,273
314,218,242,175,119,174,166,508,948,273
407,222,197,145,89,132,427,441,932,273
485,332,232,172,126,178,383,362,748,274
281,210,264,205,136,187,489,346,899,274
418,307,127,94,66,98,281,311,882,274
224,182,128,96,78,106,239,273,929,274
619,425,253,201,151,199,377,492,909,274
643,362,392,273,161,252,376,649,926,274
279,178,228,183,128,163,185,596,903,275
462,222,361,260,148,221,565,552,906,275
438,252,268,223,163,198,457,459,944,275
530,298,374,278,136,205,316,607,922,275
512,375,195,165,131,161,348,355,950,276
467,292,256,200,135,174,515,492,940,277
469,315,224,169,119,162,304,568,941,277
641,335,523,407,253,360,598,686,962,277
201,152,205,151,97,136,516,442,916,277
675,420,296,243,150,194,308,654,958,277
423,338,183,141,115,154,326,326,885,277
491,369,174,133,104,140,344,333,864,278
448,332,210,169,133,165,266,292,946,278
716,453,247,192,126,173,401,386,923,278
652,365,501,371,192,281,453,900,983,278
254,211,118,95,79,100,354,27,659,278
420,304,189,137,103,145,318,327,930,278
627,443,192,144,107,146,318,408,961,279
488,363,212,161,119,166,305,316,858,279
449,345,148,125,101,122,274,325,946,279
297,210,194,141,103,145,275,324,942,279
640,371,253,181,120,178,429,554,919,279
409,278,206,161,122,162,335,392,913,279
677,421,215,172,115,154,382,437,891,279
309,214,170,131,101,133,366,305,783,279
553,358,240,185,134,185,382,280,792,279
483,314,322,247,170,231,345,630,892,280
353,258,249,210,160,198,326,347,787,280
539,330,310,230,159,223,394,362,905,280
545,379,251,200,150,193,415,354,788,280
564,380,191,144,104,143,319,288,809,280
340,184,243,198,124,160,363,421,994,280
577,313,375,275,122,186,375,694,972,280
448,314,174,136,100,132,412,323,860,281
335,189,216,181,111,139,299,465,863,281
341,209,230,177,118,166,362,357,942,282
359,251,171,137,99,129,313,364,960,282
493,331,206,172,130,159,363,366,908,282
202,161,131,100,77,103,243,142,930,282
470,358,265,206,160,210,472,362,882,282
493,333,235,162,114,173,356,399,918,282
365,245,207,166,116,151,339,415,959,283
468,340,171,133,106,136,353,325,903,283
382,240,230,186,130,166,369,403,947,283
619,391,310,226,147,213,414,577,850,283
342,262,201,152,121,160,298,413,860,283
337,242,212,166,129,169,363,344,865,284
413,292,148,116,87,114,320,271,878,284
666,436,211,154,109,155,381,480,866,284
694,468,242,176,127,181,333,421,919,284
390,276,198,144,110,155,334,315,951,284
432,315,232,152,110,175,307,276,835,284
284,212,185,137,106,146,576,1,179,284
606,363,382,323,217,267,415,498,964,285
523,402,131,109,87,107,323,324,865,285
636,414,429,343,236,310,399,540,955,285
424,257,162,137,95,119,401,331,951,285
612,361,420,299,193,292,501,680,921,285
698,459,242,171,115,170,441,325,953,285
401,278,184,138,107,147,336,360,865,285
642,420,259,195,139,197,383,531,841,285
181,154,223,157,141,199,458,2,212,285
472,343,187,146,107,147,355,270,909,286
717,448,290,224,151,205,385,604,763,286
199,144,202,149,110,156,325,301,892,286
373,227,339,244,143,219,363,620,928,286
392,231,185,142,93,129,320,289,954,286
471,322,239,194,145,183,379,367,821,287
585,366,234,178,120,165,375,490,904,287
268,187,200,146,109,157,313,338,945,287
508,388,129,111,88,106,245,331,935,287
484,349,136,95,71,104,302,339,917,287
314,230,179,142,104,137,278,309,863,287
482,300,236,186,131,175,458,383,943,287
363,204,372,311,172,224,527,40,736,287
399,244,231,192,131,163,319,459,934,287
316,193,259,197,130,176,218,604,922,288
377,265,209,168,126,164,289,403,849,288
665,419,252,177,124,187,384,530,868,288
423,317,182,135,100,143,301,311,932,288
439,242,271,212,134,182,344,543,954,288
246,164,197,137,92,141,380,330,958,288
678,360,373,270,155,234,344,972,984,289
251,178,191,142,103,141,291,330,879,289
495,320,180,142,105,140,438,335,904,289
438,320,185,154,113,143,328,338,901,289
295,206,187,133,101,148,301,311,934,289
622,453,117,94,74,94,328,328,911,289
372,285,195,167,129,156,328,340,929,290
471,258,318,244,125,162,235,738,999,290
619,343,370,287,183,250,424,641,899,290
676,466,277,231,169,212,403,400,882,290
561,387,273,228,175,216,374,465,945,290
689,371,330,223,129,214,380,601,969,290
491,323,259,200,148,197,348,379,917,290
719,425,335,242,143,213,400,458,896,290
612,386,300,222,133,180,553,343,939,291
278,191,233,208,148,160,384,1,215,291
448,312,178,137,107,139,466,369,863,291
311,172,166,135,84,111,437,273,898,291
339,249,170,126,99,137,290,291,863,292
563,393,201,136,103,157,356,362,781,292
468,316,176,138,95,127,344,495,686,292
482,332,264,206,149,196,328,396,978,292
411,293,346,253,200,275,314,642,922,292
672,429,348,268,191,253,495,661,891,292
274,202,142,111,84,109,216,313,928,292
511,325,366,281,205,276,501,662,928,292
269,205,238,234,197,203,433,3,418,293
732,439,260,221,157,188,486,467,937,293
535,333,422,292,190,284,380,657,973,293
475,285,116,86,59,83,219,648,913,293
431,251,318,257,167,222,397,659,937,293
492,346,187,145,103,141,347,343,885,294
554,339,316,248,161,219,370,458,974,294
629,369,344,268,166,229,431,638,851,294
502,309,373,288,213,283,453,530,925,294
530,361,246,193,143,190,421,419,705,295
538,371,205,161,124,162,417,317,756,295
333,207,219,191,134,160,299,507,978,295
239,226,113,84,81,109,369,1,195,295
248,183,205,158,123,161,305,354,929,295
433,291,183,140,102,139,308,361,871,296
397,310,105,77,61,85,259,332,889,296
398,226,380,278,170,248,451,559,741,296
489,283,368,256,147,230,408,656,910,296
687,437,299,223,155,221,453,609,922,297
533,368,223,176,129,170,390,338,936,297
631,428,224,186,134,168,338,313,953,297
475,334,142,116,88,111,292,309,907,297
204,157,144,108,81,111,197,310,893,297
473,299,305,229,150,210,342,583,955,297
395,273,217,157,116,166,358,354,877,298
305,162,217,169,103,139,423,471,848,298
334,209,191,144,98,132,366,340,795,298
422,267,193,156,110,141,271,473,906,298
500,314,135,107,75,98,489,353,877,298
304,200,212,166,117,152,432,352,936,298
510,296,373,279,160,238,413,568,928,299
263,191,171,130,96,131,252,289,890,300
529,362,288,223,185,242,501,481,942,300
336,229,192,148,110,146,283,365,908,300
268,202,301,225,147,210,610,5,558,300
303,195,198,143,90,130,323,430,925,300
662,461,164,128,98,129,359,354,863,300
546,286,267,202,118,173,387,595,990,301
257,187,196,140,105,148,329,321,916,301
573,392,137,116,85,105,336,322,882,301
298,235,141,108,85,112,220,278,882,301
320,217,144,109,81,112,206,283,900,301
403,254,325,257,175,234,372,489,931,301
348,231,235,187,138,180,296,580,825,301
560,278,498,369,197,302,233,998,954,302
622,411,214,184,134,158,347,509,858,302
677,381,307,216,136,204,368,642,912,302
502,271,147,107,60,88,177,607,964,302
403,266,224,178,128,166,366,371,934,302
453,320,151,109,84,116,353,334,853,302
632,379,303,236,161,214,471,511,848,303
342,245,283,217,161,217,342,654,948,303
566,365,255,194,134,186,362,380,919,303
463,324,187,133,93,137,321,320,891,303
722,481,281,219,157,209,377,468,899,303
443,317,217,178,130,166,316,430,929,304
449,286,324,224,147,231,418,645,937,304
506,277,423,320,191,269,515,674,987,304
575,378,277,222,156,203,394,448,897,304
594,407,250,194,144,190,380,402,936,304
459,281,264,214,131,173,448,498,936,304
590,342,474,378,243,319,418,1019,974,304
407,258,328,273,197,233,452,557,920,304
526,320,321,237,165,236,362,640,860,305
569,351,345,269,181,254,443,522,975,305
473,296,228,184,122,164,359,445,918,305
501,388,226,176,140,181,414,316,869,305
403,239,273,232,160,195,361,602,938,305
211,199,110,84,84,108,330,1,217,306
349,217,340,239,158,235,372,573,925,306
571,315,617,435,210,311,391,970,1012,306
300,240,129,91,75,105,257,337,879,306
654,455,188,147,101,131,485,1,157,306
685,456,214,168,115,155,325,513,947,306
444,236,348,265,157,224,422,678,907,306
390,236,277,207,130,184,350,573,922,307
631,368,301,229,143,207,490,445,824,307
458,303,303,202,138,222,336,500,925,307
596,400,295,211,145,212,354,346,943,307
293,202,208,152,110,159,246,325,949,307
360,274,150,109,87,123,336,332,806,307
262,196,172,134,110,143,305,328,885,308
510,269,344,253,150,219,395,684,997,308
417,270,256,182,122,180,441,344,944,308
350,224,241,192,132,176,315,497,968,308
457,359,136,95,76,112,285,336,874,308
345,201,270,205,132,186,271,568,876,308
426,325,176,137,113,147,326,308,858,308
524,412,182,135,113,154,371,347,671,308
292,228,194,140,108,153,263,302,885,309
299,190,283,207,125,179,94,607,953,309
502,315,250,195,130,182,373,366,937,309
384,279,239,170,130,191,305,415,924,309
405,282,244,178,128,181,459,331,968,309
412,213,329,275,151,197,422,647,847,309
334,201,231,166,108,167,323,398,941,309
421,272,189,167,127,148,321,355,957,309
706,438,216,166,108,149,391,383,943,309
374,264,223,174,122,165,271,397,854,310
571,378,232,178,136,180,364,463,896,310
415,341,100,97,88,89,298,206,891,310
507,300,306,214,137,202,320,682,956,310
506,343,225,171,125,172,331,291,889,311
488,362,173,140,114,144,335,309,901,311
572,434,164,130,99,128,315,332,951,311
411,294,163,121,92,127,315,323,804,311
629,432,600,393,243,400,580,42,718,311
370,304,197,141,124,172,394,91,672,312
606,435,141,99,79,116,396,174,898,312
380,261,167,128,92,127,284,308,935,312
212,146,183,142,101,132,204,302,917,312
249,146,196,141,99,143,416,312,881,312
324,229,161,125,92,121,334,259,937,312
654,433,256,194,131,184,350,493,973,312
656,421,237,174,120,178,402,381,939,313
557,349,226,173,118,164,365,475,903,313
435,297,252,197,145,193,360,489,917,313
613,424,233,162,108,168,394,569,944,313
301,194,115,95,65,82,225,318,918,313
462,251,314,236,139,207,415,602,851,313
401,238,220,167,110,159,331,509,894,314
332,203,258,196,126,178,358,511,882,314
519,278,363,279,166,232,373,660,975,314
465,331,191,147,111,151,338,390,904,314
579,358,245,185,127,175,438,368,895,315
412,238,299,220,141,206,374,543,746,315
389,247,147,116,81,103,288,341,916,315
399,309,105,78,64,88,268,320,891,316
488,353,180,148,112,140,333,345,885,316
387,266,246,169,112,178,349,323,878,316
379,267,145,128,98,114,324,315,936,316
397,236,179,139,97,129,328,412,847,316
713,409,294,243,155,199,385,660,887,316
265,215,199,142,118,165,271,316,884,316
257,153,225,163,114,167,305,364,875,316
464,346,192,151,112,147,347,333,937,316
473,338,153,118,86,114,346,316,904,316
304,210,194,138,99,144,283,338,935,317
584,418,188,140,99,144,310,312,891,317
678,417,354,274,182,251,424,582,975,317
334,228,132,100,71,100,267,334,906,317
634,330,418,312,154,224,549,610,944,317
607,481,209,147,129,184,413,216,683,317
536,319,347,258,159,237,421,653,884,317
600,363,255,196,130,178,363,485,951,317
454,298,197,164,116,145,336,434,952,317
474,314,260,196,132,185,324,507,948,317
492,329,208,177,145,170,388,338,892,317
352,204,186,150,104,137,327,512,911,317
705,432,357,248,162,250,405,493,905,318
704,428,276,224,146,189,324,642,934,318
228,194,107,80,76,101,334,47,729,318
461,288,281,205,145,205,347,527,925,318
428,329,100,88,73,82,271,329,894,318
413,280,194,153,116,148,455,343,888,318
297,180,242,197,136,173,331,388,890,318
503,337,236,188,136,174,388,363,930,319
482,283,335,265,156,212,331,659,944,319
570,323,322,265,174,221,502,590,926,319
497,355,156,116,86,123,323,322,913,319
356,239,167,132,93,126,301,391,883,320
495,304,272,195,135,194,390,531,893,320
375,214,287,223,142,188,279,579,962,320
360,291,120,83,70,105,334,110,898,320
460,313,158,127,87,112,327,330,937,321
381,294,188,125,96,149,300,332,918,321
342,168,271,203,146,202,434,671,911,321
527,355,283,211,141,198,364,400,903,321
530,334,397,274,178,267,458,582,939,321
730,479,268,192,127,191,482,367,932,321
623,431,279,235,176,216,361,402,910,321
646,415,227,174,135,180,462,357,847,321
542,386,144,106,85,117,438,1,205,321
468,334,204,169,131,159,312,331,974,322
585,398,164,119,89,129,380,370,900,322
408,243,176,129,88,127,328,359,967,322
421,327,213,157,123,174,293,335,869,322
372,213,288,225,147,197,367,615,935,322
542,355,270,207,137,192,276,447,917,322
661,437,245,183,128,183,399,370,930,322
486,318,242,173,136,196,492,461,934,323
434,269,205,151,96,141,321,322,959,323
428,312,183,147,114,143,306,330,924,323
284,220,154,117,94,123,282,314,843,323
506,323,343,252,175,259,427,611,892,323
334,208,151,110,75,106,388,678,907,323
332,237,185,138,103,145,338,327,922,324
527,327,287,217,147,206,430,445,933,324
405,256,186,142,101,137,336,342,929,324
367,331,242,178,172,231,464,2,150,324
327,192,319,250,167,224,179,680,821,324
482,342,200,154,113,155,307,467,884,324
342,233,144,118,86,108,303,333,738,325
339,216,215,167,114,151,296,480,873,325
508,293,319,249,159,219,306,598,973,325
613,387,207,163,112,147,368,383,939,325
277,187,164,122,92,128,350,318,852,325
386,265,203,156,110,155,343,337,856,325
310,223,116,93,73,95,284,332,925,325
530,400,155,117,94,128,261,326,941,326
412,245,258,182,121,181,358,476,900,326
407,300,179,140,117,149,357,334,893,326
592,397,389,285,174,258,301,653,977,326
265,232,111,88,81,102,303,106,689,326
295,219,135,104,76,102,279,318,928,326
675,438,394,255,170,286,509,593,881,327
639,407,316,226,149,220,324,536,935,327
306,222,182,133,100,141,330,336,877,327
370,265,160,113,94,136,402,351,924,327
581,348,182,137,90,124,380,387,786,327
608,416,326,266,180,231,359,461,920,327
415,275,251,180,116,181,346,561,868,328
600,358,250,192,125,169,597,529,1023,328
499,266,357,264,154,232,424,633,906,328
404,285,214,166,136,175,342,328,917,328
145,134,160,118,113,151,330,1,217,328
621,321,375,277,159,234,429,662,1005,328
321,184,341,252,159,229,280,520,989,328
440,339,159,114,100,139,345,195,683,329
236,183,143,108,83,113,393,344,890,329
530,356,262,191,133,191,490,376,922,329
375,270,133,95,74,107,273,304,898,329
596,444,268,199,158,214,465,164,756,330
538,416,120,92,74,98,306,345,840,330
387,254,186,130,96,143,329,343,857,330
465,330,256,198,143,197,385,344,943,331
622,418,161,121,88,123,345,347,886,331
440,263,443,358,233,298,489,558,889,331
354,228,233,162,113,171,292,474,890,331
346,280,104,82,65,84,245,293,920,331
539,385,163,129,91,118,346,312,913,331
480,317,282,229,148,187,289,657,899,331
462,314,187,141,100,139,361,431,875,331
543,291,290,227,135,185,453,631,846,332
666,435,286,224,142,190,396,470,846,332
396,280,238,178,141,193,408,315,931,332
271,184,226,175,131,179,381,291,912,332
337,246,172,133,103,136,380,231,902,332
360,312,173,113,103,159,385,61,642,333
374,292,116,95,79,97,298,270,823,333
356,301,276,196,184,255,400,86,813,333
349,280,134,100,81,113,293,319,795,333
477,324,163,132,96,124,416,331,890,333
459,342,216,159,118,168,298,291,885,333
473,360,179,135,104,144,371,308,917,333
636,445,215,170,125,165,389,328,894,334
407,292,169,133,98,128,312,299,855,334
399,277,228,181,121,164,292,450,968,334
310,212,233,196,137,167,337,499,879,334
310,222,238,167,120,176,266,378,890,334
505,380,245,199,167,206,421,421,888,334
426,210,250,186,114,160,316,618,861,334
325,216,193,156,116,151,339,321,929,334
376,257,235,197,153,183,307,576,713,335
258,205,159,114,87,124,316,317,875,335
492,400,136,110,90,113,290,333,844,335
622,406,199,165,115,145,303,427,967,335
417,314,178,136,105,137,250,414,907,335
478,313,170,133,96,127,443,330,865,335
378,284,190,144,121,159,324,321,828,335
340,226,180,135,93,131,349,306,778,335
244,163,256,200,127,178,104,612,921,335
285,171,213,166,117,160,350,314,985,335
392,232,266,212,143,190,466,456,946,336
399,260,296,218,149,216,444,426,886,336
363,193,388,294,176,256,374,664,998,336
682,417,366,284,209,279,486,517,874,336
376,242,257,191,127,188,389,555,828,337
262,177,116,90,65,87,271,300,937,337
287,196,292,207,146,213,536,329,922,337
458,254,388,316,187,255,347,702,971,337
392,304,135,103,75,103,258,283,924,337
499,366,304,219,168,236,489,498,823,337
664,410,287,224,159,209,351,604,940,337
513,370,224,172,125,172,347,326,916,338
324,273,132,93,77,113,452,359,897,338
330,248,155,127,106,129,320,318,745,338
221,194,111,89,72,93,404,2,205,338
656,453,196,157,115,148,385,319,867,338
595,409,276,213,149,200,355,573,960,338
509,281,344,260,169,234,368,636,913,338
575,363,316,257,180,222,331,647,900,338
603,408,249,194,140,194,356,333,911,339
246,168,130,96,69,98,264,319,894,339
336,255,228,168,134,187,461,330,810,339
546,371,232,187,121,160,284,534,803,339
674,390,335,252,168,225,513,475,897,339
671,450,172,129,92,128,371,346,876,339
727,451,394,301,192,276,406,511,940,339
463,292,279,176,114,191,477,409,855,339
289,207,146,114,87,115,312,328,849,339
580,404,201,162,116,148,330,488,913,339
270,180,151,123,93,116,313,305,896,339
503,277,306,228,150,208,523,560,839,340
427,313,229,170,137,183,491,327,930,340
608,422,296,207,146,217,369,468,873,340
424,305,212,165,112,156,293,298,912,340
649,364,338,247,141,207,354,621,965,341
253,216,111,85,73,97,161,316,892,341
410,227,285,223,141,190,354,569,977,341
270,195,187,152,103,132,278,312,934,341
421,323,116,92,72,94,273,336,923,341
326,218,163,109,73,117,339,356,942,342
701,427,343,260,171,243,404,590,921,342
332,237,157,118,93,126,277,314,932,342
302,208,157,120,93,124,292,331,884,342
427,311,169,130,99,133,317,318,854,342
476,302,320,250,192,249,473,652,916,342
217,156,176,134,98,138,148,331,751,342
451,300,185,142,102,140,368,308,749,343
716,420,240,195,117,154,365,556,900,343
348,227,183,154,113,138,354,342,762,343
347,241,161,123,91,123,304,329,944,343
396,271,214,162,118,163,369,199,937,343
504,342,204,168,127,156,324,426,879,343
683,453,298,242,176,224,355,638,931,343
392,254,207,149,106,155,313,350,936,344
405,288,147,113,90,120,244,318,916,344
572,388,258,204,135,184,296,294,973,344
284,186,284,210,138,197,279,530,961,344
525,350,434,320,240,335,472,539,929,344
450,340,150,107,83,119,290,321,944,344
323,200,207,155,114,155,408,471,904,344
466,354,155,123,97,125,278,329,910,344
485,295,258,196,131,181,364,552,946,345
559,420,168,123,96,133,343,323,918,345
447,330,202,152,113,158,330,382,801,345
474,283,247,195,135,182,385,421,884,345
348,276,170,135,111,144,336,324,907,345
338,258,145,107,79,111,231,319,918,345
598,438,185,150,114,143,322,327,918,345
439,281,235,163,129,187,436,327,887,345
705,419,214,164,116,159,416,348,951,345
467,302,269,202,143,198,350,645,705,345
186,137,160,127,94,125,268,296,921,345
627,439,174,126,94,136,293,321,882,346
279,192,196,151,102,142,327,332,958,346
465,328,189,145,110,147,365,331,929,346
429,231,286,230,159,203,422,524,868,346
626,317,142,116,64,86,380,583,975,346
674,383,343,279,181,238,403,660,973,347
375,194,370,266,149,225,390,525,919,347
546,411,125,103,81,99,308,335,910,347
605,438,214,164,122,158,292,338,924,348
413,199,282,212,118,168,361,695,975,348
600,406,327,256,165,227,517,463,810,348
485,230,434,341,213,276,247,857,985,348
566,369,271,197,135,192,363,459,882,348
509,363,193,166,129,153,346,326,922,349
192,141,187,143,104,141,221,344,945,349
450,288,206,152,98,143,302,324,950,349
354,271,201,163,130,164,424,371,896,349
536,344,282,210,147,204,350,563,859,349
551,345,127,94,57,85,198,642,980,349
291,178,369,276,169,249,399,580,919,349
356,262,123,105,83,97,273,302,919,349
724,448,262,200,139,195,407,631,887,350
447,241,334,261,150,215,347,567,967,351
488,277,347,260,190,260,544,476,859,351
482,365,145,107,84,117,298,327,910,351
541,337,135,108,67,91,320,320,919,351
315,208,185,129,92,134,315,322,905,351
448,263,189,139,86,120,303,327,970,351
416,241,247,214,143,172,382,450,830,351
451,319,183,145,99,134,463,277,926,351
417,303,146,115,89,117,278,319,944,351
657,434,310,219,159,229,398,444,911,351
488,289,317,218,133,210,396,577,860,351
411,309,303,216,176,252,422,146,840,352
647,388,523,424,252,333,506,7,458,352
421,286,171,140,108,135,334,382,924,352
551,403,134,108,87,110,369,293,805,352
598,339,293,231,155,208,437,560,920,352
456,275,272,211,126,179,315,617,949,352
211,174,194,137,111,161,531,5,521,352
296,204,134,98,74,103,282,334,831,352
340,238,207,163,123,163,352,335,888,353
599,367,285,220,141,204,379,440,938,353
458,279,333,275,184,236,295,827,926,353
395,254,330,247,134,195,339,551,939,353
593,397,208,159,116,161,344,506,916,353
261,193,144,111,83,112,274,327,900,354
680,414,505,397,208,284,464,766,981,354
441,278,147,117,79,104,209,784,977,354
713,488,253,193,144,190,365,418,898,354
308,188,314,231,142,208,321,554,956,354
522,361,197,151,109,148,364,297,884,354
474,278,380,294,183,251,401,635,868,354
351,262,158,126,98,124,353,216,883,355
357,247,206,152,111,157,337,360,830,355
527,319,301,235,158,210,346,634,911,355
351,252,205,155,109,152,308,320,885,355
463,327,180,141,116,149,480,336,862,355
481,349,206,169,136,166,355,400,959,355
565,305,381,268,163,243,520,693,883,356
533,317,294,229,150,202,330,630,916,356
577,380,151,125,86,111,377,354,915,356
663,401,498,384,173,256,236,644,902,356
647,441,226,163,112,163,351,320,944,356
681,356,736,558,237,359,493,960,943,356
542,378,150,118,83,112,441,655,903,356
463,351,183,138,108,148,278,324,913,357
548,381,271,201,154,216,353,365,910,357
700,427,284,221,142,194,352,626,958,357
207,157,185,150,114,146,272,311,906,357
681,442,272,206,141,195,410,458,960,357
555,305,350,260,160,233,378,591,957,357
298,179,186,142,101,136,421,341,902,357
449,248,296,224,135,194,381,544,910,357
324,213,197,140,97,144,249,398,881,357
542,334,440,331,212,293,360,628,989,357
397,282,194,147,106,147,453,320,944,358
500,308,437,345,225,303,460,484,904,358
305,234,179,126,96,140,281,304,883,358
517,381,150,112,81,115,288,293,912,358
515,303,357,263,161,232,413,643,929,358
583,390,189,146,100,136,358,343,879,359
369,239,187,157,110,135,312,326,939,359
481,318,223,185,130,163,361,361,934,359
335,255,144,102,90,130,328,333,890,360
537,348,238,183,129,173,371,484,1005,360
413,253,295,217,142,212,357,472,898,360
352,203,231,171,110,159,343,455,965,361
403,252,218,164,118,163,294,411,942,361
534,296,266,217,118,156,518,336,948,362
436,249,192,140,94,136,336,394,971,362
564,374,234,199,135,168,348,312,931,362
391,279,230,175,120,167,348,308,923,363
503,259,248,201,124,163,393,592,907,363
727,478,209,172,120,151,378,534,853,363
588,403,420,369,277,320,432,385,849,363
358,243,183,148,110,146,417,286,878,363
525,304,367,294,170,230,420,672,948,364
346,232,143,112,77,104,557,2,476,364
315,222,148,115,84,112,276,332,894,364
494,353,202,160,125,161,316,452,893,364
344,239,164,132,98,125,354,352,779,364
401,303,162,123,90,127,245,257,857,364
519,283,294,213,141,204,511,484,853,365
317,171,383,276,156,240,405,597,950,365
408,261,182,144,99,132,343,328,889,366
484,292,320,251,144,202,508,386,832,366
311,272,145,117,106,131,364,329,801,366
367,268,131,113,89,106,268,333,909,367
227,147,186,143,104,144,276,318,952,367
643,441,239,202,149,180,329,444,933,367
629,442,343,239,193,285,507,225,732,367
636,422,307,249,160,202,299,645,928,367
481,288,273,206,131,182,528,350,523,367
547,384,201,149,110,155,307,483,903,368
351,194,243,183,117,163,262,656,905,368
393,247,254,202,138,181,341,491,857,368
693,456,271,213,150,203,383,512,929,368
236,175,158,119,87,122,251,327,922,368
426,315,160,124,97,127,344,329,918,368
400,312,170,139,117,141,245,271,905,368
470,278,228,167,108,151,347,484,952,368
397,273,204,168,131,158,404,326,951,369
517,268,262,201,122,169,388,647,938,370
569,409,228,192,133,165,353,365,944,370
492,350,212,167,120,158,319,318,955,370
529,354,281,222,176,224,521,610,901,370
304,232,133,118,95,109,286,300,940,371
473,312,171,125,88,123,372,324,930,371
374,199,373,289,188,255,434,612,979,371
228,173,200,157,116,153,209,426,892,371
377,278,211,149,107,158,277,308,927,371
612,349,331,248,147,216,415,657,967,372
583,326,162,126,75,105,383,631,905,372
344,244,127,95,68,95,471,9,593,372
701,387,572,382,217,340,550,989,918,372
375,247,161,127,85,111,267,318,919,373
493,317,211,155,108,155,360,331,914,373
532,370,205,168,120,145,361,366,952,373
468,345,207,158,115,161,272,433,950,373
340,248,165,136,103,127,316,336,911,374
429,320,215,152,119,168,316,313,873,374
669,379,490,365,207,293,405,816,987,374
504,315,185,141,96,133,361,529,882,374
484,259,298,208,129,205,398,622,904,374
507,279,221,173,104,146,352,558,925,374
642,417,241,167,122,183,401,627,648,374
563,383,262,193,127,184,331,343,950,374
390,255,230,201,154,175,311,557,940,374
338,194,220,160,105,154,215,605,873,375
332,274,108,77,61,86,298,249,760,375
491,331,156,140,104,116,309,328,904,375
293,210,216,156,118,169,275,353,918,375
344,268,155,119,90,123,295,316,897,375
192,158,211,158,132,177,370,112,890,375
416,257,266,203,127,179,290,619,832,375
587,338,231,178,111,155,350,353,799,375
287,253,138,108,97,122,320,1,225,376
489,360,151,119,93,118,321,324,839,376
617,353,309,245,156,205,431,581,920,376
228,144,265,189,128,188,238,543,962,376
260,196,110,90,70,87,281,322,892,377
608,458,159,125,98,129,342,350,893,377
522,305,300,228,140,199,306,616,923,377
308,245,128,101,87,110,225,339,916,377
612,334,355,266,168,238,397,633,890,377
359,245,170,145,107,135,272,324,939,377
672,390,337,261,171,225,417,616,910,377
687,435,288,218,146,205,394,478,733,377
493,364,116,74,57,95,363,168,787,377
456,296,259,191,139,200,282,602,899,377
337,195,457,343,169,258,209,1003,994,377
301,251,130,90,77,112,384,10,670,377
411,252,168,137,99,123,319,404,730,378
646,425,250,218,161,193,340,451,952,378
493,304,308,236,156,213,386,577,967,378
703,490,241,195,134,170,389,446,876,378
510,316,238,171,108,162,336,420,927,378
621,372,326,234,138,209,378,545,883,378
557,397,159,119,86,123,310,317,927,378
558,389,165,126,93,124,345,336,821,378
529,359,286,220,151,204,357,512,926,378
572,390,202,172,121,145,321,510,868,378
476,306,205,151,104,151,336,372,944,379
636,390,334,267,183,239,393,620,884,379
497,356,221,161,125,174,276,529,916,379
298,200,173,138,98,124,215,281,917,379
348,185,304,216,126,194,352,426,976,379
650,386,309,257,158,213,398,528,971,379
334,258,196,149,117,156,202,451,791,379
688,479,197,146,115,157,308,656,949,380
531,287,306,226,135,200,391,692,947,380
258,167,234,194,132,172,237,479,920,380
459,338,176,132,111,146,383,339,889,380
250,201,139,109,88,112,203,381,868,380
497,352,195,150,120,157,341,319,938,380
710,431,369,280,185,255,353,536,951,380
437,311,166,126,95,131,267,327,910,380
469,313,240,188,123,169,333,367,942,380
573,422,283,193,144,225,458,224,802,380
346,242,199,162,117,147,363,333,893,381
673,442,300,210,158,236,377,471,882,381
579,391,266,195,145,206,350,433,926,381
348,233,158,109,69,109,265,312,946,381
571,343,186,152,91,117,350,459,942,381
614,420,210,164,119,158,364,303,926,381
470,249,282,220,131,177,236,586,940,381
638,364,376,269,156,232,400,724,874,381
549,375,238,199,138,171,342,530,863,381
502,278,326,231,136,208,434,692,935,381
559,333,253,196,100,140,485,342,975,382
433,316,183,161,128,145,327,349,864,382
670,441,232,192,145,179,416,322,906,382
238,220,101,75,75,98,337,1,221,383
602,332,344,252,145,219,361,652,946,384
408,297,206,172,132,166,586,1,222,384
286,188,112,87,62,83,249,332,905,384
585,418,156,130,95,116,359,331,904,384
508,328,234,185,120,165,381,385,962,384
548,359,277,209,143,201,467,385,880,384
404,288,159,125,92,121,261,364,945,384
453,327,254,191,151,206,474,343,933,385
558,330,593,426,231,349,512,575,975,385
681,467,240,185,135,179,373,486,930,385
604,362,285,210,143,208,388,593,929,385
563,334,288,218,136,196,388,653,910,386
468,345,130,101,75,100,285,337,871,386
601,368,235,180,134,176,522,344,910,386
379,224,210,163,107,146,326,401,939,386
597,435,204,159,114,155,329,314,945,386
419,296,210,169,125,159,284,380,948,386
491,337,187,150,106,136,254,312,968,386
455,296,247,186,130,185,358,313,960,386
478,326,254,191,137,186,389,511,914,386
383,257,182,148,115,140,393,380,888,387
427,243,146,111,57,84,329,641,1011,387
407,232,246,195,130,171,335,548,945,387
594,384,244,196,136,179,337,555,937,387
311,210,227,177,131,172,299,406,957,387
416,304,162,115,80,121,331,344,889,387
526,330,279,187,121,195,304,394,917,387
342,235,210,158,117,162,331,364,905,387
344,248,131,104,81,105,301,336,914,387
682,371,453,338,202,287,478,527,957,388
621,424,257,198,157,207,365,410,924,388
363,227,263,198,143,193,300,494,958,388
273,170,228,174,118,165,281,479,900,388
505,360,179,157,119,142,338,334,885,388
571,384,177,128,96,138,360,330,948,388
268,168,312,239,164,221,242,625,954,389
417,242,324,248,159,222,403,688,922,389
610,322,483,380,206,276,414,899,972,389
343,255,147,125,88,107,248,309,915,389
416,300,190,146,110,148,406,338,914,389
690,440,277,190,124,195,376,460,968,389
414,281,185,127,91,140,272,311,925,390
326,213,147,107,78,113,256,336,920,390
563,336,202,160,110,147,382,519,940,390
527,394,159,120,92,130,290,306,916,390
590,417,254,185,136,192,450,395,856,390
413,208,195,146,97,136,458,344,955,390
299,212,186,143,108,140,180,456,895,390
553,389,209,144,102,159,360,300,889,390
681,435,334,233,164,248,403,455,969,390
411,304,179,141,117,149,321,328,918,391
212,147,207,152,106,148,321,303,887,392
452,264,197,138,85,136,389,379,760,392
496,291,324,236,139,205,371,532,991,393
404,250,322,236,156,223,363,568,889,393
582,366,214,167,121,158,478,324,911,393
349,252,175,144,116,145,362,355,928,393
650,415,314,201,152,246,438,230,881,393
269,202,219,161,122,179,305,333,945,393
413,265,268,219,173,216,435,677,966,394
426,254,246,183,123,176,366,400,937,394
681,393,448,348,211,284,348,852,974,394
724,433,329,260,167,224,444,630,923,394
542,267,392,302,156,220,347,812,984,394
650,415,229,191,122,155,342,327,917,395
377,241,226,163,112,169,369,488,889,395
309,247,179,128,105,151,249,280,879,395
343,248,169,124,96,136,299,349,863,395
447,278,199,144,99,143,331,400,934,395
606,432,173,140,97,130,348,308,900,396
401,266,221,166,122,167,305,312,940,396
644,455,224,165,135,185,412,382,843,396
352,274,227,171,142,191,343,415,863,397
400,237,208,162,104,140,296,475,843,397
586,382,175,135,98,131,380,302,949,397
304,221,180,127,92,136,310,317,857,397
354,210,248,203,139,178,323,538,950,397
607,409,269,207,140,192,273,428,972,398
147,147,143,101,96,131,371,2,196,398
308,228,166,122,93,132,300,284,938,399
515,307,294,242,170,217,435,509,932,399
496,354,204,144,109,160,368,343,876,399
321,188,279,221,132,187,309,490,910,399
551,370,277,196,143,209,449,395,893,399
718,490,257,190,137,192,439,506,946,399
526,351,196,151,117,155,435,317,919,400
251,153,219,158,109,160,315,365,978,400
293,197,199,152,109,149,186,554,882,400
460,297,269,190,126,190,302,503,924,400
600,395,220,173,130,168,380,411,911,401
613,428,213,172,131,166,393,308,818,401
262,179,310,226,160,224,168,637,966,401
581,317,264,201,138,189,459,558,957,402
495,327,251,207,135,178,448,328,899,402
701,381,325,238,138,205,507,631,894,402
210,155,201,167,120,152,180,461,869,403
512,414,137,111,94,117,330,272,798,403
596,404,332,259,167,234,393,488,920,403
416,254,286,246,164,197,437,666,979,403
461,352,148,129,104,120,301,330,909,404
378,271,132,114,88,103,267,324,939,404
449,310,255,195,136,190,359,381,940,404
713,467,287,227,157,207,361,562,923,405
489,249,317,260,143,193,431,679,855,405
510,303,304,223,151,218,335,467,953,405
382,267,123,95,72,96,301,346,882,406
510,354,193,159,119,148,329,365,889,406
340,207,237,193,136,174,260,523,925,406
410,285,174,130,98,134,324,313,930,406
376,216,334,252,162,234,387,417,967,406
352,194,280,226,139,182,191,557,936,407
432,322,149,116,87,115,347,321,864,407
720,396,572,452,249,332,439,1023,1008,407
370,220,382,267,159,250,363,539,951,407
582,426,268,206,151,200,334,395,897,407
270,207,202,149,113,161,284,359,866,407
495,362,144,113,87,115,329,316,775,407
556,404,108,90,68,84,310,296,900,407
511,382,371,249,183,285,615,5,565,408
368,188,317,243,148,205,358,684,956,408
334,247,237,179,139,188,315,313,940,408
188,154,180,150,119,142,405,130,896,408
460,304,183,139,106,142,368,349,877,408
192,133,186,151,112,140,481,126,920,408
367,265,162,121,94,127,304,315,926,409
395,283,126,98,75,100,286,322,907,409
447,331,169,130,98,130,289,331,869,409
528,325,190,150,101,134,322,368,926,409
482,312,212,162,118,161,357,319,890,409
346,241,200,167,114,142,414,340,918,409
384,273,194,138,99,146,322,323,914,409
422,328,134,101,79,108,229,294,911,409
257,150,233,183,117,160,325,341,961,409
304,208,226,185,138,172,335,285,875,410
491,299,256,208,130,175,363,477,972,410
468,269,236,181,117,166,382,513,906,410
371,272,183,135,102,142,323,329,881,410
217,147,154,117,89,117,232,326,911,410
394,265,220,168,119,165,328,337,941,410
694,444,228,187,125,167,369,415,954,410
397,264,222,167,120,164,252,470,949,410
504,331,272,216,143,188,366,677,955,410
535,334,290,221,139,197,473,480,968,410
386,245,273,215,147,196,261,301,935,411
498,377,189,142,107,149,292,327,895,411
382,289,289,194,136,213,460,431,807,412
348,228,227,163,111,167,267,462,896,412
324,224,219,166,112,155,360,319,871,412
402,262,253,208,138,174,340,320,941,412
344,230,155,118,86,118,266,318,943,412
509,306,294,210,136,205,372,515,961,412
450,322,186,146,105,139,380,328,868,412
676,396,406,292,149,224,415,689,971,413
622,409,284,222,152,212,445,442,904,413
561,364,238,180,134,182,376,391,922,413
590,314,358,229,127,220,387,643,932,414
610,393,272,202,131,189,403,583,933,414
394,282,220,166,123,169,331,384,936,414
523,314,198,151,113,153,446,349,893,414
646,437,289,236,171,217,387,593,941,414
572,376,300,210,142,208,358,395,960,414
368,213,302,246,172,217,364,622,948,415
486,317,206,153,105,148,424,327,953,415
476,247,282,215,121,169,476,644,936,415
602,375,196,156,111,144,419,539,959,415
577,366,259,190,133,189,385,525,905,416
586,428,224,192,154,181,354,313,965,416
513,351,202,155,119,161,479,346,894,416
264,205,173,115,99,150,271,330,853,417
615,318,348,278,172,234,438,606,899,417
433,290,147,123,93,114,323,416,891,417
607,408,228,164,110,168,322,353,874,417
380,291,117,100,80,95,302,348,875,417
471,352,172,133,112,145,362,305,885,417
293,203,250,173,129,191,456,470,945,418
612,399,224,182,118,153,324,681,1002,418
359,242,162,131,94,123,327,314,905,418
330,233,159,122,85,118,321,316,895,418
600,391,227,178,117,161,353,433,870,418
155,146,205,156,155,198,347,1,192,419
369,266,212,161,125,171,347,321,902,419
485,344,178,134,105,142,328,193,820,419
245,179,169,130,103,136,280,375,885,419
511,311,265,205,142,188,462,511,939,419
721,443,254,195,135,180,288,638,899,420
379,256,171,139,105,130,422,346,865,420
636,465,215,159,120,169,382,421,980,420
587,447,458,313,271,391,486,141,781,420
284,190,138,108,79,104,334,326,918,420
468,212,197,156,92,123,207,903,990,420
253,184,174,134,106,142,540,2,197,420
406,237,265,194,143,203,504,337,899,421
707,457,281,197,140,204,408,490,890,421
429,312,179,134,104,145,347,328,902,421
406,259,232,175,120,171,358,573,861,421
250,192,136,107,81,108,293,279,898,422
613,420,266,205,148,203,363,438,858,422
386,207,274,208,139,196,347,564,863,422
528,343,176,140,101,134,335,391,911,422
547,373,242,197,144,180,304,314,944,422
577,317,307,232,165,223,517,652,912,423
494,241,257,194,111,160,339,609,972,423
269,164,230,163,97,145,338,314,953,423
465,277,208,153,98,146,362,541,949,423
467,303,184,134,86,131,298,331,887,423
275,188,149,118,80,105,277,330,890,423
479,242,349,280,190,240,505,492,878,423
302,194,269,187,122,192,264,511,901,423
366,280,149,103,82,121,308,338,865,424
573,354,238,199,137,170,380,463,875,424
322,238,236,192,133,173,257,469,906,424
528,379,231,179,140,186,336,461,884,424
286,195,236,173,126,176,233,531,745,424
369,207,267,214,132,176,293,644,945,424
549,372,241,198,146,183,386,395,924,424
372,248,146,104,76,114,268,336,915,425
286,197,210,157,109,153,442,331,901,425
382,253,176,138,103,137,304,308,937,425
489,228,201,144,80,114,539,320,972,425
441,311,235,191,142,177,432,275,898,425
467,321,153,110,82,119,303,367,929,425
295,227,215,180,146,176,404,338,886,426
279,172,211,157,107,154,244,401,909,427
239,187,213,165,121,163,321,339,897,427
350,294,202,142,121,172,379,101,837,427
598,367,347,280,163,227,552,92,839,427
398,265,192,131,99,146,295,418,851,428
564,336,215,176,113,146,416,508,893,428
513,283,291,245,154,199,413,592,906,428
318,250,208,164,124,158,296,346,918,428
228,158,170,123,87,123,291,329,926,428
273,213,154,109,80,117,279,304,887,429
348,270,148,106,82,116,273,316,917,429
600,379,251,190,131,178,374,477,883,429
513,340,254,196,137,190,356,347,932,429
447,327,216,153,118,169,431,332,879,429
649,465,221,172,128,170,371,518,902,429
658,457,229,179,125,170,365,438,931,430
606,443,196,146,109,152,315,320,928,430
549,412,150,104,80,122,310,336,935,430
403,250,222,175,113,154,307,532,896,431
267,198,180,131,96,138,278,312,908,431
387,290,300,217,166,235,482,538,965,431
305,236,156,117,89,124,303,268,902,431
383,289,142,100,77,117,281,248,847,432
337,235,215,159,113,161,291,333,932,432
452,322,189,151,112,146,331,317,880,432
308,176,239,184,122,169,322,587,804,433
501,300,294,233,151,195,336,476,907,433
505,363,164,114,85,127,289,330,958,433
561,376,198,147,102,145,442,382,955,434
415,294,203,147,103,150,388,334,936,434
472,309,277,233,172,212,357,409,872,434
282,203,201,146,112,163,253,452,930,434
404,251,217,163,117,159,352,532,885,435
264,190,147,98,71,113,265,329,929,435
313,205,209,157,115,153,337,395,958,435
392,270,227,173,125,170,284,525,912,435
475,329,157,129,87,114,273,304,901,435
424,268,365,265,171,256,471,561,972,435
303,213,156,132,99,123,269,310,977,436
492,245,396,284,156,243,506,637,944,436
407,258,211,167,108,147,303,341,931,436
392,303,142,108,87,117,299,342,870,436
493,377,158,120,94,125,294,320,891,436
553,361,232,185,139,184,340,504,942,436
576,327,299,222,137,198,369,528,924,436
382,293,174,133,107,143,312,335,954,436
523,350,278,214,150,204,449,464,832,437
353,257,178,146,110,138,329,336,913,437
440,268,229,162,110,165,375,436,903,437
639,357,316,243,149,210,482,438,974,437
309,218,191,150,117,154,405,345,921,437
394,282,191,141,109,155,319,341,837,438
225,150,182,128,92,137,395,355,954,438
387,241,222,179,123,161,321,345,947,438
337,213,229,170,116,162,298,465,922,438
279,211,125,94,72,99,249,310,881,438
481,282,250,193,122,170,355,357,994,438
418,245,279,209,161,219,502,536,971,438
534,384,160,128,95,123,353,336,895,439
347,224,178,145,100,130,328,308,922,439
379,270,170,133,105,136,310,364,825,439
476,344,165,124,95,129,316,328,937,439
415,230,262,195,127,173,462,571,827,440
348,304,140,99,95,133,371,57,735,440
424,321,264,184,137,205,346,347,886,440
302,207,139,108,78,105,226,333,934,440
694,418,293,226,145,203,400,434,899,440
569,360,307,233,150,212,400,593,880,440
641,375,320,238,154,221,474,536,954,440
516,281,362,268,149,220,392,767,982,440
555,385,180,151,115,139,348,440,855,441
536,302,305,248,154,209,383,469,918,441
671,360,502,364,229,330,523,484,628,441
438,295,139,109,77,103,323,352,904,441
550,345,277,214,139,195,464,324,842,441
444,381,168,122,109,150,402,136,800,441
412,209,264,194,113,171,203,922,1020,441
409,284,191,146,108,143,394,301,954,441
357,269,138,94,77,116,314,349,880,441
382,186,278,209,99,137,507,335,915,442
421,250,294,220,145,201,350,620,901,442
595,369,179,137,94,126,364,378,846,442
297,225,127,94,74,101,274,305,890,442
477,347,202,153,113,156,334,331,791,442
661,429,237,189,137,181,403,506,918,442
363,274,126,88,71,106,334,156,868,443
470,296,228,182,126,161,384,508,949,443
433,316,181,143,112,142,334,305,919,443
402,217,313,230,131,198,399,663,949,444
465,248,289,235,141,184,397,654,952,444
681,367,348,248,155,232,420,686,1000,444
476,324,218,156,117,166,361,255,864,444
482,273,381,263,166,261,354,576,982,444
476,292,234,184,128,166,459,440,908,445
644,413,336,242,163,238,483,512,965,445
391,289,260,188,146,217,476,316,889,445
611,324,304,243,150,198,387,714,977,445
428,279,312,236,162,228,303,386,893,445
204,144,223,161,107,158,158,497,867,445
396,254,256,186,137,196,431,395,849,446
417,285,207,148,106,157,286,343,932,446
477,251,398,275,160,250,398,622,945,446
501,344,217,151,108,158,348,335,938,446
263,190,174,128,103,141,284,310,799,446
500,258,377,279,175,260,499,688,930,446
593,404,187,146,103,138,364,338,931,447
436,284,231,165,113,170,363,341,919,447
307,202,216,167,120,161,371,407,916,447
497,333,119,106,80,89,290,333,893,447
355,239,205,138,99,155,402,310,903,448
484,286,302,212,126,196,369,658,947,448
276,175,166,127,84,118,267,316,947,448
240,183,171,135,107,140,201,355,946,448
284,235,139,104,91,122,374,125,789,448
421,285,266,191,141,208,351,305,907,448
288,201,201,154,112,146,123,464,879,448
649,410,302,229,156,222,379,436,948,449
594,385,218,158,111,165,368,423,761,449
392,204,255,187,113,166,309,539,979,449
325,248,154,102,81,125,378,322,839,449
728,453,268,192,131,192,417,552,908,449
421,319,194,164,135,163,408,329,903,449
500,355,208,163,118,161,335,384,946,449
251,189,169,135,103,134,179,452,869,450
490,228,344,275,151,207,363,642,935,450
459,334,225,148,105,169,326,307,935,450
352,259,216,163,126,174,357,330,762,450
199,160,132,100,78,106,224,352,897,450
555,352,240,188,133,172,300,436,949,451
271,198,174,142,113,139,417,332,727,451
553,368,269,204,151,207,409,330,896,451
486,348,158,123,96,124,340,335,872,451
698,395,322,244,150,211,409,612,951,451
260,184,220,167,118,162,286,374,875,451
521,392,233,154,117,187,484,322,930,451
383,306,104,85,70,85,294,253,887,451
267,184,163,123,95,128,253,331,910,452
411,237,274,201,128,187,319,568,975,452
261,173,215,157,110,158,315,408,947,452
392,281,251,205,161,200,308,418,909,452
414,306,179,132,100,141,299,334,901,452
650,414,379,280,208,287,424,624,973,452
493,367,239,174,135,190,430,392,907,452
409,312,146,116,95,119,288,337,924,452
315,253,142,108,83,113,350,61,723,452
485,287,298,230,148,208,389,565,950,452
685,410,250,187,128,180,494,463,932,453
336,236,203,156,117,158,328,372,935,453
454,351,222,168,141,187,333,341,945,453
453,311,174,135,106,138,338,344,916,453
426,295,241,183,132,180,411,404,935,453
203,178,112,79,75,105,372,19,680,453
343,251,111,90,67,86,279,340,931,453
375,232,290,225,155,205,222,622,980,453
364,258,285,188,141,217,231,410,896,453
684,376,322,258,155,190,584,340,855,453
594,318,138,109,64,84,307,617,890,454
314,250,145,118,95,119,267,305,898,454
596,407,312,203,149,240,453,650,919,454
580,400,204,153,104,145,332,447,931,454
274,245,149,113,108,139,380,2,189,455
447,343,189,144,115,153,461,362,894,455
517,263,385,308,172,241,376,676,973,455
398,266,170,128,91,128,326,354,921,455
592,378,285,219,151,206,452,677,956,455
622,344,209,174,105,129,485,339,924,455
347,259,156,117,97,131,277,336,905,456
325,274,190,148,118,152,399,2,203,456
267,158,258,184,120,176,234,547,901,456
384,252,191,162,119,146,320,365,928,456
690,401,331,237,137,197,240,747,956,457
488,317,185,141,105,142,440,395,924,457
561,381,182,122,85,134,414,324,876,457
670,455,173,139,103,129,337,342,834,457
334,257,167,127,99,135,276,335,944,457
292,202,176,128,85,125,312,310,925,458
575,408,209,162,123,164,376,323,904,458
278,196,172,135,99,131,292,305,897,458
462,344,213,152,118,167,273,591,910,459
493,365,165,128,103,136,291,328,934,459
413,261,240,194,137,179,353,487,910,459
356,240,216,169,122,166,358,357,877,459
307,224,175,120,89,133,309,316,858,459
662,421,261,213,150,192,458,379,911,459
512,403,203,136,105,165,273,386,887,459
494,344,205,151,110,153,324,321,918,459
614,405,349,282,202,264,377,493,916,459
668,445,237,186,122,164,476,305,907,460
338,240,156,116,91,125,314,361,905,461
426,249,261,208,119,169,243,657,969,461
414,280,114,96,68,84,259,348,950,461
364,208,309,237,150,210,365,552,959,462
295,229,158,137,115,133,371,288,894,462
342,197,327,254,155,210,433,485,937,462
521,305,296,222,135,199,370,492,835,462
436,256,238,191,124,166,368,368,823,462
682,362,505,352,221,334,516,287,815,462
366,251,152,118,89,119,387,332,823,462
413,266,278,200,135,197,235,304,943,462
616,453,135,107,83,105,298,347,929,462
531,276,317,245,144,200,373,654,984,463
355,205,234,184,124,166,297,482,935,463
303,206,213,160,116,160,263,283,827,463
691,437,265,185,127,188,340,588,974,463
604,411,290,218,151,210,376,538,958,464
531,310,282,222,144,198,402,590,913,464
485,286,242,184,128,172,483,377,933,464
320,177,214,155,102,150,352,354,913,464
371,218,316,230,139,210,371,651,711,464
354,237,198,151,107,149,334,342,863,464
527,304,287,216,138,194,355,546,917,465
529,368,284,223,162,211,488,642,942,465
315,230,150,120,90,116,318,342,926,465
468,371,194,132,114,171,414,195,723,465
473,294,117,93,68,88,290,750,906,465
168,137,150,119,89,118,206,287,925,465
469,356,127,113,92,101,270,333,944,465
332,175,307,228,142,209,345,587,852,465
265,173,133,98,73,100,261,332,912,466
377,293,116,86,72,100,269,320,908,466
579,313,385,287,167,248,370,653,971,466
208,142,164,120,87,125,214,295,928,466
659,419,249,185,126,182,396,422,926,466
505,327,236,195,148,181,299,517,957,467
391,246,288,203,131,198,351,509,944,467
643,337,236,181,124,174,493,379,888,467
402,299,151,111,89,122,308,340,882,467
250,194,159,115,90,129,285,323,931,468
575,329,300,227,140,199,372,622,940,468
578,292,295,212,113,175,342,639,945,468
301,252,242,166,135,201,469,345,889,469
695,390,400,278,149,234,378,634,933,469
283,255,154,110,96,134,334,125,898,469
607,340,409,312,184,259,371,1023,992,469
424,292,148,116,86,114,257,207,882,470
379,228,265,199,132,188,375,495,935,470
566,283,405,295,173,256,420,618,974,470
463,348,184,150,111,141,340,317,923,470
471,313,164,132,92,123,719,161,1023,470
579,295,294,216,118,174,430,676,854,470
500,343,173,148,112,131,318,340,918,470
491,327,319,252,188,243,403,592,945,470
321,245,111,86,72,95,250,327,924,471
470,348,268,211,158,200,333,539,911,471
489,360,173,133,107,140,308,347,947,471
593,418,194,150,107,147,350,345,941,471
327,210,121,93,64,86,206,316,943,471
610,392,237,184,122,168,381,304,932,472
545,404,361,250,202,302,463,195,722,472
387,258,181,146,109,139,330,339,906,472
435,301,264,199,143,195,243,599,922,472
270,193,172,124,83,122,247,319,846,473
279,205,159,118,83,115,175,372,923,473
711,422,287,219,138,196,383,537,902,473
608,412,206,144,102,154,358,327,897,474
313,183,227,162,99,145,449,323,887,474
367,273,129,92,72,105,281,314,849,474
438,337,147,109,89,121,295,328,865,474
469,310,246,184,123,174,342,498,872,474
345,248,150,113,88,118,299,298,871,474
701,441,314,226,151,219,448,512,940,474
521,313,337,253,160,224,360,432,934,474
599,395,307,241,160,216,376,528,785,474
322,167,280,225,144,190,373,446,1004,475
445,328,128,103,84,105,300,336,855,475
562,365,306,224,153,217,361,536,942,475
260,181,133,103,77,103,264,319,895,475
541,391,167,113,84,127,303,296,863,475
509,270,296,221,142,205,412,654,729,475
487,318,283,210,147,214,362,418,896,476
631,389,307,237,152,220,455,449,949,476
347,274,161,105,84,133,344,333,925,476
324,225,177,148,117,140,301,338,950,476
381,287,187,133,106,153,258,305,907,476
173,161,144,110,100,129,389,1,273,476
438,309,152,122,98,123,319,330,902,476
298,199,181,151,109,134,306,329,935,476
380,271,136,99,86,118,342,200,814,477
511,299,274,219,145,192,370,500,920,477
304,183,397,290,169,242,348,634,1004,477
496,345,188,142,108,149,310,329,926,478
679,447,221,177,128,162,412,470,871,478
555,398,235,179,105,155,466,445,914,478
593,341,304,223,144,213,475,625,887,478
486,334,187,154,105,133,371,275,875,478
619,412,290,227,153,207,346,429,974,478
424,233,315,244,150,210,385,599,928,478
659,444,197,156,112,145,333,335,948,478
710,463,282,222,150,201,366,392,972,479
310,248,131,108,87,108,289,309,881,479
418,217,289,218,119,175,315,647,931,479
411,228,375,293,183,241,371,637,938,479
312,220,153,121,88,116,261,317,931,480
445,268,229,173,114,159,324,456,921,480
403,261,149,112,78,110,310,345,933,480
246,164,264,190,140,200,230,644,915,481
534,330,313,228,153,223,418,588,926,481
526,288,348,267,168,235,388,667,985,481
455,291,290,217,152,214,334,641,976,481
487,328,221,178,129,167,359,332,838,482
498,391,152,115,102,131,357,266,839,482
446,316,218,168,128,171,324,327,860,482
308,201,153,110,81,117,295,328,886,482
218,137,142,109,76,103,435,221,888,482
550,362,234,188,132,172,329,348,896,483
298,206,179,145,101,132,334,341,882,483
484,333,239,179,131,183,453,357,920,483
513,402,189,152,125,158,364,314,833,483
690,450,262,197,139,191,404,324,892,484
463,282,232,187,128,165,333,323,930,484
311,227,190,143,104,142,292,325,934,484
535,342,244,172,123,181,480,379,883,484
572,422,227,190,149,180,333,312,890,484
365,262,125,101,75,98,310,265,902,484
542,264,469,365,185,250,374,965,1023,485
407,281,179,158,114,134,356,212,854,485
524,334,297,236,167,219,337,616,905,485
431,333,183,134,104,147,270,343,905,485
605,340,312,236,154,216,411,669,943,486
459,251,277,209,129,189,365,685,913,486
728,456,328,237,171,242,388,558,959,486
637,410,285,215,150,205,395,538,896,486
245,184,165,135,99,126,286,309,900,486
350,245,135,100,77,106,261,316,914,486
310,235,246,187,125,173,438,285,978,486
283,166,140,111,76,100,399,309,868,486
358,215,331,248,174,236,350,706,979,486
682,478,255,182,131,192,363,516,943,486
560,376,259,205,158,198,419,401,954,486
286,169,185,153,106,131,411,346,896,487
383,253,199,147,99,139,315,443,984,487
385,297,142,104,79,114,313,334,846,487
418,333,144,96,81,123,317,307,795,487
288,185,153,127,93,116,312,324,853,487
350,276,170,126,98,138,287,342,925,487
674,392,335,253,163,230,414,582,898,487
315,251,107,94,78,89,227,328,915,488
411,249,305,233,169,229,464,512,961,488
412,260,252,204,142,189,441,338,917,488
390,275,249,194,137,186,305,478,941,488
516,364,216,171,125,165,332,352,893,488
655,397,320,229,152,221,414,508,954,488
564,370,207,164,119,157,388,529,815,488
445,340,151,107,82,119,296,329,910,488
395,265,166,122,87,124,298,291,968,488
243,170,241,171,116,180,325,329,909,488
397,299,203,140,101,154,439,327,904,488
197,147,205,145,103,151,330,301,825,489
499,336,287,210,172,237,490,507,923,489
576,423,186,153,111,142,386,255,907,489
266,167,239,178,116,165,363,455,767,489
635,364,367,292,190,248,402,639,933,489
539,353,195,152,111,147,323,410,892,489
584,428,180,152,116,139,365,342,832,489
624,375,464,339,193,284,550,704,948,490
618,371,301,222,153,208,355,681,770,490
465,328,167,135,106,133,300,321,923,490
676,394,365,271,173,246,399,639,865,490
550,381,207,143,121,177,390,345,911,490
275,184,129,89,66,100,269,338,876,490
394,247,251,190,129,184,315,596,920,491
460,348,195,146,115,158,327,321,937,491
474,329,216,161,123,172,445,374,906,491
410,266,186,139,99,139,340,338,864,491
656,446,211,155,115,162,344,412,940,492
634,419,296,231,156,206,388,586,966,492
694,416,307,226,146,209,437,541,716,492
389,245,193,143,101,145,323,330,965,493
433,293,249,186,128,181,303,420,909,493
597,442,222,169,136,186,348,311,911,494
524,425,206,139,110,169,424,115,781,494
612,400,227,182,129,167,364,406,918,494
712,463,225,172,119,164,403,352,929,494
456,320,170,119,79,122,353,321,924,494
569,309,268,187,114,170,551,360,926,495
678,458,339,251,193,269,489,338,952,495
289,223,105,86,68,84,243,320,916,495
508,355,223,164,116,168,308,533,944,495
381,220,235,157,111,175,460,467,734,495
439,315,297,232,161,209,453,343,900,495
520,279,260,177,106,170,365,493,943,495
373,243,163,134,97,121,308,388,927,495
386,245,251,203,129,169,228,611,924,495
426,296,288,214,148,215,377,648,894,496
314,192,272,191,120,187,394,484,878,496
472,321,330,262,203,257,443,603,960,496
532,397,245,171,136,198,313,349,930,496
534,302,306,218,134,205,427,642,803,497
406,320,177,145,120,150,288,319,896,497
455,356,157,127,103,125,270,307,893,497
566,350,225,173,118,160,354,373,941,497
641,407,247,198,135,173,312,517,944,498
449,309,164,137,96,120,267,288,900,498
516,255,428,341,186,254,392,959,989,498
155,134,129,110,90,106,213,289,905,498
411,280,168,118,81,124,379,344,859,498
342,218,146,110,76,106,251,331,954,498
286,208,151,105,74,114,373,198,888,499
431,274,335,250,172,242,401,624,950,499
342,205,292,220,147,210,329,560,952,499
502,344,181,144,97,129,322,336,887,499
336,276,116,87,73,97,234,308,916,500
301,176,192,154,106,137,314,382,962,500
338,189,284,222,141,195,300,638,919,501
660,479,190,164,121,148,313,336,936,501
527,262,305,233,131,184,458,635,938,501
335,250,216,169,136,174,435,356,921,501
450,255,298,239,161,205,374,642,858,501
338,249,173,126,89,127,258,280,929,501
517,350,231,165,126,179,412,102,863,502
342,252,125,104,81,98,298,227,868,503
362,260,140,112,91,115,264,331,936,503
426,283,192,145,102,138,317,345,893,503
428,295,159,131,97,121,322,311,952,503
634,441,207,158,116,156,346,344,906,504
586,440,198,146,114,162,356,322,778,504
412,311,134,116,94,107,338,338,895,504
476,286,293,236,156,198,302,640,947,504
590,373,315,238,153,215,258,517,983,504
409,322,105,84,67,88,302,344,795,504
505,387,159,117,92,130,341,322,905,504
534,436,105,78,69,91,283,339,924,504
685,424,287,208,149,215,472,565,931,504
361,217,260,181,118,182,309,446,954,505
714,465,296,224,147,206,400,591,929,505
327,199,300,238,153,202,242,635,980,505
333,212,179,159,113,133,335,269,936,505
291,222,130,92,73,104,253,325,829,505
613,418,232,195,134,166,320,292,943,507
396,290,177,140,102,131,321,294,913,507
358,245,194,149,108,147,333,386,962,507
536,333,253,181,121,170,385,321,897,507
425,314,178,154,115,131,402,304,902,508
586,378,265,210,141,186,402,421,821,508
694,459,222,168,110,152,470,372,919,508
675,370,341,245,162,241,426,653,894,508
231,164,249,199,147,192,303,413,908,508
528,359,258,180,126,195,432,515,883,508
267,190,177,131,95,134,351,352,879,509
389,288,142,105,82,112,272,322,938,509
533,344,252,176,127,196,433,438,923,509
261,194,214,163,123,168,320,380,920,509
453,333,164,154,118,126,341,333,854,509
733,424,260,206,128,173,369,682,938,510
572,385,199,145,100,147,345,352,849,510
299,214,232,170,128,184,328,323,949,510
442,288,301,223,152,216,293,604,932,510
451,352,147,122,103,122,325,331,906,510
487,327,171,135,99,127,336,314,893,511
554,412,183,150,113,141,353,324,882,511
499,357,172,136,105,134,341,322,843,511
317,193,197,158,105,141,369,216,874,511
730,466,277,198,128,196,403,453,892,511
367,278,160,125,96,126,296,298,759,511
403,280,166,124,95,131,283,334,908,511
336,204,250,188,119,169,306,356,934,511
686,456,224,181,126,158,373,333,863,512
416,278,191,144,106,144,356,349,898,512
457,282,371,258,166,259,470,174,730,512
505,310,245,193,122,167,347,353,935,512
363,277,148,106,81,118,296,256,929,512
623,394,294,230,158,212,399,606,974,512
465,297,287,231,161,208,133,998,950,512
591,387,215,172,117,152,340,324,951,512
476,355,121,92,74,101,334,336,858,512
665,400,355,277,170,225,432,640,736,512
509,257,311,238,146,205,426,562,758,512
268,182,202,148,110,152,377,438,904,513
593,381,194,145,93,130,362,331,910,513
555,423,163,137,106,129,291,299,885,513
343,215,189,148,100,136,333,329,932,513
543,435,314,243,199,268,390,412,910,513
348,261,198,150,106,151,309,293,875,514
472,287,311,210,129,206,364,450,941,514
494,275,315,253,184,230,514,538,924,514
277,199,202,144,107,155,258,397,910,514
611,371,282,224,148,189,352,643,907,514
224,144,225,179,125,158,148,545,939,514
613,439,220,165,129,175,390,377,932,515
616,430,226,174,125,176,374,345,884,515
284,195,223,197,138,164,254,358,935,515
273,214,104,83,71,90,435,1,214,515
359,289,201,139,104,157,410,327,858,515
324,208,218,156,113,163,122,465,880,515
612,390,326,227,151,234,402,608,913,516
525,316,220,169,106,147,434,504,890,516
381,205,408,306,167,237,276,832,923,516
322,225,166,119,83,126,317,318,908,516
500,335,136,96,64,98,331,325,873,516
568,373,340,258,187,256,394,657,943,517
287,195,194,133,90,139,284,301,930,517
391,248,267,199,134,195,352,388,947,517
637,394,259,217,134,174,363,575,934,517
423,265,311,231,159,231,338,572,955,517
458,385,313,197,172,276,450,2,171,518
521,382,353,287,189,248,332,532,923,518
639,406,302,226,153,215,390,342,953,518
246,187,185,141,109,148,296,304,833,518
300,214,199,155,110,147,273,397,889,518
412,223,244,215,144,172,510,322,870,518
391,270,132,91,65,101,333,323,869,518
400,276,244,200,145,185,276,465,888,518
531,365,198,142,99,144,330,329,939,518
602,319,454,336,206,291,399,871,874,518
533,373,188,161,113,135,330,329,909,518
286,193,163,137,103,127,367,327,722,518
490,374,142,115,94,118,278,313,928,519
455,305,218,155,112,169,403,517,873,519
353,244,189,146,112,148,339,317,904,519
657,421,297,218,148,210,396,512,796,519
403,318,170,140,120,143,359,304,891,519
470,245,333,286,157,196,411,524,957,519
340,250,189,144,115,160,300,318,934,520
491,253,350,287,178,228,359,675,969,520
449,344,160,113,87,125,299,380,940,520
395,224,214,184,114,142,309,569,927,520
441,322,169,142,107,133,304,316,954,520
303,174,296,227,140,195,257,596,785,520
710,479,236,195,145,177,408,444,926,520
584,383,219,168,119,163,383,414,841,520
524,396,320,240,191,258,466,602,915,520
277,210,198,140,107,156,305,306,854,520
421,268,318,240,141,204,314,606,966,521
366,199,390,297,170,247,419,685,952,521
345,206,195,144,99,141,480,305,953,521
402,244,210,152,102,146,337,487,908,521
502,283,272,209,126,173,294,622,951,521
561,403,198,166,126,152,328,321,938,521
502,333,223,165,124,171,480,332,884,521
318,211,330,236,149,225,324,567,933,521
655,433,341,261,172,232,380,774,892,522
409,230,293,227,135,186,257,650,970,522
355,233,342,240,175,260,422,648,873,522
242,141,215,168,110,147,169,528,927,522
452,295,163,124,88,118,328,339,932,522
506,325,228,172,134,186,463,347,910,522
370,263,175,140,104,131,308,334,896,522
547,274,266,204,140,191,479,550,893,522
631,383,307,211,137,210,398,610,924,522
489,308,212,161,100,142,334,318,949,522
376,261,266,209,139,185,337,519,978,522
541,390,217,165,127,175,334,330,914,523
473,288,291,235,146,197,406,597,904,523
708,428,281,217,141,191,343,507,918,523
580,377,214,190,133,152,368,453,947,523
666,420,256,183,121,192,375,351,932,523
559,390,200,157,106,143,359,319,858,523
385,249,266,190,146,212,225,667,910,523
343,217,210,159,97,138,347,503,952,523
667,348,169,137,80,94,357,647,980,523
465,346,125,89,68,99,274,340,911,524
513,332,271,200,139,201,336,648,895,524
636,398,247,180,117,171,350,337,948,524
331,217,225,183,132,171,335,486,886,524
731,467,241,187,121,161,354,364,946,524
318,208,158,123,87,116,334,337,953,524
175,164,96,68,67,92,310,34,667,525
671,444,215,178,116,152,317,344,925,525
328,221,183,143,105,139,330,370,955,525
356,261,230,174,135,188,415,351,936,525
431,263,285,206,134,198,374,636,907,526
597,409,200,147,103,146,353,333,913,526
422,322,203,162,126,160,320,327,974,526
239,167,192,151,107,148,230,447,940,526
377,284,131,101,77,102,295,299,917,526
470,322,175,132,89,125,375,333,983,526
329,210,174,123,88,130,368,305,864,527
663,383,275,196,110,167,373,440,932,527
332,220,248,197,136,176,275,380,938,527
666,429,207,162,106,149,343,373,955,527
336,226,153,113,84,117,304,324,860,528
350,242,234,169,127,184,326,425,898,528
274,197,137,111,82,106,304,341,958,528
500,249,253,186,121,176,430,620,958,528
627,361,251,185,119,173,344,621,950,528
524,359,204,149,113,158,360,378,909,529
619,316,382,304,153,208,427,653,920,529
440,296,238,173,120,173,306,412,942,529
594,379,291,233,165,217,405,672,943,529
557,417,187,144,108,148,306,315,875,529
399,288,148,114,93,121,330,313,842,530
354,210,291,214,140,206,345,606,901,530
567,398,157,130,98,123,324,324,916,530
306,181,253,196,133,181,358,329,933,530
619,448,218,157,119,170,332,313,933,530
545,360,160,125,88,114,350,341,942,531
406,286,217,167,123,168,369,330,880,531
667,440,275,225,162,198,395,391,876,531
261,151,233,179,108,152,309,287,924,531
583,446,139,100,80,115,332,387,881,531
392,287,163,117,85,120,154,319,896,531
291,207,201,170,127,155,339,350,926,531
319,225,182,136,100,140,338,313,869,532
537,356,193,151,108,143,353,378,903,532
636,382,292,221,140,196,347,656,973,532
606,452,198,145,114,159,382,343,941,532
399,250,174,126,86,125,422,329,884,532
406,272,220,149,106,166,416,345,840,532
362,246,174,142,104,133,297,331,955,532
523,385,167,139,110,135,370,302,952,533
550,296,318,238,141,205,371,496,1001,533
243,193,193,147,113,154,279,345,954,533
684,441,238,181,124,171,503,352,928,533
276,221,352,234,177,276,549,4,524,533
546,365,258,202,148,194,428,515,814,533
452,334,183,132,99,139,443,278,869,533
484,331,158,63,157,295,567,159,834,533
580,366,324,242,159,229,483,462,954,533
515,331,276,222,159,208,437,585,917,534
443,325,223,149,112,172,331,276,946,534
400,237,217,171,117,156,403,411,828,534
678,420,271,207,139,196,387,359,958,534
394,289,174,126,94,132,367,324,918,534
373,294,187,144,122,158,323,336,888,535
439,276,333,245,140,206,347,645,934,535
302,204,186,145,113,148,253,509,912,535
403,267,171,141,100,125,333,336,900,535
361,254,177,156,120,141,282,359,888,535
402,276,258,208,143,187,357,347,916,535
351,259,162,120,93,128,268,338,932,535
365,266,111,87,67,90,257,351,866,535
500,357,144,120,90,116,316,339,884,536
660,390,264,200,130,174,397,391,941,536
307,250,166,131,108,141,295,326,929,536
505,350,208,162,115,150,322,478,890,536
663,419,241,176,117,168,362,498,916,537
603,422,201,160,119,151,377,366,904,537
443,216,387,308,180,241,458,663,936,537
400,291,151,119,86,114,336,324,949,537
577,367,179,152,115,139,474,335,881,537
467,346,164,142,108,126,350,330,875,537
354,283,209,155,128,179,414,315,876,537
346,187,355,257,154,234,342,590,983,537
472,246,279,210,130,187,361,606,941,537
417,239,235,163,98,155,404,378,793,537
352,239,202,151,108,155,322,370,853,538
472,357,141,119,93,113,283,325,919,538
460,295,224,172,121,166,365,357,834,538
402,304,142,113,90,117,311,326,898,538
439,297,203,159,114,155,336,384,925,539
475,246,276,211,125,174,372,674,973,539
368,263,211,158,114,159,309,405,834,539
456,332,266,198,154,207,316,564,883,539
459,318,256,205,153,195,404,274,869,539
344,236,178,150,111,137,299,332,910,539
375,291,109,78,62,89,246,299,771,539
455,250,201,160,107,143,463,359,695,539
340,223,184,138,98,136,330,322,919,540
322,214,178,132,92,128,493,322,930,540
670,385,459,356,240,325,510,644,894,540
426,230,262,192,116,173,397,497,904,540
363,291,282,196,150,229,411,450,1013,541
367,232,204,154,108,152,314,333,902,541
379,224,298,247,166,210,430,600,944,541
461,289,190,146,98,134,354,338,928,541
661,405,460,320,195,303,404,604,860,541
546,314,279,239,148,188,384,480,902,541
461,368,113,89,76,98,302,339,838,541
324,234,193,159,125,154,364,443,909,541
429,276,228,174,122,169,346,393,945,541
330,230,263,190,131,186,337,603,924,541
360,262,200,158,123,161,383,275,950,542
352,257,211,156,118,163,249,365,941,542
642,353,565,434,241,344,520,660,941,542
337,225,189,132,90,139,321,310,889,542
511,279,397,300,188,270,438,633,868,542
484,357,251,194,156,206,310,319,935,543
499,362,214,179,146,178,313,312,936,543
701,400,391,297,186,259,438,643,895,543
451,290,253,200,143,189,362,454,945,544
323,235,164,108,79,128,302,331,921,544
446,268,331,250,170,231,405,605,704,544
248,187,173,131,107,141,208,428,906,544
450,316,173,129,93,131,349,337,927,544
488,324,217,176,139,175,450,413,949,544
404,222,334,263,160,219,351,577,985,545
424,249,354,279,176,245,398,614,891,545
308,186,143,112,78,104,292,311,905,545
267,173,231,186,124,164,243,544,922,545
367,257,214,153,115,167,364,341,810,545
401,250,228,176,127,169,353,548,862,545
446,321,210,148,112,164,335,330,874,546
436,333,181,139,98,131,333,344,946,546
265,167,255,198,133,181,118,614,809,547
334,233,216,148,104,161,363,312,889,547
439,259,308,221,159,224,486,688,904,547
486,249,485,341,187,291,426,681,923,547
533,365,188,158,119,145,356,292,932,547
625,352,284,210,140,196,528,330,849,548
475,342,159,128,96,126,274,328,931,548
582,383,219,173,122,164,343,362,947,548
609,391,294,240,162,203,332,642,918,548
519,258,257,202,127,169,483,384,948,548
591,437,139,112,85,111,331,330,849,548
367,276,195,147,113,154,308,331,885,548
510,277,328,255,158,215,383,647,892,549
600,309,383,294,167,235,400,637,928,549
675,431,523,375,273,400,490,840,979,549
368,222,239,179,114,157,192,632,917,549
450,305,226,179,127,169,466,327,813,550
409,274,252,192,146,193,314,458,986,550
471,310,216,169,134,174,441,349,858,550
289,182,246,194,127,165,216,572,939,550
628,454,219,159,125,175,285,305,962,550
462,257,300,243,154,193,507,570,953,550
547,306,295,237,149,197,353,622,944,551
411,322,220,163,137,187,323,315,925,551
414,240,215,167,113,155,393,505,956,551
265,188,129,96,69,97,247,289,890,551
529,329,253,206,140,185,360,448,925,551
495,356,380,292,236,313,483,237,835,551
449,332,191,160,127,155,313,361,921,551
532,390,135,104,84,112,262,329,920,551
533,370,209,157,118,160,252,647,910,552
531,345,237,205,147,173,328,521,962,552
675,464,232,176,131,179,461,403,885,552
325,223,211,169,124,160,367,260,821,552
368,242,197,152,114,151,320,320,892,552
419,306,191,142,106,148,302,439,931,552
297,213,193,154,120,151,394,442,867,553
437,308,158,122,91,121,331,323,872,553
689,403,269,201,130,183,326,568,933,553
730,449,257,181,121,180,350,452,949,553
340,266,188,155,121,146,262,387,956,553
725,391,477,360,215,298,456,1023,949,554
654,336,381,283,168,249,474,666,948,554
379,270,114,98,74,89,300,327,846,554
474,263,264,197,114,175,376,633,914,554
429,251,263,208,149,195,353,573,933,554
270,211,124,84,66,100,207,325,953,555
233,209,97,68,62,87,456,2,354,555
540,409,115,99,78,93,343,339,783,555
671,375,290,222,163,218,470,545,933,555
278,233,191,134,110,161,322,350,760,555
343,200,211,164,115,150,302,416,934,555
517,282,381,293,196,265,530,645,893,556
288,215,153,123,96,121,277,344,914,556
291,197,158,115,85,122,278,329,843,556
643,418,292,240,161,204,407,350,925,556
661,419,330,255,152,211,321,625,907,556
557,289,433,343,192,261,454,701,975,556
340,230,222,176,122,164,325,348,976,557
483,336,254,200,142,190,496,365,943,557
598,335,288,216,126,183,403,514,897,557
592,452,381,293,250,324,536,285,792,557
415,314,299,248,191,237,342,673,896,557
207,186,142,108,96,125,236,311,853,557
302,203,138,105,77,105,427,327,885,557
609,422,208,154,121,167,331,325,882,558
541,318,317,239,146,202,442,469,773,558
508,346,230,187,143,180,299,530,773,558
235,145,142,111,74,100,249,327,902,558
474,312,356,273,210,272,496,683,961,559
544,369,323,257,177,236,474,289,746,559
424,245,267,211,129,179,326,632,900,559
372,197,302,221,139,202,334,656,933,559
571,331,323,246,169,229,350,637,898,559
428,301,176,128,100,138,315,337,954,559
379,258,261,203,137,182,235,654,914,559
283,210,100,86,74,87,379,176,904,559
527,342,236,176,122,176,314,337,937,560
332,236,253,200,144,185,312,392,951,560
584,426,258,181,138,206,357,527,846,560
559,282,322,229,140,210,479,666,916,560
282,196,191,146,101,141,256,328,939,560
464,322,156,118,87,118,346,305,912,560
584,360,284,222,154,203,372,375,825,560
500,310,198,158,98,134,326,327,957,560
399,240,263,199,131,180,497,413,899,560
452,315,243,207,151,189,442,330,940,560
344,230,243,171,129,191,283,319,916,560
330,253,125,91,73,102,266,324,870,561
577,374,179,149,103,130,351,326,941,561
273,172,232,175,117,162,197,598,875,561
390,240,255,197,135,183,375,517,951,561
346,199,300,221,138,204,400,584,778,561
348,206,299,226,144,205,406,565,909,561
595,398,214,156,112,158,366,338,879,561
644,420,212,176,118,148,368,354,962,561
223,170,178,141,102,136,263,317,942,562
476,319,198,150,114,154,428,379,937,562
536,364,219,167,113,157,375,526,864,562
664,477,266,216,156,198,407,328,961,562
350,257,159,112,90,131,338,262,886,562
405,282,181,130,95,137,341,341,850,562
466,315,239,169,124,185,386,305,950,563
389,295,137,110,86,112,280,331,900,563
541,364,252,178,125,184,368,423,881,563
444,306,352,285,201,254,532,325,861,563
253,180,126,100,78,100,267,324,901,564
375,185,335,255,149,209,370,625,972,564
670,449,208,172,124,156,344,521,881,564
426,227,310,237,142,198,344,676,992,564
530,311,393,336,226,274,470,460,878,564
457,345,250,185,147,205,319,438,920,564
548,339,214,162,105,145,320,431,957,564
407,251,235,184,125,166,341,481,979,565
472,342,301,234,174,221,505,350,935,565
482,274,274,201,149,207,438,465,770,565
510,274,304,224,146,210,476,678,871,565
510,275,238,179,113,159,319,649,912,565
628,425,370,298,199,245,551,487,843,566
437,282,158,128,104,132,427,332,910,566
382,206,294,226,133,188,345,687,966,566
641,358,240,189,119,155,360,828,928,566
519,298,225,177,112,151,382,573,872,566
354,265,136,103,80,112,167,276,1021,566
478,313,252,189,140,193,277,376,950,567
722,411,340,255,171,234,425,640,893,567
597,408,185,142,108,145,381,345,794,567
509,369,161,122,94,128,355,316,864,567
378,271,195,152,118,153,340,343,897,567
349,252,243,165,115,178,276,319,990,568
404,311,174,137,107,138,316,308,871,568
228,143,140,107,78,108,277,341,899,568
438,311,191,151,109,142,281,384,919,568
628,424,277,207,142,201,418,583,887,568
281,185,182,152,104,127,361,408,929,568
562,379,330,252,171,238,455,645,968,568
719,468,253,186,139,191,486,518,908,568
407,256,209,154,102,147,369,384,893,568
344,176,240,187,117,154,391,530,881,569
535,374,189,142,113,153,374,335,899,570
435,304,163,130,99,129,432,232,788,570
381,234,311,228,145,219,357,616,887,570
559,308,356,276,193,254,497,653,907,570
607,426,236,195,144,179,358,313,924,570
658,452,272,201,138,191,327,636,954,570
697,455,214,159,103,147,374,465,927,570
478,254,291,235,150,196,374,657,792,570
623,435,221,164,122,171,310,567,922,570
623,357,325,252,159,223,420,606,955,571
387,266,189,141,104,142,452,306,945,571
658,355,410,300,143,215,444,537,931,571
396,240,274,204,144,206,367,430,844,571
508,346,208,156,109,155,349,403,912,572
350,241,212,161,118,165,296,318,899,572
282,194,173,139,96,124,326,322,922,572
381,263,221,164,124,170,374,314,929,572
194,151,166,127,95,125,301,320,875,572
386,275,120,105,83,94,272,310,912,573
416,344,109,75,70,102,377,37,749,573
322,209,279,210,150,198,522,338,890,573
349,199,284,217,135,193,367,667,933,573
442,356,160,119,102,139,323,327,926,573
592,429,225,172,127,173,368,423,861,573
335,237,154,116,88,122,291,318,920,573
399,276,239,185,139,185,441,328,856,573
436,352,259,183,149,218,448,335,944,573
410,279,270,206,140,192,440,450,849,573
536,328,253,179,115,176,431,470,833,574
463,273,223,177,111,148,450,331,907,574
574,392,175,133,93,131,357,320,923,574
428,287,221,152,106,166,373,365,935,574
662,418,300,225,146,210,355,543,963,574
526,369,153,118,85,118,335,319,893,574
414,283,227,159,110,167,279,305,922,574
468,325,249,180,132,186,306,479,864,574
488,312,335,257,174,237,347,621,975,574
621,422,189,143,108,148,455,342,875,574
380,272,205,167,139,170,438,343,874,574
269,203,229,182,138,177,213,500,932,575
469,319,129,96,66,96,348,345,830,575
420,228,297,224,144,202,335,694,949,575
666,423,211,162,116,154,379,493,967,575
386,251,255,190,123,180,362,479,933,575
517,368,218,189,138,164,361,324,901,576
341,239,127,103,79,99,296,326,893,576
563,322,204,172,120,146,471,422,907,576
424,269,193,172,124,143,321,364,906,576
350,247,149,103,73,108,262,320,929,576
261,176,206,155,112,154,224,458,927,576
427,230,324,240,139,201,354,620,973,576
502,286,221,171,111,148,295,567,923,576
439,330,159,112,86,127,299,216,924,576
439,329,107,85,63,84,226,685,924,577
285,205,164,122,91,127,340,270,926,577
393,262,172,124,90,133,347,347,882,577
328,209,306,228,154,219,257,622,913,577
401,273,143,124,95,111,262,334,948,577
438,293,316,225,143,217,463,614,735,578
404,304,166,141,116,138,262,309,893,578
346,175,307,239,147,207,359,489,912,578
342,240,210,156,117,167,311,337,926,578
484,350,201,149,111,160,350,346,924,578
643,457,212,162,125,167,341,342,931,578
419,271,208,155,102,147,322,449,983,578
308,233,196,147,114,156,325,333,946,578
574,404,141,111,85,111,344,318,933,579
431,295,194,159,130,158,441,421,912,579
522,365,157,140,101,119,319,378,951,579
642,471,282,190,161,239,453,236,911,579
675,379,345,277,183,236,400,649,866,579
383,230,222,183,122,160,276,642,914,579
459,317,210,149,108,160,268,267,917,579
730,440,298,225,148,213,398,608,929,580
447,237,353,267,178,242,409,602,994,580
491,331,214,172,128,165,355,520,879,580
447,328,167,129,95,128,332,316,892,580
532,256,342,256,156,227,483,656,970,580
605,398,299,241,150,197,457,388,936,580
607,359,218,163,95,135,491,346,891,581
598,394,209,169,114,150,384,338,871,581
511,349,180,145,102,130,452,327,954,581
574,389,147,107,78,113,303,343,926,581
319,225,226,184,132,170,273,402,956,581
578,314,329,255,163,225,395,605,954,581
466,282,391,334,230,288,444,634,945,582
339,228,223,181,119,152,215,509,952,582
391,294,122,84,62,95,258,309,856,582
325,229,274,222,169,211,389,386,913,583
352,204,328,238,146,215,398,655,939,583
515,360,185,142,102,138,339,328,923,583
368,248,174,131,93,133,325,336,921,583
594,444,139,110,89,113,339,345,913,583
323,226,299,255,193,229,360,379,941,584
298,195,147,130,107,120,418,336,788,584
444,346,158,129,113,138,324,331,868,584
438,332,164,118,96,138,310,335,841,584
295,211,174,132,97,133,393,331,789,584
350,251,287,215,161,220,358,620,948,584
436,226,329,261,128,165,124,830,1000,584
519,312,281,226,156,205,367,542,940,584
248,173,125,97,75,97,246,336,918,585
469,250,316,237,147,213,364,687,966,585
295,178,186,123,89,142,435,329,812,585
602,410,212,171,123,158,360,610,915,585
475,312,211,161,123,164,352,387,881,585
404,247,288,220,153,207,298,485,978,586
504,327,223,161,113,166,348,429,927,586
541,309,337,284,176,214,345,613,948,586
492,322,227,167,124,174,337,536,922,586
414,303,200,155,115,152,310,482,879,586
420,293,180,145,107,135,336,360,961,587
358,253,211,167,126,162,395,376,898,587
198,184,253,171,168,245,423,2,172,587
410,276,248,183,140,195,473,364,740,587
485,317,242,182,152,204,497,327,904,587
243,199,158,128,101,130,331,328,917,587
701,413,269,207,135,184,407,529,934,587
625,410,272,205,140,198,348,552,897,588
332,233,132,108,81,101,209,272,938,588
287,176,242,184,114,165,336,414,944,589
611,430,219,181,128,161,367,440,941,589
512,371,220,178,143,176,470,350,899,590
732,452,221,171,111,148,344,911,954,590
277,184,230,178,128,170,246,527,871,591
395,290,141,111,86,111,349,296,821,591
461,331,211,176,142,174,361,268,882,591
471,300,255,203,141,186,369,467,924,592
459,325,218,179,134,164,332,342,960,592
669,384,272,216,144,187,413,426,939,592
421,222,335,262,168,227,368,612,922,592
522,342,204,170,115,144,332,408,946,592
577,371,206,158,114,160,441,337,937,593
563,421,131,115,88,104,322,338,816,593
293,201,186,136,96,138,305,340,927,593
594,340,451,386,232,300,407,500,942,593
592,436,170,143,111,136,316,321,902,593
419,323,173,135,109,142,349,333,858,593
574,305,387,277,191,280,481,526,977,593
498,314,255,197,141,188,383,547,890,593
633,390,250,191,129,178,374,652,881,593
283,243,103,79,74,95,314,86,784,593
568,324,348,255,150,217,381,642,907,594
647,433,225,173,124,166,319,325,965,594
650,411,341,247,170,251,379,481,969,594
530,353,354,266,170,239,415,563,949,595
449,279,237,173,131,185,487,344,916,595
326,224,209,159,118,159,373,316,868,595
391,238,214,157,109,155,293,462,787,595
415,302,155,112,88,123,367,326,883,595
636,470,140,122,92,112,318,280,946,595
297,225,149,112,84,117,247,324,776,595
685,449,179,140,95,129,365,359,775,596
329,215,209,166,126,162,323,320,916,597
350,237,145,115,85,114,306,329,917,597
299,216,155,114,84,119,356,332,863,597
421,277,243,187,128,179,402,327,875,597
485,319,224,174,127,171,353,459,951,597
299,214,171,135,106,136,415,329,757,598
559,330,209,170,109,141,451,372,953,598
414,314,249,189,144,193,271,273,892,598
471,341,206,146,112,165,345,314,897,598
491,315,186,173,128,142,375,307,944,599
325,248,166,131,97,131,321,270,846,599
429,309,191,147,110,147,343,375,881,599
654,427,138,106,78,106,322,666,947,599
403,228,293,208,129,196,284,444,964,599
513,284,206,150,94,136,429,344,962,600
358,276,144,109,90,120,351,307,782,600
473,281,327,212,128,217,400,610,808,600
705,410,350,262,160,227,357,809,956,600
401,276,194,152,110,146,255,322,947,601
276,180,257,209,150,184,207,629,881,601
247,132,264,189,112,169,303,685,889,601
305,205,191,140,97,142,320,340,947,601
618,416,199,155,112,147,454,342,912,601
643,364,327,229,139,215,471,506,737,601
323,217,135,108,78,101,331,300,828,601
383,199,304,241,147,198,378,557,877,602
367,276,141,119,98,118,315,311,904,602
730,476,233,179,124,167,387,514,963,602
728,450,272,207,139,198,398,387,922,602
512,240,440,306,178,285,414,632,980,602
565,392,170,135,97,129,304,310,936,602
408,229,236,191,141,177,423,561,925,602
364,230,242,203,144,180,451,338,749,602
378,269,324,258,183,234,479,500,917,603
733,473,250,187,128,177,405,573,884,604
483,285,175,139,101,128,455,334,912,604
427,244,305,220,136,208,389,548,852,604
253,195,145,106,84,118,251,330,928,604
306,170,242,193,119,155,228,635,907,604
665,405,314,252,177,230,420,615,973,604
346,258,128,101,79,100,254,332,902,605
542,385,188,146,104,140,478,335,831,605
539,351,146,121,90,111,426,319,794,605
443,301,168,126,91,130,278,304,869,605
516,301,269,192,126,188,372,529,906,605
408,203,432,340,202,270,281,896,953,606
531,303,369,283,161,222,403,591,964,606
323,199,237,186,130,169,211,502,886,606
370,262,247,190,145,193,272,508,950,606
531,321,193,146,102,143,281,322,938,606
438,254,331,270,176,229,333,573,928,606
503,303,152,114,84,118,471,336,856,606
468,283,284,209,135,201,378,602,912,606
698,460,179,150,104,132,346,351,953,606
346,232,224,165,117,169,360,436,848,607
233,171,240,165,112,174,361,390,919,607
313,233,148,122,97,122,258,324,943,607
539,369,223,204,146,163,339,336,898,607
332,238,182,145,106,138,329,315,938,607
473,297,240,175,118,173,348,548,884,607
268,195,136,99,69,99,228,315,930,608
397,284,237,182,123,170,333,346,915,608
461,257,368,277,171,251,405,626,905,608
355,282,204,144,120,172,237,285,919,608
350,261,181,128,102,152,275,314,910,608
564,389,285,221,141,190,257,680,943,608
302,191,132,106,73,96,271,297,960,609
634,428,217,182,126,154,362,341,951,609
306,225,173,138,105,135,388,336,894,609
253,188,153,111,84,119,285,301,884,610
478,254,397,284,174,262,449,651,911,610
462,358,134,113,94,110,285,331,951,610
548,374,178,145,105,131,272,235,964,610
578,290,271,211,127,179,478,402,959,610
677,418,345,234,141,223,368,564,1005,611
508,337,256,184,118,174,345,434,875,611
669,395,222,176,114,149,437,436,845,611
400,298,137,111,87,110,302,344,853,611
471,253,336,255,157,225,529,355,993,612
400,285,213,162,121,165,314,425,912,612
584,347,212,119,171,263,608,249,734,612
236,156,141,116,89,110,256,334,904,612
460,273,305,257,179,218,371,590,943,612
329,238,174,128,93,130,218,424,741,612
312,201,178,131,89,129,412,316,919,613
490,274,319,230,127,202,393,548,847,613
464,327,205,162,124,164,398,308,937,613
265,184,170,131,107,142,425,336,927,613
571,399,195,157,125,158,448,369,801,614
224,175,108,89,73,88,214,315,874,614
278,215,158,130,97,121,258,295,815,614
448,311,188,154,117,148,343,291,921,615
719,450,247,188,125,172,395,472,920,615
213,171,128,116,93,105,259,323,914,615
272,178,178,149,107,132,277,313,927,615
528,302,270,192,113,171,357,615,869,615
470,222,267,210,96,136,357,439,922,615
665,482,130,107,83,104,322,351,892,616
633,349,357,262,164,242,379,675,990,616
343,218,271,192,126,186,185,534,922,616
493,354,202,156,125,164,353,336,835,616
275,196,139,114,88,109,225,375,926,616
354,219,240,169,118,176,299,546,912,616
612,390,273,203,122,180,343,601,981,616
419,228,351,265,163,234,403,531,920,616
593,442,132,106,84,104,327,352,895,616
714,438,306,236,161,219,417,596,974,616
425,316,178,141,109,143,371,328,879,617
664,447,237,190,135,179,355,565,883,617
388,302,116,85,72,98,295,236,889,617
681,392,344,243,156,236,410,598,944,617
213,163,147,113,90,117,258,310,880,617
424,232,341,249,157,227,390,676,895,617
444,245,184,145,91,122,435,323,930,617
393,250,204,168,121,154,468,274,902,617
538,396,256,217,161,197,459,409,895,617
426,267,204,153,109,151,334,384,922,618
688,399,463,344,206,298,517,952,1004,618
709,418,282,212,127,177,498,574,881,618
484,342,208,160,113,152,259,544,891,618
384,297,143,112,95,123,285,331,872,618
601,332,521,397,239,326,272,984,1004,618
571,406,225,182,142,181,344,308,846,618
373,250,205,148,105,152,311,405,919,618
513,350,219,170,122,164,353,389,906,618
400,278,178,132,99,140,320,335,918,618
222,172,195,144,103,147,306,286,895,618
524,272,342,279,173,222,403,668,943,618
440,341,99,70,62,88,312,203,910,619
330,226,139,113,86,109,267,328,905,619
521,327,240,187,131,175,344,456,906,619
575,378,207,145,97,146,306,437,938,620
639,381,315,230,147,219,460,663,847,620
527,345,176,137,102,133,343,402,967,620
264,191,123,89,67,96,240,328,810,620
274,195,216,155,116,170,272,344,955,620
341,234,177,136,102,139,347,366,885,620
587,377,279,195,128,195,391,486,885,621
586,418,230,179,146,189,468,146,857,621
344,214,228,169,111,159,165,642,906,621
354,184,209,176,105,138,420,270,936,621
535,340,372,283,202,277,466,481,878,622
306,191,308,222,149,221,389,542,845,622
438,295,223,177,132,169,282,526,932,622
446,319,129,97,71,100,265,329,853,623
468,317,174,133,98,132,293,352,951,623
428,249,354,261,171,247,363,511,941,623
357,244,129,103,75,96,306,311,854,624
266,191,300,236,157,211,235,509,944,624
422,300,187,140,104,144,331,326,951,625
509,333,172,137,94,124,356,337,875,625
573,460,260,175,149,225,477,13,578,625
362,284,121,82,67,101,308,272,885,625
251,182,167,118,88,129,302,306,870,626
369,286,173,123,98,142,398,327,869,626
556,393,211,160,118,164,360,288,858,626
324,183,239,188,123,164,339,555,956,626
206,152,195,156,120,154,235,298,883,627
684,398,187,149,93,126,402,530,984,627
310,217,173,139,103,129,380,332,898,627
328,234,177,136,105,141,299,317,919,627
521,362,249,188,133,186,353,435,915,627
521,320,368,257,174,261,357,683,769,628
540,382,186,143,106,143,272,324,956,628
356,180,224,160,98,145,253,654,933,628
277,171,209,160,115,160,333,333,916,628
530,365,239,201,148,183,347,421,892,628
184,131,213,174,117,150,261,369,924,628
591,381,225,169,119,165,355,549,944,629
335,229,161,120,82,119,261,319,968,629
357,274,160,142,106,126,244,308,870,629
604,381,277,215,143,188,355,508,917,629
544,419,144,108,85,117,341,327,958,629
325,213,222,164,117,168,327,327,949,629
491,355,170,126,95,133,323,305,899,629
323,217,207,155,110,158,349,317,873,630
413,286,195,162,123,151,348,259,942,630
483,329,178,140,110,145,349,356,907,630
293,233,174,135,107,140,375,323,883,630
389,276,140,116,89,110,394,331,907,631
506,350,204,155,113,158,323,339,954,631
627,374,296,229,141,200,410,617,932,631
466,312,223,177,131,170,365,317,898,631
519,300,469,380,222,292,415,1023,934,631
349,220,203,152,102,143,328,455,883,631
424,311,225,174,149,195,454,341,947,631
384,247,243,194,141,180,316,537,944,632
477,289,423,341,215,271,211,947,975,632
412,248,155,141,95,111,297,313,946,632
459,306,256,195,141,195,343,568,939,632
570,357,387,305,221,291,436,692,935,633
287,219,151,120,95,121,354,334,841,633
525,363,271,228,160,194,313,561,940,633
631,426,244,192,135,185,366,458,821,633
654,404,239,184,117,160,364,354,921,633
458,221,343,262,132,189,362,820,978,633
430,305,209,163,125,165,328,448,857,634
300,200,133,104,76,101,217,335,956,634
530,332,254,202,140,184,292,575,923,634
578,406,266,201,155,205,457,606,877,634
520,355,175,128,90,128,295,337,970,634
592,460,212,164,129,169,424,357,863,634
672,428,411,295,194,291,537,609,943,634
416,275,271,213,147,200,342,404,944,635
328,201,182,139,97,133,361,352,885,635
527,316,227,172,119,168,195,799,883,635
464,285,253,196,129,175,352,535,923,635
511,374,200,156,118,158,354,312,857,636
414,275,201,170,125,148,342,339,899,636
301,204,207,170,129,165,407,348,901,636
547,368,270,205,152,208,379,531,934,636
666,424,257,208,135,177,328,313,935,636
687,383,325,256,162,224,384,675,928,636
557,331,367,271,176,249,392,615,983,636
594,407,223,177,132,173,380,342,937,636
563,396,165,135,103,130,287,307,933,637
639,325,436,337,201,281,416,614,979,637
505,311,202,158,110,147,410,381,922,637
550,308,314,226,149,220,351,533,885,637
282,199,149,110,81,113,311,325,676,637
594,321,345,271,162,215,310,592,973,637
480,252,324,251,141,202,407,619,886,637
687,488,478,360,280,378,534,238,749,637
459,340,172,148,119,142,306,308,858,638
305,225,199,150,113,157,330,325,941,638
668,428,401,290,163,237,191,909,999,638
434,269,259,202,131,184,319,667,920,638
314,252,221,145,113,176,428,342,953,638
445,259,276,201,137,199,315,624,939,638
445,272,247,171,116,182,361,574,950,638
661,392,381,285,177,254,487,609,905,639
714,447,311,245,160,219,371,596,929,639
271,175,176,141,102,131,315,312,954,639
342,197,152,119,78,104,583,1,155,639
613,454,145,121,90,113,317,337,842,639
403,323,137,103,90,118,360,144,867,639
521,434,149,108,95,132,343,321,832,639
495,326,204,166,113,149,366,666,962,640
359,240,228,174,115,158,295,413,903,640
629,407,270,195,140,203,435,331,962,640
597,307,440,330,173,248,385,870,941,640
469,284,153,120,78,105,378,338,873,640
349,235,196,161,117,149,299,330,966,640
421,234,215,173,116,150,320,385,956,640
356,223,186,141,90,124,313,328,995,641
347,245,220,155,133,188,466,323,915,641
423,324,209,173,135,170,298,489,968,641
313,206,169,124,81,116,293,333,915,641
309,205,181,141,103,138,319,335,921,641
430,240,301,229,148,210,362,664,924,641
333,276,178,122,103,152,372,245,706,642
379,248,195,157,113,144,311,403,912,642
360,253,138,101,78,110,320,336,875,642
365,247,163,128,98,129,443,71,855,642
186,156,133,110,103,121,392,2,315,643
580,313,192,141,80,117,431,427,839,643
633,443,211,161,118,162,356,323,954,643
517,345,216,147,102,157,462,322,841,643
347,241,204,154,111,155,312,324,941,643
560,317,300,226,155,217,354,663,954,643
287,230,145,107,87,119,331,323,802,643
622,361,317,236,154,222,407,675,898,643
395,299,162,119,91,127,282,338,910,644
348,257,158,123,94,126,350,337,907,644
294,203,248,177,130,191,350,345,905,644
267,201,151,117,88,112,228,307,915,644
599,395,204,159,110,150,339,343,926,645
536,321,267,203,133,193,412,584,839,645
413,226,289,199,134,207,468,620,896,645
281,164,171,127,89,125,461,319,937,645
385,341,154,101,95,144,360,105,769,645
389,253,229,177,120,166,330,353,946,645
614,413,243,191,139,182,346,335,926,645
552,362,186,132,96,144,421,325,889,646
517,377,181,149,119,146,362,316,790,646
283,220,157,135,106,125,285,280,916,646
345,229,153,108,75,114,326,338,814,646
689,438,268,192,133,194,417,578,793,646
545,364,201,163,112,147,333,373,950,646
348,247,156,120,84,112,312,334,949,646
468,350,174,133,112,148,392,312,712,647
160,141,191,145,124,160,497,4,519,647
287,225,194,145,113,154,272,404,929,647
229,169,190,150,121,151,471,4,424,647
352,263,134,115,94,112,294,321,862,647
435,259,289,209,112,170,466,408,884,647
358,260,170,129,95,129,284,330,923,647
491,309,269,217,148,193,371,528,734,648
405,225,273,209,131,186,323,664,974,648
319,251,166,136,107,131,271,328,911,648
343,258,205,146,122,169,352,322,836,648
409,296,248,179,144,206,467,334,901,649
645,413,370,266,177,265,504,691,936,649
465,373,122,89,71,101,308,325,778,649
354,200,209,152,104,151,470,393,814,650
428,320,316,229,166,234,523,435,981,650
596,404,372,302,190,251,476,532,931,650
639,416,308,225,161,231,488,550,941,650
363,216,334,241,168,245,319,648,909,650
584,361,412,310,201,277,413,602,798,650
236,178,206,147,124,173,318,340,761,650
363,250,249,192,143,195,347,309,959,650
394,272,228,176,116,161,374,333,907,650
575,402,211,173,131,168,344,475,897,650
286,195,189,133,100,147,329,301,874,650
325,192,202,155,103,142,355,354,904,650
472,318,189,141,94,132,298,286,941,650
397,211,209,160,110,151,443,430,924,650
389,231,248,175,113,169,335,320,952,651
300,232,111,81,62,88,226,315,930,651
470,355,340,243,182,265,486,629,913,651
365,209,286,225,148,195,319,615,939,651
659,481,272,187,130,204,344,382,809,652
257,192,144,106,82,116,261,330,905,652
460,352,115,101,84,96,265,323,893,652
509,327,221,160,109,162,310,353,978,652
521,336,253,211,145,184,335,493,923,652
598,387,265,197,139,194,365,561,934,652
359,250,171,129,101,137,313,333,940,653
561,399,185,136,108,148,360,329,937,654
417,299,173,132,97,133,299,326,944,654
399,310,206,152,117,163,316,319,929,654
697,469,331,239,169,245,406,560,921,654
421,273,192,148,109,145,373,331,864,654
461,260,287,224,149,208,368,645,930,655
587,389,219,161,109,156,357,313,919,655
383,200,283,222,134,181,393,679,974,655
720,388,405,327,220,289,431,593,891,655
549,368,204,164,117,151,359,330,925,655
615,354,222,182,116,147,287,313,944,655
480,319,227,165,118,169,337,313,892,655
309,224,164,116,89,127,260,360,939,655
435,263,367,285,201,258,358,652,973,655
449,285,193,148,109,146,360,410,900,655
609,403,265,189,127,194,378,375,768,655
467,362,162,128,107,136,381,322,904,656
325,237,151,111,84,117,246,297,917,656
430,318,207,148,113,162,325,376,929,656
433,269,248,187,139,189,459,438,929,656
543,372,378,273,201,290,500,504,941,656
386,301,124,100,80,100,307,328,890,657
412,303,160,117,90,125,318,328,914,657
531,367,216,149,109,162,353,304,947,657
244,183,157,103,77,123,246,299,956,657
350,269,147,118,95,123,289,417,868,658
274,156,266,193,117,171,414,458,925,658
441,300,233,169,130,187,471,361,945,659
210,171,118,92,73,97,164,192,877,659
667,430,279,220,154,204,376,502,925,660
469,225,343,263,169,227,521,526,955,660
439,241,232,182,120,163,350,534,920,660
430,312,173,133,106,141,328,331,916,660
718,408,544,415,272,381,511,1023,972,660
436,308,195,139,113,161,465,344,710,660
450,305,207,141,98,149,420,356,903,661
392,276,223,187,146,176,446,335,920,661
682,453,341,232,158,243,398,629,817,661
352,268,176,135,110,144,327,317,929,661
283,202,195,140,106,153,356,297,922,661
312,188,225,181,122,160,351,438,932,661
243,172,168,128,96,132,305,340,917,662
606,417,246,216,157,186,297,295,935,662
508,374,163,135,100,128,273,336,954,662
459,314,118,79,133,203,515,118,786,662
420,281,193,149,103,142,330,420,920,662
419,315,172,139,108,133,254,366,960,663
353,248,279,216,160,216,438,351,946,663
310,183,227,169,113,161,463,475,938,663
659,345,317,243,123,180,479,647,875,663
439,334,118,96,80,100,270,184,907,665
278,241,106,71,66,98,314,90,769,665
407,298,152,121,93,118,307,327,945,665
534,389,220,174,123,166,294,310,954,665
357,206,291,232,153,208,352,614,918,666
366,226,265,196,134,194,382,545,906,666
539,275,257,196,134,181,468,502,883,666
430,303,259,193,152,205,291,608,940,666
283,233,125,91,76,104,203,302,882,666
565,405,165,121,92,126,285,334,880,666
636,402,381,268,176,264,401,621,938,666
502,283,296,222,153,221,367,482,944,667
415,256,198,171,115,143,378,330,969,667
419,330,136,97,81,116,293,348,878,667
350,236,196,148,107,146,319,294,935,668
385,283,164,122,88,126,234,323,962,668
495,352,215,175,128,166,377,331,913,668
438,323,125,99,73,96,314,337,940,668
390,258,264,202,135,182,382,375,845,668
430,289,258,206,157,205,485,360,860,668
336,248,130,100,74,98,226,319,848,668
343,223,208,155,108,148,433,351,952,668
650,365,481,348,222,330,468,625,987,669
571,361,294,209,135,203,354,470,893,669
720,485,400,276,213,316,493,306,674,669
386,251,221,176,127,166,281,396,924,669
667,443,225,156,113,171,405,443,872,669
296,181,225,174,125,167,298,485,948,670
564,338,208,158,102,145,331,502,877,670
545,402,193,151,107,141,354,399,955,670
421,274,244,178,123,172,283,287,898,670
457,302,183,154,106,131,350,335,872,671
291,155,228,167,102,152,425,422,877,671
293,207,193,142,107,150,340,306,892,671
291,211,186,129,93,140,140,520,805,671
726,445,298,233,156,209,378,519,965,672
402,294,134,106,85,110,264,325,924,672
210,169,161,126,102,133,258,306,854,672
382,296,171,128,106,147,266,324,951,672
525,321,369,289,190,255,224,867,941,672
650,413,315,217,141,219,375,555,906,673
591,311,393,304,134,191,300,791,1008,673
595,371,215,164,113,153,338,467,939,673
516,376,179,136,106,142,340,313,844,673
409,285,234,172,129,179,352,375,878,674
407,252,217,170,116,156,337,386,922,674
470,361,201,148,114,158,465,351,823,674
509,275,429,319,184,270,415,649,949,674
532,345,182,136,98,134,442,362,903,674
414,336,146,110,87,121,240,290,903,674
425,283,187,145,107,143,342,302,861,675
391,295,215,158,125,177,409,417,932,675
275,157,229,167,107,158,347,390,928,676
388,295,145,114,91,119,294,319,921,676
509,289,311,250,164,220,498,648,945,677
476,315,190,155,114,144,329,371,910,677
429,267,239,187,138,183,428,435,942,677
522,331,387,314,228,290,446,500,912,677
395,294,166,119,90,131,281,317,857,677
446,252,258,200,126,177,320,607,912,677
285,191,197,153,103,141,410,445,870,677
479,334,243,188,137,186,379,397,857,678
627,428,222,161,118,168,341,443,903,678
679,441,245,202,144,181,373,488,930,678
420,244,272,212,133,186,385,477,861,678
426,232,323,260,157,210,367,612,973,678
469,290,214,153,97,145,343,320,914,679
493,396,239,198,166,203,427,342,845,679
574,381,201,164,123,152,359,330,947,679
688,472,263,204,151,199,362,476,900,680
462,232,464,367,206,288,453,653,947,680
449,326,218,154,109,167,304,410,940,680
660,362,338,269,168,223,405,667,917,681
710,445,314,234,144,198,564,456,937,681
436,228,339,265,168,229,357,562,973,681
394,272,219,154,105,156,348,521,828,681
655,410,246,190,122,173,373,413,889,682
382,266,260,211,161,194,361,294,877,682
479,279,263,200,128,180,360,539,917,682
533,338,194,142,96,138,331,330,942,682
416,272,210,168,120,158,357,317,914,683
688,467,300,234,155,212,430,628,905,683
474,357,121,59,103,173,521,186,795,683
548,327,478,385,255,327,294,874,952,683
622,442,206,166,122,155,372,314,914,683
338,173,240,181,110,151,424,492,913,683
642,424,262,220,164,204,439,496,908,684
303,225,195,145,112,155,322,297,813,684
333,233,149,121,91,117,283,310,899,684
478,250,302,216,133,193,278,646,950,684
636,483,181,124,98,149,305,334,914,685
283,241,283,212,162,222,367,2,264,685
504,380,207,162,133,174,323,345,935,685
466,310,209,157,112,157,310,313,933,685
645,389,449,333,189,289,389,596,938,685
460,328,195,154,113,148,352,326,899,685
569,333,358,270,176,249,405,597,895,686
268,216,146,103,87,124,358,16,730,686
435,268,252,210,146,183,265,625,931,686
590,394,366,278,179,244,483,789,988,686
529,352,211,161,123,168,350,362,915,687
589,404,196,145,102,143,358,319,925,687
242,182,189,147,104,141,167,457,927,687
399,292,159,121,94,126,280,330,928,687
712,394,361,277,223,309,552,561,945,687
514,331,259,194,125,174,518,350,944,687
526,337,270,212,145,196,447,471,917,687
253,188,122,89,74,105,232,337,930,687
458,331,144,114,85,113,297,305,894,687
498,273,297,218,135,203,366,628,946,687
465,330,221,172,122,164,370,316,721,688
377,276,193,155,124,157,288,304,966,688
609,394,270,211,148,202,385,580,952,688
645,438,264,203,148,197,375,427,967,688
640,413,295,232,157,211,374,486,900,688
499,357,163,141,100,122,353,442,930,688
614,391,440,316,203,302,526,544,970,688
307,211,228,177,125,174,330,344,861,689
408,262,205,155,109,151,344,409,912,689
608,380,257,195,139,186,397,452,959,689
255,173,153,117,80,113,286,338,942,689
615,391,284,218,147,199,377,473,756,689
435,336,144,116,94,118,296,307,913,690
284,209,190,136,101,145,345,341,931,691
407,306,279,231,186,230,472,330,889,691
489,373,131,103,83,110,339,333,909,691
470,311,243,194,130,163,253,587,877,691
347,264,121,98,79,99,282,346,884,691
624,380,313,236,160,221,418,570,905,691
231,180,165,121,95,132,399,336,878,691
440,289,257,210,149,186,289,281,871,691
641,343,350,277,165,219,286,844,955,692
477,337,247,186,141,191,276,597,925,692
420,328,168,134,106,136,310,297,943,692
545,319,328,262,184,239,486,507,818,693
588,396,281,203,139,207,444,531,938,693
534,293,415,299,186,283,468,624,877,693
515,248,374,298,152,216,485,664,921,693
253,182,169,132,98,129,265,328,920,693
318,221,154,111,76,111,451,305,764,693
504,377,151,120,96,124,313,316,917,694
681,445,217,167,122,165,363,507,857,694
443,327,169,123,95,135,320,338,942,694
426,256,321,240,182,252,501,525,865,694
656,401,290,208,141,213,394,577,864,694
366,260,162,131,97,121,255,333,915,694
389,280,238,193,140,181,355,499,915,694
443,371,123,92,79,105,287,178,881,694
426,293,198,155,108,147,229,346,972,695
485,317,153,112,76,108,331,306,870,695
427,282,216,153,108,165,451,345,826,695
531,269,420,307,137,208,276,1023,956,695
291,219,125,95,77,102,272,333,892,696
429,296,263,208,153,201,440,486,927,696
586,377,284,217,149,198,452,435,899,697
468,282,171,138,94,122,430,340,933,697
692,444,361,288,208,259,521,603,894,697
484,379,200,149,117,164,326,342,894,697
604,392,456,336,184,244,581,346,803,697
410,286,195,148,112,152,431,323,873,697
400,217,276,216,137,187,354,610,925,697
620,371,382,260,157,250,314,564,842,697
308,232,204,145,118,169,295,360,938,697
622,324,407,316,197,263,455,564,938,697
529,333,516,413,275,359,528,641,962,698
232,154,129,108,78,98,259,301,854,698
653,425,206,159,117,156,380,492,759,698
649,456,214,169,120,158,323,335,924,698
681,451,294,220,141,202,415,376,860,699
494,312,255,201,137,184,347,484,928,699
585,412,173,131,103,138,434,339,768,699
402,224,347,247,135,208,595,673,936,699
295,204,163,127,95,126,223,338,974,699
365,246,177,157,116,137,292,320,927,699
400,251,301,219,150,213,330,432,909,700
295,209,176,135,102,139,294,334,888,700
379,269,196,142,106,150,297,433,906,700
456,339,106,74,61,89,317,236,909,700
416,284,219,172,119,160,312,531,759,700
226,174,161,124,95,128,278,306,922,700
451,315,162,134,106,126,448,329,910,700
449,335,125,95,77,100,220,317,962,700
432,305,162,115,78,118,198,370,827,701
385,227,237,183,120,165,445,475,925,701
528,350,220,173,124,161,319,390,930,701
289,227,134,105,76,101,586,1,103,701
394,288,250,175,126,185,298,342,947,702
356,267,150,113,88,117,207,290,846,702
591,383,114,99,69,84,330,332,901,702
551,402,174,128,94,131,340,330,928,703
423,289,130,104,79,103,263,332,921,703
365,250,188,141,110,149,344,355,898,703
717,450,273,205,139,196,387,480,927,703
660,392,204,150,93,138,355,1023,1023,703
556,341,353,261,185,259,503,669,970,703
466,324,189,145,113,153,302,367,940,703
550,388,144,114,85,116,330,334,922,704
437,331,181,139,112,151,365,321,879,704
445,254,329,258,174,232,377,542,860,704
514,290,305,238,145,196,446,645,901,705
618,451,207,161,121,158,350,317,925,705
513,309,309,236,150,211,358,432,978,705
547,426,151,126,103,124,299,323,908,705
404,280,255,201,154,202,317,440,909,706
355,241,233,186,143,186,467,329,900,706
298,231,146,120,97,120,317,342,895,706
361,253,140,109,82,111,279,347,940,706
474,347,180,128,96,142,360,299,816,707
602,359,421,319,197,277,507,527,968,707
456,323,196,149,109,148,363,347,889,707
419,279,206,152,116,165,317,366,902,707
630,449,284,214,158,216,390,585,904,707
492,318,234,172,125,171,343,552,927,707
592,391,249,184,133,197,388,387,935,707
419,299,204,169,140,172,442,321,894,707
411,286,160,129,96,122,297,330,930,707
216,184,138,110,87,110,195,319,924,707
704,490,200,174,127,144,371,452,953,708
374,243,301,235,146,201,424,375,971,708
374,243,214,145,105,164,371,342,900,708
273,189,204,166,129,160,232,262,975,708
206,153,139,111,87,110,163,416,869,708
335,258,186,131,97,140,394,187,839,709
579,306,344,254,110,172,106,944,959,709
615,417,219,167,122,165,344,384,952,709
659,426,188,152,104,134,363,300,937,709
573,340,344,245,155,224,498,620,952,709
528,366,289,207,146,212,299,289,872,710
197,154,178,143,111,137,206,290,846,710
592,334,350,262,169,247,396,448,862,710
684,412,278,216,150,199,394,623,888,710
365,248,230,179,125,169,238,565,897,711
524,340,286,234,158,201,391,504,916,711
461,277,321,234,158,218,548,699,737,711
664,366,352,268,171,247,345,665,983,711
432,275,163,126,90,119,325,344,958,711
373,266,123,95,74,97,350,329,856,711
481,303,174,129,95,132,448,329,933,712
219,166,165,126,93,127,276,306,920,712
239,143,287,217,137,194,250,482,987,712
698,478,278,223,158,208,425,485,750,712
721,476,281,210,147,209,448,396,890,712
262,188,160,131,100,126,307,341,750,713
588,378,235,171,121,176,391,581,947,713
327,179,345,257,155,229,373,539,1005,713
391,223,435,307,180,284,658,4,598,713
434,256,293,225,153,209,391,551,982,713
664,432,268,212,136,184,344,617,975,713
356,256,118,88,68,95,266,335,894,713
334,264,186,130,101,149,421,327,838,714
415,318,203,163,128,163,328,253,900,714
650,425,266,203,143,197,361,451,908,714
389,294,167,132,102,134,321,330,943,714
211,160,192,139,100,145,234,349,905,714
421,264,277,203,149,213,361,392,920,715
353,284,122,94,76,103,528,3,492,715
384,303,204,152,112,155,353,269,853,715
496,349,196,144,99,141,317,302,880,715
704,461,397,325,198,258,268,917,985,715
693,438,347,274,197,262,372,497,918,715
338,184,213,158,105,147,470,353,916,715
516,317,250,189,125,175,359,572,836,715
607,323,563,404,161,227,526,944,987,716
324,218,143,112,83,112,241,316,935,716
673,472,306,210,157,246,356,362,942,716
536,426,136,105,91,118,296,332,878,717
342,216,165,148,104,122,334,335,936,717
723,477,206,153,116,158,467,342,897,717
331,223,141,123,89,106,322,306,848,717
550,351,224,176,120,155,367,364,948,718
425,296,246,187,121,172,216,441,946,718
371,252,269,217,144,191,232,462,944,718
470,290,280,228,156,205,372,537,858,719
341,210,273,198,125,184,354,384,925,719
474,313,224,170,117,160,482,436,923,719
254,175,203,146,107,159,282,340,915,719
569,366,209,163,118,156,443,341,892,719
552,370,176,148,104,126,368,412,884,719
650,417,203,169,108,144,324,383,938,720
703,378,362,283,197,256,478,617,967,720
300,210,192,128,91,144,332,321,897,720
701,474,222,157,116,166,397,408,849,720
488,372,461,306,234,376,479,221,792,720
511,343,249,188,134,187,425,318,891,720
611,332,348,276,164,227,411,653,990,720
276,185,192,155,116,147,344,305,804,720
555,302,338,272,161,221,390,575,971,721
361,252,149,110,85,119,308,321,918,721
627,453,150,107,77,112,393,259,851,721
423,303,230,194,140,179,298,321,875,721
555,326,304,243,157,204,424,514,919,721
531,349,216,162,106,144,419,402,874,721
729,473,253,197,131,178,373,548,966,721
412,274,175,136,91,127,327,375,873,721
583,325,286,216,143,199,389,640,821,721
435,328,228,174,134,187,335,326,892,721
663,404,179,133,86,122,458,338,911,722
412,262,243,175,131,191,468,410,941,722
625,442,345,251,194,273,518,674,903,722
677,471,266,207,151,205,417,457,926,723
467,332,211,173,126,160,283,403,946,723
318,192,280,228,141,187,243,591,985,723
520,366,182,133,99,140,456,339,907,723
278,206,153,120,94,122,498,324,887,723
245,156,159,124,87,118,281,318,937,724
635,430,178,143,104,138,366,318,941,724
492,270,305,231,142,206,594,581,1023,724
533,357,178,133,96,129,480,339,917,725
571,375,214,160,119,162,356,518,858,725
428,258,213,176,124,157,391,364,902,725
387,255,205,169,121,152,334,419,929,725
732,465,308,230,149,216,376,616,924,725
250,187,127,111,90,103,314,184,897,725
426,272,170,129,88,123,320,422,949,725
291,207,151,113,88,122,279,316,898,726
528,320,312,235,143,205,429,551,960,726
646,459,231,167,120,177,383,446,912,726
549,433,106,93,75,88,270,301,861,726
486,337,231,175,128,174,417,299,861,726
338,213,267,202,142,196,373,474,938,726
550,361,238,170,116,168,416,324,919,726
617,397,248,176,131,192,362,677,917,726
509,353,182,141,99,132,384,321,890,726
496,261,275,221,133,171,405,505,777,726
345,227,249,190,139,194,373,570,882,726
582,421,436,308,250,358,528,214,780,726
417,326,167,130,97,130,297,299,797,726
625,385,311,225,143,213,396,660,906,726
419,307,173,121,90,133,280,312,895,727
533,363,275,188,126,205,374,304,905,727
260,171,203,171,120,151,106,637,885,727
596,410,245,178,127,184,364,337,948,727
370,264,232,186,145,184,342,441,897,727
442,299,196,144,105,150,346,352,894,727
551,383,218,176,129,167,348,459,930,727
337,221,223,181,130,164,319,540,868,728
270,190,155,109,82,118,247,315,935,728
471,331,175,124,91,133,339,324,835,728
246,156,152,125,87,112,212,292,933,728
574,363,275,199,140,198,420,544,905,728
583,294,523,398,233,328,511,661,970,728
452,333,164,132,93,120,408,324,893,728
597,404,320,225,156,230,346,491,859,729
269,180,263,210,148,191,416,316,922,730
540,399,179,147,118,144,374,327,883,730
409,289,177,126,97,143,347,327,929,730
233,191,119,97,82,100,239,260,935,730
305,220,167,131,99,130,299,345,935,730
356,233,172,122,91,134,357,326,926,730
468,345,183,146,109,140,293,313,880,730
577,400,286,207,156,220,356,500,872,730
531,281,247,205,131,171,418,598,953,730
421,277,207,155,100,145,326,320,948,731
581,404,224,181,138,171,308,323,927,731
385,289,165,127,91,122,436,329,903,731
660,444,310,219,154,228,379,436,906,731
257,168,220,176,111,150,89,571,919,731
456,295,247,192,128,180,302,319,996,731
391,226,234,176,112,159,375,415,934,732
505,348,218,177,129,162,334,369,979,732
551,390,182,156,114,135,335,337,944,732
519,307,171,131,86,117,328,338,927,732
461,269,355,254,158,236,419,649,958,732
222,170,150,110,85,120,209,295,855,732
281,216,184,158,131,154,494,2,381,732
645,438,235,177,123,172,392,390,910,732
518,327,209,159,111,150,314,470,941,732
470,326,162,127,98,125,457,336,922,732
522,283,302,237,158,201,460,675,914,732
485,362,165,122,99,135,318,325,797,732
324,239,186,148,118,152,319,317,926,733
431,297,184,147,114,146,357,331,902,733
461,337,150,115,88,119,315,338,812,733
633,386,479,367,245,333,400,533,956,733
504,269,312,241,149,213,390,671,901,733
361,264,184,146,118,151,291,479,955,734
211,177,116,86,65,90,341,1,218,734
417,278,193,150,109,146,323,351,915,734
527,370,194,143,112,155,312,334,960,734
419,308,158,125,92,122,269,327,867,734
452,326,234,179,131,181,309,288,957,734
377,252,191,139,101,145,342,368,913,734
381,229,137,115,69,90,184,671,1017,734
334,211,221,166,112,160,323,492,924,735
632,413,243,179,119,170,400,393,930,735
324,244,130,105,83,104,287,339,896,735
665,418,233,187,124,163,361,392,907,735
378,291,191,122,100,159,388,345,932,735
395,299,169,138,110,137,413,226,891,735
611,409,246,189,132,180,368,330,968,735
307,192,173,131,91,123,347,341,892,736
586,464,291,198,161,245,467,151,782,736
360,279,175,139,115,146,381,325,877,736
458,251,248,189,116,170,362,677,935,736
375,230,307,218,138,213,362,560,911,736
472,300,249,188,130,179,360,442,877,736
304,233,174,132,108,143,396,326,936,736
354,241,272,208,139,192,278,585,961,736
553,360,372,281,216,293,495,585,897,737
680,419,288,227,125,167,372,327,937,737
556,284,306,238,124,181,364,630,735,737
636,429,254,214,159,189,373,334,910,737
340,216,295,217,139,207,317,512,940,737
655,444,201,165,120,150,373,337,914,737
587,373,283,205,136,197,355,527,909,737
489,332,304,259,186,221,487,480,943,738
324,236,130,93,68,99,285,341,945,738
214,135,233,184,121,161,145,580,921,738
342,236,162,127,98,128,298,362,835,738
626,402,309,256,170,212,406,380,934,738
291,205,135,110,84,106,290,332,953,738
704,459,223,187,126,163,351,393,933,738
233,138,263,209,132,178,189,500,946,739
617,434,224,174,132,173,427,347,867,739
451,336,241,176,148,206,420,431,912,739
366,274,182,129,106,150,388,339,852,739
455,308,182,134,93,133,371,347,950,739
578,424,145,116,87,113,329,334,904,739
341,279,150,102,84,126,263,307,963,739
529,367,186,162,126,143,449,317,768,739
462,270,270,228,139,176,296,699,973,739
394,262,253,184,129,188,370,439,894,740
310,230,215,186,134,159,192,408,814,740
370,259,151,121,94,120,279,315,952,740
432,250,275,225,153,200,363,428,947,740
732,438,280,225,151,199,367,594,889,740
232,209,225,204,190,205,457,70,725,740
344,252,176,138,108,141,300,323,922,740
531,332,205,150,96,144,331,352,900,741
684,424,289,244,169,212,422,702,950,741
388,265,240,190,132,170,161,634,857,741
724,430,283,200,126,196,475,453,847,741
577,430,191,152,124,158,373,362,937,741
275,188,230,164,112,168,472,320,909,741
448,276,226,176,126,167,367,432,905,741
336,207,242,199,150,188,437,328,912,741
375,212,377,295,168,242,393,595,971,742
576,315,333,247,140,208,405,679,982,742
450,318,328,221,185,284,522,551,935,742
420,288,122,97,73,93,287,349,930,743
240,158,220,179,114,146,277,504,947,743
535,332,209,145,106,156,359,479,902,743
351,252,130,105,82,101,251,322,877,743
411,293,180,141,103,139,237,281,931,743
328,251,209,157,125,173,322,319,928,743
269,196,251,174,127,191,348,365,965,743
420,317,166,120,91,134,228,268,805,744
460,291,301,223,157,224,326,593,879,744
538,325,391,300,192,269,407,624,870,744
566,352,262,227,148,182,338,619,918,744
550,358,250,203,139,182,384,327,979,744
397,241,199,148,101,145,356,346,917,744
657,367,507,350,193,299,411,940,1018,744
638,420,224,165,112,160,382,325,862,745
333,238,160,125,93,121,227,316,867,745
667,374,410,306,164,242,385,592,946,745
315,174,239,189,112,147,422,394,867,745
393,264,211,154,111,157,312,404,831,745
716,395,411,317,183,252,302,937,905,745
411,318,146,105,84,121,288,248,928,745
650,387,309,239,167,222,363,567,953,745
659,442,276,218,158,206,384,445,869,746
513,343,261,176,128,201,368,446,937,746
402,287,128,104,74,97,312,302,939,746
224,180,166,122,97,134,191,327,911,746
679,450,234,208,147,176,342,353,994,746
563,370,171,158,110,126,360,322,899,746
298,255,97,69,61,86,322,72,685,746
224,175,164,120,85,125,235,333,873,747
395,303,147,103,82,122,302,318,814,747
276,229,147,111,93,124,288,336,892,747
504,322,491,368,244,340,495,669,926,747
275,200,124,99,75,96,253,323,837,747
384,240,240,217,148,164,430,444,957,747
453,309,181,137,99,134,332,323,891,748
577,342,292,214,143,203,401,573,990,748
714,430,275,194,127,195,390,526,899,748
503,255,340,249,151,222,379,636,975,748
249,202,215,174,149,180,406,8,476,748
245,180,311,208,144,224,537,384,923,748
418,295,166,133,97,127,302,346,932,748
366,219,329,252,162,220,441,642,951,748
371,217,318,239,153,215,372,563,938,748
542,368,191,145,105,147,371,392,906,749
561,377,251,208,147,185,350,445,948,749
682,437,263,198,144,197,414,488,960,749
555,374,204,157,114,155,381,394,897,749
456,342,176,135,99,137,259,299,936,749
604,400,331,245,176,246,309,323,969,749
316,208,214,175,121,157,261,480,932,749
524,384,214,154,122,169,306,347,965,749
522,248,476,348,151,225,293,951,953,750
373,206,237,190,128,167,438,400,969,750
230,165,183,127,91,139,272,305,891,750
295,194,228,185,119,153,224,487,940,750
430,285,194,148,119,158,464,342,963,750
291,146,203,151,80,117,464,386,968,750
468,350,143,103,82,117,348,338,898,750
637,436,226,169,122,174,470,342,882,751
627,463,356,271,210,288,467,155,747,751
233,160,217,183,129,164,337,334,910,751
645,364,365,281,194,257,489,642,896,751
514,332,255,192,131,187,369,425,883,752
365,252,137,107,77,104,304,332,860,752
589,404,236,178,122,176,346,318,905,752
391,221,287,211,129,187,291,673,946,752
722,472,256,192,134,187,390,366,940,752
625,382,287,216,138,199,334,491,956,753
623,408,235,176,121,174,321,583,913,753
723,472,278,215,140,195,470,545,696,753
389,340,90,58,54,82,337,56,619,753
470,322,250,180,118,176,337,399,944,753
221,174,117,93,73,92,196,319,874,754
443,274,203,164,111,143,368,341,966,754
400,285,196,151,112,151,360,320,827,754
654,448,233,158,107,170,324,382,912,754
403,293,168,147,111,129,333,307,947,755
698,398,578,405,251,373,427,1004,993,755
528,389,122,92,73,99,321,338,854,755
415,292,239,185,130,177,313,475,940,755
348,198,302,235,143,199,285,689,933,755
264,195,193,143,98,139,401,364,838,755
229,164,279,220,153,208,354,525,883,755
651,426,215,162,116,160,301,288,954,756
316,206,234,197,136,166,204,621,916,756
465,352,208,161,118,161,297,493,936,757
620,455,177,147,114,144,374,342,936,757
393,243,174,137,97,125,292,407,938,757
568,421,481,363,263,356,476,304,766,757
479,288,303,238,172,227,403,530,950,758
298,197,211,155,108,156,255,315,846,758
644,365,311,246,142,205,385,496,852,759
433,244,242,197,132,171,313,552,910,759
283,206,259,174,126,194,327,493,905,759
328,254,113,94,78,95,234,337,944,759
343,238,258,189,135,194,303,332,910,759
305,204,227,179,126,168,343,506,904,759
545,375,379,271,214,309,486,399,764,759
651,417,252,193,137,183,426,337,913,759
489,351,240,182,148,197,485,537,904,759
470,281,268,211,137,182,314,570,923,760
379,232,277,214,136,192,350,465,933,760
582,413,191,146,104,144,450,350,812,760
457,291,222,176,126,165,321,376,941,760
449,292,258,194,143,198,383,234,913,760
303,206,123,99,70,94,330,322,829,760
396,214,292,213,132,194,342,599,916,760
440,334,142,115,87,110,288,327,935,760
503,342,197,166,124,156,408,323,913,760
548,278,478,352,195,288,491,659,994,761
370,289,125,86,73,107,272,322,948,761
482,362,183,145,117,154,312,322,915,761
408,300,209,154,124,171,419,319,892,761
314,211,214,163,108,151,281,421,943,762
555,379,160,126,93,124,311,333,929,762
364,303,122,90,81,110,384,204,776,763
470,334,162,118,85,122,303,306,914,763
337,217,198,141,99,148,343,434,896,763
479,369,149,115,89,120,323,330,848,763
374,299,101,71,61,87,329,118,897,763
642,438,355,235,175,279,414,622,970,764
506,333,195,157,102,131,285,458,946,764
616,390,205,163,122,155,491,407,932,765
485,368,252,223,179,206,358,330,908,765
246,179,134,109,88,108,287,300,904,765
324,207,387,297,179,257,340,637,1003,765
639,405,329,246,169,236,399,541,886,765
582,378,219,179,127,165,451,441,939,765
364,224,243,195,129,173,315,507,965,765
558,327,306,229,139,206,259,565,975,765
542,347,331,252,184,256,399,603,948,765
694,451,246,185,131,179,455,468,948,766
420,264,326,259,162,215,351,502,994,766
281,232,147,111,99,130,344,1,236,766
399,270,351,259,168,244,369,446,984,766
500,346,205,161,119,157,357,290,898,766
586,432,237,195,145,183,457,342,850,767
323,177,288,226,161,215,361,406,941,767
324,216,161,125,89,121,353,271,873,767
578,433,168,137,108,136,315,344,917,767
554,447,155,108,91,131,302,330,875,768
497,291,227,166,106,156,358,458,845,768
667,403,255,204,149,187,500,403,851,768
444,311,158,116,84,120,359,339,659,768
267,183,121,97,74,97,285,314,897,769
273,176,204,151,103,145,345,333,922,769
400,267,233,171,122,173,308,320,953,769
440,289,149,132,101,117,370,308,922,769
561,365,295,205,151,228,493,383,870,769
478,294,270,201,130,190,373,453,907,769
539,392,176,134,105,141,420,285,916,770
349,274,169,135,111,139,421,319,872,770
207,148,130,101,78,100,253,301,943,770
250,174,172,141,97,128,287,339,804,770
556,307,449,331,212,308,338,1023,917,770
394,269,198,148,110,151,345,329,873,771
538,292,214,153,103,154,435,378,911,771
415,267,339,250,167,240,362,599,929,771
709,450,197,153,97,133,349,325,944,771
405,254,271,193,129,195,434,488,927,772
545,363,198,156,105,142,337,313,901,772
541,341,237,177,128,176,377,514,906,772
416,290,173,149,109,131,313,288,888,772
409,283,211,157,113,157,269,347,945,772
337,206,218,189,132,159,330,416,934,773
456,316,148,124,90,112,292,324,919,773
258,170,201,152,105,147,302,341,931,773
346,269,214,167,136,176,308,303,973,773
293,161,203,151,107,152,356,345,949,773
554,385,199,163,123,157,424,332,942,773
600,409,205,147,112,161,441,280,910,773
352,280,125,81,67,105,323,165,865,773
538,315,296,221,156,215,453,417,955,774
303,187,197,163,113,146,333,362,930,774
491,343,148,110,82,117,305,317,923,774
672,468,221,169,116,160,374,497,863,774
357,228,258,197,123,167,414,557,896,774
421,213,287,229,144,195,452,671,963,774
685,461,270,218,161,209,341,560,955,774
443,291,181,138,106,142,327,330,930,774
446,332,146,109,88,123,300,307,901,775
646,438,249,196,144,188,328,465,927,775
553,305,261,197,118,173,455,490,925,775
368,221,208,176,122,153,300,430,959,775
634,421,244,198,140,183,342,535,943,775
650,410,234,183,127,167,364,623,897,775
722,439,296,225,160,222,400,614,941,775
402,265,242,182,136,185,304,482,941,775
507,354,259,217,166,204,456,314,889,775
439,255,324,233,141,217,351,566,953,775
405,250,274,200,136,199,451,448,903,776
501,335,201,162,122,157,355,347,925,776
385,213,334,265,166,227,346,605,931,776
500,357,210,163,124,163,383,250,889,776
213,164,192,146,111,149,260,319,938,776
476,319,182,140,103,140,298,406,947,776
372,270,137,101,85,120,435,109,721,776
246,173,128,102,78,99,221,340,888,777
726,472,305,228,161,222,504,639,791,777
412,327,122,93,78,102,334,210,699,777
720,479,322,270,192,237,423,577,894,777
352,244,121,91,71,94,269,325,861,777
405,281,231,184,136,174,257,528,927,778
523,262,341,264,161,225,493,666,901,778
358,238,196,168,122,146,364,330,933,778
630,374,211,158,100,144,289,655,946,778
586,354,198,160,106,142,392,335,968,778
457,227,246,193,119,163,376,516,989,778
610,428,167,138,105,128,315,363,970,778
379,261,169,127,98,131,351,322,796,779
419,331,119,90,77,102,284,329,902,779
554,319,293,230,149,198,346,680,950,779
486,308,270,198,132,186,241,645,885,779
432,285,192,153,109,139,334,423,960,780
208,167,123,100,79,100,214,304,872,780
454,277,213,174,119,152,363,475,868,780
405,276,168,128,92,126,321,307,825,780
414,296,265,196,151,212,453,468,917,780
513,292,324,244,154,220,360,613,947,780
251,205,222,168,121,166,453,325,871,780
422,326,165,132,103,131,315,318,860,780
260,190,166,123,100,134,284,329,885,780
644,389,417,292,180,272,394,639,993,780
207,134,175,143,109,134,341,332,942,780
405,205,61,40,67,119,552,28,745,780
354,191,300,241,154,202,368,498,874,781
623,419,214,167,113,158,334,353,913,781
525,343,219,156,111,163,353,429,793,781
429,286,212,162,115,159,384,345,780,781
556,375,160,136,105,125,338,246,931,782
347,237,178,146,104,136,318,407,910,782
326,200,334,264,177,236,486,415,895,782
606,418,272,181,134,206,378,479,918,782
533,268,191,154,124,153,529,335,895,783
244,147,255,191,115,168,158,628,871,783
342,255,123,93,76,100,316,266,893,783
336,234,201,161,120,156,344,387,922,784
389,241,267,214,152,193,440,351,935,784
513,382,187,133,102,152,324,320,926,784
299,225,183,150,120,146,275,341,830,784
498,388,138,95,80,114,443,1,199,785
412,302,167,122,94,136,329,323,852,785
577,343,324,244,160,219,384,629,929,785
292,205,184,138,96,136,311,375,919,785
249,161,192,157,111,140,253,452,895,785
484,347,223,183,141,174,349,332,788,785
443,284,239,180,127,175,347,434,816,786
433,321,155,126,96,118,327,319,931,786
432,236,206,162,113,155,492,337,881,786
423,290,237,171,121,175,303,296,944,786
563,441,117,89,72,98,298,324,929,786
681,452,172,133,86,119,371,339,947,787
496,294,413,335,219,276,276,559,970,787
450,317,281,229,173,213,328,520,957,787
261,228,149,97,90,137,309,64,729,787
608,351,280,227,142,184,362,401,934,787
670,411,463,365,232,320,431,665,882,787
586,322,335,249,148,221,396,589,892,787
409,262,183,139,95,133,330,436,932,788
547,344,200,140,88,137,346,323,887,788
387,286,155,116,85,120,330,331,847,788
316,199,266,205,142,192,268,605,896,789
402,274,158,125,93,120,345,342,886,789
255,216,152,114,103,136,490,2,474,789
514,341,241,190,126,172,358,303,937,789
228,160,255,186,134,185,114,630,867,790
393,257,230,186,133,175,289,620,963,790
493,263,283,218,129,179,525,524,816,790
599,422,197,159,119,153,364,428,839,790
298,246,128,100,87,111,245,314,905,790
537,331,267,206,138,190,363,555,936,790
467,322,271,220,164,212,347,448,952,790
463,297,155,126,91,118,460,327,894,790
625,411,233,179,128,176,371,338,898,790
448,331,195,134,97,147,437,304,888,791
610,437,172,144,104,129,352,331,888,791
712,415,290,209,134,197,380,537,986,791
723,420,307,262,179,220,415,612,869,791
443,309,263,196,146,204,442,328,920,791
368,257,218,162,123,168,332,304,896,791
327,255,159,124,97,129,280,341,883,791
274,180,194,156,113,147,274,491,947,791
482,291,243,206,136,174,355,459,927,791
560,330,252,197,129,173,326,482,979,792
511,305,360,266,168,246,319,524,908,792
476,325,202,147,116,165,334,427,973,792
413,280,234,169,118,173,321,495,957,792
304,168,241,176,113,163,461,366,789,792
629,443,199,163,121,150,324,459,908,793
498,255,266,212,138,185,483,515,796,793
458,345,218,177,134,172,356,307,942,793
486,319,256,195,147,204,399,460,919,793
357,208,250,175,121,183,488,365,950,794
617,373,248,198,139,181,353,531,954,794
453,317,120,93,73,97,328,305,915,794
485,313,293,218,149,212,410,511,897,794
535,389,193,141,109,153,366,324,765,794
489,330,250,187,131,180,353,595,901,794
456,240,295,238,160,215,388,610,889,795
376,265,207,151,116,167,307,328,933,795
434,287,202,154,109,151,371,357,900,795
385,283,187,154,122,147,319,327,906,795
306,209,200,159,121,153,324,328,923,796
675,437,197,152,102,138,273,397,940,796
444,223,292,212,140,208,459,568,905,796
362,238,189,140,102,143,304,320,912,796
376,266,156,111,85,121,303,325,902,796
618,401,194,146,97,140,304,348,960,796
377,201,298,222,134,193,344,666,803,797
409,284,171,143,104,129,339,334,939,797
448,283,215,182,122,154,311,312,973,797
431,288,121,89,66,92,322,377,855,797
403,262,242,194,141,178,458,306,884,797
400,246,192,137,95,141,323,346,934,797
661,434,167,128,81,114,306,312,903,798
482,337,206,162,116,153,321,409,828,798
628,395,304,225,150,217,321,475,967,799
442,348,126,105,88,106,300,330,881,799
713,417,299,234,163,219,370,534,962,799
421,278,261,187,131,195,389,469,749,799
412,270,188,147,110,150,384,319,905,799
373,229,190,141,95,136,320,404,954,800
556,417,138,108,86,113,308,329,846,800
228,150,217,164,110,154,256,514,906,801
638,464,131,108,80,98,326,372,914,801
278,168,237,178,112,158,296,441,949,801
300,232,137,101,78,110,258,293,849,802
499,359,192,134,104,153,341,325,912,802
339,274,114,90,73,94,260,321,758,802
597,394,267,200,148,206,367,442,881,802
317,243,166,123,95,132,285,309,856,803
404,311,120,90,74,99,290,328,860,803
422,254,290,228,144,202,370,495,916,803
384,195,366,270,155,228,386,643,981,803
473,372,120,103,85,99,311,286,856,803
186,156,168,121,105,143,356,42,674,804
576,373,210,147,95,144,397,371,905,804
343,233,234,170,117,167,364,362,806,804
418,290,255,175,120,185,381,383,845,804
414,250,305,220,146,217,474,336,931,805
421,275,238,185,134,182,362,341,944,805
470,371,147,116,91,117,271,303,918,805
710,471,326,222,154,238,348,427,906,805
550,417,162,140,112,134,341,330,910,805
703,374,287,231,150,195,387,696,950,805
553,318,183,146,95,128,410,317,1001,805
204,155,183,134,96,138,273,310,920,805
600,363,191,156,98,131,308,630,936,806
595,355,223,167,107,153,358,457,911,806
447,332,191,144,102,142,467,322,648,806
490,312,266,195,136,192,325,661,873,806
391,266,196,152,118,156,335,273,882,806
639,405,368,268,176,254,400,570,960,807
662,371,272,212,131,172,126,948,1008,807
376,243,291,208,148,215,345,496,908,807
458,339,137,107,83,110,268,317,925,807
588,400,187,143,101,139,322,356,912,807
584,377,409,310,187,253,373,818,984,807
498,332,187,146,104,139,326,322,931,807
380,231,307,225,136,200,344,600,978,807
617,440,184,136,106,145,356,350,909,808
496,310,283,224,154,204,373,425,906,808
360,207,343,255,169,233,375,620,954,808
557,279,304,246,165,210,492,410,867,808
239,168,143,114,85,112,281,326,867,808
336,217,178,139,95,131,275,335,937,808
378,276,138,99,72,106,310,332,895,809
226,179,133,105,87,108,146,252,705,809
396,255,270,198,132,201,373,560,952,809
325,246,176,131,102,139,317,309,909,809
424,357,100,72,61,85,404,1,201,809
441,267,253,193,120,167,329,484,957,810
476,317,215,157,103,155,358,331,863,810
452,275,346,238,162,249,391,673,896,810
575,408,283,235,177,223,389,428,944,811
379,248,157,107,79,122,325,321,896,811
465,342,193,137,108,157,335,296,882,811
564,306,443,307,189,290,414,550,958,811
489,320,278,210,145,204,357,447,925,812
334,232,147,115,87,113,287,335,908,812
294,184,278,209,140,192,254,594,938,812
531,371,154,119,89,118,317,298,848,812
623,434,250,192,135,186,300,608,940,812
401,263,181,131,94,134,309,329,935,812
390,321,107,78,64,89,547,2,477,813
598,405,251,195,147,196,367,398,954,813
436,283,203,151,119,167,461,329,934,813
499,267,189,148,86,119,331,566,912,813
497,307,285,205,132,192,225,554,838,814
390,297,187,145,119,157,334,325,868,814
503,327,222,168,110,154,422,405,923,814
359,223,282,206,126,191,371,659,850,814
512,389,181,133,112,154,313,320,923,815
348,254,173,123,94,137,306,346,886,815
390,228,190,147,104,141,369,334,890,815
655,400,285,220,144,200,353,552,880,815
430,254,276,212,164,215,453,454,921,815
665,414,289,237,162,211,382,596,904,815
506,359,262,200,142,196,369,407,956,815
459,357,192,127,98,154,265,317,929,815
530,276,278,225,125,173,370,490,935,815
406,255,197,144,97,138,434,320,936,815
433,329,159,135,112,132,321,305,785,816
602,360,293,223,148,205,395,540,911,816
472,350,164,116,86,127,307,318,862,816
340,206,194,143,91,135,306,310,872,816
411,311,164,122,97,134,326,346,886,816
218,146,179,128,88,133,312,317,884,817
480,317,276,181,113,192,447,423,896,817
522,345,322,258,173,227,489,544,918,817
508,284,378,288,183,262,501,667,945,817
397,256,239,185,132,180,339,327,965,817
434,311,174,151,113,137,319,325,937,817
413,282,205,160,111,148,309,310,927,818
367,243,172,126,94,134,288,329,944,818
320,238,146,115,90,117,306,351,891,818
312,243,117,101,81,94,255,321,906,819
597,429,203,153,118,159,442,360,848,819
252,155,259,171,109,177,444,366,914,819
379,336,159,126,122,148,382,2,208,819
667,447,285,213,157,221,409,435,884,819
338,224,197,147,103,146,341,333,919,820
695,422,349,267,172,240,404,564,863,820
401,257,231,194,136,171,368,438,915,820
269,195,191,147,106,145,203,516,959,821
448,288,264,215,160,202,445,436,829,821
627,340,302,230,142,201,356,535,918,821
549,370,207,162,118,157,368,332,915,821
489,331,175,119,77,124,305,294,844,821
463,269,222,197,126,152,339,343,958,821
666,344,371,264,163,246,426,572,932,821
569,345,236,182,125,169,366,505,927,821
288,170,201,167,116,148,259,443,927,821
533,326,252,193,130,181,346,513,937,821
601,308,354,281,162,215,410,596,891,822
318,208,211,152,106,153,299,416,907,822
545,299,355,290,179,240,412,678,945,822
564,384,223,168,119,160,454,264,906,822
510,373,151,117,93,121,346,323,856,822
332,224,224,162,113,166,465,445,915,822
326,244,159,129,100,123,316,282,858,823
321,193,228,164,112,165,374,420,892,823
677,401,487,375,209,306,427,954,964,823
280,207,154,108,80,114,363,325,875,823
522,349,303,248,182,226,379,540,936,823
642,379,293,234,157,205,484,666,873,824
407,186,374,278,137,206,84,929,949,824
605,327,381,305,194,253,406,645,878,824
279,183,205,146,100,152,295,349,974,824
529,332,263,183,131,198,386,320,885,824
639,434,197,172,118,145,338,327,915,824
472,326,111,84,64,88,261,324,943,825
421,306,138,109,86,111,336,310,857,825
507,366,232,201,153,182,450,327,908,825
601,318,298,208,126,190,321,532,962,825
381,265,359,301,231,273,412,361,956,825
641,452,192,158,125,153,326,375,952,825
316,238,142,123,105,117,311,307,905,826
470,310,259,205,148,193,341,593,900,826
612,391,320,249,174,229,400,583,888,826
375,256,156,113,86,123,367,343,759,826
457,303,191,166,116,140,359,306,905,826
421,263,201,144,97,144,359,332,879,827
640,405,248,195,124,166,312,345,947,827
538,397,197,150,117,161,350,342,877,827
418,298,248,192,154,203,430,557,984,827
541,335,204,162,112,150,374,343,932,827
499,335,187,146,101,137,326,352,866,827
335,233,152,117,88,117,360,329,947,827
318,222,164,130,99,130,293,309,935,827
352,267,260,189,159,217,435,417,910,828
497,363,136,118,90,106,261,324,904,828
238,181,196,154,127,162,316,303,905,828
401,298,124,102,81,100,321,316,845,828
254,192,138,109,83,112,250,315,916,828
543,396,190,146,111,154,342,248,944,828
395,226,278,212,122,178,305,667,955,829
547,389,246,205,158,193,370,319,937,829
432,294,133,100,73,101,312,327,866,829
409,332,98,81,68,83,333,162,856,829
435,319,159,118,91,127,281,318,972,830
241,183,158,122,90,121,255,326,905,830
401,303,204,156,126,164,295,359,934,830
554,313,332,255,154,217,312,647,906,830
250,150,157,129,78,104,617,0,148,830
398,248,247,194,130,173,369,396,951,830
268,208,165,129,103,137,205,273,886,831
340,205,201,151,111,154,438,375,905,831
535,369,144,109,92,122,382,151,708,831
540,335,283,198,127,200,343,480,969,831
501,289,303,227,141,205,391,580,923,832
627,385,272,209,138,191,353,669,859,832
458,338,172,139,104,131,337,345,889,832
367,201,301,214,130,201,341,521,905,832
246,198,122,85,68,101,235,327,924,832
348,254,171,140,109,137,252,314,935,833
525,331,311,236,162,216,466,546,983,833
483,355,152,121,91,118,302,322,926,833
412,280,134,110,83,104,273,329,933,833
594,367,249,172,116,182,412,452,889,833
492,371,133,102,81,107,346,343,872,834
360,221,220,165,110,159,356,409,942,834
602,410,223,179,118,157,328,483,906,834
614,411,262,180,141,211,431,487,915,834
410,249,275,199,145,204,260,681,952,835
424,295,167,129,103,138,403,329,871,835
656,382,304,220,144,216,405,636,761,835
285,232,103,73,63,89,356,82,755,836
381,285,151,117,94,124,316,331,871,836
335,233,219,171,121,163,280,394,952,836
443,327,148,109,87,121,289,330,912,837
311,206,246,181,125,179,350,530,922,837
542,339,237,198,136,173,450,380,926,837
503,256,323,236,146,211,486,609,961,837
710,401,470,373,203,275,367,951,963,837
435,294,167,127,92,125,351,317,685,837
361,274,171,116,85,128,411,325,874,838
401,264,183,130,89,134,317,355,848,838
611,440,184,138,106,146,325,341,948,838
359,243,190,135,91,134,415,331,864,839
565,279,369,298,195,249,384,715,916,839
578,342,343,273,154,210,353,654,910,839
652,455,231,186,145,182,387,400,943,839
526,388,153,136,102,120,294,331,946,839
503,362,186,148,115,147,312,347,932,839
483,320,300,225,162,226,375,565,919,839
467,274,227,170,109,157,360,460,874,839
284,198,157,117,88,117,196,336,932,840
470,310,312,243,173,232,311,618,806,840
421,196,203,169,90,113,290,760,996,840
570,382,323,284,197,233,397,448,892,841
422,227,379,280,151,224,432,674,949,841
650,435,211,179,127,155,352,335,902,841
329,220,184,146,100,130,269,301,868,841
517,364,260,193,150,204,352,432,898,841
693,400,183,131,78,118,356,688,941,841
552,394,207,143,97,156,318,331,883,842
696,416,366,273,185,251,403,575,846,842
373,212,397,283,166,255,340,577,974,842
543,346,248,179,120,174,358,393,944,842
601,415,203,149,108,152,314,358,962,842
648,433,321,261,195,253,381,635,920,843
451,341,136,98,82,115,309,333,914,843
413,290,150,103,76,117,300,334,919,844
561,439,108,83,69,92,324,222,861,844
525,381,170,120,90,132,320,349,843,844
404,250,195,162,115,142,352,361,903,844
174,143,119,88,71,99,205,288,836,844
716,468,412,306,211,302,405,573,949,844
626,402,368,263,173,266,395,453,900,845
509,340,204,164,123,160,354,325,885,845
308,217,205,142,104,158,296,415,875,845
524,346,209,165,113,153,304,344,966,845
462,277,244,197,126,169,460,351,721,845
427,294,236,179,137,182,450,342,822,845
433,307,203,155,120,164,291,308,918,845
510,307,318,237,157,225,371,531,961,845
531,379,127,102,76,98,159,704,941,845
412,305,130,108,84,105,308,329,885,845
380,292,304,228,178,242,472,625,972,845
725,431,401,297,193,273,422,639,915,845
578,425,159,112,83,123,431,348,909,846
323,239,177,132,102,139,345,332,903,846
684,415,261,196,129,181,365,346,880,846
676,463,209,160,122,161,377,470,881,846
409,329,194,151,123,163,338,158,849,847
521,302,278,239,154,187,352,502,965,847
360,260,275,189,131,203,538,393,857,847
464,303,226,172,129,173,340,334,965,847
532,423,161,128,103,132,253,315,910,847
725,430,358,263,167,234,414,567,935,847
335,238,145,110,82,114,323,320,859,848
214,177,160,116,100,140,357,1,222,848
629,351,296,229,135,190,347,463,985,848
653,450,234,184,128,171,377,442,948,849
312,222,141,112,80,106,189,306,902,849
551,295,337,248,159,228,478,656,924,849
488,324,221,199,153,173,452,315,842,849
322,196,247,189,125,176,360,328,910,849
535,379,184,154,119,145,306,304,958,849
354,229,183,150,108,139,307,325,884,849
605,386,279,206,143,205,385,507,870,849
400,291,201,165,132,161,414,344,882,849
366,241,201,158,106,147,288,363,910,850
695,434,371,264,180,267,389,552,911,850
574,409,214,165,121,162,370,354,820,850
511,342,191,149,95,128,453,312,701,850
424,240,311,258,157,208,388,657,912,850
418,294,182,144,108,140,336,309,917,850
273,156,303,233,152,209,309,582,871,850
316,257,132,108,89,111,276,320,916,850
530,385,176,132,104,142,354,347,914,851
389,281,230,174,128,176,292,332,916,851
520,348,223,167,125,173,327,493,920,851
502,302,397,289,197,276,387,609,906,851
540,282,295,217,125,185,533,438,939,851
401,315,213,174,145,180,410,325,837,851
567,371,237,183,123,169,331,336,949,851
361,236,209,162,106,150,359,335,943,851
650,414,242,163,108,173,282,427,960,852
383,278,166,129,106,137,414,320,853,852
298,227,146,99,79,119,366,254,883,852
585,408,246,183,128,180,358,412,894,852
687,460,236,180,135,182,394,527,906,852
249,133,213,159,95,138,129,585,830,852
498,331,283,227,158,204,358,626,956,853
327,206,269,186,119,188,373,340,940,854
518,328,255,189,124,178,380,542,883,854
457,339,169,133,101,132,353,334,908,854
455,324,215,153,110,165,332,336,884,854
421,326,247,187,159,212,430,341,834,854
451,284,208,177,127,152,322,507,879,854
451,270,296,234,158,208,474,525,917,855
398,294,170,144,117,141,342,330,753,855
601,407,260,209,145,191,324,370,952,855
510,354,131,99,73,101,277,342,914,855
304,248,136,104,81,110,238,267,900,855
400,226,310,239,150,208,441,666,891,855
493,282,283,213,140,201,447,356,915,855
623,392,228,181,129,169,378,318,869,855
554,412,171,134,100,133,326,333,910,856
583,334,416,367,154,203,451,395,930,856
439,320,175,137,101,135,310,327,941,856
544,278,259,206,110,156,358,652,943,856
635,424,218,176,118,157,376,320,906,856
450,285,283,212,144,200,208,630,870,857
507,303,344,269,159,223,411,698,980,857
459,293,194,151,101,137,339,393,938,857
569,303,247,184,129,174,439,592,878,858
423,226,251,182,116,168,467,498,983,858
586,423,231,183,136,180,449,337,946,858
480,326,240,190,137,178,311,315,956,858
393,231,301,234,154,212,372,480,939,858
541,351,291,217,154,216,384,626,928,858
355,255,189,148,105,140,343,323,878,858
523,318,296,248,167,215,391,541,932,858
374,271,193,138,105,152,319,296,919,858
393,218,221,164,81,121,338,655,968,858
557,397,192,146,112,152,383,322,928,859
667,351,316,273,167,206,459,506,963,859
301,244,146,101,80,120,222,322,909,859
632,359,308,242,150,201,410,557,960,859
367,205,225,176,120,163,462,320,908,859
227,161,199,157,111,147,338,335,895,860
448,352,176,128,104,144,340,320,808,860
467,275,262,206,138,189,325,561,893,860
356,277,161,115,96,134,322,327,905,860
578,338,364,261,166,248,413,654,919,860
513,261,292,212,122,184,452,648,983,861
297,219,143,112,85,111,306,324,924,861
538,404,252,186,151,206,434,594,710,861
499,261,259,200,130,176,404,538,927,862
390,278,170,126,95,130,294,342,935,862
685,465,251,202,130,170,392,529,950,862
655,406,246,185,123,167,345,629,896,862
491,342,198,152,104,143,265,531,901,862
160,151,150,118,114,140,359,7,565,863
456,362,190,157,132,161,302,273,926,863
421,289,172,142,106,134,301,320,897,863
547,368,183,143,111,143,340,305,807,863
626,361,320,249,172,234,414,659,901,863
238,184,122,90,73,101,248,312,793,863
322,209,178,120,86,131,474,329,880,864
320,241,97,68,58,83,359,62,769,864
656,422,289,234,163,209,417,521,921,864
497,238,443,317,192,274,36,1023,932,864
542,352,318,227,160,229,378,616,900,864
669,363,524,396,245,335,442,1023,1006,864
663,452,251,195,141,194,337,561,948,864
483,310,299,235,158,212,391,366,917,864
620,409,233,172,122,176,353,438,887,864
325,230,225,164,117,169,362,393,944,864
558,354,296,243,163,213,392,673,970,864
514,281,354,275,154,220,377,639,895,865
642,360,459,350,191,275,400,641,962,865
381,278,164,130,102,132,393,416,919,865
353,220,219,173,124,168,278,440,919,865
643,396,264,192,136,202,374,527,939,865
423,314,165,126,105,142,351,236,741,865
624,377,298,221,156,219,465,498,866,865
408,296,142,109,86,115,289,321,887,866
368,289,191,142,108,149,267,315,799,866
546,391,251,178,141,202,326,550,888,866
557,376,121,90,65,90,294,574,955,866
609,314,332,266,152,209,470,575,898,866
681,454,354,274,198,269,518,540,929,866
642,463,168,136,103,131,337,337,927,866
307,243,132,97,76,108,305,263,825,866
534,392,141,98,73,107,325,345,865,867
287,175,222,173,119,161,493,531,924,867
724,444,437,337,205,282,442,950,945,867
335,280,158,124,111,140,368,142,701,867
308,189,286,237,159,206,184,606,927,867
474,283,260,201,135,186,465,414,949,868
702,378,301,238,157,209,479,416,969,868
580,352,331,228,148,232,382,638,962,868
511,301,306,234,157,218,351,645,946,869
475,364,173,135,106,141,323,338,915,869
284,229,125,98,78,101,243,310,809,869
475,270,299,221,154,219,442,385,930,869
433,226,356,286,187,239,461,605,948,869
509,317,263,193,130,183,369,340,810,869
489,358,201,150,112,156,360,344,951,869
466,259,269,205,126,175,344,649,940,870
412,255,204,158,112,149,355,338,928,870
331,232,159,129,94,117,334,324,969,870
239,179,210,167,130,168,406,321,834,870
275,202,146,104,87,123,249,324,925,870
580,363,322,241,170,236,390,392,905,870
412,295,176,131,92,129,300,305,899,871
453,276,302,213,143,210,532,583,961,871
367,179,316,255,151,199,338,550,919,871
360,281,146,115,91,119,319,231,906,871
531,269,363,265,149,224,493,636,956,871
661,358,425,314,156,238,301,860,978,871
660,393,245,176,121,177,517,481,898,871
478,350,218,153,114,166,382,311,891,872
481,314,224,177,130,170,360,490,901,872
244,181,192,156,118,149,259,315,865,872
393,283,181,141,100,137,276,416,935,872
277,204,120,94,76,98,275,331,882,872
374,275,207,155,125,168,478,456,879,872
225,150,191,137,99,142,435,336,735,872
547,383,190,171,134,153,338,330,894,872
513,350,203,152,109,154,313,412,948,873
671,385,369,268,141,212,384,700,950,873
643,420,294,226,154,210,363,480,937,873
507,310,195,147,95,137,333,325,932,873
400,277,264,199,159,212,422,663,867,873
559,386,270,191,132,195,329,489,690,873
692,389,405,310,195,282,398,607,1003,873
347,243,199,162,125,159,328,393,945,874
522,352,216,167,117,159,324,318,923,874
316,174,274,205,129,186,391,451,924,874
340,235,191,151,111,147,336,281,916,874
523,347,214,163,110,152,313,306,936,874
491,315,177,132,91,127,341,342,940,875
493,315,299,232,164,225,350,565,895,875
622,437,242,209,146,179,456,307,878,875
524,365,221,172,127,167,399,441,979,875
572,376,264,212,155,203,447,385,938,875
399,285,146,116,87,112,336,316,863,875
670,398,399,286,188,279,358,553,979,875
302,201,189,141,100,141,239,312,971,875
486,346,204,156,116,156,320,424,950,876
683,450,425,319,218,315,433,589,897,876
575,434,181,139,109,146,338,337,922,876
435,292,226,180,136,176,380,340,823,876
477,332,176,127,93,137,230,303,951,876
326,229,188,159,123,143,329,362,896,876
367,205,275,189,121,189,383,594,846,877
544,373,205,157,105,146,364,317,895,877
235,167,197,159,117,146,69,415,897,877
402,260,180,155,114,137,314,348,928,877
581,296,331,248,145,198,386,666,952,877
696,403,325,248,154,208,451,701,942,877
667,403,325,228,158,233,460,612,889,877
530,352,248,179,114,169,334,285,930,877
689,379,327,280,178,209,518,659,873,878
592,400,271,208,146,195,375,337,901,878
212,156,175,137,106,139,255,323,829,878
706,462,259,204,142,193,359,635,950,878
605,365,244,187,129,173,431,547,882,878
673,388,294,225,135,194,393,667,966,878
296,204,134,114,82,103,276,332,916,879
474,299,265,191,125,189,359,306,972,879
682,405,252,188,115,167,399,454,871,879
372,274,157,111,82,120,301,304,916,879
400,270,233,171,121,172,386,472,703,879
454,354,149,139,120,127,318,256,914,880
446,319,188,147,111,145,307,310,939,880
491,319,166,146,105,126,276,333,944,880
278,216,184,132,104,149,329,319,812,880
302,198,228,162,120,175,435,398,905,880
341,268,127,92,76,107,218,284,917,881
411,280,244,187,129,175,320,308,917,881
445,336,151,123,102,124,338,316,897,881
450,280,153,121,84,110,325,326,894,881
672,457,258,207,143,183,370,358,955,881
534,400,190,159,123,152,336,325,919,882
443,302,177,126,97,139,302,352,917,882
363,229,233,178,125,171,360,362,915,882
336,253,203,154,123,161,249,439,903,883
340,220,311,232,146,209,307,635,931,883
483,352,213,156,121,169,310,304,956,884
397,269,140,126,91,105,311,325,912,884
425,270,241,192,139,181,294,512,946,884
287,201,289,213,151,219,385,571,897,884
356,262,120,100,74,94,540,1,468,884
655,421,291,229,162,213,389,465,923,884
444,328,144,101,76,113,287,330,857,884
380,263,189,141,101,145,305,352,956,884
506,330,205,154,109,150,341,464,917,885
457,295,254,214,150,188,346,542,915,885
445,350,144,117,96,120,253,311,952,885
446,285,250,208,141,171,366,424,933,885
205,144,157,117,81,112,285,310,942,885
545,371,218,168,122,164,326,448,794,886
279,169,289,217,136,195,334,545,965,886
326,214,242,182,126,178,337,364,990,886
709,482,301,229,155,214,467,444,888,886
531,330,264,206,137,178,318,648,915,886
326,260,127,101,83,107,357,1,204,887
285,247,125,106,96,112,369,2,220,887
536,379,212,158,103,150,400,327,944,887
406,370,115,87,78,105,369,2,209,888
431,238,325,254,156,217,388,599,946,888
200,186,131,82,75,121,349,17,711,888
441,284,166,119,80,122,306,351,937,888
420,261,254,171,120,190,396,423,928,888
343,249,144,107,82,114,287,305,820,888
599,386,205,155,108,152,403,317,929,889
493,311,199,150,98,135,362,330,861,889
448,235,274,191,116,178,311,629,858,889
422,300,175,135,101,134,293,327,938,889
666,442,279,202,153,220,391,486,901,889
476,302,242,182,128,174,344,510,911,890
674,416,375,270,189,277,400,624,892,890
481,323,243,182,130,177,336,401,925,890
514,327,367,304,184,241,485,603,981,890
407,268,192,142,101,144,351,316,824,890
385,245,248,180,124,180,297,541,924,890
382,249,222,163,113,162,311,486,927,890
435,251,338,257,161,229,391,662,973,890
438,316,137,98,76,111,271,320,884,890
390,294,144,100,76,114,249,284,940,891
458,319,173,127,93,135,350,339,883,891
574,408,169,132,97,128,352,335,901,891
616,452,183,144,107,138,334,320,920,891
335,234,140,109,80,104,263,316,938,891
372,294,133,98,80,110,300,332,859,891
499,372,250,176,143,212,452,112,746,892
600,379,283,198,138,209,371,512,904,892
544,329,258,189,122,174,355,556,898,892
693,400,433,317,171,246,429,842,964,893
566,335,281,233,161,196,422,471,907,893
730,396,320,279,177,209,403,632,932,893
299,220,266,204,162,214,366,481,804,893
639,444,251,186,144,202,394,343,941,894
677,457,284,201,143,208,335,633,940,894
382,250,240,182,128,184,365,410,928,894
445,284,170,129,91,127,361,326,886,894
481,319,236,174,122,172,392,458,968,894
332,268,153,107,88,131,326,324,805,895
396,243,205,168,112,145,364,385,918,895
210,150,156,128,103,127,243,322,937,895
392,299,163,136,113,136,305,291,930,896
427,255,241,188,127,171,406,438,925,896
350,232,221,174,117,158,299,520,906,896
422,317,115,88,68,94,284,320,903,896
574,343,337,233,145,225,337,602,923,896
605,302,175,154,72,84,612,0,125,896
576,392,189,142,97,140,367,344,901,897
384,236,280,207,141,195,488,439,931,897
717,477,290,228,169,221,487,390,965,897
389,264,213,156,101,145,451,319,880,897
628,391,371,300,202,271,423,839,898,897
540,384,152,118,89,119,315,327,909,897
229,175,144,113,90,117,306,301,904,897
187,138,150,107,79,115,237,330,886,897
580,360,267,148,171,269,565,458,840,898
608,411,294,224,146,197,313,653,809,898
582,426,153,117,85,117,321,308,881,898
340,206,220,163,113,160,327,431,953,898
551,330,268,194,129,193,481,296,959,898
557,377,245,175,129,189,358,419,899,898
613,342,365,289,179,244,409,624,877,898
383,275,221,159,115,163,270,377,944,899
526,380,149,116,87,117,342,343,889,899
315,219,144,120,94,115,333,313,795,899
648,393,327,235,153,222,475,597,864,900
415,249,296,219,147,207,335,511,945,900
531,368,209,161,119,158,319,329,917,900
700,479,243,194,134,177,337,436,861,900
535,293,375,275,165,241,417,601,955,900
405,222,254,190,117,170,382,642,870,900
430,287,173,134,101,135,328,361,833,900
334,179,233,179,112,151,263,436,911,900
291,242,145,137,121,127,332,1,195,901
580,386,299,213,155,227,377,522,928,901
459,310,191,140,93,139,371,315,877,901
535,414,196,154,126,156,363,342,673,901
475,235,332,251,157,216,550,670,866,901
479,343,269,188,144,217,390,325,937,902
477,315,255,193,135,191,387,481,826,902
590,429,177,139,104,134,378,321,929,902
437,321,189,124,92,149,432,189,830,902
402,320,111,92,80,97,365,230,833,903
532,334,279,204,132,185,396,512,951,903
343,251,151,104,77,116,311,314,910,903
474,302,180,136,92,128,335,326,901,903
506,343,206,164,124,160,343,385,938,903
316,229,202,153,113,155,392,340,925,903
643,453,330,244,193,268,467,544,921,904
263,146,248,188,114,161,383,331,984,904
562,398,173,138,104,136,364,443,790,904
327,230,134,110,85,105,279,292,845,904
610,404,162,127,85,118,350,322,934,904
467,283,253,198,126,175,462,391,934,905
631,410,255,195,137,193,347,432,943,905
371,268,206,157,124,164,294,533,925,906
382,251,168,132,94,123,341,348,913,906
456,316,352,257,176,255,421,670,978,906
325,249,175,129,100,139,253,330,897,906
334,301,121,82,79,115,362,77,610,906
517,281,352,245,146,229,417,659,828,907
529,319,291,225,151,209,475,582,880,907
694,450,240,194,138,179,358,486,949,907
734,445,319,225,145,225,390,529,970,907
472,301,227,175,125,169,355,433,753,908
428,323,157,127,100,127,339,314,870,908
350,221,165,134,94,124,298,334,954,908
632,476,136,109,86,111,273,332,935,908
345,242,172,133,102,138,290,323,932,908
449,309,247,193,149,192,397,462,734,908
543,354,314,249,156,213,385,673,770,908
399,263,237,174,117,171,416,364,743,908
533,408,224,139,117,191,367,268,894,908
573,360,218,177,121,157,353,313,895,909
342,211,254,189,133,191,368,332,816,909
459,267,281,214,143,200,370,578,876,909
425,237,311,227,145,211,372,632,908,909
655,362,322,242,135,189,479,627,876,909
452,328,277,202,156,223,347,447,903,909
455,231,320,258,162,215,449,498,989,909
326,208,220,185,121,152,313,410,932,910
292,217,220,166,112,155,216,362,859,910
678,428,291,229,165,219,401,570,934,910
409,283,179,130,96,138,318,361,909,910
246,185,126,100,81,105,371,50,801,910
610,427,212,174,132,165,375,384,917,910
624,391,380,288,189,263,490,651,942,910
463,310,122,100,67,86,189,647,961,911
548,362,164,131,93,121,304,367,950,911
519,324,270,206,146,196,340,561,946,911
373,204,325,255,153,212,343,743,910,911
203,162,172,128,98,135,320,306,842,911
614,433,236,188,140,184,356,323,874,911
732,454,360,258,181,265,413,620,954,912
430,277,249,192,140,190,395,447,912,912
433,300,227,175,124,170,386,341,935,912
497,344,268,191,143,208,363,371,969,912
619,360,297,219,127,190,359,396,976,912
493,316,190,154,106,138,393,327,918,913
451,284,346,248,161,242,482,558,854,913
395,214,306,222,140,208,335,636,941,913
674,424,223,178,116,158,333,337,985,913
453,335,186,150,118,147,327,319,886,914
596,349,266,195,119,177,384,540,950,914
357,262,221,161,125,175,325,299,920,914
310,222,176,130,95,137,270,304,914,914
326,217,179,141,98,132,331,327,915,914
590,333,193,143,90,131,514,366,890,914
480,302,268,223,163,198,382,554,916,914
590,364,208,166,119,155,476,378,895,914
493,293,257,195,134,186,325,554,943,914
430,280,199,156,116,154,302,432,933,915
377,184,317,234,132,196,415,659,930,915
380,241,192,135,89,136,331,417,924,915
297,231,177,146,117,145,383,338,963,915
468,359,212,152,118,172,364,336,878,916
667,401,339,264,180,250,419,646,889,916
462,351,184,140,107,146,333,331,898,916
537,374,236,181,124,169,288,527,872,916
457,308,245,192,135,180,271,578,917,916
382,230,311,215,140,215,367,439,940,917
599,312,412,314,153,219,481,709,992,917
498,231,375,286,141,192,312,902,965,917
531,404,176,137,112,149,313,325,924,917
682,441,226,173,113,157,375,361,931,917
409,269,251,200,142,189,350,528,904,917
339,190,267,198,137,193,382,594,876,917
541,330,116,89,60,84,309,651,866,917
491,339,222,165,121,171,346,323,948,917
516,336,235,169,117,172,358,341,931,918
694,434,248,186,121,174,428,350,978,918
538,432,241,180,150,204,440,343,896,918
651,380,332,262,173,234,379,658,932,918
640,411,212,173,115,151,329,329,935,919
409,279,202,134,96,157,304,297,893,919
360,241,184,141,112,149,432,326,887,919
347,220,228,161,108,162,386,390,891,919
465,324,143,112,86,114,340,343,851,919
581,420,194,159,118,148,356,332,871,920
270,208,180,131,105,145,294,369,926,920
474,319,258,186,137,197,397,501,919,920
464,265,379,260,160,253,373,535,945,921
485,267,333,258,172,238,372,566,877,921
362,253,179,141,107,142,307,325,918,921
293,204,189,137,100,142,315,333,922,921
585,392,181,149,101,131,331,342,944,921
430,355,185,130,116,163,385,125,822,921
445,322,368,258,186,278,485,9,452,921
274,196,161,126,89,118,211,346,909,921
353,209,276,222,153,203,480,572,889,922
384,281,129,99,75,102,289,319,835,922
363,260,165,120,83,120,354,349,876,923
326,235,237,169,129,184,257,394,935,923
527,376,179,129,97,142,338,334,924,923
310,181,215,180,122,153,348,427,908,923
405,220,276,207,125,184,294,523,952,923
647,441,324,232,169,243,316,442,917,923
618,415,168,116,85,129,335,302,836,924
466,270,323,246,153,213,426,553,988,924
687,452,284,216,154,212,344,520,955,924
611,373,353,276,176,234,415,640,892,924
255,204,137,111,90,113,245,327,932,924
526,341,235,190,113,151,367,338,996,924
650,415,191,151,104,138,327,398,963,925
255,183,172,131,92,131,237,321,796,925
491,333,173,125,95,135,421,329,943,925
389,260,199,154,112,151,345,280,877,925
539,384,217,155,106,156,362,454,891,926
425,274,161,123,87,119,336,343,940,926
459,321,209,152,105,148,328,327,873,926
528,300,233,184,127,171,389,505,946,926
730,479,254,198,142,192,388,612,956,927
679,448,186,136,106,143,486,339,828,927
410,309,177,129,100,142,225,270,927,927
647,411,323,233,147,222,383,583,747,927
684,428,254,209,140,177,395,560,876,927
372,260,147,119,88,109,296,321,925,927
479,332,202,155,121,159,300,312,949,927
619,429,200,158,121,157,375,436,934,927
344,256,117,93,75,95,262,324,925,927
352,236,170,126,96,133,315,319,905,927
335,266,162,120,97,135,278,316,912,927
378,260,155,116,86,121,338,345,876,927
365,222,174,129,85,125,322,361,889,928
360,245,201,147,105,150,258,291,919,928
535,330,368,273,187,255,515,543,934,928
465,343,192,172,140,155,346,338,951,928
719,404,366,280,184,252,431,531,1000,928
461,279,312,225,150,227,331,640,906,928
268,183,106,90,70,84,274,309,864,928
296,218,199,131,106,164,481,336,755,928
683,407,289,247,166,195,397,612,942,928
360,232,203,171,113,144,333,307,921,929
461,339,185,145,112,148,302,312,912,929
474,329,181,147,102,136,317,331,856,929
607,354,303,253,172,219,370,662,913,929
480,314,283,200,141,204,358,414,924,930
511,363,183,137,96,137,348,396,901,930
694,481,174,143,101,131,353,314,919,930
613,371,323,250,164,226,407,587,727,930
388,230,319,245,174,234,376,472,885,931
597,413,232,181,134,177,428,345,926,931
327,217,193,148,108,146,336,321,955,931
313,235,124,97,76,101,284,193,915,931
529,368,172,144,102,127,307,322,925,931
475,316,208,154,112,157,398,424,957,931
518,388,149,112,84,117,324,332,799,932
218,147,144,114,83,109,260,335,920,932
473,330,234,166,123,175,478,337,868,932
449,291,207,169,121,154,243,541,926,932
313,210,135,98,74,102,355,209,789,932
345,173,281,207,126,189,351,631,949,933
464,294,242,176,122,173,311,550,948,933
529,349,297,216,144,215,358,632,935,933
316,206,165,122,84,116,335,316,908,933
605,368,332,236,140,214,299,588,930,933
302,225,211,183,116,146,559,2,145,933
491,317,231,173,124,168,271,511,864,933
399,296,139,109,84,108,326,329,856,933
450,271,327,244,163,229,400,660,931,933
285,228,132,107,89,111,397,125,712,934
286,177,294,221,137,200,349,565,936,934
332,238,228,161,116,170,330,354,930,934
308,239,140,121,101,118,275,321,854,934
478,333,145,115,89,114,287,314,914,934
422,287,178,136,102,136,356,299,764,934
486,391,194,152,128,164,416,330,922,934
367,196,285,221,143,196,372,627,859,935
384,266,180,145,99,127,308,310,844,935
392,243,193,127,76,129,385,348,704,935
479,311,216,166,114,159,312,459,973,935
340,232,240,185,144,192,336,310,911,935
421,281,221,173,127,168,434,425,941,935
192,167,128,101,82,107,192,308,906,936
400,262,168,129,90,124,370,326,738,936
317,260,134,99,77,108,248,307,934,936
538,431,148,124,107,126,342,329,911,936
604,381,348,230,162,250,478,515,922,936
433,285,172,125,87,125,268,401,959,936
595,375,240,193,135,176,337,529,973,937
463,287,327,245,181,245,469,449,911,937
466,296,156,125,87,110,349,339,890,937
506,346,225,162,115,165,227,664,965,937
418,254,336,255,183,250,439,506,922,937
463,353,143,123,97,116,265,331,917,938
419,309,162,131,92,120,253,303,927,938
342,251,146,103,75,111,285,332,886,938
623,446,311,269,203,242,394,427,903,939
671,468,161,133,95,118,338,320,922,939
513,246,329,236,145,215,461,485,967,939
423,257,360,278,175,248,408,629,922,940
541,331,300,221,145,209,336,446,955,940
564,374,291,209,153,229,375,489,821,940
535,314,240,178,117,165,316,434,938,940
516,307,256,211,140,181,339,526,942,941
616,456,216,154,118,171,321,317,939,941
363,227,321,239,160,233,358,571,931,941
602,418,237,173,126,175,352,393,894,942
274,188,136,99,75,103,238,331,859,942
287,191,187,162,109,128,326,325,956,942
641,461,249,186,129,183,338,446,917,942
642,413,226,185,117,152,380,425,869,942
322,251,108,77,61,86,253,313,870,942
481,342,140,117,86,109,314,327,906,943
543,387,224,166,123,177,315,331,935,943
548,342,209,162,115,154,499,331,852,944
363,261,143,108,81,110,319,339,904,944
508,385,198,136,108,160,340,343,921,944
426,292,195,159,121,154,287,327,917,944
451,235,312,252,153,205,302,623,915,944
426,326,136,110,88,110,294,291,918,944
369,250,203,153,111,156,289,310,864,944
499,281,265,211,142,187,272,640,892,944
496,376,158,120,94,127,349,364,918,945
557,371,178,140,104,138,379,322,888,945
309,213,277,215,168,223,468,322,928,945
359,213,204,146,100,145,285,530,908,945
334,200,190,145,96,133,307,324,953,945
562,346,234,178,107,150,444,374,936,946
684,454,300,230,155,217,410,312,968,946
347,255,186,127,86,131,271,203,897,946
442,226,237,182,116,159,308,534,955,946
574,283,195,152,83,110,144,813,959,946
300,202,197,140,98,140,314,332,946,946
426,325,182,137,114,155,346,319,910,946
435,285,317,227,156,226,615,5,582,947
374,198,346,250,147,223,333,658,911,947
402,297,251,202,151,195,369,319,755,947
573,393,209,151,110,162,346,333,948,947
324,224,172,125,91,131,344,332,857,947
211,163,127,91,69,101,202,290,813,947
357,244,220,160,117,169,338,462,934,947
464,372,186,117,106,170,419,74,598,947
455,297,215,157,106,157,360,525,935,947
534,370,214,168,127,166,451,352,869,948
617,446,258,195,149,200,376,356,932,948
328,252,132,99,73,100,276,320,917,948
418,281,232,188,132,168,355,508,913,948
348,243,139,111,79,103,315,302,923,948
293,167,228,190,123,160,336,373,956,948
643,404,115,98,72,85,313,668,922,948
551,386,189,135,98,143,323,331,906,949
402,271,220,158,133,184,387,623,919,949
666,434,298,225,151,209,486,430,860,949
512,379,185,137,100,141,295,310,967,949
627,343,645,482,236,347,516,1023,987,950
730,440,261,186,124,190,323,516,983,950
539,348,250,166,111,176,425,489,915,950
389,276,219,157,110,165,333,327,810,950
450,242,233,194,135,166,473,346,833,950
404,228,237,179,121,166,330,487,935,950
376,231,197,148,95,139,339,519,907,950
548,322,200,147,97,138,471,338,936,950
402,232,321,243,150,213,361,335,937,950
249,183,172,129,98,135,317,334,908,950
520,312,432,350,258,318,489,429,978,950
477,310,225,166,111,160,434,325,911,951
359,218,212,169,106,142,432,345,933,951
360,184,182,134,74,106,417,416,897,951
380,290,143,104,86,120,301,302,941,951
463,264,226,165,112,161,343,441,911,951
298,252,186,144,127,166,346,328,979,951
559,402,251,184,133,192,393,315,977,951
406,309,148,107,85,120,292,317,862,951
665,455,360,274,203,283,495,522,897,951
489,250,239,195,107,146,388,386,810,951
688,470,172,139,97,125,286,329,928,951
518,315,251,190,126,178,367,655,882,952
379,264,158,130,99,123,320,342,850,952
704,476,246,193,127,170,353,433,835,952
316,188,189,136,94,139,332,351,936,952
361,268,162,134,106,134,283,305,916,953
335,234,132,99,74,101,261,330,944,953
441,251,269,219,138,180,319,609,875,953
448,255,332,247,166,232,379,583,906,954
350,234,156,128,96,121,276,297,932,954
485,290,378,276,177,266,407,637,917,954
617,395,212,158,109,154,344,354,884,954
721,485,249,199,150,191,410,493,920,954
574,415,194,156,124,157,378,336,951,954
685,485,286,223,160,211,325,537,882,954
472,334,250,202,148,191,274,379,959,955
387,298,134,100,82,112,271,327,911,955
613,462,176,127,88,133,328,322,883,955
420,314,143,110,83,111,301,333,934,955
578,376,229,174,119,167,381,335,896,955
336,263,155,123,98,126,302,289,910,955
364,280,236,194,150,187,388,2,184,955
414,281,174,131,95,131,232,438,893,955
383,238,166,127,93,124,344,341,922,955
691,422,247,186,115,164,352,632,929,955
443,327,179,150,116,140,363,277,872,956
409,273,171,137,98,129,321,323,906,957
276,194,177,145,102,132,374,340,835,957
365,252,167,139,105,129,313,330,889,957
408,294,126,94,69,95,283,292,901,957
554,377,219,171,120,160,342,453,931,957
731,404,281,216,134,190,400,649,910,957
641,447,219,166,126,170,330,315,867,957
344,235,287,200,145,216,382,495,915,957
467,281,223,170,109,154,284,561,907,958
431,245,272,203,139,193,330,470,994,958
518,309,355,236,149,237,516,358,949,958
553,329,299,248,166,208,390,544,907,958
373,271,165,127,93,123,316,371,910,958
302,199,145,110,81,113,261,321,908,958
328,206,216,169,117,156,305,315,909,958
625,380,209,159,97,136,332,434,964,958
393,279,131,110,78,98,311,314,855,958
340,227,212,156,109,159,337,317,910,959
454,295,201,150,96,138,355,407,920,959
462,321,160,128,98,126,286,298,927,959
605,359,299,227,146,203,401,512,868,959
543,349,219,177,129,164,372,386,906,959
204,134,187,136,95,138,169,455,841,959
529,315,300,230,164,219,403,680,870,959
440,309,271,216,167,214,463,601,924,960
516,277,307,226,131,193,308,633,947,960
509,364,124,108,83,98,339,301,925,960
366,219,248,195,139,188,342,392,930,960
624,372,293,231,158,204,405,531,881,961
566,409,144,115,88,112,335,306,917,961
355,222,171,141,100,128,322,328,931,962
522,400,158,118,96,132,325,333,937,962
346,218,234,178,117,159,303,425,894,962
536,383,175,136,102,139,295,311,914,962
492,304,310,226,151,222,396,685,872,962
411,297,181,135,100,141,327,342,921,962
393,270,212,162,122,166,359,338,868,963
497,364,215,193,151,172,338,305,926,963
534,322,185,142,92,128,489,331,856,963
509,296,270,194,133,196,323,603,936,963
381,309,156,114,96,135,321,334,874,964
710,454,251,197,140,190,381,509,923,964
346,233,230,172,122,170,281,458,891,964
446,308,143,113,83,109,279,369,932,964
564,395,206,149,104,151,386,339,929,964
529,374,271,195,137,199,391,312,744,964
535,342,226,173,125,169,380,451,1021,964
641,439,182,153,109,132,456,335,940,965
535,326,245,186,115,164,312,376,943,965
301,213,174,135,94,128,294,358,889,965
702,490,246,187,146,199,330,406,963,965
485,256,326,239,140,204,344,641,954,965
382,274,178,135,107,144,338,340,886,966
332,215,190,140,101,144,353,362,951,966
699,402,481,339,215,327,458,641,775,966
354,253,196,152,114,152,298,304,875,966
321,192,143,113,84,106,429,335,908,966
556,350,283,222,157,212,382,608,903,967
321,238,186,135,107,152,337,316,866,967
549,332,311,236,142,209,387,486,1002,967
485,361,259,187,144,201,499,562,928,967
406,227,250,195,134,182,341,569,957,967
551,340,200,144,91,137,355,329,926,967
253,176,166,119,83,124,326,300,828,968
710,392,414,302,185,266,406,646,998,968
417,285,212,163,112,155,303,373,898,968
464,340,145,123,92,111,327,335,745,968
441,308,147,113,81,109,276,328,913,968
377,238,311,224,150,220,384,527,976,969
328,241,182,151,123,145,415,225,909,969
556,358,226,174,126,169,442,391,863,969
550,330,159,133,85,108,355,325,963,969
344,253,166,137,107,133,267,317,911,969
458,282,248,167,119,187,327,535,917,969
264,196,180,138,106,143,255,319,854,969
629,443,259,208,151,192,406,329,873,970
701,464,267,187,132,197,379,471,895,970
611,365,166,133,89,116,449,324,898,970
533,366,227,175,129,174,357,316,908,970
476,305,264,198,136,195,341,449,917,971
659,348,376,277,152,226,364,602,976,971
450,260,427,326,208,296,489,659,846,971
443,328,192,150,110,145,330,334,923,971
580,380,290,219,147,206,480,335,923,971
216,147,173,130,98,136,280,329,937,972
530,358,218,163,117,162,374,412,912,972
381,281,174,131,102,140,249,294,936,972
589,364,319,249,161,219,486,441,932,972
527,410,283,216,182,242,586,8,545,972
367,273,140,117,91,110,326,328,868,973
350,264,158,123,94,127,336,342,949,973
459,288,259,198,136,188,335,567,915,973
696,439,346,266,186,250,405,599,833,973
425,285,421,324,222,300,485,579,928,973
597,371,297,228,155,211,363,358,805,974
486,373,207,170,130,161,323,316,884,975
492,364,140,120,98,115,318,236,916,975
553,379,251,184,136,195,360,431,963,975
361,213,209,163,109,147,361,417,924,975
684,394,345,251,160,225,420,584,918,975
396,270,189,152,115,145,320,324,982,975
494,349,196,152,114,152,364,334,907,975
407,225,396,292,184,272,449,638,940,976
559,410,194,144,111,155,288,326,944,976
675,449,156,119,84,115,309,455,904,976
278,184,287,226,146,198,314,445,921,976
425,264,265,197,137,195,426,304,965,977
464,331,178,141,101,137,298,328,933,977
297,212,156,120,89,119,241,317,919,977
434,316,186,146,118,152,355,403,834,977
515,305,301,219,127,194,361,575,946,977
496,342,159,120,87,123,339,331,924,977
504,348,254,197,154,202,490,398,786,977
703,441,278,229,156,198,405,538,924,977
337,259,135,113,93,112,293,210,909,978
688,391,328,259,158,212,394,615,869,978
556,369,317,215,156,241,351,488,957,978
623,391,302,232,154,206,402,466,853,978
523,360,190,153,113,145,355,312,929,978
461,246,297,226,151,205,490,621,967,979
308,181,190,151,101,134,313,419,913,979
486,277,119,91,74,98,392,336,927,979
577,294,315,224,133,202,434,662,959,979
572,331,295,223,140,201,399,526,932,979
481,295,267,203,128,182,364,437,967,979
572,364,203,158,107,146,335,312,976,979
556,324,255,202,126,168,375,457,971,980
448,278,226,182,123,166,346,403,910,980
312,226,188,152,115,145,242,400,918,980
445,331,173,144,97,126,338,472,892,980
443,314,280,222,157,199,243,641,767,980
477,325,208,161,121,160,290,543,941,980
384,248,184,147,108,140,340,467,870,980
370,238,327,261,174,225,422,644,826,981
398,239,200,138,89,139,354,330,909,981
351,254,119,97,77,95,303,334,917,981
485,355,430,305,235,337,451,421,859,981
532,400,257,191,145,201,411,543,930,981
300,215,169,123,94,131,304,350,945,981
546,392,109,77,58,85,381,263,898,981
410,293,258,194,148,203,308,535,895,981
535,274,289,221,130,186,435,601,865,981
547,392,211,170,127,163,389,344,864,981
479,302,265,216,146,190,442,376,916,982
236,164,162,131,91,117,289,344,919,982
434,283,207,152,105,150,346,440,738,982
478,415,123,88,80,111,433,119,824,982
381,246,211,160,104,149,314,521,929,982
391,267,174,149,102,126,308,314,922,982
527,346,218,178,136,173,398,485,948,983
638,439,217,165,132,177,419,339,964,983
568,332,264,200,101,142,365,611,916,983
486,307,266,210,153,198,457,577,928,983
636,442,321,252,193,249,344,373,964,984
193,145,164,117,86,126,239,282,904,984
521,302,283,218,141,193,377,612,902,984
579,376,303,233,153,211,393,494,797,984
407,299,128,102,81,103,275,338,915,984
545,324,374,265,147,232,445,646,939,984
443,310,170,135,102,131,453,337,870,985
305,243,133,100,81,111,255,316,854,985
371,234,193,148,104,141,353,358,969,985
507,348,189,149,111,147,352,302,832,985
376,208,283,238,148,184,308,594,963,985
484,326,213,167,119,159,358,302,941,986
386,251,213,166,114,150,478,322,852,986
589,356,249,186,127,179,365,569,944,986
316,165,317,220,124,198,434,590,899,987
348,208,304,228,138,201,380,614,957,987
731,416,324,229,139,211,407,525,892,987
299,207,174,135,101,140,285,330,932,988
423,197,351,264,140,196,536,539,738,988
399,292,200,156,121,160,339,320,763,988
652,445,239,182,125,172,450,374,937,988
441,319,399,320,242,314,528,11,516,988
665,436,237,194,136,174,373,338,846,989
574,349,356,267,182,256,398,549,934,989
459,309,209,144,107,161,355,341,934,989
560,399,205,151,109,156,336,456,804,989
441,289,208,162,122,156,324,529,905,989
279,203,121,94,70,94,269,209,906,990
268,198,130,104,75,99,335,188,861,990
372,208,283,226,142,191,357,526,936,990
186,131,185,141,108,147,348,228,874,990
611,445,164,125,96,133,366,332,914,990
447,256,242,204,135,168,365,541,891,991
566,349,278,222,151,201,367,608,940,991
190,152,127,88,72,106,338,46,739,991
652,451,229,177,131,173,399,472,901,991
380,255,124,98,64,87,252,649,944,992
376,252,242,182,128,178,323,430,932,992
593,360,389,287,182,269,401,613,922,992
357,268,138,103,73,104,211,296,847,992
424,244,269,194,125,184,544,344,917,992
728,416,332,248,148,214,390,639,950,992
402,217,267,219,144,178,319,671,936,992
567,389,163,122,93,127,468,323,731,992
657,355,304,216,137,206,411,555,929,993
515,386,268,199,163,221,424,340,789,993
359,214,269,210,143,197,318,584,949,994
467,386,271,214,181,231,556,4,459,994
219,156,146,119,89,111,306,286,929,994
428,298,250,175,128,195,402,440,748,994
431,339,172,132,114,150,349,166,904,994
464,295,197,153,101,136,306,332,951,994
590,328,236,181,110,156,378,378,947,995
267,159,228,179,115,155,337,377,898,995
427,275,278,194,125,182,359,492,914,995
406,295,220,158,114,166,340,313,945,996
358,261,186,141,109,148,331,401,890,996
601,353,243,196,142,178,473,490,881,996
437,293,277,221,178,228,407,653,887,996
355,250,180,130,97,137,315,452,842,997
376,234,218,154,101,152,331,442,891,997
364,227,220,170,112,159,295,560,927,997
598,388,206,156,115,154,349,391,919,997
477,345,197,146,110,156,333,332,920,997
318,221,206,153,108,156,332,309,889,997
370,242,143,111,76,102,331,277,884,998
582,396,174,132,96,132,448,322,823,998
400,242,190,146,86,122,300,382,954,999
379,227,328,246,147,212,390,607,946,999
429,264,321,226,154,231,438,420,837,999
664,403,278,221,146,193,421,424,893,999
562,364,231,174,118,157,553,346,908,1000
264,173,331,235,153,221,302,619,972,1000
385,278,201,156,113,154,300,332,928,1000
564,353,268,204,138,192,333,619,918,1000
453,344,190,149,122,155,347,340,928,1001
404,236,233,192,123,158,362,325,893,1001
397,264,245,195,128,174,358,572,901,1002
385,231,281,220,148,199,341,492,967,1002
487,321,327,245,172,243,358,571,938,1002
277,227,148,111,89,123,234,325,907,1002
451,245,348,285,177,240,359,663,959,1002
679,464,205,164,122,159,359,492,923,1002
388,264,245,183,125,173,506,329,944,1003
592,384,277,190,143,213,375,615,884,1003
539,304,316,249,148,208,478,661,877,1004
563,396,186,127,103,154,351,322,883,1004
513,363,144,115,95,119,361,322,885,1004
611,414,238,188,137,177,366,335,886,1005
501,363,142,112,85,111,321,333,893,1005
523,327,266,208,139,187,358,444,968,1005
455,297,230,169,120,173,306,574,911,1005
310,221,174,121,94,138,241,349,894,1005
566,395,163,133,97,124,353,329,843,1006
188,147,129,110,94,112,269,153,877,1006
528,357,205,150,106,153,299,331,950,1006
612,427,198,160,119,155,360,335,894,1006
434,316,180,143,98,135,247,293,909,1006
256,213,170,120,107,153,376,2,201,1006
186,159,125,98,88,112,458,4,434,1007
556,405,261,207,163,210,381,426,903,1007
532,331,281,204,128,188,434,563,961,1007
214,155,176,138,107,142,295,320,960,1007
593,426,165,125,89,126,303,340,953,1008
436,276,205,165,117,149,373,361,953,1009
626,377,262,198,124,172,440,328,987,1009
527,357,196,153,120,159,386,334,891,1009
333,204,275,219,141,183,296,472,970,1009
591,337,287,209,134,190,512,328,890,1009
547,403,258,177,141,213,398,215,827,1009
519,372,149,118,92,120,244,367,967,1009
244,169,185,136,96,139,243,289,903,1009
208,155,166,130,108,136,286,258,848,1009
311,213,147,115,88,117,280,324,909,1010
465,339,156,126,98,126,313,320,894,1010
568,311,320,264,166,211,389,645,903,1011
416,297,180,140,108,141,291,334,931,1011
325,214,306,244,174,226,398,506,861,1012
348,248,196,148,115,155,389,322,899,1012
376,239,230,164,118,172,343,477,911,1012
704,467,264,207,138,186,313,372,962,1013
560,390,209,161,120,163,369,337,794,1013
412,259,507,1023,1023,150,919,0,0,1019
