"FSC-A","FSC-H","SSC-A","SSC-B-A","SSC-B-H","SSC-H","AF-A","DRAQ5-A","FITC-A","Time"
520,362,145,116,88,110,374,332,873,0
414,221,277,217,127,176,373,614,899,0
463,260,288,225,144,195,423,520,890,0
595,408,229,194,146,176,420,496,860,0
518,367,170,132,102,134,365,335,891,1
265,177,181,152,117,144,374,320,854,1
328,222,215,180,146,177,360,308,871,1
544,371,222,174,130,170,398,331,879,1
469,303,266,211,138,188,343,567,820,2
431,243,267,209,133,180,387,575,866,2
512,343,251,196,141,186,407,372,915,2
637,365,295,233,141,193,404,618,907,2
521,275,372,284,176,246,406,750,947,2
423,192,339,265,126,176,391,622,944,2
597,360,273,198,133,193,475,387,903,2
334,225,158,128,92,121,310,316,878,2
366,265,170,131,99,134,345,317,898,2
258,165,237,177,120,168,308,468,846,2
556,280,441,315,156,257,320,917,931,3
502,318,489,389,227,296,376,973,958,3
333,199,262,196,123,175,322,575,847,3
331,202,219,162,112,160,381,492,877,3
596,387,210,158,108,152,382,374,904,3
430,293,146,122,86,107,533,5,648,3
462,212,317,248,130,178,356,791,935,3
476,333,222,164,116,168,348,347,897,3
358,270,196,154,113,147,336,316,893,4
503,245,366,296,168,235,709,0,21,4
686,461,238,186,129,175,378,459,906,4
411,229,279,220,146,200,444,352,894,4
337,253,168,123,94,134,317,320,884,4
391,262,196,145,105,150,370,325,903,4
527,335,262,228,151,184,361,545,865,4
671,450,180,154,107,133,377,334,903,5
413,243,291,213,145,211,416,477,892,5
669,391,379,314,199,243,422,716,915,5
721,436,230,194,119,150,362,988,970,5
694,477,253,189,132,188,391,359,894,5
329,216,218,168,120,161,349,360,884,5
385,260,208,164,124,162,371,382,870,6
548,364,193,160,119,145,385,327,889,6
363,248,337,285,195,242,389,607,854,6
706,429,217,170,116,158,424,353,888,6
242,151,200,158,108,143,241,511,877,6
329,248,143,113,89,116,320,323,874,6
709,441,327,259,181,241,499,334,874,6
520,314,336,243,159,235,418,571,884,6
660,394,340,265,173,230,436,651,864,7
662,449,303,220,162,236,404,514,890,7
506,358,240,182,135,184,405,326,868,7
401,293,259,213,166,205,393,327,853,7
476,330,193,154,113,146,366,387,876,7
671,461,234,172,120,178,396,330,904,7
426,279,271,223,143,186,352,474,1007,8
468,316,209,151,106,156,385,340,889,8
400,220,376,262,157,253,412,623,904,8
587,389,273,205,147,204,387,426,885,8
647,434,198,164,116,147,447,325,893,8
556,358,243,184,133,181,419,402,966,8
273,205,202,156,117,156,336,337,873,8
289,178,334,250,172,242,384,549,899,9
397,276,238,181,127,169,379,318,902,9
344,222,237,175,124,173,327,471,878,9
418,265,198,159,114,148,356,324,875,10
381,258,282,203,161,231,510,356,887,10
538,331,288,227,149,196,420,476,903,10
345,225,113,84,62,86,377,340,914,10
533,374,135,120,90,104,356,326,862,10
204,148,202,158,113,151,283,389,881,10
432,267,242,171,119,179,413,475,879,10
396,201,276,202,119,177,386,885,937,10
523,347,243,196,135,179,380,440,885,10
494,253,141,107,67,95,426,592,872,10
375,253,182,135,97,139,369,329,889,10
351,225,252,184,132,187,389,470,875,10
381,279,164,120,91,129,347,320,851,11
450,322,236,182,134,178,379,390,875,11
601,416,197,148,107,147,366,352,899,11
601,421,375,283,232,317,445,335,912,11
464,326,203,143,106,153,383,343,882,11
478,288,263,209,145,185,425,475,887,11
667,442,214,178,130,157,436,326,874,11
218,151,194,147,115,156,382,335,887,12
330,195,290,225,145,195,324,641,888,12
219,151,162,126,98,128,330,376,879,12
607,377,349,262,177,244,399,652,890,12
211,139,240,191,134,179,357,402,881,12
550,407,191,157,122,156,348,332,877,12
366,253,235,167,138,196,407,423,905,12
289,197,207,162,118,156,326,411,885,12
654,419,227,174,125,169,411,328,877,12
207,149,182,148,107,137,298,322,903,13
529,347,224,191,132,158,415,327,900,13
593,304,354,266,135,194,449,653,934,13
432,349,106,80,70,91,278,326,897,13
368,255,223,169,121,172,360,350,897,13
409,258,236,159,99,162,370,400,875,13
389,233,265,191,124,187,411,527,910,13
392,239,295,246,156,202,356,565,898,13
316,175,149,95,58,100,443,720,907,13
326,228,160,129,94,120,336,317,895,13
384,243,354,255,163,245,418,506,885,14
544,364,223,181,135,171,384,341,898,14
401,286,247,180,134,190,397,342,885,14
314,260,168,122,102,142,361,324,909,14
669,383,363,268,164,236,506,641,904,14
371,228,243,185,130,180,379,503,888,14
223,151,177,140,95,130,321,319,856,14
325,205,286,185,117,195,400,586,887,14
455,324,114,82,61,87,305,330,857,14
454,267,296,209,143,219,409,488,874,14
326,246,203,142,109,160,369,336,889,14
549,409,133,106,82,105,348,337,852,14
203,144,238,172,121,181,375,348,902,15
341,218,304,238,155,209,279,637,895,15
646,450,295,245,175,214,461,437,836,15
348,248,191,136,107,154,364,346,893,16
237,199,206,158,137,181,436,1,416,16
265,200,167,129,99,131,327,321,886,16
265,176,224,184,135,166,358,323,895,16
286,214,219,176,123,162,279,452,870,16
248,154,166,120,98,137,419,337,851,16
449,289,217,188,137,161,409,333,835,16
707,466,218,170,118,157,395,347,901,16
404,266,251,192,131,179,399,287,865,16
494,326,224,168,118,163,401,389,888,16
321,250,163,127,93,125,330,311,898,16
342,233,178,130,100,140,340,332,867,16
283,159,149,112,65,92,287,714,967,16
680,454,274,211,149,201,426,543,918,16
506,305,223,166,115,160,321,518,981,17
655,470,246,201,157,194,403,338,919,17
510,358,207,150,111,161,396,328,889,17
208,145,179,161,121,142,313,319,845,17
338,244,222,173,136,180,333,524,918,17
397,248,240,173,123,176,389,391,869,17
362,270,192,153,133,167,468,341,846,17
393,270,183,142,100,135,367,320,909,17
210,153,210,176,121,152,299,389,892,17
679,389,554,405,245,363,468,621,911,17
419,270,228,155,107,168,372,373,881,17
372,238,258,193,135,189,395,478,889,17
513,259,314,239,149,207,492,564,905,17
660,383,382,307,200,265,530,327,901,17
568,346,246,187,112,165,336,621,905,17
592,425,190,145,109,147,378,330,875,17
507,316,271,183,120,187,466,339,929,17
402,262,160,120,83,117,345,322,879,18
289,233,139,101,84,117,333,235,825,18
315,196,298,222,148,216,347,574,853,18
485,387,114,86,72,96,339,331,863,18
581,322,297,213,120,190,415,509,863,18
528,317,306,230,147,215,400,612,881,18
588,443,217,172,141,180,403,363,886,18
288,210,148,122,90,112,310,318,867,18
275,179,224,142,92,154,379,373,887,18
356,232,195,157,112,147,582,2,630,19
204,146,178,124,91,138,354,319,909,19
214,171,157,111,89,129,311,335,892,19
256,189,138,111,80,103,326,316,897,19
443,280,387,272,187,277,491,517,855,19
248,178,241,174,119,176,270,562,855,19
461,285,267,202,137,195,396,416,861,19
261,189,112,85,64,88,276,325,874,20
627,379,165,132,81,105,446,706,881,20
319,233,188,161,119,141,399,97,732,20
420,308,194,154,119,158,370,326,876,20
486,297,476,343,227,332,520,234,939,20
649,455,216,159,118,169,395,356,876,20
274,186,111,87,65,85,300,333,881,20
580,328,324,238,153,227,448,662,886,20
556,311,249,189,111,156,468,336,882,20
582,375,269,201,130,191,398,616,858,20
381,205,212,174,118,153,470,407,871,20
449,220,408,280,163,251,434,562,901,20
576,282,339,250,149,223,491,603,899,20
558,290,419,321,195,288,499,611,858,21
229,164,185,142,101,138,332,329,863,21
591,424,145,99,79,121,337,322,890,21
503,325,361,275,180,246,435,662,890,21
577,312,317,238,151,220,424,645,886,21
429,257,272,205,156,212,520,418,877,21
592,388,268,205,136,187,409,475,865,21
403,286,179,137,104,140,361,327,859,21
571,416,242,181,140,193,391,409,852,21
498,374,188,143,114,154,402,338,884,22
662,419,218,176,120,155,419,385,900,22
374,208,375,301,178,242,384,655,927,22
537,302,204,147,84,129,399,333,871,22
455,324,185,147,116,148,370,335,873,22
258,162,308,228,141,205,329,564,861,22
317,280,260,182,156,231,434,2,198,22
456,210,311,229,137,208,534,326,893,22
301,186,301,223,150,213,330,660,879,23
655,380,380,296,209,273,443,546,888,23
591,329,315,229,135,197,438,658,915,23
413,242,223,183,136,169,464,329,876,23
367,236,304,251,179,220,357,579,897,23
611,377,226,155,100,159,416,338,888,24
342,270,197,148,114,155,395,322,889,24
428,274,296,220,143,206,390,546,868,24
341,209,231,159,106,165,457,346,917,24
463,279,289,222,150,204,393,655,887,24
552,413,271,203,159,218,382,487,876,24
355,227,226,175,125,172,363,305,892,24
372,254,231,182,125,165,436,377,847,24
419,297,253,189,140,196,384,330,869,24
508,277,434,344,201,269,468,691,947,25
281,167,333,273,160,211,361,656,938,25
227,153,220,161,117,169,325,346,894,25
383,265,273,220,161,203,400,454,889,25
191,178,120,86,81,111,344,1,227,25
265,181,183,131,97,137,395,323,878,25
438,325,194,150,115,153,361,316,855,25
551,379,255,205,150,193,395,332,882,25
544,399,230,172,134,187,356,328,893,25
507,387,172,136,107,140,357,327,914,25
471,298,269,195,136,197,386,384,898,25
267,203,173,152,121,139,389,321,882,25
659,420,284,228,154,205,466,405,875,25
277,205,187,133,103,149,336,330,882,25
344,203,302,222,148,213,413,518,888,26
725,427,411,301,180,267,460,658,945,26
470,318,190,148,113,148,382,329,854,26
582,405,272,210,148,201,401,395,860,26
357,249,248,207,142,180,449,329,893,26
395,251,187,157,108,137,370,325,889,26
367,201,256,192,121,173,304,706,949,26
374,270,311,215,154,235,387,379,849,26
678,463,205,178,130,155,400,331,875,27
444,311,211,186,131,153,365,419,898,27
438,207,257,182,84,131,372,1012,936,27
694,456,249,174,118,181,415,520,861,27
643,443,174,134,97,131,354,341,902,27
679,423,368,286,194,255,418,640,900,27
494,342,213,159,119,164,390,335,873,27
624,440,263,198,147,207,404,326,870,27
292,182,214,151,102,151,388,369,909,27
645,422,393,279,198,292,501,623,899,27
499,313,178,131,85,124,348,339,889,27
724,452,338,243,157,237,431,480,825,27
532,359,195,163,120,147,363,318,902,27
266,182,248,195,139,184,392,311,898,28
595,357,347,245,158,237,433,619,914,28
199,170,131,103,89,117,384,20,773,28
601,368,197,136,85,129,474,322,903,28
495,368,238,174,131,187,393,316,835,28
719,454,274,205,135,192,408,520,842,28
522,373,184,142,104,142,353,328,853,28
614,386,362,283,207,263,453,476,924,28
334,216,365,269,175,253,371,665,887,28
355,203,327,257,160,220,382,636,849,28
321,229,171,144,112,135,331,316,840,29
552,313,330,244,164,230,440,643,862,29
255,158,266,193,127,184,353,501,875,29
483,347,158,114,82,122,343,331,882,29
503,285,281,226,146,192,497,446,901,29
332,232,245,170,117,181,361,538,885,29
299,205,182,135,98,139,356,317,875,29
514,351,236,160,119,183,382,318,887,30
427,334,165,125,100,134,339,257,849,30
491,346,215,177,138,171,478,322,888,30
417,243,342,256,167,232,489,659,922,30
667,427,155,126,87,110,336,332,910,30
640,377,396,324,204,263,437,816,971,30
474,333,207,167,114,148,397,335,879,30
314,250,131,99,82,111,316,328,899,30
233,168,145,124,98,117,400,323,855,30
424,260,230,157,102,160,472,324,901,30
592,293,342,260,155,214,440,650,951,30
640,450,240,185,143,190,407,460,864,30
297,202,220,170,114,157,375,440,889,31
504,366,210,164,123,164,388,328,870,31
570,409,212,152,113,162,364,337,905,31
565,351,338,264,182,249,423,578,877,31
585,367,183,131,85,131,410,425,878,31
363,256,235,181,132,179,388,351,908,31
652,447,193,150,115,152,433,329,854,31
684,469,214,140,118,184,450,268,904,31
487,343,175,139,105,137,356,325,887,31
395,251,299,235,154,212,374,582,890,31
196,155,178,136,110,145,314,319,907,31
306,206,142,115,85,108,381,325,875,31
525,343,190,156,103,135,381,320,873,31
561,355,310,247,153,210,446,519,944,31
361,271,283,208,171,237,552,2,733,31
314,187,340,275,156,215,367,667,911,31
578,350,287,222,159,209,422,503,890,31
337,227,206,156,107,148,325,413,865,31
456,312,199,180,137,158,439,411,883,32
418,251,271,210,146,196,449,423,872,32
539,302,222,155,104,161,464,371,906,32
364,272,174,137,106,136,354,323,889,32
418,275,230,177,135,179,436,324,914,32
306,238,172,144,117,141,361,321,896,32
339,245,223,154,117,173,374,335,890,32
711,415,435,310,190,283,444,631,877,32
264,167,295,228,155,201,260,592,868,32
314,229,156,138,111,127,328,328,868,33
622,387,344,276,176,232,502,398,875,33
396,333,121,91,79,106,377,237,894,33
348,239,126,93,66,95,308,538,924,33
540,358,254,192,142,194,391,433,895,33
347,195,382,272,164,248,440,646,887,33
386,249,289,196,148,227,409,434,868,33
524,365,229,176,126,173,384,342,869,33
421,258,326,266,173,230,429,451,916,33
219,146,273,211,145,199,354,484,874,33
209,140,191,152,114,148,336,344,897,33
461,221,370,271,131,189,447,653,913,33
512,342,196,161,113,148,390,327,898,33
350,233,241,217,160,181,369,375,900,33
257,177,199,152,106,148,338,440,861,34
586,382,274,204,145,209,406,414,894,34
479,355,142,104,80,115,370,325,855,34
691,450,263,199,145,195,405,377,897,34
593,382,262,209,130,175,417,464,918,34
397,296,165,125,101,139,351,290,842,34
489,344,202,163,118,151,371,355,873,34
494,322,323,254,163,217,389,621,913,34
429,220,333,251,167,232,480,610,885,34
712,481,131,107,71,88,387,621,864,34
374,230,342,270,170,234,489,149,842,34
336,230,182,134,101,140,347,326,902,34
610,428,202,164,122,157,386,337,862,34
357,250,232,183,141,186,380,324,888,34
487,338,225,170,125,173,347,393,900,35
528,356,253,202,151,195,383,374,886,35
598,305,511,388,195,278,396,943,934,35
303,217,259,188,131,187,356,520,925,35
302,146,161,121,74,104,406,696,901,35
378,233,299,221,149,211,419,446,896,35
219,152,273,217,154,203,319,465,857,35
496,306,176,131,69,99,337,840,965,35
442,337,159,116,93,129,334,336,836,35
225,172,135,98,79,113,293,329,859,35
669,462,258,194,135,191,392,510,845,35
566,292,291,211,126,189,431,400,913,35
381,259,230,167,120,176,354,313,906,35
678,394,267,199,132,189,482,410,895,35
601,418,333,239,185,272,529,259,875,36
621,435,239,186,148,195,409,413,894,36
260,228,181,124,103,155,399,332,863,36
356,258,228,191,142,176,416,350,875,36
678,364,388,310,163,219,396,784,927,36
499,385,191,139,107,155,391,333,886,36
624,425,265,185,132,199,375,535,868,36
295,187,185,138,95,134,373,333,857,36
621,337,364,273,146,211,445,653,926,36
402,286,230,169,128,181,387,401,887,36
626,323,294,236,129,170,454,627,950,36
491,353,223,173,126,167,386,368,877,36
453,372,183,148,125,153,404,2,201,36
467,329,242,200,136,177,380,321,891,37
266,181,203,144,103,153,343,327,889,37
433,261,253,177,119,182,388,360,910,37
251,167,208,155,109,155,361,370,876,37
235,164,204,154,110,150,325,383,864,37
517,353,251,185,136,190,395,408,854,37
352,273,154,120,94,124,346,319,845,37
267,172,256,217,147,182,292,617,898,37
361,256,178,133,102,142,358,329,867,37
219,161,195,149,115,155,337,325,885,37
250,185,170,109,84,136,306,327,893,37
496,267,389,291,183,265,533,380,860,37
557,372,120,78,52,86,361,353,877,37
256,194,177,145,110,138,331,329,869,37
518,355,186,142,101,144,374,335,878,37
662,430,330,252,161,226,433,665,892,37
637,395,326,273,169,216,481,603,837,38
325,169,237,164,99,153,411,377,896,38
290,222,125,90,70,101,315,330,882,38
425,269,279,217,156,210,451,500,871,38
363,243,115,89,65,87,315,333,879,38
323,163,304,212,127,195,405,566,893,38
357,254,167,122,89,130,316,322,875,38
494,311,266,207,134,181,357,439,873,38
533,401,187,143,113,151,404,317,893,38
529,409,148,110,88,123,403,196,882,38
485,295,308,239,161,219,431,544,874,38
427,259,263,202,136,181,499,330,909,38
237,141,263,199,135,186,257,631,913,38
192,140,179,139,105,139,347,323,916,38
331,222,215,158,122,171,355,329,880,38
604,326,208,143,86,138,468,736,953,39
653,345,349,261,122,170,373,681,915,39
328,203,273,215,141,195,380,533,857,39
327,211,282,213,153,212,358,604,891,39
174,137,149,121,96,121,318,213,881,39
544,335,305,226,152,215,413,588,871,39
372,283,218,165,150,200,430,175,890,39
734,484,318,256,184,231,429,469,907,39
575,282,377,288,162,229,444,613,843,39
194,149,151,112,87,121,279,362,876,39
345,207,260,213,118,151,396,3,219,39
436,271,237,180,130,175,388,389,905,39
664,439,268,214,149,198,436,506,896,39
263,159,226,183,122,161,327,360,877,40
460,303,390,279,146,213,549,345,905,40
436,277,292,213,141,208,381,438,885,40
316,201,387,283,171,256,427,621,903,40
245,137,216,160,103,149,334,430,886,40
482,358,135,111,84,104,353,324,874,40
306,194,267,194,133,194,388,511,885,40
227,150,286,205,139,209,383,531,876,40
473,354,189,159,128,155,377,320,904,40
548,324,234,178,111,158,462,351,921,40
547,335,355,257,175,259,422,602,843,41
304,193,256,199,140,189,425,348,876,41
454,325,204,168,128,159,380,324,908,41
258,155,285,218,143,194,346,536,893,41
401,228,276,200,132,195,428,550,863,41
583,381,321,243,167,235,383,397,898,41
560,407,178,146,113,144,376,327,854,41
237,150,263,195,128,183,360,444,904,41
453,326,283,224,182,229,371,546,847,42
506,336,227,165,118,174,408,317,860,42
294,180,320,238,148,217,384,534,888,42
337,210,260,193,136,189,395,385,858,42
464,297,145,102,72,108,338,430,926,42
559,356,292,200,135,213,368,508,893,42
635,398,318,249,161,217,403,456,904,42
570,390,276,200,137,199,402,367,870,42
672,478,309,223,158,232,447,565,975,42
413,248,329,247,160,230,434,484,932,42
280,184,213,159,110,155,373,249,883,42
413,276,287,235,161,211,368,324,887,42
189,138,137,116,86,106,297,320,867,43
501,384,179,142,120,150,375,329,847,43
449,247,308,211,133,209,413,626,881,43
246,168,262,207,131,175,253,639,899,43
572,340,208,152,100,145,388,332,904,43
383,248,194,146,101,144,372,326,890,43
306,222,135,100,78,110,341,222,843,43
220,151,199,158,118,151,329,344,880,43
507,295,361,264,172,244,441,633,926,43
526,321,256,199,119,157,347,641,935,43
372,273,160,131,101,128,358,313,887,43
317,250,118,96,79,98,295,243,847,43
523,339,294,227,164,224,407,582,858,43
385,281,158,136,104,121,333,327,897,44
518,356,219,164,102,143,388,347,923,44
540,433,167,134,106,136,349,322,914,44
406,272,244,191,134,180,381,325,912,44
451,260,314,234,142,203,487,591,899,44
408,309,232,186,141,183,368,371,904,44
422,238,204,152,103,146,458,337,870,44
513,263,266,193,124,182,442,529,856,44
254,191,205,154,116,160,368,310,883,44
488,330,240,189,129,171,432,435,871,44
530,319,392,307,180,248,381,762,948,44
491,280,283,225,146,199,417,511,899,44
526,355,175,126,86,127,364,355,907,44
396,222,345,257,145,215,422,494,909,45
485,276,355,253,181,274,532,598,867,45
616,477,176,134,109,149,358,337,866,45
597,367,172,122,78,118,377,327,869,45
513,366,299,230,150,213,432,463,872,45
424,267,224,174,124,168,393,321,877,45
396,214,474,357,185,271,446,649,921,45
373,278,160,131,100,127,346,314,861,45
209,132,215,172,125,159,326,310,887,45
509,249,310,227,130,192,436,633,884,46
612,369,292,226,159,207,502,356,876,46
551,403,137,117,91,108,346,333,894,46
536,326,279,200,144,209,480,501,881,46
430,280,222,155,112,172,384,324,854,46
536,366,177,137,102,136,453,331,885,46
375,265,209,156,113,161,364,325,902,46
491,316,265,199,149,203,395,329,898,46
503,377,188,161,122,146,348,322,883,46
656,464,181,154,118,143,380,340,901,46
566,356,123,92,59,82,289,648,971,46
373,233,284,206,139,202,406,429,869,46
413,291,157,128,97,122,364,298,857,46
353,217,311,243,160,222,373,618,861,46
329,228,197,159,110,145,367,347,879,46
592,420,260,196,149,205,403,342,870,46
488,318,261,188,130,192,408,336,881,46
532,343,302,227,156,217,388,554,857,46
217,135,213,166,112,151,332,428,879,47
496,354,241,184,140,189,407,323,907,47
450,336,152,117,94,124,335,334,829,47
678,416,593,416,208,325,559,952,948,47
466,308,223,173,135,178,469,349,887,47
270,175,294,233,152,197,282,587,844,47
674,370,419,312,184,273,459,673,925,47
211,152,192,134,93,145,351,326,899,47
301,211,148,117,89,116,349,327,886,47
296,168,316,253,155,206,376,685,879,47
311,251,121,96,74,97,306,324,884,47
381,244,192,145,104,140,384,329,908,48
317,221,270,193,138,200,393,507,875,48
414,355,145,94,83,128,401,145,803,48
162,152,194,147,134,175,594,3,409,48
559,400,232,150,104,174,361,329,868,48
344,198,402,301,172,246,481,429,914,48
339,195,355,268,171,249,383,621,845,48
546,303,298,253,165,202,420,559,892,49
668,399,467,335,155,243,498,580,966,49
256,163,192,152,104,138,331,448,889,49
601,366,269,210,144,198,438,385,885,49
686,493,305,235,176,234,418,411,914,49
400,256,250,194,139,190,400,342,902,49
351,267,208,159,125,166,365,319,852,50
392,219,283,202,125,191,428,549,844,50
695,454,258,196,133,182,388,501,893,50
613,443,181,142,112,148,421,334,870,50
251,192,180,131,99,142,305,322,877,50
353,215,309,254,165,212,387,637,893,50
387,239,310,232,156,219,399,606,893,50
265,177,313,237,150,217,342,660,880,50
268,193,179,144,109,139,317,310,890,50
209,132,224,180,116,155,362,325,901,50
443,322,204,168,133,164,368,325,858,50
442,330,183,138,106,144,417,333,873,50
237,146,210,162,110,156,357,389,892,50
651,472,304,238,192,247,492,608,879,51
278,173,181,143,98,134,368,330,872,51
575,330,275,172,90,155,546,204,924,51
251,146,211,179,113,144,598,1,167,51
296,220,154,116,90,123,338,320,901,51
388,281,205,143,103,157,339,322,892,51
419,291,187,147,107,138,377,334,902,52
403,276,231,185,133,180,380,320,881,52
300,222,133,97,74,105,306,330,859,52
461,261,315,247,159,215,403,487,910,52
498,373,171,124,99,139,357,341,870,52
365,243,235,197,144,177,377,333,891,52
329,234,160,141,108,125,335,332,890,52
484,354,190,156,120,151,348,332,881,52
440,294,211,173,120,155,388,318,871,52
455,203,270,211,141,190,512,400,915,52
240,163,230,174,114,160,358,383,890,52
368,203,396,283,170,248,411,630,930,53
260,200,155,118,93,126,301,321,887,53
495,357,172,127,98,136,373,333,870,53
450,359,290,232,174,219,423,1,171,53
710,420,338,255,170,236,443,672,874,53
578,407,245,192,137,178,383,490,872,53
531,414,155,109,85,125,339,332,882,53
348,244,206,172,126,160,368,322,870,53
651,365,402,304,171,245,442,753,962,53
483,352,222,164,131,178,352,322,886,53
245,158,239,190,133,170,298,510,876,53
494,368,165,137,99,124,359,321,894,54
453,334,151,120,97,123,353,321,870,54
626,417,276,204,146,205,400,572,909,54
368,284,244,199,149,188,369,500,871,54
693,429,416,300,194,285,444,646,877,54
381,279,192,140,114,159,404,344,887,54
716,423,352,285,167,220,423,497,892,54
390,236,264,189,149,211,442,434,857,54
493,297,395,312,195,267,442,662,903,55
647,339,293,173,89,165,524,837,906,55
509,373,205,150,116,166,383,323,873,55
343,244,165,135,103,129,331,320,878,55
447,311,174,129,86,124,396,328,869,55
284,179,327,247,155,217,334,605,851,55
450,315,156,141,106,123,352,301,865,56
565,413,269,189,133,197,409,333,898,56
310,178,276,207,139,194,347,561,882,56
624,383,383,268,188,276,462,652,890,56
197,143,202,156,113,153,333,365,857,56
505,296,327,250,148,211,397,579,871,56
228,150,290,227,145,197,262,602,902,56
497,304,246,186,129,181,411,356,879,56
370,253,173,135,103,135,346,331,885,56
336,217,319,243,164,232,384,522,903,57
549,302,362,239,124,210,419,395,890,57
366,290,287,202,166,248,418,314,864,57
364,285,134,109,90,113,333,326,889,57
535,384,234,173,138,189,398,381,860,57
361,226,202,162,116,152,373,346,920,57
622,337,344,248,169,245,494,410,885,57
410,302,211,156,112,151,377,325,877,57
319,211,212,163,116,161,351,307,893,57
521,310,244,193,128,171,370,533,892,57
422,267,210,152,109,157,367,375,913,58
390,257,208,142,107,163,367,334,897,58
292,207,158,123,86,116,313,307,887,58
224,168,194,149,112,149,334,319,863,58
544,376,210,162,114,151,384,405,914,58
395,258,188,134,90,135,371,395,861,58
230,164,156,116,86,117,300,324,863,58
373,301,202,135,109,167,419,286,883,58
225,171,156,121,93,122,295,309,877,58
227,163,211,162,121,165,357,325,857,58
235,178,146,119,90,115,314,323,869,58
539,387,259,199,148,202,381,323,881,58
298,184,296,248,156,194,348,623,906,58
480,317,357,256,172,255,414,645,934,59
215,156,217,153,116,170,329,404,899,59
336,227,251,177,127,190,285,598,873,59
587,425,214,171,126,162,397,325,906,59
261,188,189,147,110,143,400,164,752,59
701,379,405,330,150,192,437,711,926,59
262,175,198,157,111,149,295,462,866,59
227,163,209,167,120,152,443,327,889,59
362,235,233,167,116,174,362,478,870,59
367,258,222,163,123,170,396,327,854,60
300,230,194,149,112,153,315,355,874,60
419,263,260,198,144,193,385,484,871,60
709,376,384,251,108,164,529,707,972,60
462,244,317,245,154,212,417,639,849,60
395,254,240,192,130,171,367,476,885,60
280,213,190,151,124,154,403,322,889,60
653,455,213,169,127,161,399,352,889,60
255,171,225,160,114,171,377,321,898,60
583,406,188,149,105,137,384,387,865,60
562,368,317,258,181,232,421,640,909,60
410,283,292,200,141,217,429,345,887,60
361,225,301,236,145,201,363,677,889,60
258,200,220,164,126,177,332,313,877,60
409,275,149,112,84,116,350,323,851,60
258,205,166,127,103,134,307,317,862,61
529,273,297,233,139,192,426,592,878,61
476,255,189,139,80,118,412,553,815,61
429,326,162,136,108,133,369,328,852,61
402,236,383,295,182,252,385,671,906,61
507,307,252,208,143,184,378,404,903,61
591,357,359,296,197,244,524,532,889,61
213,160,144,113,92,118,338,198,838,61
260,168,192,164,117,143,381,375,872,61
497,280,319,229,151,218,471,650,899,61
650,421,298,231,160,214,447,488,879,62
532,294,374,289,177,237,433,671,929,62
339,197,364,285,175,243,369,633,898,62
452,364,167,106,86,139,337,330,863,62
483,347,193,155,111,147,352,332,912,62
581,307,426,320,181,245,289,1012,952,62
615,380,264,207,138,190,419,510,865,62
269,210,206,146,118,167,333,325,899,62
447,298,266,210,150,196,395,501,836,62
449,272,406,277,174,277,422,656,917,62
309,209,251,191,144,189,426,449,884,62
304,205,222,183,132,168,357,310,898,62
238,188,184,127,109,164,442,331,886,62
671,424,258,197,135,187,412,568,857,62
430,349,176,138,113,148,342,331,886,62
561,370,237,187,141,185,416,441,880,62
285,174,268,189,121,190,382,429,913,62
459,312,201,173,132,160,396,321,869,63
671,424,474,348,237,338,447,725,904,63
546,358,353,280,183,240,382,500,898,63
408,218,291,224,134,196,415,648,874,63
302,167,285,205,125,192,378,504,908,63
629,364,519,402,203,277,422,980,904,63
328,230,190,146,106,146,379,326,899,63
415,221,376,305,199,257,422,500,863,63
297,216,203,162,119,154,325,414,886,63
331,195,386,308,190,250,411,664,904,63
211,144,158,120,88,120,319,318,879,63
276,195,154,128,96,120,337,326,907,64
427,279,228,182,115,154,380,408,902,64
621,403,414,309,212,300,481,640,920,64
252,177,165,134,107,133,337,331,897,64
591,428,178,143,109,140,385,352,848,64
695,449,399,304,189,271,487,626,891,64
574,352,285,204,140,206,409,407,879,64
462,287,238,197,136,169,381,450,890,64
676,416,284,226,148,196,473,462,852,64
305,180,336,249,131,201,372,659,906,64
476,284,410,311,198,280,485,503,853,64
313,201,227,168,111,163,406,375,855,64
326,231,211,155,123,168,364,325,863,65
702,413,322,274,200,241,444,686,920,65
256,185,178,136,101,139,319,324,869,65
411,254,227,163,116,171,428,450,859,65
502,298,277,203,131,189,399,553,860,65
475,298,295,225,156,210,408,469,873,65
415,312,205,152,108,154,448,335,890,65
545,374,214,158,112,156,367,332,896,65
388,283,268,201,145,200,309,532,849,65
438,324,231,185,142,179,389,330,904,65
490,312,294,220,150,214,364,504,910,65
391,216,345,257,156,221,346,638,869,65
223,166,198,154,110,147,342,321,857,65
644,411,262,200,143,194,460,473,886,65
456,320,226,167,120,171,374,327,906,65
304,227,172,135,105,139,290,391,851,66
420,240,294,237,142,192,401,625,882,66
245,148,264,218,137,172,253,614,896,66
651,406,252,187,128,182,406,354,909,66
607,390,263,210,149,199,438,358,906,66
579,412,169,122,88,127,382,336,846,66
719,409,321,281,201,235,500,489,915,66
580,309,395,318,185,262,428,611,900,66
440,318,140,118,92,110,360,334,887,66
262,184,213,152,113,167,347,323,893,66
354,234,260,189,132,189,362,536,877,66
486,310,282,224,157,208,466,457,899,66
364,261,219,180,124,161,349,327,869,66
284,158,137,101,74,103,206,756,1016,66
454,335,171,136,110,139,362,322,833,67
305,201,122,94,69,92,378,344,849,67
434,309,210,159,110,162,374,350,862,67
414,266,248,179,128,188,377,323,882,67
380,289,192,141,109,154,343,282,797,67
439,312,178,131,110,150,430,335,887,67
423,277,250,196,137,181,365,326,885,67
536,360,234,153,101,171,380,321,876,67
430,211,407,304,173,252,499,639,929,67
417,216,417,304,163,248,480,628,913,68
319,192,280,209,139,202,323,647,894,68
550,320,135,90,56,92,410,637,840,68
524,315,308,226,165,238,498,404,902,68
219,146,184,127,87,135,294,317,904,68
231,223,128,87,84,123,355,1,195,68
302,183,317,245,150,204,336,556,869,68
224,157,174,127,94,136,320,338,876,69
342,241,185,166,128,145,346,335,896,69
243,195,169,109,84,138,338,328,873,69
194,147,181,145,117,147,404,320,863,69
419,264,311,252,167,219,425,585,885,69
312,223,192,153,112,149,349,396,897,69
321,183,288,222,141,193,366,551,854,69
318,196,262,198,136,190,278,679,920,69
377,280,182,150,115,144,356,326,879,69
377,247,331,259,164,231,346,573,875,69
516,365,215,163,120,162,364,486,840,69
507,257,392,295,169,243,416,677,940,69
198,150,193,144,113,154,362,344,877,69
520,345,294,235,161,209,410,527,904,69
323,216,334,271,198,253,390,660,890,70
731,423,395,312,178,234,416,789,906,70
387,296,138,107,85,112,356,313,868,70
394,241,221,173,126,165,376,523,887,70
657,465,192,145,106,148,362,340,903,70
267,155,196,145,109,153,478,321,885,70
239,189,236,179,141,193,491,66,752,70
584,443,228,182,140,180,360,327,888,70
235,204,157,118,106,141,377,25,780,70
528,292,449,332,207,300,487,660,875,70
362,217,344,251,160,232,421,462,870,70
288,180,257,215,139,179,369,456,861,70
613,421,253,232,171,195,407,438,890,70
325,217,173,136,106,136,416,319,879,70
370,195,287,226,152,197,335,632,884,71
541,405,192,144,115,156,373,338,899,71
351,197,322,235,149,215,374,572,887,71
555,429,217,163,125,173,348,329,889,71
505,382,240,197,156,194,364,323,862,71
305,191,261,189,130,191,337,543,859,71
710,469,292,237,163,212,428,506,885,71
507,308,333,276,178,221,346,624,942,71
647,438,259,178,136,206,381,332,866,71
410,295,205,160,115,157,393,324,865,71
640,428,317,254,165,218,423,616,845,71
419,336,120,97,79,102,316,323,881,72
447,276,271,199,136,191,418,555,861,72
479,250,292,219,132,191,419,571,848,72
261,171,154,115,73,102,435,443,901,72
598,325,315,270,154,197,433,607,875,72
231,175,203,169,129,161,331,309,900,73
396,278,182,145,111,143,391,315,880,73
608,381,322,241,161,226,426,638,905,73
290,215,144,109,82,114,307,329,864,73
388,290,335,243,197,275,598,7,683,73
540,381,145,115,89,116,362,341,877,73
475,335,263,190,138,199,356,318,879,73
302,194,244,195,126,165,395,338,885,73
463,352,135,116,90,106,342,322,849,73
465,321,235,168,134,188,467,358,888,73
449,351,201,155,126,167,348,321,878,73
330,195,231,201,133,165,390,424,908,73
478,315,169,129,91,124,379,326,838,73
366,201,185,142,102,138,464,310,893,73
452,287,258,209,142,182,385,415,882,74
363,213,255,207,144,186,395,438,874,74
284,227,267,194,157,224,438,343,874,74
342,210,300,244,157,204,380,497,868,74
376,290,147,111,90,121,325,337,882,74
568,349,283,205,133,192,400,395,919,74
348,238,192,146,100,137,356,332,907,74
506,330,197,172,104,123,481,315,881,74
491,343,227,173,125,173,376,332,862,74
424,246,345,250,157,234,387,475,900,74
728,459,301,218,144,209,412,364,870,74
522,254,483,359,197,290,489,661,905,74
269,155,325,243,147,210,268,650,851,75
729,402,412,320,176,229,420,659,943,75
363,226,307,230,151,214,397,536,879,75
198,179,99,80,68,85,565,0,223,75
520,329,298,249,163,201,399,468,912,75
391,306,132,104,81,107,342,314,892,76
269,248,164,114,108,154,389,1,194,76
580,379,354,309,227,262,552,325,885,76
637,421,262,205,147,196,417,448,846,76
625,442,229,167,122,180,378,326,902,76
462,224,427,302,180,262,350,800,959,76
410,299,225,170,136,183,342,371,881,76
634,384,128,89,59,89,389,475,916,77
315,194,309,233,154,219,402,569,885,77
483,330,175,137,97,133,330,337,889,77
361,310,126,88,80,116,359,88,763,77
582,393,379,268,185,276,403,490,849,77
260,190,144,106,77,108,165,647,888,77
665,437,282,214,141,196,417,526,887,77
439,289,319,244,178,243,405,503,914,77
521,362,238,181,133,178,381,476,905,77
317,210,267,209,141,187,335,556,817,77
547,304,279,216,136,181,466,411,867,77
423,286,149,115,96,123,375,359,956,77
544,340,324,263,186,229,426,513,890,77
228,163,172,133,98,134,345,326,876,77
208,150,159,114,85,124,304,317,833,78
297,174,263,201,126,178,365,628,899,78
669,468,228,171,126,173,390,331,880,78
322,194,312,240,158,220,415,649,902,78
490,266,355,261,167,241,440,646,852,78
540,395,183,122,92,145,361,325,874,78
507,318,393,276,202,296,529,626,891,78
509,259,410,320,185,248,410,614,899,78
594,378,286,237,172,211,506,324,898,78
365,239,196,143,105,151,361,324,862,78
277,193,279,202,142,202,456,399,881,78
302,196,246,165,120,189,447,313,873,78
387,257,214,151,109,161,338,463,832,78
324,229,255,224,175,200,375,395,876,78
341,261,147,124,94,114,330,320,896,78
483,348,208,151,110,161,384,447,865,78
356,231,216,170,114,152,355,338,899,78
454,283,254,191,129,184,388,325,891,78
280,192,177,131,94,133,326,327,888,78
518,371,251,197,146,191,424,415,841,79
390,255,129,107,80,98,422,352,894,79
488,324,302,226,148,204,361,505,897,79
481,344,214,159,118,163,367,350,881,79
394,194,353,260,154,235,405,668,884,79
538,326,397,278,179,279,426,628,840,79
625,404,232,179,120,161,385,535,873,79
372,258,225,178,132,170,376,351,885,80
645,479,206,182,145,168,377,372,899,80
445,314,167,138,106,133,364,325,856,80
664,442,157,122,81,112,372,322,903,80
363,266,189,156,115,143,372,323,901,80
445,323,194,154,119,157,380,326,848,80
516,345,227,174,122,170,380,333,871,80
252,198,141,117,93,115,296,321,883,80
323,216,198,156,111,143,356,328,872,80
292,220,173,124,94,138,326,333,882,80
485,289,313,217,138,217,416,374,900,81
708,491,244,194,141,182,389,407,901,81
525,348,209,175,122,152,368,356,903,81
704,391,367,285,188,261,442,626,887,81
185,145,138,108,84,112,288,318,898,81
650,429,247,204,151,189,411,506,886,81
580,362,225,164,109,160,473,327,888,81
392,204,285,224,130,184,373,662,939,81
359,252,204,157,109,156,328,371,904,81
378,234,248,194,146,195,449,438,891,81
421,302,232,163,121,180,370,321,884,81
577,320,443,314,183,275,437,644,940,82
609,409,304,231,160,220,406,485,843,82
324,233,266,220,167,207,400,424,881,82
352,223,204,149,97,146,376,393,897,82
358,214,275,210,135,186,385,604,879,82
733,480,223,163,115,164,392,480,902,82
714,455,335,262,184,248,430,471,862,82
492,325,331,219,149,239,406,433,902,82
702,459,279,200,145,210,414,337,887,82
384,248,235,186,123,166,372,396,899,82
572,381,184,151,105,134,370,325,885,82
496,277,263,202,117,162,466,474,899,82
577,400,259,200,144,195,404,488,878,82
446,304,267,208,145,205,405,331,911,82
389,298,205,154,129,172,348,326,906,82
426,272,298,228,149,204,357,487,894,82
372,257,198,152,111,151,357,321,907,82
726,418,337,261,141,200,427,641,894,82
448,278,323,230,151,218,492,569,854,82
326,230,162,116,84,124,380,317,866,83
216,153,203,129,93,155,414,326,901,83
670,432,358,270,185,264,426,519,848,83
526,357,266,207,148,198,451,402,917,83
436,317,270,231,176,212,391,415,885,83
574,415,134,106,88,111,366,648,883,83
447,290,186,144,103,137,363,325,890,83
537,282,467,354,166,239,433,904,964,83
474,375,201,157,118,159,360,309,886,83
398,231,250,189,124,176,395,484,872,83
287,182,243,188,132,173,372,326,884,84
560,408,183,123,93,141,371,331,902,84
550,370,335,255,178,236,385,448,889,84
269,212,152,114,92,124,299,322,880,84
424,278,305,238,152,204,385,628,953,84
595,419,220,164,122,173,404,349,881,84
478,297,301,241,159,210,421,592,887,84
399,291,238,178,137,182,363,395,899,84
536,261,432,326,188,274,470,669,916,84
534,323,246,182,123,179,403,471,908,85
296,246,164,137,110,135,329,299,882,85
404,225,344,274,161,215,387,623,880,85
386,276,248,189,131,183,403,327,890,85
442,309,169,129,95,128,356,329,860,85
233,139,223,168,112,154,328,420,911,85
471,331,217,150,105,159,340,325,895,85
542,418,173,122,92,140,364,273,871,85
333,235,245,183,139,192,320,568,861,85
380,244,195,143,101,143,375,325,871,85
424,331,241,169,125,187,413,329,868,85
537,362,209,164,118,158,357,335,902,85
231,146,210,163,110,151,252,510,890,86
243,158,269,201,129,185,296,524,853,86
426,254,345,285,184,235,419,558,884,86
294,207,251,202,134,172,393,321,896,86
591,421,191,157,121,150,391,327,876,86
373,271,273,190,134,203,356,318,883,86
288,157,331,233,138,212,385,527,897,86
597,353,342,242,172,256,419,609,893,86
648,456,193,146,104,146,370,327,893,86
546,370,170,142,99,124,392,317,890,87
476,299,257,192,130,185,396,414,929,87
283,169,283,225,152,206,609,4,627,87
435,271,261,203,139,195,391,404,877,87
424,310,159,130,100,127,346,324,888,87
631,419,314,234,156,223,382,429,913,87
453,307,194,149,103,136,344,310,903,87
362,274,190,138,103,144,345,313,840,87
310,233,188,140,107,153,315,320,848,87
493,255,418,302,167,256,466,632,871,87
347,296,164,112,103,151,402,106,808,88
397,234,220,194,130,158,398,451,861,88
274,214,156,118,91,121,311,319,886,88
488,250,342,290,178,214,430,662,873,88
591,393,312,229,157,231,481,573,859,88
245,199,117,101,86,102,296,243,850,88
396,307,193,153,113,150,369,327,857,89
245,201,128,96,81,111,308,182,828,89
378,224,264,189,126,187,396,387,907,89
653,417,306,240,162,217,406,566,866,89
324,190,279,218,139,192,367,456,897,89
258,172,197,150,103,146,328,367,865,89
334,246,164,129,96,128,323,327,884,89
428,251,260,191,120,175,355,503,890,89
315,205,200,159,115,153,351,373,898,89
247,174,165,129,98,130,329,322,880,89
268,182,224,163,118,170,363,368,870,90
492,381,163,122,97,135,362,329,849,90
589,335,230,192,116,154,410,390,852,90
377,245,224,180,127,169,373,339,887,90
451,313,231,188,142,177,380,463,878,90
344,243,148,105,80,117,329,324,838,90
467,361,216,155,125,176,344,325,859,90
207,173,185,148,122,153,306,320,880,90
648,381,330,241,158,236,505,545,893,90
364,232,320,227,156,231,451,557,899,90
484,334,294,235,165,219,380,586,878,90
379,236,238,213,159,181,369,327,882,91
520,352,301,236,156,213,392,499,889,91
344,243,191,145,107,151,370,322,848,91
171,138,180,128,103,148,264,322,873,91
475,355,171,141,110,139,340,322,847,91
622,415,260,178,115,179,386,332,906,91
507,327,220,163,101,150,368,345,901,91
415,256,266,198,138,191,460,331,884,91
332,224,240,187,134,179,388,391,890,91
401,296,175,115,83,136,326,319,850,91
471,307,280,207,141,199,406,427,881,91
313,227,125,91,63,91,447,337,864,91
706,402,319,259,147,195,413,648,911,91
418,231,191,145,75,101,377,852,909,91
595,389,370,254,191,288,487,488,863,91
397,225,140,104,72,101,473,364,885,91
549,395,155,125,98,124,327,323,886,92
390,252,261,193,132,190,451,326,871,92
534,270,446,345,202,276,455,641,943,92
385,247,236,164,112,169,460,307,844,92
250,183,224,177,131,172,344,321,904,92
361,295,221,163,126,173,425,310,874,92
411,286,288,218,155,213,457,460,884,92
359,231,274,224,156,197,387,468,897,92
215,154,170,128,97,134,331,323,908,92
418,344,107,74,67,97,447,99,851,92
497,296,358,280,170,241,375,626,905,92
715,463,372,294,193,258,432,604,917,93
501,307,336,255,155,220,479,647,910,93
488,349,269,211,146,198,454,333,909,93
435,325,277,235,177,214,423,507,880,93
490,297,264,219,127,168,368,633,848,93
459,303,202,154,110,151,329,405,871,93
386,293,146,109,87,119,366,225,860,93
386,255,152,119,85,116,363,324,853,93
412,243,301,243,159,207,399,509,911,93
492,315,167,124,81,121,368,351,867,93
461,261,372,264,168,258,487,618,901,93
218,179,156,130,110,133,356,312,852,94
370,283,158,126,97,124,347,311,895,94
410,296,177,138,106,141,347,341,880,94
463,324,250,176,134,200,433,317,888,94
655,412,307,263,182,217,417,513,908,94
408,307,202,152,115,157,356,346,876,94
571,399,210,158,112,155,390,329,891,94
619,469,190,157,126,156,383,337,873,94
277,178,135,110,81,103,350,327,854,94
391,276,194,157,112,147,374,323,883,94
519,313,303,252,165,205,401,584,879,95
535,382,233,186,132,177,377,324,878,95
435,340,150,114,93,124,333,309,851,95
450,344,199,160,124,163,357,328,896,95
366,224,254,200,125,168,372,443,893,95
242,179,198,158,123,159,325,418,846,95
367,252,250,197,160,205,450,350,907,95
542,294,383,291,181,257,464,655,894,95
663,380,373,254,154,245,397,563,894,95
577,354,390,292,192,275,420,586,883,96
405,273,207,181,121,148,374,321,873,96
273,168,300,213,141,206,404,408,914,96
620,389,270,205,139,197,373,297,867,96
301,217,259,171,118,195,373,335,885,96
405,293,209,156,114,163,322,304,846,96
553,405,270,180,136,218,388,474,892,96
455,337,192,155,122,151,377,329,859,96
369,257,211,154,118,169,378,322,858,96
194,144,180,123,96,146,296,322,830,96
448,372,107,82,72,94,300,227,863,96
733,456,276,198,118,175,465,329,954,96
416,303,239,192,146,187,344,315,841,96
571,314,345,272,155,206,412,444,923,96
498,305,247,190,126,176,386,458,873,97
659,367,152,110,62,91,353,324,886,97
448,319,166,137,107,132,345,321,883,97
219,152,217,177,125,161,307,472,917,97
200,156,192,169,127,145,323,1,219,97
448,265,306,229,145,206,351,646,878,97
337,237,232,185,130,173,348,431,881,97
528,382,228,164,127,181,386,314,894,97
521,356,205,158,122,162,463,342,898,97
727,425,418,309,200,281,440,556,919,97
341,210,275,217,150,196,396,517,824,97
348,250,318,255,196,256,419,359,880,97
529,288,295,237,144,195,417,645,882,97
507,327,352,253,163,243,379,542,869,97
571,296,376,288,95,139,454,706,905,98
433,227,294,215,134,197,494,525,897,98
317,213,203,155,113,151,369,322,878,98
349,215,257,189,131,191,387,479,886,98
528,399,164,129,96,128,347,326,849,98
252,187,122,96,72,95,272,317,875,98
542,321,370,297,203,263,424,570,847,98
494,299,227,156,97,149,373,326,874,98
464,305,284,214,140,201,363,605,908,98
656,423,259,210,139,180,385,500,880,98
417,293,201,139,103,154,368,332,905,98
294,212,157,113,86,125,308,317,873,98
438,296,245,198,142,179,350,546,845,98
350,201,234,150,93,155,389,307,982,99
292,253,120,90,81,108,278,249,833,99
581,328,372,268,170,247,441,612,911,99
631,423,262,186,132,193,367,435,884,99
340,259,192,159,134,159,317,317,881,99
387,257,194,150,112,149,450,318,889,99
517,315,315,246,167,223,411,414,896,99
632,342,366,281,176,242,438,617,906,99
501,333,245,179,129,180,350,636,919,99
454,231,382,294,162,231,426,601,894,99
269,184,190,150,104,134,336,311,895,100
619,416,216,169,121,158,392,328,889,100
354,308,123,90,78,107,275,314,865,100
307,203,194,162,120,149,368,324,882,100
354,240,266,237,156,182,344,477,909,100
446,314,211,158,120,163,364,423,874,100
257,185,185,151,119,149,381,329,869,100
314,228,160,116,82,117,302,322,898,100
195,138,188,145,107,147,317,320,883,100
306,225,225,206,168,184,408,324,887,101
440,251,333,251,156,224,417,549,889,101
340,224,200,155,116,154,421,322,866,101
543,391,206,175,139,164,392,353,864,101
361,228,200,150,101,138,507,314,897,101
382,280,195,158,129,159,373,331,877,101
453,288,276,227,166,208,403,450,891,101
293,177,165,127,82,113,325,311,876,101
217,135,197,154,104,143,364,341,893,101
317,226,163,119,90,128,349,316,876,101
658,403,282,210,143,201,477,432,887,101
273,210,151,146,117,122,349,166,886,101
721,443,264,202,149,201,479,416,886,102
414,220,216,164,106,152,472,531,872,102
541,321,342,239,139,220,387,638,909,102
219,207,85,57,57,83,295,46,821,102
471,249,254,193,119,168,478,341,892,102
350,230,188,144,100,137,421,321,901,102
319,184,320,238,157,224,349,653,895,102
363,234,250,199,144,185,325,643,880,102
588,352,417,321,217,300,527,626,895,102
510,344,329,233,166,242,415,448,897,102
263,181,254,196,136,181,275,542,861,102
587,432,172,129,97,135,359,321,883,102
605,388,307,256,178,210,398,353,917,102
489,350,238,176,142,196,388,542,825,102
475,277,376,265,167,258,431,625,888,102
329,249,173,130,109,149,410,327,864,103
268,181,237,180,132,184,314,552,868,103
610,414,235,173,125,178,387,327,851,103
423,263,380,274,184,269,410,543,942,103
619,436,217,152,123,179,380,329,882,103
286,187,248,193,144,196,383,323,883,103
456,320,210,165,119,159,401,333,894,104
495,359,254,185,127,186,386,419,893,104
460,367,209,134,109,175,580,5,633,104
432,253,292,225,146,201,398,418,899,104
230,186,181,140,114,151,310,320,868,104
423,261,246,186,124,172,368,616,832,104
338,171,331,239,136,212,439,582,910,105
362,254,203,152,108,151,532,3,687,105
705,411,312,238,144,205,385,563,898,105
401,234,313,228,152,222,421,514,869,105
617,456,206,159,121,164,330,326,912,105
401,259,284,211,134,197,356,538,886,105
362,266,168,128,97,129,299,322,882,105
477,327,292,208,141,215,377,322,876,105
334,226,142,111,85,109,342,322,898,105
608,331,367,310,178,220,345,704,940,105
328,226,151,116,85,112,356,324,890,106
536,322,326,255,161,227,380,645,912,106
729,453,461,320,207,320,506,583,902,106
343,262,151,113,87,119,325,303,885,106
335,250,198,135,96,146,400,325,884,106
325,252,154,111,83,119,313,313,868,106
362,250,297,210,149,215,434,404,890,107
531,395,228,167,127,181,373,299,910,107
532,298,383,280,153,227,440,371,1014,107
306,235,267,192,147,210,352,445,886,107
458,254,352,237,138,226,449,595,870,107
566,390,265,197,148,200,454,384,915,107
254,174,242,196,132,174,344,419,846,107
431,259,307,244,161,211,387,456,891,107
395,264,199,140,100,148,334,365,845,108
663,349,386,299,142,188,586,543,874,108
264,177,194,167,113,139,368,309,864,108
339,170,341,273,166,222,444,502,884,108
277,163,243,205,128,163,384,307,927,108
708,467,273,208,145,201,416,401,881,108
292,267,137,93,86,126,344,1,226,108
460,313,212,185,135,159,376,467,879,108
515,354,310,232,180,245,416,636,879,109
390,252,190,162,118,140,382,322,879,109
249,172,172,133,98,132,347,232,884,109
530,366,272,203,151,211,379,379,855,109
407,280,181,141,107,140,354,381,868,109
245,165,307,233,143,202,337,517,878,109
346,224,244,169,118,185,367,360,884,109
515,298,284,187,111,193,512,374,841,109
558,355,192,146,99,138,412,326,891,109
441,328,223,178,135,173,381,315,896,109
553,385,185,145,107,141,371,327,842,109
402,213,355,265,153,225,447,650,935,109
397,245,248,173,119,185,460,316,872,109
421,266,235,168,115,170,392,508,861,109
515,356,231,180,129,179,376,331,909,110
483,329,188,140,106,147,349,323,894,110
270,171,306,224,147,212,430,597,859,110
415,292,209,153,110,155,365,317,845,110
250,155,257,197,128,177,324,579,858,110
535,402,193,139,110,156,361,330,871,110
451,336,197,129,98,158,335,233,857,110
526,334,248,176,148,208,483,332,887,110
388,277,141,123,89,106,341,311,881,110
498,390,122,88,70,101,321,329,864,110
325,240,169,124,92,134,339,277,860,110
315,218,167,122,94,134,351,329,895,111
362,237,242,197,126,166,338,600,872,111
533,265,432,333,175,235,402,748,908,111
369,234,214,152,104,157,363,386,877,111
553,384,245,202,147,182,378,321,895,111
508,361,194,155,117,151,353,412,887,111
300,164,203,130,81,133,359,347,846,111
394,269,205,181,132,155,344,322,898,111
397,205,330,251,121,173,414,474,909,111
562,410,229,178,133,180,366,316,865,111
496,297,296,210,136,202,407,565,850,111
498,275,428,325,182,257,434,627,888,111
674,480,264,223,174,208,408,438,879,112
194,162,155,120,105,138,469,3,544,112
424,287,283,198,141,213,391,413,891,112
683,472,232,173,122,173,390,325,876,112
329,192,274,208,146,198,427,554,899,112
266,168,215,174,115,148,374,422,927,112
346,215,197,147,101,143,351,313,902,112
576,387,322,210,148,239,404,509,867,112
318,210,197,143,96,139,345,312,877,112
372,276,202,156,109,150,327,311,870,112
548,392,247,182,129,183,368,333,904,113
351,275,200,161,133,164,363,366,880,113
528,386,139,115,88,108,339,321,886,113
461,305,263,210,147,195,456,406,896,113
437,325,183,143,115,148,363,323,860,113
483,364,213,174,143,177,478,347,885,113
564,323,433,354,204,269,498,617,889,113
280,216,185,146,120,155,383,306,841,113
713,431,295,225,152,212,438,591,865,113
380,257,273,195,120,182,395,403,911,113
533,412,166,122,99,137,378,341,914,114
671,416,319,243,178,236,431,606,887,114
473,303,205,158,130,167,440,338,875,114
570,396,193,146,114,150,349,328,883,114
278,176,268,201,131,187,328,610,874,114
523,372,272,198,154,220,380,323,907,114
434,307,175,139,116,145,476,338,872,114
388,270,224,171,123,167,346,315,866,114
519,329,220,174,128,161,381,508,903,115
475,339,226,165,123,174,369,321,885,115
413,296,217,175,126,164,367,374,830,115
494,338,251,196,143,185,344,321,906,115
408,242,230,175,119,163,376,370,905,115
290,184,323,233,158,232,356,577,860,115
632,433,267,179,127,204,387,334,907,115
240,212,104,77,72,97,383,24,780,116
651,434,221,182,124,162,391,463,848,116
460,329,286,213,164,227,434,311,906,116
620,388,347,257,172,247,431,586,882,116
689,401,342,257,160,228,433,483,904,116
683,428,346,261,164,234,428,586,824,116
345,218,239,180,112,157,319,585,872,116
344,229,258,222,160,193,375,459,900,116
235,148,284,226,147,192,360,462,836,116
465,324,233,185,136,174,358,357,880,116
677,439,314,235,157,227,399,454,892,116
663,490,259,187,144,210,360,326,898,116
429,279,361,242,163,268,453,474,823,116
487,323,231,162,127,187,439,317,1002,117
606,304,368,279,141,210,483,669,939,117
196,139,194,148,99,139,307,333,876,117
294,205,207,163,114,154,318,444,867,117
649,373,334,264,170,229,433,615,853,117
310,198,265,185,122,187,356,376,894,117
336,228,294,192,131,215,461,337,902,117
478,298,276,211,147,204,404,450,881,117
450,238,352,250,158,236,450,587,912,117
318,222,206,161,121,162,368,326,890,117
221,149,189,148,105,138,340,310,876,118
633,430,267,216,156,201,412,482,866,118
712,446,423,336,225,291,447,656,901,118
585,324,391,293,163,235,426,591,904,118
507,304,293,231,151,206,408,558,896,118
184,158,109,81,73,98,449,4,727,119
322,248,174,129,99,136,307,314,836,119
424,292,249,189,128,189,380,328,869,119
427,270,225,186,130,161,369,365,888,119
412,274,217,153,110,166,412,335,864,119
384,224,308,231,150,216,420,442,929,119
685,451,289,200,149,220,403,508,884,120
334,207,169,132,90,123,378,309,863,120
364,262,215,166,117,157,340,496,896,120
706,458,295,208,137,211,410,411,895,120
386,227,278,194,134,201,417,483,903,120
479,343,250,198,142,187,388,306,851,120
265,178,194,157,115,149,325,313,860,120
179,162,134,104,96,123,433,2,686,120
414,261,190,130,91,142,375,321,852,121
222,152,216,175,127,164,350,315,916,121
317,224,221,163,110,155,440,180,766,121
709,443,207,154,105,150,380,523,905,121
366,295,206,160,121,165,294,471,906,121
667,461,229,170,124,180,393,331,903,121
567,416,192,144,114,157,390,330,891,121
337,253,164,138,114,138,340,325,889,121
428,265,227,193,124,156,358,321,913,121
240,181,186,151,109,134,429,315,860,122
359,219,289,218,142,204,366,558,878,122
287,215,149,109,85,120,313,317,876,122
540,373,283,209,144,201,383,459,890,122
625,341,370,311,190,237,451,510,888,122
320,228,195,129,100,154,360,323,883,122
282,190,197,161,115,148,322,320,898,122
245,173,194,140,101,146,317,308,910,122
379,229,233,155,105,167,465,307,887,123
389,284,247,175,134,198,325,542,885,123
368,267,208,152,115,165,357,319,861,123
397,264,232,152,101,165,458,343,891,123
681,460,278,208,158,214,427,483,885,123
464,318,230,163,120,177,371,302,868,123
200,145,174,145,109,136,325,311,858,123
332,228,185,147,116,145,348,322,851,123
641,373,457,334,187,284,509,601,943,124
502,349,157,109,79,118,347,325,875,124
512,359,228,180,128,168,378,490,885,124
570,287,435,314,171,267,496,580,887,124
536,348,270,217,144,189,372,629,884,124
718,486,310,259,181,224,439,592,871,124
360,179,321,223,129,201,484,543,871,124
204,133,219,165,107,153,326,340,901,124
394,296,106,80,62,83,345,160,837,124
338,252,245,166,139,207,438,305,847,124
642,367,342,254,170,235,415,592,891,125
326,275,143,112,96,123,303,308,870,125
642,406,207,159,108,146,449,322,891,125
531,392,215,170,135,170,380,328,898,125
448,302,246,178,131,192,384,366,905,125
420,281,222,160,119,169,376,374,894,125
664,435,280,217,153,211,456,511,853,125
540,328,393,306,207,280,437,574,897,125
465,292,294,229,137,192,399,601,864,125
398,323,184,128,106,155,359,319,871,125
641,350,478,362,204,292,462,890,894,125
435,316,319,228,164,244,365,346,846,125
337,231,200,122,91,155,439,312,869,125
373,226,330,245,161,232,396,573,865,125
434,265,196,142,91,137,364,431,905,126
649,393,461,330,197,298,537,527,898,126
574,404,170,142,106,132,388,328,896,126
549,299,352,250,145,232,442,633,882,126
575,423,200,147,114,160,365,329,870,126
406,237,287,209,134,206,381,429,893,126
447,319,262,199,139,200,342,449,820,126
376,243,312,251,176,234,337,595,899,126
186,135,181,135,101,137,283,418,854,126
657,411,285,216,138,188,396,646,894,126
508,305,296,229,145,204,456,389,911,127
708,410,497,330,199,333,470,620,910,127
462,305,228,167,124,169,383,435,897,127
511,325,216,172,113,151,393,314,881,127
352,267,162,117,89,130,287,332,870,127
200,137,196,161,119,145,288,408,883,127
615,435,255,183,139,202,385,379,900,127
427,216,295,236,135,190,444,432,900,127
439,304,194,144,100,148,381,331,887,128
470,301,282,212,138,200,413,317,886,128
398,231,248,192,117,164,354,527,871,128
282,175,259,214,142,176,353,622,870,128
274,199,198,146,103,149,321,305,894,128
185,151,157,127,86,112,362,321,902,128
396,238,296,246,158,200,334,568,920,128
244,198,136,108,84,109,300,300,881,128
540,324,139,100,71,104,326,659,916,128
457,280,253,187,126,184,433,395,878,129
436,341,205,164,139,174,357,320,861,129
230,158,175,139,102,130,333,322,890,129
597,400,243,179,131,186,367,327,890,129
293,203,122,92,67,93,334,215,874,129
372,245,380,265,162,252,403,636,939,129
578,320,296,219,130,187,390,637,921,129
604,375,349,272,178,238,410,593,884,129
394,221,275,199,127,184,477,509,882,129
500,338,173,130,95,132,396,332,830,130
451,257,393,306,191,268,467,676,898,130
452,322,182,131,95,138,352,307,893,130
335,201,356,242,144,228,405,627,896,130
345,237,267,190,133,196,345,415,887,130
675,370,413,321,184,259,454,637,911,130
656,452,231,160,115,175,358,362,878,130
719,473,245,201,139,177,417,318,870,130
485,356,165,131,101,131,326,322,894,130
470,312,205,161,115,155,354,323,899,130
234,147,224,182,126,159,316,410,900,131
488,324,246,183,129,181,379,324,862,131
286,193,164,133,94,123,330,317,898,131
372,277,176,138,114,147,352,321,912,131
348,295,305,184,153,263,534,3,763,131
436,322,285,237,194,232,416,321,898,131
247,151,307,247,164,207,347,625,903,131
493,322,287,213,151,215,375,375,895,132
279,169,311,252,149,201,341,622,866,132
371,274,175,137,101,137,538,2,412,132
496,309,330,259,180,244,412,539,880,132
365,247,223,147,96,158,385,313,906,132
429,289,194,141,99,143,373,321,891,132
583,370,342,237,170,259,472,632,910,132
690,433,275,183,123,197,423,532,891,132
284,209,195,138,103,149,318,358,872,132
223,150,210,153,108,155,317,378,881,132
580,393,264,210,146,194,357,337,906,132
528,369,208,160,119,166,336,307,852,132
396,282,198,145,101,146,336,316,880,133
607,358,230,175,107,152,413,313,898,133
553,396,191,149,104,138,372,313,848,133
703,474,337,249,168,246,399,333,916,133
636,457,211,160,123,166,395,361,894,133
642,462,179,129,92,138,368,305,912,133
608,435,141,104,76,107,331,337,895,133
654,385,364,284,171,238,437,640,876,133
477,336,188,148,107,141,343,315,879,133
668,367,365,306,199,251,509,648,910,133
305,223,250,172,134,193,392,376,898,133
387,267,194,140,101,146,379,320,890,133
193,161,156,120,95,129,297,299,871,133
489,283,368,278,170,249,472,534,886,133
347,253,224,150,113,173,399,308,917,134
368,220,248,201,130,177,366,489,865,134
708,460,297,219,151,215,402,582,885,134
629,334,239,157,85,144,417,667,922,134
379,256,180,143,103,132,356,321,879,134
523,374,237,197,147,177,394,425,915,134
696,442,334,249,170,244,414,502,879,134
450,285,360,250,171,268,415,596,888,134
313,214,253,184,127,183,349,424,885,134
376,211,273,204,131,187,417,425,877,134
277,164,283,196,134,204,321,607,827,134
607,419,212,162,116,159,370,328,898,134
591,402,282,206,145,207,387,369,890,134
529,344,267,211,146,193,365,379,891,134
295,196,286,228,160,208,321,599,887,135
644,443,218,166,118,164,350,332,894,135
711,447,397,274,169,272,410,561,892,135
663,379,302,217,132,204,413,615,897,135
385,290,236,192,146,183,391,340,887,135
397,234,413,296,192,281,403,648,928,135
448,286,232,189,132,171,393,439,912,135
397,266,134,102,76,103,324,316,823,136
528,364,228,169,128,178,350,308,910,136
234,158,172,135,96,126,311,311,859,136
389,280,171,133,105,137,313,321,871,136
445,302,216,160,110,156,334,313,896,136
349,230,271,196,142,202,398,442,876,136
268,163,132,94,63,95,368,516,869,136
698,437,302,230,161,220,437,555,863,136
486,335,228,178,122,165,365,410,845,137
224,186,109,82,71,94,372,292,889,137
205,155,314,241,112,164,461,2,186,137
557,336,356,283,189,249,406,518,887,137
646,404,272,199,132,190,418,343,905,137
354,228,285,219,143,202,332,565,882,137
359,226,270,203,136,196,359,304,909,137
345,242,201,148,116,163,379,320,888,137
505,311,284,194,125,200,398,485,837,137
316,197,300,237,161,213,321,565,892,137
413,304,262,179,136,200,371,300,894,137
523,376,193,161,121,152,380,332,904,137
363,249,237,175,127,179,374,309,883,138
637,462,168,134,99,131,307,323,933,138
333,209,255,195,134,186,355,454,864,138
555,423,160,126,99,129,361,340,895,138
331,201,202,138,96,149,434,395,897,138
285,144,266,207,120,173,349,543,879,138
664,445,262,217,155,198,415,320,903,138
640,381,350,249,161,236,411,653,938,138
542,359,272,218,149,194,400,447,893,138
259,165,193,159,109,135,334,370,899,138
553,405,227,167,126,179,382,343,889,138
283,196,178,132,99,137,385,314,928,138
674,455,276,201,141,207,407,330,912,138
387,266,170,122,93,134,356,322,858,138
461,358,445,346,264,346,493,264,882,138
632,441,231,164,125,180,480,349,932,138
257,192,176,147,107,132,309,318,866,138
708,484,224,170,121,168,322,326,885,138
351,228,238,171,127,184,362,358,882,139
438,301,159,121,90,121,340,321,861,139
334,214,259,195,135,188,346,479,897,139
246,181,161,111,77,119,308,306,868,139
610,345,515,374,247,355,533,656,962,139
564,347,318,244,167,229,420,432,911,139
515,359,217,160,122,171,386,327,903,139
362,239,193,160,123,154,466,315,878,139
546,438,148,112,92,123,364,320,884,139
533,376,201,152,114,157,378,316,900,139
509,240,174,131,80,115,470,711,906,139
342,198,300,207,130,201,503,1015,912,140
386,265,212,189,143,160,369,323,903,140
609,406,259,196,141,192,412,372,896,140
373,309,220,174,147,188,356,217,871,140
316,186,217,158,97,145,352,425,854,140
290,201,201,151,115,155,387,319,881,140
363,281,139,133,100,109,305,306,891,140
650,414,308,232,153,218,413,482,930,140
559,376,219,153,111,165,351,315,894,140
558,389,159,123,90,124,351,328,863,141
303,200,235,195,146,172,358,316,878,141
312,207,200,146,96,140,377,334,897,141
283,169,287,214,133,188,394,606,929,141
506,352,270,221,159,201,383,445,878,141
302,240,167,133,102,132,330,308,885,141
520,385,246,190,127,181,427,315,859,141
323,218,284,231,164,205,352,396,891,142
579,388,276,195,135,197,383,379,905,142
586,388,260,174,110,179,374,395,871,142
656,409,246,186,128,178,489,563,863,142
252,160,216,150,97,149,372,350,882,142
245,185,254,183,140,201,356,306,891,142
488,348,219,169,128,175,361,316,885,142
248,183,158,120,94,128,308,321,850,142
399,303,177,107,85,146,418,320,901,142
336,263,188,141,116,160,356,322,843,142
554,385,340,240,178,261,500,502,869,142
468,321,222,161,115,169,349,445,897,142
402,280,189,144,103,137,332,320,899,142
550,420,141,115,92,114,312,323,911,142
168,137,176,140,107,141,291,325,888,142
525,322,272,189,130,201,418,517,880,142
499,307,253,186,125,184,401,532,877,143
534,326,394,307,200,271,519,445,899,143
553,361,275,213,137,197,386,435,865,143
581,429,232,192,142,183,376,328,879,143
436,216,274,195,96,142,452,1023,931,143
356,256,213,176,122,153,358,314,884,143
439,296,170,119,85,129,370,334,862,143
451,343,251,183,139,194,407,347,898,143
470,271,219,168,112,153,394,328,919,143
645,370,351,281,167,225,452,630,881,143
280,163,149,113,63,94,420,620,863,143
659,416,300,240,160,217,434,527,857,144
338,192,223,148,96,154,375,352,903,144
460,293,420,305,173,248,448,669,933,144
325,226,249,196,135,182,366,532,841,144
617,424,257,198,145,196,398,368,835,144
516,329,357,265,209,290,510,612,857,145
376,251,206,156,108,151,328,410,834,145
724,445,354,290,191,243,434,610,895,145
307,233,124,89,70,102,346,332,879,145
376,215,251,172,112,172,413,560,879,145
296,237,178,145,117,145,327,351,836,145
451,254,346,244,155,244,399,651,902,145
423,288,219,160,112,163,393,321,883,145
425,306,165,145,114,130,358,316,881,145
601,306,311,231,138,198,501,498,892,145
367,230,232,185,118,160,373,322,874,145
527,315,321,252,152,210,404,604,883,145
305,226,173,135,101,133,332,303,881,145
511,336,166,117,79,119,357,328,909,145
328,238,170,143,109,134,417,385,874,146
557,382,287,203,141,215,401,514,850,146
603,393,198,170,114,140,388,325,925,146
361,256,347,271,202,265,380,494,912,146
425,302,223,169,119,165,365,316,890,146
359,207,335,242,149,219,426,649,872,146
266,204,222,168,131,176,309,413,918,146
274,246,97,68,66,92,329,57,701,146
622,445,178,140,108,137,348,315,891,146
396,272,266,214,163,210,352,521,867,146
574,413,222,154,118,179,343,331,888,146
413,281,225,167,127,177,357,423,896,146
628,409,322,220,154,237,389,329,886,146
396,270,142,99,70,106,325,316,856,146
274,199,213,159,120,164,314,428,855,146
328,234,237,184,133,179,371,447,889,147
294,205,144,106,79,111,317,218,879,147
539,433,101,85,69,82,326,330,913,147
478,375,174,135,111,146,344,321,881,147
422,271,216,161,103,145,465,323,872,147
289,226,146,111,85,117,303,306,878,147
357,231,238,184,130,178,388,355,862,147
386,280,278,170,119,207,475,325,877,147
179,169,108,60,56,103,385,3,200,147
501,365,171,153,123,138,360,318,880,147
311,250,173,133,108,143,321,266,864,148
205,153,152,96,73,119,315,211,873,148
624,463,214,154,114,168,357,329,865,148
485,318,265,208,152,200,391,459,862,148
478,307,320,244,172,242,406,493,898,148
409,331,146,117,99,124,332,336,882,148
532,343,252,193,131,180,385,323,900,148
639,453,180,132,97,135,375,321,908,148
400,255,264,213,138,183,297,628,917,148
460,294,246,186,134,185,381,378,869,148
463,321,289,238,177,222,368,518,915,149
730,472,274,206,140,198,411,355,862,149
463,346,186,153,116,144,335,298,890,149
273,187,250,183,130,195,355,396,776,149
552,334,321,236,148,215,423,610,884,149
522,302,342,266,166,231,417,622,908,149
558,337,306,226,143,209,482,324,907,149
343,238,268,190,135,196,450,446,894,149
643,447,223,162,116,166,361,310,878,149
528,326,198,163,128,159,495,321,904,149
374,270,305,208,110,181,526,318,895,149
651,399,241,190,125,167,430,434,875,149
253,175,200,152,106,149,340,311,872,149
569,328,261,186,134,193,491,501,835,149
704,448,383,271,183,268,446,648,917,149
272,194,139,116,85,108,299,323,900,150
626,434,224,187,135,171,411,352,879,150
431,231,317,231,142,205,401,602,902,150
646,345,348,274,171,226,510,394,874,150
524,356,311,240,177,240,410,459,847,150
484,371,196,154,118,154,371,313,895,150
572,382,231,174,125,172,363,333,874,150
619,413,399,314,206,276,484,546,923,150
412,263,195,146,94,132,483,488,921,150
266,226,120,93,82,104,391,323,874,150
565,340,339,243,165,240,426,543,839,150
655,476,264,208,159,209,386,370,857,151
441,305,197,161,121,151,361,320,871,151
148,137,153,101,98,147,340,2,224,151
368,208,229,175,119,162,420,500,867,151
354,206,188,143,108,143,434,323,908,151
577,428,166,128,100,134,354,333,876,151
371,236,225,163,111,161,405,200,864,151
716,441,328,252,158,216,419,475,892,152
357,222,294,223,152,209,353,491,871,152
262,156,263,190,121,176,416,375,918,152
445,290,235,179,122,168,378,381,846,152
489,239,320,250,134,179,413,628,908,152
341,239,229,167,119,176,323,406,904,153
415,255,323,235,162,232,410,530,861,153
653,383,328,246,163,228,433,622,857,153
417,307,132,104,79,105,345,317,877,153
545,263,380,309,171,237,439,625,887,153
411,244,261,195,132,187,348,451,876,153
596,397,285,235,172,213,404,469,852,153
262,170,261,201,140,190,351,432,872,153
242,168,196,152,109,145,316,335,876,153
450,311,175,140,102,135,346,314,871,153
296,183,230,169,119,168,353,362,897,153
370,201,367,269,164,240,431,615,889,153
428,283,226,179,129,166,328,496,871,153
353,202,148,125,87,107,341,645,940,153
361,262,187,143,109,149,336,311,902,154
217,150,214,167,109,142,363,320,914,154
553,372,238,188,132,176,429,446,885,154
518,370,288,235,168,211,477,416,892,154
472,253,289,211,137,204,411,524,890,154
668,392,344,253,160,233,442,647,893,154
636,359,470,337,212,329,459,587,964,154
543,396,163,111,84,129,331,316,844,154
591,412,264,208,151,206,380,359,886,154
682,438,229,197,135,164,397,332,894,154
407,294,151,107,81,121,310,322,891,154
429,306,210,163,126,168,364,383,868,154
481,322,226,176,124,168,361,442,832,154
569,329,354,247,166,249,495,662,902,155
394,233,185,142,95,132,387,368,900,155
257,195,211,171,128,164,327,317,897,155
421,290,243,169,128,191,391,409,858,155
386,205,297,210,136,213,467,531,856,155
391,303,201,139,108,162,443,128,824,155
548,388,196,171,128,151,367,410,843,155
390,267,228,174,125,166,427,366,850,155
526,363,169,113,85,132,349,326,866,155
357,275,116,89,74,99,278,222,871,155
367,273,208,169,134,171,374,311,881,155
506,285,304,229,149,212,412,616,898,155
493,365,171,143,114,140,331,326,899,155
393,270,288,212,159,222,416,424,898,155
215,171,105,77,67,91,344,163,854,155
496,268,290,224,137,193,412,535,922,156
400,288,213,187,147,169,371,352,882,156
465,312,183,148,101,132,382,332,861,156
296,184,233,174,124,173,383,337,885,156
394,291,129,99,73,99,307,320,856,156
379,319,112,100,87,95,314,314,888,156
458,277,175,136,89,122,381,373,871,156
413,267,272,199,131,191,399,622,859,156
378,298,133,87,69,108,288,311,873,156
557,409,140,99,76,110,340,337,898,156
467,321,217,167,123,168,392,317,863,156
334,200,256,199,122,173,400,309,889,156
619,431,243,183,133,178,410,336,858,156
618,440,244,193,137,179,397,342,900,156
713,460,259,196,134,186,420,370,878,156
371,219,323,232,150,216,363,631,926,157
371,248,240,168,124,189,374,428,900,157
434,270,209,152,103,152,392,409,899,157
232,153,212,174,119,153,351,407,903,157
416,221,361,279,174,243,436,638,913,157
358,220,288,257,132,157,422,326,901,157
242,189,169,133,109,142,456,36,691,157
475,294,219,156,109,159,404,317,885,157
613,458,174,135,109,143,380,400,888,157
408,353,158,122,107,140,404,54,793,157
463,265,314,236,147,215,455,558,855,157
664,437,231,180,127,168,383,469,889,157
408,304,214,166,140,180,451,359,874,157
513,367,157,119,92,124,356,338,891,158
557,346,249,207,137,174,407,488,882,158
703,469,369,253,173,267,403,567,900,158
563,313,393,285,143,212,443,620,935,158
532,312,315,243,158,222,418,557,846,158
554,362,235,188,132,178,391,452,843,158
520,288,274,218,140,182,417,301,897,158
503,300,304,226,151,217,413,503,866,158
506,305,315,236,173,235,399,533,858,158
707,478,233,178,133,178,401,491,848,159
370,227,324,226,151,227,371,547,900,159
465,332,176,128,97,138,340,310,891,159
607,418,213,169,133,171,456,316,891,159
534,409,238,172,135,195,359,329,891,159
466,321,196,152,118,157,399,348,867,159
442,273,286,228,147,196,403,441,904,159
572,404,302,221,174,243,448,613,898,159
517,365,223,177,131,170,366,366,863,159
634,374,356,287,155,200,401,629,924,159
732,425,264,210,121,165,365,697,942,159
647,374,338,269,175,224,407,553,907,160
452,266,296,231,159,213,472,424,858,160
278,158,315,222,133,206,374,581,887,160
548,264,455,353,175,246,433,666,876,160
603,355,367,287,182,246,443,638,878,160
640,356,444,284,158,276,607,4,730,160
406,263,176,152,111,133,351,314,880,160
461,264,335,249,164,229,429,577,831,160
602,354,343,252,150,231,418,607,866,160
312,213,134,98,64,91,468,349,876,160
584,401,265,198,142,203,411,368,863,160
411,277,192,149,99,138,342,318,878,160
473,324,196,138,100,151,359,304,894,160
327,251,211,160,126,166,331,323,881,161
705,437,126,109,77,93,389,659,944,161
408,252,320,243,155,212,373,651,875,161
200,139,174,136,97,131,296,306,865,161
448,299,305,236,168,230,357,619,874,161
279,216,218,155,125,181,340,319,883,161
611,398,325,228,154,230,421,552,887,162
505,364,209,169,131,162,400,311,891,162
347,190,233,175,111,156,385,356,904,162
439,334,182,141,110,146,373,316,861,162
363,253,185,142,101,136,329,310,875,162
347,222,261,206,136,183,351,510,896,162
222,172,112,80,63,90,275,306,842,162
475,260,357,275,151,217,398,639,934,162
500,357,263,204,150,198,395,326,883,162
656,450,203,164,119,153,398,393,865,162
427,278,312,230,166,231,476,518,884,162
561,331,241,172,120,169,474,332,909,162
403,286,232,174,131,181,379,406,875,163
488,314,305,226,154,217,421,613,878,163
328,251,212,152,120,173,373,394,878,163
419,262,339,260,187,255,509,565,857,163
427,291,202,148,112,160,455,351,905,163
222,188,170,128,94,130,445,39,977,163
365,263,223,177,125,163,312,474,826,163
381,327,213,158,130,178,431,317,898,163
457,354,123,88,69,101,316,303,915,163
519,342,212,173,127,155,485,354,836,163
341,228,174,124,94,133,335,310,884,164
463,345,245,175,132,192,383,328,869,164
570,398,281,208,167,232,454,332,883,164
391,249,332,235,152,235,389,529,878,164
381,244,260,189,139,201,393,412,873,164
513,334,280,204,144,207,403,473,910,164
692,449,285,236,164,204,444,470,880,164
319,211,164,134,93,118,344,325,893,164
510,342,215,183,130,161,376,311,888,164
600,393,288,212,144,210,402,598,873,164
495,370,183,137,103,143,345,324,888,164
696,463,258,189,136,192,409,393,845,164
492,240,360,267,150,224,447,647,886,164
613,434,147,126,90,107,366,314,881,164
526,399,416,262,219,356,472,257,855,165
505,322,252,174,122,184,389,398,899,165
377,257,198,143,102,151,334,327,882,165
467,283,246,190,130,178,397,524,856,165
312,223,194,150,112,149,333,316,906,165
424,267,243,186,134,181,375,433,875,165
686,392,401,313,206,277,439,632,885,165
252,165,206,164,115,150,311,298,880,165
412,289,251,209,145,183,389,370,879,165
572,375,383,275,204,297,398,563,942,165
397,296,185,145,106,139,344,302,882,165
416,303,318,211,155,247,364,307,819,165
408,300,188,153,116,147,371,313,867,166
376,236,253,189,132,185,391,412,911,166
480,375,141,106,85,116,325,328,870,166
460,235,348,258,151,223,424,590,906,166
470,334,245,178,134,188,404,414,892,166
521,282,409,287,169,262,453,630,900,166
495,329,307,239,169,224,382,557,873,166
524,318,361,273,191,262,491,366,891,166
345,253,205,153,107,153,336,304,875,166
256,183,140,101,76,109,298,321,877,166
699,451,374,236,145,256,442,438,893,166
363,237,242,162,105,168,366,314,923,166
590,334,324,249,152,218,422,537,887,166
580,408,198,145,111,157,368,321,883,166
687,464,276,210,144,195,410,338,860,166
635,372,319,225,148,228,427,536,890,166
612,380,265,189,121,183,401,560,898,166
338,260,104,85,71,89,353,141,840,166
221,158,171,130,102,138,363,315,860,167
644,424,235,182,131,178,386,343,902,167
507,360,224,171,129,171,458,318,895,167
255,181,156,121,95,124,288,308,883,167
340,235,230,166,126,178,356,339,856,167
363,267,147,112,87,120,281,319,872,167
500,360,342,248,186,262,478,441,843,167
464,277,389,292,170,247,480,641,940,167
612,428,212,181,126,161,410,459,889,168
536,323,236,171,119,171,388,436,891,168
446,286,167,130,81,110,394,316,865,168
300,157,172,127,86,121,464,343,900,168
560,405,218,159,125,175,383,337,872,168
398,286,139,111,88,109,318,320,901,168
495,297,233,172,112,162,389,403,891,168
382,225,277,202,134,199,417,439,866,168
567,368,195,142,93,136,341,563,855,169
721,455,336,266,172,233,440,643,876,169
462,347,236,175,141,192,438,314,877,169
209,147,229,172,120,169,333,411,896,169
289,205,192,150,107,144,348,321,894,169
559,409,190,144,110,151,363,333,894,169
416,254,368,263,165,252,429,515,903,169
379,248,168,135,100,128,356,325,880,169
329,215,331,270,186,237,438,426,891,169
730,438,251,195,120,169,426,517,871,169
599,380,272,199,144,206,478,352,866,169
303,216,180,135,98,133,347,293,918,170
500,281,298,206,134,205,420,525,833,170
323,194,317,235,145,210,348,605,906,170
551,320,436,321,212,310,427,627,866,170
338,220,223,176,123,169,413,304,871,170
421,290,251,202,158,199,419,504,853,170
458,311,242,188,153,197,470,382,856,170
534,343,401,307,178,257,344,906,910,170
312,198,203,144,103,154,367,328,887,170
613,348,415,307,194,275,504,661,924,170
521,341,236,192,147,182,434,314,873,170
408,236,340,291,201,242,400,594,895,170
520,308,272,218,131,180,409,397,868,171
367,274,152,116,93,124,309,318,892,171
432,231,315,250,155,206,408,566,928,171
294,170,352,261,165,236,421,488,867,171
329,191,244,167,106,163,387,310,904,171
419,212,330,249,144,209,444,639,864,171
582,385,136,113,81,100,385,329,912,171
515,394,184,122,96,148,304,323,861,171
488,346,231,170,126,182,364,320,875,172
699,465,231,181,123,167,394,415,887,172
655,441,279,198,135,209,397,364,907,172
498,376,225,172,134,177,437,371,866,172
501,296,209,161,100,134,516,329,884,172
594,384,150,103,72,111,436,654,945,172
408,262,239,174,119,171,349,382,865,172
388,306,250,196,157,206,364,316,875,172
576,451,210,159,128,175,357,317,882,172
540,330,291,208,134,195,513,495,839,172
315,217,240,179,125,176,463,379,895,172
314,225,220,137,104,171,341,308,863,172
284,207,161,113,85,124,342,321,865,173
379,306,229,175,137,186,399,312,914,173
362,247,207,144,99,152,379,308,887,173
482,328,257,178,127,190,382,364,894,173
493,344,188,133,91,137,362,312,893,173
414,300,174,130,101,140,378,320,927,173
655,381,354,276,178,249,447,639,879,173
291,199,165,135,95,122,354,299,873,173
404,272,199,141,103,151,374,342,866,174
609,353,445,315,178,276,464,627,942,174
625,432,196,142,100,145,353,319,885,174
594,442,177,133,103,139,404,320,892,174
545,341,329,229,142,230,428,600,880,174
589,383,383,274,177,266,436,625,882,174
665,448,314,255,185,227,415,345,902,174
344,168,343,249,142,211,553,328,915,174
585,413,201,153,111,154,379,313,912,174
519,366,234,192,147,182,387,311,891,174
651,413,267,182,123,195,447,360,907,174
330,187,131,93,57,88,322,646,934,174
632,326,471,334,222,325,514,484,912,175
384,184,393,286,159,240,414,652,929,175
418,277,239,186,123,168,369,315,901,175
612,454,194,157,118,149,353,321,881,175
347,271,178,119,95,144,366,186,852,175
486,376,188,139,120,163,434,330,900,175
503,320,299,237,167,219,417,465,911,175
487,359,211,167,131,172,360,321,887,175
404,271,281,208,152,217,372,311,887,176
429,349,142,91,80,126,392,186,868,176
451,318,200,152,127,168,459,319,861,176
333,181,246,186,109,160,402,427,871,176
275,179,151,113,76,105,323,302,871,176
544,354,384,285,191,276,487,639,919,176
457,286,355,254,154,234,437,618,915,176
315,209,278,222,146,194,301,606,835,176
442,291,212,167,119,157,362,328,891,176
426,290,236,186,116,159,318,537,883,176
601,349,339,250,159,225,447,561,868,176
388,307,198,152,121,160,402,319,879,176
335,265,125,107,91,107,331,312,880,176
609,390,254,201,147,193,456,317,912,176
337,259,173,146,114,141,324,300,883,176
344,236,227,168,121,173,374,339,877,176
651,408,253,189,131,183,401,508,888,177
562,405,255,192,142,195,372,335,885,177
489,286,309,233,151,213,415,426,845,177
663,470,182,149,109,141,383,324,896,177
499,314,187,153,125,154,472,320,853,177
545,333,264,183,132,199,436,537,862,177
221,159,262,176,127,199,378,352,900,177
329,201,223,150,94,151,345,310,899,177
277,218,212,164,143,187,424,311,910,177
463,280,122,98,62,84,294,629,902,177
545,385,263,189,140,194,398,378,904,177
508,383,160,123,98,128,348,316,842,177
272,187,181,148,107,134,408,304,881,177
733,430,463,323,190,279,511,790,929,178
522,315,290,234,165,219,406,426,881,178
601,416,140,106,78,107,318,338,913,178
378,202,269,210,130,181,405,461,877,178
282,195,147,112,84,114,324,313,886,178
491,263,395,292,185,266,444,642,888,178
228,159,151,119,87,114,318,323,893,178
321,200,228,165,119,171,390,306,896,178
577,389,225,183,122,158,457,364,917,178
690,461,250,190,133,182,358,305,874,178
349,250,291,209,158,232,404,436,890,178
451,353,190,129,101,157,363,323,857,178
372,307,122,91,82,110,331,251,820,178
446,313,200,121,193,300,560,152,814,179
543,351,248,223,152,171,409,355,893,179
256,213,171,134,109,139,333,311,864,179
331,216,223,172,127,166,360,321,902,179
512,363,171,135,92,123,371,323,890,179
696,452,259,189,125,179,426,367,878,180
473,339,133,105,85,110,326,319,891,180
711,380,385,289,164,234,455,619,872,180
598,437,286,181,138,225,430,416,926,180
451,271,490,371,218,322,540,637,924,180
404,297,120,97,78,98,319,321,842,180
278,191,183,135,92,131,335,323,908,180
208,144,212,150,101,152,351,309,880,180
297,237,111,87,68,88,255,304,869,180
493,351,219,167,112,153,396,318,910,180
274,206,137,113,90,109,295,311,856,180
228,169,126,97,75,98,275,319,878,180
361,241,239,175,121,172,396,310,882,180
407,271,122,97,72,93,335,330,840,180
350,192,290,222,138,188,323,605,893,180
470,310,184,172,124,141,367,327,861,180
390,283,177,127,94,136,340,302,901,181
719,451,258,184,123,176,401,477,901,181
373,252,299,210,148,221,462,433,903,181
269,179,178,138,100,137,342,312,920,181
472,353,182,135,104,144,361,321,889,181
499,415,137,67,147,238,542,153,785,181
636,433,270,198,147,207,413,377,863,181
486,275,285,216,142,200,412,530,876,181
453,317,220,177,140,181,470,318,911,181
639,454,255,196,152,204,401,475,868,181
634,418,231,187,124,163,392,337,896,182
651,404,343,251,176,259,516,558,890,182
709,451,227,164,111,163,396,520,867,182
356,237,165,136,108,134,387,314,891,182
717,452,328,231,150,226,515,602,899,182
434,289,226,173,121,165,371,435,883,182
383,236,289,236,155,202,384,352,908,182
545,293,273,223,142,188,452,513,845,182
507,352,225,220,164,172,359,304,891,183
603,379,318,251,171,230,443,528,853,183
366,209,304,223,139,203,331,636,894,183
521,290,282,219,138,189,398,617,944,183
417,285,257,195,138,189,394,419,862,183
387,244,248,186,119,174,384,474,907,183
721,405,339,258,152,220,472,576,857,183
470,300,322,241,165,237,400,656,913,183
488,312,283,217,146,199,367,504,882,183
578,430,198,144,111,159,332,320,878,183
318,215,207,161,118,161,398,315,899,183
243,178,241,173,125,177,447,348,911,183
602,391,264,199,128,182,403,308,874,183
568,381,218,170,120,156,381,334,910,183
563,389,135,99,68,100,358,317,891,184
480,374,215,154,122,179,377,334,904,184
463,305,310,227,148,216,413,547,878,184
515,312,342,215,131,219,517,536,900,184
413,273,224,182,130,164,366,361,889,184
588,311,388,293,150,214,515,516,883,184
491,298,154,127,74,94,264,625,920,184
403,297,261,204,157,204,370,307,903,184
438,252,247,194,120,165,402,461,914,184
449,348,221,171,140,185,379,307,913,184
672,452,312,240,164,226,393,361,905,184
319,287,100,65,60,92,424,3,130,184
607,389,345,264,178,243,426,618,911,185
337,222,313,252,175,225,394,403,931,185
328,244,202,153,116,158,337,299,858,185
508,351,258,185,121,188,384,315,886,185
225,155,211,172,129,161,416,362,894,185
516,267,455,355,204,290,430,708,906,185
530,320,308,246,162,213,370,607,928,185
458,281,240,175,142,198,477,373,903,185
475,350,168,151,121,136,387,258,863,185
485,275,283,204,136,193,426,558,884,186
465,279,351,244,158,248,431,600,878,186
663,444,225,181,126,165,396,312,876,186
574,289,408,330,148,197,444,784,953,186
507,361,248,196,140,179,402,380,905,186
517,379,164,126,96,127,346,323,849,186
232,139,194,141,95,137,325,352,881,186
562,322,415,301,171,248,426,628,945,186
594,373,354,256,174,255,426,549,877,186
502,329,424,306,209,309,438,627,914,186
205,147,173,140,102,132,279,329,844,186
363,240,257,206,145,187,494,437,820,186
316,190,245,185,123,175,450,398,889,187
305,205,260,190,128,184,256,665,906,187
692,424,340,254,170,241,424,646,901,187
564,374,238,184,131,178,369,398,850,187
436,309,151,115,85,117,351,288,904,187
252,188,191,129,100,153,359,321,833,187
578,389,276,216,157,211,424,542,884,187
444,340,176,125,102,147,354,324,872,187
450,341,173,130,104,142,326,308,872,187
448,256,373,272,173,249,425,626,883,187
347,221,199,153,109,148,381,312,996,187
597,407,271,209,155,209,424,428,893,187
392,253,318,226,141,218,371,424,879,187
532,381,224,149,118,181,374,326,881,187
413,277,183,133,98,138,375,329,862,187
603,388,213,158,102,147,385,384,870,188
633,432,258,207,140,185,423,429,882,188
418,301,159,114,84,125,359,334,855,188
652,365,238,140,78,146,386,328,887,188
478,294,267,180,126,197,517,316,900,188
393,319,187,146,120,152,329,311,879,188
412,283,208,149,110,162,365,338,854,189
287,213,190,145,112,152,357,323,894,189
354,247,181,135,100,141,332,316,904,189
646,391,343,252,153,231,471,437,913,189
502,368,192,144,114,154,393,317,841,189
302,199,206,141,102,152,319,300,907,189
505,249,362,280,169,229,494,529,951,189
475,272,490,378,236,326,454,623,906,189
354,218,182,129,86,128,373,327,930,189
491,317,292,209,145,221,402,498,891,189
623,382,308,213,140,216,418,578,894,189
417,240,239,175,110,164,398,498,919,190
507,272,285,208,126,193,400,567,871,190
376,265,202,138,105,157,373,322,887,190
388,274,199,148,112,156,366,323,876,190
644,387,388,312,208,274,430,650,922,190
334,244,111,85,65,87,367,213,904,190
585,292,185,133,71,113,395,871,948,190
556,356,281,207,144,209,387,493,880,190
352,222,184,138,99,137,450,321,878,190
340,256,155,127,103,125,357,305,889,190
525,320,335,260,169,230,407,515,904,190
360,232,181,135,97,139,416,321,902,190
671,413,212,186,114,138,407,317,885,191
380,251,274,206,147,206,467,318,855,191
220,155,272,200,141,201,392,232,898,191
567,405,200,154,117,157,376,322,915,191
358,253,113,89,64,84,284,314,824,191
275,189,198,148,106,146,328,307,859,191
522,372,277,194,156,231,449,376,942,191
612,385,319,242,161,225,413,634,893,191
208,133,190,148,97,132,260,471,889,192
295,215,216,136,101,167,331,319,891,192
624,353,358,255,165,250,432,501,883,192
427,309,241,153,103,172,352,415,891,192
701,384,440,335,163,245,446,634,930,192
321,224,310,214,171,258,490,534,868,192
704,440,251,209,134,171,403,314,910,192
465,242,164,125,63,86,440,503,910,192
487,348,176,149,107,135,374,323,865,193
405,271,203,159,110,148,392,329,873,193
285,227,144,111,87,118,292,309,855,193
695,447,311,246,168,225,395,517,903,193
436,289,337,270,174,234,383,586,825,193
340,227,263,196,141,196,397,351,904,194
397,297,186,141,110,150,306,307,870,194
555,369,180,133,99,138,439,327,872,194
465,307,335,254,178,244,379,559,902,194
314,250,167,117,90,134,487,300,913,194
283,193,255,180,121,184,373,483,921,194
249,179,163,132,98,123,307,298,901,194
555,419,238,173,140,196,395,434,896,194
382,247,235,183,131,179,392,420,909,194
495,318,253,188,112,168,386,563,873,194
451,272,266,188,124,186,373,522,842,195
582,425,202,142,106,157,369,310,845,195
574,401,159,129,92,119,338,309,910,195
625,419,264,206,145,193,410,508,879,195
306,208,179,125,90,135,328,313,879,195
344,229,214,152,110,164,369,470,852,195
458,331,202,150,110,156,375,375,885,195
677,462,290,229,167,227,423,517,885,196
375,295,168,128,100,133,343,306,887,196
456,333,206,146,114,164,346,316,892,196
692,470,295,224,159,214,435,513,886,196
412,282,128,97,72,100,311,313,877,196
430,288,171,132,96,132,315,356,945,196
481,244,265,196,123,177,514,361,901,196
458,299,315,235,157,224,411,528,878,196
298,226,120,94,73,96,322,187,835,196
592,431,168,119,88,131,359,321,895,196
427,253,257,174,113,180,404,468,898,196
544,364,241,188,131,175,383,381,846,196
514,388,127,95,76,103,329,330,837,196
536,376,237,166,114,175,389,317,902,196
628,384,319,229,158,233,413,549,858,197
574,380,269,204,142,196,405,558,886,197
464,315,287,213,167,234,510,165,853,197
491,297,245,166,106,166,388,370,904,197
652,426,288,214,155,217,420,571,800,197
619,416,240,168,121,181,380,311,908,197
202,157,154,119,92,123,293,305,883,197
498,361,252,208,167,212,397,310,831,197
430,246,272,188,137,206,495,364,886,197
300,228,211,160,126,175,317,300,889,198
543,375,206,153,115,165,395,316,861,198
368,275,252,203,149,182,501,334,892,198
377,197,331,242,138,212,437,639,894,198
329,229,226,174,120,163,352,385,890,198
376,265,152,123,95,121,331,321,856,198
588,418,257,183,124,185,422,314,916,198
526,375,214,149,116,172,377,421,883,198
705,438,393,307,223,288,439,599,882,198
332,274,171,125,107,147,316,206,856,198
240,170,152,113,84,119,321,311,881,198
396,298,195,149,119,157,437,315,872,198
276,209,160,116,96,136,406,95,899,198
475,246,454,367,228,303,443,592,930,199
576,371,321,260,180,235,400,651,920,199
515,355,211,167,121,159,378,405,879,199
542,352,175,144,97,124,348,308,894,199
540,381,159,110,80,121,329,314,839,199
239,155,176,132,102,139,338,311,888,199
595,304,433,304,168,261,411,645,928,199
370,334,121,85,75,108,363,1,193,199
290,174,236,172,114,166,354,321,906,199
417,304,190,150,123,159,336,313,865,199
582,347,327,235,155,228,414,450,885,200
663,442,340,252,177,249,496,541,861,200
207,140,177,124,85,129,362,318,913,200
616,407,263,195,135,191,410,331,907,200
514,317,282,222,145,192,333,627,890,200
341,231,198,153,116,153,322,303,864,200
650,368,203,162,98,132,332,668,961,200
459,256,275,211,136,189,390,522,864,200
253,177,205,142,100,150,345,312,888,200
418,262,290,219,155,211,498,321,905,200
439,249,336,240,152,230,411,530,859,200
447,343,171,115,92,139,343,325,913,200
451,219,298,206,145,221,540,316,891,200
506,316,307,244,168,221,400,448,841,200
304,199,283,204,131,197,391,549,864,200
406,326,103,78,65,86,315,305,865,201
575,380,204,164,111,147,379,313,893,201
508,330,231,173,117,162,396,431,860,201
208,156,141,105,81,114,301,309,880,201
269,170,214,165,115,160,365,321,900,201
367,209,324,236,155,220,416,539,911,201
202,144,157,108,78,118,276,312,864,201
346,230,201,154,98,135,368,311,907,201
255,144,247,194,127,169,366,470,896,201
374,301,176,127,99,140,338,298,871,201
267,159,267,199,134,187,368,414,886,201
308,243,154,118,105,137,410,321,850,201
716,435,350,268,192,258,448,587,875,201
575,414,417,304,230,329,430,626,897,201
494,355,208,170,126,161,393,321,863,202
302,209,221,165,117,160,472,330,920,202
632,367,348,263,156,230,500,357,873,202
348,215,306,228,149,216,390,397,907,202
456,290,318,246,169,239,417,516,874,202
357,257,168,137,105,133,335,298,886,202
454,308,199,152,105,147,374,314,895,203
475,305,246,199,142,184,395,320,912,203
450,331,311,237,156,213,392,575,890,203
724,432,249,199,141,173,545,324,887,203
355,269,226,158,127,183,345,303,843,203
419,285,229,173,127,177,380,326,871,203
654,454,148,125,95,113,447,324,816,203
489,365,311,219,170,244,466,480,907,203
416,319,223,158,135,191,449,331,917,203
539,317,351,264,157,230,417,564,896,204
305,190,214,159,112,159,387,336,885,204
254,189,195,155,116,150,321,310,881,204
642,421,319,230,159,236,471,449,913,204
259,194,171,142,115,142,317,314,885,204
570,409,280,204,153,214,411,414,878,204
508,341,197,162,114,136,394,312,910,204
355,217,231,162,114,171,359,307,875,204
417,304,244,181,139,189,357,307,879,204
292,213,127,104,82,104,317,315,857,204
538,322,211,159,102,142,434,440,886,204
468,279,237,198,119,161,370,492,876,204
671,444,296,213,147,218,398,332,859,205
226,161,192,141,109,150,316,307,869,205
253,164,198,144,103,147,343,338,871,205
456,244,458,314,164,276,445,639,882,205
327,225,218,147,116,178,445,332,874,205
215,158,163,123,95,132,331,317,881,205
346,249,181,138,112,149,350,317,884,205
401,268,285,199,129,198,377,406,889,205
574,348,267,185,117,180,387,417,911,205
451,331,209,155,117,159,365,466,869,206
381,256,251,196,151,198,464,320,869,206
461,266,280,210,133,189,420,465,867,206
540,342,439,319,189,294,319,844,906,206
618,380,404,290,197,290,488,630,892,206
464,352,213,155,125,173,387,305,877,206
583,339,441,316,183,276,432,927,924,206
234,181,220,180,131,161,433,360,891,206
694,433,346,253,167,242,445,631,880,206
706,396,577,443,238,330,420,1023,944,206
350,276,117,83,68,97,300,321,883,206
470,305,195,135,88,136,380,314,902,206
528,384,251,184,142,204,367,342,851,206
341,223,227,174,104,150,331,321,851,206
387,302,165,125,101,135,360,311,853,206
479,317,240,165,121,183,388,338,862,206
685,462,263,231,170,199,481,496,840,206
561,374,195,163,111,140,445,328,896,207
624,415,260,198,144,199,393,326,906,207
395,322,120,95,78,99,297,311,808,207
585,363,326,240,153,227,440,524,889,207
455,302,189,135,97,137,374,326,908,207
699,435,276,215,153,201,423,544,849,207
634,423,323,219,149,239,397,321,883,207
443,303,244,189,149,199,406,319,880,207
607,435,284,243,167,205,368,491,836,207
417,255,242,176,117,168,383,320,893,207
337,218,107,73,54,83,440,355,869,207
462,329,197,151,114,151,363,318,884,207
445,313,216,178,144,178,356,311,875,207
224,166,176,129,97,137,294,304,872,207
415,257,398,290,210,301,477,660,914,208
201,133,204,157,111,149,403,330,879,208
670,362,362,290,182,241,439,643,927,208
575,299,196,149,90,127,486,339,893,208
363,245,297,218,152,219,398,586,897,208
650,388,455,350,212,298,483,581,958,208
231,171,186,139,102,144,312,310,888,208
674,416,338,266,173,232,412,629,884,208
416,290,202,158,118,157,347,322,876,208
542,348,212,179,136,161,382,426,893,208
448,320,222,173,126,170,331,471,860,208
466,351,144,116,93,116,355,325,881,208
316,219,242,164,113,177,366,406,900,208
504,313,245,175,127,186,495,322,877,208
548,327,322,244,176,237,468,576,870,208
501,281,326,241,141,205,361,696,924,208
648,367,341,280,171,230,423,630,904,209
674,399,404,292,189,270,414,582,859,209
340,204,333,267,165,220,337,556,886,209
411,266,246,188,135,185,325,436,898,209
438,306,190,154,107,135,376,380,874,209
417,267,209,156,109,153,365,381,899,209
542,344,367,268,187,276,439,637,898,209
433,312,186,150,108,138,326,306,891,209
642,436,355,236,167,263,428,561,928,209
346,262,159,117,93,130,344,318,829,209
458,280,195,161,116,145,462,310,871,210
432,288,225,154,106,164,354,370,883,210
398,226,305,235,152,214,426,449,904,210
660,404,250,195,128,173,419,468,866,210
571,396,325,249,182,244,408,637,853,210
319,175,137,95,54,85,407,671,892,211
590,361,144,105,70,102,447,627,863,211
515,343,265,189,141,207,397,438,849,211
576,297,313,249,135,185,422,638,924,211
497,354,136,87,61,101,337,330,884,211
418,273,261,199,138,196,382,492,898,211
484,307,279,219,154,202,398,449,899,211
508,375,177,132,101,142,352,317,851,211
408,285,228,179,137,182,458,327,887,211
413,274,231,185,126,169,374,422,888,211
324,186,312,244,153,212,302,608,855,211
546,348,277,203,142,202,416,407,877,212
661,424,171,121,82,120,348,555,898,212
585,422,231,171,133,182,387,319,869,212
466,307,121,94,66,92,457,353,888,212
524,311,193,153,100,132,369,322,894,212
183,136,197,154,112,150,303,297,902,212
279,176,208,162,109,149,375,327,912,212
302,215,215,155,114,166,394,328,898,212
616,407,398,288,212,299,475,652,890,212
451,300,234,175,118,173,353,348,873,212
414,281,229,163,117,171,345,307,882,212
411,241,244,190,138,187,478,501,864,212
612,442,223,155,118,180,396,324,894,213
401,207,351,272,170,236,438,617,879,213
347,263,225,172,131,177,323,391,897,213
518,357,295,210,152,226,455,377,897,213
512,374,185,131,96,141,333,312,889,213
620,349,301,220,135,204,418,595,887,213
643,468,315,262,215,263,500,212,901,213
211,133,211,150,104,153,315,347,912,213
627,414,276,222,155,204,386,315,918,213
634,430,410,312,196,278,492,445,921,214
430,301,216,165,121,166,373,327,897,214
298,262,147,116,108,134,421,2,228,214
566,377,257,205,135,183,390,451,851,214
404,244,197,149,80,115,481,371,900,214
425,274,205,154,109,150,375,322,918,214
628,398,246,195,123,165,405,320,847,214
659,436,264,210,142,192,407,365,871,215
602,387,254,194,130,182,375,468,879,215
467,314,190,140,102,143,359,420,881,215
418,271,147,115,73,100,417,320,872,215
297,179,373,309,198,246,362,629,918,215
558,372,270,177,112,195,487,317,871,215
404,224,161,128,69,94,357,313,888,215
469,289,205,157,104,144,365,435,869,215
457,324,187,150,116,151,363,351,868,215
570,283,363,243,138,223,446,596,897,216
405,218,294,224,130,184,374,625,948,216
497,341,251,199,137,179,386,491,845,216
376,253,199,155,113,148,371,317,861,216
322,246,247,181,149,206,383,505,864,216
369,289,205,148,120,173,379,323,895,216
438,309,257,213,154,197,384,393,852,216
430,279,304,216,151,223,383,565,894,216
492,344,345,236,163,253,429,484,875,216
612,447,197,158,120,155,353,331,882,216
287,213,219,171,123,169,329,319,894,217
703,469,305,203,140,229,421,338,892,217
578,379,299,227,157,221,387,435,892,217
589,401,243,190,130,174,379,464,896,217
451,274,325,243,159,232,411,560,844,217
656,469,267,194,143,211,385,330,904,217
473,327,220,179,136,176,367,315,887,217
459,317,291,192,141,225,388,321,870,217
539,380,196,142,107,154,368,325,869,217
442,349,185,133,109,156,363,321,810,218
499,339,394,288,199,275,455,672,921,218
537,349,187,133,88,133,387,321,852,218
517,366,125,84,60,93,375,335,892,218
381,264,292,192,139,219,361,489,853,218
435,243,335,255,167,230,403,428,910,218
522,326,329,251,164,227,439,515,868,218
311,198,239,177,124,175,387,325,900,218
530,331,421,314,219,304,562,13,733,218
594,428,297,212,154,224,401,313,865,218
581,370,269,215,149,190,408,458,846,218
466,346,177,128,98,140,363,318,858,218
325,209,287,222,148,204,302,625,876,218
614,353,364,280,156,221,446,624,938,219
504,284,328,265,166,217,360,639,921,219
437,248,298,239,154,204,420,616,887,219
461,299,267,209,146,203,401,465,919,219
408,280,192,145,107,147,368,310,892,219
551,379,170,120,90,132,443,311,863,219
600,403,302,227,161,227,415,473,861,219
569,406,182,128,97,143,351,315,822,219
421,343,371,272,227,309,406,2,215,219
529,374,214,189,144,170,396,318,904,220
310,180,220,158,101,155,365,423,916,220
517,300,237,193,122,161,408,432,890,220
556,339,236,176,122,174,409,454,905,220
555,393,192,139,106,150,339,323,883,220
567,328,352,252,148,224,452,663,880,220
455,333,116,87,70,93,298,316,895,220
598,420,164,127,96,129,361,329,873,220
569,304,350,256,145,230,446,658,903,220
257,225,136,107,96,123,378,68,823,220
340,264,257,193,159,215,459,327,861,220
486,260,336,237,140,216,427,566,874,220
693,413,352,255,157,228,489,368,926,220
345,244,149,122,92,115,346,312,848,220
594,404,323,244,171,236,456,601,843,221
275,217,150,118,95,123,301,309,864,221
259,156,254,196,130,178,336,524,863,221
555,413,162,141,111,130,345,299,858,221
591,417,209,148,109,161,361,452,845,221
351,179,428,303,161,245,465,631,1001,221
720,401,345,287,182,227,463,475,896,221
303,220,211,160,120,165,366,307,901,221
407,255,233,169,115,168,404,364,879,221
501,275,312,240,157,215,429,547,899,221
346,233,175,147,111,132,337,316,904,221
427,241,265,215,130,179,420,629,912,222
515,375,191,145,120,160,341,304,882,222
431,259,289,221,133,190,417,643,869,222
478,350,242,195,150,189,386,377,873,222
638,359,141,98,60,92,435,709,875,222
434,305,239,188,136,185,374,403,878,222
464,313,238,160,113,175,391,465,872,222
376,209,261,183,102,159,383,612,937,222
374,278,219,160,136,186,469,325,892,222
300,230,360,239,149,234,498,321,881,222
608,442,204,146,113,163,380,340,901,222
452,310,209,139,99,153,363,318,870,222
335,205,312,244,160,222,366,571,901,222
288,185,226,153,102,160,389,321,922,222
488,351,264,191,140,203,384,318,890,222
435,240,292,226,144,196,423,638,922,222
555,343,269,207,141,197,413,577,890,223
545,335,239,173,104,157,406,393,868,223
350,208,197,159,110,143,367,312,982,223
346,260,205,159,123,162,331,313,896,223
410,306,150,123,94,119,357,316,868,223
557,415,141,120,98,115,352,327,887,223
730,463,385,294,201,279,447,597,866,223
442,293,252,189,134,191,371,508,846,223
417,256,231,188,126,164,383,457,852,223
407,196,306,227,136,196,430,572,899,224
559,380,249,188,140,191,383,504,900,224
496,294,451,327,197,290,566,499,852,224
345,253,215,162,121,168,413,309,867,224
455,322,201,134,103,159,346,322,890,224
653,421,260,192,152,209,474,393,886,224
433,236,325,258,172,232,414,580,864,224
516,290,392,284,173,251,441,661,890,224
381,253,334,270,199,249,390,529,890,224
481,316,186,144,99,132,389,314,886,224
475,349,227,173,131,179,357,317,892,224
349,272,163,123,100,137,341,317,834,224
374,244,183,130,96,142,338,313,894,224
563,336,348,271,194,260,406,433,886,225
346,195,308,225,137,202,393,578,894,225
612,401,276,224,159,201,414,327,894,225
543,358,325,232,152,227,416,592,894,225
590,416,175,125,86,126,343,323,880,225
438,354,136,97,83,119,285,292,884,225
554,307,317,237,127,184,393,625,938,225
564,302,337,280,154,208,424,614,892,225
586,416,300,210,153,229,414,567,905,225
485,262,328,244,152,221,422,632,885,225
602,356,389,298,196,264,449,463,860,225
382,225,312,218,145,221,381,534,851,226
723,453,440,355,229,286,419,456,917,226
673,450,281,215,154,207,403,421,916,226
589,361,346,279,190,247,490,505,839,226
442,301,175,138,96,130,361,302,876,226
306,234,193,161,123,153,333,305,902,226
468,279,289,227,175,228,479,507,910,226
438,308,390,304,227,294,492,496,908,226
625,460,207,157,118,160,384,302,881,227
365,251,254,168,116,187,355,315,901,227
535,311,300,231,150,202,397,563,902,227
342,221,193,162,128,155,438,331,893,227
365,258,185,152,116,143,356,306,889,227
415,257,312,231,153,223,466,514,920,227
345,222,211,165,116,155,365,328,914,227
466,319,167,133,94,120,354,328,879,227
393,295,177,148,117,142,358,309,864,227
487,324,302,251,167,200,369,522,912,227
524,292,389,282,182,268,431,545,890,227
381,214,298,255,152,188,359,631,894,227
296,202,177,127,97,142,365,315,797,227
483,308,250,187,127,178,395,373,907,227
256,157,151,118,83,108,424,322,863,227
702,451,197,140,93,136,474,328,892,228
402,289,302,216,161,238,450,353,897,228
491,357,233,171,128,178,450,337,904,228
380,267,203,144,106,153,357,373,857,228
718,436,264,214,137,183,419,393,914,228
428,297,149,113,86,119,339,309,883,228
335,271,192,145,114,156,314,304,895,228
435,285,355,249,178,266,461,623,886,228
337,212,286,208,132,197,333,620,899,228
644,451,297,220,162,226,483,330,894,228
331,229,151,116,80,112,343,316,869,228
482,345,206,152,118,163,382,307,900,228
424,232,265,223,147,184,376,585,898,228
309,194,220,173,115,152,370,308,893,228
544,331,383,271,166,251,459,616,916,228
358,226,394,285,173,267,403,593,885,228
427,272,268,204,141,195,399,359,864,228
669,441,144,121,90,111,377,646,940,228
441,319,161,110,83,125,329,371,880,228
617,407,239,177,126,177,372,324,893,228
679,449,252,199,145,188,479,394,877,228
259,180,257,190,139,200,358,311,913,229
463,257,398,265,153,252,431,627,900,229
384,246,413,294,197,296,415,567,903,229
485,297,279,223,158,202,462,616,867,229
596,383,251,214,150,181,405,482,855,229
638,453,220,166,121,171,382,414,857,229
348,271,190,160,129,155,378,323,890,229
336,212,200,150,99,140,364,305,894,229
630,351,317,242,170,232,469,589,892,229
222,175,156,131,105,126,305,287,842,229
629,357,283,218,147,201,435,494,891,229
440,328,174,127,99,139,346,304,824,229
323,246,191,132,103,154,356,308,857,229
709,424,331,248,145,212,432,497,859,229
438,223,140,104,70,99,340,677,942,229
338,257,190,142,111,152,357,314,882,229
708,441,313,249,171,219,393,647,911,230
716,434,385,294,200,279,470,524,851,230
430,331,226,177,146,191,576,2,625,230
580,341,372,295,190,252,432,566,899,230
318,185,297,212,146,214,410,419,901,230
342,206,372,288,193,265,338,614,912,230
209,178,103,81,69,89,383,29,789,230
395,273,179,125,90,134,361,307,902,230
727,456,435,349,227,305,447,631,910,230
298,232,176,127,101,145,331,308,878,230
653,463,183,135,99,141,370,318,893,230
261,153,289,228,140,191,285,628,889,230
698,467,275,189,133,203,473,472,859,230
635,356,270,217,150,192,413,404,924,230
298,163,318,215,120,191,404,574,897,231
527,367,289,218,158,213,356,586,879,231
518,342,223,168,124,172,396,329,884,231
466,320,213,175,130,161,367,324,912,231
262,198,121,82,59,92,410,567,869,231
333,191,127,94,57,84,245,633,907,231
531,363,279,212,155,210,387,396,907,231
281,151,278,216,140,186,481,306,922,231
451,311,252,181,125,183,402,468,861,231
362,271,201,135,99,154,327,308,890,231
319,248,118,88,72,98,305,222,873,231
649,435,238,187,133,181,389,351,874,231
282,238,119,101,88,102,292,318,870,231
501,290,133,98,62,92,318,653,901,231
664,411,355,259,167,240,420,564,881,231
326,226,280,187,134,211,376,525,889,232
420,258,300,234,149,200,391,516,850,232
218,153,206,159,115,157,306,303,856,232
416,323,229,162,139,201,461,316,883,232
315,219,159,121,88,124,337,314,892,232
358,245,341,252,173,246,419,468,874,232
630,409,390,260,166,277,403,444,867,232
627,393,254,193,132,187,391,412,880,232
426,283,298,221,150,211,399,567,854,232
524,294,250,199,124,166,435,367,891,232
403,227,372,285,173,241,369,632,950,232
553,400,206,158,114,156,399,388,885,232
576,342,262,197,136,193,446,367,856,232
370,179,335,252,153,221,356,636,949,233
508,369,138,113,86,110,335,328,867,233
379,295,144,111,86,117,325,305,877,233
594,309,404,280,156,259,450,632,899,233
408,290,200,154,113,156,351,305,834,233
571,373,282,233,150,189,402,418,875,233
406,287,200,168,138,165,439,324,881,233
316,228,214,172,121,158,314,421,857,233
567,372,206,164,126,163,438,323,877,233
388,224,206,150,101,147,469,318,838,233
278,169,179,136,91,129,345,322,891,233
554,339,270,222,147,186,364,613,857,234
522,312,269,193,122,191,415,483,856,234
689,441,330,258,189,251,437,395,906,234
529,376,202,159,121,156,389,326,855,234
341,238,212,157,118,165,406,320,851,234
587,372,269,195,136,202,403,577,832,234
212,139,214,160,111,155,336,315,879,234
499,297,334,245,157,230,416,542,846,234
451,266,329,243,154,227,426,645,852,234
563,400,250,197,154,199,407,322,863,234
287,155,172,136,77,102,580,1,183,234
295,202,239,158,108,172,361,312,906,234
510,328,188,141,96,136,362,312,889,234
507,283,261,181,122,181,472,334,906,234
495,354,262,189,129,188,430,357,905,234
539,302,369,257,158,249,420,645,904,234
325,233,206,168,125,161,372,317,891,235
241,159,218,181,123,158,269,490,859,235
651,452,259,194,139,201,423,326,910,235
411,261,269,199,141,199,504,297,875,235
480,339,319,219,181,269,435,401,858,235
576,382,254,188,135,195,414,396,862,235
660,417,274,221,138,185,505,406,873,235
274,260,133,96,94,130,407,3,179,235
497,306,295,220,143,204,379,642,860,235
643,395,305,224,153,218,434,523,875,236
625,382,291,219,145,209,420,469,849,236
639,473,257,197,144,196,368,448,889,236
388,214,351,272,157,216,425,559,888,236
406,280,200,155,114,149,289,453,885,236
266,179,229,176,127,170,290,443,871,236
252,163,302,216,147,212,322,520,896,236
561,410,239,182,128,171,347,430,844,236
545,362,206,145,100,154,315,308,914,236
676,386,428,331,217,300,524,653,942,236
374,289,204,153,121,163,358,347,878,237
480,336,207,152,113,158,377,377,865,237
393,268,249,180,139,194,391,346,869,237
342,277,234,202,158,187,367,312,901,237
303,217,167,128,95,130,298,320,895,237
308,181,284,211,137,192,391,457,886,237
654,350,508,365,220,318,394,955,949,237
584,389,259,202,137,188,414,425,870,237
632,421,246,194,133,185,381,392,886,237
207,142,187,146,103,141,343,320,873,237
519,400,159,123,99,129,348,320,858,237
401,299,239,190,134,173,380,346,901,237
347,203,343,246,153,228,404,610,884,237
610,400,227,172,122,167,400,324,866,237
497,274,397,295,180,260,438,595,900,237
527,424,161,123,98,131,344,311,871,237
495,348,217,175,136,175,392,314,876,237
339,253,135,107,83,107,295,308,850,237
485,331,266,210,157,205,390,322,904,238
172,143,150,126,108,127,298,312,884,238
349,231,188,140,102,141,370,326,892,238
374,237,229,185,124,167,406,306,860,238
571,307,354,297,192,242,495,629,890,238
606,432,251,203,157,206,423,331,916,238
350,248,224,169,129,177,445,347,897,238
336,231,260,202,146,193,354,379,850,238
343,219,165,129,87,120,405,313,883,238
252,177,147,120,87,111,289,308,856,238
366,258,180,138,108,144,372,311,906,238
278,172,184,132,85,126,360,338,894,238
514,295,466,326,188,289,462,593,913,238
588,433,231,166,132,189,380,354,874,238
634,432,341,283,224,276,417,332,865,238
282,188,258,202,134,184,288,504,881,238
335,262,172,132,100,132,322,311,848,238
518,379,209,163,117,153,370,300,823,238
484,282,273,224,129,170,383,491,904,238
710,413,300,229,157,214,508,509,856,238
348,194,207,159,113,154,452,334,871,238
678,417,317,239,146,208,367,589,888,238
286,178,342,282,192,244,352,523,899,239
564,369,222,171,116,161,396,325,902,239
350,218,264,186,128,191,414,510,853,239
608,414,206,151,110,156,380,367,891,239
612,421,231,183,131,172,375,337,912,239
523,346,224,156,104,160,370,364,863,239
547,269,352,270,134,199,394,692,934,239
407,269,186,147,96,129,342,295,860,239
420,243,221,176,114,152,389,401,871,239
296,173,218,172,118,157,349,360,904,239
355,236,161,119,82,117,356,441,848,239
471,333,225,174,127,175,396,325,884,239
388,283,186,132,109,153,489,323,868,239
402,289,225,167,121,170,364,305,905,240
425,259,336,250,166,236,390,630,889,240
376,248,106,76,61,85,407,316,852,240
560,368,281,220,147,197,371,314,863,240
428,250,259,196,126,174,468,324,898,240
415,301,204,152,100,140,367,321,900,240
595,388,221,166,116,163,393,358,877,240
572,408,278,220,168,220,464,317,815,240
290,213,257,200,146,196,276,566,849,240
644,397,279,208,147,209,514,315,853,240
449,328,143,99,78,116,348,326,878,240
336,199,200,144,106,155,471,315,884,240
593,373,246,185,130,181,387,500,878,240
475,335,227,188,141,178,395,331,882,240
668,383,417,329,207,283,427,524,911,241
699,407,323,271,173,211,386,549,879,241
320,192,160,130,96,123,432,313,851,241
426,309,208,143,108,167,355,347,848,241
416,248,279,203,136,195,393,481,892,241
520,367,195,154,114,148,322,303,912,241
372,285,153,108,82,121,331,319,850,241
455,237,353,279,169,228,413,614,903,241
299,183,280,205,133,193,315,540,890,241
382,248,289,225,142,195,352,622,896,241
426,309,170,127,98,132,358,305,892,241
265,196,108,83,65,88,290,314,881,241
537,380,200,153,108,152,378,324,865,241
644,327,513,393,136,185,519,735,916,241
697,480,472,321,227,350,432,890,893,241
417,276,210,170,122,159,424,324,920,241
556,376,246,188,151,197,503,454,885,241
552,407,375,229,158,274,498,353,909,241
281,224,311,250,198,262,463,57,750,241
430,327,160,122,100,132,324,311,909,241
417,272,285,212,147,200,518,337,894,242
439,255,300,228,151,211,392,502,889,242
618,352,362,255,158,238,431,629,890,242
601,373,325,258,167,225,434,504,861,242
255,162,303,240,169,222,337,447,892,242
530,370,296,237,148,199,371,514,869,242
438,286,229,164,108,168,363,318,871,242
416,308,217,165,131,171,375,321,864,242
460,271,237,177,104,150,394,338,900,242
565,405,188,142,109,151,376,326,872,242
431,296,198,151,119,157,490,309,823,242
308,216,155,136,96,110,298,304,865,242
438,317,135,107,84,110,347,303,902,242
447,256,225,159,111,164,464,327,866,243
358,309,133,96,80,115,339,129,784,243
307,185,276,196,119,178,436,558,892,243
352,240,179,135,101,138,367,319,873,243
452,320,199,158,116,151,358,399,885,243
286,197,180,145,106,132,300,385,868,243
418,241,311,221,146,221,376,618,904,244
613,386,150,114,71,102,341,622,906,244
369,268,208,139,107,163,394,310,856,244
464,272,249,196,129,176,375,475,889,244
666,387,324,237,155,219,430,598,906,244
549,400,240,167,133,194,400,314,933,244
352,245,212,167,121,156,381,351,862,244
565,362,254,218,154,182,384,557,842,244
218,162,226,173,121,167,470,307,868,244
420,302,164,109,79,125,339,329,919,244
236,159,184,144,100,132,381,304,920,244
625,394,321,231,150,222,388,435,825,244
674,453,256,184,129,187,429,412,886,244
282,188,211,165,110,148,256,518,881,245
728,454,227,164,106,154,417,419,853,245
426,326,133,106,81,105,307,311,846,245
531,266,466,373,186,243,362,946,936,245
357,265,162,128,101,133,340,310,835,245
300,192,209,162,115,154,356,307,860,245
387,257,161,129,86,117,331,237,894,245
586,378,261,205,146,195,379,458,873,245
519,346,228,181,133,176,401,324,922,245
441,312,216,191,146,172,374,317,875,245
390,243,313,231,159,227,410,507,844,245
617,415,211,163,117,158,451,321,862,245
549,330,187,141,90,123,336,672,897,245
473,337,234,178,129,174,383,316,854,245
488,312,248,200,130,176,374,587,920,245
418,282,273,209,159,213,413,475,908,246
539,399,246,206,167,197,362,302,869,246
525,325,235,184,128,174,381,362,949,246
458,331,250,201,148,189,431,353,906,246
509,373,184,124,93,147,367,326,820,246
512,326,316,234,163,236,403,563,877,246
620,385,250,217,147,176,407,353,891,246
623,387,321,230,155,226,439,589,871,246
603,403,219,168,122,171,426,314,889,246
300,220,148,111,85,116,327,308,884,246
388,284,181,132,103,145,354,316,892,246
393,311,151,110,85,120,322,306,849,246
338,222,248,154,103,175,395,297,929,246
417,299,192,147,109,150,365,320,868,246
540,273,391,284,158,235,476,596,938,246
274,196,209,147,104,159,333,352,918,246
411,309,211,137,104,166,443,175,858,247
596,450,197,163,133,160,372,317,880,247
303,249,231,186,155,193,394,316,869,247
542,305,352,256,165,241,411,593,877,247
539,402,185,151,122,146,370,325,886,247
505,371,198,151,120,161,381,325,876,247
460,260,481,340,178,299,452,596,933,247
301,241,132,100,83,111,447,5,853,247
569,405,243,210,146,179,383,316,917,247
408,311,214,183,153,183,367,321,819,247
457,330,230,173,132,178,412,430,877,247
426,283,245,178,125,181,394,436,852,248
506,358,278,195,147,223,424,304,869,248
510,282,395,287,182,267,436,633,800,248
254,154,197,146,103,146,357,309,909,248
439,268,297,205,131,202,403,529,888,248
382,246,251,188,135,189,417,507,876,248
533,393,232,173,130,184,377,311,911,248
588,365,280,207,137,198,416,366,881,249
667,368,391,308,178,232,431,695,922,249
514,377,170,139,111,140,415,321,857,249
307,209,223,191,129,165,324,427,892,249
231,166,222,163,126,180,295,439,826,249
389,284,132,97,74,106,307,324,868,249
626,429,228,184,130,169,395,319,900,249
412,230,334,247,153,222,435,644,905,249
418,264,289,205,151,223,474,471,871,249
644,437,230,176,124,168,390,316,886,249
608,360,319,236,150,211,405,482,900,249
530,299,282,218,142,196,479,372,920,249
465,285,263,213,145,182,450,368,888,249
711,470,218,166,112,155,370,320,884,249
592,389,278,187,128,210,465,316,873,250
628,361,336,273,185,242,509,426,882,250
351,234,219,177,128,168,354,323,880,250
422,315,215,160,116,165,351,302,890,250
264,177,170,119,84,131,324,311,888,250
592,404,228,191,133,168,384,316,878,250
465,315,225,181,133,168,389,386,885,250
192,136,148,115,87,114,291,310,851,250
381,250,256,198,144,193,482,315,878,250
696,462,232,193,134,168,412,343,907,250
352,227,232,175,127,177,380,394,882,250
470,370,174,114,91,141,338,316,876,250
552,285,419,300,162,244,500,558,912,250
261,193,111,83,61,86,299,327,846,250
404,299,219,159,114,164,346,310,879,250
449,336,150,117,88,117,346,318,872,250
653,433,273,218,148,194,403,486,894,250
342,192,322,249,152,217,331,644,869,250
355,250,186,146,110,144,353,310,865,251
521,362,348,264,199,278,476,352,915,251
463,326,193,153,102,136,454,309,888,251
655,412,294,224,150,209,426,548,875,251
716,444,254,184,126,186,519,377,882,251
541,405,152,122,92,118,332,252,885,251
546,309,314,246,173,226,428,508,905,251
431,307,181,158,114,130,380,313,868,251
417,324,148,106,84,122,318,301,886,251
458,285,302,247,167,216,399,518,913,251
437,255,327,245,171,237,421,627,906,251
545,295,295,224,146,203,504,533,904,251
476,303,262,198,136,184,396,418,854,251
451,310,243,167,125,189,387,358,864,251
733,485,251,202,141,183,407,338,900,251
506,349,231,179,132,178,400,314,874,252
538,271,371,290,162,215,279,1023,938,252
555,416,273,208,169,218,444,324,883,252
675,439,308,216,135,213,400,549,873,252
366,227,205,143,94,144,356,250,870,252
498,345,153,102,69,109,372,321,893,252
622,422,231,160,110,171,365,351,861,252
711,432,379,285,172,249,407,512,861,252
486,262,410,295,177,269,454,653,893,252
385,259,208,161,118,160,352,320,929,252
235,189,141,116,95,119,269,303,843,252
383,251,207,146,100,150,361,312,888,253
631,403,305,215,141,216,405,408,853,253
533,313,228,144,96,162,481,340,910,253
535,294,226,159,96,144,385,436,904,253
588,407,290,245,169,210,384,438,886,253
476,333,171,119,84,128,353,318,866,253
440,262,214,164,114,154,408,362,901,253
603,416,238,191,146,184,393,309,892,253
629,404,263,189,128,188,401,450,879,253
524,368,240,192,144,183,365,429,883,253
594,400,252,188,126,185,349,302,862,253
344,211,291,215,135,190,344,501,888,254
453,349,157,120,101,134,373,324,830,254
465,321,187,137,105,148,459,315,853,254
432,278,197,153,109,147,385,367,903,254
431,297,200,166,119,146,368,402,860,254
276,210,248,175,134,197,339,300,884,254
518,342,225,172,123,168,367,311,907,254
557,321,454,322,230,330,530,622,944,254
407,281,234,194,149,184,376,340,874,254
390,222,335,284,180,230,403,517,915,254
378,241,225,167,107,152,378,392,914,254
633,395,366,276,176,248,454,513,891,255
616,332,304,210,127,197,418,646,924,255
540,397,258,171,127,195,384,305,896,255
478,355,211,136,102,162,348,306,870,255
209,149,182,149,101,132,244,455,883,255
482,288,330,260,166,226,412,554,843,255
601,323,308,260,168,215,407,459,891,255
705,475,280,208,145,206,421,488,866,255
603,395,291,198,142,217,421,484,889,255
260,180,152,111,82,117,306,307,891,255
611,335,359,281,178,245,423,556,874,255
693,424,334,255,161,217,406,640,911,255
700,428,264,206,141,186,422,459,894,255
429,336,183,167,138,152,360,326,838,255
357,274,200,137,105,155,314,306,883,255
609,343,402,315,195,266,441,651,942,255
650,347,196,153,85,116,366,630,937,256
230,154,292,217,144,210,309,550,859,256
636,398,339,264,165,226,445,658,911,256
730,461,355,287,204,269,438,443,874,256
277,202,171,117,90,133,260,300,843,256
548,284,528,360,184,301,448,962,953,256
247,157,202,166,118,145,328,308,868,256
448,306,246,184,130,183,377,533,891,256
397,233,192,140,98,141,379,316,888,256
448,310,292,217,168,236,464,316,874,256
393,249,346,265,167,230,282,737,959,256
681,443,236,180,121,168,396,389,907,256
299,230,110,79,65,93,421,72,854,256
484,289,312,233,145,205,428,522,884,256
422,277,248,186,152,208,475,593,855,256
610,390,260,227,155,185,395,357,913,256
446,293,298,248,164,208,379,646,875,256
418,291,129,108,78,97,263,322,940,257
318,225,156,115,88,124,334,312,898,257
386,221,391,288,179,253,434,625,910,257
254,180,139,98,74,109,310,208,852,257
403,277,168,136,101,130,337,314,877,257
389,265,117,91,58,82,282,630,920,257
585,457,309,224,178,250,463,621,889,257
321,273,127,110,100,113,323,321,912,257
398,280,169,143,102,126,329,305,885,257
391,295,193,152,113,144,317,401,903,257
401,290,202,160,125,161,351,307,890,257
673,454,209,165,110,147,387,318,878,257
454,301,222,174,148,188,490,324,843,257
355,201,249,175,115,171,384,429,888,257
483,257,341,277,168,227,412,631,922,257
628,318,417,297,161,249,545,541,886,258
483,352,317,208,166,262,473,485,858,258
599,394,198,151,101,142,366,344,905,258
492,320,229,175,130,176,445,370,859,258
672,387,339,255,166,236,443,519,896,258
728,396,339,271,149,202,414,671,937,258
412,276,192,158,113,146,357,302,882,258
255,196,220,156,124,179,363,342,886,258
202,142,182,140,103,135,303,301,896,258
324,215,185,127,93,138,426,252,872,258
615,340,347,256,139,201,366,793,913,258
710,402,393,272,153,223,453,579,927,259
330,210,218,162,110,157,400,316,899,259
278,188,187,148,102,135,326,490,887,259
613,421,247,181,132,188,459,329,919,259
558,321,425,317,194,276,458,609,908,259
493,342,288,198,146,222,408,418,857,259
498,310,327,238,160,234,407,634,900,259
488,320,259,204,136,187,398,524,893,259
597,366,291,213,144,212,409,495,880,259
713,485,237,202,147,180,464,320,896,259
315,168,259,187,121,178,361,442,901,259
570,432,171,138,109,137,347,312,864,259
394,237,143,56,132,257,515,142,747,259
518,381,166,143,108,128,358,296,852,259
462,247,353,250,163,240,471,369,889,259
603,438,245,175,127,188,398,319,890,259
616,414,207,174,120,147,387,319,933,260
345,239,194,158,121,151,340,299,888,260
503,290,347,266,175,238,408,460,920,260
383,291,163,119,91,130,320,306,876,260
450,292,276,196,138,201,398,581,889,260
620,425,199,163,119,153,385,318,895,260
438,239,375,292,172,241,456,647,918,260
396,206,327,260,153,210,438,600,873,261
436,305,242,181,129,181,365,303,908,261
541,399,215,170,128,169,362,322,903,261
297,212,153,120,92,121,317,317,921,261
631,381,385,275,184,270,483,547,899,261
611,408,198,156,111,148,393,330,887,261
641,429,142,99,73,109,399,655,936,261
532,380,169,138,102,132,362,328,895,261
382,239,255,190,136,193,376,385,888,261
592,421,198,159,123,157,369,310,894,261
645,412,383,281,177,262,443,492,854,262
369,261,156,126,92,117,328,313,898,262
584,368,274,213,144,196,394,601,930,262
353,262,171,123,97,135,362,309,834,262
365,270,229,199,149,176,345,325,892,262
279,181,194,164,124,149,328,318,880,262
381,197,283,224,133,184,451,417,868,262
367,244,204,142,103,155,387,371,892,262
637,349,560,447,215,283,429,928,929,262
415,298,229,179,127,170,320,495,871,262
399,329,130,112,92,108,335,313,814,262
278,231,307,243,162,216,455,591,923,262
549,390,197,131,97,152,358,317,890,262
471,365,263,168,122,199,405,303,906,263
270,209,163,131,107,135,275,307,871,263
573,354,338,227,135,214,473,647,915,263
601,352,311,255,168,214,491,431,860,263
596,373,255,187,118,173,416,347,863,263
482,333,207,183,137,161,373,348,888,263
385,290,164,127,102,137,425,202,817,263
382,238,370,311,227,273,407,426,910,263
732,435,272,204,133,186,407,565,906,263
259,170,217,171,122,161,342,355,913,263
505,339,178,137,93,132,376,316,896,263
456,293,326,211,139,232,457,487,900,263
552,345,283,218,146,203,411,355,887,263
567,374,384,286,196,269,422,447,896,264
419,349,114,78,67,100,270,304,881,264
452,248,381,264,165,255,485,600,912,264
412,306,201,169,140,169,371,307,898,264
408,271,225,168,134,185,382,343,914,264
397,277,157,119,91,123,346,322,870,264
536,329,334,238,153,225,421,337,910,264
370,247,156,107,78,123,474,425,850,264
329,245,165,117,93,133,340,313,902,264
261,198,178,142,108,141,326,302,875,264
660,416,240,190,126,168,448,289,893,264
395,262,198,134,96,149,377,346,895,264
239,159,197,139,95,145,385,400,870,264
317,204,122,90,64,91,368,391,906,264
370,276,182,147,113,144,322,307,898,264
322,181,284,210,133,193,398,413,910,264
363,246,219,159,114,164,343,318,898,264
620,397,255,197,133,184,403,362,887,264
587,405,206,160,120,157,379,324,899,264
294,206,217,151,116,172,474,326,873,264
371,228,279,199,130,195,459,421,866,264
400,231,255,191,126,179,418,646,954,264
489,317,321,238,160,227,350,715,920,264
517,356,292,215,151,213,392,517,856,265
491,257,340,249,132,188,443,634,950,265
510,360,224,169,126,170,369,327,874,265
345,204,207,150,106,153,395,312,879,265
376,291,137,93,72,112,321,324,887,265
647,477,183,138,105,145,364,332,894,265
327,239,336,218,159,250,491,445,862,265
553,299,448,347,212,295,469,655,959,265
481,305,230,178,122,164,374,327,903,265
250,147,270,200,130,190,351,529,851,265
482,282,301,227,143,207,378,557,900,265
549,360,240,186,122,165,381,455,887,265
474,254,323,234,134,206,436,629,884,265
592,353,415,327,239,307,448,673,925,265
337,245,198,166,129,159,357,347,865,265
565,348,270,224,153,193,373,575,891,265
399,294,186,153,115,146,345,299,892,266
425,268,296,203,139,215,407,545,877,266
660,431,205,164,108,141,396,330,884,266
509,281,225,160,114,169,419,206,874,266
457,305,317,193,117,203,439,381,885,266
194,132,178,134,98,138,299,398,887,266
501,354,207,158,120,161,345,303,896,266
637,410,165,118,84,123,433,380,872,266
334,243,181,132,102,146,340,308,871,266
343,244,205,160,122,158,278,374,867,266
653,443,173,145,106,130,379,330,898,266
508,310,232,170,114,165,402,314,906,266
332,242,229,171,130,176,332,364,909,266
316,173,151,104,60,95,416,661,921,266
379,214,361,260,152,230,425,620,933,267
284,165,275,203,136,187,356,520,914,267
261,229,123,89,79,109,354,1,193,267
276,188,192,141,90,130,298,395,863,267
490,284,371,278,153,219,390,626,922,267
507,379,212,155,118,171,363,434,888,267
436,257,270,243,169,192,380,398,894,267
306,206,254,183,129,187,424,361,895,268
373,242,214,169,117,154,415,296,865,268
597,383,248,200,136,178,394,446,882,268
376,269,221,175,142,183,419,312,845,268
344,201,331,242,146,213,330,617,864,268
341,238,119,88,66,93,290,326,891,268
653,403,276,207,136,188,419,407,894,268
551,452,180,137,115,154,342,319,879,268
363,217,134,91,59,92,317,320,865,268
598,429,288,225,160,210,400,414,884,268
722,486,228,173,115,162,399,332,869,268
641,426,186,140,93,130,340,318,891,268
197,147,178,150,117,144,302,293,864,268
484,352,221,188,156,187,376,313,848,268
260,182,186,135,101,141,377,309,889,268
490,379,334,254,207,273,440,174,839,268
595,402,238,185,137,183,372,310,913,268
565,419,178,152,117,142,415,314,903,268
447,251,347,258,158,230,436,637,940,269
360,229,232,177,121,165,335,377,869,269
612,381,239,187,127,169,428,454,895,269
564,409,253,160,118,192,384,335,890,269
625,462,249,180,139,198,374,326,876,269
406,270,277,211,159,214,352,348,896,269
465,355,179,139,116,151,341,375,902,269
499,316,249,182,124,182,389,342,857,269
376,254,185,139,105,143,352,314,882,269
550,425,168,136,114,140,308,327,911,269
441,274,366,271,169,249,412,437,888,269
565,398,237,164,119,179,380,304,881,269
316,273,145,113,97,123,531,3,665,269
541,364,279,219,162,210,360,461,850,269
486,354,187,146,110,146,360,309,888,269
560,405,209,177,134,164,396,310,863,269
495,348,210,163,123,163,363,318,893,269
411,284,198,163,124,154,380,324,900,269
382,280,165,126,94,126,340,316,824,270
673,397,500,364,142,231,537,602,961,270
212,149,137,111,79,103,328,189,869,270
458,332,252,165,121,196,372,313,877,270
374,233,320,242,155,215,663,0,161,270
339,275,120,82,65,99,406,144,861,270
249,155,280,230,156,197,279,559,832,270
196,150,167,139,91,114,303,325,884,270
608,415,227,156,111,173,372,335,911,270
517,354,192,164,122,143,382,319,887,270
248,187,206,140,103,162,337,225,906,270
680,470,264,195,140,199,390,319,919,270
570,345,300,223,147,210,403,548,870,270
613,470,148,100,78,119,329,313,876,270
499,345,250,177,127,185,402,315,885,270
206,167,147,124,98,115,260,304,880,270
429,296,208,155,123,170,431,311,839,270
582,402,265,188,129,194,455,325,879,270
500,268,405,305,158,240,403,660,880,271
331,221,265,194,143,203,371,420,859,271
523,327,204,160,112,151,377,313,871,271
651,404,253,190,130,184,494,325,870,271
657,463,252,196,147,195,422,401,890,271
548,319,397,290,181,268,439,590,884,271
695,469,231,178,130,177,407,331,898,271
236,197,150,114,91,122,313,226,878,271
655,429,303,225,160,222,406,445,871,271
343,245,228,180,133,174,318,388,883,271
618,442,223,167,128,176,379,322,869,271
427,250,280,206,136,198,404,436,871,271
416,214,337,257,163,225,430,644,895,271
562,408,183,149,113,143,339,321,903,271
576,391,264,211,154,199,389,394,892,271
225,178,106,84,71,92,301,134,844,271
381,269,234,183,142,188,376,318,853,271
534,364,240,192,144,185,403,453,873,272
316,248,150,98,76,122,337,305,885,272
684,462,330,258,188,246,431,645,843,272
716,441,302,252,169,214,431,523,912,272
522,333,256,181,122,181,402,396,923,272
579,340,243,183,118,170,419,437,909,272
520,360,238,165,122,182,385,368,861,272
627,316,460,339,164,238,433,782,925,272
557,325,372,272,172,252,448,623,932,272
246,169,238,184,124,175,317,463,851,272
366,220,299,221,147,213,426,548,900,272
219,182,179,135,108,148,322,296,881,272
695,436,271,208,147,199,434,582,920,273
201,180,101,67,59,91,378,79,820,273
523,362,200,141,108,158,359,323,891,273
432,323,250,167,132,205,414,317,879,273
349,214,226,157,103,155,383,389,887,273
589,336,292,229,141,194,421,494,890,273
413,247,264,203,133,185,413,396,923,273
425,249,394,294,195,274,418,559,882,273
418,238,396,301,181,258,456,640,905,274
704,405,339,243,156,237,494,456,943,274
421,270,271,197,137,196,407,363,900,274
620,366,354,266,167,241,493,575,856,274
505,378,184,132,103,148,351,311,885,274
684,442,258,223,165,198,515,318,882,274
459,281,359,271,184,259,429,623,855,274
316,216,132,97,75,103,334,325,865,274
473,290,238,168,111,165,380,331,867,274
295,197,227,183,132,167,445,329,850,274
546,329,327,244,161,233,424,579,895,274
366,224,317,245,166,225,370,471,876,275
676,446,256,204,147,192,392,495,868,275
505,364,231,164,128,184,384,312,901,275
616,446,242,188,141,186,398,323,889,275
518,381,156,129,96,123,315,404,888,275
334,228,217,174,127,165,362,313,866,275
662,458,279,231,176,217,410,488,888,275
403,316,208,151,122,169,424,321,896,275
395,251,255,190,134,193,380,472,857,275
638,421,214,150,110,163,487,361,855,275
619,420,248,162,111,181,384,320,808,275
467,321,452,318,242,356,493,652,951,275
420,289,236,170,126,182,450,326,894,276
530,360,192,134,94,138,345,310,860,276
543,326,414,267,160,266,488,578,901,276
498,306,341,233,163,243,399,514,930,276
250,153,190,148,101,136,343,311,888,276
268,177,208,157,108,150,317,392,842,276
396,285,219,169,123,165,346,437,875,276
511,328,212,159,110,147,345,636,926,276
432,340,159,125,97,125,346,332,875,276
654,334,357,311,215,256,502,313,920,276
401,292,218,154,116,170,371,343,875,276
615,396,260,212,151,188,443,498,875,276
372,256,172,146,112,137,356,318,892,276
665,395,329,253,155,218,435,625,918,276
365,220,257,189,128,185,381,520,862,276
389,200,372,270,147,223,442,660,891,276
550,356,294,230,149,205,437,382,887,276
548,362,301,240,175,225,419,472,887,276
457,298,185,141,98,139,370,314,892,277
350,234,194,140,97,147,353,309,851,277
594,369,306,220,139,205,393,473,907,277
406,241,305,236,159,219,411,530,874,277
459,340,240,212,159,190,426,297,898,277
550,354,256,200,137,183,381,319,903,277
461,269,319,228,145,215,405,500,903,277
591,338,275,194,132,199,379,630,899,277
267,249,140,98,93,131,411,7,709,277
507,253,255,192,104,148,513,667,967,277
685,361,353,260,142,208,451,639,928,277
592,371,219,167,108,150,395,332,898,277
707,456,253,196,133,186,386,469,857,277
408,250,247,186,120,166,366,358,906,277
501,347,223,171,124,174,376,316,896,277
331,215,187,142,103,140,371,306,885,277
421,212,199,144,85,131,454,717,950,277
514,338,254,183,134,193,390,414,903,277
484,293,333,240,169,242,409,627,916,278
375,255,195,148,110,152,361,334,857,278
638,417,179,144,102,134,385,311,872,278
531,271,492,360,199,296,470,691,930,278
500,370,175,127,99,140,341,319,872,278
558,396,280,209,150,213,411,497,858,278
389,275,201,156,113,151,357,313,910,278
334,171,287,213,125,179,416,529,889,278
478,343,258,198,151,208,373,325,862,279
733,417,408,323,199,274,471,664,915,279
538,361,175,130,88,128,356,311,855,279
563,281,407,325,139,186,270,829,914,279
541,375,185,149,108,141,371,374,886,279
437,299,225,158,114,169,354,463,873,279
428,259,229,180,130,172,393,419,912,279
697,446,269,216,148,195,414,480,858,280
536,318,420,325,203,282,455,629,929,280
261,173,254,214,149,183,369,408,906,280
606,411,310,263,168,207,433,562,832,280
456,247,287,214,128,188,431,610,869,280
640,354,453,327,199,300,447,616,893,280
267,184,289,197,142,215,387,409,882,280
675,381,387,294,187,254,447,564,857,280
675,453,267,215,152,205,410,655,913,280
694,414,366,279,188,256,481,555,885,280
433,301,193,155,115,148,362,316,858,280
469,289,270,200,132,188,403,520,906,280
596,333,322,245,130,191,438,618,921,280
546,359,239,188,127,172,388,404,899,280
398,224,315,239,153,213,368,544,872,280
198,164,167,128,90,124,389,3,223,280
669,461,258,201,150,196,414,333,854,280
420,262,246,185,110,160,451,315,870,280
729,412,300,217,136,202,411,590,859,280
540,359,374,269,189,272,392,556,926,280
350,252,295,238,181,230,364,452,831,280
518,275,212,138,81,134,463,679,933,280
636,426,278,221,154,203,402,388,886,280
433,305,176,130,103,142,438,318,834,281
473,286,447,296,193,308,392,731,974,281
639,425,310,228,146,217,476,505,846,281
459,331,184,127,95,144,351,319,899,281
370,268,161,128,97,129,337,307,848,281
496,322,260,193,138,193,400,449,924,281
274,185,290,196,139,216,382,308,906,281
386,265,305,224,160,225,395,494,897,281
467,310,263,195,133,192,393,469,896,281
434,322,236,154,117,185,462,382,875,281
451,294,193,149,111,149,461,324,888,281
292,180,267,204,134,187,337,597,915,281
398,295,166,105,82,135,340,323,866,282
252,162,279,217,141,193,285,555,858,282
405,249,224,158,108,162,386,323,861,282
412,243,243,180,125,180,388,430,874,282
358,239,185,158,94,127,358,303,884,282
532,360,236,162,115,179,387,331,893,282
375,252,305,225,155,221,386,503,896,282
279,225,156,132,109,132,315,290,879,282
592,414,174,125,91,133,367,324,791,282
475,350,176,124,95,141,352,321,841,282
379,234,210,142,91,142,381,321,870,282
442,278,259,209,139,180,374,501,879,282
580,357,354,259,177,259,425,527,846,282
699,450,324,235,152,224,429,638,926,283
568,395,188,149,105,138,376,307,865,283
319,210,225,164,116,168,368,309,894,283
492,340,197,160,121,152,364,306,872,283
448,267,309,232,152,219,416,449,895,283
537,407,196,132,104,156,361,314,863,283
591,294,247,206,113,146,396,931,953,283
393,310,142,121,104,120,337,194,864,283
460,306,377,247,150,248,549,9,803,283
287,211,146,104,80,115,315,312,884,283
507,355,185,143,112,150,443,316,879,283
551,373,220,173,127,163,391,339,869,283
686,460,274,208,147,203,416,390,831,283
457,287,283,210,150,209,395,458,909,283
606,381,349,273,195,251,408,552,887,283
542,344,340,249,163,234,397,487,882,283
586,399,229,191,139,177,397,374,868,283
458,328,240,186,134,178,382,363,883,283
483,342,181,144,111,141,350,320,889,283
553,379,350,244,171,258,421,573,867,284
208,146,208,161,119,157,303,308,862,284
366,244,288,222,157,212,392,394,868,284
588,364,201,172,118,140,432,310,832,284
389,285,199,155,108,145,367,310,883,284
653,341,252,194,104,149,659,0,152,284
262,170,293,211,139,208,405,335,880,284
247,190,214,160,131,175,326,302,856,284
323,238,163,130,106,135,340,306,900,284
386,238,377,267,173,258,423,520,942,284
552,323,344,256,159,230,436,595,944,284
330,243,198,143,111,157,371,326,857,284
344,214,182,162,119,134,362,308,908,284
705,462,294,214,159,234,411,337,879,284
604,416,321,251,186,247,412,432,913,284
554,402,199,163,125,158,395,368,887,284
684,405,187,159,114,137,538,318,888,284
313,247,182,155,122,147,388,308,833,284
414,306,144,129,94,105,318,296,898,285
291,185,312,221,138,212,412,550,910,285
431,316,192,138,100,143,327,316,868,285
367,255,179,143,106,134,362,307,882,285
557,369,363,250,168,267,403,384,888,285
385,250,249,208,145,185,372,390,864,285
406,261,229,203,137,162,392,376,883,285
511,316,216,172,114,148,400,392,903,285
672,448,256,196,139,190,400,533,864,285
440,283,237,191,136,174,401,367,866,285
641,422,275,213,133,190,465,447,884,285
386,275,367,301,211,272,326,607,911,285
563,292,500,400,226,301,539,716,915,285
501,372,254,175,127,201,432,3,180,285
582,427,190,148,107,145,374,334,892,285
563,354,247,186,127,180,392,407,902,285
303,248,161,131,101,128,324,325,899,285
631,360,244,197,128,162,452,662,915,285
398,261,252,197,145,193,391,415,894,286
316,196,190,141,96,137,362,321,920,286
621,401,326,252,165,230,408,327,901,286
589,357,294,231,169,219,483,563,888,286
582,417,199,154,115,154,395,307,883,286
552,404,253,189,143,199,428,303,865,286
575,362,327,262,190,247,428,578,876,286
309,159,362,290,169,228,356,631,946,286
546,271,477,364,201,296,459,636,936,286
221,142,265,185,120,186,380,339,900,286
486,315,286,207,143,208,409,475,889,286
558,407,246,178,140,198,397,321,859,286
565,451,222,141,106,177,349,317,874,286
684,360,309,242,150,204,441,649,878,286
462,247,322,247,154,216,430,554,904,286
381,252,187,155,114,143,368,311,871,286
376,264,222,169,129,171,348,330,897,286
674,413,317,263,179,231,405,444,907,286
248,159,215,170,117,154,349,367,864,286
459,260,276,228,150,188,391,491,913,287
509,361,168,145,110,129,356,313,876,287
527,390,174,134,106,140,310,329,906,287
528,424,189,140,108,153,346,326,890,287
522,263,364,251,123,193,514,629,935,287
290,220,181,128,97,139,316,310,919,287
635,412,162,119,81,117,352,317,863,287
504,315,358,273,176,252,390,617,857,287
254,150,282,207,120,179,388,515,877,287
384,228,245,177,109,163,370,313,902,287
476,365,262,201,142,192,417,1,202,287
553,350,318,242,155,220,388,589,871,287
570,281,427,333,154,211,390,725,938,287
613,443,476,346,251,365,519,274,730,288
367,265,190,159,116,145,341,309,881,288
608,307,295,216,144,213,467,426,876,288
468,294,217,150,112,166,520,316,861,288
338,266,183,126,97,144,343,229,868,288
380,243,245,172,118,173,387,347,908,288
272,180,190,152,109,143,349,307,892,288
382,237,273,212,146,195,397,439,880,288
282,182,213,167,125,161,339,403,888,288
568,367,215,170,105,144,487,230,692,288
476,289,296,213,141,209,414,531,863,288
413,300,178,138,102,140,332,300,872,289
197,137,141,103,75,107,298,311,894,289
494,299,290,221,135,193,412,545,899,289
505,327,379,259,194,292,434,508,866,289
430,265,326,224,145,224,431,439,882,289
471,224,315,220,114,182,442,592,914,289
537,320,364,245,165,259,512,633,888,289
573,416,172,145,113,138,374,316,863,289
258,171,112,80,56,82,295,334,904,289
593,385,306,233,149,210,421,494,857,289
400,307,163,134,107,132,368,305,856,289
613,451,167,117,87,131,332,318,886,289
531,362,151,113,74,106,337,702,936,289
271,178,134,112,79,98,376,383,901,289
477,293,253,181,124,183,375,449,865,289
545,359,290,214,144,211,390,348,886,289
652,466,158,122,95,125,350,313,866,289
496,360,259,199,139,186,344,526,846,290
639,441,191,150,109,143,396,320,872,290
580,407,176,132,90,129,364,319,878,290
233,152,206,161,111,150,467,4,747,290
522,416,127,108,90,107,337,323,878,290
720,437,414,294,183,276,442,528,891,290
455,323,269,215,152,199,424,383,899,290
376,252,254,204,145,191,383,314,898,290
498,280,309,229,151,215,416,572,907,290
367,268,227,157,125,184,335,308,882,290
351,240,219,157,105,156,359,312,903,291
326,197,231,179,111,155,360,544,873,291
616,419,264,182,133,198,392,384,881,291
606,362,117,89,61,83,335,645,907,291
607,435,174,133,97,130,358,314,861,291
479,320,334,230,164,245,416,456,881,291
450,245,287,217,142,201,418,548,879,291
341,195,310,234,150,205,394,564,883,291
654,384,316,219,142,217,411,508,902,291
583,372,232,184,125,164,391,637,883,291
285,230,161,131,109,136,289,298,879,291
621,450,215,156,119,164,383,319,876,291
349,253,195,149,111,153,364,324,852,291
511,321,292,239,162,210,402,448,907,291
608,410,235,162,113,172,375,314,883,291
438,263,284,194,122,191,404,533,873,291
449,354,255,210,166,206,406,318,879,291
490,332,222,168,118,163,392,310,845,291
546,371,121,101,67,85,296,631,946,291
285,213,158,120,91,123,352,314,892,292
347,219,278,207,136,200,386,379,871,292
679,430,234,181,117,161,384,308,914,292
525,383,181,145,114,146,361,360,890,292
408,281,188,152,112,144,368,325,898,292
473,309,294,210,164,233,471,328,858,292
480,351,161,117,90,130,366,317,907,293
389,277,185,143,109,147,351,318,896,293
443,301,315,237,158,220,345,498,872,293
471,334,174,144,105,131,330,302,907,293
582,400,217,174,132,169,388,414,899,293
504,336,256,193,142,196,376,438,882,293
630,439,220,171,127,168,381,319,888,293
495,311,272,190,135,204,360,318,873,293
448,295,217,166,119,165,366,306,887,293
375,236,247,182,117,177,353,639,827,293
484,291,243,181,119,169,415,461,910,293
311,173,331,227,132,208,418,519,901,293
394,201,160,113,66,99,414,671,864,293
510,311,293,204,126,198,424,443,886,294
690,449,270,231,161,195,435,487,877,294
378,258,291,226,162,213,342,585,911,294
600,453,219,146,113,177,365,320,881,294
657,420,256,188,127,180,472,331,917,294
274,187,216,145,103,161,331,321,929,294
392,206,392,279,152,234,452,628,908,294
233,173,173,133,103,135,319,264,872,294
392,224,298,282,216,224,474,396,881,294
313,220,243,202,144,181,395,323,897,294
407,245,246,197,130,171,366,429,856,294
582,375,350,251,168,252,427,612,858,294
479,337,179,132,104,144,449,312,848,294
528,372,345,243,180,269,402,607,901,294
514,357,280,209,142,200,449,462,841,294
466,337,222,159,115,169,400,356,886,294
470,332,190,150,122,155,341,321,866,294
493,372,187,150,121,154,351,307,880,294
346,237,168,124,92,130,352,308,867,295
303,203,169,114,77,120,334,303,868,295
543,391,203,163,123,155,415,308,889,295
399,295,220,176,152,191,475,314,870,295
256,154,200,161,111,148,336,308,884,295
636,392,356,280,204,269,429,602,925,295
431,303,222,171,121,165,442,304,874,295
363,231,339,251,163,235,312,600,888,295
375,289,243,185,137,182,341,328,865,295
586,421,174,136,105,139,350,323,842,295
443,281,220,160,111,160,373,317,909,296
309,202,274,184,124,199,378,485,879,296
527,368,217,164,124,168,454,321,892,296
481,315,318,235,173,248,450,678,897,296
565,402,280,212,154,213,414,436,892,296
255,173,204,162,119,157,366,302,879,296
466,334,182,138,104,143,390,336,874,296
710,429,321,250,167,224,415,614,917,296
308,192,347,255,160,232,437,601,913,296
400,247,236,174,122,173,384,470,860,296
270,171,190,124,87,139,472,320,901,296
341,219,224,190,120,151,356,331,888,296
293,190,288,228,152,205,339,538,908,297
696,424,283,210,137,190,427,641,949,297
644,401,412,288,200,301,432,645,892,297
450,255,271,210,156,203,464,413,895,297
719,469,304,222,161,225,418,549,853,297
500,305,266,191,123,189,418,432,906,297
503,323,283,226,158,208,404,410,861,297
453,226,327,249,158,226,513,600,920,297
645,404,257,206,132,169,412,516,911,297
518,274,237,172,87,137,387,765,909,297
448,273,284,216,138,197,412,541,913,297
485,273,409,288,180,279,439,562,909,297
470,284,138,107,71,97,329,646,971,297
709,468,307,244,169,225,427,543,886,297
393,264,218,144,88,145,420,298,886,297
436,315,285,224,174,226,536,5,769,297
364,273,111,90,73,92,372,338,889,298
598,413,237,178,134,179,384,488,843,298
397,257,187,149,97,131,405,310,905,298
376,224,264,205,133,181,391,547,881,298
494,362,171,118,88,129,358,311,865,298
425,300,207,173,128,158,355,303,881,298
380,214,289,217,146,204,380,580,858,298
355,256,193,149,109,150,367,343,914,298
194,148,173,115,86,137,291,302,900,298
215,159,178,116,83,134,318,313,880,298
361,270,133,92,71,104,320,312,832,298
511,374,142,121,95,113,309,319,899,298
568,402,233,188,146,182,380,308,887,298
476,383,153,130,110,132,357,317,859,298
550,388,241,188,130,179,395,312,883,298
464,231,357,259,131,196,466,640,898,299
391,276,233,166,121,181,378,307,880,299
663,415,337,242,172,249,443,584,873,299
534,406,195,155,123,159,364,313,894,299
437,299,163,134,97,122,369,310,848,299
480,277,301,229,144,207,385,607,873,299
270,196,205,152,122,168,406,317,860,299
349,246,310,231,172,242,430,615,924,299
407,301,168,137,99,128,341,308,845,299
637,464,261,206,157,204,384,301,862,299
465,341,171,127,100,137,360,230,858,299
330,268,253,189,153,208,480,334,880,299
417,343,330,235,185,263,482,159,798,299
459,365,126,96,76,103,298,315,851,299
456,313,172,143,100,126,360,324,901,299
546,386,184,133,95,142,325,327,898,299
553,414,254,177,134,195,388,305,852,299
557,348,124,91,59,85,344,675,911,299
435,283,166,131,92,123,352,319,855,299
485,315,260,196,136,197,377,369,901,300
572,361,224,174,117,158,405,458,907,300
576,385,290,211,149,217,390,353,878,300
618,412,265,206,145,191,402,347,909,300
322,217,220,170,131,171,360,154,863,300
430,289,219,170,121,167,377,386,890,300
420,245,279,201,130,193,458,442,895,300
724,391,482,357,197,292,449,603,944,300
470,303,188,133,84,124,460,414,952,300
572,338,180,136,95,130,482,325,885,300
568,416,214,157,128,175,450,310,886,300
686,490,190,147,111,151,372,343,901,300
360,249,197,135,97,147,339,313,874,300
550,413,184,142,107,143,346,330,905,300
447,301,253,181,127,190,368,460,861,300
692,426,331,232,151,228,421,423,887,300
662,416,275,215,134,190,379,521,888,300
520,363,177,142,103,134,369,328,902,300
494,314,400,309,207,280,701,3,702,300
492,329,214,164,119,160,366,340,908,300
651,448,165,127,91,125,364,314,861,301
509,327,301,211,152,220,414,516,881,301
219,174,208,156,112,156,296,386,865,301
417,309,174,121,92,137,356,315,859,301
511,367,223,186,142,176,389,314,869,301
495,265,145,105,58,86,483,434,893,301
358,222,286,214,146,201,336,555,869,301
556,333,272,201,134,192,409,423,876,301
474,351,174,128,100,138,330,304,882,301
606,383,313,226,152,219,403,374,886,301
680,464,246,177,137,199,376,370,894,301
498,337,234,164,113,170,358,302,875,301
375,268,281,217,141,194,367,296,915,301
612,422,225,169,123,170,382,327,884,301
146,132,157,119,112,145,333,1,200,301
501,344,234,179,125,169,362,397,898,301
448,316,256,199,144,194,401,340,909,302
386,269,157,129,92,114,349,316,896,302
582,421,217,168,133,178,391,330,901,302
523,410,133,102,83,112,331,312,877,302
654,396,418,285,183,294,448,628,882,302
282,176,235,183,118,162,387,337,891,302
639,460,161,139,103,124,332,325,902,302
690,463,312,236,166,231,390,308,907,302
444,313,214,173,116,148,304,500,865,302
541,349,272,201,135,192,397,435,879,302
503,292,157,113,75,108,479,346,868,302
609,380,320,235,163,236,413,310,909,302
469,357,220,168,124,164,294,551,868,302
602,409,232,188,135,170,386,331,886,303
496,340,325,272,206,255,404,465,902,303
374,289,194,169,129,152,340,368,882,303
419,280,242,175,126,180,390,436,897,303
410,278,214,162,115,161,385,317,870,303
369,273,181,125,94,140,353,342,871,303
266,193,163,124,94,125,317,336,869,303
493,359,169,135,102,132,366,334,856,303
484,294,292,213,141,207,377,499,862,303
506,275,186,131,73,106,502,489,918,303
614,445,175,142,107,137,401,358,894,304
624,353,264,197,125,175,410,523,878,304
684,424,337,253,173,236,421,609,872,304
514,369,259,174,126,197,381,303,908,304
356,264,173,147,106,128,346,322,910,304
377,220,217,178,125,160,440,359,945,304
321,276,202,147,130,181,395,1,189,304
596,423,229,168,125,175,384,312,872,304
559,311,373,308,183,239,426,609,893,304
620,438,296,214,163,232,413,462,880,304
511,362,235,160,102,164,364,303,897,304
299,229,192,149,110,146,292,362,891,304
455,285,330,225,150,238,400,542,851,304
354,227,176,138,97,133,307,312,881,304
511,343,153,133,93,110,285,303,895,304
651,423,212,155,111,158,406,649,892,304
546,308,296,231,141,199,421,508,883,304
571,394,242,198,143,185,372,310,873,305
282,252,170,122,112,157,363,2,213,305
480,364,177,122,94,141,336,311,887,305
401,278,213,151,115,168,382,352,874,305
333,215,218,179,126,162,339,304,909,305
733,483,355,251,166,245,416,510,906,305
351,225,289,208,137,197,449,402,991,305
666,454,230,191,139,174,401,487,871,305
267,155,242,169,103,157,443,652,914,305
282,172,257,175,114,181,300,509,895,305
582,374,222,149,93,153,403,365,903,305
413,268,325,240,177,248,408,424,863,305
393,277,127,102,74,96,299,308,888,305
424,309,149,122,92,116,305,317,882,305
448,281,321,268,178,228,333,640,914,305
421,272,302,212,161,237,507,474,880,305
733,472,295,248,179,225,424,552,875,305
732,454,468,352,217,297,455,825,928,305
327,215,273,180,116,187,370,302,908,305
325,218,235,192,132,172,389,314,876,305
454,253,348,268,168,227,419,651,917,305
278,173,166,118,73,110,394,562,865,305
302,214,176,133,101,139,360,336,859,305
325,210,147,112,78,109,349,312,852,306
568,423,243,163,114,186,380,321,908,306
366,217,248,172,110,169,390,469,862,306
482,285,274,209,145,196,371,544,879,306
353,250,172,139,102,132,331,316,905,306
413,245,323,219,139,211,467,59,752,306
548,270,375,283,155,214,343,667,867,306
303,217,226,152,111,171,367,310,869,306
526,322,191,153,106,137,494,315,897,306
640,453,257,182,133,192,393,323,892,306
190,151,124,90,73,103,412,45,838,306
413,235,275,205,132,191,398,507,947,307
509,361,290,222,168,227,399,456,886,307
358,252,267,204,141,191,356,419,869,307
280,220,223,193,143,169,441,286,888,307
207,132,235,174,118,165,323,413,873,307
349,273,139,113,94,117,333,295,886,307
537,298,377,278,176,262,487,601,950,307
628,457,362,265,200,281,474,511,898,307
349,258,204,160,125,161,323,293,894,307
532,338,238,192,128,170,496,312,859,308
357,269,167,124,97,135,327,312,885,308
365,225,290,246,158,200,347,581,890,308
382,259,254,177,126,186,363,494,863,308
477,326,186,135,95,142,355,291,887,308
394,236,247,195,127,171,370,439,919,308
335,236,205,166,102,131,337,332,875,308
292,202,199,160,121,157,358,317,879,308
437,249,274,196,113,175,384,473,873,308
585,358,275,206,134,191,430,568,845,308
402,243,251,188,131,186,487,366,887,308
694,456,277,217,156,208,470,578,885,308
619,325,462,383,213,288,465,554,941,308
591,301,309,235,148,202,495,650,899,308
288,185,181,141,100,132,372,316,896,308
380,250,294,258,186,214,357,558,890,308
638,406,232,208,150,170,386,324,886,308
320,200,294,232,150,201,350,371,900,309
650,439,283,227,155,199,384,582,923,309
592,404,196,159,122,154,444,318,880,309
426,315,123,101,78,96,318,322,893,309
515,298,324,226,138,217,436,632,954,309
373,258,262,187,137,196,360,412,877,309
483,317,263,190,134,190,358,531,874,309
699,444,289,224,151,208,412,600,892,309
711,442,381,261,163,258,440,579,870,309
497,273,168,133,79,109,457,362,878,309
594,349,199,155,111,148,510,449,911,309
404,318,178,142,111,141,312,292,825,309
630,333,515,371,215,328,470,579,960,310
713,417,426,341,231,313,454,610,906,310
549,365,210,167,113,146,442,329,912,310
326,235,189,145,100,136,408,288,902,310
718,449,246,189,121,169,406,318,874,310
513,344,236,188,131,170,359,521,862,310
475,344,238,185,144,190,370,367,854,310
357,269,208,132,94,153,348,318,884,310
704,436,352,294,184,231,432,485,923,310
423,347,163,117,102,145,385,133,777,310
285,211,159,122,93,123,246,302,887,310
430,328,158,122,99,130,321,319,868,310
295,165,252,181,106,159,411,387,924,310
551,336,226,194,132,159,476,399,855,311
645,365,379,292,174,241,455,636,909,311
442,288,296,223,152,211,403,440,936,311
691,462,400,315,229,294,437,317,921,311
599,344,215,177,95,121,298,719,986,311
428,239,304,230,149,215,456,512,866,311
309,207,135,88,65,107,343,261,855,311
481,233,149,108,58,91,455,668,889,311
244,173,187,146,109,147,333,348,852,311
672,465,271,205,145,201,424,342,850,311
695,493,381,280,198,286,443,401,888,312
394,263,221,162,117,168,406,414,865,312
514,327,244,190,126,170,382,392,863,312
375,185,352,266,144,213,394,634,900,312
311,172,276,211,123,176,282,504,845,312
353,261,125,91,61,88,301,496,930,312
673,433,272,201,137,190,427,487,891,312
304,197,255,207,152,191,359,424,892,312
470,334,202,180,131,151,363,307,864,312
356,223,236,170,108,158,353,457,852,312
638,422,334,267,175,228,368,591,863,312
383,248,261,208,149,195,388,357,924,312
521,340,205,154,106,148,379,372,858,312
273,219,135,100,84,114,299,325,894,312
384,252,256,200,145,188,532,321,903,312
344,237,215,169,126,166,346,306,900,312
524,387,143,110,86,115,346,329,870,312
393,212,353,276,174,241,420,641,886,312
480,342,221,172,136,177,477,458,893,313
424,268,279,206,147,205,443,469,920,313
488,351,188,151,119,153,437,324,872,313
682,400,440,322,189,275,451,840,951,313
347,236,282,198,135,196,364,407,893,313
407,256,248,179,119,180,407,543,839,313
349,243,152,127,93,114,319,298,869,313
529,357,308,237,173,235,415,446,866,313
594,437,178,131,102,143,341,322,923,313
465,349,214,145,113,172,343,305,876,313
283,196,260,180,127,191,428,398,905,313
558,414,206,167,129,166,350,323,893,313
540,313,311,224,148,216,408,514,876,313
409,246,299,228,147,203,399,582,895,313
629,381,321,233,179,254,487,592,865,314
311,215,258,204,135,181,303,550,869,314
306,179,395,282,168,245,493,648,926,314
545,339,245,183,130,185,533,421,882,314
720,458,258,196,126,177,446,491,909,314
400,350,116,83,75,104,519,1,636,314
666,365,362,258,159,242,420,483,884,314
467,346,143,107,82,114,330,309,862,314
637,460,173,146,109,131,380,327,881,314
728,466,342,252,168,244,513,675,940,314
403,279,376,257,182,282,578,6,697,314
483,349,200,164,129,161,401,318,917,314
620,332,407,282,165,261,452,629,949,314
605,417,260,202,147,193,411,474,862,314
266,202,174,137,104,135,320,284,870,314
564,374,239,194,154,189,520,408,904,314
216,186,105,80,74,97,500,3,374,314
571,401,182,152,110,138,377,317,885,314
465,352,163,130,106,139,366,324,884,314
267,203,187,152,123,153,332,302,841,314
480,329,216,173,128,166,383,304,903,314
594,381,217,154,100,152,371,310,900,315
505,334,131,96,71,98,319,654,956,315
600,361,260,204,138,184,420,445,913,315
330,198,322,242,149,210,412,574,866,315
632,413,328,237,163,232,492,398,862,315
519,360,177,135,101,137,385,304,890,315
402,238,393,296,207,285,424,528,894,315
440,275,175,137,92,122,362,310,843,315
299,220,208,157,119,161,330,308,867,315
328,215,228,165,107,158,409,667,917,315
348,243,266,207,153,205,447,405,857,315
460,329,223,190,140,169,355,427,784,315
492,344,127,84,62,96,302,307,871,315
434,240,369,261,166,250,420,586,900,315
271,199,179,122,91,139,349,319,859,315
475,340,223,168,132,180,376,315,866,315
295,181,165,108,69,110,455,425,846,315
409,306,162,115,87,128,398,315,904,315
697,451,317,217,151,234,402,530,920,315
329,231,156,106,79,121,337,316,859,315
506,355,280,218,162,213,391,406,884,315
480,321,223,171,120,162,395,300,894,316
570,323,457,309,198,308,523,621,940,316
353,232,267,213,155,204,399,317,901,316
528,375,243,171,120,181,365,321,895,316
247,179,211,168,131,168,381,356,856,316
355,251,268,194,134,196,385,473,894,316
193,152,197,140,111,160,319,311,897,316
429,307,182,147,129,157,468,317,853,316
628,391,236,168,130,185,503,439,884,316
688,416,516,360,220,348,455,625,868,316
687,360,346,277,161,218,429,632,895,316
419,297,186,128,94,143,439,321,890,316
684,460,260,188,137,200,493,381,868,317
304,208,272,194,134,203,405,383,865,317
482,337,184,147,97,131,376,329,880,317
553,427,247,162,125,203,373,312,872,317
564,347,241,170,116,173,405,458,860,317
460,317,212,177,136,169,348,305,838,317
517,361,222,168,124,171,388,320,874,317
508,349,204,151,101,144,381,311,906,317
278,192,233,170,117,167,352,304,924,317
559,408,183,140,108,147,351,310,896,317
416,325,169,130,104,140,315,302,871,318
323,267,283,180,143,234,393,316,899,318
713,414,308,240,141,198,442,475,893,318
333,274,106,81,66,88,261,325,902,318
340,198,180,119,68,109,448,871,956,318
358,279,152,107,82,119,316,307,869,318
550,382,227,170,121,170,389,317,900,318
607,354,331,258,172,232,477,619,899,318
300,186,158,113,75,113,422,585,853,318
538,370,230,173,125,172,374,441,880,318
422,274,362,280,216,287,496,582,858,319
473,361,156,126,103,131,350,319,849,319
576,397,247,181,138,194,404,308,894,319
410,300,222,173,137,179,379,319,861,319
711,438,219,186,126,154,411,337,902,319
561,336,344,286,200,245,545,434,839,319
508,246,408,298,175,255,457,613,898,319
666,377,317,228,135,207,503,649,887,319
398,264,339,246,170,242,362,592,925,319
481,321,184,155,114,140,415,317,882,319
415,262,234,197,136,171,397,423,852,319
373,246,179,139,96,132,370,320,886,319
390,247,223,166,121,172,387,355,856,320
276,174,293,224,131,184,376,527,861,320
344,186,320,264,161,205,410,518,901,320
685,431,563,393,254,391,482,872,933,320
448,315,194,159,118,152,373,314,907,320
688,434,321,254,184,249,427,468,876,320
666,373,129,106,67,89,395,660,957,320
563,380,239,181,128,176,391,314,912,320
278,185,193,146,101,141,365,307,901,320
405,283,184,140,103,142,367,307,870,320
389,237,234,169,111,161,389,420,925,320
597,336,401,274,152,243,448,606,893,320
471,307,205,157,117,155,470,330,922,320
413,227,387,302,199,270,441,640,902,321
467,337,246,194,167,211,472,499,878,321
446,313,202,152,114,157,432,283,862,321
682,473,293,245,179,219,429,424,887,321
305,215,199,138,95,148,370,304,890,321
457,332,222,158,115,164,390,327,887,321
623,342,133,115,66,84,315,633,1016,321
349,171,353,253,150,227,438,621,925,321
208,135,228,168,127,174,471,72,879,321
350,202,214,156,95,149,393,338,859,321
505,365,173,141,105,131,377,326,895,321
414,288,180,134,101,141,352,313,853,322
537,370,290,193,137,219,380,313,889,322
406,285,205,144,103,151,362,318,890,322
334,227,211,167,129,168,339,306,882,322
342,258,134,99,78,108,333,315,870,322
545,360,186,145,116,152,453,329,866,322
308,219,148,101,74,111,331,313,902,322
711,442,413,325,141,203,586,321,831,322
436,222,365,276,148,211,264,773,920,322
373,278,213,149,116,167,413,305,863,322
464,373,115,84,71,100,295,294,842,322
556,378,257,182,129,193,377,306,898,322
479,364,163,125,97,128,354,320,848,323
469,316,204,150,108,155,380,373,908,323
428,306,288,220,162,220,415,301,894,323
452,319,207,142,110,163,383,310,894,323
416,247,333,250,165,227,431,619,919,323
346,230,236,191,135,174,377,377,868,323
450,315,164,121,88,124,327,304,886,323
587,360,280,197,136,200,409,357,871,323
678,462,232,177,128,174,398,326,885,323
270,214,148,126,101,120,313,294,881,323
577,389,202,167,120,152,378,315,883,323
588,352,286,235,144,186,433,406,928,323
455,221,280,210,131,187,459,618,926,323
600,426,232,178,136,183,390,309,893,323
437,345,176,120,96,143,361,301,874,323
332,260,159,126,103,131,362,161,872,323
505,277,344,264,190,252,519,607,889,323
460,317,226,141,100,168,367,331,888,324
568,361,291,235,161,209,407,535,890,324
454,344,177,125,94,144,310,324,874,324
253,153,294,237,141,188,344,631,928,324
498,365,202,153,119,162,373,306,851,324
609,426,212,181,131,161,397,363,907,324
479,294,434,330,197,270,434,616,865,324
347,280,199,146,123,168,361,301,887,324
491,306,334,256,177,238,512,472,897,325
409,289,198,145,108,151,347,306,877,325
353,210,372,277,182,261,405,522,853,325
447,325,196,153,118,157,367,333,896,325
684,416,314,222,143,220,427,456,847,325
546,342,266,180,120,190,413,354,891,325
532,338,240,174,120,174,397,375,888,325
481,327,198,164,120,152,375,343,899,325
201,139,230,150,95,156,366,320,882,325
438,319,297,206,142,210,381,395,920,325
619,419,242,166,112,173,390,409,891,326
422,293,410,276,193,300,504,524,875,326
527,290,349,272,172,239,439,632,894,326
324,251,240,190,149,190,403,314,888,326
343,233,299,215,153,226,406,486,852,326
614,445,277,201,154,217,404,322,874,326
559,383,248,191,138,190,385,313,854,326
601,382,336,268,180,234,432,579,871,326
317,229,128,115,77,91,414,175,883,326
426,320,197,148,117,162,368,311,877,326
344,224,195,142,104,149,367,321,847,326
348,249,273,198,150,213,460,492,887,327
234,156,268,207,145,199,266,465,848,327
344,254,211,170,129,164,379,308,896,327
434,305,249,179,129,192,380,327,867,327
449,294,268,195,146,210,403,444,928,327
367,206,313,250,156,209,391,601,894,327
583,403,223,167,122,169,392,518,889,327
733,449,347,281,179,234,429,636,893,327
525,337,260,197,128,182,387,551,872,327
286,186,210,165,123,161,353,461,871,327
468,351,206,181,132,154,362,331,896,327
466,335,198,149,113,156,369,386,907,327
547,385,247,180,131,183,385,317,866,328
600,373,299,225,146,206,409,411,896,328
631,360,354,261,155,239,409,530,885,328
489,316,246,201,140,180,405,338,858,328
293,223,180,138,109,148,316,316,893,328
536,362,249,201,149,195,401,466,909,328
330,194,416,305,179,252,446,630,929,328
210,152,154,115,84,118,413,24,788,328
279,214,164,129,100,128,308,310,875,328
364,254,162,122,92,127,358,307,898,328
450,294,183,127,90,134,473,572,885,328
505,368,183,148,110,140,359,306,903,328
275,204,170,138,105,133,348,319,862,328
472,339,247,185,124,172,509,317,935,328
528,388,135,112,89,108,312,334,916,328
507,285,333,268,159,215,424,616,884,329
635,363,304,221,137,202,432,602,879,329
193,137,154,120,89,118,329,307,909,329
690,463,222,177,116,158,397,355,869,329
627,405,252,195,134,179,507,412,893,329
269,174,189,146,106,146,321,312,861,329
446,238,304,231,144,202,420,601,857,329
429,305,156,121,91,121,343,329,838,329
371,245,286,196,127,192,381,488,922,329
473,282,254,187,132,188,401,403,925,329
717,385,470,336,200,311,459,625,895,329
260,187,197,159,121,156,323,341,899,329
634,424,295,248,180,218,413,475,899,329
288,192,173,140,105,132,357,312,835,329
682,437,213,158,113,156,409,655,856,329
417,297,156,125,101,128,396,315,908,330
374,214,309,254,181,226,528,306,1023,330
371,271,168,118,92,136,349,309,871,330
383,270,256,194,140,190,381,406,872,330
443,297,125,104,76,93,376,325,844,330
400,265,287,213,139,196,387,342,905,330
392,295,186,141,110,152,348,315,890,330
499,327,271,217,148,189,412,371,903,330
456,272,297,215,135,203,400,447,908,330
467,375,140,97,83,120,304,316,913,330
501,256,382,319,196,242,454,641,891,330
425,226,224,161,91,139,480,395,883,330
295,229,171,134,107,139,340,319,893,330
269,197,200,149,110,153,355,298,866,331
617,393,261,214,153,188,413,460,910,331
294,212,262,205,148,192,302,626,931,331
492,299,295,214,137,204,423,567,828,331
252,172,196,136,95,145,294,408,867,331
482,373,181,146,122,156,354,324,887,331
472,283,234,177,116,161,390,359,845,331
649,433,282,228,160,208,432,358,905,331
330,232,246,182,131,188,383,334,876,331
720,418,584,399,216,355,495,630,903,331
332,243,123,92,72,100,333,320,889,331
547,352,245,181,125,178,401,442,878,331
554,284,475,342,186,290,462,845,959,331
328,254,203,163,139,174,404,314,839,332
678,404,243,176,104,158,418,323,881,332
332,255,307,238,185,244,459,308,828,332
453,313,242,185,132,179,377,304,861,332
524,360,241,179,137,189,402,494,836,332
595,446,206,139,104,164,343,310,899,332
480,313,224,173,124,167,383,343,896,332
481,275,257,193,134,185,485,526,829,332
275,190,215,162,117,161,353,312,898,332
563,425,162,110,87,132,358,323,882,332
385,205,372,284,173,239,464,663,916,333
468,320,164,132,93,121,351,330,893,333
358,264,290,211,162,231,382,306,911,333
550,380,165,134,99,123,374,316,880,333
502,340,243,176,132,190,369,458,849,333
452,339,209,152,118,167,390,327,883,333
481,355,195,182,145,157,390,383,892,333
465,400,135,97,88,120,398,1,184,334
509,379,106,80,63,88,338,327,801,334
470,283,311,228,147,221,414,545,838,334
272,232,231,160,128,191,416,379,880,334
475,310,202,154,111,152,382,394,899,334
257,187,179,134,96,132,329,308,868,334
384,250,215,164,119,163,379,344,863,334
557,372,216,148,105,155,451,325,890,334
493,288,172,120,83,124,470,538,883,334
434,334,143,114,92,116,304,311,897,334
611,405,275,204,137,193,378,324,875,334
387,310,193,144,117,160,397,2,218,334
632,336,427,310,161,238,473,636,936,334
351,234,227,168,122,168,375,331,909,335
478,298,185,129,89,137,462,323,839,335
493,372,185,144,113,148,360,305,886,335
209,159,111,76,63,94,247,297,847,335
360,212,256,193,128,176,505,395,905,335
613,374,386,299,198,273,451,628,901,335
480,310,245,191,124,168,370,518,856,335
671,412,279,211,132,187,396,304,898,335
723,486,297,209,150,220,382,476,884,335
275,216,175,146,116,141,341,317,895,335
466,296,340,278,193,245,400,473,840,335
470,289,339,241,164,239,420,592,861,336
525,349,251,181,126,185,397,370,888,336
482,355,160,125,100,132,357,322,875,336
362,251,183,115,79,134,337,293,881,336
567,385,276,219,168,221,374,361,885,336
665,442,383,254,181,284,471,615,880,336
346,240,210,155,115,161,372,338,915,336
479,320,217,171,123,164,383,362,876,336
386,289,172,142,109,137,355,304,872,336
457,290,219,181,137,172,385,306,907,336
620,386,265,210,147,187,410,373,864,337
466,333,164,121,86,120,359,277,856,337
302,210,169,119,89,130,323,314,893,337
655,457,227,188,139,177,364,393,898,337
611,347,326,248,154,225,427,479,904,337
404,241,338,229,141,225,405,514,885,337
503,284,262,200,125,178,401,512,874,337
413,329,142,101,79,116,313,312,897,337
399,226,223,161,120,172,514,356,914,337
634,442,256,210,154,195,408,548,853,337
367,269,200,155,123,164,345,317,888,337
416,276,253,198,146,195,347,404,885,337
454,253,343,256,140,200,411,634,930,338
467,336,262,210,154,203,395,317,890,338
733,400,338,243,141,215,444,592,932,338
313,216,203,152,111,151,377,370,901,338
644,357,371,280,172,236,447,628,931,338
487,367,157,121,97,129,332,312,883,338
438,305,254,186,138,200,387,347,921,338
416,285,269,182,128,206,363,465,906,338
416,238,364,257,159,240,433,581,916,338
275,179,207,153,110,155,313,473,813,339
389,259,260,191,140,197,394,320,879,339
665,384,297,212,133,200,389,531,880,339
413,264,204,153,101,145,380,304,912,339
541,380,194,150,109,148,369,315,904,339
408,276,145,111,78,103,406,193,892,339
427,244,356,259,169,244,429,660,896,339
286,210,182,137,106,147,381,241,870,339
519,340,264,197,152,205,511,419,881,339
575,316,445,342,195,270,433,694,945,339
517,308,341,254,176,246,387,545,882,339
668,432,351,281,174,234,417,433,903,339
708,449,257,193,136,190,409,434,909,339
652,338,447,336,194,268,508,1023,888,339
442,321,258,172,126,198,356,337,905,339
544,335,253,184,128,187,415,490,872,340
378,260,227,184,127,165,368,353,913,340
574,406,211,166,124,165,373,308,885,340
421,308,187,131,107,156,368,321,866,340
447,315,159,111,82,125,353,317,902,340
378,292,142,113,87,110,334,307,881,340
495,328,229,172,120,170,391,321,889,340
564,388,213,168,119,158,374,315,887,340
483,299,307,239,162,215,468,563,872,341
528,362,224,168,126,172,379,313,912,341
656,388,140,92,59,95,514,414,893,341
678,408,446,309,195,309,451,603,889,341
363,265,215,143,108,171,371,306,905,341
526,405,166,68,164,309,527,154,782,341
444,305,243,202,142,183,366,320,909,341
624,396,313,242,160,216,438,539,865,341
406,275,212,151,113,164,428,311,889,341
615,353,233,180,118,164,399,625,926,341
451,305,214,152,110,161,391,377,903,341
452,309,233,162,115,173,339,511,874,341
305,240,256,173,147,221,469,307,900,342
324,183,320,251,140,199,367,633,878,342
581,360,505,395,240,325,425,499,891,342
431,318,150,117,93,121,353,323,880,342
635,409,333,255,155,213,401,577,906,342
596,458,164,143,121,138,342,329,872,342
451,287,245,195,135,182,396,536,810,342
697,459,320,241,176,244,436,571,911,342
461,344,210,170,125,163,362,297,876,342
347,260,132,97,77,106,305,335,895,342
505,363,154,124,91,121,341,310,878,343
619,406,208,162,114,149,459,318,867,343
465,320,284,225,165,220,406,566,851,343
399,275,256,227,163,194,368,329,882,343
262,186,363,250,152,237,428,489,870,343
199,147,159,116,84,120,332,309,883,343
466,273,282,213,141,199,394,544,896,343
598,337,432,308,181,278,437,637,877,343
424,286,107,78,57,84,332,328,861,343
209,169,146,113,94,120,302,306,883,343
218,173,128,125,113,115,535,1,186,343
429,239,317,224,143,218,417,440,880,343
618,342,270,198,105,157,411,523,879,344
493,307,326,249,172,236,430,522,855,344
499,292,366,255,169,254,432,563,877,344
385,239,344,249,157,237,392,596,951,344
521,283,378,290,190,255,437,556,925,344
488,281,385,284,183,264,436,537,870,344
562,288,464,327,194,291,440,625,896,344
705,384,385,284,160,231,453,618,915,344
568,320,346,279,170,226,495,650,899,344
291,197,203,153,112,152,387,307,863,344
436,256,265,207,127,176,423,318,892,344
444,296,270,209,142,201,400,344,876,344
383,204,252,178,122,188,469,313,901,344
652,424,293,255,183,212,411,461,901,345
475,257,430,324,199,277,458,615,912,345
621,331,599,432,234,339,439,1013,960,345
357,258,150,114,88,121,306,327,886,345
494,296,310,220,148,219,490,429,895,345
483,340,204,138,110,166,446,319,882,345
606,432,233,188,142,181,397,441,882,345
486,283,307,221,145,213,431,433,912,345
605,369,347,261,179,252,413,604,844,345
383,280,186,147,110,146,347,307,881,345
370,254,231,194,164,198,466,369,897,345
654,447,222,170,128,176,409,314,909,345
483,274,172,132,86,120,385,658,888,345
356,199,277,200,123,177,425,411,900,346
543,325,173,142,108,134,489,322,900,346
534,355,259,200,149,198,407,519,864,346
335,212,214,157,117,168,349,305,893,346
477,347,182,131,102,146,352,312,860,346
659,439,293,211,144,217,406,311,907,346
729,392,385,293,185,256,473,487,922,346
445,316,250,171,124,188,373,376,841,346
510,369,182,130,99,143,365,317,868,346
240,179,229,185,148,187,351,366,867,347
662,465,592,426,286,432,563,238,765,347
497,364,195,157,117,147,422,293,902,347
608,458,172,133,107,140,373,321,856,347
528,314,459,327,168,270,476,770,956,347
528,362,255,189,126,182,394,458,908,347
319,238,188,137,107,154,357,316,904,347
417,277,236,179,132,180,376,337,906,347
570,350,245,176,116,173,406,440,935,347
293,220,214,176,131,166,354,326,876,348
472,342,167,126,93,127,309,319,885,348
497,353,303,237,161,219,411,621,917,348
561,362,180,137,94,130,379,369,901,348
522,368,256,204,146,190,312,518,883,348
567,383,213,172,129,162,388,330,900,348
298,203,200,151,114,155,356,314,876,348
492,343,178,135,100,138,363,324,921,348
471,328,258,211,150,191,387,488,922,348
561,360,236,189,132,177,398,301,874,348
521,337,205,161,112,149,382,304,871,348
269,196,150,116,68,96,491,342,856,348
547,324,299,224,127,181,549,317,892,348
272,167,122,88,61,89,417,368,870,348
641,376,334,252,173,242,439,622,883,348
514,359,237,172,127,185,407,325,863,348
416,282,137,104,68,98,366,336,890,348
351,239,179,142,105,137,365,332,892,349
382,236,192,138,96,139,461,312,884,349
391,262,211,161,124,160,401,388,890,349
681,380,442,303,198,313,449,617,889,349
631,467,175,134,100,138,367,325,895,349
526,364,213,165,120,163,358,311,865,349
606,415,328,222,145,230,423,508,931,349
489,333,318,219,157,237,398,440,877,349
441,310,188,148,112,146,367,309,860,349
379,232,301,237,159,213,326,633,925,349
410,299,179,153,123,146,321,200,840,350
559,388,182,140,106,142,380,318,874,350
218,156,261,181,137,206,429,5,740,350
544,343,245,203,138,169,368,480,853,350
366,210,269,213,142,189,410,540,901,350
303,146,313,227,122,187,432,600,903,350
415,280,200,149,112,157,353,303,879,350
524,365,160,127,93,121,353,326,894,350
384,284,135,107,87,110,323,315,890,350
633,393,190,142,107,146,480,307,872,350
412,242,361,266,174,252,419,535,868,350
476,353,186,139,112,147,370,307,864,350
478,305,261,208,140,184,397,425,890,350
330,235,241,194,141,179,333,362,882,350
380,294,166,140,114,139,360,306,878,350
651,448,186,147,98,132,375,315,912,351
414,252,294,209,128,195,424,590,888,351
466,262,254,194,125,173,378,616,886,351
372,246,218,165,121,172,384,319,872,351
547,292,309,226,137,192,425,644,925,351
341,243,131,104,79,102,339,324,887,351
626,365,367,270,149,224,416,641,895,351
565,383,260,206,132,181,422,376,909,351
536,331,301,232,148,204,340,570,873,351
705,381,406,303,206,286,449,645,939,351
419,251,215,150,103,157,446,317,879,351
586,408,306,229,152,221,334,316,939,351
287,212,217,148,114,171,361,317,831,351
356,319,135,103,97,126,398,38,734,352
628,353,366,272,172,248,442,634,875,352
321,195,201,155,102,146,331,453,890,352
409,281,255,189,142,201,391,378,912,352
612,422,292,209,146,208,442,547,904,352
623,421,196,148,108,144,447,423,845,353
467,256,338,245,148,221,433,637,922,353
617,353,242,203,137,172,417,646,944,353
463,252,387,299,195,268,428,623,860,353
597,392,343,217,148,248,418,383,879,353
274,197,192,145,112,151,337,323,852,353
555,305,325,245,158,226,435,597,896,353
301,208,177,123,92,137,328,321,867,353
326,221,172,133,97,129,353,234,865,353
282,193,227,171,127,171,330,457,880,353
409,266,306,215,133,213,392,476,899,353
546,321,127,108,71,89,421,366,908,353
300,243,166,136,105,132,328,310,870,353
486,307,256,170,117,188,403,416,905,353
440,315,277,189,145,218,481,507,887,353
616,428,293,200,141,232,409,317,883,354
319,239,177,131,107,147,334,312,882,354
462,260,184,139,91,130,453,317,873,354
547,386,165,115,82,124,365,321,923,354
527,353,241,186,146,190,478,459,856,354
568,360,239,171,113,175,413,339,887,354
410,236,261,196,131,182,433,463,893,354
315,202,323,232,145,216,435,550,906,354
399,259,216,158,112,160,367,447,890,354
655,425,278,204,140,198,406,314,919,354
460,364,96,74,66,84,439,385,821,354
420,285,207,160,104,143,365,292,886,354
473,249,131,91,57,89,432,701,852,354
569,375,205,156,110,152,399,357,893,354
312,236,216,159,123,166,303,347,862,355
603,348,340,220,126,216,421,507,873,355
614,350,380,287,170,241,450,555,878,355
666,399,379,261,157,246,425,609,934,355
625,431,250,199,149,191,393,454,859,355
436,366,188,164,142,162,365,313,850,355
618,329,324,240,150,217,438,621,865,355
362,248,155,125,88,115,332,315,890,355
512,389,184,141,110,147,378,319,885,355
553,407,186,151,121,151,359,325,854,355
678,453,392,274,171,271,427,570,891,355
242,199,98,70,62,85,308,150,833,356
260,192,157,144,112,124,305,291,842,356
581,362,282,214,144,201,408,458,887,356
676,415,348,277,168,229,465,646,937,356
340,242,194,142,104,148,357,314,867,356
546,348,253,207,133,178,361,427,889,356
322,242,159,125,97,125,318,305,841,357
440,337,169,121,98,140,368,314,869,357
373,245,264,179,113,181,408,512,929,357
319,239,134,92,67,104,304,313,879,357
314,225,213,153,110,161,376,342,862,357
254,234,205,149,142,192,388,2,166,357
597,343,371,272,157,227,427,637,915,358
625,406,273,220,148,194,437,404,826,358
317,237,200,165,139,170,359,319,908,358
432,333,157,130,101,124,351,306,876,358
229,177,254,184,139,196,355,302,889,358
426,281,181,134,81,118,386,315,917,358
302,167,323,236,140,209,392,633,886,358
677,467,243,226,154,172,426,337,884,358
645,415,280,208,149,210,426,491,902,358
690,447,259,199,147,194,513,353,872,358
656,464,278,194,136,206,409,368,876,359
620,393,219,156,107,156,403,441,848,359
601,409,122,83,62,95,306,675,914,359
649,431,249,201,154,191,405,329,906,359
430,251,365,247,158,247,514,553,867,359
408,208,361,285,168,223,441,560,929,359
291,211,201,139,102,152,376,365,922,359
391,284,210,158,105,154,343,310,906,359
503,282,376,295,187,264,404,611,891,359
504,368,143,119,90,109,303,306,874,359
286,185,242,166,110,174,374,371,870,359
629,420,239,185,128,172,375,306,915,359
626,371,369,280,184,260,450,638,881,359
504,368,231,179,139,187,403,298,794,359
559,368,244,198,137,173,411,467,920,359
459,242,170,110,55,92,427,651,940,359
345,251,196,151,110,147,311,462,877,359
464,299,301,232,181,248,523,315,862,359
245,193,198,145,114,161,318,361,865,360
603,467,162,130,103,131,330,308,884,360
481,398,109,83,72,95,308,317,880,360
486,286,324,231,157,235,481,328,922,360
370,242,189,139,100,144,356,311,864,360
653,406,315,231,151,219,423,374,909,360
297,198,168,125,85,122,344,315,880,360
354,255,163,111,80,124,356,316,897,360
446,310,206,163,126,163,383,307,889,360
461,247,433,331,189,264,418,549,939,360
234,188,180,138,112,151,304,299,845,360
213,182,189,136,114,160,334,299,847,361
458,311,200,158,111,147,347,321,902,361
212,185,118,93,84,108,395,20,660,361
310,220,123,91,64,93,246,609,962,361
354,223,202,172,124,149,386,333,865,361
666,427,255,185,126,185,407,507,895,361
367,205,203,157,106,145,393,347,883,361
627,325,476,339,193,295,423,820,895,361
409,257,263,201,137,191,370,531,880,361
489,326,197,149,101,143,384,360,878,362
653,432,300,234,165,217,452,396,887,362
423,316,143,109,85,116,322,324,909,362
646,448,164,127,91,123,350,320,863,362
522,392,175,138,104,137,355,318,883,362
353,216,408,289,181,281,430,628,926,362
441,331,154,111,86,125,338,315,880,362
550,301,351,261,159,230,430,659,869,362
571,332,278,209,134,190,406,591,884,362
581,428,247,185,149,204,404,317,896,362
382,233,311,218,154,229,477,560,900,363
309,200,341,243,150,232,412,602,895,363
628,376,357,254,164,249,437,553,835,363
523,293,312,237,143,207,430,505,914,363
369,298,136,117,89,106,310,305,895,363
469,335,185,125,90,141,370,313,896,363
716,417,308,229,144,203,421,624,906,363
527,329,374,290,187,255,335,718,906,363
614,412,285,234,165,208,418,353,881,363
361,255,166,135,100,126,337,308,901,363
624,407,262,219,157,192,456,321,889,363
437,310,123,105,78,95,327,317,867,363
585,434,162,126,100,131,370,322,861,363
455,351,105,75,62,89,383,203,898,363
550,396,166,126,94,127,369,315,870,363
688,396,329,216,130,214,440,436,928,364
557,368,286,199,144,216,388,469,893,364
356,206,225,163,96,146,392,609,881,364
499,293,260,183,120,182,400,316,894,364
429,292,253,181,132,193,401,364,862,364
683,458,273,219,156,204,411,461,880,364
440,264,295,205,149,228,502,451,890,364
533,344,328,262,172,230,518,490,898,364
675,409,271,214,138,186,426,542,905,364
490,262,278,235,151,195,385,570,867,364
566,409,188,123,90,147,323,312,892,364
623,419,242,172,115,171,396,406,868,364
431,292,205,162,115,155,365,347,878,365
353,262,271,200,159,221,479,239,794,365
605,407,305,218,157,233,422,549,867,365
317,225,234,172,123,176,376,321,904,365
454,274,277,200,136,203,481,462,854,365
380,291,350,259,190,273,401,625,888,365
467,365,177,136,114,152,337,307,871,365
338,227,170,125,90,127,375,314,918,365
454,346,202,161,124,158,377,327,887,365
384,266,193,155,123,153,337,305,900,365
561,346,335,237,150,231,375,625,977,365
446,288,212,158,114,161,381,357,853,365
425,267,232,175,122,171,375,325,880,365
546,439,294,208,165,242,530,9,914,366
484,273,374,294,168,229,452,606,901,366
363,246,175,131,99,133,362,315,895,366
552,382,276,188,136,209,486,379,888,366
461,300,328,244,167,240,403,434,855,366
652,403,273,234,163,195,427,503,891,366
255,248,124,76,72,118,358,24,723,366
377,294,166,126,101,133,367,314,889,366
530,375,201,159,121,156,394,319,864,366
666,353,244,190,108,151,476,598,859,366
682,432,287,195,132,208,431,548,834,366
365,226,259,190,131,189,397,427,883,366
535,374,232,182,134,180,399,318,894,367
461,336,220,167,113,161,372,314,874,367
250,166,208,158,109,149,383,382,893,367
344,227,219,161,116,169,382,309,871,367
342,228,169,118,82,123,344,311,912,367
183,132,215,156,115,167,346,318,878,367
275,204,188,130,91,140,351,295,897,367
456,284,252,186,119,169,411,481,875,367
320,247,176,145,114,137,408,311,866,367
574,331,376,273,168,250,428,416,893,367
565,356,480,365,259,363,440,703,933,367
464,320,173,134,108,140,422,215,850,367
652,408,358,268,172,246,434,605,878,367
419,262,371,253,161,253,382,598,893,368
454,352,128,105,80,103,337,287,865,368
271,166,119,99,72,87,297,311,888,368
471,321,287,226,169,223,367,510,889,368
525,362,295,228,156,206,380,515,882,368
523,372,212,145,107,161,365,313,889,368
733,417,362,285,169,238,435,581,878,368
536,389,219,167,127,168,386,329,890,368
650,376,379,313,197,254,461,434,921,368
656,458,205,151,114,159,396,322,892,369
550,313,273,194,107,173,461,452,869,369
234,166,237,176,116,168,293,415,875,369
631,395,283,206,145,203,418,330,875,369
525,394,175,138,116,147,361,333,899,369
464,367,207,141,110,166,467,611,883,369
310,232,147,125,94,113,319,304,888,369
511,284,400,281,161,253,457,549,931,369
292,218,248,177,129,188,345,414,857,369
284,185,201,144,101,150,387,328,880,369
472,315,225,167,118,168,377,323,866,369
465,295,218,183,121,149,465,330,891,369
607,336,374,258,160,243,411,629,895,369
482,356,218,166,118,159,393,317,889,369
324,219,169,122,95,136,352,330,874,369
329,205,217,158,108,158,376,383,893,369
445,268,455,342,207,297,452,621,868,369
450,346,181,137,108,144,339,297,872,369
233,204,175,160,140,153,464,106,743,369
551,369,247,200,147,182,393,429,908,370
615,327,498,360,198,313,459,613,948,370
294,186,220,166,112,157,345,317,912,370
706,494,276,201,147,206,476,446,888,370
587,392,240,185,136,182,391,418,904,370
454,279,265,195,127,182,398,336,901,370
362,220,274,214,148,197,340,483,871,370
557,430,161,132,102,127,360,323,930,370
442,320,173,118,90,137,333,321,871,370
390,261,295,213,153,223,462,417,908,370
393,265,232,188,126,164,279,472,876,370
565,431,161,122,95,127,334,311,847,370
297,226,109,88,72,91,319,312,900,370
230,159,164,124,87,119,346,318,865,370
381,203,223,158,96,147,361,471,867,370
465,283,321,245,160,224,452,647,875,370
419,286,280,197,154,227,471,342,880,370
537,384,174,132,101,135,372,319,873,370
549,417,161,131,103,131,377,317,832,370
332,181,191,148,98,138,451,339,927,370
354,272,249,170,128,195,402,362,850,371
392,290,165,136,107,132,333,306,852,371
208,155,159,137,108,128,320,317,905,371
235,189,118,79,67,101,294,170,782,371
597,397,306,258,174,212,412,547,897,371
425,248,133,98,57,87,344,642,876,371
354,262,169,128,102,139,331,364,887,372
279,263,166,118,114,159,396,2,201,372
448,265,285,215,174,229,484,647,907,372
314,212,279,220,145,201,375,389,893,372
408,325,116,96,81,98,315,316,888,372
631,348,230,178,116,156,503,324,861,372
394,259,321,264,183,230,422,379,880,372
702,393,319,220,128,200,440,620,895,372
512,327,298,220,148,213,406,347,849,372
396,273,162,120,100,138,451,309,889,372
441,252,263,180,102,163,395,292,905,372
330,199,223,170,119,164,444,314,894,373
717,449,332,255,155,222,448,422,905,373
516,353,450,333,233,337,421,603,914,373
509,333,217,172,129,167,389,422,838,373
406,295,203,156,113,157,384,305,889,373
289,204,240,184,127,176,308,404,838,373
438,241,369,296,187,244,422,656,899,373
719,486,163,123,86,117,516,610,944,373
395,278,196,171,131,155,373,309,865,373
605,352,299,232,150,199,432,572,894,373
625,381,428,320,203,298,502,541,893,373
665,370,402,294,214,302,546,616,895,373
671,469,169,122,86,125,379,322,889,373
557,385,261,183,130,197,451,336,885,373
655,367,415,293,172,256,444,625,862,373
495,304,287,221,152,206,428,472,915,374
451,312,172,131,97,133,368,314,870,374
284,194,185,145,107,142,290,304,856,374
733,424,512,389,195,278,486,1023,964,374
597,361,352,291,184,229,463,494,850,374
621,360,388,280,166,245,450,627,892,374
426,319,237,162,124,186,361,302,906,374
515,362,266,192,142,207,483,322,910,374
508,269,372,251,140,227,446,510,906,374
642,420,228,174,124,166,396,308,918,374
518,399,220,147,112,175,377,323,894,375
389,246,256,208,140,181,378,458,821,375
364,226,206,153,103,148,399,339,876,375
614,430,191,140,101,140,372,317,918,375
462,293,275,213,170,226,464,330,859,375
444,243,396,277,160,251,459,625,910,375
340,240,207,157,115,157,312,295,898,375
412,309,166,147,116,133,360,319,877,375
452,273,267,208,140,189,413,295,865,376
248,160,251,192,132,187,536,7,687,376
671,463,112,83,60,86,318,638,939,376
666,429,328,254,169,230,419,553,901,376
448,322,190,134,100,149,347,354,904,376
716,471,304,228,159,218,517,491,860,376
582,422,155,124,98,123,353,330,876,376
531,369,218,166,120,168,418,312,877,376
307,222,143,101,79,116,303,300,864,376
516,397,125,90,74,103,343,331,893,376
620,374,345,260,180,250,418,638,902,376
454,337,186,123,91,142,353,307,883,377
524,307,247,180,125,179,417,435,898,377
403,276,193,146,111,152,357,316,863,377
384,251,215,165,117,157,388,369,894,377
288,178,191,141,102,144,394,328,872,377
584,399,272,214,143,200,410,456,883,377
364,229,389,279,177,270,429,621,899,378
481,317,266,188,131,195,409,545,861,378
452,259,353,271,178,245,438,587,899,378
481,347,170,121,90,133,411,290,878,378
402,243,192,138,99,145,392,382,912,378
311,212,226,181,141,180,460,308,852,378
319,231,179,131,96,136,336,290,886,378
658,449,346,222,151,250,402,378,877,378
679,431,316,214,150,225,409,330,874,378
447,295,226,179,124,162,362,404,853,378
686,465,200,156,115,152,387,324,852,378
249,174,233,170,118,165,289,452,867,378
328,257,140,96,75,115,299,316,893,379
461,240,294,216,153,221,523,318,904,379
676,436,269,201,142,200,380,401,878,379
585,353,325,246,160,225,396,531,802,379
259,174,216,149,98,154,377,307,922,379
388,275,162,116,83,121,344,313,903,379
203,171,104,80,73,96,357,1,183,379
729,402,352,235,133,221,442,502,887,379
460,275,283,210,135,196,417,502,905,379
611,397,234,184,121,161,393,353,883,380
528,344,240,188,131,169,365,419,886,380
654,407,398,297,210,296,456,597,818,380
293,181,264,203,136,186,240,559,878,380
386,279,201,145,109,157,348,321,882,380
515,249,400,335,189,242,421,646,904,380
630,395,286,242,149,189,409,432,900,380
506,363,249,170,119,187,384,426,885,380
264,194,211,160,116,159,266,407,891,380
505,380,162,131,109,134,362,326,880,381
615,333,319,238,155,220,480,630,899,381
517,369,214,161,127,174,359,316,892,381
559,377,255,189,137,192,421,401,901,381
374,274,163,116,89,125,317,301,877,381
606,403,281,220,159,208,413,319,860,381
537,294,281,201,123,186,435,617,869,381
583,406,213,166,121,161,412,442,881,381
716,484,264,196,132,189,366,374,886,381
364,244,357,249,160,244,404,595,898,381
567,297,362,287,165,226,377,569,909,381
669,457,204,158,116,156,392,332,885,381
718,478,249,181,132,189,495,447,902,382
606,410,178,149,125,150,499,318,849,382
479,260,469,361,207,301,508,645,917,382
368,284,125,95,76,103,294,316,873,382
385,220,320,252,152,207,407,628,880,382
592,397,230,161,111,167,441,314,839,382
587,322,354,261,165,238,444,650,900,382
708,408,408,300,191,279,446,574,872,382
343,229,226,161,108,165,384,386,851,382
691,458,269,205,151,201,414,496,873,382
365,254,177,119,86,137,330,301,886,382
343,251,152,116,90,122,333,318,871,382
622,370,202,149,86,125,417,320,892,382
531,379,251,183,142,197,376,420,886,383
455,351,242,186,152,197,462,389,881,383
486,354,232,172,134,182,370,481,865,383
355,277,208,136,108,171,352,210,846,383
300,232,190,156,120,150,330,301,881,383
508,338,347,256,162,243,427,615,950,383
539,322,303,248,156,205,469,333,904,384
240,139,269,209,129,177,229,568,894,384
720,440,549,424,280,382,562,663,934,384
635,335,215,159,100,144,488,553,891,384
398,237,203,154,102,144,387,313,881,384
440,305,207,159,117,158,363,398,890,384
498,346,254,165,107,178,388,341,886,384
673,402,370,269,180,267,462,675,933,384
300,211,193,144,107,152,353,347,866,384
655,453,250,196,135,182,414,342,899,384
415,194,382,300,149,213,419,681,911,384
554,375,216,179,138,169,403,416,905,384
718,478,283,220,151,203,414,444,896,384
353,233,144,102,66,99,350,327,888,384
414,316,177,131,99,138,352,342,885,384
699,425,359,276,193,266,501,652,892,385
494,251,384,278,165,251,515,582,901,385
294,197,240,170,115,174,348,301,887,385
596,408,208,144,109,163,364,396,869,385
478,310,262,221,154,190,365,316,876,385
678,446,277,215,155,209,420,551,872,385
351,232,173,136,101,134,342,313,901,385
353,198,121,103,73,92,435,298,908,385
538,421,135,94,85,121,408,123,886,385
524,324,331,234,149,226,419,505,860,385
307,227,168,129,102,134,343,316,906,385
437,268,215,163,114,159,381,333,894,385
489,342,249,194,141,190,381,369,871,385
612,431,222,171,134,180,399,313,877,385
401,321,145,98,76,116,306,306,897,385
314,241,199,140,100,148,329,301,832,385
392,244,256,179,129,195,475,461,867,385
435,297,235,194,142,181,392,511,872,385
347,264,191,140,106,151,368,309,869,386
668,475,212,178,133,161,395,321,883,386
491,272,479,311,180,294,444,702,928,386
499,350,181,153,123,144,357,306,884,386
516,342,251,208,146,181,353,486,890,386
541,340,328,265,168,222,433,612,851,386
431,299,169,140,98,127,345,314,850,386
598,400,183,137,99,137,363,312,862,386
483,244,441,315,172,261,535,639,892,386
213,136,176,139,102,128,456,219,863,386
603,386,196,150,100,136,386,311,909,386
267,155,340,244,141,212,331,613,917,386
534,358,208,147,106,157,379,351,900,386
307,187,196,152,102,139,369,370,889,386
630,428,289,220,165,219,367,467,900,386
338,257,124,95,76,99,319,357,866,386
559,371,231,171,112,156,492,319,895,386
320,201,211,154,100,149,377,321,904,386
546,370,268,207,134,184,376,300,894,387
381,266,261,194,139,191,401,293,850,387
683,385,341,284,197,247,448,636,894,387
730,401,383,256,185,288,587,575,907,387
605,413,309,221,169,249,414,403,888,387
547,381,238,193,146,186,494,326,865,387
284,218,120,107,88,100,290,298,866,387
180,132,200,145,107,153,327,302,903,387
634,441,219,156,118,168,386,330,884,387
346,220,320,236,160,225,427,615,864,387
246,181,206,151,111,157,309,387,873,387
393,291,154,118,92,124,340,296,882,387
230,148,211,172,114,149,335,447,895,387
551,327,239,168,110,166,402,441,857,387
609,342,369,254,160,244,451,536,857,387
332,229,277,207,148,207,399,449,892,387
376,244,123,89,63,92,298,320,882,387
358,273,182,140,107,143,309,289,880,387
451,362,129,104,86,108,339,321,868,388
673,441,256,209,148,191,423,379,902,388
520,367,267,192,144,208,488,470,897,388
189,139,175,143,108,135,453,2,234,388
547,388,193,144,107,149,366,328,893,388
706,464,293,204,139,214,429,593,834,388
298,210,200,142,103,149,386,298,865,388
187,141,164,123,98,132,279,302,894,388
452,317,186,135,97,139,361,323,903,388
360,226,243,171,114,169,364,408,856,389
360,263,215,161,120,167,326,306,858,389
688,471,235,193,140,172,382,468,846,389
546,300,294,220,138,197,409,584,843,389
468,316,203,145,103,149,364,323,873,389
407,261,201,161,118,148,358,321,858,389
426,297,171,131,98,133,375,314,845,389
523,360,180,164,119,135,373,302,912,389
379,286,304,200,146,238,368,301,907,389
310,195,149,101,71,109,346,326,859,389
449,245,365,272,170,247,413,627,898,389
310,228,109,78,57,86,323,312,859,389
310,258,140,105,84,116,615,2,614,390
399,268,218,164,119,167,433,341,876,390
634,374,501,377,241,326,399,1020,919,390
451,329,192,142,105,151,346,318,886,390
354,213,310,237,147,209,424,537,915,390
469,316,288,213,147,208,400,472,917,390
608,333,338,242,157,238,542,534,890,390
295,211,176,132,98,136,333,301,860,390
564,354,204,155,111,154,450,321,884,391
681,482,180,153,115,139,381,333,880,391
262,231,214,126,110,193,479,5,780,391
530,313,367,303,180,238,440,660,899,391
438,328,207,154,114,163,376,318,862,391
365,294,183,134,109,151,323,302,901,391
283,167,223,176,117,158,356,477,873,391
519,365,191,160,119,147,372,362,906,391
538,260,365,258,147,227,459,658,881,391
445,228,409,281,158,257,458,598,867,392
481,301,170,138,98,124,433,304,874,392
266,170,258,186,135,199,360,413,855,392
248,172,104,80,62,83,256,301,892,392
583,368,218,174,127,163,491,326,912,392
515,387,193,135,104,155,362,349,838,392
541,412,153,123,104,128,425,317,889,392
244,165,223,158,109,161,343,305,897,392
655,436,374,292,191,264,426,556,905,392
342,210,194,141,92,135,363,309,918,392
503,339,258,188,149,207,485,347,902,392
469,323,235,185,150,195,449,322,862,392
440,242,334,281,166,216,427,651,911,393
356,210,253,205,136,180,383,410,901,393
442,321,197,140,103,155,359,316,901,393
279,203,203,156,110,153,297,320,872,393
625,381,339,240,158,237,428,507,875,393
650,402,349,256,162,239,426,574,900,393
424,285,254,191,138,189,411,314,833,393
394,321,177,129,103,146,328,308,881,393
491,330,274,219,141,186,386,308,897,393
523,300,355,253,154,236,449,655,885,393
294,202,173,119,86,131,370,307,871,393
633,456,203,146,115,161,467,315,903,393
680,425,351,289,153,184,392,601,929,393
325,225,136,103,66,87,169,619,935,393
423,263,293,228,157,214,408,659,896,393
402,305,109,78,64,93,339,240,927,393
575,416,237,177,135,189,383,306,889,393
734,396,423,317,189,274,461,664,906,393
514,297,304,243,162,214,405,596,933,393
379,252,227,175,125,173,391,447,871,393
456,357,117,78,64,96,283,326,905,393
615,338,393,296,172,246,461,625,945,394
358,191,305,246,139,196,312,587,920,394
680,437,128,86,54,87,330,620,926,394
578,408,244,176,124,181,384,450,866,394
449,298,220,158,112,165,389,352,899,394
318,225,216,149,104,161,383,397,891,394
497,328,283,193,139,211,411,505,845,394
341,236,260,220,162,194,385,400,871,394
535,344,269,218,150,196,416,322,913,394
731,411,421,309,195,287,423,603,880,394
261,170,273,213,137,185,333,565,852,394
331,227,172,132,102,136,330,319,869,394
422,245,295,211,135,204,418,435,902,394
381,257,201,169,131,160,369,310,893,394
427,295,260,169,121,200,389,435,860,395
264,176,163,133,93,118,334,328,868,395
563,419,262,179,146,220,492,75,878,395
361,241,218,167,125,168,392,305,892,395
469,333,209,153,108,155,341,307,897,395
732,418,459,359,199,275,434,676,937,395
249,179,170,122,91,132,332,307,866,395
551,430,149,117,93,122,345,316,858,395
285,191,213,150,106,156,352,362,855,396
656,437,557,374,229,366,622,6,710,396
542,380,240,166,123,193,339,305,860,396
243,179,168,127,96,132,312,306,909,396
575,427,155,128,100,124,363,326,850,396
625,392,314,223,149,217,386,589,860,396
534,337,385,250,165,269,416,570,885,396
316,220,215,149,104,160,362,321,845,396
499,367,217,162,123,168,363,310,876,396
716,417,428,293,163,268,463,620,927,396
443,289,205,169,119,151,367,364,898,396
673,347,294,222,150,211,428,695,915,396
607,334,262,190,117,173,426,549,841,396
550,382,246,182,147,202,383,481,873,396
509,369,213,159,118,167,391,319,859,396
394,291,155,130,99,121,346,317,888,397
603,337,235,182,108,156,389,533,898,397
467,326,127,96,74,99,341,314,890,397
536,326,357,268,180,251,419,615,897,397
582,373,320,220,140,219,439,452,861,397
324,218,154,125,90,116,346,317,893,397
470,304,161,124,102,132,441,314,861,397
602,451,209,152,130,180,433,160,872,397
403,278,233,167,126,182,378,312,852,397
346,228,166,122,84,124,339,309,901,397
546,390,219,157,113,163,394,634,903,397
263,170,252,259,133,123,408,309,884,397
430,346,153,108,89,129,319,318,919,397
416,308,224,186,149,183,372,320,899,397
487,283,364,274,172,238,434,622,911,397
556,349,280,199,133,194,408,468,861,397
627,431,229,198,152,181,384,454,895,398
221,157,180,132,89,131,323,300,872,398
532,392,163,124,93,128,354,328,893,398
350,242,124,99,80,100,404,311,824,398
384,203,408,293,162,255,473,602,933,398
393,268,160,133,104,126,366,307,896,398
485,372,189,143,113,153,365,317,874,398
539,380,219,166,128,174,372,323,895,398
406,295,217,179,128,163,363,300,883,398
562,382,296,234,176,234,394,309,893,398
458,264,327,245,155,222,397,568,809,398
522,280,283,204,115,173,453,624,912,398
470,318,183,142,102,138,379,328,890,399
660,435,239,179,129,183,403,468,841,399
674,435,261,217,161,199,423,435,876,399
450,313,196,155,109,145,367,323,849,399
499,361,173,137,105,135,341,314,901,399
334,248,254,161,117,195,375,314,898,399
670,430,221,177,120,157,401,483,839,399
506,305,268,195,129,188,398,453,882,399
421,314,204,150,114,160,315,305,863,399
680,420,260,195,125,180,415,536,848,399
565,343,399,275,169,267,453,606,908,399
501,356,288,248,201,232,478,486,888,399
293,250,121,91,83,112,287,170,803,400
337,214,280,190,124,199,387,363,874,400
317,210,200,151,108,150,355,306,859,400
374,247,311,221,153,228,411,568,883,400
246,188,134,100,80,109,337,99,856,400
548,375,240,176,125,182,390,466,818,400
326,200,244,173,119,176,379,426,870,400
195,138,176,131,94,132,311,304,883,401
470,363,187,138,108,151,346,305,852,401
654,395,466,328,208,323,635,53,1023,401
516,322,308,229,164,222,417,428,817,401
286,213,228,153,108,171,351,328,895,401
539,389,208,136,93,153,378,309,875,401
458,293,372,259,177,265,496,568,876,401
325,245,230,160,113,166,360,324,881,401
512,282,336,230,139,215,428,625,934,401
487,288,288,218,146,203,389,584,858,401
440,293,198,156,115,151,377,359,882,401
424,236,417,295,172,258,440,537,914,401
347,192,231,173,111,158,393,325,877,402
408,277,235,169,115,169,383,303,915,402
253,214,103,86,73,89,313,196,820,402
406,276,220,169,126,168,371,461,869,402
372,286,193,139,107,160,371,319,868,402
610,378,282,198,138,207,508,598,856,402
475,329,391,294,232,315,540,555,904,402
349,246,222,172,133,178,374,337,869,402
610,350,277,234,149,194,408,402,917,402
528,391,179,146,114,142,353,315,912,402
411,272,225,159,108,165,412,338,887,402
394,254,240,186,122,168,405,315,903,402
471,255,377,283,175,245,486,634,922,403
242,176,142,106,80,110,318,315,878,403
372,278,324,247,184,251,403,635,861,403
423,289,223,173,127,170,386,342,876,403
464,320,249,177,121,178,374,410,885,403
706,413,372,271,174,256,447,610,905,403
540,374,243,194,138,182,362,361,904,403
538,379,300,233,187,245,476,347,897,403
725,465,334,249,175,246,448,492,883,403
509,352,202,159,119,157,368,294,905,403
388,271,215,151,113,169,444,306,900,403
701,434,318,271,184,224,469,471,890,404
452,326,270,188,130,196,398,303,862,404
672,475,223,162,124,175,373,315,905,404
580,435,296,206,160,239,580,3,703,404
669,403,346,262,170,244,453,605,868,404
629,435,256,180,136,195,502,489,849,405
431,302,166,123,90,127,358,335,887,405
611,440,181,147,107,138,357,321,878,405
721,489,192,149,107,144,378,321,906,405
328,296,223,154,142,202,465,54,828,405
393,201,375,287,163,230,457,608,932,405
463,332,254,177,131,202,414,332,886,405
699,463,304,208,139,218,434,514,880,405
454,316,206,142,114,166,393,302,857,405
307,209,280,188,133,206,380,458,892,405
445,283,291,210,157,223,448,479,904,405
544,331,262,180,117,185,419,504,843,405
566,369,289,200,134,208,402,359,888,405
342,204,254,191,130,181,354,515,894,405
557,381,301,238,179,226,527,564,869,405
430,237,392,312,186,245,421,636,929,405
413,260,310,224,137,210,484,375,873,405
508,278,311,228,144,206,440,633,924,405
238,171,153,135,99,119,331,309,870,406
464,251,323,269,162,207,402,609,913,406
629,413,217,147,103,159,365,482,877,406
475,250,147,110,65,96,425,577,921,406
687,475,288,225,168,215,421,411,878,406
476,240,174,129,68,97,387,638,899,406
502,333,120,84,62,92,391,449,896,406
631,427,232,170,124,176,400,486,856,406
387,254,252,190,129,179,403,306,908,406
687,403,343,276,187,243,485,632,895,406
374,261,204,166,128,158,392,313,840,406
503,408,117,94,81,99,291,323,916,407
565,392,257,185,131,189,387,450,856,407
163,148,122,89,83,114,374,2,168,407
392,317,125,96,75,102,418,189,954,407
463,319,222,176,128,171,392,313,868,407
266,209,166,126,96,130,284,294,883,407
246,165,192,128,87,139,360,307,883,407
618,364,354,271,170,242,383,585,904,407
229,217,155,100,98,149,409,3,189,407
374,314,249,182,151,209,375,314,917,407
517,292,385,287,157,227,440,803,935,407
519,377,200,160,124,157,414,323,864,407
648,432,186,144,100,138,443,330,860,407
548,335,393,273,174,265,420,605,875,407
503,362,333,257,213,277,510,590,878,407
363,244,155,120,89,118,352,320,848,407
436,305,186,145,112,150,363,324,841,408
539,328,162,130,93,118,423,605,885,408
664,391,303,210,137,206,422,499,893,408
720,436,354,267,171,247,451,561,868,408
557,419,268,180,134,207,411,314,873,408
406,283,213,163,114,157,373,313,879,408
353,235,169,134,100,130,377,320,884,408
476,347,212,164,133,175,356,312,890,408
385,245,226,172,113,161,385,319,902,408
551,398,200,146,111,156,453,319,875,409
588,396,300,228,159,214,416,484,886,409
277,197,323,228,146,222,390,561,861,409
374,255,178,138,99,134,350,322,874,409
346,191,298,230,132,186,340,635,907,409
564,344,229,175,121,169,378,596,904,409
346,233,190,125,89,142,345,311,882,409
490,248,419,319,174,251,495,596,927,409
573,384,295,221,145,204,410,375,885,409
378,257,244,178,121,176,407,313,872,409
264,195,133,112,86,102,346,306,904,409
340,247,244,179,139,195,367,289,866,409
448,260,295,224,152,217,416,530,920,409
384,252,225,167,121,171,405,339,881,409
698,457,341,246,159,237,423,539,846,409
655,432,210,144,97,150,386,306,857,410
326,272,164,136,116,139,327,305,840,410
279,202,231,159,111,171,367,335,921,410
466,280,209,150,99,152,372,316,900,410
624,420,261,183,129,196,403,412,909,410
306,239,197,158,133,166,394,463,884,410
472,272,343,278,195,246,497,636,891,410
655,447,289,220,151,204,409,435,851,410
403,270,196,156,115,147,378,313,856,411
606,428,261,181,129,193,379,309,890,411
401,252,258,202,131,179,345,496,880,411
232,152,214,152,106,155,210,574,898,411
567,379,248,196,139,190,383,410,913,411
390,184,289,234,132,179,427,497,903,411
428,235,492,334,160,295,498,888,951,411
348,197,137,100,63,93,425,418,850,411
455,300,264,181,125,195,355,431,893,411
396,203,341,262,150,210,425,577,933,411
223,152,152,117,83,112,326,404,902,411
453,349,164,145,112,132,366,317,873,411
613,411,285,237,175,212,398,329,901,411
284,208,135,102,82,111,337,319,887,411
619,344,199,140,85,130,414,458,908,412
278,188,219,166,120,164,326,482,849,412
509,341,237,173,126,180,397,491,853,412
560,328,357,261,168,242,425,515,890,412
526,313,264,187,120,176,466,311,912,412
468,304,195,143,106,151,437,319,847,412
517,278,335,254,154,220,448,636,894,412
299,208,157,121,85,114,338,310,871,412
538,356,279,189,128,203,502,329,921,412
369,267,198,147,106,151,328,364,886,412
681,437,261,194,129,184,420,453,866,412
659,410,344,266,180,244,428,621,850,412
447,343,149,123,92,116,350,304,898,412
704,401,419,296,192,289,454,636,926,412
204,159,195,150,113,153,350,299,872,413
326,183,344,242,145,225,478,589,855,413
467,280,409,299,203,290,536,602,918,413
727,445,430,317,200,294,441,612,923,413
278,205,205,138,109,167,309,313,869,413
306,212,183,133,94,136,366,313,903,413
552,387,199,160,123,157,388,310,857,413
550,435,180,128,104,148,342,315,834,413
659,458,228,150,104,169,422,323,892,413
270,173,207,155,102,146,364,360,901,413
603,357,305,231,154,213,471,430,903,413
424,283,241,170,130,189,525,333,906,413
543,407,179,128,106,146,356,304,885,413
648,434,274,211,153,203,413,347,898,413
583,423,229,148,109,174,368,316,904,413
529,395,114,79,62,92,385,368,989,413
624,401,277,218,157,208,413,529,906,413
349,233,170,148,110,131,353,307,889,414
653,403,287,218,148,203,459,534,877,414
562,414,167,130,103,135,342,309,849,414
596,400,213,171,111,147,370,436,887,414
619,403,185,134,94,137,359,334,886,414
505,364,133,110,84,102,341,318,876,414
430,300,211,158,128,176,371,312,872,414
551,396,203,149,110,154,372,315,880,414
626,428,183,150,113,145,374,490,890,414
675,424,542,359,228,375,509,613,895,414
403,226,223,160,94,143,434,633,878,414
662,403,360,283,191,246,444,564,895,414
397,276,439,289,211,333,543,545,877,415
268,185,187,122,88,140,345,301,886,415
299,208,211,162,125,165,344,423,905,415
577,392,218,164,121,167,406,331,876,415
345,237,212,165,116,160,362,308,857,415
461,319,183,138,99,133,351,331,898,415
537,331,245,197,127,164,378,480,926,415
546,351,227,161,108,163,414,312,868,415
324,230,185,149,108,140,349,320,902,416
227,167,187,150,115,147,284,296,873,416
244,208,234,182,141,187,373,310,900,416
496,264,316,252,152,203,399,577,891,416
309,193,329,237,146,216,399,598,879,416
349,209,253,183,117,173,375,380,902,416
541,341,279,198,143,209,410,563,854,416
505,301,302,217,153,221,412,551,908,416
394,271,185,134,100,144,366,332,895,416
464,316,251,201,162,206,477,322,886,416
329,239,182,151,104,133,333,298,887,417
386,241,290,196,138,214,477,459,916,417
509,298,322,232,147,220,458,578,858,417
274,197,195,148,114,154,337,315,829,417
698,457,275,214,155,206,423,455,898,417
583,312,237,204,103,126,466,689,941,417
500,317,259,205,135,179,375,578,920,417
621,428,378,291,203,281,418,381,900,417
357,202,231,155,96,158,398,417,880,417
457,324,282,195,141,214,383,440,884,418
342,266,196,149,120,161,353,310,843,418
697,436,323,266,179,223,447,555,855,418
673,425,368,251,164,258,416,436,883,418
428,305,234,164,116,176,384,315,851,418
575,378,321,232,167,239,501,503,898,418
503,356,150,120,90,116,357,323,890,418
377,248,293,228,152,208,405,455,912,419
572,375,463,295,182,305,432,552,872,419
479,312,222,173,120,164,377,329,922,419
362,271,182,139,108,146,354,318,880,419
581,409,248,181,134,189,388,320,875,419
412,265,268,193,128,189,376,369,894,419
698,372,435,292,171,275,520,621,876,419
460,346,155,110,85,125,339,315,867,419
271,179,153,120,65,94,362,2,236,419
443,258,297,212,139,206,419,486,884,419
407,286,285,219,158,204,351,621,880,419
632,348,382,284,131,196,388,800,936,419
432,231,409,284,165,264,425,633,888,420
254,201,189,154,122,154,339,304,899,420
264,196,159,124,92,120,337,313,881,420
569,341,357,245,151,235,427,538,902,420
235,168,164,126,97,127,319,298,897,420
388,267,189,145,110,147,404,301,890,420
616,314,362,309,177,220,453,619,885,421
520,363,257,188,140,199,394,416,885,421
478,237,277,195,76,118,544,657,941,421
687,453,267,201,141,194,400,320,892,421
483,321,195,140,94,136,378,320,885,421
368,259,163,143,116,134,337,313,884,421
459,375,132,104,89,117,320,241,853,421
415,335,294,200,159,240,420,105,829,421
694,428,277,222,152,204,418,526,898,421
270,166,179,143,107,137,340,322,910,421
527,321,387,231,147,269,395,547,887,422
672,489,201,158,121,159,393,323,904,422
276,193,211,171,120,157,338,365,847,422
655,452,267,198,138,198,384,314,853,422
517,285,250,182,126,183,499,489,885,422
418,328,151,128,101,121,353,310,862,422
634,404,252,191,143,195,476,508,885,422
432,259,262,197,124,168,429,345,904,422
533,354,285,201,141,207,375,438,891,422
366,247,226,169,114,163,246,499,863,422
463,334,167,135,103,130,354,322,897,422
406,316,110,79,59,87,335,624,922,423
508,438,98,74,63,83,395,1,214,423
474,251,307,233,135,196,434,653,1021,423
562,378,271,188,123,192,394,455,918,423
432,287,216,153,113,162,401,322,904,423
307,254,131,102,87,112,329,175,854,423
354,210,280,209,133,186,414,492,897,423
466,323,290,205,150,221,305,548,843,423
439,206,295,205,124,189,501,375,905,423
446,324,147,114,86,117,331,301,877,423
379,280,137,108,87,113,341,315,846,423
733,421,244,195,105,148,427,632,921,423
313,214,281,201,135,197,374,365,867,424
602,378,312,224,152,222,426,470,901,424
421,253,373,271,180,263,422,621,877,424
306,197,327,216,148,236,406,435,869,424
423,294,294,236,171,217,496,123,768,424
627,411,253,233,175,190,378,451,904,424
580,422,126,97,74,98,347,328,887,424
462,349,187,144,108,141,370,320,877,424
485,292,244,189,125,173,402,453,890,424
293,216,134,111,87,109,311,310,878,424
547,379,446,333,255,344,517,635,906,424
667,412,343,252,173,245,457,556,946,424
259,176,156,121,92,119,330,318,879,424
527,372,149,111,82,115,364,317,874,424
484,265,361,256,156,238,455,623,948,424
393,286,183,160,130,150,461,267,862,425
673,445,297,214,154,220,415,407,862,425
417,238,234,180,131,174,513,322,876,425
478,331,128,102,76,100,372,646,932,425
499,353,207,167,121,157,364,294,858,425
603,371,276,201,127,188,422,414,889,425
663,434,195,160,115,148,398,301,906,425
669,475,239,177,129,186,388,317,870,425
548,375,242,182,126,173,389,313,908,425
316,192,270,187,123,192,410,348,905,425
489,322,195,166,110,132,505,315,848,425
500,365,225,167,133,184,380,416,877,426
532,336,379,293,219,284,393,808,916,426
616,384,277,221,158,207,422,508,843,426
474,317,224,183,134,171,402,418,857,426
385,257,219,157,112,166,477,340,874,426
480,275,365,259,162,239,429,643,936,426
650,446,266,215,160,205,391,348,917,426
548,319,352,272,183,251,455,652,929,426
451,280,268,202,137,191,477,381,886,426
508,266,313,240,147,205,423,580,870,426
458,332,227,164,123,176,384,314,816,426
377,258,218,161,123,168,388,335,885,426
469,239,368,278,170,242,454,631,882,426
435,236,269,194,117,172,442,424,935,426
526,298,236,171,101,155,460,362,920,427
410,290,222,174,129,170,445,419,899,427
577,396,243,185,134,186,383,438,877,427
689,378,362,257,156,238,460,624,912,427
386,258,113,86,68,92,323,319,856,427
727,490,284,205,141,206,395,412,897,427
444,306,285,234,158,205,334,584,883,427
541,392,214,155,120,169,378,390,912,427
438,289,255,182,129,190,419,407,884,427
483,258,190,140,97,137,517,341,906,427
593,380,183,164,128,145,464,316,868,427
425,336,177,124,102,147,361,316,888,427
471,360,173,141,112,140,371,393,875,427
467,355,188,143,111,149,347,316,841,427
624,439,209,162,119,157,462,341,887,427
447,310,183,149,109,143,374,310,857,428
490,287,369,274,174,251,405,531,895,428
619,328,398,292,170,262,451,645,903,428
388,255,249,168,113,183,386,324,853,428
503,375,174,127,98,140,362,322,840,428
450,292,254,203,147,190,392,390,916,428
490,306,368,262,162,243,414,584,863,428
520,265,389,262,159,256,457,581,923,428
490,309,307,217,142,213,390,537,833,428
435,276,306,224,164,237,428,479,893,428
678,374,390,302,187,255,450,607,885,428
696,403,143,106,70,99,358,653,924,428
435,278,220,174,126,159,383,431,906,428
631,440,213,162,122,166,364,330,855,428
656,368,301,219,129,195,432,624,936,429
523,360,200,156,114,153,386,321,877,429
334,205,192,144,95,135,366,335,906,429
369,281,195,131,100,156,423,359,901,429
400,274,182,148,114,145,372,315,899,429
353,257,211,173,133,169,370,303,851,429
329,215,265,208,141,191,371,399,892,429
403,286,149,119,91,115,349,311,833,429
638,344,282,212,136,192,425,460,873,429
368,258,180,131,96,139,377,331,902,430
523,352,292,246,163,204,399,610,869,430
428,268,293,207,144,212,430,458,873,430
488,295,247,176,114,168,342,301,899,430
409,244,334,247,153,219,409,524,887,430
645,387,328,252,159,211,447,642,888,430
335,192,297,230,140,197,388,542,911,430
499,342,206,167,121,153,366,443,875,431
684,459,249,186,137,187,408,376,897,431
641,490,235,156,125,191,353,305,909,431
496,376,158,135,107,127,322,310,891,431
682,415,269,205,130,183,383,583,883,431
407,231,167,133,92,123,370,411,910,431
385,257,272,213,140,189,362,506,859,431
434,297,113,83,61,86,327,325,887,431
624,383,263,202,139,191,477,318,892,432
425,278,239,175,121,169,404,381,883,432
644,383,311,230,138,196,472,437,888,432
353,200,372,274,181,262,506,615,946,432
573,400,207,164,112,149,390,308,888,432
416,261,236,172,122,172,447,434,861,432
422,216,373,270,139,211,445,600,958,432
469,346,195,139,105,155,363,306,874,433
454,272,242,194,146,189,494,387,894,433
325,220,181,132,109,153,447,315,846,433
382,230,281,197,126,193,417,512,879,433
647,403,139,97,60,95,468,356,891,433
575,399,192,159,121,151,398,308,879,433
339,262,313,224,184,258,478,6,707,433
483,306,272,207,138,194,418,556,866,433
364,216,205,139,90,143,387,387,909,433
655,440,303,248,171,221,416,593,838,433
696,453,322,246,163,227,453,467,884,433
508,369,152,126,97,120,368,320,911,433
392,232,291,214,141,204,437,460,888,433
669,409,238,177,99,146,443,448,915,434
397,292,197,144,109,155,348,333,913,434
250,158,140,106,74,100,376,353,899,434
350,289,198,134,114,171,326,309,891,434
225,153,208,139,101,157,344,299,870,434
324,219,174,123,89,130,359,316,907,434
511,365,226,172,132,180,396,367,872,434
633,439,281,217,149,205,429,509,859,434
565,341,324,256,170,228,401,301,914,434
419,319,146,123,96,119,341,320,865,434
473,335,286,203,146,216,387,330,911,435
413,228,338,261,168,231,439,611,908,435
628,448,247,197,152,198,375,385,871,435
452,327,190,129,94,144,358,315,855,435
266,187,207,151,110,160,319,302,878,435
694,385,333,268,157,215,458,644,926,435
604,312,389,308,180,243,479,616,931,435
514,333,285,224,156,203,388,465,863,435
322,236,273,192,164,231,514,171,864,435
474,272,266,207,142,186,409,402,904,436
690,391,339,258,131,192,554,630,932,436
240,165,235,179,123,171,274,505,853,436
719,424,376,269,160,241,443,626,902,436
494,338,194,145,104,146,375,307,889,436
353,271,212,168,132,169,278,513,847,436
463,290,258,203,122,171,325,458,865,436
407,289,229,187,146,185,447,332,896,436
533,297,262,205,137,184,472,497,871,436
468,283,365,266,171,253,417,603,873,436
520,301,286,186,119,198,427,499,890,436
396,256,205,142,101,155,360,316,866,436
301,187,232,188,121,161,361,316,873,436
454,320,186,147,104,142,366,312,884,437
385,247,215,157,113,161,383,515,898,437
434,245,345,258,168,231,421,592,875,437
420,281,226,185,126,157,377,331,856,437
579,427,173,136,104,138,341,306,897,437
360,194,185,124,63,106,421,226,874,437
450,246,389,307,171,238,469,606,900,437
418,299,229,164,112,164,349,348,926,438
383,249,223,173,130,172,449,326,881,438
497,383,175,135,112,149,406,262,846,438
363,278,196,143,115,161,434,310,870,438
408,288,218,164,125,171,382,320,871,438
320,228,146,108,81,113,327,323,880,438
222,170,192,130,93,143,371,314,897,438
453,289,275,201,139,195,401,573,870,438
296,188,241,181,121,171,486,368,881,439
382,273,168,127,93,128,341,298,837,439
414,302,161,135,106,130,332,314,879,439
404,246,240,186,128,175,407,492,866,439
579,436,204,140,106,162,371,309,870,439
676,451,234,198,144,175,419,396,872,439
322,251,193,125,94,155,328,308,895,439
547,309,287,203,139,206,474,428,882,439
178,140,128,109,88,103,319,209,872,440
662,419,295,216,141,202,401,542,858,440
274,161,344,268,169,225,413,613,902,440
559,387,209,148,108,160,383,298,871,440
293,221,217,149,114,171,356,306,870,440
208,172,159,112,94,135,288,311,879,440
263,205,213,148,113,166,369,321,886,440
357,252,223,161,117,167,357,309,894,440
419,276,227,177,120,161,393,418,919,440
656,434,282,213,152,210,405,322,898,440
652,431,324,237,159,226,427,449,860,440
500,338,231,162,125,183,476,328,846,440
367,253,255,197,142,193,391,479,889,441
624,381,307,233,154,216,432,643,893,441
673,428,327,226,180,270,492,480,863,441
461,291,265,193,129,189,392,561,898,441
401,242,343,242,158,233,428,601,858,441
443,286,261,200,140,189,407,354,926,441
536,388,212,153,109,161,335,294,849,441
372,227,212,159,107,146,380,323,910,441
368,237,163,115,77,114,368,319,843,441
504,312,216,171,112,153,385,314,885,442
426,302,207,147,107,161,363,304,908,442
467,308,258,191,123,183,399,311,856,442
582,415,192,174,132,150,436,320,895,442
424,264,196,143,99,145,377,351,865,442
466,263,274,209,138,183,498,305,902,442
340,284,172,127,108,149,429,11,705,442
521,390,195,146,114,157,346,317,911,442
706,376,345,259,143,207,474,630,908,442
549,362,310,234,169,234,481,485,910,442
319,252,143,106,82,116,320,328,906,442
347,247,175,137,106,140,366,315,891,442
439,293,166,132,95,125,354,314,893,443
420,333,243,179,138,192,415,315,894,443
443,298,293,213,147,214,407,435,912,443
476,309,272,213,147,198,425,508,861,443
470,335,241,184,146,196,465,312,885,443
559,302,457,341,179,268,445,592,901,443
250,190,176,130,100,140,326,315,875,443
400,207,363,249,137,222,451,623,908,443
410,248,280,250,164,203,405,339,895,443
595,428,175,137,103,136,382,315,864,443
489,302,412,306,196,275,525,632,938,444
546,320,313,213,142,219,535,522,900,444
626,427,205,154,112,151,380,333,907,444
455,267,292,209,132,199,403,563,883,444
541,309,412,301,184,278,461,609,940,444
550,272,325,254,140,196,453,596,842,444
363,223,220,167,123,166,372,402,845,444
539,386,195,142,107,153,388,353,861,444
427,246,284,216,138,192,408,460,894,444
348,226,210,167,114,148,410,324,881,444
434,274,228,186,125,161,347,512,863,444
691,391,441,334,227,318,458,643,857,445
611,367,431,328,201,273,462,628,941,445
695,445,323,228,162,244,423,528,850,445
324,217,195,139,101,144,370,310,917,445
526,360,283,210,147,208,448,521,814,445
731,454,315,255,176,225,398,429,911,445
658,440,272,196,133,194,413,418,898,445
611,330,304,246,155,191,545,320,852,445
209,171,97,73,66,87,372,1,196,445
619,408,234,170,125,177,418,333,876,446
485,335,289,200,141,213,363,444,909,446
344,254,125,80,60,97,550,1,611,446
316,231,235,170,125,178,375,400,882,446
706,463,261,192,128,185,466,366,901,446
522,352,156,116,84,116,337,288,883,446
421,226,135,87,54,87,493,552,889,446
614,449,155,113,85,124,334,334,890,446
605,392,306,234,152,208,421,422,868,446
727,446,320,228,142,218,414,503,865,447
518,363,266,212,150,197,365,428,901,447
584,399,190,147,102,142,389,352,882,447
420,296,334,221,166,265,359,421,896,447
429,298,211,174,130,164,370,325,890,447
718,392,390,301,188,253,471,637,929,447
184,168,95,67,62,90,334,1,201,447
505,395,209,155,126,173,374,321,876,447
412,202,330,263,160,215,412,558,855,447
604,429,193,159,119,148,364,365,876,447
305,238,250,193,158,207,483,314,890,448
635,444,257,171,118,192,384,308,884,448
631,364,310,229,135,202,432,578,914,448
326,241,203,170,125,160,365,396,849,448
515,368,127,102,75,96,342,314,854,448
321,271,95,72,64,86,296,329,865,448
481,319,239,176,120,172,388,356,869,448
600,338,362,281,139,188,515,653,928,448
467,337,145,106,78,112,361,324,900,448
674,362,323,263,160,200,338,986,945,448
433,275,171,133,91,124,360,313,875,448
580,397,185,132,101,146,384,312,885,449
477,349,208,159,125,168,359,332,905,449
277,214,103,85,74,90,516,1,170,449
550,315,298,237,155,202,488,605,928,449
624,434,261,196,129,184,403,311,900,449
624,449,211,147,112,162,351,316,876,449
467,317,189,139,109,150,350,302,862,449
443,258,263,215,129,170,398,504,888,449
652,457,175,134,93,126,371,318,885,449
441,327,173,147,108,133,366,309,914,449
489,364,158,111,85,124,333,313,868,449
464,290,224,177,122,166,389,317,891,450
504,353,216,155,112,164,385,385,900,450
338,246,250,188,124,172,384,419,907,451
409,308,180,146,120,152,346,328,850,451
380,242,298,218,152,220,421,552,892,451
627,405,283,223,160,214,403,490,846,451
692,464,319,225,164,243,415,565,841,451
655,428,218,171,125,164,393,327,877,451
468,302,336,233,160,243,409,549,879,451
375,219,240,180,121,167,390,464,895,452
679,470,219,161,113,161,386,325,892,452
526,361,225,174,122,162,399,405,857,452
421,283,165,138,100,126,365,305,864,452
508,380,172,140,105,131,372,316,893,452
439,311,201,176,133,156,374,361,887,452
355,211,261,187,126,189,406,365,901,452
610,393,389,286,208,293,524,642,919,452
714,448,256,201,151,200,489,485,893,452
254,202,168,136,110,139,414,315,869,452
463,336,198,147,114,161,387,320,860,452
633,365,309,219,130,200,453,617,894,452
551,380,285,208,150,213,393,438,872,452
251,149,141,114,77,101,326,320,870,453
423,285,228,177,128,170,382,388,901,453
545,383,223,153,117,174,372,314,895,453
419,286,313,233,162,231,414,534,875,453
629,339,325,239,153,224,532,486,884,453
634,403,255,182,126,187,424,545,887,453
371,249,226,163,119,169,456,328,902,453
484,240,371,276,159,231,475,639,902,453
355,231,289,187,127,203,460,323,907,453
727,427,163,126,66,92,411,752,918,453
582,380,228,182,128,162,411,329,913,453
464,307,263,191,139,202,412,397,903,453
394,281,217,158,113,164,375,312,910,454
456,203,154,140,73,85,592,1,197,454
407,276,218,166,124,166,363,316,897,454
335,230,173,138,105,137,329,316,875,454
611,401,223,172,124,167,405,365,871,454
292,191,216,166,115,157,361,386,898,454
599,381,304,211,147,219,414,496,848,454
424,315,293,200,142,220,348,291,898,454
540,370,197,145,99,140,447,333,890,454
540,361,259,209,137,180,372,448,878,454
443,260,288,215,142,201,447,378,904,454
471,313,146,99,63,102,356,323,900,454
482,327,205,176,126,154,378,358,867,454
535,369,298,220,164,230,403,454,868,455
254,156,255,175,119,183,360,286,904,455
507,315,323,244,155,224,442,614,941,455
358,237,203,160,116,150,384,316,898,455
690,403,387,274,188,275,449,642,906,455
516,249,328,226,131,211,494,538,893,455
424,325,171,135,108,140,356,307,891,455
452,291,184,145,98,132,418,309,864,455
702,473,290,240,152,195,434,525,889,455
444,300,235,186,134,176,383,382,899,455
624,414,191,101,125,216,543,211,799,455
256,181,260,188,127,193,328,367,880,456
400,289,171,130,95,130,346,402,849,456
411,312,208,168,122,156,361,298,869,456
433,247,245,186,131,172,540,344,858,456
590,394,249,198,144,187,413,405,858,456
353,241,198,150,102,143,411,329,876,456
599,446,157,125,96,125,351,321,894,456
579,310,289,224,133,183,430,577,927,457
309,241,222,149,122,183,339,315,891,457
693,478,172,151,107,126,387,319,859,457
605,385,307,226,154,218,427,488,847,457
307,241,155,130,103,125,325,306,895,457
485,301,398,285,156,242,428,590,916,457
570,331,262,184,129,192,463,508,877,458
638,439,192,147,108,145,396,326,873,458
396,262,155,124,91,116,366,354,902,458
400,301,158,127,97,123,340,312,885,458
548,355,201,145,99,148,365,337,885,458
271,179,282,201,138,206,360,531,876,458
720,473,288,238,161,206,427,396,904,458
435,293,259,201,142,183,391,334,899,458
353,215,246,177,114,170,409,424,907,459
515,369,229,178,126,168,514,317,896,459
394,285,143,108,82,112,339,320,818,459
470,311,234,176,128,180,406,324,903,459
723,475,257,178,116,182,374,372,923,459
310,231,167,120,94,134,326,314,885,459
594,444,216,162,124,169,382,305,858,459
316,171,330,240,138,215,425,536,939,459
352,218,210,169,116,152,366,335,909,459
233,179,205,160,133,170,331,310,887,460
712,420,390,284,174,263,461,623,896,460
637,357,389,271,183,273,495,604,915,460
542,402,180,133,100,142,336,336,903,460
527,362,195,142,102,149,465,311,899,460
463,321,210,156,113,159,369,318,902,460
271,209,110,81,63,87,277,306,899,460
529,377,211,176,131,164,374,332,886,460
517,336,282,202,143,208,405,612,815,460
525,383,187,148,105,139,389,301,887,460
184,136,181,131,97,141,315,304,922,460
591,430,242,186,130,181,394,327,899,461
400,291,287,221,169,226,405,450,889,461
520,370,217,149,110,162,369,305,897,461
366,234,208,166,104,141,376,340,905,461
485,306,492,399,242,305,325,770,903,461
307,223,193,178,139,149,317,431,863,461
284,182,134,104,71,96,319,323,881,461
282,190,186,134,94,136,337,310,904,461
228,164,139,98,86,121,373,1,176,461
531,350,289,196,151,235,456,338,872,462
615,476,164,134,110,135,360,342,870,462
238,170,153,128,98,123,294,307,882,462
303,173,236,176,118,167,386,326,891,462
489,234,332,251,135,199,435,606,936,462
537,288,241,186,117,154,392,632,923,462
397,249,371,284,179,260,432,588,903,463
648,427,213,140,93,151,399,314,901,463
398,293,141,118,98,119,431,162,850,463
477,307,254,193,130,183,393,489,874,463
592,406,190,149,110,146,354,311,878,463
381,225,216,152,104,154,453,385,885,463
340,212,287,195,129,199,386,483,856,463
495,323,265,208,158,206,483,472,877,463
564,381,225,155,115,174,391,331,878,463
385,262,179,130,97,135,361,501,860,463
329,220,228,169,132,181,355,409,879,463
393,265,189,142,105,141,358,313,856,463
686,466,331,229,164,248,396,453,824,463
570,393,309,215,150,228,383,485,804,464
270,211,135,106,83,110,311,193,848,464
396,292,227,150,111,175,357,298,871,464
469,317,189,152,105,139,357,306,875,464
428,298,219,185,141,169,391,348,879,464
445,251,263,196,128,180,402,522,837,464
471,258,308,255,158,203,420,647,921,464
453,314,310,224,149,221,398,308,915,464
605,347,186,151,101,131,482,337,912,464
270,239,111,86,80,103,362,63,740,464
693,409,295,231,152,204,429,509,866,464
323,227,175,134,99,137,360,319,869,464
489,354,201,165,125,153,328,304,892,464
561,385,163,127,95,123,352,312,888,465
363,248,184,149,105,135,353,331,872,465
495,353,169,137,110,136,370,325,910,465
500,308,246,182,121,172,413,405,859,465
379,234,221,161,106,157,373,320,891,465
250,158,265,197,134,191,370,481,881,465
703,468,267,207,149,192,403,469,871,465
505,326,354,249,159,240,505,420,893,465
446,238,184,153,100,124,487,318,887,465
547,388,249,172,134,201,386,313,870,466
625,413,315,226,165,241,396,310,884,466
588,368,382,303,191,259,428,460,894,466
385,267,202,142,101,150,360,304,892,466
413,238,326,240,146,214,430,502,891,466
520,326,258,206,150,198,394,517,925,466
676,457,270,196,129,189,413,323,890,466
419,269,353,261,175,250,425,581,873,466
520,328,261,190,134,192,403,569,850,466
485,338,356,274,225,287,433,643,883,466
563,369,275,208,139,192,490,479,891,466
563,288,411,310,201,284,515,635,941,466
565,307,323,253,150,208,426,524,879,466
631,369,198,163,91,121,390,336,897,466
700,443,337,251,167,236,415,623,871,466
437,256,341,235,178,270,495,550,838,467
446,301,297,229,140,200,416,356,868,467
269,187,181,134,96,134,351,316,866,467
559,383,270,205,142,196,402,361,887,467
505,317,296,234,145,199,398,296,899,467
515,328,264,189,141,201,482,657,870,467
180,144,124,97,79,104,318,212,850,467
443,292,216,187,138,162,408,335,886,468
492,344,193,151,112,149,394,321,874,468
406,221,130,97,65,92,434,616,850,468
668,398,374,287,186,253,462,647,875,468
556,335,332,257,163,227,435,613,865,468
204,146,243,162,113,175,362,352,886,468
469,315,279,201,145,210,397,477,876,469
408,236,343,270,179,238,430,635,895,469
407,254,245,195,140,182,371,532,880,469
238,183,210,163,122,160,331,283,874,469
638,350,262,209,127,171,560,618,894,469
442,328,156,125,93,119,377,294,872,469
435,277,223,165,114,165,375,460,890,469
468,369,122,92,82,108,365,159,835,469
704,424,349,265,187,259,433,635,884,469
662,428,289,226,155,207,419,355,896,469
510,315,318,247,164,212,454,468,916,469
311,230,200,153,120,161,355,318,857,469
551,368,197,146,109,151,391,324,886,469
494,313,293,228,155,215,388,558,862,469
633,411,255,215,148,185,407,540,895,469
421,302,196,138,105,157,352,318,905,470
432,271,268,212,142,191,418,529,894,470
495,283,289,220,148,199,487,437,882,470
507,276,400,325,189,258,454,774,934,470
487,350,135,109,86,110,353,317,858,470
275,199,235,174,119,170,388,329,919,470
489,312,251,187,124,178,408,485,888,471
501,304,297,209,140,210,427,528,875,471
525,409,125,101,79,99,297,310,880,471
249,174,188,154,115,144,320,330,885,471
618,443,259,194,140,193,391,385,894,471
622,387,337,274,190,244,422,615,877,471
435,328,210,175,133,168,371,310,883,471
223,135,222,176,122,159,346,309,905,471
683,441,313,226,156,229,440,473,902,471
593,348,548,389,211,324,456,629,927,471
351,296,222,162,137,191,385,1,218,471
439,297,175,140,102,131,371,318,892,471
493,276,285,239,160,197,411,614,879,471
502,307,250,174,121,185,406,402,916,471
534,349,194,146,103,141,389,316,871,472
387,271,112,94,72,89,311,319,872,472
443,342,233,182,147,188,386,331,881,472
599,408,218,170,127,164,386,321,862,472
443,250,345,266,157,219,421,653,903,472
408,248,164,125,84,113,384,318,883,472
397,220,245,193,123,165,471,347,910,472
536,292,379,291,191,256,440,606,882,472
476,327,226,166,121,174,365,307,901,472
613,412,267,168,112,193,390,464,905,472
377,248,210,168,130,164,371,311,887,472
417,290,128,103,74,94,380,1,221,472
720,457,295,210,132,202,428,495,908,472
442,275,183,139,107,142,405,330,863,472
520,379,121,91,71,97,347,312,861,473
545,342,306,258,191,231,447,513,886,473
431,220,267,213,128,177,498,343,886,473
607,408,254,191,134,191,418,347,894,473
389,248,163,128,100,130,418,323,854,473
570,377,348,356,240,227,435,312,878,473
548,387,305,223,184,251,489,413,869,473
611,316,408,300,179,277,466,655,896,473
309,257,139,110,94,116,418,104,800,473
430,244,320,235,151,214,387,630,913,473
580,368,231,187,124,163,400,318,857,473
376,217,296,231,154,207,420,541,842,474
502,365,196,157,119,153,370,316,876,474
404,289,138,93,69,110,298,319,876,474
630,345,365,274,176,254,449,570,899,474
543,347,266,194,127,190,413,568,857,474
521,334,265,215,145,186,408,571,896,474
290,204,198,134,98,147,466,319,866,474
508,380,211,159,107,151,450,329,903,474
375,226,190,140,110,154,457,316,893,474
483,266,304,243,149,205,457,573,916,474
262,177,271,193,121,181,356,470,885,475
403,276,299,212,141,216,405,446,889,475
489,353,175,139,108,142,353,323,886,475
369,245,187,141,99,137,376,324,844,475
441,258,254,208,141,179,410,413,901,475
427,265,299,222,141,203,366,619,879,475
615,375,425,315,199,285,456,615,930,476
338,250,127,94,74,103,307,253,892,476
545,396,271,190,135,206,361,320,873,476
625,347,311,242,131,178,433,641,941,476
556,345,337,243,163,244,404,630,947,476
291,220,239,186,149,198,425,331,871,476
425,273,290,209,149,219,408,429,882,476
342,215,187,137,98,139,380,309,886,476
525,345,239,183,124,165,378,391,887,476
635,390,302,235,158,212,438,554,901,476
196,148,237,182,135,182,337,396,853,476
546,306,237,205,135,162,461,447,878,477
688,489,206,150,116,160,394,402,906,477
556,350,295,230,152,202,409,522,855,477
620,447,241,173,133,188,399,314,880,477
372,258,160,111,82,123,350,319,836,477
302,205,168,139,104,129,360,309,871,477
368,278,155,129,102,125,322,322,884,478
450,301,249,212,155,189,397,316,924,478
442,240,278,208,132,194,405,616,906,478
340,227,205,146,99,146,353,305,865,478
467,372,220,156,119,177,452,323,915,478
436,321,187,126,94,146,366,319,893,478
255,200,265,184,132,195,374,389,893,478
459,344,202,148,113,160,352,350,896,478
602,382,196,164,122,148,484,323,886,478
421,285,247,191,147,193,387,357,888,478
217,151,188,149,110,142,277,470,843,479
392,311,157,132,105,127,332,316,864,479
485,249,260,211,125,166,341,743,940,479
326,204,300,220,139,205,409,504,889,479
523,381,337,250,194,265,481,592,865,479
475,316,200,148,106,151,374,317,871,479
604,351,407,301,193,279,457,613,912,479
598,380,236,175,122,173,408,330,900,479
562,315,222,185,136,166,496,327,860,479
437,279,300,225,158,228,400,621,884,480
320,258,131,97,85,114,373,126,848,480
398,258,218,173,118,161,351,360,912,480
425,246,290,222,151,203,388,557,865,480
420,303,258,172,131,208,375,321,877,480
350,206,306,222,146,215,389,590,902,480
416,268,335,228,157,242,398,539,870,480
363,273,147,120,97,120,333,307,883,480
436,327,211,166,136,175,473,323,829,480
475,290,321,242,156,226,420,606,899,480
457,286,244,182,118,168,415,382,920,480
433,339,226,178,138,180,353,316,873,481
516,312,238,196,126,161,390,310,908,481
422,259,130,88,62,96,409,516,843,481
589,402,162,136,103,124,457,319,856,481
404,258,236,158,105,170,399,370,911,481
581,396,331,259,174,246,446,366,948,481
350,164,284,195,104,172,484,326,904,482
554,310,380,298,188,253,531,636,867,482
512,293,299,235,147,204,482,551,811,482
540,383,225,166,132,180,377,336,919,482
342,269,164,127,102,131,331,306,887,482
516,374,199,145,105,152,345,308,911,482
443,261,278,204,145,205,400,478,903,482
326,203,200,148,109,156,472,322,886,482
602,360,336,258,172,234,496,625,893,482
377,227,203,160,116,152,379,322,870,482
732,452,233,177,117,163,412,350,894,482
366,249,230,187,122,161,318,525,873,482
310,239,330,228,179,265,488,433,899,482
213,152,182,134,109,151,312,306,886,482
528,367,238,204,146,180,395,327,865,483
448,294,255,207,150,194,409,495,903,483
421,297,210,162,123,165,383,325,896,483
223,182,141,114,97,118,286,296,883,483
633,430,205,159,114,152,391,316,872,483
479,339,192,148,113,152,350,319,894,483
447,312,203,165,124,157,360,324,890,483
559,303,350,261,148,218,462,552,914,483
707,440,334,250,160,221,418,627,877,484
308,200,235,185,127,166,371,406,869,484
381,264,222,160,124,178,340,305,856,484
239,186,115,91,71,90,297,289,907,484
610,364,662,462,203,306,513,1023,958,484
617,423,339,221,165,267,372,479,876,484
545,348,400,310,239,316,479,617,861,484
691,371,237,180,97,142,497,509,922,484
642,352,388,311,194,259,454,654,854,484
293,202,201,156,119,163,348,317,907,484
692,441,290,218,135,194,447,566,895,484
506,329,281,200,142,211,405,442,848,485
518,304,251,191,129,182,414,433,851,485
598,415,210,153,112,157,396,320,869,485
513,290,322,237,149,219,425,590,870,485
479,273,338,235,152,229,425,645,885,485
585,399,202,160,113,149,377,306,894,485
347,286,159,110,84,127,336,308,872,485
302,207,217,151,102,160,376,316,879,485
378,269,200,146,116,164,359,320,869,485
475,247,338,247,147,211,403,632,892,486
641,390,270,184,109,179,462,313,894,486
523,308,323,268,176,219,416,570,860,486
548,337,341,269,176,236,425,533,916,486
211,151,164,122,97,133,359,222,867,486
366,235,170,119,77,120,368,326,903,486
486,343,237,151,105,182,384,313,908,486
219,168,233,174,125,170,292,520,863,486
577,283,286,227,155,203,529,454,905,487
598,392,311,234,167,237,398,641,892,487
338,233,183,141,107,144,376,307,890,487
658,477,197,159,122,158,384,327,875,487
457,275,265,187,123,188,396,490,900,487
678,436,261,193,132,189,392,481,846,487
459,266,348,258,172,247,429,531,886,487
357,243,162,131,99,128,373,362,818,487
288,194,190,151,111,145,343,324,917,487
373,266,171,147,115,136,370,295,879,487
498,303,244,165,109,168,413,319,892,487
441,265,254,189,130,186,412,479,869,487
375,275,201,161,123,154,346,268,895,487
463,303,180,148,103,131,370,301,879,487
509,359,214,161,124,167,374,319,887,487
345,166,148,102,58,93,446,663,867,488
425,290,203,146,105,154,381,360,910,488
647,406,197,141,99,147,398,505,906,488
423,227,325,240,144,217,441,631,918,488
322,209,172,120,77,123,371,249,839,488
542,412,181,143,112,144,368,333,871,488
271,191,225,167,129,179,382,369,920,488
276,208,224,158,117,174,356,300,903,488
440,300,282,206,157,219,411,392,903,488
591,380,278,219,147,199,405,518,862,488
489,310,290,235,162,207,415,492,854,488
265,163,238,186,127,167,395,327,895,488
683,472,254,197,142,190,398,482,893,489
416,274,200,146,103,150,365,322,893,489
494,335,203,161,122,157,387,316,853,489
467,291,242,173,124,174,449,519,848,489
696,472,206,164,114,149,386,327,859,489
290,176,257,172,129,196,522,315,895,489
404,257,163,129,99,131,453,268,857,489
375,268,203,171,129,160,363,312,879,489
538,304,250,185,84,121,481,300,896,490
452,304,254,202,139,186,399,454,918,490
459,291,282,216,144,200,410,555,895,490
408,291,215,161,115,162,373,317,850,490
305,235,158,132,106,128,343,312,880,490
381,238,215,150,117,178,453,310,863,490
458,297,279,196,138,206,408,456,888,490
457,275,268,181,129,206,365,664,945,490
297,184,300,202,135,213,419,442,859,490
671,363,332,258,149,206,424,530,871,490
564,359,239,195,143,181,415,421,875,490
395,307,158,111,90,132,319,284,890,490
467,304,187,166,120,137,364,312,882,490
709,419,332,259,135,191,438,613,930,490
400,264,267,188,128,191,400,523,876,490
209,151,167,134,99,129,314,331,891,491
335,205,200,150,102,144,390,310,899,491
701,413,378,273,189,273,474,813,941,491
467,346,229,181,137,179,315,532,885,491
662,474,114,90,67,88,348,636,896,491
515,365,220,157,117,175,386,427,862,491
391,286,251,185,141,206,471,314,857,491
450,271,265,188,132,194,464,327,896,491
329,243,226,169,127,173,361,336,885,491
223,161,170,123,97,136,317,312,859,492
536,410,128,85,66,102,328,300,875,492
201,192,100,71,70,98,336,2,201,492
585,376,378,277,206,290,493,639,896,492
252,186,234,163,116,178,352,361,895,492
627,454,193,163,125,155,370,319,856,492
537,374,250,172,125,190,469,312,898,492
556,376,255,218,153,184,413,393,927,492
318,170,259,198,136,184,444,498,885,492
559,394,184,142,106,143,397,327,897,492
519,286,314,241,143,200,460,519,914,492
578,386,227,170,125,177,400,349,906,493
327,267,124,96,79,103,311,316,874,493
715,476,275,216,147,190,421,539,877,493
628,400,289,211,137,201,404,484,916,493
233,136,188,151,98,129,313,384,899,493
335,209,290,214,144,206,492,472,899,493
586,341,352,247,156,242,502,580,946,493
550,294,301,228,135,196,413,588,855,493
419,251,393,266,163,260,407,568,913,493
298,186,212,157,114,164,340,314,902,494
683,419,255,196,133,184,423,515,873,494
397,281,180,139,101,142,340,328,884,494
440,293,307,212,130,209,381,384,907,494
539,322,391,272,178,276,404,484,889,494
499,349,365,255,205,307,507,482,897,494
414,270,267,201,136,195,433,469,899,494
607,374,275,213,143,198,391,326,913,494
438,296,203,148,111,156,389,313,876,494
199,146,207,147,105,156,329,306,873,494
422,299,165,132,104,135,347,322,884,494
463,326,175,134,102,139,353,245,827,494
683,446,230,183,122,166,473,449,851,494
520,390,177,122,88,133,364,307,832,495
293,193,252,177,118,178,361,410,889,495
460,308,215,154,110,161,389,327,876,495
522,340,287,219,150,201,357,614,909,495
455,307,198,141,103,153,341,300,911,495
443,295,239,188,135,179,385,358,905,495
216,208,232,159,156,225,352,1,192,495
301,218,208,153,117,166,367,350,918,495
316,224,281,201,145,217,412,563,936,495
438,208,348,261,137,203,457,573,932,495
484,342,214,156,117,169,387,311,904,495
471,264,389,306,183,254,452,638,946,495
583,288,186,146,80,109,538,510,904,495
570,360,254,192,143,199,418,315,889,495
318,227,245,187,131,182,277,494,865,495
489,302,207,147,117,166,476,306,845,496
562,437,197,143,114,158,375,319,898,496
264,227,168,126,111,150,368,1,223,496
379,274,163,134,104,132,356,311,856,496
695,410,320,223,115,181,438,543,954,497
718,452,273,219,149,195,405,359,890,497
487,241,266,212,103,141,367,612,938,497
502,341,386,276,174,256,403,540,891,497
372,267,171,129,98,135,360,317,893,497
446,319,251,188,140,195,372,314,864,497
367,252,210,183,137,156,350,428,849,497
533,344,255,189,129,182,403,548,857,497
548,371,220,158,116,166,404,320,881,497
379,256,194,155,105,138,333,376,889,497
366,250,180,123,91,140,341,312,852,497
672,390,301,246,162,204,428,567,866,497
287,199,274,194,143,211,419,307,890,498
363,254,189,138,103,147,375,346,916,498
454,360,172,137,119,149,459,313,877,498
723,470,374,267,181,266,534,594,840,498
335,192,313,224,144,217,406,417,894,498
520,370,324,249,179,239,401,352,908,498
580,404,197,152,110,145,360,329,908,498
275,212,149,113,90,119,278,294,855,498
574,350,452,320,236,345,543,469,946,498
442,278,327,228,157,237,405,602,909,498
677,443,310,255,168,216,486,395,861,498
459,314,262,213,147,190,368,442,888,498
443,287,322,227,161,240,426,592,859,499
439,229,223,181,127,162,503,317,880,499
407,281,258,193,139,201,338,613,932,499
469,290,265,192,134,189,398,498,898,499
661,354,325,262,108,149,441,668,881,499
325,227,127,98,75,100,304,309,884,499
372,273,178,141,111,144,366,308,861,499
597,385,247,186,133,188,401,306,898,499
346,286,160,111,93,136,329,300,891,499
508,364,209,171,131,166,369,310,893,499
583,343,158,110,71,107,429,657,848,499
476,368,170,126,99,137,357,311,815,499
223,154,255,200,130,175,302,510,880,499
530,370,242,212,150,178,371,317,894,499
573,360,383,310,208,267,415,618,912,499
351,252,228,143,99,167,355,303,880,500
518,368,183,132,101,148,356,358,884,500
328,230,145,113,85,113,335,313,886,500
515,335,285,208,150,209,413,622,877,500
401,292,187,143,107,141,360,325,892,500
549,396,168,155,119,129,370,314,898,500
467,257,302,248,144,192,406,579,884,500
474,323,184,142,106,142,365,317,910,500
525,356,238,175,122,173,410,402,916,501
628,397,212,160,106,150,380,334,907,501
433,282,190,140,100,143,426,311,921,501
447,255,246,183,121,173,399,438,874,501
423,290,185,129,94,140,427,318,864,501
546,347,291,188,124,203,423,519,844,501
217,155,190,141,103,142,330,283,872,501
496,365,237,191,137,180,393,363,894,501
572,303,331,253,158,226,435,598,906,501
544,373,229,156,103,161,375,310,905,502
591,390,245,192,131,179,407,474,900,502
407,295,167,134,101,133,358,295,927,502
371,283,123,102,86,104,334,217,859,502
555,429,155,126,99,126,342,318,864,502
338,265,129,96,79,106,303,254,885,502
298,212,144,114,85,108,301,300,894,502
298,235,244,166,133,204,467,357,908,502
461,266,404,274,166,265,445,538,931,502
278,224,168,143,122,144,361,315,848,502
521,360,227,171,132,176,419,358,869,502
372,286,129,102,83,105,338,318,852,502
345,252,175,135,101,135,362,332,857,503
418,296,172,114,87,138,372,310,840,503
326,224,230,164,121,176,373,313,869,503
537,407,127,94,76,105,410,175,933,503
543,337,291,251,164,201,412,557,861,503
434,229,348,275,170,234,438,608,923,503
448,334,230,151,114,185,367,318,877,503
327,230,201,146,113,162,370,328,896,503
447,357,219,150,121,182,489,4,791,503
544,346,195,161,118,152,449,421,881,503
618,393,219,153,107,156,386,383,902,503
363,271,281,191,127,199,396,485,887,503
707,491,231,178,129,174,388,312,860,504
285,187,296,204,144,220,400,452,868,504
593,411,191,142,104,145,371,318,905,504
384,272,207,150,114,164,377,324,896,504
408,245,268,212,144,196,405,513,912,504
328,211,308,202,132,213,379,488,913,504
334,230,142,110,83,112,329,317,867,504
404,253,286,204,140,206,372,538,908,504
537,365,226,164,124,178,388,378,864,504
695,405,261,205,139,191,455,502,849,504
249,184,139,104,82,113,310,302,874,505
439,259,166,129,92,118,374,448,847,505
347,240,193,143,105,150,336,313,887,505
546,372,283,217,151,207,428,492,896,505
455,320,241,179,136,187,462,311,941,505
538,365,275,195,141,207,387,485,878,505
592,464,133,105,88,111,337,328,890,505
694,427,398,288,198,280,461,598,890,505
247,161,240,191,132,179,352,358,870,505
380,231,218,168,120,158,366,336,901,505
305,165,295,224,146,202,384,497,901,506
493,264,404,298,183,267,526,689,950,506
400,264,227,169,124,175,390,412,886,506
381,257,181,138,102,138,358,331,853,506
553,285,373,300,178,240,449,632,902,506
451,284,344,261,189,254,535,426,875,506
355,256,218,172,130,174,379,319,866,506
614,378,276,216,145,198,405,538,864,506
578,354,214,152,98,151,415,314,857,506
354,191,297,235,147,205,383,627,892,507
462,266,343,255,171,244,434,476,877,507
432,253,221,169,116,157,376,385,855,507
403,278,177,133,102,138,407,305,902,507
277,221,159,131,107,133,335,309,850,507
398,256,217,168,118,165,380,430,888,507
577,394,307,210,160,240,392,353,853,507
571,390,139,107,73,99,347,314,888,508
634,448,250,189,142,195,387,306,861,508
562,344,320,251,189,249,470,464,877,508
633,405,267,200,131,182,399,405,901,508
645,434,271,202,141,193,429,509,885,508
548,394,144,105,75,108,366,314,874,508
492,361,172,124,93,136,380,312,847,508
685,439,332,224,148,239,492,459,838,508
552,381,227,181,130,170,407,331,862,508
649,403,316,228,161,228,425,576,844,508
293,210,170,139,106,131,367,316,894,508
442,283,198,184,139,149,453,312,839,508
675,464,196,137,101,149,377,320,902,508
563,418,172,143,113,137,364,322,870,508
616,454,145,107,80,114,367,328,872,509
487,341,256,187,140,197,385,305,844,509
338,246,169,136,109,136,332,308,871,509
605,318,482,344,198,302,461,641,926,509
471,382,126,110,94,108,322,312,902,509
377,264,248,197,155,193,506,366,885,509
415,287,196,142,110,157,352,307,897,509
532,402,189,153,119,152,374,310,886,509
642,400,282,228,156,199,417,512,855,509
659,393,118,91,60,88,337,644,925,509
335,210,246,169,107,167,395,321,870,510
517,316,279,212,147,205,412,490,826,510
308,210,214,161,116,163,389,307,865,510
419,263,303,223,148,215,412,470,860,510
257,155,248,181,118,172,277,523,870,510
567,417,164,133,104,130,388,319,870,510
459,348,250,177,133,194,367,346,862,510
730,440,295,223,161,223,487,403,870,510
450,324,207,148,113,164,360,370,870,510
273,177,179,140,102,135,353,312,858,510
499,342,202,148,119,168,487,324,893,511
654,345,345,260,173,243,506,637,911,511
660,452,228,167,122,176,405,325,867,511
450,302,217,135,91,158,444,325,879,511
475,318,249,193,138,186,377,459,904,511
440,361,193,137,124,175,406,176,859,511
364,231,196,141,102,148,392,352,886,511
313,192,207,156,105,142,517,329,865,511
562,329,148,113,72,102,500,541,826,511
435,236,265,207,136,188,454,498,867,511
369,212,247,196,137,181,499,326,863,512
408,314,182,127,97,147,365,347,854,512
566,410,184,137,98,140,359,316,863,512
686,463,202,155,108,150,488,244,879,512
525,367,240,188,144,189,395,377,924,512
337,243,183,141,106,144,336,306,927,512
588,410,230,185,140,180,391,310,895,512
629,429,285,211,161,226,430,463,873,512
691,433,341,255,174,239,444,608,872,513
315,240,221,160,128,184,363,326,899,513
442,265,311,235,148,211,380,620,910,513
547,420,118,82,63,95,318,328,862,513
476,288,269,211,145,189,417,368,890,513
344,254,180,128,98,144,345,306,876,513
306,245,146,102,84,123,429,112,881,513
597,359,246,163,114,178,498,372,893,513
440,311,204,157,117,157,381,313,897,513
455,334,205,161,121,158,389,311,878,513
534,348,252,184,135,191,411,402,877,514
195,145,198,130,93,149,348,357,886,514
384,269,220,167,124,169,365,390,893,514
508,320,292,209,144,216,410,534,904,514
707,399,387,295,192,267,516,560,897,514
644,430,318,207,139,227,414,391,888,514
583,391,229,193,137,169,458,383,862,514
382,283,150,115,95,126,362,308,880,514
583,358,286,256,174,199,428,598,852,514
468,339,160,111,82,126,379,322,892,514
399,290,228,176,126,169,392,318,889,514
719,451,251,204,137,179,390,386,875,514
665,463,237,148,102,171,412,350,902,514
406,231,337,257,160,225,430,584,871,515
276,211,130,95,75,105,293,310,890,515
512,347,223,191,136,163,371,459,840,515
373,236,245,180,124,181,454,354,869,515
682,415,329,257,161,215,395,629,854,515
589,408,292,205,137,211,433,333,896,515
539,346,258,192,127,180,403,429,853,515
324,201,205,163,113,149,387,311,913,515
395,288,206,160,134,172,464,320,898,515
736,395,533,416,255,347,481,1023,983,515
619,357,324,259,184,235,426,599,836,515
394,252,440,315,194,285,458,617,934,515
531,387,136,105,77,104,359,324,874,515
592,410,172,137,98,130,384,316,878,516
563,373,268,196,162,227,434,379,863,516
376,251,201,158,116,151,374,316,858,516
553,293,460,345,215,306,475,634,887,516
657,434,280,199,129,202,402,460,902,516
482,304,271,194,135,196,406,436,869,516
350,302,240,174,136,196,469,215,905,516
549,347,324,223,158,242,421,556,893,516
641,403,293,231,150,195,418,508,894,516
359,258,417,305,206,299,494,568,891,516
461,332,236,185,140,186,378,309,881,516
591,364,386,288,190,269,409,626,931,517
634,404,236,170,117,171,412,364,883,517
271,170,184,143,106,137,406,333,889,517
392,214,383,281,170,250,430,616,931,517
496,273,382,277,158,249,467,625,883,517
648,419,240,187,129,175,402,572,876,517
381,261,197,145,104,148,387,347,908,517
347,250,175,129,102,140,353,305,894,517
386,326,159,122,108,142,385,93,820,517
292,235,184,127,105,155,350,310,859,517
372,269,271,214,177,227,389,429,879,517
533,296,413,292,167,264,468,608,913,518
622,359,279,218,146,197,464,492,900,518
558,373,286,177,128,215,507,105,866,518
331,228,228,187,140,178,391,373,870,518
323,206,214,163,133,179,466,367,886,518
322,212,163,130,94,125,377,317,861,518
453,256,314,240,157,218,405,647,871,518
667,348,474,360,199,279,458,937,924,518
211,154,191,151,107,139,282,408,840,518
524,253,397,280,157,233,464,635,901,518
237,156,186,140,105,145,356,310,906,518
638,383,365,260,155,228,458,631,887,519
505,300,322,227,180,259,476,454,910,519
277,204,305,209,153,234,530,4,797,519
410,298,238,181,138,184,455,481,865,519
598,413,228,178,128,167,362,640,903,519
715,394,433,340,160,222,449,929,949,519
271,197,154,126,93,117,316,296,843,519
233,183,176,138,107,139,343,315,882,519
393,267,350,235,159,256,389,478,843,519
595,360,242,199,129,162,464,321,874,520
320,194,285,194,120,190,440,433,887,520
259,190,134,105,72,97,155,710,922,520
700,434,282,220,143,193,404,580,933,520
381,249,263,217,165,203,358,445,853,520
636,410,248,184,131,186,396,459,882,520
351,219,228,168,118,172,385,330,885,520
488,342,181,140,102,136,377,320,842,520
576,385,494,382,243,327,413,925,952,520
455,371,128,87,74,110,312,308,890,520
551,345,263,208,138,186,400,530,892,520
432,249,284,215,137,196,431,494,894,521
503,337,241,198,145,183,404,358,891,521
658,426,466,343,203,288,451,798,952,521
483,287,271,206,134,186,431,446,853,521
313,235,180,135,107,147,353,303,908,521
248,197,145,108,88,119,319,193,887,521
410,310,152,120,92,119,333,309,883,521
286,219,163,128,98,127,324,315,868,521
535,311,333,227,139,231,425,488,878,521
623,404,248,182,130,189,499,312,896,521
407,278,220,162,120,174,376,311,902,521
609,428,221,170,127,173,414,330,901,521
383,215,361,278,186,254,403,541,876,521
499,326,321,222,155,236,432,471,885,522
572,411,214,154,121,172,387,422,898,522
315,244,140,111,93,117,351,213,829,522
448,251,285,224,143,189,417,550,843,522
487,278,313,222,153,222,413,576,865,522
295,215,190,132,99,144,348,292,876,522
412,224,321,246,149,207,390,631,916,522
360,210,287,225,142,194,390,564,864,522
530,306,212,188,135,156,458,321,859,522
419,265,163,119,81,115,379,310,887,522
530,287,264,195,120,179,405,464,876,522
693,451,224,154,104,160,382,329,865,522
430,227,365,251,155,231,464,520,902,523
524,332,315,234,159,220,399,634,891,523
531,357,248,192,130,180,406,327,873,523
599,406,232,202,151,177,379,282,898,523
664,352,139,99,56,85,280,627,983,523
575,329,349,261,166,236,415,596,874,523
687,379,434,310,177,270,441,627,891,523
609,374,304,222,138,202,407,633,919,523
478,296,278,217,149,201,380,325,868,524
654,390,251,177,111,171,420,344,890,524
317,197,145,123,88,106,345,320,863,524
679,419,152,119,76,105,387,627,921,524
598,336,302,217,147,216,461,413,914,524
513,377,171,145,117,138,447,307,878,524
650,464,153,124,94,122,339,313,892,524
292,191,229,163,110,164,394,334,910,524
380,220,275,213,128,184,402,352,910,524
481,274,385,268,203,309,556,314,866,525
410,285,203,182,143,164,377,303,894,525
399,264,208,153,115,162,365,314,925,525
311,265,165,132,106,134,470,154,898,525
544,392,211,155,124,170,376,317,879,525
300,174,251,168,110,174,453,358,915,525
373,281,198,161,127,163,363,318,853,525
273,220,169,125,99,137,421,303,857,525
632,420,325,243,159,226,386,437,916,525
506,361,177,143,111,142,316,312,902,525
448,340,145,101,83,119,315,313,891,526
650,462,216,158,120,169,403,396,889,526
568,408,202,151,109,152,465,316,897,526
505,314,319,262,172,220,435,602,883,526
470,265,287,233,155,204,406,521,910,526
396,297,161,127,103,134,365,319,868,526
293,210,147,106,80,116,325,317,883,526
474,349,201,143,111,162,346,307,867,527
382,229,253,183,119,180,373,463,900,527
681,460,211,160,115,158,412,333,898,527
405,334,204,136,113,175,435,334,887,527
535,306,388,283,174,261,416,469,872,527
373,250,249,181,132,188,402,488,869,527
275,213,175,131,103,142,337,297,854,527
381,251,237,171,118,175,431,441,879,527
728,425,392,330,202,253,451,603,885,528
373,279,180,140,109,142,320,287,861,528
359,246,145,124,91,109,324,304,886,528
628,413,377,309,217,271,437,587,858,528
261,172,261,203,141,189,385,382,892,528
378,243,238,218,159,175,396,309,899,528
278,170,243,189,133,176,408,436,880,528
563,355,204,173,121,152,412,320,898,528
645,415,223,164,104,153,383,314,898,528
326,194,211,155,99,146,480,318,900,528
486,310,335,241,134,192,561,416,883,528
436,291,211,157,105,150,381,323,857,528
502,351,185,139,102,141,362,310,889,528
620,355,228,169,105,154,406,365,906,528
304,220,183,134,100,144,326,314,887,529
599,366,361,279,196,265,521,540,911,529
596,396,250,188,146,199,486,399,910,529
290,191,202,150,109,154,393,307,874,529
467,290,225,169,111,161,402,337,903,529
543,350,222,185,125,154,381,342,924,529
308,213,250,205,158,192,449,307,885,529
670,491,155,124,97,121,337,325,851,529
488,290,132,104,70,94,346,603,955,529
396,315,159,126,101,130,324,295,879,529
507,358,217,162,125,171,377,475,882,529
674,438,363,274,196,273,417,744,945,529
576,410,223,171,126,169,394,320,864,529
572,356,308,231,152,215,400,584,880,529
581,351,361,268,173,250,425,609,903,529
639,339,347,268,154,219,432,645,947,529
359,250,114,94,71,86,447,321,919,530
589,386,200,151,114,157,497,319,837,530
709,454,269,207,140,191,424,311,940,530
371,236,298,223,147,207,370,584,871,530
525,330,282,228,147,193,368,501,837,530
296,189,249,182,124,176,317,427,852,530
496,311,252,191,134,190,398,535,870,530
468,342,177,132,101,142,368,351,864,530
558,318,291,201,124,200,403,546,845,530
567,368,197,149,127,171,493,329,867,530
384,225,259,199,131,184,391,499,859,531
602,383,361,272,174,251,417,520,933,531
353,239,314,210,139,223,406,542,893,531
474,360,204,182,146,168,384,315,847,531
569,406,204,143,104,160,338,299,870,531
274,202,129,116,92,104,341,164,867,531
548,346,384,267,178,275,520,390,912,531
418,300,184,141,111,148,451,334,897,531
276,225,132,105,86,109,309,303,881,531
400,247,277,200,138,201,395,478,846,531
588,364,266,196,136,192,418,354,913,531
420,240,222,167,115,164,451,316,860,532
328,231,213,166,125,167,367,305,833,532
609,383,276,212,152,205,414,487,879,532
433,284,205,147,94,144,369,387,897,532
524,346,313,220,160,237,373,467,914,532
427,278,256,184,131,189,382,316,872,532
193,146,225,160,113,162,538,6,531,532
571,403,199,149,112,156,371,315,905,532
581,298,437,314,215,306,526,928,949,532
677,439,393,267,177,275,432,429,863,532
308,208,194,155,115,153,372,310,894,532
442,267,272,210,152,208,432,529,852,532
600,317,238,186,122,168,466,521,839,533
411,301,179,133,93,133,353,304,867,533
422,232,434,303,174,276,460,664,931,533
316,256,187,150,125,159,328,308,880,533
540,374,237,189,137,177,383,322,905,533
322,200,207,157,117,159,459,373,877,533
468,257,377,287,171,244,448,610,857,533
365,252,262,191,147,200,548,327,916,533
462,285,311,206,150,240,525,316,885,533
604,332,224,170,110,153,523,328,863,533
282,239,138,111,89,113,279,313,822,533
273,192,158,139,99,116,336,305,890,533
497,320,258,198,139,191,369,433,889,533
352,199,305,226,141,206,417,434,904,533
419,253,330,239,156,228,401,461,915,533
297,196,189,139,109,151,400,328,864,533
605,402,258,197,137,186,389,467,854,533
445,310,250,209,154,190,405,381,879,534
425,321,122,109,81,94,320,311,873,534
342,218,277,203,134,198,369,440,901,534
553,300,258,200,129,176,422,546,943,534
522,357,256,203,152,194,443,2,208,534
371,275,202,149,115,161,360,329,897,534
339,198,281,220,143,200,407,384,913,534
464,342,256,196,148,200,375,326,918,534
544,374,240,190,136,177,372,425,823,534
573,324,367,290,183,249,451,632,895,535
670,480,235,188,140,180,404,327,875,535
453,255,368,268,167,249,431,499,907,535
612,380,267,201,138,194,413,347,878,535
670,359,546,419,224,336,494,896,947,535
579,342,333,270,174,226,463,635,894,535
610,377,269,194,121,173,412,328,861,535
255,188,235,171,126,177,347,311,876,536
333,279,171,128,110,147,330,307,883,536
549,357,237,158,106,170,391,330,913,536
528,376,246,186,144,197,390,322,876,536
629,450,205,154,115,155,384,311,861,536
712,473,266,212,154,208,428,487,884,536
555,396,345,281,216,273,419,364,850,536
359,222,187,143,99,137,375,307,922,536
289,190,166,138,100,127,353,301,858,536
654,447,312,241,181,242,479,137,899,536
727,447,322,264,172,221,446,552,887,536
564,344,288,207,142,208,402,544,887,536
540,430,141,105,89,122,347,317,856,536
441,251,276,210,135,197,427,447,861,536
645,366,216,162,112,154,521,334,851,537
592,449,240,170,144,204,470,185,874,537
546,378,253,186,136,193,422,337,887,537
549,342,333,243,169,244,403,675,915,537
415,317,165,124,99,137,305,306,863,537
573,394,324,229,165,249,403,591,859,537
268,215,215,177,141,175,461,314,896,537
236,198,113,82,73,100,350,64,814,537
342,243,188,134,107,158,324,308,917,537
383,324,145,98,87,129,338,317,834,537
407,215,306,224,141,203,439,661,901,537
272,186,252,200,140,181,304,574,860,537
513,376,172,132,98,135,359,303,903,537
356,253,185,137,100,141,369,301,894,538
657,352,456,336,201,288,462,820,923,538
709,397,343,230,157,247,521,494,910,538
525,363,243,202,143,177,406,448,907,538
341,258,184,135,104,145,319,302,881,538
216,181,128,95,87,117,380,22,790,538
415,266,304,213,142,216,388,578,838,538
414,239,122,91,62,86,383,497,926,538
598,378,295,223,149,208,418,449,851,539
663,358,335,255,162,224,528,479,874,539
400,240,233,174,122,170,383,332,870,539
614,417,284,223,159,215,391,495,871,539
677,462,256,204,153,196,398,467,845,539
450,331,179,139,117,151,398,348,900,539
323,225,226,159,119,174,396,347,886,539
519,360,209,172,126,165,376,316,853,539
631,432,207,178,131,156,393,412,891,539
691,456,220,174,119,157,397,431,848,539
250,184,185,127,96,147,366,313,891,539
479,309,248,179,127,189,403,360,875,540
333,237,254,200,138,182,298,628,889,540
724,427,312,242,147,216,421,383,887,540
304,209,267,212,156,201,450,327,862,540
519,325,216,157,108,157,400,460,874,540
553,273,533,403,224,324,502,636,965,540
349,190,277,193,122,184,406,458,873,540
369,253,294,220,158,224,464,522,877,540
720,477,373,269,180,274,438,542,867,540
498,321,268,217,139,186,385,581,914,540
308,238,136,100,81,111,326,306,882,540
666,423,273,222,154,195,433,519,889,541
610,314,499,331,216,352,552,892,956,541
403,285,153,121,90,117,353,309,857,541
662,424,314,240,168,232,409,474,897,541
362,244,244,199,150,187,459,316,880,541
354,257,158,133,98,121,333,306,899,541
724,442,362,257,172,258,421,614,875,541
437,273,302,244,157,205,369,529,896,541
442,257,275,208,140,198,400,431,858,541
664,466,229,189,136,174,370,405,885,541
359,208,120,97,65,84,331,315,875,541
442,308,147,107,79,112,359,264,879,541
437,306,204,147,110,160,363,325,887,541
424,319,299,201,157,238,540,10,774,541
455,336,171,168,136,136,363,310,903,541
559,417,193,155,110,146,350,300,914,541
466,273,357,238,149,244,441,640,913,542
195,166,173,130,111,144,455,26,748,542
611,416,268,223,164,204,429,307,900,542
427,215,410,297,169,252,414,638,909,542
392,279,445,308,217,329,500,539,910,542
406,289,171,138,111,137,341,306,869,542
598,426,205,151,109,153,384,318,885,542
675,467,273,207,153,204,440,396,899,542
314,209,151,114,75,107,358,308,896,542
431,293,250,180,133,195,396,470,847,542
378,224,366,268,163,243,433,589,887,542
532,313,305,229,149,214,377,605,869,542
287,190,194,146,107,149,333,421,862,543
529,294,386,321,191,238,455,639,912,543
323,227,124,91,70,100,301,312,856,543
574,341,444,342,231,321,440,603,878,543
651,450,247,194,148,194,420,327,911,543
457,353,197,150,127,169,412,319,866,543
309,211,148,118,92,116,310,316,888,543
563,368,196,144,107,147,463,336,873,543
523,360,193,153,113,146,357,323,899,543
399,288,181,124,94,143,361,313,885,544
421,228,364,263,159,236,400,572,904,544
333,192,197,137,93,140,447,326,893,544
220,171,190,127,93,146,309,279,869,544
570,387,226,168,117,168,409,421,883,544
528,361,309,237,167,228,403,388,871,544
437,294,233,173,120,168,374,386,915,545
555,360,229,172,123,170,396,350,894,545
419,247,370,274,169,241,446,608,917,545
473,329,121,91,65,90,337,326,919,545
364,225,275,215,151,204,413,342,901,545
347,261,246,190,150,194,442,315,875,545
438,281,215,163,115,160,395,327,865,545
323,226,211,154,108,152,314,370,892,545
605,335,131,95,57,87,344,629,898,545
688,389,377,271,166,248,492,431,884,545
460,335,192,140,110,157,379,324,876,545
385,243,213,171,116,155,380,327,895,545
622,386,128,100,70,95,302,653,923,545
434,317,220,159,120,167,348,284,866,545
362,327,124,87,79,112,425,44,765,545
482,293,362,234,143,238,419,541,860,545
280,231,168,105,83,138,341,320,838,545
308,218,224,163,125,174,369,304,883,545
449,374,311,213,172,260,459,325,881,545
344,226,273,181,126,201,374,416,859,546
359,251,260,169,131,208,466,309,909,546
412,294,199,128,104,167,475,266,907,546
377,278,203,158,121,157,336,407,864,546
348,205,304,210,136,211,377,562,890,546
538,372,221,174,127,168,378,338,862,546
397,278,210,173,133,164,387,310,858,546
423,324,163,133,102,129,354,319,890,546
644,443,239,178,137,188,409,402,857,546
490,277,349,274,178,251,444,559,876,546
402,318,140,117,97,119,334,312,868,546
442,238,359,241,141,232,432,493,879,546
310,235,179,132,102,141,315,300,885,546
264,222,152,121,101,129,412,37,790,547
489,357,177,135,102,140,342,307,886,547
385,218,364,273,168,241,387,587,876,547
704,485,265,213,151,193,410,420,885,547
514,360,216,152,119,176,368,424,893,547
513,338,293,211,151,221,410,491,896,547
372,279,154,113,87,121,295,304,867,547
639,428,233,186,135,176,377,313,900,547
508,398,134,103,85,111,333,306,894,547
642,436,239,185,138,183,402,494,860,547
350,194,320,233,140,204,415,623,905,548
466,291,441,325,204,303,461,628,870,548
707,490,203,151,105,148,382,325,881,548
594,369,138,84,111,187,564,82,794,548
570,282,464,324,148,248,513,1023,891,548
329,231,218,161,115,160,280,420,857,548
352,271,122,94,74,101,296,170,873,548
358,222,272,190,125,187,417,455,911,549
312,237,219,163,128,178,300,417,871,549
569,411,191,155,117,150,394,312,884,549
632,336,366,263,155,231,447,643,906,549
459,327,175,143,102,130,358,309,875,549
378,284,185,137,111,154,355,242,906,549
518,322,282,213,138,198,402,435,867,549
424,267,191,151,105,139,379,321,884,549
679,398,366,293,166,227,382,742,885,549
268,173,147,105,57,90,633,0,132,549
487,324,234,175,124,170,384,454,874,549
512,351,248,187,139,190,386,311,913,549
454,273,336,251,173,249,416,456,888,550
377,236,276,193,138,205,388,426,845,550
582,406,334,251,177,242,406,522,919,550
537,368,304,216,145,219,383,473,853,550
429,289,251,173,125,190,441,500,845,550
316,223,261,218,164,202,476,300,884,550
523,317,168,130,82,109,506,319,849,550
350,268,150,133,105,124,319,317,911,551
392,233,325,227,138,211,416,517,883,551
430,254,230,144,96,168,491,315,905,551
333,206,255,202,145,191,371,307,919,551
452,306,147,123,92,114,355,316,862,551
340,253,198,175,142,161,370,343,889,551
472,343,205,153,115,160,364,321,904,551
311,208,206,140,97,152,359,302,885,551
520,382,255,173,149,217,493,370,889,551
558,397,186,147,111,147,393,320,881,551
292,174,289,234,156,201,379,387,882,551
534,316,387,258,155,250,509,630,886,551
220,200,133,102,83,112,374,25,728,552
307,202,254,201,138,182,331,445,900,552
546,380,231,187,137,179,404,314,868,552
590,341,374,301,192,258,439,530,935,552
432,285,283,201,141,214,407,386,898,552
302,177,222,159,104,155,354,409,905,552
341,222,264,191,127,190,403,345,945,552
539,315,239,180,111,162,400,655,904,552
491,252,351,268,178,240,504,574,927,553
308,198,181,139,96,135,364,311,883,553
482,363,189,148,117,152,408,391,867,553
310,224,286,212,142,203,451,543,900,553
712,406,338,265,140,179,513,463,879,553
702,457,256,200,134,181,400,378,882,553
344,219,272,190,122,190,398,480,912,553
551,388,266,191,133,193,412,433,878,553
406,267,217,157,116,167,367,302,877,553
201,155,243,187,144,193,487,5,653,553
228,188,153,107,86,127,411,53,833,553
307,213,189,134,93,138,349,367,859,553
207,177,179,150,119,145,330,304,835,553
332,245,165,120,90,124,351,308,886,553
479,319,321,248,164,223,408,531,893,553
359,242,239,153,100,172,385,386,896,553
564,380,269,183,125,195,403,429,876,553
278,193,176,130,93,134,320,306,868,553
516,363,263,199,147,203,365,349,905,553
370,262,149,106,83,119,358,332,868,554
342,242,328,243,166,232,286,592,851,554
660,458,231,197,145,180,376,311,907,554
429,300,192,144,106,148,377,320,890,554
422,242,304,237,151,201,374,606,894,554
294,197,232,169,114,168,382,385,906,554
582,426,398,275,212,315,473,339,858,554
304,207,156,120,90,120,318,325,930,554
241,158,296,234,154,205,257,525,865,555
234,163,182,132,96,139,321,317,891,555
331,180,276,218,130,187,346,524,871,555
605,406,326,254,179,240,419,529,894,555
439,305,469,373,261,333,297,777,930,555
424,284,280,199,138,202,391,419,907,555
394,238,165,124,89,120,356,312,895,555
438,263,262,196,131,187,414,368,892,555
660,409,332,269,165,220,441,573,885,555
431,301,259,175,124,195,379,370,866,555
365,271,210,187,161,176,404,318,867,555
258,136,192,152,105,137,419,311,863,556
640,452,222,173,127,169,406,357,832,556
533,314,300,220,137,198,415,631,922,556
292,237,171,133,108,142,295,280,884,556
400,293,209,152,124,173,478,317,913,556
369,251,182,150,115,141,448,320,903,556
567,340,145,113,73,100,397,323,911,556
558,287,433,328,207,290,495,818,904,556
568,328,363,268,157,236,451,623,945,556
692,408,307,223,151,219,535,330,882,556
249,165,206,165,117,152,330,324,892,556
497,328,221,173,123,166,377,380,879,557
507,286,340,258,166,237,412,547,873,557
569,404,206,157,118,164,345,314,878,557
363,255,186,120,91,145,395,320,857,557
415,284,196,156,117,154,352,307,904,557
454,320,216,161,123,166,390,317,858,557
515,369,267,210,161,212,379,300,885,557
543,354,219,181,130,159,442,316,883,557
530,369,224,180,136,175,407,418,890,557
470,365,179,118,94,149,385,319,867,557
499,386,236,153,118,187,326,395,880,557
667,418,196,157,119,155,490,326,910,558
460,258,353,281,191,248,415,603,916,558
633,430,221,184,135,166,393,382,891,558
477,337,238,179,128,181,385,321,889,558
520,389,170,153,117,133,379,325,859,558
648,450,222,177,126,165,381,307,873,558
699,475,215,176,120,157,410,323,908,558
506,409,272,210,179,236,481,350,892,558
355,258,184,123,94,143,332,303,872,559
554,386,253,202,137,183,392,313,889,559
475,343,212,156,119,170,371,442,853,559
246,180,164,123,102,137,440,300,881,559
486,355,173,113,84,134,335,311,899,559
346,230,222,172,138,182,472,396,869,559
524,389,205,154,114,162,339,305,875,559
487,329,183,149,107,140,359,319,861,559
677,435,389,287,188,284,437,488,914,559
495,239,462,346,163,241,439,874,979,560
265,160,255,187,114,169,408,409,895,560
316,210,238,153,110,176,356,293,881,560
676,390,362,248,163,258,444,579,874,560
449,329,145,110,86,116,322,222,872,560
617,401,164,124,88,123,408,488,893,560
416,259,385,326,192,244,368,595,845,560
609,327,400,306,185,259,363,871,911,560
343,194,321,243,145,209,411,600,852,560
638,446,221,171,128,171,389,334,879,560
253,189,248,169,125,193,355,419,888,561
241,180,193,134,100,148,328,330,881,561
555,371,220,178,122,162,375,487,850,561
445,274,261,202,136,185,384,525,887,561
407,296,282,203,153,219,400,546,869,561
694,405,327,229,144,216,432,540,911,562
485,365,315,217,165,249,500,601,911,562
550,382,214,158,112,160,390,326,913,562
193,145,141,97,74,111,244,293,867,562
424,269,260,198,136,187,414,394,878,562
427,312,211,165,124,162,376,336,878,562
650,475,223,167,131,176,360,311,860,562
618,437,235,186,138,179,399,324,882,562
253,172,176,141,104,136,314,312,902,562
603,429,217,169,137,178,372,322,894,562
542,337,299,223,162,230,422,328,897,562
303,171,255,183,125,179,348,521,840,563
595,331,363,315,207,240,435,645,928,563
366,233,235,168,114,168,386,301,919,563
526,264,269,212,132,179,505,426,913,563
430,222,429,295,162,264,453,590,919,563
586,427,189,138,104,150,366,316,887,563
542,354,312,232,157,219,382,638,880,563
360,251,199,158,108,146,333,298,880,563
535,388,180,139,101,136,336,300,891,563
342,234,167,124,94,132,435,326,867,563
612,425,197,142,100,146,380,307,902,563
247,150,254,192,126,172,336,445,890,563
368,261,193,137,99,149,372,316,892,563
551,339,290,222,151,205,381,312,883,564
405,262,232,181,128,179,380,305,876,564
330,205,279,214,136,193,417,450,881,564
616,447,164,131,104,131,376,340,874,564
456,316,245,188,138,184,373,340,905,564
521,377,212,156,117,168,396,331,879,564
269,188,158,137,97,117,384,264,879,564
487,382,207,145,119,169,356,320,886,564
353,196,297,205,135,205,428,503,899,564
544,304,324,231,144,216,481,542,873,564
343,253,147,114,88,115,348,319,897,564
486,264,332,238,156,235,419,563,852,564
473,352,219,180,137,172,350,308,908,564
459,364,188,154,129,156,449,317,863,564
276,191,125,91,71,100,319,319,860,564
687,401,237,184,133,175,489,316,876,564
311,229,167,125,98,132,366,308,852,565
399,251,222,168,117,161,395,415,889,565
389,304,120,95,79,100,331,325,886,565
399,279,179,136,107,147,403,308,867,565
561,375,252,169,111,183,388,303,919,565
407,257,251,190,134,183,403,484,857,565
443,278,383,277,188,272,439,512,903,565
628,401,384,311,203,258,440,600,908,565
401,245,352,255,168,240,486,468,893,566
502,387,182,139,116,154,393,325,855,566
417,289,199,148,113,157,386,337,868,566
486,310,223,172,118,157,439,306,898,566
205,185,101,74,71,93,332,75,874,566
592,347,355,262,159,232,429,612,936,566
209,147,217,146,102,158,366,317,908,566
464,267,248,194,126,174,396,363,914,566
284,212,232,154,128,195,451,311,846,566
582,375,253,198,131,174,406,504,903,566
702,420,384,277,173,256,446,596,882,566
417,289,232,155,110,175,354,311,839,566
477,326,223,164,117,166,386,315,838,567
399,255,114,84,59,84,395,483,878,567
563,383,257,197,153,206,406,444,863,567
405,226,363,284,172,235,449,668,919,567
443,303,173,138,103,135,387,316,881,567
457,263,354,282,186,244,436,621,934,567
257,177,200,153,114,154,342,349,862,567
615,349,451,361,214,279,447,535,897,567
495,355,137,116,84,107,319,313,887,567
420,280,199,145,109,156,371,322,912,567
466,270,268,219,150,190,386,537,902,567
486,322,257,200,140,185,401,353,875,568
426,325,183,144,108,143,330,310,902,568
427,243,315,229,154,221,384,538,875,568
464,282,344,261,173,242,435,416,896,568
415,285,222,159,121,174,376,394,854,568
524,394,194,141,106,151,376,394,866,568
346,238,180,139,99,136,378,311,874,568
673,403,298,211,132,202,443,639,854,568
543,408,231,175,138,185,380,309,894,569
425,261,230,174,117,163,388,337,895,569
294,213,195,152,122,157,318,383,883,569
258,187,165,133,95,121,329,302,871,569
391,288,206,155,111,157,363,357,872,569
547,347,335,257,176,236,449,659,910,569
516,357,198,161,109,139,392,311,932,569
545,369,334,258,202,266,421,431,888,570
210,151,226,163,115,164,331,307,885,570
489,263,233,176,117,162,525,325,864,570
661,436,215,159,108,154,400,371,897,570
541,403,193,152,116,150,364,298,877,570
325,234,129,106,80,101,321,319,906,570
467,267,299,212,149,221,460,567,846,570
361,257,176,130,100,140,332,302,893,570
533,311,267,211,148,194,477,360,869,570
485,336,288,231,150,191,330,607,905,571
475,338,211,151,107,156,380,318,863,571
369,287,173,142,116,143,359,308,871,571
518,376,158,132,102,125,360,311,889,571
437,290,339,243,175,253,425,542,909,571
374,232,228,172,117,168,360,444,894,571
313,213,311,224,163,234,425,451,865,571
605,410,226,173,132,181,397,326,904,571
379,259,166,125,96,132,369,320,884,571
433,263,127,95,72,98,499,340,855,571
499,372,192,148,117,153,339,313,885,571
631,419,276,185,135,216,414,458,785,572
272,210,134,100,81,112,298,318,888,572
372,260,199,156,127,165,438,308,846,572
624,470,248,193,154,203,385,310,914,572
450,316,164,133,101,130,343,320,886,572
419,293,179,141,110,143,367,323,880,572
384,235,291,212,129,196,398,538,898,572
515,328,297,204,130,204,423,410,867,572
392,241,125,95,64,89,419,411,886,572
362,267,177,136,106,143,351,311,860,572
470,352,174,141,107,135,374,316,868,572
453,333,222,173,134,179,342,292,867,572
439,324,198,134,102,155,342,301,892,573
469,313,231,180,124,168,397,345,904,573
633,377,434,324,205,287,528,395,910,573
594,430,242,191,148,195,443,432,876,573
403,294,247,186,150,198,464,305,871,573
488,363,168,131,104,136,352,313,867,573
724,402,248,169,107,169,391,644,923,573
456,261,288,204,130,194,409,522,886,573
450,266,317,233,172,233,402,356,918,573
331,242,152,119,86,119,281,291,876,573
331,234,114,85,62,87,323,303,903,574
370,240,173,119,86,131,339,311,910,574
314,213,233,183,136,183,375,303,886,574
313,239,189,152,117,150,311,297,859,574
311,196,157,117,83,118,353,313,891,574
505,344,190,157,118,151,367,336,901,574
516,366,216,165,125,166,380,308,879,574
505,333,243,177,131,190,384,324,863,574
429,316,135,99,78,112,374,320,878,575
599,403,244,186,128,175,397,368,862,575
373,271,178,139,107,143,359,368,883,575
720,390,299,215,143,211,512,411,901,575
635,380,372,311,201,254,462,565,800,575
541,403,194,150,117,158,355,321,898,575
527,339,234,184,123,166,374,493,889,575
458,255,378,279,172,254,447,551,842,575
291,189,230,177,118,165,302,474,842,575
499,330,190,146,103,143,395,324,888,575
330,231,183,144,109,140,365,318,904,575
717,452,394,272,176,275,436,620,900,575
686,420,301,247,167,212,404,565,872,576
626,399,258,190,131,189,408,347,909,576
636,351,359,255,160,245,445,550,909,576
372,267,182,139,107,146,356,304,912,576
404,252,214,150,102,153,399,304,876,576
336,238,163,128,96,124,358,333,885,576
309,191,285,206,138,201,358,571,867,576
409,213,354,281,138,188,423,591,947,576
367,239,204,150,99,144,348,401,901,576
437,311,201,152,119,160,351,317,877,577
363,280,230,169,134,186,363,294,865,577
594,328,250,207,152,185,523,324,934,577
420,274,341,274,185,236,405,650,911,577
264,207,101,86,71,85,305,327,845,577
372,219,213,164,107,147,382,372,928,577
513,366,220,172,134,180,385,313,891,577
580,373,213,156,108,153,407,322,858,578
652,395,305,230,158,217,406,632,845,578
224,184,199,136,105,158,329,313,921,578
367,253,203,153,115,159,332,303,866,578
414,279,264,215,150,192,311,621,930,578
541,385,254,186,147,204,411,653,899,578
418,261,242,189,132,180,374,448,860,578
376,277,158,115,90,127,419,308,868,578
688,395,344,256,152,219,448,648,929,579
250,189,187,136,101,146,335,309,885,579
470,318,169,113,92,141,456,321,888,579
299,223,252,194,139,192,270,552,869,579
233,154,221,167,118,164,355,302,889,579
636,409,264,179,118,184,389,299,889,579
502,383,271,197,150,213,390,422,903,579
550,441,192,135,114,164,382,309,875,579
594,457,151,116,91,125,331,323,885,579
254,199,154,126,96,121,333,296,836,579
418,309,236,174,133,188,377,330,904,579
657,360,354,274,168,232,431,620,863,580
458,307,211,152,110,162,399,386,903,580
551,335,307,223,148,217,401,569,897,580
541,395,215,173,132,173,357,296,869,580
498,374,214,162,119,164,373,318,878,580
237,171,116,85,67,93,331,163,877,580
595,431,185,138,110,148,367,325,876,580
679,366,372,291,133,177,458,668,962,580
601,424,293,235,174,221,526,318,881,580
399,267,261,204,139,187,377,458,862,580
467,221,278,213,126,180,485,495,923,580
450,339,161,110,85,128,352,319,892,581
362,253,290,187,132,217,386,401,864,581
535,311,124,83,55,88,414,577,878,581
666,368,320,249,160,207,413,458,923,581
519,295,271,217,144,186,476,425,885,581
240,156,197,152,107,145,357,308,919,581
584,404,207,163,117,159,400,362,907,581
715,430,395,302,202,277,435,622,839,581
618,335,344,273,185,240,518,622,930,581
459,325,216,169,129,168,393,322,911,581
536,411,215,134,102,175,349,289,871,582
457,281,327,245,158,224,404,588,863,582
326,216,306,243,168,218,417,368,873,582
364,237,263,199,136,189,390,475,902,582
492,266,369,265,167,248,429,590,890,582
530,302,413,308,145,213,401,749,947,582
595,328,180,136,90,126,475,455,905,582
556,381,199,152,108,152,380,322,903,582
576,324,343,262,164,226,431,624,927,582
464,362,155,117,98,131,352,313,834,582
457,288,391,274,186,282,426,613,883,582
700,488,204,160,110,150,377,329,841,582
690,461,329,236,163,244,400,403,874,582
329,243,198,151,115,157,368,316,861,582
571,362,121,103,71,89,302,674,979,582
374,241,184,143,103,137,350,360,900,582
483,357,231,175,139,185,443,315,872,582
496,231,307,246,132,183,439,624,940,582
413,258,332,256,167,231,458,504,873,583
690,407,367,275,210,285,490,551,880,583
402,269,235,164,112,171,374,393,890,583
210,159,115,89,69,94,344,197,878,583
321,186,233,183,114,157,297,627,895,583
402,290,149,107,80,117,368,247,871,583
453,334,133,101,75,104,349,314,851,583
302,207,200,167,120,149,359,301,898,584
381,276,187,133,105,151,355,317,875,584
488,295,334,248,179,251,420,619,912,584
446,339,151,120,101,128,379,315,909,584
372,328,143,113,108,133,416,91,631,584
433,270,285,219,149,208,387,422,890,584
440,289,183,143,103,134,465,311,865,584
707,478,231,180,133,175,394,411,853,584
453,306,152,120,93,122,326,329,881,584
345,243,186,133,92,138,346,312,885,584
506,368,369,263,184,280,536,8,827,585
433,246,138,103,64,88,413,198,876,585
508,268,364,277,170,234,499,620,902,585
613,432,157,125,93,120,368,315,879,585
517,345,347,247,167,242,475,549,906,585
508,360,167,115,81,122,388,316,858,585
289,218,206,155,116,159,361,300,888,585
522,372,248,193,139,190,389,446,820,585
550,343,255,181,117,177,384,504,895,585
613,427,198,127,93,152,376,329,903,585
681,432,314,242,173,234,492,574,920,585
644,419,232,200,135,160,390,336,888,585
629,347,359,278,182,242,432,617,907,585
500,303,316,250,160,218,442,639,910,585
730,485,324,237,179,259,396,332,893,585
522,352,200,168,128,155,383,312,885,586
411,272,239,186,134,177,398,490,876,586
568,399,212,156,118,167,369,316,855,586
607,359,328,264,179,236,424,543,898,586
297,183,335,251,160,226,386,529,885,586
478,312,242,195,140,181,358,320,899,586
547,296,289,235,147,193,430,662,913,586
489,329,215,170,122,162,365,312,890,586
297,193,192,135,98,144,379,360,881,587
616,424,218,172,124,169,390,318,893,587
379,234,259,203,136,183,389,470,861,587
512,387,230,176,141,190,374,319,905,587
491,335,251,192,141,192,410,304,870,587
489,330,200,155,110,148,373,298,914,587
399,289,192,162,122,148,358,310,902,587
439,314,204,132,87,141,344,339,917,587
419,299,210,177,141,168,398,497,789,587
331,231,167,129,100,132,349,310,875,587
242,216,183,135,118,162,385,92,820,587
706,486,280,213,161,211,403,328,894,587
235,179,179,138,97,134,317,303,881,587
422,299,202,135,100,159,424,321,899,588
397,260,276,191,135,211,393,299,888,588
428,289,261,197,144,203,402,378,905,588
259,180,253,182,124,184,378,328,884,588
477,322,267,192,142,208,387,407,891,588
502,341,212,157,115,159,397,330,880,588
384,281,244,177,132,190,393,353,902,589
305,198,292,208,144,207,401,418,857,589
383,297,175,130,108,146,360,313,870,589
295,194,284,224,155,210,361,298,865,589
315,203,268,199,141,194,333,533,871,589
577,415,172,127,102,143,438,318,888,589
403,238,235,180,122,166,367,513,867,589
569,397,268,175,117,195,400,318,883,589
216,155,235,173,130,179,337,331,913,589
405,251,271,195,138,195,385,308,891,590
328,251,120,102,81,96,300,310,871,590
492,296,359,246,166,253,431,572,916,590
373,219,233,170,114,167,392,384,872,590
427,306,154,112,82,117,356,300,877,590
501,311,116,79,54,84,316,446,943,590
581,407,251,182,139,199,459,408,873,590
391,237,366,284,196,267,429,613,903,590
592,437,196,160,122,154,390,328,853,590
563,405,128,102,76,99,353,321,901,590
434,291,243,185,127,174,381,439,917,590
431,245,313,226,146,224,399,600,853,590
570,296,196,138,92,136,462,685,918,590
365,257,174,137,102,131,338,307,859,591
672,415,239,183,117,166,383,338,883,591
170,137,208,158,122,167,294,281,874,591
445,257,314,217,131,208,431,561,923,591
658,423,252,173,126,197,486,320,849,591
531,371,311,220,160,239,402,497,875,591
584,324,387,330,212,274,430,607,869,591
715,474,385,288,195,278,433,576,873,591
506,250,353,271,151,210,455,623,943,591
477,336,176,141,112,143,362,316,860,591
374,263,178,136,103,142,358,317,884,591
389,296,167,126,103,138,325,313,882,591
332,223,183,153,115,141,369,310,907,591
369,230,262,217,150,188,379,430,873,591
262,183,278,204,151,214,375,425,841,591
691,454,234,190,132,172,419,337,882,591
215,146,178,133,94,133,335,344,861,591
711,469,315,256,177,229,415,437,882,591
496,352,165,115,83,126,347,323,893,591
591,321,303,218,140,203,422,573,898,591
557,385,217,175,140,180,481,471,839,591
391,304,121,94,81,104,324,312,880,592
299,189,116,84,59,85,393,421,892,592
572,423,246,202,156,195,401,313,903,592
557,397,211,162,119,163,368,298,894,592
485,283,237,177,116,168,403,330,904,592
399,249,271,189,120,190,402,635,901,592
297,179,192,147,91,128,461,311,870,592
731,452,235,195,124,156,413,480,894,592
361,200,360,255,162,244,436,483,904,592
620,430,205,150,112,162,367,321,887,593
409,281,266,208,153,202,386,451,896,593
465,357,160,121,99,132,324,321,878,593
475,306,256,206,139,184,386,471,878,593
430,313,225,188,143,177,397,374,892,593
564,346,247,171,107,174,404,460,849,593
592,433,371,231,176,297,503,272,929,593
304,230,144,124,98,114,315,309,865,593
448,285,249,169,110,170,379,317,884,593
665,440,287,220,154,209,464,626,897,593
299,197,190,148,104,143,348,370,892,593
244,231,98,68,67,95,383,40,754,593
468,305,286,204,161,230,492,438,901,594
359,243,193,149,112,149,348,299,844,594
615,443,160,142,109,127,393,320,852,594
492,340,227,173,134,180,362,303,876,594
443,292,284,211,148,205,371,652,917,594
538,399,191,137,110,153,372,315,867,594
350,211,282,211,138,190,496,334,920,594
244,183,153,118,97,127,407,297,859,594
412,289,206,149,108,159,370,324,878,594
406,288,220,165,133,179,365,311,878,594
293,221,179,138,108,140,425,307,845,594
380,277,134,108,80,105,303,308,883,595
370,272,122,96,71,94,267,632,909,595
469,322,216,178,132,165,356,305,867,595
277,259,184,115,108,175,421,1,168,595
477,291,355,244,159,240,414,575,847,595
566,380,255,179,131,198,390,397,873,595
578,383,462,345,235,330,539,45,656,595
596,375,240,176,119,172,404,382,908,595
560,424,204,160,131,171,382,309,853,595
675,458,277,195,131,198,462,346,869,595
435,305,197,153,116,154,358,318,880,595
517,286,366,260,144,226,450,593,930,595
598,298,381,281,191,274,509,495,905,595
610,388,251,184,116,167,462,474,867,596
309,214,229,153,108,170,370,325,894,596
426,212,274,202,141,203,491,394,892,596
446,268,218,188,123,147,427,328,905,596
617,382,282,194,123,189,425,412,865,596
213,143,174,122,80,120,401,578,887,596
540,348,329,229,160,240,501,505,878,596
615,397,285,228,149,196,415,412,895,596
392,288,187,136,101,144,337,298,901,596
400,246,299,218,143,205,427,610,889,596
391,253,264,200,141,193,363,450,901,596
383,289,209,150,116,167,354,306,896,596
552,368,324,250,166,230,499,293,899,597
564,336,358,282,196,259,441,634,927,597
466,253,416,319,194,284,439,620,927,597
404,301,182,144,114,145,368,328,866,597
262,160,209,166,103,144,377,384,875,597
558,399,197,144,107,155,354,312,894,597
264,195,174,129,101,138,327,298,871,597
512,302,344,242,149,227,428,613,883,597
282,232,116,87,73,97,290,296,863,597
333,218,163,138,97,119,353,312,899,597
494,310,174,126,87,128,442,316,890,597
419,310,247,187,139,192,400,338,886,597
558,325,349,278,152,213,418,608,877,597
219,151,214,157,113,162,344,314,891,597
620,372,299,231,151,208,404,545,904,598
554,336,254,187,128,181,536,342,855,598
433,290,220,171,135,176,469,308,869,598
465,315,171,128,94,130,378,342,903,598
556,355,239,175,119,175,405,448,886,598
297,186,194,153,111,144,341,326,870,598
693,480,156,113,81,117,399,314,875,598
672,451,257,190,140,195,410,440,908,598
553,368,252,189,128,184,397,415,910,598
707,411,288,217,144,198,434,513,851,598
587,398,268,203,152,210,436,591,875,598
432,269,178,139,97,131,375,336,902,598
405,299,230,159,114,171,369,310,868,599
506,292,261,194,125,180,391,389,913,599
654,450,222,186,141,168,391,324,916,599
307,225,231,187,146,182,352,296,902,599
291,183,232,172,120,174,377,349,889,599
431,279,233,180,124,168,385,394,887,599
591,329,521,368,184,288,443,831,931,600
434,258,317,250,176,234,388,580,890,600
622,432,215,173,122,163,393,310,856,600
543,358,214,165,121,161,384,365,877,600
258,147,255,185,120,175,378,371,890,600
322,190,155,114,83,121,448,308,876,600
265,161,299,249,164,213,294,528,885,600
290,257,192,127,107,166,361,1,214,600
373,238,215,177,124,158,381,450,862,600
317,208,187,161,114,133,335,318,898,600
675,454,228,166,116,167,419,323,877,601
468,335,141,105,80,111,345,316,885,601
666,359,325,261,123,159,401,610,866,601
409,243,352,270,195,261,446,594,840,601
441,240,296,214,130,195,445,634,912,601
312,214,221,190,147,171,393,319,902,601
545,322,318,241,160,224,435,536,893,601
206,162,133,89,72,111,315,215,842,601
478,257,397,287,170,260,451,667,928,601
434,303,188,147,105,137,351,429,877,601
611,481,191,134,111,161,335,309,891,602
334,250,163,124,95,133,356,317,865,602
289,172,244,189,130,179,509,301,879,602
526,343,325,204,145,249,387,390,884,602
708,468,261,217,158,194,429,424,833,602
527,260,342,244,118,185,426,622,923,602
512,366,180,151,117,138,370,322,862,602
621,385,374,287,192,273,442,589,851,602
445,288,224,165,115,162,385,346,878,602
466,329,226,164,120,174,374,312,866,602
369,256,162,136,103,127,382,319,876,602
454,322,229,166,139,193,425,327,885,602
426,296,205,158,115,156,357,317,904,603
406,288,175,124,96,142,362,363,855,603
578,382,185,144,101,136,373,318,892,603
280,187,271,193,130,194,414,460,896,603
633,436,274,201,154,216,392,325,911,603
590,460,189,130,104,156,353,316,900,603
377,248,192,144,102,143,435,324,894,603
443,329,300,217,177,257,403,313,882,603
287,158,402,291,150,227,443,592,922,604
368,228,196,139,98,143,352,410,894,604
457,315,288,225,161,219,367,489,910,604
636,440,208,178,135,163,376,344,893,604
374,277,169,141,115,141,342,300,872,604
505,306,288,212,151,213,393,439,904,604
306,232,171,134,96,128,337,302,878,604
541,346,311,213,145,222,392,480,875,604
584,402,154,99,82,132,393,173,953,604
652,435,327,240,168,245,443,631,852,605
338,292,149,93,85,139,369,78,798,605
201,159,190,161,131,159,449,79,731,605
414,221,283,211,135,189,399,506,904,605
534,358,197,143,122,168,460,201,821,605
403,255,260,188,145,202,459,377,884,605
476,325,248,191,141,189,449,441,858,605
426,270,252,180,116,182,383,300,858,605
273,190,218,156,104,155,461,311,882,605
264,134,258,201,122,168,362,564,907,605
396,282,203,148,105,155,374,311,914,606
556,400,198,137,93,145,371,314,897,606
716,432,279,212,155,213,534,473,864,606
568,448,297,195,165,251,451,179,870,606
550,340,333,278,177,226,428,481,865,607
644,384,309,205,132,216,407,635,901,607
287,208,178,145,115,139,352,306,869,607
549,371,305,200,145,230,374,477,889,607
411,230,166,115,69,108,484,500,895,607
513,363,169,131,98,131,355,324,891,608
560,316,384,297,149,205,451,659,910,608
618,446,142,114,84,114,348,317,878,608
705,435,266,210,145,191,411,395,880,608
534,355,389,282,204,289,429,671,950,608
217,134,251,173,107,173,387,404,898,608
569,316,251,186,128,184,479,414,894,608
634,419,192,150,115,150,489,357,854,608
483,356,181,139,107,143,428,357,894,608
282,201,194,167,121,145,355,310,885,608
398,261,236,191,130,171,371,393,904,608
290,212,154,128,104,127,355,215,798,608
647,380,362,259,176,261,403,997,952,608
730,466,319,234,145,211,433,491,868,608
354,243,153,116,77,109,345,297,902,608
443,282,232,157,108,167,365,541,877,608
487,244,376,298,173,236,432,639,891,609
615,433,306,226,161,224,459,319,912,609
331,264,187,135,110,155,403,267,825,609
427,295,215,145,106,164,365,311,878,609
429,302,226,177,134,176,429,309,833,609
402,300,155,118,93,127,352,313,895,609
368,240,206,151,107,152,387,345,884,609
455,238,332,246,138,215,441,593,904,609
308,251,207,148,118,168,351,296,883,609
700,383,435,316,189,286,455,633,904,609
448,315,170,126,94,134,364,317,871,609
521,382,209,153,119,169,384,300,850,609
646,422,304,231,168,233,424,409,913,610
510,316,302,245,177,225,414,514,872,610
467,320,234,182,133,176,362,309,905,610
489,285,283,212,143,201,474,570,903,610
507,333,282,261,205,223,497,395,884,610
564,386,233,175,126,175,458,324,916,610
465,310,226,174,124,171,484,351,883,610
514,336,236,172,117,170,394,391,860,610
733,483,314,239,172,239,405,482,858,610
454,366,193,133,109,162,450,59,998,611
537,382,253,181,128,188,393,303,872,611
252,174,155,119,94,126,325,321,837,611
270,202,170,127,98,134,323,301,847,611
532,437,194,133,117,168,453,185,859,611
616,431,199,165,126,156,401,338,908,611
390,223,240,187,129,174,431,539,876,611
416,304,223,186,133,164,343,407,845,611
451,275,256,188,128,186,468,459,876,611
237,193,187,137,116,159,314,301,852,611
286,207,259,182,134,198,466,391,880,611
570,417,165,127,98,130,359,312,897,611
678,463,279,221,157,211,377,601,897,612
560,364,213,180,143,172,450,322,872,612
591,426,260,202,149,200,380,544,886,612
666,443,261,204,145,198,396,400,906,612
471,340,168,133,103,131,353,305,888,612
720,486,322,280,215,255,445,540,911,612
442,322,175,138,105,140,365,334,886,612
733,424,128,99,60,84,329,619,956,612
569,334,408,301,193,281,446,640,889,612
392,247,171,131,94,127,305,593,981,612
301,191,164,115,82,122,327,212,886,612
367,194,292,221,134,185,395,542,900,612
387,269,241,185,136,180,287,405,859,612
651,380,132,104,72,95,309,662,960,612
393,298,206,151,122,170,348,317,889,612
688,465,239,181,131,180,406,437,869,612
589,381,219,172,129,165,463,320,839,613
597,416,175,136,104,136,380,357,844,613
625,468,212,162,126,172,377,319,916,613
311,210,172,136,98,130,366,327,858,614
412,302,164,125,97,130,352,305,856,614
288,215,240,182,138,188,396,402,898,614
334,241,212,146,112,162,354,295,885,614
432,310,259,186,143,204,408,486,846,614
456,314,218,155,120,176,370,314,912,614
624,395,254,199,132,179,323,647,914,615
452,280,257,197,135,188,406,546,903,615
459,250,259,206,136,183,492,440,876,615
402,261,207,164,121,158,390,362,916,615
624,406,151,115,78,108,375,313,871,615
451,344,271,206,179,234,524,157,863,615
594,407,229,177,125,171,388,316,896,615
434,251,308,256,161,207,394,610,882,615
285,181,131,101,75,100,545,1,180,615
362,242,231,179,133,179,369,340,879,615
291,199,211,155,115,162,332,325,877,615
390,210,309,233,150,210,404,572,927,616
445,323,159,125,97,126,320,324,910,616
515,361,214,179,133,161,388,305,880,616
458,299,256,196,142,193,353,485,878,616
617,384,234,170,111,163,368,410,970,616
545,292,364,267,148,218,464,595,940,616
476,296,226,162,115,167,399,310,858,616
634,454,160,127,96,127,384,325,883,617
436,225,420,295,181,271,492,627,872,617
223,159,214,160,118,164,354,370,865,617
388,258,181,144,103,135,362,311,863,617
522,398,192,144,119,157,331,323,878,617
417,282,223,166,116,167,376,350,914,617
376,243,213,157,106,152,445,313,879,617
519,355,211,168,120,158,387,329,896,617
602,439,177,140,102,131,341,303,901,617
315,226,186,149,102,133,351,299,868,617
482,336,171,132,103,135,443,354,896,617
370,283,131,105,86,110,334,320,864,617
657,469,185,130,97,145,381,318,863,617
262,182,145,101,72,107,372,346,854,618
520,371,158,121,89,119,421,312,892,618
370,304,175,155,139,155,336,280,894,618
391,280,145,112,81,110,363,225,854,618
346,208,374,289,186,260,477,605,917,618
407,224,387,296,190,267,383,609,919,618
319,227,160,123,95,126,332,307,867,618
525,379,177,135,96,138,358,310,904,618
514,352,297,202,132,210,380,486,899,618
400,332,164,122,103,139,337,320,904,618
509,369,222,158,118,179,388,336,883,618
382,299,161,124,99,130,334,313,877,618
627,411,225,183,124,161,404,324,856,619
292,198,255,189,133,190,354,431,881,619
508,311,261,173,111,185,377,519,887,619
499,332,229,158,108,168,450,308,913,619
269,168,234,183,122,164,286,467,880,619
470,314,216,156,112,163,374,312,903,619
487,315,201,159,118,152,374,307,890,619
383,290,166,130,102,135,403,304,880,619
325,179,318,232,143,212,395,646,883,619
266,193,256,194,134,187,388,336,910,619
449,319,172,144,105,131,363,312,867,620
495,270,321,243,154,218,424,591,938,620
186,157,182,133,115,160,433,2,192,620
432,300,140,116,92,112,334,322,902,620
602,301,334,248,139,200,326,944,967,620
290,198,183,146,107,141,342,299,891,620
721,471,284,197,129,203,413,514,861,620
533,285,386,304,199,270,426,645,904,621
451,226,324,242,169,235,511,496,910,621
327,240,183,136,110,150,407,306,898,621
343,301,106,76,65,92,392,15,706,621
443,245,270,210,133,179,396,498,912,621
512,397,192,163,135,162,350,306,896,621
326,200,194,155,99,133,373,471,901,621
526,375,306,229,168,229,431,311,909,621
596,353,287,215,142,192,341,598,854,622
465,262,252,194,123,173,397,565,882,622
505,288,340,246,167,255,436,466,904,622
328,223,220,167,117,165,356,301,896,622
444,344,175,139,111,143,354,323,859,622
305,212,254,217,146,184,345,441,912,622
379,250,211,150,103,149,471,306,853,622
281,166,144,112,64,91,373,184,869,622
701,445,347,246,170,253,526,306,868,622
663,423,312,217,142,219,440,622,931,622
506,363,206,152,115,163,383,311,882,622
415,253,240,187,123,165,367,403,903,622
340,273,123,104,89,107,304,312,880,622
426,308,232,161,113,173,357,301,899,622
348,238,207,164,111,149,275,502,862,623
467,324,258,198,133,187,378,363,914,623
414,365,176,133,122,163,381,1,195,623
505,326,243,208,143,174,374,492,881,623
376,208,217,172,109,147,405,463,902,623
644,385,476,353,208,295,411,1023,910,623
631,440,234,188,140,177,393,308,875,623
257,154,178,134,93,131,355,389,882,623
370,240,217,163,117,165,359,463,870,623
639,449,210,168,122,157,407,339,897,623
361,248,166,132,99,125,353,301,846,623
580,364,281,206,136,192,442,416,899,624
674,426,274,227,171,204,509,323,898,624
502,371,195,172,134,154,383,327,903,624
317,218,136,94,62,95,329,305,884,624
421,303,198,156,114,150,371,277,858,624
372,259,260,169,120,190,404,365,889,625
437,275,387,298,175,248,558,440,911,625
475,273,280,217,166,218,484,432,886,625
289,202,230,180,131,173,352,453,909,625
333,292,113,85,77,101,362,1,185,625
509,325,285,212,137,198,419,406,882,625
218,138,180,118,80,130,362,165,899,625
357,245,210,168,124,159,446,321,897,625
457,269,367,276,180,251,466,624,910,625
632,381,266,190,140,205,503,322,870,625
412,263,330,248,163,233,412,629,866,626
297,218,165,123,86,122,334,275,916,626
429,322,204,148,114,159,375,300,823,626
645,340,614,458,218,303,546,697,936,626
564,420,175,144,116,143,360,329,905,626
638,402,331,244,159,234,422,407,881,626
362,237,218,151,114,169,386,313,890,626
316,222,150,129,99,119,319,304,900,626
578,413,176,133,106,142,382,324,870,626
450,244,321,259,178,226,395,613,868,626
337,215,248,190,135,182,334,493,867,626
340,206,382,262,168,261,424,574,906,627
553,315,349,247,156,243,420,530,896,627
458,289,233,182,131,174,459,328,890,627
601,394,378,280,182,253,564,523,900,627
337,239,358,254,167,255,426,588,913,627
481,311,189,151,105,141,399,308,882,627
519,366,214,187,134,159,393,307,894,627
593,400,271,208,149,199,394,520,886,627
498,337,199,147,110,155,375,395,902,627
537,359,273,198,128,195,373,421,884,627
241,188,180,143,113,145,324,299,877,627
484,319,283,192,136,212,402,451,878,627
358,231,197,168,118,149,355,305,853,627
559,297,322,236,153,224,481,390,899,627
676,430,298,229,144,196,412,566,872,628
507,365,157,122,91,121,340,307,900,628
449,274,170,113,75,121,452,553,882,628
198,132,229,184,124,161,331,301,901,628
395,301,225,158,133,192,349,313,870,628
474,355,196,149,120,161,362,318,912,628
553,360,221,175,127,166,384,315,891,628
347,257,251,175,125,192,380,435,877,628
507,328,117,95,66,86,240,609,885,628
518,349,165,121,84,120,371,306,886,628
523,395,117,90,67,87,362,322,903,628
298,242,139,109,91,115,311,317,856,629
564,310,383,287,181,258,452,602,921,629
553,399,252,194,148,201,397,524,864,629
490,355,235,188,140,180,390,324,887,629
328,228,168,138,98,127,346,313,872,629
495,354,126,96,69,96,317,319,887,629
414,250,281,213,141,198,399,358,925,629
580,409,254,180,136,200,409,324,873,629
476,267,284,206,134,198,433,537,875,629
469,263,367,265,153,239,434,628,876,629
414,209,176,118,70,116,435,559,913,629
597,375,243,182,122,172,406,362,887,629
491,338,228,200,139,170,361,400,888,629
452,282,236,183,127,168,390,301,871,629
474,313,297,238,175,230,383,423,892,629
315,197,198,160,113,143,386,323,895,629
459,268,366,256,151,237,448,607,901,630
579,357,316,224,133,210,418,598,875,630
439,256,277,192,119,186,405,445,873,630
393,264,210,178,134,162,368,323,880,630
612,445,207,148,107,161,347,328,903,630
505,286,442,331,183,260,413,754,925,630
495,278,254,183,104,164,386,574,855,630
309,188,230,173,123,169,493,347,893,630
512,306,247,192,141,187,422,578,848,630
489,311,337,280,184,231,383,483,904,631
594,406,218,168,117,158,401,319,890,631
729,397,240,173,99,147,413,645,860,631
460,323,173,136,94,130,387,282,886,631
407,310,191,129,102,155,326,309,883,631
707,459,293,221,150,205,426,403,907,631
445,291,257,174,120,187,401,504,872,631
728,482,355,289,174,227,425,456,946,631
371,296,157,117,93,125,335,306,854,631
676,384,271,211,157,215,533,521,883,631
521,369,200,152,113,157,393,383,884,631
436,301,193,138,98,140,370,332,904,631
531,401,240,168,131,187,392,320,899,631
394,227,152,129,83,104,411,479,871,631
383,319,112,84,71,95,311,314,880,632
567,316,396,288,185,273,451,600,890,632
382,274,198,156,121,160,385,343,835,632
443,299,149,116,96,125,477,312,890,632
484,368,159,131,111,135,358,318,893,633
676,413,353,264,168,237,424,458,899,633
453,327,206,142,109,161,385,323,879,633
402,296,229,162,122,179,341,303,906,633
581,391,315,246,172,237,382,493,902,633
489,316,159,127,89,118,375,305,873,633
445,286,224,182,136,174,388,329,904,633
548,363,122,97,68,89,341,326,904,633
697,429,417,288,202,310,530,492,912,633
353,260,211,160,126,171,363,294,872,633
665,439,290,235,171,214,395,455,872,633
495,332,276,215,155,204,387,534,877,634
469,348,147,129,102,118,340,311,887,634
444,294,238,176,124,175,402,316,872,634
445,277,275,211,153,203,384,519,863,634
466,356,139,102,83,115,317,314,871,634
587,418,201,144,108,158,341,324,919,634
530,346,211,155,109,158,361,323,880,634
485,333,224,171,131,176,375,318,887,634
480,331,180,141,106,138,348,381,851,635
388,313,117,84,69,98,279,310,842,635
399,241,217,154,105,156,400,333,916,635
689,369,443,331,172,257,463,671,949,635
396,262,200,141,100,150,379,333,879,635
540,352,232,161,109,164,398,362,917,635
541,354,254,191,131,185,396,484,914,635
489,346,123,95,74,98,372,325,872,635
509,269,382,303,137,196,566,369,874,635
475,352,247,179,141,201,378,321,858,636
436,276,230,187,122,161,364,459,836,636
339,225,235,177,123,176,430,387,885,636
436,243,377,274,161,237,450,567,926,636
360,259,138,110,86,111,300,319,876,636
688,448,257,191,144,198,483,337,893,636
339,280,164,121,99,137,321,293,883,636
423,291,286,218,166,221,479,552,898,636
356,211,321,236,160,230,474,364,912,636
371,272,298,219,170,240,452,571,863,636
571,280,148,112,70,98,524,436,881,636
600,370,343,272,189,253,412,559,889,636
620,409,376,253,189,289,528,399,893,636
434,300,199,131,91,148,375,305,920,636
519,340,248,189,128,183,380,469,884,637
354,255,153,104,80,122,343,308,879,637
505,395,150,113,91,123,362,308,855,637
530,316,303,216,141,212,428,630,864,637
532,365,313,238,174,237,410,472,873,637
208,159,143,122,102,119,290,311,891,637
656,456,268,220,156,202,419,369,863,637
502,255,250,219,142,170,373,463,909,637
678,476,227,160,123,181,409,388,853,637
237,145,284,190,121,193,385,470,875,637
427,300,205,159,124,161,368,309,901,637
448,297,199,142,102,149,369,404,889,638
677,442,327,249,163,226,497,319,916,638
573,343,267,206,136,189,407,371,920,638
589,311,433,299,172,262,540,574,880,638
439,300,231,186,136,179,400,331,834,638
668,380,210,147,78,124,442,1023,971,638
463,320,179,140,103,138,364,308,952,638
456,344,285,217,151,200,533,316,877,638
679,433,398,304,216,293,423,613,924,639
490,261,377,273,161,248,448,647,911,639
511,378,199,158,118,155,434,441,855,639
535,383,245,191,150,197,410,372,862,639
420,282,180,133,95,137,386,359,903,639
580,388,252,199,132,171,485,424,863,639
596,426,211,154,112,162,398,329,892,640
529,335,192,141,94,136,423,312,886,640
522,356,212,151,99,148,369,308,891,640
271,153,240,202,133,163,354,379,894,640
244,187,140,112,83,108,280,306,832,640
418,236,296,212,134,205,410,522,898,640
222,159,199,165,120,149,287,367,887,640
548,271,328,235,140,212,517,547,850,640
356,232,281,226,142,189,379,426,904,641
410,311,163,129,98,125,370,310,875,641
513,281,330,268,171,221,404,602,870,641
384,242,289,206,136,201,403,583,881,641
610,430,170,131,96,130,372,309,907,641
402,225,423,322,191,275,456,615,917,641
604,419,203,151,108,153,357,312,884,641
613,445,174,138,104,135,380,314,841,641
296,185,294,191,118,198,375,546,871,641
396,301,169,132,106,139,321,315,893,642
273,190,158,121,95,126,353,312,876,642
666,403,328,228,138,212,425,457,879,642
561,394,234,184,142,180,375,358,899,642
459,306,237,181,128,175,410,377,875,642
704,440,267,183,115,177,448,431,881,642
498,340,183,147,107,138,361,317,897,642
466,307,222,181,129,164,377,344,903,642
569,360,306,234,133,193,447,410,935,642
358,233,197,133,93,144,360,327,925,642
337,240,256,188,153,213,464,306,831,642
489,318,245,179,129,184,389,399,870,642
358,284,192,149,118,156,311,289,882,642
633,430,258,198,148,197,400,325,888,643
259,177,267,188,125,192,388,514,913,643
578,396,262,195,141,197,409,323,853,643
599,409,317,232,174,247,433,588,866,643
537,295,377,283,128,186,452,746,944,643
410,230,331,231,142,220,462,480,917,643
386,234,333,254,168,236,424,581,872,643
624,419,229,163,116,170,379,405,894,643
535,356,221,173,121,163,392,343,886,644
319,243,109,80,67,91,302,318,819,644
702,454,349,260,183,257,446,485,906,644
644,462,185,137,102,143,335,311,870,644
634,345,339,274,163,224,441,557,922,644
239,166,193,147,110,151,332,324,869,644
353,270,209,161,125,167,355,299,850,644
345,257,151,121,93,119,326,315,881,644
393,221,239,184,119,162,457,386,915,644
276,193,185,130,96,142,342,312,887,644
614,405,294,219,160,219,415,460,882,644
432,254,273,201,138,197,406,528,866,645
260,188,204,176,114,140,328,388,853,645
329,240,154,122,98,125,409,324,870,645
629,424,232,176,119,166,364,304,922,645
601,309,274,214,120,161,437,638,927,645
453,320,186,142,111,149,405,309,857,645
699,447,249,175,130,196,479,315,895,645
520,369,207,166,127,161,380,307,829,646
276,203,141,115,88,110,296,314,884,646
569,371,274,217,141,191,382,495,834,646
534,371,207,169,123,161,362,313,872,646
499,347,196,146,105,150,387,320,889,646
333,246,203,173,132,158,339,313,881,646
590,397,224,179,117,150,438,477,877,646
629,317,236,166,123,181,550,331,868,646
491,299,304,224,147,215,454,635,898,646
446,345,170,117,89,131,442,312,900,646
409,282,203,159,115,156,381,350,872,646
531,353,199,158,117,153,473,313,880,646
366,256,214,164,132,174,398,430,825,646
714,479,318,242,177,239,490,318,860,646
596,419,187,118,85,143,375,273,903,646
322,230,284,192,142,227,367,299,859,646
402,229,306,224,154,219,418,600,861,647
391,219,260,192,115,174,418,349,892,647
346,169,263,192,111,168,451,456,891,647
496,348,260,203,144,192,403,312,865,647
423,316,285,204,176,246,515,241,901,647
485,340,183,137,104,144,337,315,878,647
689,472,279,196,143,208,403,485,854,647
390,276,158,125,97,127,366,314,896,647
288,220,211,163,125,163,341,281,866,648
656,389,252,202,150,197,420,393,860,648
608,426,210,171,130,166,389,325,889,648
651,429,291,234,169,216,426,535,899,648
508,351,323,219,141,228,381,314,888,648
389,300,232,166,129,183,349,275,908,648
465,230,381,292,173,250,474,655,893,648
222,186,133,97,82,113,243,305,854,648
359,200,321,236,137,200,408,600,952,648
580,428,193,148,120,156,384,322,899,648
642,367,431,306,178,285,452,639,922,649
626,357,300,254,171,207,429,619,894,649
423,285,195,147,113,154,471,314,872,649
515,339,268,185,127,200,390,461,860,649
547,336,283,217,134,190,433,640,913,649
557,409,108,89,67,86,307,601,906,649
527,268,321,230,146,220,426,696,923,649
469,306,191,154,108,142,387,317,893,649
666,351,497,380,210,295,476,841,953,649
584,329,298,234,155,212,474,641,893,650
517,323,398,290,218,305,557,620,892,650
451,297,223,163,117,169,426,324,893,650
462,283,320,228,132,204,496,534,876,650
445,324,113,87,68,90,311,364,934,650
612,343,300,234,148,204,421,657,920,650
419,236,274,205,130,186,454,596,862,650
530,383,207,155,117,158,408,339,912,650
407,270,231,181,123,165,415,308,866,650
287,213,115,78,60,92,349,303,883,650
451,294,178,138,94,128,320,284,897,650
595,392,306,219,148,218,390,524,921,651
509,317,253,198,135,183,371,351,890,651
391,270,140,103,78,110,339,320,878,651
254,151,272,209,136,191,368,422,842,651
450,330,221,187,142,174,375,302,843,651
398,292,158,104,78,123,320,313,860,651
402,282,194,157,116,148,367,313,892,651
419,239,346,261,155,228,421,607,892,651
491,302,257,196,131,186,402,464,926,651
697,453,303,215,153,222,415,556,863,651
640,428,253,207,149,191,399,336,861,652
402,280,261,183,137,205,374,507,872,652
407,273,222,173,127,173,379,312,911,652
409,291,241,169,127,192,398,315,907,652
529,386,154,115,86,120,355,322,861,652
483,353,235,171,135,190,379,306,872,653
495,379,151,112,94,129,362,354,883,653
608,369,128,92,57,86,367,637,931,653
440,244,375,285,189,260,417,553,854,653
305,244,186,136,118,162,434,322,858,653
406,235,374,289,172,243,442,608,919,653
366,248,184,150,110,142,335,302,893,653
549,337,266,198,123,175,403,477,879,653
347,255,154,121,84,119,326,301,862,653
412,303,174,143,105,129,344,221,862,653
360,257,181,142,115,147,348,319,855,653
573,362,281,241,177,213,410,505,880,653
429,240,362,289,178,242,490,567,898,653
603,419,229,179,132,176,403,368,892,653
276,162,265,196,117,165,313,616,899,653
426,332,178,130,103,145,337,305,887,654
447,263,351,263,175,248,416,622,918,654
345,249,229,158,119,178,397,444,898,654
264,184,170,132,96,126,331,311,856,654
487,319,204,154,111,156,367,356,886,654
267,200,192,153,113,150,328,293,865,654
405,234,319,222,140,212,431,499,919,654
562,386,236,165,113,166,397,323,903,655
596,380,278,210,134,189,404,396,902,655
572,387,304,207,148,233,399,385,900,655
425,253,217,166,114,157,336,423,905,655
452,343,125,100,80,104,314,311,883,655
729,447,323,242,164,233,435,539,903,655
372,252,182,146,105,138,357,320,878,655
214,185,103,81,67,87,252,299,877,656
386,275,191,149,115,148,367,326,889,656
502,331,223,178,141,180,470,328,884,656
500,326,261,216,155,195,396,492,864,656
399,234,204,179,130,149,502,320,894,656
495,331,105,73,55,83,280,654,903,656
346,248,186,135,96,140,362,320,907,656
335,250,179,139,101,138,444,19,951,656
508,344,153,129,95,116,411,311,869,656
402,230,292,226,149,201,404,541,895,657
492,328,167,143,101,124,349,311,879,657
413,300,249,192,142,192,376,473,887,657
427,299,201,142,110,159,368,303,894,657
399,287,196,148,110,150,347,311,877,657
265,208,182,135,105,147,343,307,867,657
491,381,214,160,128,177,356,294,883,657
433,283,404,303,182,265,482,644,915,657
707,398,207,156,89,131,385,717,954,657
611,407,232,186,128,166,403,495,902,657
590,442,172,135,110,142,354,323,904,658
321,206,235,186,136,180,424,473,862,658
613,414,259,189,135,194,399,323,921,658
516,337,279,216,159,212,409,390,883,658
583,351,325,231,143,222,366,555,875,658
637,381,151,109,66,99,422,663,945,658
624,353,499,385,223,314,384,1023,913,658
366,250,192,151,116,148,355,318,873,658
409,272,131,106,86,109,442,316,801,658
531,338,360,232,159,260,471,515,888,658
548,310,359,254,180,251,481,643,844,658
595,410,240,188,141,187,387,319,861,658
523,377,215,170,131,173,382,307,882,658
282,214,135,106,84,110,310,332,917,658
500,357,204,155,111,152,387,324,893,658
710,464,227,159,110,167,472,621,873,658
373,260,241,190,152,200,453,314,881,658
629,385,334,250,170,237,428,524,867,659
591,363,233,180,117,159,492,466,873,659
342,267,104,89,77,88,338,235,867,659
383,237,280,216,144,195,414,404,873,659
618,375,434,381,224,282,444,618,898,659
500,325,234,167,124,179,483,319,877,659
649,436,211,143,97,155,393,353,906,660
616,436,209,164,119,155,404,501,889,660
532,325,277,212,153,210,456,396,890,660
563,389,298,226,174,239,410,449,872,660
607,398,235,191,141,179,417,557,829,660
475,306,199,149,113,156,394,434,872,660
198,157,220,167,134,182,513,3,505,660
303,157,306,235,150,202,557,384,884,660
273,204,191,137,107,149,319,298,866,661
555,378,235,181,135,180,376,378,896,661
350,247,178,136,105,138,335,300,865,661
586,408,110,85,63,85,315,314,914,661
622,418,244,176,127,185,412,454,886,661
630,396,263,196,145,204,491,329,825,661
669,426,237,184,133,177,435,445,920,661
666,383,396,296,194,278,457,631,905,661
677,459,262,198,148,202,410,440,887,661
444,303,178,133,97,134,371,310,865,661
561,359,130,104,63,86,297,641,971,661
569,436,188,158,122,150,373,320,890,662
499,255,334,245,132,196,549,544,872,662
716,458,276,197,142,209,419,549,863,662
662,453,250,191,139,192,407,332,855,662
606,388,177,138,86,121,362,304,881,662
567,336,298,235,153,206,415,554,875,662
438,277,305,232,165,226,420,555,864,662
531,283,207,149,95,138,503,665,888,662
565,392,291,212,144,212,419,459,870,662
592,413,208,142,101,157,371,310,896,662
324,201,192,150,101,141,361,313,909,662
659,424,289,237,154,199,412,622,901,662
471,268,300,222,147,210,410,629,892,662
286,153,332,252,140,197,407,535,890,662
584,402,199,158,113,148,442,314,881,662
234,167,231,164,131,186,369,304,904,662
473,334,149,110,85,117,345,319,851,662
308,242,151,131,103,121,340,303,875,662
654,410,358,283,188,252,426,463,901,662
723,451,294,223,154,214,436,415,816,663
283,186,156,117,86,120,346,315,889,663
564,384,200,152,108,147,404,356,853,663
405,313,160,122,95,127,332,320,909,663
591,387,196,151,107,148,387,341,870,663
512,365,189,155,113,143,344,306,882,663
606,439,123,105,84,99,346,313,888,663
353,216,121,99,69,89,326,317,881,663
608,363,295,232,151,203,427,582,857,663
700,467,287,217,158,218,416,559,902,663
332,241,167,134,94,120,315,298,847,664
459,213,413,291,166,260,447,569,922,664
695,386,354,255,158,238,423,631,940,664
508,370,231,173,129,180,360,309,882,664
604,378,263,192,132,192,420,547,898,664
356,260,233,162,115,178,388,469,883,664
513,359,251,193,149,196,480,548,891,664
549,364,109,92,67,83,325,325,859,664
640,348,442,339,209,289,441,613,899,664
305,187,279,208,136,194,352,579,872,664
728,474,267,203,132,184,425,317,880,664
275,173,240,187,128,174,354,413,888,665
361,216,234,177,120,166,394,325,912,665
418,309,248,197,149,196,412,384,889,665
724,408,346,265,147,211,448,542,893,665
628,445,201,153,117,158,399,312,858,665
264,164,169,139,91,124,385,328,879,665
685,408,269,238,139,166,460,328,889,665
356,270,180,121,91,142,329,307,842,665
366,219,347,259,162,234,426,612,875,665
499,275,410,290,181,274,407,522,956,665
547,312,298,225,144,198,437,542,889,665
269,184,184,146,109,143,357,308,899,665
329,243,164,109,83,130,353,326,876,665
262,171,145,106,78,111,370,359,897,665
719,436,347,258,164,237,455,643,915,665
608,415,278,198,138,205,401,428,884,665
375,265,176,141,106,136,364,323,870,665
507,334,248,184,133,185,410,515,885,665
467,333,201,142,104,156,365,312,897,665
589,384,298,234,159,214,477,414,874,665
532,371,183,129,90,136,387,298,885,666
198,166,113,91,82,101,321,1,193,666
275,182,199,146,100,147,288,287,881,666
668,394,207,155,112,154,428,475,969,666
604,442,146,99,74,113,340,318,890,666
379,290,190,144,110,148,364,297,868,666
249,145,241,164,108,170,436,359,887,666
269,178,212,168,130,166,359,306,894,666
372,284,143,104,82,116,342,310,875,666
445,340,156,122,96,126,341,299,888,666
542,322,353,260,173,253,462,601,909,666
508,391,118,98,76,94,296,303,932,666
387,226,432,292,169,270,439,616,903,667
659,351,556,421,232,345,476,896,942,667
388,225,301,229,149,209,385,576,908,667
546,349,235,171,124,175,407,411,902,667
508,269,330,246,154,217,435,582,909,667
547,320,278,217,146,196,404,390,882,667
275,211,191,150,109,143,330,334,855,667
481,304,325,230,160,243,437,652,911,667
456,278,227,146,85,143,361,336,907,667
313,227,254,192,141,195,358,299,871,667
434,283,190,147,102,135,390,320,900,668
409,299,161,122,96,131,331,320,888,668
687,418,334,246,172,247,497,504,893,668
426,257,239,186,128,174,442,469,868,668
402,314,222,139,108,176,353,302,899,668
363,249,230,198,133,156,359,320,869,668
563,388,169,131,92,126,361,341,913,668
444,244,273,221,127,173,439,548,835,669
385,223,351,253,160,235,429,539,902,669
634,442,257,219,160,196,380,301,854,669
626,435,324,225,161,244,398,380,865,669
431,317,230,172,130,179,387,333,884,669
462,333,240,176,137,188,452,433,895,669
633,449,303,226,159,226,389,302,898,669
491,332,235,179,136,184,378,310,871,669
467,247,303,235,129,185,418,642,887,669
499,327,222,159,113,167,371,387,885,669
593,402,235,185,125,169,391,311,856,669
559,350,423,305,191,278,435,595,861,670
341,251,125,85,66,100,321,307,854,670
626,387,274,223,164,206,404,460,901,670
275,170,206,162,114,148,272,417,878,670
370,242,173,142,104,132,357,319,874,670
551,382,220,174,124,167,387,334,886,670
316,225,223,157,126,182,376,321,889,670
396,278,147,123,95,115,337,314,853,670
400,288,162,132,103,131,344,309,882,670
680,452,280,211,145,198,403,406,858,670
699,392,413,311,202,286,501,627,890,670
401,226,238,168,106,158,436,575,870,670
440,308,223,172,142,191,449,317,880,670
707,417,335,256,160,216,423,565,890,670
548,313,292,237,118,157,361,599,897,670
693,467,265,191,139,202,441,434,900,670
660,454,209,149,113,157,461,354,876,670
559,414,119,92,74,97,333,318,874,671
537,331,256,200,136,181,407,449,895,671
306,226,219,141,106,174,370,302,885,671
606,399,271,202,141,199,422,450,885,671
376,220,321,233,155,225,446,632,899,671
380,259,250,179,125,186,357,444,939,671
289,183,174,121,80,122,341,310,902,671
238,191,106,72,62,91,384,37,747,671
542,286,338,255,161,223,467,549,896,671
713,442,338,254,151,210,439,534,908,671
444,306,235,181,135,181,370,454,859,671
585,381,356,248,174,259,533,637,885,672
367,266,156,132,96,121,354,319,885,672
371,259,182,131,101,146,364,325,872,672
732,465,194,145,99,140,415,342,864,672
269,183,175,128,92,128,347,319,849,672
401,249,240,165,112,172,521,319,877,672
406,288,183,133,94,136,355,321,893,672
614,326,345,271,155,218,411,591,909,672
667,462,260,177,122,192,398,335,879,672
516,374,213,161,121,161,387,399,892,672
398,259,293,218,159,215,476,413,881,672
367,267,186,136,91,133,315,303,867,672
546,373,243,188,139,182,397,483,863,672
549,286,576,409,249,341,523,1023,919,672
585,323,332,242,145,223,467,629,871,673
343,273,200,149,118,162,360,328,903,673
589,456,148,117,98,123,343,319,855,673
431,261,434,338,199,280,458,613,932,673
344,266,142,121,99,117,318,327,902,673
380,252,192,144,105,145,372,315,883,673
585,380,285,195,128,202,389,452,888,673
468,259,328,251,160,222,435,455,884,673
309,205,194,148,110,149,358,348,888,673
359,237,151,121,87,114,330,310,874,673
407,218,390,300,194,273,441,628,886,673
367,260,240,188,146,190,336,490,871,674
237,147,183,147,102,131,429,302,875,674
597,430,108,86,64,87,411,220,899,674
720,415,413,344,234,279,449,799,928,674
563,395,219,192,142,167,388,314,861,674
392,262,142,106,81,110,348,325,899,674
384,286,142,105,82,114,334,320,902,674
359,205,269,201,127,181,382,520,869,674
359,265,266,208,165,208,448,480,884,674
338,228,147,130,92,109,340,294,921,674
582,404,231,190,144,176,395,353,881,675
537,356,122,97,69,89,371,626,940,675
664,472,219,173,134,171,392,444,855,675
476,317,248,156,115,195,464,349,894,675
374,246,242,188,132,179,348,438,841,675
549,368,236,176,131,184,401,314,920,675
599,427,172,139,104,132,391,263,901,675
541,290,387,282,129,197,414,739,940,675
421,237,255,189,131,180,534,318,868,675
558,358,217,187,120,151,412,368,869,676
540,347,318,235,158,220,407,432,913,676
437,311,151,120,89,117,343,304,887,676
392,267,223,171,124,166,398,339,857,676
479,301,217,162,108,154,403,393,888,676
378,280,235,143,101,177,390,248,863,676
408,277,162,132,98,124,355,314,892,676
636,425,258,175,166,274,574,264,875,676
249,185,196,164,123,149,289,312,884,676
500,381,142,104,88,120,339,316,870,676
283,195,227,166,125,174,360,329,875,676
496,325,259,194,142,198,395,385,872,676
570,425,213,151,116,170,379,320,837,676
546,307,345,253,170,252,476,592,876,677
588,390,333,241,168,242,387,343,879,677
305,209,174,132,98,133,358,308,873,677
520,297,266,197,125,181,420,433,888,677
506,268,160,122,71,101,405,778,931,677
629,362,366,274,175,248,441,595,915,677
543,412,149,110,88,123,341,314,851,677
617,318,352,305,216,258,525,587,837,677
347,242,269,208,154,209,359,397,850,677
366,285,230,155,125,192,478,369,885,677
435,277,367,270,168,249,433,524,822,677
478,366,180,144,106,137,362,316,906,677
608,400,231,187,137,172,400,356,872,677
357,197,389,267,159,254,361,608,914,677
574,329,363,282,183,254,451,569,920,677
358,222,245,188,131,180,367,449,903,678
591,351,356,274,184,248,428,546,879,678
257,180,293,199,133,212,382,477,907,678
547,427,127,95,78,104,288,304,862,678
351,252,184,120,84,137,361,293,880,678
449,290,297,247,178,222,459,390,896,678
345,230,136,103,78,106,328,314,828,678
363,245,167,123,94,131,334,303,866,678
484,336,249,185,138,190,408,311,923,678
630,351,167,129,77,108,371,1011,966,678
367,249,251,197,149,197,487,306,911,678
493,343,244,202,156,194,483,344,892,678
381,224,340,258,150,220,419,626,875,678
385,305,155,110,89,131,351,315,881,678
250,214,121,104,91,107,392,37,813,678
611,385,271,218,151,199,396,415,905,678
217,162,159,127,100,130,424,79,734,678
469,319,165,125,94,123,375,319,845,679
498,360,177,141,108,142,337,308,844,679
425,275,149,104,70,106,364,314,885,679
587,424,253,202,152,195,382,301,871,679
576,333,297,206,130,204,429,620,853,680
531,383,181,136,102,141,368,318,868,680
490,310,367,247,163,260,503,521,885,680
425,243,403,338,207,263,507,390,925,680
363,235,242,186,133,181,403,322,904,680
350,241,181,137,96,132,328,441,852,680
482,284,242,174,108,161,414,414,923,680
412,247,319,229,141,223,426,481,870,680
371,253,202,142,101,150,344,452,877,680
424,262,291,214,148,213,460,391,877,680
615,434,237,173,133,188,407,345,903,680
376,223,335,257,174,237,374,639,925,680
311,227,173,122,92,133,345,321,893,681
482,260,355,260,162,237,445,649,884,681
511,363,233,178,136,184,405,316,879,681
304,239,152,129,103,121,282,304,885,681
607,354,496,401,225,299,523,167,779,681
346,240,113,90,65,85,301,409,871,681
547,274,442,341,195,278,454,648,877,681
528,335,246,198,143,182,394,477,868,681
296,159,240,190,106,146,645,0,351,681
543,344,250,189,136,187,444,444,846,682
466,230,205,166,124,156,519,321,899,682
521,323,289,199,118,191,394,437,880,682
719,431,292,226,168,227,479,431,896,682
551,363,272,213,138,184,344,571,867,682
615,447,185,139,108,148,362,318,891,682
613,427,224,162,117,170,376,316,845,682
589,390,334,228,156,239,414,475,920,682
348,253,195,167,119,147,316,341,902,682
657,410,317,233,169,235,509,531,893,682
723,421,250,190,123,170,416,326,877,682
515,275,414,282,171,271,510,597,868,683
541,404,122,87,67,99,294,313,908,683
449,318,279,206,143,202,371,297,873,683
572,350,169,120,77,119,486,471,879,683
285,184,221,171,122,165,368,318,875,683
304,223,208,144,111,163,399,293,907,683
374,290,183,126,94,141,323,300,892,683
380,278,227,162,123,182,377,378,888,683
378,242,201,160,113,143,382,310,904,684
448,242,375,276,175,255,406,628,898,684
658,427,286,215,152,210,420,479,887,684
471,317,213,171,129,168,404,379,899,684
352,212,292,230,153,208,419,461,857,684
433,226,328,266,149,195,428,617,946,684
677,471,293,225,168,227,403,481,878,684
367,243,211,157,112,160,373,321,909,684
468,254,335,243,156,226,422,566,853,684
499,281,265,204,133,184,409,503,906,684
387,283,190,144,112,152,354,320,900,684
289,176,195,146,89,130,416,304,979,684
468,269,396,290,182,262,393,593,914,684
331,187,334,249,150,223,368,615,896,684
542,297,515,395,228,304,469,907,936,684
273,204,201,144,110,157,335,302,875,685
506,310,391,284,204,297,515,367,946,685
219,159,147,117,86,115,246,271,869,685
646,416,256,202,142,188,399,434,906,685
359,236,274,191,124,195,397,334,895,685
416,305,242,205,152,185,381,359,875,685
646,370,410,309,193,274,457,658,881,685
364,282,152,121,97,125,333,311,895,685
431,249,251,187,124,175,360,579,853,685
558,393,260,204,149,192,406,416,866,686
374,246,172,123,97,140,422,319,872,686
322,210,268,209,141,189,374,489,885,686
405,283,170,122,87,129,336,290,884,686
471,294,261,186,128,187,399,341,873,686
610,340,336,259,158,217,448,632,874,687
471,275,295,231,154,214,518,477,860,687
409,247,302,224,141,209,429,527,861,687
304,234,238,181,149,197,439,361,909,687
354,229,242,178,123,173,355,389,893,687
418,236,177,144,95,116,493,314,895,687
632,349,379,295,170,238,479,627,874,687
557,357,277,214,156,211,522,433,883,687
396,229,320,246,155,222,388,574,903,687
414,310,226,176,133,181,330,299,903,688
658,375,377,309,183,242,451,446,909,688
539,420,136,94,75,112,331,314,903,688
488,357,167,127,95,132,318,298,842,688
451,283,195,158,109,138,377,384,912,688
583,419,286,236,186,230,386,386,904,688
499,357,109,85,65,85,336,318,859,688
536,361,121,91,65,90,401,546,888,688
288,222,180,141,115,150,358,300,871,688
305,207,159,115,86,123,350,313,876,688
360,289,151,123,100,124,350,313,870,688
559,353,350,276,182,241,466,597,848,688
312,230,251,176,130,186,380,313,891,688
303,215,163,135,100,126,316,302,879,689
298,240,140,105,85,115,301,313,876,689
638,437,212,165,117,156,522,314,860,689
336,194,254,191,132,183,504,354,875,689
390,208,313,242,150,204,417,569,878,689
562,371,246,190,145,194,429,466,894,689
633,419,308,221,150,228,406,565,882,689
423,297,231,176,132,180,380,307,902,689
454,326,188,141,116,155,371,335,874,689
600,303,430,300,166,263,409,584,939,689
189,145,136,117,86,106,283,309,896,690
612,448,172,140,105,132,383,325,869,690
654,487,233,179,140,188,383,414,902,690
504,294,354,261,156,235,427,626,903,690
369,260,177,131,95,136,338,311,905,690
583,421,223,171,131,177,385,310,885,690
627,447,184,143,107,141,442,323,884,690
692,473,266,203,130,186,433,355,870,690
452,350,167,138,113,139,367,310,878,690
257,169,202,164,122,154,356,297,883,691
580,373,214,148,97,148,402,316,882,691
254,192,183,127,107,153,365,308,893,691
326,250,128,106,89,108,291,314,865,691
524,300,401,311,188,262,411,515,893,691
606,327,339,275,185,239,418,479,896,691
375,244,184,143,110,145,351,426,905,691
494,360,182,136,103,142,380,310,867,691
614,439,240,173,126,185,377,386,894,691
320,200,243,182,125,174,380,366,902,691
218,154,168,132,96,125,333,308,862,692
576,354,262,197,128,176,508,347,905,692
260,204,150,109,80,118,311,304,874,692
361,232,195,143,98,144,387,395,878,692
455,297,263,215,151,192,412,423,850,692
574,301,365,255,114,176,468,639,932,692
451,248,249,196,114,153,434,652,898,692
417,295,255,192,148,199,360,319,897,692
554,344,284,207,151,214,464,421,896,692
517,378,189,147,119,157,355,307,888,692
305,203,267,179,120,188,402,333,873,693
544,330,188,147,100,133,374,419,889,693
681,442,269,188,126,191,394,396,925,693
431,303,249,184,140,200,381,366,901,693
631,357,255,201,132,178,487,317,892,693
509,332,191,143,100,141,371,334,876,693
652,429,357,265,189,256,529,502,891,693
557,349,289,209,138,199,445,518,912,693
717,449,287,207,144,208,429,463,878,693
266,188,193,146,106,148,367,324,902,694
682,384,253,204,135,179,469,318,878,694
375,192,217,169,121,159,489,317,875,694
298,218,192,143,109,148,284,380,874,694
268,196,148,126,93,114,291,311,868,694
719,402,458,337,184,277,443,931,943,694
368,251,213,147,109,161,376,265,873,694
291,269,89,71,67,82,351,78,826,694
503,330,242,170,135,195,488,384,876,694
490,278,286,226,149,199,503,395,838,694
364,205,265,213,133,182,400,484,877,694
707,445,328,226,151,235,406,513,893,694
412,281,215,170,126,171,376,316,894,694
571,312,461,329,213,312,499,660,907,695
466,306,260,207,149,195,371,464,879,695
395,181,225,157,107,162,498,359,881,695
434,257,157,140,98,113,400,569,947,695
582,368,325,244,154,216,385,587,912,695
601,344,482,371,226,316,402,1005,936,695
503,330,230,180,124,169,385,453,885,695
552,382,248,199,134,176,413,367,885,695
397,288,205,134,104,164,367,318,866,695
386,235,231,171,113,165,394,364,909,695
302,234,152,108,87,125,321,311,903,695
609,440,214,155,114,162,381,347,911,695
383,267,156,113,84,122,319,300,881,695
471,365,184,143,114,147,371,315,900,695
359,250,214,177,129,160,398,404,869,695
301,240,123,87,68,99,288,286,910,695
319,235,220,145,115,185,367,301,881,696
528,384,312,218,165,244,371,474,826,696
467,322,188,150,113,142,332,312,939,696
357,256,203,146,114,167,356,313,897,696
589,445,413,299,246,338,504,209,854,696
427,299,208,163,116,155,377,320,906,696
527,392,294,230,179,236,444,295,853,696
390,260,168,144,108,127,362,317,884,696
606,393,338,255,165,235,412,558,850,696
394,275,176,143,113,140,483,335,839,696
470,312,197,149,97,141,370,316,869,696
680,465,210,150,106,155,385,476,861,696
320,234,211,143,111,173,423,292,867,696
288,156,252,206,128,169,400,597,906,696
448,281,310,220,148,220,379,622,869,696
643,414,130,103,60,82,387,602,924,696
619,432,236,187,139,186,437,332,886,696
718,427,435,328,229,323,451,609,912,696
479,259,286,212,123,180,416,626,876,696
599,385,241,177,121,176,406,408,865,696
645,454,249,186,141,198,405,324,902,697
667,415,241,182,126,176,399,442,874,697
560,389,217,170,122,156,384,308,863,697
312,210,198,135,100,151,367,300,862,697
590,348,343,262,169,239,422,582,926,697
585,359,374,261,167,260,464,642,892,697
371,245,321,234,155,228,431,427,894,697
656,431,227,174,123,168,404,328,911,697
378,277,172,133,98,131,357,305,879,697
607,430,241,197,140,175,416,475,862,697
413,285,284,193,123,200,399,493,830,697
518,268,513,385,223,319,448,665,915,697
351,216,273,192,124,190,406,332,875,697
479,303,267,176,119,195,380,479,894,697
497,386,147,105,84,118,353,311,832,698
340,198,264,195,131,195,384,311,864,698
466,247,308,228,137,205,402,622,855,698
250,163,201,162,113,147,372,315,909,698
411,299,176,142,114,141,413,324,878,699
494,269,250,201,131,170,411,401,920,699
609,444,172,139,106,135,315,266,931,699
571,374,316,220,172,254,429,383,867,699
328,192,291,224,145,196,419,433,915,699
698,471,275,217,160,212,508,442,904,699
432,312,182,137,106,147,342,307,877,699
403,264,197,139,94,140,377,304,879,699
480,325,250,201,155,199,371,296,895,699
524,380,237,188,138,184,397,507,852,699
591,423,265,196,144,203,456,307,942,700
624,429,187,119,83,138,363,315,870,700
394,270,238,198,145,178,395,354,911,700
506,323,175,120,82,124,366,310,919,700
549,377,226,163,111,160,395,314,881,700
595,371,327,223,144,233,397,488,925,700
216,168,164,121,91,127,331,319,874,700
445,298,295,216,152,216,478,330,911,700
499,262,322,245,152,211,445,414,918,700
366,279,172,127,96,134,331,316,852,700
495,356,202,157,121,158,364,328,875,701
674,382,376,248,147,242,399,443,922,701
584,357,352,259,171,253,424,515,893,701
341,228,194,137,93,141,396,351,918,701
710,444,265,221,134,173,415,483,915,701
572,437,251,179,143,210,405,307,854,701
241,183,201,145,110,158,381,294,889,701
448,288,219,156,113,171,361,414,883,701
450,292,246,193,127,174,433,394,858,701
475,323,187,159,125,151,362,314,874,701
659,434,322,220,160,244,425,513,861,701
249,194,151,132,105,123,309,300,858,701
477,297,226,190,132,166,389,465,891,702
474,382,196,142,116,166,409,351,958,702
527,328,264,196,125,183,416,327,886,702
499,276,368,250,152,243,453,650,907,702
440,319,166,125,95,131,350,309,867,702
410,302,173,130,104,140,355,295,858,702
425,344,239,167,143,205,449,465,882,702
624,427,268,210,123,168,520,510,886,702
352,261,260,183,139,204,401,320,863,702
493,326,203,172,114,141,371,397,839,702
460,347,176,126,99,143,435,314,876,702
409,212,268,212,125,170,364,530,896,702
581,365,264,237,168,192,399,544,847,702
304,196,201,144,100,149,373,254,875,702
597,387,279,208,142,205,395,489,872,703
338,282,104,88,79,92,310,190,863,703
569,348,502,351,221,349,546,567,940,703
294,180,329,238,149,217,405,593,902,703
471,345,181,137,108,146,367,311,884,703
399,270,186,148,107,143,373,321,891,703
426,318,255,194,148,199,445,478,876,703
416,245,311,235,153,215,434,479,898,703
614,416,289,188,134,220,406,504,869,703
355,230,204,158,109,152,382,405,874,703
507,342,220,177,119,156,399,383,904,703
366,239,252,217,150,181,368,433,897,703
583,454,177,122,102,149,344,314,888,703
545,300,304,229,138,199,465,510,924,703
596,398,300,209,139,215,411,551,866,703
464,315,189,156,120,151,372,327,883,704
655,436,283,221,154,205,400,541,870,704
374,236,252,194,138,182,388,356,892,704
320,215,189,149,110,143,377,363,874,704
361,270,263,216,158,193,475,487,871,704
466,263,281,215,146,204,420,549,847,704
456,316,194,147,105,147,415,304,900,705
332,208,302,218,151,215,452,598,891,705
390,199,273,233,143,178,404,566,899,705
430,222,326,249,152,216,417,643,865,705
619,355,282,210,122,179,417,632,901,705
444,299,309,213,145,220,389,301,894,705
449,324,177,151,119,142,373,310,883,705
498,256,331,240,152,224,451,646,901,705
455,345,202,156,129,167,359,328,886,705
331,209,175,133,87,120,386,329,873,706
638,458,190,144,105,145,374,325,881,706
434,301,205,146,110,158,366,297,915,706
591,423,129,114,90,103,353,321,885,706
426,284,234,179,131,177,355,294,883,707
462,239,400,293,173,257,438,617,919,707
497,310,434,344,217,289,422,813,923,707
461,291,212,165,109,147,393,386,882,707
703,444,339,268,169,226,402,310,870,707
206,153,197,162,117,147,305,335,897,707
642,420,310,256,179,228,435,513,884,707
515,382,193,153,117,153,353,301,891,708
676,386,365,265,158,244,441,483,906,708
406,301,203,170,126,152,377,321,903,708
510,329,281,199,135,203,385,365,909,708
385,213,300,217,135,202,405,503,873,708
622,399,267,209,153,200,421,464,885,708
477,374,104,82,69,88,309,333,915,708
413,290,165,135,98,124,358,236,875,708
516,366,188,149,107,140,366,311,863,708
479,344,235,196,149,183,386,309,872,708
664,419,124,89,59,88,409,364,905,708
409,291,207,153,115,155,356,422,883,709
356,283,178,132,103,146,326,297,851,709
515,387,183,136,105,147,344,329,904,709
686,475,184,141,101,141,407,354,889,709
498,367,167,129,99,135,363,338,842,709
390,293,130,88,69,105,299,306,883,709
336,208,300,222,145,212,426,564,918,709
656,395,424,327,204,290,457,767,921,709
491,298,195,148,97,140,385,416,899,709
378,279,158,135,105,126,336,298,859,709
501,311,298,247,164,215,352,571,897,709
557,357,205,125,79,143,449,321,834,709
282,225,125,89,69,101,315,140,875,709
439,248,128,90,54,83,479,353,876,709
409,266,139,106,77,104,304,321,894,709
375,234,209,169,113,146,376,446,867,710
503,317,251,183,127,182,414,545,852,710
522,388,221,169,132,177,380,313,873,710
637,436,276,201,141,206,414,538,843,710
357,210,240,195,136,175,403,382,885,710
276,234,200,148,123,167,376,323,844,710
452,313,190,156,119,150,361,310,876,710
551,371,236,174,133,185,397,316,878,710
412,330,133,120,95,109,315,314,879,710
611,409,293,218,162,224,416,460,852,710
217,205,149,121,113,139,386,13,697,710
320,216,208,129,89,149,387,321,910,710
331,237,189,143,109,149,394,325,895,710
309,219,109,78,57,82,309,331,900,710
600,439,212,182,131,163,387,310,871,710
404,259,249,203,143,182,393,495,902,710
645,424,207,175,116,144,392,311,845,710
598,374,305,229,145,210,429,488,859,711
404,271,203,152,109,152,378,321,836,711
534,283,359,248,142,231,458,667,920,711
573,375,300,234,156,214,389,632,919,711
607,432,345,235,193,289,474,218,804,711
481,278,331,248,154,223,431,569,892,711
330,261,104,77,65,88,426,144,848,711
518,271,315,242,143,206,429,516,905,712
722,414,301,232,140,197,433,549,872,712
606,419,190,161,121,143,396,318,835,712
456,300,225,172,118,165,363,362,897,712
455,344,150,116,90,119,358,313,844,712
385,259,388,269,175,266,437,608,869,712
531,392,180,127,94,136,334,310,875,712
418,341,315,264,225,267,552,4,94,712
205,163,137,106,88,114,333,235,938,713
615,439,232,167,125,181,447,331,903,713
378,261,205,152,112,157,395,396,881,713
473,356,106,76,61,87,298,316,860,713
369,261,180,132,100,141,329,364,875,713
662,423,309,214,149,223,463,500,859,713
513,381,237,170,128,184,460,316,911,713
272,200,133,105,81,106,557,1,145,713
576,361,265,208,148,199,400,299,896,713
726,452,449,358,254,334,533,776,934,713
703,423,333,247,164,237,452,629,930,713
342,242,214,161,122,167,379,366,889,713
694,407,292,208,131,201,420,548,865,713
560,352,254,197,134,184,403,456,873,713
593,364,309,231,154,219,412,437,903,713
453,314,229,172,126,176,390,418,877,713
456,328,170,125,93,130,348,322,902,714
375,303,178,126,111,158,426,149,870,714
247,146,308,242,145,200,349,648,931,714
629,384,288,214,143,203,426,517,889,714
451,270,298,230,154,214,480,402,885,714
406,238,215,157,112,157,413,343,914,714
349,202,241,187,124,173,415,435,862,714
493,335,201,147,108,154,382,366,877,714
606,442,136,104,80,106,395,658,942,714
323,201,278,219,142,191,368,426,850,714
559,412,247,183,149,205,402,316,860,714
307,216,154,130,104,127,423,203,843,715
357,241,279,216,153,202,418,479,906,715
548,398,251,193,134,190,396,313,850,715
374,200,368,281,162,234,421,635,936,715
472,347,280,214,159,220,402,332,884,715
437,318,215,165,131,176,371,315,896,715
536,364,235,179,140,192,466,321,863,715
474,301,142,97,67,103,396,326,858,716
603,309,187,154,89,118,474,1023,979,716
353,266,119,89,73,99,329,162,847,716
423,320,299,224,194,262,470,319,856,716
563,372,318,225,146,218,419,505,859,716
436,301,254,191,143,204,405,396,901,716
548,358,126,88,58,86,402,344,866,716
534,346,313,219,149,224,438,355,902,716
518,369,146,69,126,228,520,130,805,716
331,203,73,77,159,178,511,225,917,716
448,307,143,110,83,113,319,300,947,717
540,376,197,161,121,156,375,313,905,717
471,297,235,168,121,174,402,318,845,717
215,187,200,163,153,183,349,1,219,717
624,366,307,221,147,212,435,562,862,717
696,380,243,164,111,176,534,328,895,717
551,339,305,222,153,227,420,537,862,717
481,276,265,196,121,176,415,656,900,717
372,270,240,184,142,189,361,471,888,718
329,230,288,207,145,210,387,409,901,718
542,423,161,119,97,136,284,321,927,718
592,423,214,167,133,175,448,327,874,718
464,237,323,252,152,209,438,641,893,718
564,401,185,151,114,145,339,305,877,718
253,180,234,173,124,174,378,307,896,718
431,318,229,184,129,169,381,338,877,718
315,221,114,87,68,91,325,315,861,718
493,283,322,224,154,236,460,408,875,718
341,247,237,189,143,180,361,340,908,718
563,280,415,326,177,248,457,619,925,718
467,307,203,161,115,149,392,421,850,718
721,470,322,271,178,218,392,547,902,718
401,271,283,204,146,213,397,440,876,718
335,232,180,126,100,146,452,333,847,718
244,155,134,100,73,99,445,347,890,718
331,244,179,144,114,144,375,305,888,718
472,349,208,154,120,165,332,301,883,719
437,316,199,154,120,162,362,310,893,719
452,307,119,97,74,94,371,319,899,719
455,298,244,205,160,190,407,425,874,719
624,362,352,272,153,216,454,570,926,719
502,276,335,246,150,228,408,642,924,719
712,443,305,232,164,225,487,508,846,719
208,172,154,114,91,126,320,307,873,720
388,268,209,143,96,152,361,319,895,720
313,167,297,217,131,196,417,491,881,720
255,196,219,154,118,172,375,309,894,720
729,445,234,171,112,160,391,421,923,720
426,263,274,211,145,200,357,417,911,720
433,305,241,177,133,191,385,398,887,720
577,305,418,309,195,281,467,633,944,720
522,376,158,128,99,125,363,325,894,720
629,430,255,185,147,208,375,356,869,720
321,191,240,183,120,167,393,476,885,720
357,225,205,164,124,159,350,301,884,720
407,269,141,102,71,101,403,104,845,720
340,233,265,183,126,195,318,543,880,720
357,246,151,115,86,116,320,329,864,720
514,324,282,202,140,209,405,388,923,721
478,316,187,145,117,152,437,323,878,721
370,298,148,110,93,127,323,321,879,721
461,305,295,231,155,217,403,335,922,721
660,475,191,137,99,140,355,313,893,721
337,195,316,225,145,218,456,642,828,721
366,240,174,118,78,122,368,317,896,721
432,250,332,250,157,220,434,586,850,721
372,250,145,115,81,105,374,346,879,721
580,449,514,372,299,424,545,306,900,722
284,181,200,149,105,148,438,317,897,722
442,293,183,132,88,132,359,307,884,722
429,281,143,119,83,108,349,306,981,722
492,312,306,225,150,216,440,449,922,722
255,153,200,147,105,153,388,307,902,722
351,290,161,133,114,139,323,365,896,722
439,303,198,167,132,158,341,311,903,722
696,453,289,221,164,221,414,503,849,722
228,206,108,80,76,102,384,20,694,722
354,230,272,187,134,207,383,468,890,722
650,400,282,203,121,178,467,429,862,722
680,430,273,224,155,199,441,526,859,722
351,232,207,152,100,147,390,290,864,722
423,332,134,104,89,113,315,296,848,722
279,195,210,154,115,166,428,310,900,723
267,205,143,100,82,120,356,249,868,723
386,298,144,108,89,121,319,328,859,723
648,330,368,283,204,274,524,581,887,723
452,312,284,209,154,210,307,611,871,723
499,346,179,152,113,138,364,308,893,723
418,326,140,99,83,120,343,315,827,723
344,242,234,171,121,173,383,335,879,723
504,293,282,206,138,203,410,342,892,724
510,356,203,133,92,146,467,354,871,724
398,299,195,134,99,150,329,309,905,724
708,439,321,229,153,228,440,619,878,724
722,415,372,285,182,254,453,655,917,724
342,257,126,96,75,101,312,307,850,724
244,178,217,164,119,161,330,371,874,724
369,287,180,132,105,148,341,307,880,724
572,401,290,205,148,220,393,349,895,724
578,423,190,156,124,154,378,322,896,724
475,328,187,160,125,146,377,309,865,725
392,210,286,232,128,179,411,599,887,725
481,318,283,215,149,205,421,429,877,725
589,390,235,186,131,173,411,398,890,725
227,167,167,125,95,131,316,300,844,725
651,377,307,247,153,197,560,327,884,725
328,207,203,143,102,154,374,302,870,725
456,306,133,105,70,98,302,632,970,725
584,337,341,253,175,247,464,639,930,725
226,166,193,143,108,151,323,312,886,725
589,417,134,113,85,103,324,339,895,725
434,267,238,210,142,167,388,435,848,725
489,274,320,240,144,203,473,612,861,725
433,280,336,261,172,234,398,733,902,726
388,262,295,228,161,224,405,408,901,726
545,373,278,211,150,211,411,314,893,726
482,345,188,147,109,146,344,319,892,726
409,223,319,228,138,212,410,482,898,726
512,248,319,254,140,195,423,535,949,726
273,187,205,156,110,153,334,399,873,726
532,273,221,171,89,121,190,938,982,726
602,415,205,149,104,151,364,299,872,726
456,343,154,122,97,127,339,312,880,726
725,429,279,224,138,189,419,564,875,726
341,217,206,161,115,153,377,311,881,727
199,131,206,143,90,139,357,294,893,727
617,447,233,170,128,181,409,408,916,727
409,264,229,173,126,172,372,315,901,727
520,362,303,256,191,228,431,467,871,727
471,282,326,235,161,237,451,503,892,727
648,423,156,104,69,111,411,334,854,727
638,348,387,288,166,242,462,640,914,727
383,286,240,166,125,185,372,365,845,728
218,168,180,137,110,149,397,60,868,728
492,307,245,188,136,181,403,424,862,728
382,298,152,115,93,123,306,317,892,728
656,423,260,218,153,191,394,503,848,728
389,263,252,185,133,194,400,364,893,728
696,449,279,217,155,209,442,438,902,728
310,199,128,94,58,85,370,345,897,728
564,291,329,256,159,214,427,633,882,728
556,371,253,201,155,200,530,322,899,728
334,256,170,127,94,131,361,320,919,728
422,248,221,148,93,151,373,415,899,728
228,159,170,116,84,128,340,302,869,728
724,431,411,272,174,285,448,526,898,728
411,224,238,180,120,170,405,471,863,728
580,307,349,265,160,220,443,655,920,728
701,434,260,202,138,190,425,382,871,728
704,445,304,226,151,215,517,542,869,729
362,270,160,120,95,126,332,297,827,729
449,310,232,180,137,181,375,424,868,729
335,264,160,121,97,135,355,315,885,729
697,376,378,284,182,258,468,634,897,729
601,344,351,276,178,240,443,624,918,729
315,243,122,107,89,103,337,225,848,729
554,374,220,169,122,163,412,305,890,729
411,299,204,166,127,164,395,322,854,730
473,264,271,197,126,186,409,390,898,730
307,220,207,161,119,160,374,297,883,730
611,427,175,134,98,133,380,329,900,730
710,481,322,240,178,247,503,451,866,730
589,423,234,163,125,184,582,2,743,730
535,389,204,186,146,165,368,302,881,730
329,222,215,169,117,158,395,317,890,730
573,383,227,187,146,179,473,326,909,730
711,474,248,193,145,194,395,469,892,730
556,318,309,227,149,216,424,525,909,730
360,243,152,121,98,123,449,320,903,730
393,277,150,122,94,119,340,312,847,731
541,399,154,118,89,120,361,317,881,731
354,243,209,145,105,157,371,307,898,731
213,139,201,156,113,151,300,415,877,731
544,340,315,227,149,219,403,488,880,731
418,276,243,169,114,177,385,450,890,731
404,199,207,154,93,131,491,315,877,731
396,268,226,157,117,177,362,309,883,731
356,242,162,132,93,120,354,310,883,731
642,421,168,128,91,125,345,424,921,732
567,311,343,274,171,232,426,392,912,732
421,331,187,133,110,161,323,300,872,732
666,377,281,208,126,181,437,449,881,732
385,270,237,178,129,179,369,510,830,732
351,223,290,206,136,205,417,501,919,732
638,389,317,244,152,205,424,528,900,732
510,315,245,188,122,174,379,377,872,732
526,380,222,170,119,165,388,392,892,732
293,221,152,118,93,121,318,304,870,732
680,460,296,222,151,214,401,554,867,732
431,287,351,247,173,267,389,534,871,732
707,406,323,244,147,213,442,449,913,732
528,359,252,173,125,191,374,302,903,732
623,430,240,186,139,185,402,370,895,732
555,348,301,227,154,224,396,571,874,732
603,390,351,267,175,241,418,614,851,733
467,270,242,189,119,169,401,501,899,733
502,321,232,178,128,173,404,328,876,733
370,254,200,165,115,145,441,304,894,733
339,311,172,120,112,160,419,2,159,733
469,299,235,171,116,168,454,334,877,733
318,202,192,147,102,140,365,310,898,733
653,389,278,204,132,187,415,533,932,733
549,348,135,110,67,92,377,332,910,733
499,354,273,219,167,215,406,434,894,733
256,172,190,136,95,138,354,304,918,733
535,358,217,161,116,163,372,329,909,733
384,313,226,141,116,191,373,308,918,733
528,330,263,211,132,180,395,476,841,733
591,356,284,190,127,203,418,598,871,734
598,419,244,181,124,177,396,439,856,734
720,426,404,280,165,260,436,531,893,734
434,295,274,211,148,198,474,406,890,734
700,409,386,307,208,269,442,614,897,734
600,430,226,175,132,182,370,306,893,735
249,193,239,178,146,199,451,4,738,735
350,238,196,153,107,146,355,344,890,735
205,175,170,148,122,142,319,302,885,735
434,344,173,130,106,145,350,340,901,735
692,457,238,177,119,171,399,426,885,735
409,266,214,147,105,161,353,392,864,735
733,432,322,244,168,228,470,329,879,735
271,162,306,200,128,206,419,467,893,735
575,384,305,243,158,210,411,546,888,735
396,228,171,156,92,113,385,338,906,735
410,239,289,204,136,207,407,502,843,735
330,259,208,144,116,171,348,298,880,735
509,306,278,197,140,209,478,540,842,735
601,422,217,180,129,160,357,456,851,735
191,172,114,88,85,107,362,65,790,735
466,274,201,155,114,153,444,310,899,736
423,313,169,130,100,133,366,243,860,736
614,406,394,288,211,295,488,573,910,736
670,381,311,241,166,225,435,541,897,736
180,161,204,150,130,177,557,4,593,736
204,167,219,185,156,188,498,22,640,736
338,270,276,212,178,230,460,348,914,736
538,356,115,85,59,84,381,361,829,736
475,308,232,167,120,176,366,430,853,736
325,228,126,98,75,99,312,322,884,736
447,294,286,222,143,196,320,616,897,736
384,277,152,133,102,121,357,319,871,736
387,312,98,81,68,85,313,175,825,737
513,301,264,189,125,184,389,471,896,737
284,200,240,174,120,178,369,390,873,737
224,161,279,198,137,202,408,328,890,737
395,265,244,176,134,197,400,428,885,737
483,357,169,143,105,131,361,317,884,737
624,327,387,298,168,241,462,652,900,737
453,261,221,156,107,157,477,318,852,737
399,282,229,176,144,189,478,326,898,737
288,238,245,155,128,209,446,309,890,737
500,341,294,211,160,231,407,451,872,737
613,390,206,160,120,163,439,300,887,737
384,310,196,156,131,165,443,329,900,738
521,328,258,199,136,188,366,323,889,738
335,188,383,296,161,228,455,643,962,738
351,230,332,264,189,249,580,7,670,738
665,429,330,260,168,224,424,544,920,738
401,245,134,86,50,85,394,427,852,738
366,287,221,174,141,179,462,314,864,738
310,219,175,121,88,134,290,290,850,738
380,272,269,198,144,201,409,320,889,738
334,170,198,145,83,124,428,691,862,738
205,151,216,173,120,156,261,497,828,738
276,184,187,140,101,144,329,315,896,738
532,388,197,169,123,151,385,323,865,739
586,382,276,198,132,197,400,318,913,739
533,332,323,202,127,219,416,348,919,739
451,258,280,207,138,198,411,477,870,739
648,405,324,249,162,228,431,589,904,739
323,226,232,152,104,167,337,295,887,739
609,396,251,164,108,176,407,322,883,739
598,346,278,181,112,183,467,225,884,739
548,386,259,178,126,189,367,322,909,740
477,245,334,254,157,222,419,606,947,740
426,279,266,195,139,206,493,367,857,740
558,360,281,186,126,202,416,569,846,740
448,233,301,220,128,197,448,528,884,740
661,371,345,254,159,230,505,663,914,740
431,264,232,166,108,165,408,352,909,740
250,178,195,161,119,147,354,333,889,740
433,269,313,213,131,208,447,513,932,740
466,341,206,154,118,163,368,303,841,740
393,225,350,250,160,234,447,493,898,740
700,444,289,219,135,201,417,518,837,740
461,291,295,213,146,213,402,588,878,741
232,166,153,119,89,120,347,317,876,741
519,335,263,212,148,193,390,481,890,741
316,184,288,220,140,193,370,617,888,741
353,208,376,283,177,242,366,545,917,741
545,364,288,240,181,221,471,419,863,741
387,268,236,210,161,183,374,346,895,741
487,356,191,142,110,150,379,323,875,741
409,217,412,313,180,262,448,617,912,741
331,215,214,169,117,156,361,316,896,742
595,463,131,95,77,106,326,302,876,742
593,414,282,206,160,227,385,323,886,742
462,359,157,133,109,133,373,222,818,742
440,290,264,207,150,198,380,460,910,742
230,176,280,244,200,239,499,53,769,742
568,378,261,192,123,182,387,623,878,742
194,150,215,160,124,167,303,298,848,742
468,280,277,195,136,200,471,431,929,743
474,386,219,148,118,178,526,6,833,743
326,172,158,111,69,106,438,649,870,743
678,420,266,216,139,182,417,552,885,743
585,383,178,140,94,128,332,353,882,743
355,283,156,127,105,130,328,308,806,743
372,263,195,153,126,163,367,297,881,743
420,305,194,146,113,153,359,324,901,743
509,308,150,102,65,103,322,656,949,743
363,214,253,198,129,179,489,76,855,743
595,389,210,177,125,157,381,313,872,743
715,451,466,341,230,332,513,666,943,744
313,199,305,219,145,213,418,441,926,744
438,300,222,159,106,162,381,290,864,744
500,335,206,125,85,147,377,290,901,744
393,242,201,158,112,150,366,540,847,744
483,256,414,314,165,237,417,844,921,744
472,347,192,147,118,158,385,328,883,744
645,355,437,317,140,219,465,782,931,744
360,241,270,198,136,194,409,561,867,744
407,236,205,150,97,143,398,299,909,745
377,234,172,125,86,120,371,315,879,745
501,355,207,137,93,154,378,340,895,745
653,414,204,158,103,146,408,342,858,745
307,225,139,122,96,109,311,313,885,745
515,330,220,176,147,181,497,350,854,745
354,304,156,115,101,138,331,306,879,745
514,258,210,159,94,132,341,1023,952,745
504,266,373,279,185,261,432,630,881,745
406,245,200,159,124,160,473,311,867,745
420,319,161,114,95,137,297,299,889,745
654,384,290,215,122,182,420,616,907,745
303,255,178,149,131,154,344,320,877,746
430,239,213,166,102,141,483,332,877,746
415,256,317,239,174,239,417,575,883,746
395,264,183,151,106,135,426,304,938,746
523,335,260,190,124,181,478,407,908,746
580,353,283,238,160,208,415,608,922,746
524,390,187,162,135,158,364,317,878,746
201,148,155,113,83,119,282,308,889,746
375,304,139,105,88,119,344,324,861,746
426,299,174,148,116,139,372,245,867,746
525,378,228,180,132,173,393,323,883,746
475,264,283,212,134,190,477,474,861,747
232,169,203,166,133,166,352,311,895,747
414,277,241,195,134,175,459,314,892,747
662,434,522,323,208,368,597,10,760,747
446,272,232,152,105,164,485,309,859,747
566,369,296,222,155,207,398,634,890,747
228,187,123,89,73,102,269,297,867,747
452,268,353,251,160,242,449,640,880,748
351,206,223,170,114,160,380,428,848,748
561,377,205,167,121,156,401,317,876,748
332,222,220,162,115,162,396,314,907,748
273,194,248,192,131,179,277,601,892,748
559,405,191,144,110,150,376,322,880,748
362,237,212,168,115,153,352,377,898,748
364,214,261,194,126,177,416,370,865,748
554,298,144,106,67,101,319,638,965,748
418,275,201,129,91,152,389,320,881,748
538,360,239,186,127,173,343,356,904,748
522,336,239,187,135,180,389,487,876,748
451,262,292,219,144,202,397,548,908,748
723,424,272,194,123,185,443,399,886,749
406,233,321,238,164,226,398,537,886,749
463,331,252,180,139,204,395,376,890,749
688,448,340,231,168,253,446,512,921,749
546,340,303,230,158,218,431,514,867,749
342,245,212,140,94,151,364,376,888,749
604,416,246,173,126,186,393,399,888,750
549,362,228,162,110,166,456,341,897,750
556,342,218,170,116,154,423,348,880,750
345,209,226,176,116,154,379,335,922,750
307,201,197,149,111,154,357,269,852,750
362,261,186,146,104,138,335,346,886,750
546,334,300,209,135,204,406,451,900,750
504,352,254,184,147,208,385,304,869,750
222,169,138,99,77,110,327,314,917,750
476,314,279,219,162,212,386,382,860,750
505,264,386,292,167,239,496,601,933,750
627,405,302,243,167,222,363,520,917,751
531,343,240,201,153,194,449,415,872,751
313,192,247,180,116,166,314,512,836,751
651,413,243,186,124,171,401,327,906,751
367,277,298,236,195,248,465,321,905,751
365,239,169,144,99,125,320,314,882,751
528,291,324,249,172,237,459,553,884,751
480,329,228,155,113,173,368,395,842,751
500,361,228,151,117,184,360,399,905,751
307,234,215,139,102,165,369,332,863,751
620,390,294,218,143,204,426,556,856,752
247,171,234,172,123,175,358,311,908,752
558,390,276,194,139,207,384,377,890,752
583,352,248,206,145,182,489,359,926,752
507,316,298,231,163,218,396,554,838,752
320,210,281,204,143,203,403,635,894,752
549,376,204,147,102,148,373,319,874,752
653,409,255,200,155,198,449,504,881,752
480,350,162,117,92,131,371,347,870,752
562,384,177,139,99,134,326,310,881,752
564,351,290,225,150,201,427,471,887,753
528,306,365,260,156,232,454,536,938,753
477,305,214,153,110,163,371,314,877,753
456,270,316,255,170,231,406,519,893,753
278,193,257,188,129,187,315,523,880,753
418,317,174,111,85,140,333,279,854,753
226,173,169,136,104,137,288,299,853,753
444,314,205,173,127,158,366,303,891,753
588,304,468,365,212,308,511,609,882,754
458,345,172,125,93,133,356,317,890,754
433,255,345,258,168,245,445,542,896,754
289,202,305,190,131,226,390,498,824,754
468,299,285,212,150,210,390,514,879,754
669,412,350,268,177,245,509,577,834,754
227,163,176,128,93,135,312,324,862,754
580,463,297,196,170,260,436,2,196,754
498,276,192,144,85,117,426,856,923,754
314,204,216,168,114,154,384,330,861,754
516,378,134,103,78,106,337,323,868,754
437,323,185,150,122,153,369,321,871,754
490,297,312,235,143,200,442,559,871,754
362,280,176,140,108,146,344,230,844,754
637,391,325,263,179,232,494,375,911,754
459,339,195,149,121,160,396,337,889,754
401,209,331,263,166,218,430,643,924,754
440,305,217,179,128,160,358,431,869,754
650,440,226,167,111,163,398,424,866,755
352,262,225,176,136,176,363,327,887,755
248,157,228,164,114,167,352,341,895,755
388,244,264,207,143,194,380,573,862,755
718,430,365,272,178,252,525,523,877,755
563,393,211,163,119,158,383,322,865,755
715,439,261,203,129,178,427,313,941,755
316,229,258,186,127,189,382,386,887,756
464,294,258,220,159,187,377,449,837,756
430,326,186,119,92,146,350,318,883,756
390,277,230,158,121,182,382,314,922,756
563,414,195,160,122,153,359,312,903,756
480,352,261,177,136,205,365,343,881,756
575,325,401,274,192,299,451,600,926,756
572,406,184,146,103,133,374,307,891,756
514,368,112,96,69,85,314,300,849,756
543,351,219,171,109,151,349,404,881,756
509,402,173,120,94,140,329,299,891,756
457,306,240,182,130,183,390,433,896,756
607,342,339,258,164,232,433,596,886,756
527,336,202,168,115,147,422,346,863,756
358,207,374,266,156,237,423,573,880,757
470,328,229,197,134,169,342,539,894,757
243,204,111,81,69,95,253,312,889,757
573,312,361,253,150,231,452,615,892,757
690,464,293,205,145,221,419,467,876,757
438,277,296,230,155,211,421,389,889,757
343,247,201,156,119,159,359,318,891,757
663,432,316,240,161,225,421,462,875,757
177,149,191,145,117,156,331,287,920,757
233,157,211,149,109,160,354,317,906,757
238,219,137,104,101,133,413,2,176,757
713,470,294,225,146,200,392,583,850,757
402,238,327,246,163,230,419,506,875,757
553,331,419,317,215,293,449,683,898,758
455,240,390,289,159,235,411,628,957,758
427,293,226,170,121,170,373,433,912,758
316,200,245,188,128,179,370,483,864,758
546,345,231,173,121,169,391,319,866,758
297,215,231,172,120,170,391,363,853,758
356,200,307,221,132,198,396,532,899,759
348,243,162,128,96,126,332,321,880,759
496,401,130,104,82,103,399,1,212,759
446,329,220,161,121,171,380,355,882,759
347,203,188,141,101,140,488,315,882,759
572,346,303,252,166,214,431,632,885,759
488,372,165,131,107,135,354,312,860,759
713,462,308,220,152,226,434,494,894,759
369,261,125,98,76,99,429,309,880,759
411,276,204,146,106,151,384,359,892,759
202,181,95,62,57,88,346,44,749,759
586,405,208,186,134,153,384,322,874,760
653,389,302,205,131,208,414,498,861,760
717,387,444,345,221,303,467,575,914,760
604,341,369,265,187,277,528,635,878,760
502,305,410,309,186,257,408,875,915,760
294,208,190,139,109,152,351,303,846,760
465,317,238,179,131,180,394,396,870,760
282,195,177,128,96,138,364,308,900,760
618,403,334,255,175,245,451,386,872,760
324,251,130,83,62,101,308,294,877,760
667,432,272,210,152,202,400,314,885,760
578,397,266,189,127,184,397,299,909,760
410,251,336,245,148,221,487,637,896,760
612,369,385,277,182,278,459,642,882,760
569,388,231,184,132,175,393,327,916,760
366,260,143,105,81,112,343,315,887,760
462,286,205,160,117,156,497,310,904,761
454,292,190,142,100,145,360,316,892,761
552,353,318,236,155,218,423,616,931,761
242,181,202,148,116,159,335,297,883,761
704,438,239,187,118,167,401,404,864,761
595,424,302,227,158,226,402,370,900,761
686,493,198,158,125,159,410,314,871,761
256,187,222,154,113,169,338,426,920,761
457,343,168,128,95,132,368,313,894,761
582,383,285,194,119,191,439,433,883,761
378,250,255,160,117,195,438,429,874,762
715,456,310,219,145,222,424,597,902,762
384,260,220,163,122,167,385,322,875,762
454,255,163,124,92,126,458,322,887,762
579,303,485,356,209,326,440,516,899,763
705,460,322,249,174,233,425,479,923,763
291,199,129,109,79,96,327,326,872,763
562,362,270,185,129,195,442,412,916,763
530,387,201,156,120,162,388,329,880,763
624,421,292,227,166,219,391,435,845,763
495,321,220,165,110,157,396,372,886,763
440,271,320,217,143,225,421,520,849,763
566,352,293,237,154,201,401,528,897,763
375,270,231,154,112,175,382,419,916,763
535,401,107,82,64,86,420,333,918,763
388,241,343,260,174,238,355,580,887,763
398,266,274,199,144,210,410,393,893,763
555,441,130,96,78,106,303,319,846,763
243,163,137,115,81,102,309,317,853,763
675,394,344,235,149,237,421,620,917,764
499,274,293,207,144,219,519,323,914,764
592,456,212,152,129,186,450,195,857,764
670,484,236,193,140,178,380,321,873,764
412,293,216,150,114,173,362,311,892,764
169,150,125,90,85,118,397,70,595,764
341,227,350,251,182,262,415,613,847,764
484,364,235,181,140,185,395,303,857,764
522,358,110,87,67,88,350,563,906,764
250,189,175,152,121,148,361,305,872,764
542,336,384,296,209,281,436,614,896,764
254,198,166,128,102,133,253,435,865,764
687,417,254,191,120,172,423,438,911,764
526,288,300,224,137,199,436,413,890,764
370,247,182,135,96,139,328,307,889,765
576,308,332,280,167,215,435,556,868,765
529,348,268,199,161,216,479,554,849,765
675,450,162,132,90,115,356,327,885,765
474,313,169,128,82,115,360,303,860,765
514,328,271,217,152,196,409,556,896,765
556,331,272,201,128,182,411,540,893,765
306,267,153,103,89,134,307,305,916,765
483,284,323,238,154,226,426,529,861,766
403,310,296,216,177,251,461,334,883,766
323,231,163,125,92,123,378,303,876,766
476,292,320,243,161,224,442,620,889,766
515,321,147,111,81,110,389,420,859,766
575,398,241,175,125,183,378,344,874,766
306,237,128,93,76,105,345,244,862,766
385,260,210,148,111,161,381,331,929,767
328,255,203,143,109,160,453,255,859,767
248,146,170,133,87,121,337,314,910,767
515,381,166,129,101,135,331,328,866,767
442,349,181,136,111,151,359,323,885,767
497,358,194,149,111,152,340,306,861,767
377,274,143,120,98,117,330,314,882,767
502,344,206,148,98,149,351,297,905,767
546,389,271,188,136,202,380,612,917,767
472,301,187,153,110,138,484,314,848,767
481,319,193,141,101,144,368,313,878,768
438,234,330,263,164,220,406,637,902,768
456,295,250,189,142,192,386,444,858,768
481,241,479,370,182,260,423,968,907,768
651,410,371,256,169,256,459,540,845,768
294,183,225,166,111,160,289,584,867,768
260,186,193,148,108,145,358,341,904,768
417,284,227,169,121,172,372,305,862,768
387,272,195,156,117,155,354,316,890,768
332,275,186,137,114,157,345,313,859,768
361,231,366,254,162,255,421,513,934,768
408,284,304,229,162,220,396,467,883,769
661,416,280,205,128,190,408,536,853,769
271,214,138,116,89,111,297,285,864,769
620,398,226,172,110,152,401,388,918,769
398,291,199,149,114,160,373,329,865,769
340,257,186,142,106,143,329,317,897,769
458,275,325,247,153,219,417,579,886,769
408,254,238,192,130,171,380,574,838,769
267,181,158,114,83,122,417,56,872,769
622,497,190,137,118,164,381,319,880,769
372,265,214,146,111,168,355,355,906,770
418,321,226,190,153,183,372,300,862,770
518,368,261,210,155,196,419,331,901,770
463,299,325,225,153,237,438,570,867,770
489,358,242,175,133,194,373,410,847,770
644,443,282,234,162,205,401,508,861,770
666,446,280,205,142,203,414,437,852,770
659,499,182,144,112,144,378,322,908,770
650,386,464,346,231,327,466,642,955,770
427,337,183,147,122,155,347,306,899,770
333,203,196,138,96,145,420,317,922,770
707,402,409,257,164,277,506,588,904,770
507,344,242,213,154,176,386,327,903,770
551,386,191,152,118,151,370,325,899,770
620,423,332,252,179,250,404,525,832,770
453,235,355,285,175,236,417,537,880,771
690,481,267,214,166,208,403,490,905,771
513,348,406,325,186,230,347,806,933,771
357,227,228,164,114,168,389,334,867,771
608,408,210,150,105,154,360,313,897,771
500,349,216,147,108,165,367,307,853,771
506,355,266,190,129,189,374,464,862,771
436,261,377,285,177,258,425,497,893,771
181,141,162,132,103,129,292,293,892,771
320,204,181,146,114,145,372,315,874,771
330,207,227,156,110,170,462,434,873,771
306,248,192,155,135,166,345,311,897,771
470,323,285,198,149,222,445,313,933,771
437,263,255,199,128,180,401,481,891,771
363,186,310,193,119,207,543,370,882,771
609,352,325,250,153,213,395,641,903,772
391,295,167,123,96,135,335,317,859,772
316,201,268,225,141,182,327,525,881,772
377,250,327,225,168,252,577,8,655,772
537,326,345,260,148,209,434,564,898,772
402,277,212,148,104,156,380,418,892,772
504,353,206,140,98,154,367,396,871,772
399,238,458,326,185,284,481,635,907,772
492,317,275,207,148,208,406,471,839,772
315,226,203,164,121,154,338,324,872,772
553,367,281,197,141,205,402,549,904,772
479,342,258,195,152,210,425,468,878,772
414,275,231,173,124,173,365,443,891,772
593,413,232,176,131,179,392,307,877,772
452,323,327,238,176,244,359,299,903,772
512,358,249,196,143,188,377,516,849,773
660,379,230,181,118,159,475,403,903,773
464,303,227,170,123,172,383,328,896,773
500,404,110,90,76,94,306,316,861,773
489,349,178,130,100,141,347,317,861,773
447,284,234,189,134,174,387,506,884,773
400,244,336,260,177,243,440,625,877,773
543,369,259,221,162,191,401,456,890,773
342,211,180,139,96,130,361,331,876,773
711,419,265,212,146,190,431,481,907,774
212,149,172,133,97,130,302,316,888,774
577,331,155,108,64,100,420,561,898,774
440,312,170,143,104,127,375,298,851,774
524,357,264,202,143,196,406,467,835,774
581,400,261,211,164,204,394,461,888,774
612,458,179,125,94,140,336,314,854,774
291,204,148,114,85,116,344,310,907,774
359,252,220,170,119,161,543,5,645,774
237,157,255,217,153,187,314,477,854,774
733,419,334,243,150,222,437,512,908,774
461,288,262,198,134,185,377,515,867,774
618,310,312,236,121,173,430,605,923,774
449,279,406,309,196,278,446,472,894,774
672,470,169,130,93,127,378,328,867,775
582,395,234,180,140,188,475,313,900,775
612,360,284,249,161,196,419,559,888,775
515,338,231,159,108,162,387,313,867,775
510,338,200,143,107,153,380,455,898,775
467,313,263,201,137,188,365,462,874,775
606,414,230,178,128,177,404,322,861,775
351,276,161,125,99,132,311,296,827,775
443,298,156,124,94,123,349,316,890,775
383,318,162,114,102,144,410,59,831,775
576,283,421,327,192,269,514,633,875,775
472,320,308,195,134,225,390,422,894,775
479,251,342,245,149,220,465,638,896,775
378,212,314,251,153,201,374,596,903,776
587,384,242,186,123,169,411,348,920,776
466,297,334,263,178,238,401,615,934,776
343,250,190,139,103,148,365,314,864,776
350,239,280,220,164,211,361,570,846,776
359,256,237,167,126,179,364,341,902,776
333,267,182,125,101,151,348,320,883,776
474,328,198,155,120,160,459,315,878,776
601,432,181,145,112,142,384,325,899,776
431,331,176,127,100,140,295,287,851,777
471,280,233,192,133,171,406,438,911,777
440,272,247,190,129,180,381,348,898,777
350,246,194,152,108,145,363,310,906,777
713,435,324,266,183,234,447,558,850,777
406,239,290,215,146,208,386,438,875,777
722,477,343,234,177,268,521,589,911,777
281,213,158,126,97,129,372,1,442,777
304,240,161,109,88,133,307,298,844,777
702,451,289,227,147,195,400,372,900,777
275,157,180,129,80,123,393,589,887,777
607,451,177,121,97,146,414,187,899,777
314,216,189,131,92,139,383,301,910,777
384,246,183,140,94,128,314,306,872,778
305,196,350,282,197,253,453,425,907,778
544,316,355,269,152,219,419,600,884,778
348,288,133,92,74,112,346,194,853,778
603,422,227,182,138,180,393,342,883,778
358,265,254,185,155,209,449,315,888,778
409,298,219,158,120,175,373,319,884,778
604,370,362,255,158,243,419,597,926,778
593,325,290,220,143,203,521,320,878,778
598,423,207,159,118,159,398,320,881,778
507,382,157,121,96,127,356,299,855,778
402,296,151,116,82,112,358,314,903,778
333,227,243,183,130,188,390,425,915,778
677,409,330,274,183,229,444,631,840,779
388,262,199,156,118,154,375,326,899,779
420,289,230,179,138,184,377,327,855,779
562,354,198,153,105,144,406,373,891,779
325,228,212,142,104,161,351,305,882,779
506,363,168,112,80,126,374,318,883,779
272,175,287,209,141,203,282,615,867,779
459,257,364,253,161,244,455,650,932,779
438,320,183,136,97,139,362,324,887,779
455,340,247,211,167,202,410,307,844,779
661,474,252,204,155,195,394,411,895,779
383,283,205,143,107,162,451,345,841,779
464,293,210,180,119,145,363,311,893,779
677,406,341,259,173,241,419,548,887,779
319,212,225,159,112,165,394,412,877,779
354,248,193,126,85,140,588,2,640,780
347,253,179,130,100,142,359,307,865,780
657,481,251,194,141,193,381,317,874,780
401,246,283,219,152,209,428,498,866,780
321,224,279,204,146,210,469,373,881,780
403,251,234,171,124,175,464,387,909,780
359,240,169,134,95,126,344,322,900,780
635,449,247,215,159,188,400,319,892,780
708,424,285,215,140,198,448,532,877,780
589,369,430,289,203,331,528,559,892,781
201,161,159,124,99,128,280,246,837,781
373,264,122,96,74,98,281,310,894,781
700,438,282,215,142,198,427,506,882,781
609,414,226,184,137,177,374,398,890,781
581,381,229,179,125,163,396,460,915,781
394,272,201,163,120,152,352,316,892,781
528,330,406,271,173,272,419,534,859,781
294,200,297,220,151,221,411,545,877,781
444,315,111,88,68,88,329,327,892,781
468,330,281,206,151,218,416,476,868,781
322,211,280,202,134,199,387,379,919,781
662,440,263,202,145,195,403,519,921,782
534,382,255,179,140,208,350,320,888,782
355,234,117,99,73,89,320,314,864,782
616,382,383,281,164,250,425,571,915,782
264,187,184,138,102,139,343,288,887,782
364,230,175,138,94,125,364,308,857,782
389,286,191,148,107,148,346,312,902,782
506,388,199,137,114,168,378,326,898,782
538,327,465,360,228,308,449,559,914,782
685,463,223,174,131,172,403,341,887,782
491,340,195,161,127,152,447,402,889,782
419,331,163,135,113,137,346,322,828,782
361,327,199,146,140,190,394,1,200,783
648,384,294,210,134,198,522,405,899,783
508,377,217,155,115,169,364,354,891,783
585,317,378,296,174,245,431,597,895,783
487,281,300,228,146,201,413,615,916,783
335,208,219,178,127,163,374,315,897,783
595,345,362,258,154,238,447,619,886,783
449,301,186,141,100,137,370,309,874,784
463,268,306,229,150,208,421,488,861,784
567,406,213,164,128,167,379,318,871,784
617,429,368,260,182,264,488,322,906,784
218,152,170,117,80,124,342,302,884,784
346,249,192,157,115,150,346,309,894,784
370,288,189,153,126,156,382,301,877,784
504,341,219,165,119,169,381,329,887,784
506,367,164,130,99,124,363,313,896,785
372,300,180,125,109,156,334,324,929,785
617,449,161,116,88,125,356,329,878,785
323,191,287,197,129,199,573,7,615,785
496,280,358,246,128,195,601,504,936,785
513,365,189,153,113,146,338,325,860,785
574,398,184,143,106,141,382,335,867,785
301,172,365,274,161,232,416,514,896,785
366,221,218,179,126,162,388,448,907,785
369,225,238,172,119,177,457,321,892,786
541,366,161,122,87,119,352,316,891,786
416,248,254,173,122,189,379,452,910,786
645,438,222,161,109,164,395,318,893,786
621,399,353,220,140,246,420,414,882,786
451,319,199,151,115,155,377,314,888,786
555,379,212,157,105,153,373,312,876,786
634,345,405,321,200,270,455,667,869,786
341,252,110,84,69,92,309,313,890,786
391,325,122,87,79,110,399,94,770,786
311,228,197,138,104,154,358,316,889,786
671,398,299,228,158,220,444,652,863,786
565,297,189,140,83,118,488,549,897,787
541,359,190,149,106,141,372,356,875,787
212,159,158,117,86,123,316,304,861,787
685,494,222,167,129,173,385,374,909,787
389,290,170,122,98,139,355,320,845,787
336,243,189,142,114,154,365,298,905,787
363,232,246,183,125,178,394,490,877,787
303,203,237,147,104,170,496,48,814,787
456,323,176,136,105,139,353,310,850,787
461,288,296,239,175,222,499,471,860,787
702,484,213,157,119,165,387,583,888,787
604,367,195,152,114,151,493,310,881,788
349,225,303,216,149,219,390,418,921,788
487,306,218,157,118,167,465,309,876,788
545,383,272,205,148,205,378,405,893,788
320,203,273,201,135,195,317,561,831,788
641,410,269,201,136,201,400,455,893,788
572,385,211,159,122,166,390,312,888,788
656,425,324,243,157,217,378,576,868,788
650,403,385,308,198,264,407,605,874,788
409,275,193,162,119,149,366,318,911,788
391,225,340,267,158,225,434,592,876,788
734,456,289,221,159,219,424,511,884,788
440,242,247,201,132,174,403,409,896,788
335,248,126,97,76,102,299,307,876,788
469,278,339,260,179,243,418,564,872,789
566,403,223,158,113,168,391,320,883,789
641,445,211,173,130,160,382,355,903,789
490,231,375,289,164,228,436,629,938,789
324,233,164,120,88,127,360,322,881,789
682,488,164,125,91,126,386,320,886,789
560,403,333,250,190,256,525,635,868,789
442,240,236,186,118,155,452,506,847,790
703,457,292,226,155,212,433,448,898,790
426,306,207,156,121,171,354,313,881,790
569,433,378,256,195,301,471,268,821,790
643,356,138,101,62,92,439,541,904,790
634,366,335,244,144,224,445,628,919,790
446,283,241,176,108,159,379,401,911,790
282,216,231,162,123,186,307,285,928,790
352,263,179,130,96,139,353,302,865,790
478,354,187,141,102,142,342,280,902,790
458,224,452,311,174,281,463,608,903,790
303,189,235,163,107,171,368,366,899,790
368,254,183,132,95,138,376,315,859,791
419,249,327,256,153,213,390,489,868,791
490,391,215,136,116,183,451,127,639,791
572,339,256,213,159,194,470,535,888,791
356,217,140,94,68,104,383,353,826,791
282,201,152,126,97,119,316,325,873,791
434,243,157,140,109,124,491,323,868,791
614,387,347,261,186,256,447,558,870,791
460,328,192,141,102,145,339,311,904,791
440,327,130,112,87,104,299,305,954,791
310,258,205,157,111,153,310,295,871,791
372,229,124,94,61,86,479,362,884,791
542,358,232,192,144,177,413,442,856,791
481,331,216,161,119,167,348,351,911,791
398,266,278,191,134,207,439,372,881,791
274,211,156,121,95,125,370,300,864,791
509,326,273,220,154,201,417,414,899,791
713,483,468,297,224,367,537,371,911,791
202,135,200,129,87,145,340,297,902,791
616,413,285,217,147,205,412,448,857,792
298,205,263,179,126,193,393,430,843,792
431,260,322,247,158,220,408,587,907,792
649,418,193,144,99,136,425,322,867,792
279,224,145,112,92,119,293,302,882,792
355,214,248,204,139,178,374,314,864,792
477,335,187,156,118,147,384,314,870,792
278,156,326,256,154,212,380,571,902,792
620,434,424,309,224,323,528,645,901,792
473,265,546,410,211,297,426,923,923,793
731,479,254,199,146,191,442,445,859,793
456,249,358,253,161,244,440,609,876,793
455,273,157,113,82,119,501,585,866,793
366,260,182,136,108,147,348,381,898,793
482,381,211,152,130,182,360,335,842,793
657,438,294,202,140,216,408,378,875,793
394,259,201,150,104,149,392,338,889,793
352,269,221,136,101,171,446,324,871,793
327,253,144,114,89,117,325,300,877,793
721,396,481,344,205,300,506,488,905,793
427,286,309,236,170,226,422,443,871,794
497,249,326,251,149,213,481,578,897,794
579,350,334,249,151,221,409,492,842,794
315,227,179,119,85,136,357,301,844,794
464,299,236,185,136,179,369,428,875,794
505,300,260,186,117,170,419,486,892,794
545,293,385,295,173,247,425,635,971,794
441,304,150,104,77,116,369,319,844,794
436,308,278,188,133,208,373,315,902,794
433,297,210,144,101,153,370,312,897,794
487,295,286,213,150,205,403,636,881,794
511,331,226,182,132,168,385,316,888,794
595,406,243,197,147,185,393,374,907,795
336,227,226,180,131,168,355,436,899,795
414,253,300,253,173,214,415,546,887,795
372,258,238,177,132,186,372,302,900,795
409,279,202,152,113,157,372,365,859,795
420,328,190,141,106,148,369,308,882,795
538,368,259,209,152,197,419,423,866,795
678,441,224,164,111,159,404,321,875,795
301,189,184,137,95,138,355,325,913,795
261,197,252,190,140,192,468,387,896,795
429,279,289,197,137,217,415,413,850,795
455,237,381,292,190,259,425,572,905,796
493,310,324,244,170,238,434,655,910,796
341,271,208,146,123,176,370,303,878,796
266,175,163,117,86,125,344,288,898,796
206,165,175,114,79,123,432,2,191,796
642,436,232,178,121,162,391,329,905,796
725,459,302,230,152,209,431,484,905,796
570,416,134,103,78,104,359,302,892,796
487,338,191,146,107,147,386,322,862,796
407,265,272,199,149,207,463,354,898,796
557,371,269,193,134,195,367,439,856,796
414,312,147,98,75,118,339,309,892,796
474,292,290,215,141,208,389,590,880,796
347,205,322,229,150,226,398,479,882,796
351,243,147,103,77,111,358,295,896,796
703,490,211,170,122,155,401,324,870,797
483,327,217,165,130,171,537,323,869,797
389,282,238,186,137,181,369,407,873,797
555,362,308,249,162,212,405,447,873,797
336,258,157,122,95,123,333,305,887,797
509,389,422,300,238,348,454,3,177,797
595,398,206,161,112,149,408,318,900,797
414,241,234,166,101,153,412,348,892,797
343,226,170,130,95,128,363,317,879,797
467,332,227,167,115,166,371,309,913,798
628,368,427,322,194,282,456,747,964,798
431,268,244,157,101,167,458,303,895,798
404,258,236,182,131,178,375,354,821,798
672,450,269,210,160,210,427,518,862,798
477,373,184,146,123,158,383,316,861,798
319,224,251,190,125,175,382,334,860,798
300,228,151,120,100,126,375,315,872,798
424,309,211,156,121,167,377,394,894,798
491,317,229,164,113,167,387,320,884,798
439,304,112,92,70,88,361,454,911,798
366,244,157,118,86,118,370,358,865,798
663,413,309,225,150,221,418,515,888,799
345,243,169,140,109,133,337,314,877,799
352,269,147,119,88,112,287,302,880,799
347,227,255,195,128,179,341,538,892,799
236,180,152,105,83,123,393,307,876,799
334,209,204,168,115,142,485,304,850,799
416,281,238,170,123,182,397,346,909,799
412,225,375,272,151,239,440,614,909,800
380,312,185,131,100,148,412,388,873,800
292,205,200,140,99,148,341,303,876,800
497,324,235,175,124,174,388,316,863,800
723,435,440,316,197,288,458,587,941,800
391,306,176,135,109,144,325,317,899,800
613,406,194,158,109,140,444,330,879,800
395,199,349,259,154,228,434,526,935,800
552,344,168,112,82,125,508,687,891,800
456,355,158,133,109,130,348,321,862,801
482,332,303,187,127,225,396,360,865,801
512,428,184,117,103,160,411,131,881,801
465,303,237,158,104,166,398,481,879,801
366,260,197,143,109,159,345,323,886,801
700,401,502,378,248,350,512,602,909,801
717,485,300,225,160,225,420,471,902,801
182,130,171,145,112,135,435,76,719,801
273,229,127,100,82,105,292,250,890,801
485,293,331,258,177,236,418,546,905,802
539,351,349,271,186,258,438,594,863,802
502,303,326,241,167,241,443,577,870,802
674,357,451,303,177,271,445,684,955,802
496,307,293,223,149,210,394,478,859,802
385,211,388,269,152,242,449,545,897,802
481,286,255,198,139,185,551,316,909,802
353,213,315,218,139,218,465,535,861,802
555,397,182,126,92,139,368,318,900,802
295,199,244,189,137,179,309,562,859,802
648,416,293,226,149,209,417,422,883,802
342,221,242,193,141,186,408,351,879,802
657,442,311,245,171,225,436,503,931,802
430,283,326,223,152,232,452,621,831,802
345,226,211,156,114,159,470,318,890,802
292,217,197,143,111,158,343,341,835,802
504,365,215,162,123,167,375,297,898,802
666,388,256,200,132,179,423,536,852,803
409,286,181,135,100,139,359,310,903,803
598,413,130,96,69,98,397,333,848,803
701,429,399,276,169,263,450,601,888,803
668,425,263,204,138,188,422,481,879,803
404,290,181,146,118,152,351,312,883,803
280,153,227,168,96,141,470,691,947,803
241,180,186,117,90,150,323,298,857,804
431,276,341,242,168,252,431,648,877,804
431,324,182,139,109,148,342,299,873,804
409,259,316,228,154,226,451,560,872,804
176,136,172,114,88,138,326,305,905,804
245,165,246,179,120,174,385,414,902,804
568,419,182,134,103,145,380,305,849,804
476,276,370,297,193,257,442,637,941,804
501,320,218,182,121,155,368,306,893,804
335,237,156,129,96,119,341,300,875,804
554,362,289,219,147,206,415,467,898,805
453,285,219,166,103,145,404,322,880,805
376,288,168,119,100,141,352,314,788,805
394,285,185,138,107,149,361,317,865,805
511,295,352,263,158,220,443,618,927,805
358,246,330,253,173,232,411,495,850,805
212,139,206,149,103,150,258,299,866,805
307,155,181,164,80,100,618,0,123,805
455,332,204,156,123,168,348,312,887,805
499,294,267,182,120,185,409,314,862,805
523,321,279,204,132,184,565,322,873,805
403,280,245,195,136,175,350,512,857,805
621,376,354,252,139,210,519,679,932,805
413,255,275,193,133,200,408,446,908,805
301,181,376,269,158,246,430,618,880,805
650,370,285,218,134,184,437,800,911,805
549,366,142,112,74,100,347,329,924,805
485,340,210,145,104,157,361,308,881,806
525,334,241,186,125,171,393,327,881,806
386,208,150,104,63,96,425,699,900,806
421,295,338,278,187,239,352,471,914,806
390,231,305,217,131,202,411,603,873,806
228,154,222,163,117,170,341,324,881,806
387,232,322,237,147,217,364,557,892,806
425,256,328,241,157,228,432,652,899,806
277,202,197,138,104,151,316,297,887,806
390,269,171,137,99,127,352,312,884,806
442,261,253,190,130,181,394,504,874,806
390,259,280,214,143,197,340,418,900,806
631,318,316,239,140,195,454,588,877,806
362,266,218,165,127,175,375,309,886,806
491,274,349,270,151,215,460,654,915,806
607,434,160,137,104,123,356,313,881,807
437,306,340,237,167,254,458,364,877,807
565,363,292,206,134,202,363,425,868,807
537,394,190,149,110,148,377,300,908,807
401,269,182,150,122,148,451,324,868,807
474,307,158,115,72,108,381,692,890,807
297,208,202,162,114,149,350,328,913,807
504,346,246,175,125,189,460,419,885,808
434,287,214,168,132,173,436,310,908,808
431,275,360,264,193,267,544,375,916,808
176,136,212,161,119,162,296,281,906,808
488,360,191,137,99,147,373,297,898,808
733,480,349,263,165,235,430,612,921,808
261,197,213,167,132,168,350,311,857,808
632,471,243,188,140,188,400,325,846,808
482,266,438,314,185,281,446,614,881,808
645,389,294,219,150,213,437,570,857,808
434,310,163,130,102,132,333,318,901,809
701,374,346,255,157,231,443,600,848,809
574,397,225,168,124,171,377,307,877,809
308,243,172,125,91,130,325,301,881,809
604,356,243,179,115,169,442,554,915,809
471,312,210,156,106,148,410,315,908,809
429,260,214,173,128,163,438,332,886,809
483,315,205,174,121,149,393,307,899,810
266,163,324,246,161,218,386,603,924,810
433,221,342,249,154,224,486,591,897,810
712,467,356,248,150,238,436,552,893,810
609,403,135,108,73,96,302,628,954,810
676,444,340,269,193,255,438,575,911,810
499,281,376,279,185,265,430,604,891,810
569,439,125,98,82,107,375,324,894,810
405,224,208,164,110,150,465,318,869,810
452,323,178,131,97,135,369,320,874,811
624,442,264,187,135,196,396,472,850,811
336,210,270,202,139,195,290,604,856,811
593,319,384,268,152,240,468,628,895,811
538,370,191,172,126,146,389,315,831,811
456,317,251,189,137,187,388,441,853,811
723,433,338,250,158,226,451,585,874,811
309,291,265,184,178,251,355,2,191,811
593,339,396,286,182,274,456,601,932,811
446,274,398,271,182,275,446,613,917,812
465,304,259,203,141,191,368,310,900,812
258,210,114,84,72,100,295,215,871,812
594,386,265,192,139,200,394,510,870,812
577,381,348,259,179,257,432,580,878,812
359,209,255,172,120,187,507,313,912,812
408,313,133,108,99,119,394,1,208,812
688,424,425,354,243,298,460,666,947,812
368,178,246,179,108,160,471,651,906,812
368,269,133,88,68,106,318,317,833,813
483,318,304,225,146,209,328,536,880,813
605,375,350,263,160,228,448,631,936,813
725,388,450,345,226,310,476,627,932,813
665,419,241,190,131,175,359,335,911,813
400,265,193,136,98,144,339,311,895,814
396,224,239,194,126,167,391,350,916,814
702,413,397,273,172,266,429,631,882,814
346,202,256,191,138,194,364,336,915,814
724,476,264,217,154,192,417,323,900,814
360,243,190,137,94,136,339,315,861,814
517,364,185,155,116,144,393,347,877,814
622,423,264,201,134,186,409,426,863,814
557,332,281,227,148,192,391,567,865,814
402,310,213,174,145,176,408,252,859,814
226,147,210,150,98,149,360,288,892,814
365,285,209,162,139,179,460,404,892,814
435,267,295,237,152,204,420,502,894,814
677,429,413,282,167,260,493,545,917,814
361,236,189,135,97,144,367,303,845,814
504,326,292,227,172,228,402,578,892,814
292,209,216,164,116,163,363,299,887,814
577,320,303,241,158,209,445,499,905,815
278,227,150,119,102,128,323,305,847,815
608,457,198,158,124,158,388,321,879,815
508,284,355,272,172,241,418,578,883,815
311,193,338,240,146,225,384,560,956,815
498,305,192,143,91,128,397,305,866,815
594,366,292,217,144,204,361,567,861,815
476,314,187,149,107,140,377,309,873,816
546,337,212,187,141,162,479,405,876,816
359,244,238,175,125,178,377,457,891,816
232,153,170,142,106,130,322,301,874,816
401,285,231,158,116,179,364,306,905,816
653,484,220,177,141,179,367,298,908,816
659,385,501,372,208,303,481,454,911,816
700,397,373,275,168,247,434,586,878,816
412,280,170,124,89,130,365,330,873,816
387,248,210,156,111,161,368,309,888,816
639,413,310,246,182,236,415,422,879,816
337,216,240,191,133,173,390,417,899,817
721,400,382,293,196,275,446,599,919,817
496,291,244,175,108,169,418,336,876,817
499,342,225,172,127,169,366,304,874,817
465,286,212,166,113,153,372,398,894,817
320,214,237,175,113,161,350,406,912,817
305,188,236,181,123,170,398,421,847,817
649,376,512,393,232,320,474,761,937,817
295,237,185,136,104,150,317,352,871,817
626,356,352,246,148,233,405,604,928,818
224,167,170,147,112,136,310,300,904,818
376,239,284,221,146,202,358,496,889,818
360,323,105,81,73,95,396,65,760,818
389,282,267,203,148,202,383,446,889,818
582,365,273,211,136,190,416,525,904,818
369,241,269,200,142,206,403,437,881,818
453,333,191,144,112,151,352,305,877,818
392,296,154,114,89,126,345,314,890,819
311,226,200,158,119,157,337,345,877,819
456,299,184,147,107,140,394,337,849,819
543,321,417,300,174,256,483,537,908,819
584,399,209,180,133,162,400,322,903,819
400,234,245,180,115,166,383,517,871,819
421,277,275,246,176,197,425,396,931,819
715,464,287,226,149,208,419,431,896,819
520,302,316,219,155,226,488,531,938,819
543,406,152,102,80,124,366,321,857,820
231,167,213,156,117,167,336,315,896,820
575,350,209,170,117,150,467,339,861,820
346,236,291,208,156,227,394,380,879,820
477,264,176,141,101,130,497,314,877,820
306,190,332,266,171,232,394,429,890,820
445,310,220,168,119,163,340,529,883,820
404,254,172,133,89,124,376,332,852,820
338,265,188,136,108,155,339,229,832,820
508,350,186,147,104,138,360,317,880,820
336,237,220,153,113,166,386,318,890,821
525,421,181,124,97,144,457,199,875,821
316,177,216,161,106,150,312,539,851,821
502,316,274,202,143,201,417,491,867,821
415,298,204,151,117,161,359,303,884,821
458,272,310,224,140,212,414,553,898,821
627,425,221,161,112,166,391,430,890,821
376,229,244,215,152,175,387,456,877,821
470,291,303,250,172,219,419,484,873,821
556,404,265,194,153,218,394,438,879,822
429,262,235,168,115,173,455,412,890,822
581,402,231,163,111,168,384,323,909,822
478,308,294,218,148,214,416,486,870,822
491,373,254,178,143,213,377,311,911,822
677,422,356,250,192,286,490,547,885,822
438,296,191,144,107,146,371,354,873,822
536,398,165,133,104,134,348,311,855,822
490,339,140,99,72,103,372,320,812,822
614,411,130,106,79,99,396,373,897,822
486,353,194,164,127,147,534,253,895,822
582,441,184,144,114,148,342,314,917,822
461,329,195,149,117,159,348,313,862,822
466,316,219,152,105,164,372,296,902,823
596,306,520,396,198,282,361,979,902,823
449,302,264,176,119,195,361,338,851,823
714,457,380,280,185,267,501,445,888,823
443,281,323,212,144,234,406,518,897,823
518,307,248,189,129,176,487,315,875,823
257,161,262,209,144,186,346,459,814,823
349,271,174,140,104,134,313,397,883,823
466,338,211,159,125,169,466,308,852,823
618,436,220,152,113,171,394,400,867,823
521,320,260,173,109,178,402,482,838,824
504,335,334,231,165,250,482,305,923,824
379,280,221,149,106,169,339,320,901,824
670,454,253,177,120,186,410,423,843,824
646,460,220,192,141,167,397,319,887,824
695,457,352,276,199,266,436,524,859,824
333,229,169,127,97,134,359,311,832,824
421,263,240,179,121,171,387,327,884,824
315,241,168,136,98,126,322,317,837,824
521,265,212,168,83,108,427,737,929,824
388,244,265,184,130,200,371,390,891,824
655,397,263,215,158,199,483,329,894,824
368,218,241,194,134,171,374,420,897,825
535,389,173,139,108,136,366,324,883,825
459,322,273,192,136,201,508,364,888,825
666,371,428,309,195,291,455,817,941,825
483,348,213,175,137,168,446,318,873,825
456,331,178,148,109,136,357,310,861,825
422,294,191,157,118,147,370,309,876,825
354,220,177,126,97,139,456,321,893,825
550,395,173,124,90,133,366,301,907,825
689,462,278,223,169,220,405,529,870,825
453,252,224,161,107,157,417,462,798,825
470,324,169,128,92,128,348,301,867,825
709,438,302,227,163,226,426,625,895,825
623,468,210,153,116,165,345,316,892,825
202,141,174,139,103,131,276,428,894,825
425,305,211,146,107,163,375,320,906,825
453,243,319,248,153,208,410,624,901,825
564,396,307,216,154,230,453,244,893,825
317,206,182,133,100,141,359,297,867,826
605,320,529,396,244,352,421,969,971,826
524,388,139,110,87,112,353,320,892,826
491,356,178,123,92,137,393,320,864,826
239,157,256,172,126,198,405,348,922,826
699,417,380,307,194,258,448,639,910,826
459,338,196,155,111,145,414,313,895,826
352,207,281,219,140,187,355,438,849,826
243,143,248,186,117,165,351,538,846,826
395,268,185,159,120,142,377,323,894,826
262,216,98,76,66,84,278,310,893,827
595,387,472,333,206,310,555,410,973,827
631,409,353,273,195,259,485,644,887,827
375,219,339,237,149,224,445,601,858,827
541,382,197,147,111,157,456,321,875,827
647,388,340,252,152,225,446,553,881,827
486,291,267,225,133,166,498,304,887,827
423,269,230,162,115,171,373,378,889,827
612,343,383,291,197,268,463,641,921,827
404,291,220,168,126,169,447,310,858,827
482,365,263,183,159,229,489,651,886,827
506,359,214,161,123,168,359,309,906,827
405,276,258,209,155,200,391,315,850,827
417,306,250,197,154,200,412,311,900,827
488,320,305,236,177,230,494,544,859,828
417,292,167,130,97,129,373,310,875,828
449,213,428,301,162,248,457,660,940,828
408,227,420,294,182,277,506,583,879,828
547,423,351,272,202,271,538,348,887,828
587,450,196,146,108,151,382,297,867,828
334,233,177,143,102,132,355,341,900,829
359,251,303,241,168,220,394,412,866,829
689,454,225,176,119,161,361,322,888,829
577,354,362,239,143,242,407,582,910,829
539,324,278,190,126,193,391,479,856,829
582,397,208,161,117,156,392,312,886,829
484,284,262,211,140,184,410,541,854,829
602,395,229,159,105,159,407,380,869,829
459,314,248,154,104,181,406,360,894,829
301,197,157,116,79,114,364,477,881,830
474,318,289,213,146,210,384,362,899,830
672,434,304,216,157,233,447,398,839,830
482,347,242,177,141,197,415,309,876,830
317,246,179,129,104,149,351,296,890,830
375,262,244,196,140,180,381,350,892,830
578,320,138,124,71,83,634,0,180,830
655,439,291,220,160,223,423,539,875,830
597,402,319,255,183,241,415,596,882,830
525,330,297,214,145,212,420,307,864,830
390,231,336,238,158,232,402,534,887,830
434,301,217,166,125,163,356,294,840,831
597,391,186,151,104,134,379,318,873,831
488,278,324,248,156,216,484,539,881,831
567,364,210,145,99,151,447,387,870,831
381,275,168,131,97,131,370,319,902,831
686,452,276,191,118,184,426,353,909,831
345,232,214,171,142,177,480,337,893,831
401,273,176,128,92,132,345,323,888,832
383,269,207,151,116,160,363,338,904,832
630,425,264,185,124,191,458,312,900,832
553,386,162,134,100,125,367,322,901,832
468,271,294,214,137,199,418,533,860,832
395,291,158,135,103,124,333,312,915,833
590,378,307,227,159,223,386,499,912,833
384,244,304,226,152,213,376,569,915,833
297,197,228,187,125,164,383,292,908,833
578,433,171,134,112,143,354,314,893,833
375,234,255,189,125,180,400,444,885,833
379,259,240,174,130,188,364,468,877,833
597,386,281,213,144,200,459,423,905,833
640,404,344,265,176,238,432,612,936,833
420,251,291,216,145,209,417,479,851,833
465,303,215,161,113,159,406,463,816,833
520,352,203,143,105,158,338,311,878,833
391,265,223,153,98,155,352,290,897,833
668,443,303,236,174,230,429,371,870,833
277,201,168,123,87,127,316,303,856,834
420,304,239,174,131,182,412,328,892,834
315,199,160,127,93,123,357,315,873,834
667,387,378,271,181,271,444,677,923,834
679,474,233,170,128,180,417,332,877,834
623,439,190,148,108,142,384,410,863,834
572,403,175,143,111,137,366,307,822,834
458,337,233,162,121,176,389,337,899,834
226,151,200,161,112,146,388,326,852,834
398,308,157,125,100,127,348,310,859,834
261,219,132,93,78,112,263,310,905,834
205,151,128,108,84,99,319,302,869,834
198,140,237,180,126,173,281,494,829,834
596,381,237,178,116,164,402,392,874,834
386,261,207,165,130,164,382,323,895,834
326,212,230,164,122,179,357,423,887,834
279,183,128,99,70,95,326,327,879,834
441,307,166,124,93,130,362,326,888,834
702,453,272,208,141,191,464,578,872,834
528,380,161,126,100,131,389,319,880,835
428,291,232,186,132,172,375,362,870,835
448,280,234,169,110,167,387,355,880,835
496,344,168,118,87,129,352,314,872,835
622,389,346,246,168,250,400,574,921,835
350,241,255,207,152,193,356,453,893,835
335,216,202,163,126,157,348,309,868,835
188,148,166,117,94,137,321,254,856,835
344,255,229,176,136,183,380,338,897,835
473,313,238,175,128,179,388,419,900,835
463,251,297,261,164,202,398,526,892,835
218,173,114,94,73,90,360,1,223,836
733,436,129,103,63,85,461,480,909,836
412,272,261,205,153,200,399,473,874,836
455,252,336,246,147,215,443,642,918,836
254,215,154,117,98,131,397,26,758,836
627,378,298,232,149,209,438,511,866,836
666,461,168,137,101,127,370,316,887,836
396,215,353,265,150,226,433,633,933,836
488,281,297,233,147,199,401,624,878,836
521,381,182,155,119,143,357,310,915,836
614,379,331,232,149,227,424,507,935,836
385,233,267,198,139,194,412,435,897,836
374,269,216,154,115,165,474,325,896,836
567,434,143,113,91,119,327,330,880,836
483,304,196,141,102,148,458,322,882,836
377,264,289,198,139,214,384,381,888,837
410,279,256,215,151,189,451,305,869,837
511,358,371,256,192,292,503,632,859,837
603,368,291,215,141,205,418,466,896,837
428,286,251,193,142,188,402,424,859,837
688,460,292,201,135,207,405,466,874,837
519,335,262,189,129,193,405,368,921,837
544,352,243,196,135,176,421,364,903,837
574,417,199,150,117,158,374,303,876,837
521,262,289,225,142,193,492,541,898,837
475,282,158,123,81,108,347,621,917,837
669,439,197,161,124,152,393,427,899,837
409,261,205,160,113,151,362,308,896,837
612,400,258,208,143,188,416,534,861,837
728,428,327,225,135,219,438,457,840,838
541,380,232,175,130,181,341,501,859,838
583,448,184,142,115,154,387,317,879,838
356,258,246,171,120,182,380,423,836,838
379,238,218,145,105,164,393,385,873,838
438,305,271,185,136,212,438,329,920,838
586,336,329,224,133,208,415,590,839,838
462,306,248,182,123,175,401,397,853,838
503,303,248,173,114,172,441,417,897,838
398,279,317,224,161,240,478,370,875,838
446,322,179,135,102,143,348,308,906,838
697,469,156,123,88,115,400,433,862,839
189,136,205,148,115,159,329,322,876,839
685,371,330,249,154,220,423,599,857,839
501,310,212,150,103,156,407,366,910,839
300,215,121,106,85,96,316,319,875,839
455,286,242,197,133,171,403,458,892,839
374,238,243,197,144,183,378,388,909,839
716,466,316,234,175,242,489,415,900,839
406,263,225,160,111,167,435,305,891,839
409,265,263,201,143,198,398,493,909,839
297,212,199,150,108,149,312,291,841,840
316,234,179,135,105,146,338,307,863,840
374,273,196,143,106,151,344,322,895,840
425,303,230,176,130,174,380,319,872,840
370,260,172,125,94,132,336,302,886,840
601,376,394,285,188,272,406,607,851,840
562,392,206,141,96,149,376,319,881,840
422,278,245,164,114,179,382,323,882,840
551,400,154,112,87,121,325,318,849,840
377,217,293,212,133,203,424,484,878,840
517,355,211,166,116,160,403,325,871,840
527,311,252,202,141,185,447,448,902,841
409,296,196,150,112,155,395,339,893,841
340,256,142,115,98,122,401,305,848,841
568,379,208,164,114,156,339,296,884,841
448,309,219,176,129,170,459,307,905,841
388,239,135,104,67,95,373,421,904,841
527,370,262,172,130,201,456,312,945,841
334,224,108,83,61,82,301,318,891,841
609,368,333,216,140,232,422,503,897,841
525,352,172,133,95,129,395,322,888,841
420,258,250,172,105,164,390,280,883,841
267,165,236,185,131,170,363,380,880,842
616,381,336,221,147,235,441,628,869,842
404,242,219,175,122,160,393,343,896,842
605,371,439,303,203,314,438,636,942,842
622,408,224,184,124,163,381,354,907,842
545,396,242,188,144,192,382,411,864,842
295,222,199,150,115,156,445,313,882,842
378,254,242,169,123,185,401,388,913,842
415,251,412,319,200,278,438,564,913,843
322,243,133,101,82,108,320,306,866,843
687,409,539,407,252,356,486,606,950,843
582,401,174,135,103,138,456,323,884,843
439,255,317,228,146,220,413,588,901,843
593,408,191,141,101,141,398,318,857,843
296,197,166,121,88,122,340,327,896,843
385,255,237,176,131,184,465,323,865,843
411,269,325,206,136,227,367,429,904,843
484,339,221,167,129,174,384,315,854,843
679,447,259,203,148,195,434,414,913,843
521,365,256,200,156,207,395,311,889,844
494,348,159,126,89,118,386,309,865,844
539,378,189,137,98,139,361,306,884,844
349,272,200,146,122,166,357,300,886,844
417,271,155,129,94,121,354,327,870,844
720,470,246,187,130,181,413,412,884,844
354,269,168,136,103,129,332,308,855,844
516,416,193,142,123,167,477,71,814,845
567,335,374,266,188,276,510,611,935,845
562,341,343,224,142,237,534,317,899,845
215,155,165,126,90,124,332,349,845,845
426,297,149,120,90,117,343,295,866,845
610,351,132,103,74,101,340,645,874,845
455,287,236,168,114,167,391,450,932,845
538,383,158,126,92,118,422,300,868,845
351,259,139,111,80,106,329,316,886,845
392,269,143,101,71,108,358,324,935,845
375,244,175,124,87,128,371,316,858,845
456,321,135,109,83,108,331,315,874,846
523,299,374,277,186,268,423,603,900,846
732,471,294,215,148,219,423,425,896,846
368,275,117,90,72,95,314,308,883,846
698,443,309,221,137,203,386,530,921,846
570,345,280,208,139,195,433,463,919,846
372,208,350,277,174,235,434,587,920,846
473,348,205,149,119,167,371,317,855,846
346,242,158,122,95,125,328,306,890,846
453,241,343,261,154,212,441,643,925,846
548,314,385,299,185,253,453,607,914,846
613,415,157,113,82,116,364,316,881,846
613,397,249,208,149,179,476,332,899,847
614,361,303,228,142,207,439,411,888,847
527,411,114,94,79,96,331,318,886,847
609,469,175,118,92,143,365,330,841,847
431,333,144,104,87,123,358,316,892,847
453,317,201,148,113,159,351,366,896,847
316,226,155,124,99,126,331,322,825,847
211,154,138,121,92,107,332,155,802,847
685,431,188,141,102,142,406,673,894,847
449,283,170,132,96,126,382,318,885,847
588,401,340,230,149,240,397,500,914,847
523,368,249,181,136,195,381,317,886,847
367,195,390,294,178,263,394,597,887,847
528,341,365,247,166,264,430,627,952,847
704,384,336,261,156,214,480,501,899,848
335,222,189,161,118,144,359,304,915,848
515,365,232,189,140,180,391,305,873,848
541,344,269,202,143,200,414,470,857,848
650,461,281,202,149,216,396,382,882,848
473,327,223,159,117,173,397,316,889,848
497,379,263,192,140,200,498,363,893,848
612,330,336,257,167,232,523,405,882,848
523,404,117,95,80,102,332,318,856,848
642,367,366,307,199,258,451,668,920,849
606,352,377,283,177,252,433,568,859,849
559,322,290,213,135,196,435,541,895,849
611,321,423,309,187,273,454,620,947,849
399,283,180,144,113,143,352,329,866,849
609,411,403,284,208,317,513,590,857,849
634,444,251,183,137,198,420,429,873,849
486,346,195,171,128,152,376,293,853,849
504,386,210,154,119,169,375,295,881,849
215,164,226,171,124,169,359,342,895,849
420,274,179,128,89,131,366,324,911,849
172,126,207,154,117,161,332,322,903,849
349,236,210,144,97,149,372,329,912,849
463,221,311,237,156,221,502,554,897,849
419,292,166,117,85,126,325,296,912,850
383,261,178,135,102,137,366,317,898,850
571,401,224,171,126,175,401,314,895,850
406,259,245,175,118,177,387,310,898,850
620,424,266,203,142,191,376,454,844,850
323,223,170,117,82,129,341,325,911,850
280,202,222,162,116,166,376,300,891,850
352,231,222,157,121,177,361,296,863,850
469,314,186,138,99,139,378,312,845,850
588,382,276,218,155,207,389,511,897,850
565,398,170,121,87,129,423,401,889,850
568,329,271,210,136,181,395,609,896,850
707,481,177,128,87,127,377,302,870,850
280,176,222,156,107,163,341,342,879,850
561,307,462,361,208,289,472,626,921,850
262,179,165,119,87,130,542,2,185,850
379,251,357,263,163,239,405,641,928,851
550,366,391,268,176,268,483,486,911,851
297,164,262,192,123,174,394,470,903,851
495,279,316,245,156,213,445,609,931,851
495,269,320,225,133,206,424,501,927,851
361,243,166,133,93,123,351,325,892,851
564,359,231,193,138,172,400,356,861,851
346,233,238,174,124,179,395,391,905,851
395,303,237,160,120,185,366,302,876,851
575,357,213,156,118,168,469,305,901,851
376,241,205,163,112,150,369,308,886,851
515,352,293,203,141,214,403,486,863,851
589,381,216,168,120,159,383,319,883,851
365,259,155,127,100,125,327,298,873,851
353,212,182,143,103,134,446,382,855,851
359,241,247,175,121,178,351,492,877,852
617,413,239,183,131,177,413,545,832,852
511,301,211,159,130,179,505,353,891,852
404,290,218,152,120,178,420,311,900,852
707,418,277,225,144,189,403,511,897,852
686,470,212,180,127,154,409,295,857,852
496,311,279,189,131,207,380,344,880,852
320,223,190,149,105,141,380,305,888,852
241,204,103,73,63,91,279,146,881,852
646,407,312,242,170,233,437,576,897,853
592,383,259,206,131,184,392,399,894,853
454,276,312,252,151,207,364,558,916,853
632,380,329,257,154,214,489,539,921,853
505,372,190,150,117,152,370,328,881,853
465,261,313,227,138,209,441,487,878,853
372,254,244,184,132,178,387,304,881,853
322,204,210,165,104,145,391,338,893,853
583,429,228,179,133,175,376,316,893,853
468,248,358,261,165,241,432,629,911,853
674,364,294,234,140,180,397,534,910,853
355,223,226,179,131,171,387,382,897,853
361,260,220,155,118,172,358,315,830,853
321,221,229,155,104,165,368,327,909,853
603,408,191,150,111,142,471,311,914,853
405,306,163,125,99,134,356,239,828,853
461,304,212,149,104,154,374,309,897,853
557,425,130,101,79,105,319,316,883,854
441,262,245,201,140,177,374,384,865,854
565,371,326,245,145,198,554,316,884,854
663,411,243,187,127,176,415,445,897,854
615,396,277,216,154,204,392,529,870,854
648,482,183,139,111,151,377,369,889,854
423,312,193,184,145,158,359,306,883,854
635,392,272,218,149,191,409,555,827,854
382,230,216,167,116,155,369,316,898,854
462,304,268,204,145,197,380,535,860,854
344,226,233,168,113,165,398,331,875,854
333,249,214,153,108,162,384,318,910,854
472,346,121,93,71,97,334,286,839,854
550,397,202,150,117,159,377,305,875,854
437,283,295,222,152,211,411,624,896,855
486,365,173,144,119,144,367,317,809,855
729,487,244,187,123,172,420,427,889,855
332,224,189,131,92,142,379,317,892,855
366,242,178,140,97,128,327,298,869,855
472,354,237,186,146,193,373,315,882,855
293,188,216,186,124,153,304,532,860,855
417,274,242,193,136,178,386,322,898,855
562,414,130,111,85,102,324,319,876,855
522,318,288,211,145,208,418,483,880,855
473,289,347,244,158,247,427,539,938,856
718,450,288,198,123,189,415,310,931,856
459,300,195,139,100,145,377,309,905,856
323,224,153,123,96,121,312,302,899,856
411,246,214,169,113,149,360,309,904,856
574,390,187,143,103,142,382,322,882,856
707,460,341,256,181,251,469,613,835,856
372,255,249,180,135,193,392,417,880,857
402,297,120,88,67,95,293,298,886,857
653,423,240,184,121,167,410,409,874,857
418,219,369,260,151,240,416,553,912,857
444,336,171,132,103,139,352,317,892,857
659,417,292,235,167,210,417,546,866,857
702,442,175,118,93,139,400,381,961,857
645,397,233,187,128,162,513,307,861,857
599,355,169,122,73,107,433,645,936,857
512,337,178,145,96,127,468,382,865,857
429,292,175,131,97,135,355,321,861,857
474,321,180,125,86,130,377,315,857,857
545,328,320,265,174,224,428,589,898,857
557,312,327,255,170,230,434,489,893,857
472,276,336,249,150,216,423,632,870,858
657,383,409,278,165,263,438,608,925,858
399,221,252,197,130,173,401,470,888,858
475,334,306,214,158,232,411,581,878,858
333,250,170,123,95,136,330,298,839,858
518,334,252,181,126,182,386,509,874,858
248,160,237,209,151,177,281,537,854,858
476,307,238,178,120,167,380,489,891,858
452,358,160,125,102,134,335,319,880,858
372,224,334,256,158,224,419,562,852,858
378,248,172,131,93,128,344,312,873,858
493,361,164,118,90,128,369,301,899,858
512,322,340,257,181,248,520,556,885,859
644,382,351,236,148,234,431,629,908,859
383,227,268,192,119,180,421,591,877,859
328,287,228,156,130,191,506,2,739,859
541,335,257,192,127,182,418,404,923,859
393,298,170,126,101,137,339,309,851,859
598,423,216,163,121,167,393,311,890,859
353,277,238,158,117,189,363,305,888,859
569,406,228,169,124,176,397,318,872,859
577,349,323,243,151,220,446,318,903,859
592,420,182,142,110,141,361,311,897,859
644,447,260,199,147,195,413,427,888,860
617,454,226,185,140,177,378,326,877,860
555,407,185,139,110,147,373,327,894,860
387,204,413,259,156,264,493,4,154,860
473,338,242,174,137,196,363,323,841,860
555,349,291,223,156,214,497,523,863,860
590,361,313,227,142,213,470,599,871,860
410,247,143,91,53,91,467,704,955,860
363,211,365,274,170,243,427,602,910,860
474,288,289,226,157,211,456,517,874,860
591,356,264,214,143,185,422,472,914,860
482,259,383,269,158,238,444,602,908,860
563,317,317,238,151,218,436,603,902,861
407,282,176,129,99,137,360,308,897,861
611,383,273,195,134,200,412,499,880,861
420,228,219,164,107,154,441,319,898,861
604,386,280,206,137,196,398,413,871,861
374,252,303,215,152,222,379,417,903,861
609,448,182,132,98,143,360,333,836,861
414,291,163,119,85,125,347,321,853,861
656,457,177,130,92,134,347,310,904,861
486,355,230,180,141,182,383,313,905,861
557,371,180,141,103,136,378,327,913,861
637,356,370,282,200,274,559,548,887,861
430,310,150,116,86,111,357,319,826,862
251,213,199,143,119,166,538,2,729,862
633,399,306,251,167,218,412,527,895,862
507,409,138,111,93,119,350,328,897,862
727,408,333,248,146,217,401,531,903,862
641,444,225,174,127,172,409,320,909,862
620,420,261,189,132,196,400,306,891,862
396,239,205,157,102,141,394,317,906,862
418,291,269,190,140,205,428,432,893,862
614,452,230,171,133,185,379,318,841,862
603,426,371,299,234,302,598,121,1023,863
601,328,481,350,208,307,478,620,902,863
480,333,188,149,102,133,389,337,896,863
582,316,321,250,167,225,444,534,895,863
347,250,297,223,160,225,352,632,888,863
585,381,202,174,136,160,426,276,903,863
296,172,320,244,153,212,397,595,880,863
257,176,213,155,111,160,320,378,867,863
395,284,200,163,119,151,349,280,913,863
344,279,178,115,91,146,360,306,797,863
346,262,176,136,114,151,447,312,887,863
392,268,196,153,111,150,356,307,911,864
319,198,174,129,92,126,372,321,834,864
482,263,297,232,164,223,492,330,891,864
594,380,324,237,165,237,412,500,871,864
396,212,342,258,161,225,445,645,913,864
330,204,310,221,147,217,378,464,914,864
526,339,237,190,127,167,423,431,866,864
414,295,202,167,143,174,399,300,894,864
606,397,279,217,144,197,383,405,873,864
523,367,321,229,167,241,386,385,880,864
462,276,315,247,156,214,418,605,927,864
446,330,187,166,130,151,363,302,849,864
409,267,223,170,126,174,366,329,877,864
559,413,120,99,78,96,296,309,905,864
695,460,211,172,124,156,400,468,898,865
526,324,160,114,80,116,390,328,890,865
332,216,196,153,111,146,383,305,878,865
364,212,402,278,165,257,439,596,895,865
402,205,321,254,155,214,426,471,896,865
265,214,276,193,156,222,564,2,640,865
352,239,189,143,107,145,334,307,865,865
287,192,215,156,111,158,385,325,881,865
378,244,232,168,113,168,383,301,898,865
516,365,233,191,147,187,379,336,875,865
237,186,118,91,74,98,254,292,873,865
481,291,336,263,173,237,430,498,896,865
532,338,237,208,154,175,388,307,904,865
387,235,163,116,76,113,453,147,808,865
592,384,191,151,103,135,369,365,903,865
330,232,203,154,113,155,343,285,898,866
505,318,364,282,185,250,423,627,911,866
408,299,190,147,112,147,349,327,887,866
652,384,316,257,169,219,436,636,900,866
517,296,126,88,53,83,416,412,873,866
519,307,285,207,131,198,417,508,909,866
508,348,223,166,117,164,371,326,782,866
329,244,161,128,97,129,323,318,907,866
612,394,271,247,172,198,413,471,872,866
591,415,181,142,103,136,356,312,895,866
499,391,167,121,98,139,335,310,893,867
326,211,232,164,113,170,369,313,928,867
714,477,326,239,179,252,427,601,843,867
614,435,210,171,126,162,402,314,902,867
408,292,218,176,138,175,381,325,899,867
421,242,407,291,189,286,438,464,900,867
200,186,104,74,70,98,337,24,715,867
649,460,429,339,252,335,515,238,910,868
478,313,245,205,145,182,411,335,861,868
485,303,238,179,122,177,387,394,870,868
382,250,295,219,149,213,370,498,859,868
380,290,127,98,81,104,321,311,857,868
689,385,374,273,164,239,495,553,911,868
516,323,261,196,139,195,402,478,874,868
627,318,478,313,162,269,479,649,897,868
314,238,206,163,127,168,396,445,879,868
583,417,199,154,125,165,382,321,883,868
571,380,287,201,136,205,515,335,894,869
705,373,266,198,152,205,546,417,876,869
481,373,175,141,111,142,335,298,874,869
571,327,287,220,149,205,420,494,858,869
360,203,217,159,111,158,446,375,889,869
338,220,229,161,111,167,364,359,894,869
438,312,214,149,107,159,380,312,912,869
485,356,143,113,88,115,349,203,887,869
392,324,108,82,71,94,294,311,907,869
255,210,128,88,72,108,318,180,844,870
582,421,237,186,139,179,399,300,838,870
626,445,202,150,112,158,374,344,899,870
562,365,304,227,176,247,509,322,878,870
219,169,183,141,104,141,335,312,894,870
697,477,208,169,119,152,389,434,836,870
662,388,319,242,153,219,413,621,899,870
685,465,239,172,122,178,404,378,890,870
454,325,173,125,94,137,367,310,896,870
376,256,174,120,87,131,355,320,890,870
510,365,200,167,126,155,387,305,879,870
174,140,180,150,118,148,373,1,212,870
418,267,186,156,111,136,375,350,905,871
549,355,252,196,131,178,374,302,889,871
195,140,175,144,107,133,317,343,879,871
504,368,188,146,115,153,312,311,992,871
510,298,374,296,188,256,447,624,910,871
376,296,116,85,66,93,320,299,859,871
462,281,319,220,142,227,407,620,892,871
544,362,300,244,162,211,396,305,892,871
651,430,517,397,291,393,528,87,858,871
379,303,282,204,175,244,479,319,895,871
296,218,169,129,100,135,349,349,867,871
414,303,257,178,136,204,387,390,845,871
361,264,136,111,82,105,311,305,921,871
298,241,143,101,90,128,322,305,898,871
336,235,289,207,140,207,385,495,880,872
547,369,264,207,149,198,383,315,920,872
451,338,170,128,102,140,345,316,884,872
414,276,222,152,109,166,385,399,891,872
269,233,134,94,84,119,348,23,771,872
499,385,184,138,113,150,348,316,881,872
544,372,206,164,119,157,380,319,865,872
519,271,323,253,154,210,414,601,870,872
354,261,151,105,80,121,378,330,905,872
334,246,218,146,114,174,341,313,874,872
491,298,295,224,150,210,397,590,831,872
333,185,152,106,66,100,413,676,868,872
581,329,357,255,163,242,446,561,913,872
643,403,236,190,135,177,449,311,861,872
458,359,144,104,86,121,341,321,875,872
515,375,164,105,78,128,429,312,845,872
562,377,246,179,131,184,473,309,900,873
453,335,174,116,86,134,358,302,842,873
333,196,124,87,55,83,418,605,895,873
410,270,134,88,57,94,312,287,822,873
307,199,308,235,158,222,389,520,892,873
537,280,383,284,169,248,500,635,898,873
386,285,162,119,92,129,337,317,893,873
253,195,119,101,85,98,318,311,885,873
507,343,258,163,107,180,420,413,913,873
251,176,145,112,85,115,336,309,874,873
411,300,229,177,139,179,383,313,910,873
310,225,189,131,97,142,355,313,863,873
501,351,297,228,162,221,369,550,868,873
509,366,203,158,120,160,367,314,894,873
572,383,225,185,135,164,401,310,900,874
246,188,174,140,113,145,323,307,888,874
654,412,285,212,144,206,422,497,863,874
701,482,281,182,140,220,374,346,899,874
486,318,330,231,155,233,398,579,893,874
525,374,262,205,147,194,404,521,892,874
643,390,233,172,112,163,398,476,899,874
608,438,252,174,132,201,369,353,867,874
523,361,281,206,160,226,506,401,900,874
559,289,355,249,152,234,457,589,941,874
532,381,160,128,98,128,352,308,869,874
325,230,178,131,101,139,334,305,900,874
295,207,181,143,110,141,348,313,886,874
726,422,392,291,181,258,456,653,913,875
450,299,244,175,128,187,377,317,919,875
633,421,275,213,150,204,412,413,830,875
387,229,290,221,142,201,381,625,856,875
445,286,241,176,126,180,381,496,876,875
521,254,277,225,117,146,451,458,886,875
267,184,163,123,90,126,327,301,899,875
597,451,200,147,129,175,457,149,881,875
328,250,158,133,102,124,349,314,859,875
499,312,468,358,243,322,491,547,910,875
440,255,306,228,140,200,363,565,855,875
421,238,404,291,177,274,425,590,878,875
518,371,403,297,224,322,502,220,749,876
415,261,317,239,154,216,419,611,877,876
362,199,371,290,150,213,369,592,939,876
449,254,283,216,142,197,421,550,869,876
618,410,335,269,200,254,415,533,897,876
587,453,302,225,195,262,497,196,827,876
544,401,259,198,150,203,411,313,886,876
356,197,245,153,99,168,460,401,888,876
418,257,321,252,165,229,387,575,878,876
512,377,260,177,135,212,385,311,858,876
602,489,157,115,98,140,410,88,819,876
495,292,317,241,156,214,346,571,879,876
305,223,245,164,117,181,362,295,894,876
375,221,286,219,145,201,411,432,929,877
666,385,367,286,179,248,418,497,896,877
268,188,185,147,108,142,352,298,840,877
278,217,120,89,71,100,292,296,894,877
556,368,200,140,103,155,380,319,890,877
522,326,317,233,159,230,400,516,875,877
709,455,297,207,140,214,426,527,883,877
667,424,224,164,112,163,421,326,891,877
305,187,223,185,128,158,351,524,881,877
367,277,202,166,132,164,355,292,886,877
505,357,197,161,116,150,350,307,885,877
496,333,180,134,99,138,355,294,905,877
243,176,158,121,90,124,329,247,876,878
656,440,283,220,161,216,382,402,853,878
464,318,248,199,158,197,397,347,883,878
610,413,232,181,121,169,380,309,868,878
650,479,222,166,129,178,379,314,848,878
722,467,414,318,217,300,434,597,917,878
387,264,139,97,70,104,341,232,866,878
228,156,207,152,104,151,347,298,912,878
441,303,313,243,176,236,384,301,872,878
493,327,229,171,123,175,386,309,914,879
238,181,241,179,133,186,435,106,824,879
407,235,306,229,154,214,436,608,878,879
382,229,240,182,123,167,363,528,852,879
630,351,286,202,128,195,446,636,907,879
315,214,184,140,98,136,367,296,884,879
430,260,291,208,132,199,438,530,926,879
545,379,175,141,98,127,381,317,863,879
695,464,226,192,131,162,381,358,901,879
621,431,297,233,164,223,398,414,886,879
606,396,257,218,148,186,414,352,886,879
593,338,334,260,165,218,443,587,900,880
392,284,199,145,109,153,362,300,884,880
343,252,147,111,86,117,328,311,872,880
389,257,201,148,105,147,367,409,859,880
566,304,265,197,128,185,420,480,891,880
311,239,198,179,133,154,354,312,912,880
357,258,149,112,87,120,346,307,895,880
586,355,293,234,159,208,433,442,863,880
223,194,96,76,67,85,306,173,876,880
517,319,247,227,153,172,406,407,900,880
455,330,200,151,114,157,383,354,876,880
433,255,252,193,125,176,411,527,886,881
167,140,129,86,74,114,300,161,856,881
585,414,424,274,198,299,535,598,927,881
468,299,152,120,77,104,364,322,838,881
542,360,300,214,162,234,500,613,894,881
302,221,191,151,119,152,290,253,887,881
428,277,202,177,126,152,380,324,876,881
403,281,339,229,164,259,425,648,882,881
502,345,226,167,126,175,390,436,868,881
684,418,232,160,96,151,413,402,868,881
580,408,211,153,111,161,378,391,910,882
471,342,167,105,80,132,346,301,905,882
723,473,241,189,132,175,373,303,903,882
380,204,282,226,149,199,434,607,875,882
491,283,349,261,173,247,454,608,893,882
306,195,275,217,146,197,366,475,896,882
309,192,157,126,94,118,448,307,879,882
505,354,331,219,158,242,383,471,857,882
617,449,172,126,94,135,356,323,868,882
598,365,248,197,139,178,505,316,890,882
731,477,199,137,94,145,394,338,875,882
337,187,306,229,139,201,335,648,900,882
343,218,179,134,92,129,385,326,849,882
397,281,242,165,122,186,358,357,869,882
692,432,299,226,157,216,437,454,876,882
595,338,377,307,195,259,430,527,921,882
432,291,116,87,63,87,410,654,886,882
329,210,289,230,162,207,355,614,872,882
538,351,334,249,183,257,419,516,900,883
351,218,314,231,146,210,390,608,902,883
564,418,200,162,127,154,369,305,892,883
537,293,320,238,156,223,470,608,893,883
422,301,226,163,126,180,383,316,873,883
304,227,149,118,91,119,323,308,850,883
406,216,388,291,173,265,427,638,879,883
430,273,257,187,130,193,399,442,880,884
364,212,330,232,151,223,485,319,902,884
513,319,246,185,126,177,412,506,850,884
477,317,274,215,154,202,376,412,904,884
454,302,194,151,124,163,458,314,867,884
330,267,112,88,78,99,372,101,881,884
254,176,179,138,105,139,329,347,865,884
526,350,235,165,117,176,381,447,879,884
473,238,332,254,165,226,500,692,928,884
260,186,222,149,104,163,369,308,908,884
455,299,243,174,129,191,391,314,885,884
619,431,155,116,90,124,444,318,869,884
622,359,197,149,109,145,481,371,890,884
494,354,197,143,111,159,355,306,884,884
528,379,179,133,100,135,328,316,902,884
704,466,307,224,153,218,430,495,896,884
234,146,226,158,110,166,360,297,916,885
446,252,304,229,150,216,383,513,878,885
415,296,175,137,107,138,349,319,871,885
518,332,300,238,176,234,404,530,890,885
418,295,204,148,114,161,359,304,885,885
194,145,151,123,89,113,310,302,872,885
375,276,192,138,104,152,370,318,887,885
409,310,166,128,104,137,364,320,842,885
526,296,237,181,119,161,635,0,111,885
520,365,185,156,113,138,337,313,896,885
702,484,307,223,153,224,387,542,908,885
336,221,181,148,111,135,362,320,874,885
508,377,145,103,76,109,347,318,889,885
531,342,272,205,128,175,502,317,859,885
576,398,235,176,125,177,361,648,936,886
336,241,317,225,153,226,404,506,881,886
624,434,284,193,156,237,444,203,894,886
330,219,207,164,110,147,372,322,887,886
330,209,208,156,112,154,382,361,902,886
677,457,331,261,195,250,421,315,890,886
372,235,283,232,158,201,381,582,867,886
287,217,155,106,88,129,432,292,909,886
368,220,226,175,117,158,386,307,895,886
513,363,298,197,146,224,470,366,890,886
379,242,380,309,194,255,383,587,895,886
530,354,259,211,154,201,390,540,854,886
586,415,185,144,106,141,357,233,902,887
345,218,203,153,105,145,384,313,901,887
531,375,273,214,154,205,389,443,876,887
522,418,154,110,94,134,359,314,889,887
569,379,296,223,156,223,406,350,871,887
428,313,183,140,102,140,291,446,881,887
520,393,238,181,145,198,375,303,884,887
580,415,208,154,117,160,392,393,883,887
621,390,330,242,164,236,429,605,888,887
272,189,178,127,94,136,366,319,880,887
454,291,336,253,164,230,451,458,898,887
249,176,139,95,67,102,412,341,898,887
606,350,433,339,192,260,438,770,947,887
655,361,360,273,178,249,435,621,872,887
613,415,280,226,161,213,395,547,869,888
245,151,250,196,121,166,513,381,870,888
526,383,172,144,112,139,399,335,895,888
297,242,182,148,126,155,457,7,857,888
532,273,365,270,173,247,438,655,914,888
314,205,222,176,120,155,361,301,900,888
231,201,99,72,65,91,302,132,760,888
411,314,180,144,119,154,347,311,849,888
534,395,323,218,155,234,386,540,923,888
605,420,214,167,122,161,401,365,859,889
515,321,258,209,136,183,351,581,926,889
518,349,220,167,126,171,468,314,900,889
381,214,419,297,174,276,435,643,945,889
312,191,204,147,101,149,439,306,896,889
697,438,402,294,196,278,504,655,881,889
551,349,237,176,123,167,421,490,869,889
479,295,350,259,160,234,404,586,892,889
415,259,184,126,90,133,389,323,864,889
454,347,145,117,97,119,358,224,885,889
466,406,116,78,72,106,412,86,847,889
435,231,290,222,143,196,417,626,882,889
471,235,342,255,149,217,428,594,920,889
691,434,220,160,117,169,480,347,874,889
329,262,150,124,101,126,306,303,897,889
509,308,335,247,168,238,424,609,876,890
631,436,255,217,157,189,421,459,906,890
574,312,418,315,190,269,446,560,913,890
478,292,255,178,115,179,394,394,895,890
417,300,223,160,122,178,366,315,886,890
571,409,200,155,118,157,387,314,886,890
532,292,364,291,188,239,497,502,865,890
563,416,218,162,126,177,380,331,862,890
400,275,281,206,151,209,356,543,831,891
221,154,264,181,125,197,363,336,899,891
238,196,173,133,109,143,316,282,876,891
333,235,159,105,73,120,330,302,843,891
260,206,137,102,86,117,298,316,879,891
479,349,176,126,95,138,326,304,900,891
572,327,284,210,131,196,428,628,909,891
553,405,214,161,117,165,379,324,908,891
616,317,447,321,202,290,434,807,957,891
678,406,327,264,189,243,421,606,885,891
470,349,235,166,115,177,365,301,892,891
421,305,140,108,86,112,326,315,890,891
248,202,180,122,107,159,410,116,890,892
420,254,278,203,130,192,394,356,894,892
523,365,230,176,124,169,376,321,895,892
545,359,231,174,127,176,370,308,883,892
524,301,217,171,115,153,511,320,854,892
670,415,284,235,154,198,420,445,890,892
497,313,248,197,140,181,372,500,868,892
636,477,166,123,98,136,361,319,902,892
626,455,180,143,106,140,380,322,891,892
429,232,339,249,159,233,425,580,895,892
466,348,166,126,99,133,326,312,894,893
500,345,253,193,149,201,414,453,900,893
309,186,307,223,141,211,426,494,915,893
219,175,148,110,87,116,419,2,633,893
299,198,314,244,160,217,346,536,907,893
541,376,304,226,173,241,375,363,871,893
448,319,211,160,136,184,443,438,864,893
380,244,235,198,140,174,388,325,891,893
327,243,214,146,114,169,349,309,904,893
407,283,176,130,97,135,358,314,854,893
640,375,326,256,155,219,446,649,909,893
541,312,526,359,212,337,448,861,942,893
366,267,157,109,79,118,292,298,843,893
464,320,163,120,89,124,350,337,916,893
562,397,246,179,141,202,379,334,887,893
492,299,266,202,129,186,420,556,879,893
376,279,227,186,130,168,361,339,876,893
535,393,167,125,98,133,357,298,868,893
421,271,237,164,119,173,391,377,914,893
219,173,162,116,92,129,404,307,884,893
497,314,269,220,151,192,379,543,876,894
658,364,401,285,183,273,503,555,868,894
429,259,370,258,168,262,436,612,905,894
277,194,216,158,114,164,366,315,891,894
434,310,202,151,118,161,346,315,893,894
548,420,195,149,116,161,351,298,876,894
366,297,151,121,100,127,326,298,879,894
381,264,289,188,131,217,355,495,858,894
383,263,176,127,90,130,359,303,883,894
289,207,179,130,98,142,364,318,897,894
402,236,331,271,172,229,409,553,905,894
530,378,226,195,144,170,375,507,860,894
713,462,299,231,161,216,426,596,884,894
526,353,327,272,178,223,441,347,901,894
495,346,116,89,67,91,317,323,858,894
383,289,181,144,119,151,331,299,889,894
568,425,171,127,97,133,416,313,886,894
563,409,203,155,112,156,375,330,882,894
381,237,377,286,178,247,414,617,905,895
704,445,245,178,122,176,479,315,901,895
367,243,316,223,149,226,375,432,908,895
299,282,116,86,82,109,333,56,718,895
608,426,253,196,145,192,437,336,910,895
371,222,238,174,115,168,384,409,862,895
377,278,156,126,92,118,347,262,902,895
672,386,224,174,117,161,415,634,879,895
647,434,259,185,132,193,398,446,873,895
586,411,201,161,122,153,398,336,860,895
566,370,284,216,162,221,478,478,869,895
542,375,254,180,126,193,400,426,892,895
627,391,492,368,261,376,478,619,903,895
443,324,166,134,98,127,349,302,877,896
487,366,194,122,96,158,322,304,842,896
556,361,228,170,124,174,385,444,864,896
518,369,238,183,136,182,362,459,885,896
356,231,215,147,103,158,328,279,857,896
302,158,322,247,152,210,377,634,925,896
445,285,244,192,145,188,509,334,891,896
661,362,462,326,176,273,496,839,912,897
295,212,171,125,100,139,338,310,884,897
570,408,210,153,110,158,394,329,886,897
251,193,219,162,113,160,372,307,856,897
419,297,203,160,123,161,341,322,866,897
424,357,151,127,109,127,353,313,906,897
413,289,219,156,117,173,369,328,893,897
515,278,403,307,176,254,447,598,928,897
560,414,108,95,70,83,279,637,952,898
414,318,174,128,101,140,348,312,886,898
357,245,189,154,117,143,445,302,841,898
484,290,131,88,57,86,432,326,944,898
488,340,236,173,120,174,373,297,883,898
290,211,280,222,169,220,330,424,865,898
478,282,355,268,164,239,479,596,914,898
280,217,141,114,95,117,270,306,878,898
474,241,352,279,170,234,454,631,905,898
384,245,212,163,114,155,352,413,921,898
466,328,183,149,114,145,370,298,903,898
353,261,162,122,94,127,363,313,826,898
591,423,222,167,130,175,397,321,865,898
650,417,305,218,144,214,403,448,862,898
262,192,158,126,95,124,338,309,857,899
431,259,257,187,122,178,434,606,882,899
468,365,210,147,121,179,395,206,920,899
343,244,162,120,94,130,360,366,891,899
437,291,215,161,108,154,367,347,898,899
296,218,183,134,102,143,334,305,874,899
383,305,171,128,105,143,316,311,877,899
460,291,154,113,76,108,375,252,868,899
585,398,215,160,111,158,371,343,906,899
401,251,277,211,144,199,396,384,863,899
603,325,394,291,167,244,451,636,902,899
337,261,139,106,81,109,363,330,958,899
676,417,249,185,133,182,485,337,891,900
299,180,212,151,100,151,361,316,908,900
420,277,429,313,196,290,379,959,914,900
541,423,210,148,121,177,353,318,882,900
534,369,338,272,210,272,514,618,879,900
423,303,200,141,102,152,380,313,885,900
330,254,112,83,66,91,356,324,886,900
459,270,354,268,168,235,388,625,903,900
579,400,230,172,128,177,394,434,851,900
469,332,225,163,126,181,382,325,903,900
642,385,286,230,151,200,481,317,902,901
477,334,168,126,95,135,341,309,869,901
565,400,238,179,143,190,379,303,915,901
552,398,162,127,101,128,342,304,890,901
448,336,218,160,122,171,373,301,862,901
416,301,167,125,94,132,375,305,848,901
504,307,302,241,152,199,499,312,901,901
328,213,188,130,93,141,365,322,894,901
521,414,127,99,81,105,339,313,875,901
702,434,431,317,181,273,421,799,841,901
477,365,209,168,120,158,380,244,884,901
426,312,152,114,87,120,328,322,877,901
379,252,158,119,86,123,344,311,889,901
401,322,128,99,79,102,312,317,873,901
478,260,142,99,54,83,465,689,926,901
546,335,257,197,124,171,420,499,844,902
267,178,206,148,98,149,371,322,916,902
261,220,95,77,69,85,274,131,845,902
296,174,232,177,114,158,374,458,920,902
462,309,186,143,105,139,441,308,879,902
374,206,215,165,108,149,472,326,880,902
398,312,194,156,128,162,351,315,913,902
471,311,274,215,152,209,390,355,894,902
342,219,147,116,87,110,364,311,869,903
578,393,239,176,124,175,385,316,857,903
420,325,164,112,86,130,288,299,907,903
622,413,274,182,121,188,432,367,869,903
734,414,379,268,170,259,463,665,900,903
432,274,221,173,114,155,379,307,888,903
315,219,199,155,117,157,354,366,922,903
282,195,192,147,111,148,362,322,896,904
444,331,210,144,110,168,321,297,888,904
720,443,328,253,167,229,446,573,869,904
383,267,197,137,103,154,377,327,877,904
709,456,331,275,192,233,432,581,866,904
693,416,393,292,192,275,422,593,906,904
329,249,169,127,99,135,366,242,868,904
678,460,235,194,128,167,380,509,879,904
251,164,187,138,99,138,343,303,902,905
271,186,165,131,98,130,346,316,888,905
670,458,267,203,149,204,411,448,884,905
452,326,184,146,113,147,388,323,893,905
326,231,132,104,80,104,315,302,878,905
351,254,222,163,116,167,360,315,904,905
335,179,324,210,127,209,436,451,883,905
347,248,173,128,98,138,358,288,850,905
552,339,419,303,182,267,454,588,907,905
236,162,160,121,88,119,357,217,876,906
441,291,204,161,119,156,364,341,889,906
519,361,295,239,192,240,469,177,841,906
512,381,176,136,114,151,380,317,892,906
573,410,118,90,67,93,315,324,882,906
538,335,312,214,145,227,410,438,916,906
473,294,316,220,137,213,406,580,886,906
702,401,444,330,194,289,474,637,912,906
335,197,294,204,127,197,415,584,882,906
388,294,168,135,107,136,431,327,878,906
519,368,193,150,117,157,379,317,894,906
607,410,312,232,169,237,356,496,891,906
573,390,230,184,135,175,369,398,890,907
282,209,198,153,124,164,337,297,842,907
368,262,229,161,123,183,373,364,866,907
561,296,364,277,197,269,493,659,886,907
465,287,271,205,156,206,457,468,854,907
409,275,212,156,105,152,345,390,898,907
366,230,332,246,157,229,409,439,895,907
626,362,282,188,113,185,418,365,927,907
273,161,243,191,126,172,386,356,929,908
388,260,252,195,135,186,335,484,881,908
636,352,383,283,176,256,449,633,916,908
325,224,252,170,127,195,354,344,885,908
486,292,421,290,181,278,443,616,910,908
480,295,321,246,170,233,421,534,860,908
660,399,267,206,134,184,387,416,876,908
575,354,334,254,168,233,432,557,903,908
449,333,192,130,95,146,334,301,866,908
584,349,301,232,150,210,390,581,853,908
401,205,369,278,165,233,438,618,924,908
584,438,167,116,92,134,353,314,841,908
500,241,514,424,199,263,442,867,926,908
482,237,350,263,173,246,490,487,873,908
430,300,227,170,127,174,464,428,906,909
640,428,274,211,155,211,403,461,838,909
315,186,306,232,150,207,307,602,870,909
709,475,326,238,164,237,434,464,876,909
501,366,185,137,102,144,370,311,888,909
378,213,231,180,109,153,397,305,926,909
336,244,182,135,101,141,357,279,893,909
272,202,182,113,88,147,338,297,856,910
271,156,190,165,103,129,365,326,911,910
423,320,147,121,97,118,311,217,855,910
308,211,275,222,156,205,365,631,890,910
672,372,266,199,135,190,500,655,854,910
441,272,290,210,135,201,430,501,853,910
623,451,179,147,109,135,379,316,869,910
700,436,156,119,77,110,379,632,921,910
484,368,193,153,124,157,370,317,878,910
565,380,210,154,115,161,388,323,865,910
509,358,230,171,125,180,380,318,859,911
611,402,269,205,159,214,501,317,864,911
312,204,234,190,125,162,316,547,897,911
632,358,386,287,200,279,474,626,859,911
537,359,192,155,113,144,448,329,892,911
484,291,226,167,111,158,388,372,893,911
362,179,186,136,98,139,496,321,897,911
631,372,317,244,161,219,432,585,853,911
338,243,132,103,82,107,311,315,900,911
601,371,258,184,112,164,422,484,861,912
537,278,134,91,54,88,428,647,909,912
445,331,166,117,82,123,354,312,902,912
362,266,202,142,101,151,352,327,920,912
388,270,174,131,96,133,366,326,819,912
549,384,212,169,131,164,405,421,904,913
544,379,210,138,99,156,367,310,910,913
713,485,379,278,196,279,491,627,902,913
544,371,287,220,159,216,410,471,885,913
373,242,246,186,130,183,384,355,917,913
237,178,216,161,120,172,375,321,888,913
627,463,153,123,98,125,370,315,866,913
421,318,179,140,107,139,353,322,894,913
529,355,171,130,94,125,378,314,869,913
668,423,269,201,144,202,491,430,908,913
475,350,230,148,107,178,393,318,876,913
591,411,177,130,95,138,367,319,862,913
495,257,335,240,160,237,505,488,889,913
623,411,325,242,163,238,413,455,858,913
301,237,164,112,84,130,341,315,840,913
392,288,212,164,128,169,375,316,880,913
571,317,420,305,179,271,473,594,913,913
549,393,201,155,115,155,344,309,890,913
314,214,176,129,98,135,335,318,872,913
254,188,188,162,123,145,329,305,888,914
459,281,291,212,137,198,454,535,875,914
413,266,156,134,93,114,353,319,876,914
290,197,214,159,105,151,579,4,643,914
434,345,194,127,104,159,341,316,871,914
604,367,248,181,122,178,456,519,880,914
431,229,173,122,55,89,386,324,904,914
381,310,149,109,88,124,331,301,833,914
345,230,232,167,115,173,383,341,858,914
530,344,229,157,106,168,404,360,885,914
356,217,214,161,110,154,371,318,877,914
183,147,133,111,92,109,266,303,886,914
488,272,398,300,174,262,452,631,920,914
452,320,220,172,128,168,364,390,895,914
487,338,202,150,110,155,410,314,869,915
524,324,365,256,163,249,426,606,867,915
638,459,198,130,98,155,376,311,871,915
509,369,172,131,94,131,384,316,895,915
327,183,231,169,119,170,446,471,841,915
486,358,187,141,109,150,376,310,883,915
576,340,285,224,152,207,417,391,906,915
312,198,304,223,131,193,358,576,883,915
363,259,152,120,90,117,350,321,855,915
408,242,278,186,122,195,425,464,901,916
393,224,241,197,134,170,403,467,901,916
661,438,355,238,163,253,424,389,902,916
423,302,195,141,110,160,371,315,885,916
444,282,218,177,123,160,388,420,882,916
494,304,154,117,79,110,365,318,869,916
242,167,154,113,81,116,308,289,890,916
611,389,253,207,139,187,408,365,854,916
424,193,398,311,162,220,414,751,949,916
387,250,181,135,99,134,376,302,879,916
423,270,276,201,136,198,410,493,886,917
323,229,218,159,114,166,367,316,881,917
275,208,147,107,88,122,266,297,848,917
484,324,207,152,102,149,376,298,879,917
308,221,255,183,129,192,370,339,909,917
667,453,296,214,166,236,508,299,947,917
682,444,253,195,142,190,411,304,895,917
622,408,183,153,108,136,385,315,896,917
459,267,276,211,135,192,420,538,900,917
453,353,189,142,117,162,342,394,877,917
492,325,285,194,134,209,383,398,870,917
513,286,380,251,157,260,436,551,880,917
632,442,243,193,145,191,406,367,868,917
328,216,253,178,114,172,412,418,923,917
362,234,260,177,125,194,398,527,853,917
451,316,152,120,75,103,354,306,844,918
320,198,210,158,104,147,635,0,138,918
431,326,288,211,162,232,452,456,877,918
690,377,240,189,87,126,538,1023,1016,918
286,239,167,139,105,132,303,323,890,918
531,344,250,193,132,180,379,313,896,918
727,396,375,287,134,196,470,757,927,918
261,187,253,192,143,193,325,469,886,918
587,374,266,224,151,192,418,317,879,918
509,388,156,120,97,130,369,309,883,918
333,265,133,99,78,107,313,301,852,918
377,253,269,195,133,192,372,519,871,918
319,220,109,82,60,83,306,310,905,918
459,324,159,129,104,128,457,140,843,918
720,489,254,197,136,183,393,523,888,919
577,302,387,281,165,254,436,608,947,919
496,361,203,158,123,163,371,257,898,919
662,400,378,301,195,261,432,497,921,919
398,235,278,218,150,203,412,520,874,919
642,445,230,179,122,167,406,344,863,919
443,302,198,152,109,151,377,320,859,919
533,388,176,125,92,135,350,312,862,919
510,295,401,300,169,247,433,542,953,919
588,443,208,151,119,162,382,342,861,919
381,267,167,135,103,129,347,317,882,919
580,359,296,208,148,224,409,451,883,919
723,478,306,228,172,237,415,568,884,919
685,392,290,241,170,213,503,391,907,920
424,308,168,133,104,137,343,334,920,920
564,376,302,222,157,227,435,350,890,920
506,387,167,135,111,138,371,317,876,920
559,367,208,179,126,148,396,363,865,920
549,442,200,143,117,169,339,303,884,920
226,141,214,166,110,148,285,499,847,920
545,302,273,199,134,188,482,366,906,920
661,395,459,330,199,303,451,586,903,921
199,155,132,98,74,104,385,50,814,921
364,224,136,100,76,107,456,207,846,921
542,306,256,193,131,186,476,425,872,921
556,388,247,182,133,182,381,380,879,921
492,338,341,260,193,263,421,641,934,921
357,244,219,144,108,169,431,313,878,921
514,338,170,129,84,121,318,626,917,922
401,296,312,215,163,240,415,300,868,922
307,205,218,166,126,169,470,319,871,922
209,184,100,73,70,94,343,22,786,922
588,402,219,161,121,173,384,321,892,922
531,394,204,157,114,154,409,352,858,922
572,385,248,181,126,182,402,458,860,922
698,420,393,250,164,282,437,548,857,922
696,382,476,355,205,286,483,897,941,922
646,405,384,295,195,272,442,592,860,922
618,397,295,240,170,217,409,484,881,922
658,454,228,184,129,168,398,324,903,922
338,231,146,109,84,115,339,308,886,922
506,280,379,288,176,252,504,601,873,923
343,245,195,130,93,149,341,326,898,923
350,258,138,110,83,108,301,326,898,923
448,324,199,149,111,155,337,309,895,923
292,215,177,123,88,133,352,257,820,923
466,313,230,153,110,175,398,318,913,923
408,276,240,178,131,184,387,343,978,923
378,238,269,203,134,188,396,569,890,923
623,412,276,217,148,193,409,433,902,923
643,428,165,125,82,117,376,324,886,923
380,271,183,135,104,145,348,310,903,923
648,441,308,229,171,239,394,361,875,923
604,358,395,309,215,289,517,591,903,923
325,272,101,91,77,88,315,128,798,923
518,322,258,192,147,207,514,324,866,923
299,222,166,119,92,130,340,308,892,924
437,335,110,83,66,91,303,320,860,924
436,359,125,88,76,107,595,1,611,924
473,231,347,265,166,233,463,595,883,924
478,335,191,154,116,146,345,299,898,924
520,280,411,323,186,260,445,621,909,924
439,303,231,172,125,176,370,466,925,924
613,416,285,224,168,218,411,475,878,924
444,332,172,151,123,140,352,305,886,924
589,412,256,173,121,190,374,426,882,924
586,394,147,108,75,105,339,313,889,924
380,200,328,237,142,213,421,539,912,925
400,285,193,138,106,153,344,331,916,925
726,442,247,189,109,151,429,285,888,925
455,254,349,249,142,221,459,641,908,925
475,345,151,114,86,118,327,311,890,925
535,300,258,199,131,180,527,317,886,925
520,361,238,152,108,174,382,398,899,925
643,415,268,204,142,193,409,326,902,925
304,237,194,136,111,160,350,295,869,925
339,198,225,186,127,165,398,323,895,926
553,378,263,198,143,202,393,402,884,926
683,418,282,211,134,193,418,533,885,926
491,322,303,203,135,222,377,321,904,926
393,295,228,165,129,183,334,377,873,926
376,243,245,212,143,176,345,442,890,926
398,287,177,145,109,140,354,308,860,926
342,245,142,127,101,113,330,312,889,926
493,344,242,189,137,185,373,296,865,926
316,241,147,117,94,120,327,298,898,926
385,264,167,128,92,127,337,313,881,926
437,254,458,374,243,313,502,622,935,926
601,437,256,174,125,194,396,311,912,926
458,238,433,314,173,264,468,638,947,926
482,342,195,156,123,155,394,339,894,927
415,304,227,169,125,173,367,311,855,927
479,249,369,260,151,226,440,628,903,927
346,204,191,140,89,128,354,295,899,927
332,224,229,194,143,176,452,324,886,927
722,412,368,266,173,246,460,608,899,927
642,416,206,168,112,146,394,316,918,927
651,366,396,297,175,252,457,618,899,927
418,329,149,117,99,127,346,315,876,927
720,480,296,229,166,228,423,435,878,927
452,295,361,269,190,273,438,646,876,927
659,362,334,265,157,214,499,633,907,928
382,285,156,138,103,124,319,298,891,928
572,355,331,233,167,249,419,491,865,928
359,256,180,145,114,146,338,310,897,928
436,313,225,173,130,178,330,430,875,928
667,432,282,225,154,208,409,425,926,928
700,429,332,259,164,225,421,518,858,928
614,376,329,263,173,230,426,609,868,928
492,293,366,268,175,257,426,562,906,928
607,330,321,252,146,208,448,633,897,928
697,412,288,257,162,197,435,600,847,929
548,357,170,124,90,131,452,312,850,929
675,439,337,250,169,238,487,319,891,929
467,281,264,212,149,194,474,313,874,929
555,335,231,182,124,166,394,429,889,929
269,172,206,148,105,153,330,400,846,929
386,228,277,218,145,194,363,496,880,929
586,425,192,154,117,150,390,321,885,929
479,370,219,186,149,177,391,317,883,929
282,241,201,141,117,171,353,307,879,930
478,345,189,137,103,147,361,219,836,930
348,228,187,141,102,143,377,354,909,930
677,467,233,194,142,179,392,310,897,930
398,300,163,112,84,128,334,321,892,930
674,436,277,203,138,199,423,506,849,930
542,293,425,338,212,274,302,1015,910,930
358,222,125,87,60,90,368,382,881,930
226,192,173,135,119,150,406,118,850,931
613,408,259,189,144,202,396,558,834,931
409,297,198,137,104,157,372,268,832,931
555,385,363,281,220,294,474,599,897,931
332,212,305,221,142,210,401,493,918,931
386,318,142,112,94,120,517,8,785,931
481,266,365,266,171,250,414,621,930,931
675,391,370,274,172,242,437,624,910,931
544,384,173,133,100,134,375,312,874,931
505,368,128,103,77,97,355,308,897,931
578,440,178,139,110,147,338,321,903,931
568,279,353,290,146,180,466,669,931,932
527,374,204,163,123,160,382,323,864,932
630,426,257,181,128,190,418,429,937,932
423,269,182,138,98,137,357,312,892,932
566,374,212,165,123,164,465,312,875,932
418,272,349,259,172,247,426,613,864,932
341,234,225,172,131,179,371,375,891,932
482,357,173,152,122,138,369,314,884,932
371,287,145,102,86,126,343,316,878,932
419,225,302,217,130,200,426,514,871,933
411,246,252,198,136,181,395,446,904,933
248,172,160,123,86,118,337,334,897,933
352,265,204,162,122,158,319,440,848,933
554,364,323,230,162,236,398,571,920,933
432,283,246,184,138,189,399,462,895,933
443,329,123,90,69,96,304,311,902,934
327,206,230,184,131,170,390,327,865,934
394,242,354,261,161,230,433,580,869,934
328,228,259,186,134,192,265,610,866,934
338,257,143,113,87,113,334,323,879,934
240,178,177,149,110,137,327,300,879,934
617,427,262,197,142,196,420,339,871,934
422,259,267,201,134,190,385,354,921,934
512,414,151,124,103,125,338,315,875,934
584,423,273,198,142,211,403,454,881,934
410,243,263,211,143,183,397,302,898,934
268,186,203,141,103,156,370,422,876,934
370,286,123,83,63,97,316,302,884,934
377,299,155,122,101,131,318,311,831,934
440,268,239,201,137,172,414,434,843,934
423,282,177,113,75,126,370,298,870,935
495,296,326,238,154,225,423,421,886,935
553,348,243,180,125,181,383,484,853,935
405,279,171,138,108,137,363,338,868,935
292,188,151,111,78,112,346,323,862,935
557,402,188,136,105,149,387,327,871,935
338,217,274,194,124,189,396,427,873,935
329,244,182,147,110,140,332,298,880,935
438,309,248,197,155,200,403,413,898,935
351,251,242,166,138,203,467,385,875,935
557,336,353,276,187,257,494,606,936,935
551,368,138,101,66,94,423,339,880,935
566,402,276,207,156,220,397,359,897,935
452,297,263,194,137,199,404,414,892,935
519,303,231,179,129,170,452,462,888,935
417,325,156,105,76,120,499,47,837,936
499,279,328,238,148,221,434,636,922,936
482,289,335,245,159,231,383,516,878,936
342,189,315,222,141,215,372,611,912,936
469,321,235,174,130,185,391,544,866,936
622,369,238,202,158,189,525,331,863,936
512,335,184,124,86,133,394,318,879,936
382,254,241,184,129,180,388,504,872,936
621,398,244,185,119,166,406,316,866,937
517,376,250,208,157,192,383,479,901,937
354,248,183,159,117,138,346,295,881,937
523,331,211,140,99,154,346,626,901,937
464,317,232,175,133,177,440,402,913,937
527,321,322,228,154,228,416,508,890,937
568,352,176,145,101,122,376,305,888,937
355,270,185,146,114,149,339,300,895,937
647,471,152,117,88,118,368,316,901,938
325,162,302,227,131,193,407,532,929,938
339,158,219,164,113,159,465,396,876,938
434,301,206,155,108,152,385,300,859,938
289,199,178,116,80,132,340,320,901,938
691,393,297,215,127,184,543,434,866,938
470,342,165,138,103,130,380,299,850,938
226,186,168,122,98,137,322,182,852,938
644,368,296,238,151,193,489,484,862,938
486,312,192,153,117,149,513,312,878,938
477,256,284,218,137,193,439,571,883,938
541,336,246,189,135,181,369,306,866,938
511,341,229,165,117,169,405,352,897,939
435,327,236,178,136,182,369,347,890,939
236,187,127,109,87,102,306,303,886,939
400,278,215,150,100,155,366,308,903,939
708,449,321,261,194,240,426,459,868,939
274,200,193,142,109,150,307,300,872,939
649,369,254,191,125,178,466,446,869,939
599,381,348,255,174,246,544,484,907,939
254,169,238,171,121,179,390,328,898,939
260,172,194,135,88,135,467,330,893,939
366,240,230,165,111,163,448,329,876,939
435,298,244,182,131,182,396,332,873,939
481,345,171,118,76,120,336,301,858,939
529,342,264,182,115,188,408,312,900,939
503,327,270,222,164,202,397,482,896,940
533,361,110,87,64,83,326,315,892,940
419,310,155,119,97,127,348,299,906,940
491,287,397,301,200,276,427,569,899,940
478,335,177,131,90,131,345,317,898,940
429,299,248,194,143,190,406,415,872,940
447,307,237,189,143,183,387,309,885,940
601,416,238,184,132,177,387,329,920,940
607,350,319,260,165,212,396,506,883,940
512,338,272,186,131,204,423,412,909,940
467,352,167,137,105,130,372,300,874,940
662,400,344,265,169,228,433,629,928,941
343,254,112,88,71,91,307,311,852,941
241,188,198,152,127,168,300,410,869,941
484,296,221,158,105,155,388,461,870,941
435,269,268,199,134,195,406,440,901,941
481,305,230,178,120,166,372,516,846,941
361,260,166,128,98,128,375,330,867,941
268,172,224,152,95,149,374,323,860,941
531,316,186,162,112,131,286,618,958,941
376,234,186,131,90,134,370,304,898,941
378,277,214,174,122,156,357,304,865,941
417,286,201,148,114,160,369,319,900,941
355,267,174,136,111,144,345,305,853,941
430,287,250,192,138,181,394,336,865,941
422,310,167,115,87,134,362,320,886,941
282,150,218,177,118,150,402,304,900,941
395,300,178,148,113,140,345,294,850,941
533,372,249,204,151,190,399,500,864,941
373,279,277,220,163,213,336,515,886,941
663,382,393,299,161,235,529,578,862,942
558,303,392,308,194,255,421,669,948,942
362,291,172,129,110,146,422,313,879,942
581,407,191,140,101,143,457,337,901,942
572,395,267,208,154,204,390,403,895,942
456,305,185,150,113,147,374,347,922,942
492,266,424,316,183,271,452,662,946,942
402,271,256,191,137,195,386,394,873,942
287,202,225,147,108,172,364,238,893,942
732,414,296,217,120,175,544,373,926,942
512,277,308,219,136,205,430,471,918,942
259,201,150,115,88,118,325,288,893,942
550,382,223,159,114,167,375,331,900,942
301,202,287,180,123,209,411,492,855,942
260,204,208,145,112,169,307,283,865,942
286,203,197,148,116,154,301,418,895,943
640,356,402,308,181,261,449,622,867,943
569,343,281,209,138,196,418,347,876,943
299,240,183,128,102,149,316,320,880,943
559,380,183,125,86,131,358,299,898,943
457,287,267,187,127,194,402,428,873,943
421,234,337,251,154,220,436,636,879,944
402,296,253,190,141,197,383,349,892,944
323,213,138,100,69,101,359,306,867,944
355,189,376,280,157,234,436,590,930,944
674,454,250,195,137,187,388,356,846,944
331,240,185,121,93,147,356,313,867,944
619,455,173,131,101,139,361,315,863,944
327,213,296,217,145,213,394,517,852,944
419,272,145,117,85,108,374,332,893,944
618,342,378,284,185,264,453,625,886,945
419,304,179,137,100,139,354,320,888,945
599,437,323,231,183,262,426,470,895,945
384,271,209,162,124,167,382,323,871,945
364,233,197,145,97,142,403,348,891,945
412,262,242,173,117,175,343,501,950,945
508,322,340,232,158,246,461,566,887,945
648,456,241,165,122,185,375,401,901,945
375,273,232,168,124,176,383,311,873,945
595,420,271,190,141,214,401,311,860,945
424,285,235,192,130,171,402,320,871,946
286,209,215,153,113,166,385,370,887,946
495,337,277,219,159,208,398,481,911,946
569,432,377,258,211,316,493,191,861,946
265,204,179,129,96,139,324,291,856,946
446,268,315,248,171,225,400,629,918,946
309,179,313,211,127,203,418,469,890,947
238,175,143,122,89,110,268,289,895,947
350,265,171,142,112,137,330,281,884,947
551,391,338,248,178,249,418,526,906,947
589,352,268,197,131,191,410,589,864,947
441,309,134,91,63,100,313,312,899,947
419,286,143,112,82,109,320,302,878,947
410,294,189,142,108,148,374,318,923,947
211,139,268,190,101,156,430,647,956,947
496,322,252,181,152,212,496,343,909,947
376,260,209,161,113,149,515,333,899,947
576,305,466,330,183,286,450,624,929,947
400,274,215,158,125,173,455,299,887,947
465,347,228,159,125,182,371,310,897,947
455,341,180,137,109,146,341,308,900,947
426,203,326,255,146,208,430,565,897,947
614,373,298,209,141,210,405,490,877,947
212,159,138,116,85,106,278,300,894,947
347,241,169,142,112,135,355,313,866,947
466,355,154,124,102,130,365,325,867,948
379,282,225,169,138,185,370,337,893,948
389,241,262,198,137,190,390,395,879,948
682,473,262,179,133,206,409,475,843,948
392,321,131,93,77,110,299,314,885,948
511,356,282,226,156,203,410,427,864,948
580,380,282,204,123,188,429,364,884,948
415,203,233,182,113,152,520,301,910,948
532,350,296,224,167,224,374,577,917,948
295,257,138,92,79,119,323,177,852,948
368,262,195,132,98,151,385,298,857,948
728,402,318,261,142,189,402,527,869,948
486,303,262,191,131,185,393,575,901,948
464,337,137,99,76,109,318,301,853,948
444,338,163,130,109,137,342,313,855,948
402,221,329,222,131,211,416,590,869,948
181,131,185,148,106,137,263,328,886,949
374,273,126,98,75,98,314,324,887,949
354,253,173,122,92,133,330,296,880,949
487,343,206,171,117,151,362,318,907,949
579,411,219,163,128,175,389,351,865,949
289,197,214,158,119,167,369,308,907,949
615,421,285,217,150,209,422,338,883,949
336,211,232,183,131,175,383,345,914,949
347,221,256,191,125,177,490,319,876,949
557,374,207,149,105,153,379,275,902,949
485,366,160,123,94,126,347,310,863,949
409,297,173,151,127,145,347,313,876,950
700,487,268,222,173,209,435,314,854,950
625,376,523,378,231,334,552,627,964,950
642,367,527,427,257,336,481,873,943,950
649,463,168,135,104,134,375,328,882,950
307,197,235,174,113,166,292,519,839,950
385,270,211,162,123,163,358,542,853,950
310,232,230,153,112,176,319,456,876,950
571,338,418,275,163,271,427,316,883,950
261,160,172,133,91,125,332,292,894,950
706,430,290,246,154,195,423,608,911,950
281,208,151,105,77,117,334,295,885,950
499,360,168,127,97,130,346,322,869,950
538,406,140,108,84,113,337,311,832,950
612,439,188,153,117,148,384,302,851,950
599,355,388,296,184,255,454,619,883,950
302,235,123,87,67,99,328,322,884,951
586,431,197,142,105,146,373,473,920,951
610,345,391,291,181,257,454,640,908,951
286,201,178,142,108,139,321,305,874,951
581,370,311,233,158,224,503,441,891,951
404,252,286,197,118,187,393,385,898,951
617,367,276,237,161,193,431,510,867,951
373,255,165,133,96,123,343,304,847,951
211,159,120,92,77,104,339,135,902,951
520,337,373,287,214,281,475,315,887,952
516,377,187,162,130,151,352,302,873,952
475,296,273,207,143,200,407,421,867,952
728,448,270,212,147,194,440,421,850,952
310,225,178,146,110,137,341,305,891,952
624,406,313,224,146,221,409,508,878,952
541,388,236,177,138,186,388,328,907,952
400,287,247,180,140,198,332,556,843,952
523,401,131,93,74,107,322,313,894,952
655,452,217,163,114,158,377,333,906,952
315,235,138,105,83,112,307,316,873,952
557,419,135,116,90,107,340,277,893,953
510,401,162,123,99,134,366,303,909,953
556,393,243,188,145,192,376,328,898,953
551,374,236,183,148,196,486,323,904,953
486,273,315,226,143,212,418,602,878,953
605,438,189,141,104,148,381,337,860,953
409,240,195,140,101,142,420,348,860,953
292,211,178,138,108,142,364,313,846,953
474,319,179,132,90,130,355,307,891,953
617,370,327,262,159,209,391,543,920,953
378,241,285,217,146,204,406,523,881,953
651,451,190,150,108,142,395,408,873,954
431,316,207,156,112,159,353,300,905,954
408,266,235,171,112,165,391,353,922,954
577,396,287,236,181,222,408,524,898,954
531,372,270,215,152,204,410,306,887,954
424,240,301,220,139,206,407,634,885,954
396,216,331,250,146,212,418,606,865,954
254,178,215,161,115,161,358,319,880,954
459,278,308,235,155,218,429,626,922,954
423,281,184,132,91,136,339,288,925,954
362,250,168,126,99,137,388,328,854,954
319,204,265,188,141,203,479,357,913,955
621,382,339,248,167,237,429,614,902,955
564,351,373,275,153,229,412,693,939,955
577,409,225,175,139,185,377,345,915,955
446,310,233,179,132,178,379,356,913,955
503,340,159,125,94,123,370,317,897,955
368,264,201,156,115,156,360,340,908,955
402,272,187,151,112,144,378,371,895,955
376,279,202,169,133,164,595,3,614,955
409,289,109,94,74,86,348,312,847,955
418,302,170,134,101,136,371,313,830,956
675,447,245,170,120,181,391,398,909,956
661,421,267,200,137,198,424,415,889,956
678,385,331,252,149,212,445,657,926,956
446,318,175,131,102,139,386,322,871,956
485,337,197,132,93,149,414,424,864,956
649,451,167,126,88,126,368,317,844,956
296,182,237,181,123,176,367,387,899,956
524,381,200,150,118,165,355,307,847,956
279,213,176,127,99,138,341,322,875,957
561,345,271,204,133,184,420,522,892,957
420,276,252,179,132,192,382,327,881,957
468,345,284,196,150,223,398,309,880,957
484,254,368,272,170,243,441,634,884,957
476,298,258,205,134,182,401,336,881,957
462,308,191,140,95,136,336,302,886,957
668,431,310,240,158,210,378,335,858,957
415,244,428,293,188,283,435,594,875,957
369,257,187,143,104,146,357,312,858,958
310,227,226,159,120,179,343,328,882,958
484,308,288,222,148,204,405,415,878,958
561,363,232,183,120,167,376,467,873,958
575,384,208,175,124,155,479,310,884,958
365,257,202,145,106,153,384,340,899,958
340,202,262,205,133,186,377,521,912,958
431,233,399,284,162,256,449,602,917,958
199,137,217,178,122,154,285,537,861,959
689,367,397,288,198,284,448,633,920,959
649,352,480,381,214,279,425,954,948,959
406,244,397,289,182,274,418,602,930,959
659,415,306,214,135,208,414,599,859,959
424,326,208,167,131,166,377,314,890,959
526,339,303,230,156,215,382,641,880,959
437,276,297,224,152,206,488,387,881,960
366,229,385,282,182,268,417,606,857,960
495,298,263,197,131,182,349,559,894,960
282,220,137,99,73,107,266,300,859,960
683,403,359,246,150,240,443,504,919,960
506,239,330,231,153,226,521,583,910,960
587,413,186,149,113,144,343,320,912,960
453,371,153,105,89,133,327,298,838,961
438,219,343,279,161,212,452,644,906,961
310,204,197,157,114,150,351,408,884,961
404,260,198,147,107,149,389,315,849,961
305,200,193,154,104,136,355,372,887,961
339,253,117,93,75,95,298,319,883,961
409,260,229,187,134,171,390,445,858,961
466,296,277,204,143,206,389,541,886,961
661,452,207,166,115,151,380,331,900,961
399,298,157,129,99,126,361,305,866,961
683,407,355,248,160,240,418,461,867,961
407,311,113,80,65,91,296,308,892,961
541,420,172,127,104,141,313,300,842,961
548,408,199,152,119,163,378,310,855,962
527,347,277,189,135,212,393,429,887,962
330,182,383,278,156,235,430,615,885,962
415,322,201,150,120,165,345,310,943,962
591,415,172,134,101,132,366,304,879,962
404,243,305,222,148,211,399,481,859,962
540,375,255,176,126,188,355,497,903,962
448,306,181,145,111,141,381,373,907,962
569,340,275,202,137,198,417,566,897,962
436,266,208,165,99,134,497,1,196,962
480,285,326,238,154,227,437,604,875,963
549,326,332,257,160,224,417,633,938,963
484,298,330,245,160,233,435,559,820,963
563,314,341,268,171,229,437,628,914,963
265,196,170,138,112,140,326,307,885,963
569,341,301,235,163,218,436,564,881,963
289,202,166,132,100,127,331,282,868,963
307,213,189,148,107,142,325,458,876,963
367,230,265,180,116,185,392,323,913,963
421,286,228,173,117,165,401,338,927,963
599,438,209,151,118,168,348,301,895,963
594,418,231,184,142,182,423,356,891,963
351,250,151,116,86,117,351,165,868,964
232,184,229,176,144,193,400,249,858,964
373,239,208,153,112,156,385,312,850,964
559,369,288,222,162,219,420,321,859,964
493,283,343,242,168,245,410,560,881,964
391,266,197,137,95,148,370,325,892,964
659,340,529,398,151,212,562,709,992,964
557,391,179,136,103,142,448,382,895,964
566,396,287,213,154,208,564,326,898,964
640,350,328,232,150,227,430,532,856,964
472,356,188,156,124,150,371,318,906,964
386,266,274,182,127,199,358,378,862,964
587,391,246,186,130,180,389,381,910,964
536,362,258,196,145,201,395,369,924,965
531,297,280,188,112,183,434,383,869,965
412,281,193,150,111,147,372,319,877,965
356,233,257,175,123,188,380,388,895,965
643,458,193,123,88,146,361,311,900,965
472,331,118,81,57,89,377,167,888,965
397,247,306,229,151,214,452,614,895,965
296,233,168,121,103,144,469,317,872,965
570,359,283,194,129,202,405,417,900,965
540,381,113,79,55,82,349,307,886,966
447,287,168,126,83,120,385,301,861,966
721,464,260,200,147,200,403,497,857,966
426,288,204,160,112,152,379,334,876,966
656,349,209,161,98,136,369,970,965,966
216,139,250,172,119,180,375,336,859,966
377,249,191,152,107,142,346,393,909,966
499,265,402,302,190,268,453,649,906,966
428,312,135,105,82,108,304,319,903,966
482,311,351,252,164,249,402,552,818,966
246,170,198,156,103,139,252,644,887,966
501,317,288,210,144,205,409,445,917,966
400,257,206,164,114,152,401,328,893,966
402,284,233,179,137,183,390,347,904,966
374,227,226,147,95,152,373,300,899,966
448,287,210,160,112,153,392,367,880,967
449,310,207,148,113,162,373,317,901,967
310,226,280,227,152,194,330,499,902,967
350,177,287,222,134,193,318,611,891,967
557,424,247,184,149,203,439,1,219,967
343,246,130,102,79,106,289,317,899,967
408,249,281,199,151,217,512,321,899,967
308,236,135,100,84,114,325,326,868,967
494,370,146,130,106,119,343,315,860,967
603,407,283,206,143,213,404,416,901,967
521,365,179,154,114,136,371,317,888,967
435,320,174,126,104,145,367,312,863,967
424,261,213,169,119,160,391,324,904,967
446,296,290,222,147,206,361,508,879,968
577,413,177,131,96,137,340,304,863,968
411,294,195,145,105,146,355,277,903,968
523,355,286,206,146,212,448,401,874,968
498,281,264,213,142,185,429,638,883,968
393,271,175,128,95,133,371,330,894,968
407,257,262,189,128,186,409,374,885,968
261,200,242,183,127,177,353,361,879,968
460,362,220,160,133,186,384,313,849,969
445,321,181,154,123,149,363,315,867,969
531,394,218,161,132,181,351,380,872,969
401,287,225,156,106,165,366,302,877,969
464,273,297,232,151,204,408,567,869,969
383,234,255,183,123,184,384,336,908,969
307,230,197,145,109,155,312,280,893,969
264,213,173,126,105,149,341,305,881,969
606,431,220,167,131,177,380,437,886,969
473,333,152,122,92,117,356,303,855,970
531,347,229,178,125,169,399,413,912,970
462,298,250,168,122,189,396,366,893,970
382,284,270,184,124,192,374,453,902,970
581,431,189,150,118,154,346,296,887,970
294,197,114,74,50,83,351,467,841,970
504,373,163,121,94,132,353,323,920,970
393,307,169,137,111,140,283,404,973,970
470,337,214,169,112,150,399,308,886,970
444,281,239,184,133,177,450,476,844,970
442,279,134,90,64,96,431,667,878,970
521,398,181,153,115,138,397,306,854,971
494,257,341,254,153,229,433,567,873,971
426,297,142,106,81,114,318,317,893,971
260,199,232,181,135,176,293,517,869,971
713,472,277,208,151,209,422,435,870,971
633,490,189,138,108,150,385,330,877,971
672,433,375,270,175,259,437,542,903,971
187,130,204,139,103,158,328,305,872,972
423,245,267,185,126,197,394,394,881,972
519,296,252,188,125,178,415,532,894,972
611,403,177,136,96,130,500,330,841,972
386,237,278,209,133,197,406,430,884,972
465,332,163,118,94,133,410,315,893,972
266,202,186,127,95,147,365,216,878,972
360,265,172,131,103,139,320,307,881,972
546,292,343,259,152,221,438,579,891,972
508,397,156,123,104,134,412,308,852,972
447,252,297,227,151,209,395,534,896,972
645,434,249,200,142,187,391,445,880,972
597,298,438,317,190,292,473,632,897,973
148,135,117,95,89,108,369,2,536,973
437,267,369,262,168,252,394,513,892,973
365,297,176,130,92,130,414,308,795,973
474,284,361,237,150,248,394,473,913,973
662,397,307,240,156,220,413,528,887,973
638,400,128,102,69,91,379,625,894,973
437,322,149,122,95,117,330,313,864,973
545,316,421,296,177,279,439,598,866,973
372,226,209,149,96,150,382,344,879,973
464,332,185,150,117,148,366,303,900,973
723,411,445,297,174,286,457,557,936,973
357,235,191,144,107,145,365,310,884,974
521,350,263,207,155,200,410,387,849,974
236,190,110,79,65,94,383,42,798,974
588,388,334,266,180,235,411,554,869,974
360,276,231,190,149,186,439,299,850,974
672,433,260,191,134,196,414,400,837,974
631,413,325,226,159,237,418,500,862,974
616,441,206,167,125,158,377,316,900,974
527,370,149,115,87,114,372,318,857,974
329,240,219,156,121,173,332,277,902,974
521,338,230,166,117,171,389,310,919,974
539,307,480,352,212,323,529,649,955,974
413,286,263,185,133,196,407,303,872,975
680,419,424,298,189,284,515,650,926,975
474,364,359,267,206,281,472,569,839,975
323,199,353,259,170,248,416,382,919,975
386,226,250,177,113,169,410,459,870,975
411,288,309,217,160,242,375,299,898,975
428,299,174,133,103,139,361,318,859,975
313,202,299,244,169,217,321,583,865,975
535,389,241,185,139,186,458,321,886,975
571,327,315,231,140,201,427,490,904,975
722,382,332,234,126,197,459,646,910,975
264,189,179,135,96,135,329,303,881,976
388,223,380,285,168,245,411,652,917,976
325,196,305,234,148,203,339,581,930,976
552,364,249,186,132,183,375,319,899,976
485,396,168,81,150,232,529,233,820,976
528,368,216,171,124,164,381,366,898,976
344,201,305,240,142,198,378,512,905,976
208,163,199,149,111,157,338,286,882,976
322,220,247,166,115,180,397,345,898,976
440,307,298,264,177,203,382,311,882,976
502,343,265,189,135,201,378,441,899,976
494,296,284,213,148,206,386,612,893,976
511,341,240,172,118,172,412,325,823,976
329,240,187,131,101,150,366,354,862,976
531,362,283,202,158,224,447,358,859,977
732,416,407,301,203,296,445,657,913,977
310,225,163,130,102,130,349,322,893,977
523,345,189,138,99,143,473,220,869,977
500,387,165,114,91,136,327,323,902,977
367,250,235,191,166,204,466,331,898,977
639,426,281,245,173,210,420,402,855,978
288,180,228,157,101,157,396,398,916,978
415,278,155,118,86,118,358,319,905,978
654,411,306,235,158,216,462,385,924,978
590,386,255,182,127,190,396,466,885,978
641,410,277,215,154,205,414,516,877,978
462,326,116,92,68,88,348,308,877,978
461,268,316,253,161,215,424,615,883,978
521,324,268,216,151,197,428,367,888,979
293,241,178,151,121,140,318,297,893,979
484,301,258,186,132,192,516,382,844,979
514,359,240,178,134,185,407,322,872,979
373,243,262,212,151,195,393,416,855,979
483,296,304,228,163,226,429,447,858,979
489,306,279,211,153,209,411,414,921,979
585,442,158,117,92,127,357,328,887,979
363,235,250,200,132,175,330,523,846,979
626,439,232,167,119,174,379,313,829,979
436,282,228,178,119,156,340,305,865,979
362,230,256,181,119,184,376,384,895,979
464,337,153,129,101,123,363,325,869,980
578,396,171,139,99,130,382,304,866,980
481,290,387,289,188,271,500,596,904,980
258,201,112,78,63,93,286,179,886,980
609,325,324,255,158,209,485,624,900,980
699,487,162,123,95,128,369,366,915,980
469,373,131,104,85,111,334,303,904,980
342,240,169,122,88,126,300,309,892,981
547,345,282,185,114,189,419,539,894,981
468,314,156,128,89,117,357,313,877,981
480,260,290,236,144,190,483,487,908,981
632,463,243,176,130,186,386,312,888,981
434,317,185,135,106,148,354,325,906,981
489,324,284,209,157,221,399,473,856,982
412,251,357,303,223,274,465,458,826,982
570,351,320,258,181,243,410,567,885,982
475,382,151,106,89,129,316,296,892,982
586,416,234,186,139,181,392,304,903,982
538,309,346,256,172,253,440,489,872,982
437,307,257,208,154,198,452,304,884,982
433,282,391,316,251,313,481,649,922,982
516,288,241,179,114,161,404,489,872,983
409,249,267,203,146,201,459,439,882,983
491,302,220,165,106,152,461,432,922,983
377,222,333,316,204,213,533,1,183,983
589,347,357,255,153,237,446,505,884,983
315,174,246,190,128,173,457,501,850,983
337,240,174,144,119,144,338,319,910,983
619,338,291,240,158,203,489,390,894,983
540,346,241,186,123,176,377,289,875,983
449,269,197,151,100,135,421,309,909,983
554,369,264,188,131,195,512,323,882,983
299,220,266,188,136,206,385,416,909,983
351,228,353,243,162,251,412,535,865,983
523,357,231,176,135,184,396,385,908,984
441,312,231,167,116,172,340,292,868,984
565,401,222,141,92,158,449,393,916,984
386,275,175,140,106,133,460,318,857,984
365,262,125,100,79,101,318,301,883,984
403,257,361,260,187,268,529,457,893,984
347,221,216,186,123,149,368,298,901,984
563,348,338,249,187,257,506,532,882,984
448,271,317,229,144,215,437,417,918,984
534,418,167,126,100,137,347,310,910,984
440,265,308,229,159,227,410,537,918,984
625,336,409,305,186,273,446,622,922,985
683,392,346,239,143,227,430,325,894,985
373,237,268,198,132,190,363,635,891,985
335,205,251,188,132,181,359,503,897,985
401,286,145,115,86,111,333,316,848,985
322,271,242,178,149,205,385,466,892,985
578,373,460,343,193,270,390,936,938,986
552,408,338,235,180,269,422,569,762,986
697,457,410,328,234,308,468,489,898,986
680,382,501,354,180,280,425,756,899,986
484,314,189,143,103,144,365,405,860,986
506,363,223,160,127,178,398,403,899,986
334,251,170,127,100,139,322,319,892,986
559,384,193,169,123,144,377,308,890,986
355,260,112,100,77,88,265,306,896,986
496,340,212,166,116,153,369,306,860,987
378,264,179,135,106,140,355,308,881,987
557,391,292,224,161,221,385,482,885,987
628,334,537,449,285,343,435,1023,933,987
489,332,223,178,129,171,379,251,842,987
662,441,236,185,121,171,399,356,921,987
418,303,204,153,115,159,339,289,895,987
561,362,227,159,108,164,407,326,892,988
723,444,204,154,102,141,472,300,886,988
461,264,324,250,159,225,439,597,874,988
528,304,307,244,177,228,436,512,888,988
387,275,205,143,108,160,366,319,876,988
486,320,244,192,131,180,372,311,870,988
260,204,235,161,123,184,375,364,874,988
252,198,151,122,102,127,341,308,876,989
304,209,240,165,118,181,334,315,885,989
543,287,434,306,137,220,429,905,950,989
413,279,205,158,118,155,362,300,891,989
423,330,247,204,162,195,393,403,890,989
425,233,402,312,203,273,610,8,683,989
347,264,179,123,94,140,354,310,900,989
489,337,263,204,155,204,398,351,898,989
295,200,159,119,86,122,347,294,873,989
380,269,179,132,103,142,373,325,859,989
659,350,252,204,134,169,538,365,877,989
494,296,394,265,168,269,420,510,899,989
356,216,255,217,127,163,481,183,827,990
548,358,222,163,117,164,422,417,887,990
407,286,249,209,149,185,419,347,879,990
203,174,179,133,114,154,477,4,794,990
559,392,197,161,115,145,395,387,876,990
217,157,142,96,71,108,339,298,869,990
423,321,160,127,100,128,343,299,888,990
578,333,292,228,142,196,431,534,883,990
428,311,180,140,108,143,348,310,891,990
400,314,319,224,183,264,473,66,936,990
709,461,288,200,136,204,417,504,879,991
617,380,207,175,114,146,394,482,881,991
589,339,343,243,157,230,437,627,911,991
535,399,132,94,73,107,340,308,848,991
349,276,138,108,91,119,334,320,884,991
672,414,309,236,177,243,508,567,853,991
447,274,303,224,145,210,413,554,897,991
377,258,216,157,114,162,391,322,861,991
555,383,177,127,90,129,368,315,885,991
597,343,349,268,170,239,456,639,928,991
419,263,276,196,133,201,420,488,854,991
509,322,264,207,128,179,368,543,861,991
401,253,125,94,64,89,378,323,896,991
372,296,111,96,79,92,309,309,892,991
508,331,248,184,140,196,386,423,840,991
529,406,168,148,112,134,349,297,845,992
355,248,150,125,97,117,332,364,890,992
424,252,328,245,146,212,427,633,893,992
519,344,261,212,146,192,398,526,880,992
569,371,260,182,130,198,399,338,897,992
519,387,212,174,139,175,380,333,894,992
459,329,184,142,109,144,390,311,916,992
259,170,165,115,79,120,347,305,904,992
370,316,107,85,75,94,270,313,895,992
680,391,353,255,161,237,453,435,918,992
589,374,246,201,138,177,403,426,865,993
573,310,341,240,143,224,459,592,870,993
380,260,156,122,97,127,346,312,904,993
653,439,182,141,106,142,453,319,864,993
452,279,330,238,161,237,423,307,887,993
432,342,161,123,94,126,350,301,840,993
517,319,334,235,155,233,416,496,928,993
363,274,241,186,146,195,376,298,881,993
627,415,253,194,143,194,411,479,903,993
170,148,204,133,130,195,522,3,159,993
499,320,241,189,115,156,453,304,867,994
686,415,446,300,194,306,433,599,871,994
564,337,342,266,179,238,437,628,859,994
469,334,180,132,100,140,355,320,900,994
585,412,240,182,131,181,365,458,885,994
377,243,207,143,107,159,451,300,858,994
632,404,245,187,131,183,480,602,900,994
457,326,132,100,75,104,298,324,865,994
706,446,247,174,122,180,470,511,864,994
551,346,280,197,133,201,418,352,903,994
416,287,180,142,109,142,381,427,910,994
532,365,278,195,143,214,395,556,891,995
217,193,118,81,76,109,377,3,197,995
699,445,338,245,166,235,399,586,942,995
562,394,171,139,104,131,380,340,888,995
699,426,380,294,188,256,448,637,912,995
591,367,138,106,67,94,404,329,897,995
290,238,139,111,90,114,399,319,869,995
560,312,213,159,97,136,391,328,919,995
348,237,228,171,123,173,393,527,880,995
660,434,203,147,102,149,385,321,887,995
384,245,191,140,95,139,356,315,879,995
514,316,195,134,93,139,411,477,948,995
230,154,131,109,79,99,301,306,879,996
433,295,112,86,62,87,321,326,865,996
326,217,168,140,104,128,369,326,890,996
348,257,163,109,80,126,333,248,873,996
405,286,236,192,146,178,378,511,887,996
550,361,236,188,136,177,401,438,884,996
355,272,214,170,130,168,374,244,869,996
602,386,252,196,158,207,481,404,874,996
566,404,291,211,148,218,403,430,868,996
558,336,208,161,109,145,334,644,938,996
439,208,273,211,123,170,511,513,901,996
597,440,314,210,154,237,414,370,876,997
562,363,263,205,151,197,507,367,896,997
646,347,372,274,161,236,436,619,895,997
239,166,202,151,107,152,287,461,868,997
494,356,135,104,80,107,343,305,851,997
295,214,192,145,110,147,429,339,852,997
480,273,146,109,70,96,348,638,948,997
437,306,188,153,120,150,368,320,895,998
396,242,244,200,139,179,388,429,883,998
338,227,286,207,144,213,449,2,200,998
469,323,221,175,126,166,444,330,873,998
412,268,142,99,61,97,416,494,847,998
452,301,215,164,115,163,374,385,908,998
407,275,273,225,147,194,407,346,898,998
542,302,318,238,163,231,423,627,856,998
470,342,165,122,90,127,353,303,901,998
339,201,242,180,126,176,392,394,879,998
387,266,129,90,65,99,339,161,846,998
594,325,368,292,175,239,433,617,905,998
341,256,212,171,130,167,396,316,907,999
609,429,227,178,133,178,400,321,882,999
668,362,384,369,195,231,447,601,941,999
602,391,268,207,143,192,433,469,849,999
343,256,240,164,121,186,365,320,910,999
286,174,314,248,155,210,329,544,936,999
543,338,123,100,66,88,312,649,923,999
300,262,130,83,77,120,404,84,715,999
502,270,343,264,183,248,478,643,889,999
571,392,229,181,133,171,369,311,882,999
418,256,379,280,178,258,420,608,901,999
485,340,236,161,120,185,396,454,880,999
444,308,224,173,127,171,434,335,870,999
439,296,139,97,66,100,324,325,906,999
646,394,284,216,141,190,411,636,894,1000
361,238,245,194,129,174,412,301,911,1000
375,263,206,147,110,162,361,350,890,1000
491,286,302,207,123,196,402,544,865,1000
357,254,239,185,144,193,372,312,843,1000
573,404,212,160,111,157,396,342,916,1000
430,261,232,158,110,173,399,281,916,1000
591,369,295,222,150,212,428,368,891,1000
244,188,217,176,137,168,321,311,891,1000
458,306,282,210,162,226,391,530,880,1000
561,402,244,175,129,192,396,329,901,1000
491,271,327,240,153,227,439,518,862,1000
501,356,175,136,99,133,334,308,910,1000
528,375,246,180,131,195,399,327,873,1000
473,261,359,250,148,228,435,487,906,1001
448,312,229,176,127,172,376,306,872,1001
525,342,245,197,134,177,388,301,887,1001
554,394,382,263,197,306,462,340,877,1001
460,334,192,158,113,140,320,418,838,1001
343,233,165,128,97,131,352,315,868,1001
567,347,330,269,185,238,420,581,895,1001
329,266,150,117,101,130,384,241,883,1001
515,287,294,214,144,211,495,632,900,1002
665,389,344,270,155,223,429,590,868,1002
594,386,245,191,134,187,411,461,871,1002
412,304,185,140,101,141,403,319,886,1002
287,228,203,163,126,158,310,354,843,1002
663,461,259,216,154,191,398,424,893,1002
499,289,333,247,167,238,415,571,892,1002
563,366,340,296,208,260,415,487,880,1002
534,331,143,112,74,97,434,407,891,1002
357,259,249,193,146,191,370,494,852,1002
581,368,184,133,90,133,420,540,872,1003
540,379,159,128,98,122,352,305,878,1003
337,224,211,162,114,156,370,330,882,1003
500,269,314,251,153,205,431,525,902,1003
727,452,135,95,68,101,390,616,938,1003
622,391,224,193,130,155,481,359,899,1003
451,274,413,307,199,283,428,620,915,1003
300,215,206,167,136,174,400,309,893,1003
348,226,291,219,151,208,339,644,892,1003
250,190,191,151,112,145,323,342,881,1004
297,231,137,111,94,118,302,237,892,1004
480,347,207,175,123,152,352,308,863,1004
575,421,205,133,108,172,431,340,891,1004
654,448,237,180,140,191,424,309,899,1004
400,263,220,173,120,162,391,309,911,1004
430,348,123,89,68,98,330,293,842,1004
513,326,288,227,148,200,415,622,847,1005
478,300,210,150,104,155,398,446,865,1005
526,354,246,179,129,186,423,343,874,1005
281,200,141,141,106,110,575,0,180,1005
495,362,305,205,145,228,405,438,879,1005
455,300,216,157,115,165,393,307,856,1005
596,484,176,128,108,155,338,311,890,1006
707,436,301,236,159,217,410,486,915,1006
370,223,343,245,155,228,430,474,886,1006
679,388,328,256,161,226,442,511,886,1006
353,257,186,128,96,144,366,268,864,1006
630,434,274,244,178,200,376,327,911,1006
567,325,351,269,165,234,426,570,867,1006
407,307,446,348,264,345,480,214,854,1006
489,326,283,229,159,205,351,589,853,1006
652,441,285,241,175,215,400,365,884,1006
603,424,253,195,137,189,366,315,857,1006
513,327,202,157,119,161,463,345,905,1007
197,150,204,151,117,162,310,421,872,1007
514,335,223,163,116,168,397,322,871,1007
634,395,368,283,188,258,437,612,941,1007
165,150,106,77,75,102,316,2,229,1007
567,352,315,218,142,227,427,618,860,1007
662,431,122,92,65,92,354,623,926,1007
230,181,188,136,109,154,357,297,893,1007
408,279,212,153,109,158,359,326,901,1007
411,272,246,185,130,179,459,457,895,1007
307,204,174,130,99,138,354,320,876,1008
219,160,151,113,87,119,303,301,849,1008
442,329,201,143,115,165,368,300,886,1008
657,375,460,319,146,245,452,764,914,1008
400,224,354,245,149,232,443,582,914,1008
343,249,120,98,74,93,224,646,933,1008
533,339,383,290,197,273,440,537,894,1008
430,264,426,305,190,290,456,605,946,1008
610,427,125,92,63,90,350,327,916,1008
595,358,236,176,113,161,450,413,894,1008
323,230,186,126,94,145,369,309,882,1009
664,357,404,284,169,262,446,562,877,1009
609,431,130,96,73,102,347,323,850,1009
400,264,254,187,131,184,361,494,869,1009
338,209,157,130,89,112,376,363,938,1009
341,250,176,112,84,141,351,321,883,1009
324,214,211,163,133,178,447,378,894,1009
530,376,214,168,123,165,396,314,883,1009
550,352,229,168,118,171,394,309,881,1009
696,463,292,207,154,224,420,545,827,1010
538,265,431,335,181,267,482,639,944,1010
401,303,171,133,103,135,341,321,849,1010
298,194,142,112,86,110,319,323,895,1010
195,134,205,162,124,151,366,1,220,1010
600,396,260,195,155,209,434,487,911,1010
496,340,219,173,126,167,466,314,869,1010
192,134,176,127,89,132,294,329,873,1010
313,199,201,153,111,151,349,313,885,1010
584,403,222,170,120,164,387,330,914,1011
552,362,180,145,108,137,468,328,891,1011
490,363,179,155,122,145,350,242,898,1011
480,270,162,109,67,109,419,351,917,1011
317,220,206,160,121,161,350,307,904,1011
621,430,205,156,123,165,386,406,893,1011
354,234,194,137,92,139,360,284,862,1012
411,244,236,177,139,190,496,357,898,1012
689,486,219,177,132,169,386,343,862,1012
492,284,334,254,178,243,433,365,903,1012
529,376,281,213,165,226,402,317,907,1012
507,332,229,183,130,169,370,435,898,1012
342,257,222,160,117,171,330,286,885,1012
694,470,263,206,144,200,412,512,878,1012
538,312,266,212,135,182,407,485,878,1012
606,392,291,215,154,217,458,535,850,1012
389,246,247,182,130,188,417,324,851,1012
369,250,222,175,131,175,392,310,884,1012
392,211,310,245,154,199,406,557,896,1012
333,207,262,181,124,185,405,432,906,1012
443,270,351,257,174,256,431,589,855,1012
642,390,337,244,158,235,441,554,901,1013
363,242,173,118,83,128,383,303,882,1013
606,400,111,89,66,86,318,630,880,1013
466,315,375,311,185,232,396,626,925,1013
457,333,196,152,117,157,380,309,847,1013
378,242,242,170,119,177,370,312,905,1013
454,252,374,252,159,253,404,561,895,1013
621,385,249,200,131,176,408,311,900,1013
486,299,395,282,193,292,432,534,864,1013
405,231,211,183,120,146,367,595,912,1013
607,361,223,169,100,143,406,617,928,1014
485,297,358,237,149,247,436,549,900,1014
461,337,175,141,116,146,373,326,873,1014
632,379,428,324,201,288,457,606,957,1014
618,333,329,257,135,191,394,599,949,1014
538,322,338,248,157,232,452,634,900,1014
580,365,371,244,149,231,497,312,861,1014
326,223,201,156,119,155,364,386,888,1014
356,267,174,142,116,142,363,292,918,1014
249,212,129,98,85,111,293,300,861,1014
715,436,341,252,171,233,440,381,889,1015
328,181,335,247,138,200,442,659,929,1015
486,261,335,247,154,219,430,617,888,1015
477,290,349,240,153,240,443,649,914,1015
601,428,211,171,127,161,376,316,896,1015
345,278,156,116,97,134,339,261,874,1015
629,410,204,168,119,150,394,349,899,1015
491,287,372,286,180,249,424,611,931,1015
333,222,243,178,125,179,380,434,895,1015
300,237,183,141,102,139,308,301,863,1015
605,437,226,174,132,181,411,309,868,1016
615,412,277,206,153,211,466,614,869,1016
534,305,243,175,109,164,412,300,880,1016
323,227,256,201,136,184,350,407,871,1016
564,391,302,221,150,219,388,383,840,1016
524,314,310,249,160,214,423,458,887,1016
373,238,394,424,311,262,448,479,898,1016
545,328,340,256,157,223,397,652,859,1016
481,314,338,245,174,250,403,566,883,1016
322,206,216,171,119,159,381,310,888,1016
349,243,193,144,106,146,356,308,893,1016
512,322,264,203,142,190,408,378,918,1016
635,352,309,231,142,209,438,445,893,1017
447,327,259,241,199,216,395,307,891,1017
481,348,254,171,119,192,368,326,900,1017
470,337,158,118,90,124,359,282,878,1017
588,427,203,143,107,161,369,321,895,1017
533,398,172,134,107,138,388,274,857,1017
504,325,262,207,143,186,519,463,891,1017
547,353,365,277,194,270,430,453,822,1017
485,359,166,121,93,131,381,343,893,1018
264,174,173,125,85,125,321,310,911,1018
664,378,306,244,155,207,396,503,924,1018
627,371,317,256,164,218,467,650,899,1018
559,306,375,278,166,246,442,606,909,1018
502,280,225,174,129,173,486,351,899,1018
566,333,267,183,126,198,402,352,861,1018
262,221,170,129,117,156,404,75,775,1018
387,220,201,151,102,144,389,444,858,1018
298,208,175,134,100,135,323,290,887,1018
593,405,226,170,133,185,460,310,855,1019
591,417,132,107,81,103,343,320,852,1019
381,265,227,171,131,177,448,316,888,1019
599,343,435,351,253,318,500,627,852,1019
580,395,230,167,112,169,378,331,870,1019
460,310,192,141,102,146,355,311,881,1019
476,331,234,152,107,173,368,304,892,1019
550,266,241,190,126,165,507,454,863,1019
474,261,372,288,179,241,443,543,933,1019
319,243,104,81,67,86,241,190,948,1019
520,327,289,216,150,210,409,529,880,1019
565,295,352,257,168,244,486,637,931,1020
304,234,161,116,96,134,332,312,865,1020
535,337,247,195,142,190,504,367,878,1020
483,287,311,244,171,227,423,562,872,1020
611,429,189,150,111,143,371,300,897,1020
275,206,210,149,113,169,363,303,854,1021
482,250,287,227,142,190,413,525,914,1021
504,338,198,154,115,152,395,392,888,1021
343,237,180,139,105,143,348,308,893,1022
401,232,171,135,104,132,480,314,877,1022
407,271,148,122,93,116,312,323,922,1022
361,256,183,138,105,142,381,318,854,1022
366,222,130,107,78,99,378,298,825,1022
585,408,167,137,101,126,375,315,903,1022
544,286,380,299,179,245,451,636,928,1022
678,405,298,200,121,200,411,520,870,1022
356,223,179,137,96,136,332,305,905,1022
406,269,168,130,94,129,362,312,889,1022
502,362,204,136,109,170,456,318,878,1023
288,161,176,120,72,114,411,566,879,1023
554,313,391,300,200,278,434,619,902,1023
381,306,156,121,101,131,301,295,899,1023
