"FSC-A","FSC-H","SSC-A","SSC-B-A","SSC-B-H","SSC-H","AF-A","DRAQ5-A","FITC-A","Time"
611,307,430,318,182,268,439,710,882,0
374,259,317,255,190,242,423,393,852,0
547,393,185,146,109,145,364,338,844,0
319,173,305,220,134,201,381,608,853,0
404,220,291,226,141,192,376,533,852,0
548,342,223,159,113,162,435,434,857,0
604,391,221,187,128,158,387,491,839,1
612,362,214,153,92,135,390,402,860,1
471,272,270,190,121,182,391,460,858,1
322,212,192,153,112,146,361,350,816,2
324,154,337,255,148,213,356,715,897,2
486,315,274,205,152,210,404,475,853,2
266,182,173,122,90,135,357,368,844,2
321,237,216,174,133,170,349,355,830,2
434,257,347,270,166,230,416,712,876,2
665,395,282,214,137,187,459,599,864,2
289,181,334,242,157,236,284,681,860,3
540,333,299,224,154,217,385,720,872,3
566,416,127,102,75,95,342,370,611,3
665,351,432,324,197,263,459,854,908,3
349,245,233,183,141,190,357,481,737,3
480,292,300,241,159,219,461,346,835,3
592,371,335,280,184,237,407,616,853,3
333,250,204,162,119,154,325,326,832,4
444,279,359,268,171,248,302,741,894,4
455,307,163,127,89,121,349,354,848,4
366,202,335,263,179,237,412,609,842,4
699,465,210,167,118,154,416,371,839,4
463,231,370,265,159,245,473,707,887,4
497,348,203,152,113,158,372,397,844,4
379,249,155,120,90,119,359,369,792,4
541,315,235,186,121,161,358,689,872,4
409,251,254,208,143,182,408,486,839,4
498,356,268,201,146,205,394,420,866,4
527,332,308,232,160,225,396,625,869,4
330,179,333,248,165,233,372,569,858,4
324,239,162,137,105,129,316,359,815,5
434,296,197,176,130,150,361,341,828,5
507,242,355,286,123,164,405,695,875,5
451,239,341,260,155,219,431,711,862,5
385,255,280,211,149,206,391,361,835,5
488,303,332,247,166,242,439,615,873,5
290,220,165,121,94,132,338,359,836,5
443,276,287,208,144,209,416,558,853,5
454,326,194,164,121,149,336,362,835,5
558,352,430,310,225,320,538,736,886,5
436,267,234,173,117,163,392,421,855,6
438,314,226,164,123,175,330,482,848,6
495,310,318,248,187,243,505,441,855,6
661,364,368,276,175,235,435,765,847,6
492,297,255,198,158,208,471,455,849,6
592,358,246,186,129,178,415,747,876,6
618,420,360,286,216,279,474,787,889,6
313,166,331,267,161,209,329,721,877,6
485,288,347,256,177,249,425,642,871,6
609,430,252,172,121,190,389,359,845,6
216,185,143,100,82,118,234,359,834,7
339,223,289,222,154,212,448,483,851,7
684,464,262,217,163,203,430,534,843,7
154,139,123,109,101,113,353,2,210,7
439,264,223,172,122,169,440,393,844,7
479,245,198,138,74,114,391,357,847,7
373,220,192,140,114,160,487,352,857,7
367,271,230,183,142,187,451,354,823,7
378,276,159,117,94,130,340,366,829,7
711,400,299,230,151,207,685,0,80,8
450,265,420,334,211,287,438,688,877,8
328,244,164,126,100,133,342,365,825,8
388,252,319,234,161,226,410,687,876,8
429,324,147,112,88,122,332,363,792,8
613,388,264,215,156,202,417,494,853,8
483,297,323,249,183,247,433,572,851,8
344,228,271,206,136,192,360,531,866,8
445,333,171,126,102,143,352,373,817,9
436,233,310,245,147,204,435,433,852,9
329,224,164,129,93,122,328,368,849,9
344,201,398,314,185,264,325,709,891,9
348,241,218,174,130,166,360,374,840,9
365,316,148,104,95,134,379,138,792,9
506,341,252,184,129,187,378,499,866,9
629,338,408,328,191,263,489,667,861,9
377,303,108,82,67,89,290,345,671,9
474,326,246,197,159,200,453,366,836,9
490,258,409,307,179,261,501,735,875,9
198,134,190,139,107,151,300,405,835,9
414,257,259,183,115,180,393,602,847,9
464,293,260,190,131,190,382,384,850,9
268,197,203,155,117,158,314,361,841,9
717,430,445,345,237,327,465,714,892,9
501,290,278,193,129,199,408,517,858,9
574,398,148,119,85,111,376,363,666,10
485,328,190,139,98,139,412,459,853,10
186,149,141,108,84,112,272,354,826,10
685,405,367,294,186,246,409,762,891,10
541,358,298,215,155,226,422,583,864,10
268,217,174,123,101,150,360,2,194,10
301,213,186,152,113,145,404,358,830,10
564,309,342,247,140,215,456,420,879,10
484,277,347,267,164,236,443,728,889,10
399,271,370,269,189,283,401,514,860,10
720,400,535,370,204,329,486,1002,908,11
410,270,243,189,136,184,382,675,852,11
343,241,255,173,133,206,388,354,855,11
524,362,235,187,136,178,465,393,830,11
575,416,233,184,115,163,392,364,853,11
400,256,258,191,137,193,479,562,831,11
538,267,480,366,177,247,444,1023,924,11
528,277,436,321,189,278,449,717,892,11
512,385,197,152,123,164,370,369,825,11
559,334,340,271,183,245,433,647,867,11
673,385,391,311,187,250,473,714,889,11
475,351,184,138,108,147,390,365,814,11
483,401,101,74,68,93,393,126,499,11
663,417,254,198,141,189,420,625,865,12
417,274,220,159,113,162,457,356,834,12
568,320,453,320,191,305,433,708,891,12
531,359,186,152,112,145,384,368,844,12
432,308,226,158,119,178,387,371,841,12
473,272,214,160,101,144,373,533,860,12
651,433,250,199,139,183,391,350,844,12
344,227,220,172,127,171,390,369,861,12
459,282,294,219,159,221,418,435,867,12
345,243,154,121,95,124,431,362,788,12
386,245,381,286,199,277,408,642,890,12
332,251,206,167,124,162,354,363,826,12
656,428,329,255,183,245,381,550,846,12
601,428,212,157,117,165,391,395,845,12
324,255,230,170,137,193,404,257,837,13
457,313,171,133,97,131,392,363,833,13
537,372,315,211,139,218,487,567,863,13
383,234,300,227,153,212,432,562,862,13
339,227,343,245,160,231,477,505,854,13
478,381,368,269,196,277,521,182,552,13
396,271,244,183,131,186,432,360,832,13
356,258,274,217,161,209,345,553,856,13
257,161,284,206,142,210,381,483,840,13
300,233,119,91,71,96,515,2,438,14
502,322,328,243,173,239,426,570,849,14
460,299,267,183,124,188,387,492,822,14
436,262,277,188,111,180,422,345,856,14
557,434,208,136,106,168,366,431,843,14
379,244,294,225,155,212,351,742,870,14
390,272,189,152,113,145,353,371,839,14
490,326,212,156,112,156,386,369,853,14
351,261,233,180,139,183,495,411,848,14
588,400,198,153,119,155,415,376,839,14
530,346,219,186,130,163,396,310,837,14
591,299,201,142,76,121,380,373,849,14
507,352,198,165,123,159,348,354,833,14
641,413,613,428,234,334,549,777,890,14
312,202,290,229,155,204,366,507,850,14
449,308,210,168,129,163,360,374,826,14
627,371,369,286,186,254,435,690,862,15
343,261,151,114,91,122,403,363,848,15
285,259,129,89,86,124,338,1,198,15
541,355,278,224,161,206,413,567,873,15
479,312,340,243,161,233,406,567,865,15
542,285,317,256,145,199,436,572,900,15
416,266,229,181,135,173,406,391,838,15
575,363,314,226,156,229,412,540,879,15
572,390,261,184,121,192,378,372,860,15
721,472,199,153,113,155,474,413,840,15
700,447,240,176,125,178,418,377,830,15
267,188,189,141,107,150,319,357,847,15
306,207,236,173,118,170,427,369,836,15
481,405,138,95,81,121,457,128,436,15
615,411,253,177,127,187,395,528,866,15
590,348,189,143,78,117,406,357,826,16
551,364,290,224,166,223,480,398,848,16
302,177,316,235,154,223,385,584,888,16
625,400,407,308,205,288,423,676,873,16
388,254,216,153,104,152,379,371,852,16
207,153,201,145,110,163,316,348,851,17
619,379,258,193,129,184,416,489,861,17
192,153,130,113,96,111,401,3,365,17
727,462,304,249,167,215,418,546,860,17
249,193,161,116,90,130,326,354,728,17
365,278,149,112,87,118,313,366,806,17
224,156,198,168,124,152,369,347,821,17
337,222,312,240,166,229,402,366,852,17
268,150,166,121,71,100,497,2,450,18
490,306,224,158,113,167,375,563,850,18
546,283,332,222,131,216,448,537,867,18
441,294,257,192,136,193,414,535,858,18
378,269,218,182,136,169,390,358,826,18
310,213,225,169,131,178,471,350,831,18
656,392,289,226,164,215,416,595,861,18
346,296,208,155,138,185,401,3,186,18
539,327,287,228,150,205,405,562,870,18
404,283,220,173,127,168,347,514,832,18
480,229,290,195,103,170,529,1023,918,19
668,452,205,174,129,156,425,367,839,19
201,146,180,126,90,135,362,358,854,19
264,227,104,84,75,94,294,188,791,19
615,394,293,201,131,205,417,587,845,19
511,342,248,172,136,199,508,424,854,19
411,315,183,136,114,156,334,203,804,19
357,210,316,223,136,210,429,594,866,19
286,166,298,223,143,201,333,602,865,19
290,178,272,204,126,184,351,636,861,19
578,423,147,115,85,114,373,371,817,19
557,323,309,245,170,221,432,688,868,19
378,244,152,112,81,115,379,376,819,19
717,407,403,287,185,275,523,654,866,19
650,445,299,214,153,228,406,545,855,20
230,166,192,160,123,153,336,345,833,20
578,386,295,212,145,217,430,626,876,20
278,172,269,224,161,199,388,367,838,20
507,272,432,329,173,257,474,755,893,20
546,420,202,152,123,167,392,374,851,20
241,167,176,131,90,128,351,368,815,20
401,234,382,305,193,261,417,684,873,20
178,139,171,131,105,140,311,356,834,20
256,181,242,197,140,177,330,499,864,20
334,219,229,159,109,170,413,353,852,20
457,333,181,146,103,134,433,357,824,21
204,132,193,149,103,142,338,363,852,21
585,383,233,173,125,174,395,567,845,21
295,202,200,145,106,155,345,365,832,21
225,147,266,209,136,187,279,636,873,21
589,371,229,169,117,169,401,400,837,21
410,284,225,191,136,168,358,348,831,21
430,262,302,234,143,205,432,695,868,21
350,260,382,275,206,303,548,4,508,21
327,180,310,226,141,207,349,663,875,21
218,138,227,171,115,159,331,527,849,21
553,315,331,264,161,215,445,668,874,21
243,155,282,205,140,198,383,423,832,21
452,302,256,187,133,192,399,521,861,21
602,305,490,328,182,293,458,864,922,21
364,215,266,196,131,187,409,560,855,21
546,389,166,132,98,126,372,358,834,21
410,283,255,190,136,195,387,416,842,22
500,328,213,181,135,160,469,386,863,22
209,159,179,138,110,141,313,356,828,22
529,296,409,333,208,265,454,805,871,22
491,396,141,109,92,117,354,356,824,22
520,313,308,248,176,234,415,381,842,22
389,285,135,106,72,95,267,711,453,22
393,229,363,252,183,275,438,675,896,22
470,323,223,157,116,170,377,365,840,22
523,274,347,236,96,157,470,846,894,22
437,316,204,150,110,157,394,293,780,23
389,231,142,107,81,110,475,469,858,23
348,236,219,167,127,172,385,375,830,23
434,310,288,193,134,211,396,454,866,23
444,372,133,93,84,123,379,1,221,23
657,482,279,197,155,225,393,533,839,23
455,298,282,194,143,219,390,483,859,23
660,349,352,276,175,240,367,902,883,23
356,222,322,242,157,222,427,611,858,23
661,441,310,238,166,227,395,680,865,23
628,429,358,282,200,270,438,535,862,23
718,405,377,273,174,252,437,690,873,23
529,352,263,195,138,193,418,364,846,23
401,250,224,176,130,171,485,356,835,23
702,402,368,267,152,236,461,699,893,23
348,249,208,155,122,168,347,356,844,24
407,257,223,175,129,167,381,536,847,24
643,330,421,326,195,259,460,922,911,24
430,304,207,156,109,151,353,369,850,24
438,318,210,171,137,169,377,276,835,24
498,342,199,155,107,144,400,369,839,24
634,436,182,138,101,139,398,356,835,24
253,169,201,146,108,156,359,363,841,24
286,184,247,209,136,170,305,562,853,24
285,167,282,212,136,197,393,461,857,25
617,430,220,171,121,165,408,366,858,25
346,248,258,197,136,191,352,486,839,25
340,253,178,134,100,141,368,306,827,25
292,231,150,118,96,124,341,352,787,25
309,197,310,242,153,211,288,668,855,25
377,275,200,150,116,157,344,341,835,25
256,163,244,179,127,181,269,556,866,25
658,497,192,150,114,158,351,377,822,25
389,289,200,149,119,166,359,362,842,25
471,332,208,158,120,163,365,458,828,25
428,251,303,241,161,215,446,582,874,26
632,395,274,242,173,199,435,638,873,26
523,388,146,120,92,117,372,362,802,26
343,244,254,199,145,186,338,528,856,26
457,315,216,179,136,168,390,393,856,26
387,220,371,273,173,246,311,722,871,26
692,448,222,141,98,164,468,374,828,26
383,231,394,287,185,276,477,562,858,26
420,302,178,113,83,140,336,371,702,26
392,281,166,128,101,131,345,373,816,26
495,364,149,108,81,115,356,365,828,26
321,259,212,155,125,178,388,364,823,26
663,449,315,224,173,252,436,558,855,27
225,187,105,81,69,88,269,340,623,27
285,209,181,131,106,149,334,365,831,27
472,334,160,118,92,129,367,354,807,27
346,283,150,119,101,130,324,355,797,27
416,319,191,142,117,157,370,340,817,27
310,190,248,184,129,182,406,459,854,27
379,259,205,154,112,158,387,404,842,27
517,296,180,125,70,112,260,866,476,27
358,276,230,175,137,187,344,347,835,27
345,228,218,177,130,164,419,364,839,28
595,416,371,272,201,278,489,510,850,28
362,238,213,190,136,160,385,370,816,28
412,275,223,170,125,170,398,405,854,28
406,301,165,121,89,126,318,340,837,28
305,196,203,159,121,161,391,364,855,28
568,292,399,313,167,224,411,724,889,28
206,153,240,193,139,179,316,391,826,28
369,256,191,147,106,141,355,369,819,28
259,159,336,240,150,224,367,620,861,28
402,279,162,117,90,128,357,367,823,29
249,189,156,123,94,123,293,354,830,29
286,219,138,102,74,107,302,353,804,29
467,276,293,207,135,201,416,570,856,29
260,161,294,233,149,199,273,689,868,29
283,219,219,176,139,177,385,256,824,29
195,147,181,131,102,146,313,350,826,29
191,138,196,147,112,153,331,364,833,29
457,274,338,258,169,236,421,655,873,29
294,203,221,160,111,162,354,351,850,29
234,145,228,175,119,166,295,535,855,29
410,237,147,117,74,101,357,722,467,29
575,313,311,251,169,223,513,614,868,29
362,215,344,230,140,229,435,622,864,30
684,471,167,122,93,133,385,374,821,30
644,399,392,303,178,262,452,614,878,30
235,180,194,142,115,159,322,361,833,30
307,229,180,140,117,154,429,354,828,30
541,387,214,146,111,168,369,359,853,30
674,413,480,381,260,346,470,883,916,30
430,259,194,119,75,134,343,345,840,30
588,403,490,370,222,303,422,964,897,30
620,391,242,185,124,174,415,491,833,30
415,270,259,205,155,202,478,386,853,30
299,210,249,178,129,188,390,382,850,30
167,133,185,135,108,152,298,344,825,30
483,345,309,236,176,239,400,458,844,30
309,199,239,184,136,185,395,357,839,30
696,456,384,288,192,267,459,558,851,31
456,314,251,186,127,183,396,400,865,31
227,175,194,143,113,157,290,332,832,31
328,213,168,115,82,125,343,363,821,31
323,237,147,116,85,118,328,143,787,31
467,356,147,107,77,113,331,343,700,31
487,327,355,272,206,276,510,550,869,31
498,313,245,175,130,189,393,446,829,31
289,185,294,240,162,209,331,604,855,31
268,209,142,109,93,121,337,364,744,31
448,236,395,309,198,271,424,661,856,31
303,223,166,119,96,138,401,366,813,31
231,151,145,105,76,110,317,358,819,31
548,387,237,193,148,187,367,363,852,31
470,327,226,188,132,169,477,365,838,32
651,426,210,175,117,155,395,397,828,32
269,160,302,227,145,207,318,655,875,32
295,182,310,239,159,223,487,461,827,32
311,208,165,141,96,117,392,486,814,32
621,400,345,251,168,241,440,604,866,32
368,228,196,146,102,144,385,387,851,32
325,215,282,208,140,198,380,633,868,32
293,222,158,121,101,131,344,188,795,32
592,405,285,228,161,204,389,492,846,32
305,257,326,216,185,282,455,368,850,32
372,253,168,135,103,132,380,358,816,32
473,341,298,229,180,240,457,521,857,32
695,418,367,321,197,235,430,709,883,32
421,300,192,145,105,145,360,369,814,32
263,179,274,223,151,195,294,531,831,32
564,293,437,344,231,310,476,1023,918,33
443,324,201,144,113,161,387,371,849,33
506,334,303,231,146,210,386,702,861,33
506,363,445,360,282,349,520,295,448,33
260,170,242,189,132,179,242,622,881,33
271,178,213,171,122,156,335,435,843,33
637,413,354,265,173,243,422,695,888,33
492,334,245,175,126,186,390,595,873,33
448,323,250,177,133,200,371,435,847,33
350,218,312,224,146,220,425,518,867,33
615,428,207,155,104,147,414,365,834,33
647,370,444,344,203,283,468,752,874,33
455,315,182,145,106,139,371,374,830,33
249,195,121,96,81,102,275,346,752,33
632,408,306,219,150,222,397,539,865,33
326,192,230,169,108,159,394,487,852,33
715,472,288,186,131,215,415,421,831,34
592,359,253,203,131,174,413,565,847,34
682,435,214,168,107,148,393,375,836,34
391,302,195,123,89,152,429,351,819,34
238,190,210,150,118,165,495,344,851,34
712,488,249,192,141,194,391,362,844,34
468,275,194,140,78,119,298,853,430,34
677,439,283,225,149,195,422,576,842,34
416,330,182,133,110,153,320,368,836,34
623,362,318,261,175,224,438,631,852,34
595,411,279,237,170,209,378,626,867,34
620,427,247,201,155,196,390,399,847,34
281,210,227,155,113,172,355,361,849,34
442,219,223,173,106,142,484,400,824,34
529,393,186,141,109,148,352,389,831,34
697,445,270,214,150,200,414,530,850,35
511,359,254,199,143,188,405,451,840,35
539,419,183,150,122,151,373,348,830,35
260,184,214,157,117,166,353,373,843,35
468,255,289,225,141,194,444,626,875,35
396,290,276,195,156,229,397,351,832,35
356,223,271,209,146,201,383,571,854,35
647,461,172,123,92,136,367,365,805,35
273,203,150,120,95,124,331,362,826,35
276,180,152,115,85,115,351,358,833,35
324,259,162,118,101,140,373,171,535,35
589,407,248,172,123,188,397,356,845,35
529,387,219,163,130,175,417,366,830,36
729,444,412,315,208,280,482,736,893,36
249,164,309,218,131,201,318,623,841,36
315,225,242,195,142,182,312,587,842,36
270,188,218,183,129,164,311,505,839,36
724,467,272,229,164,196,480,704,861,36
400,273,184,119,81,134,372,381,850,36
561,408,119,97,74,94,322,375,675,36
535,321,299,215,153,221,432,550,875,36
710,380,213,153,95,146,461,1023,478,36
564,311,439,339,170,242,357,938,896,36
588,353,484,396,235,313,399,912,903,36
247,184,168,130,103,138,327,349,824,37
407,238,298,226,144,201,454,582,856,37
339,252,352,255,176,253,508,510,860,37
371,288,227,151,114,178,335,349,816,37
371,299,162,122,104,140,332,292,737,37
480,296,334,256,161,222,378,690,857,37
308,168,301,218,123,185,337,666,859,37
283,169,268,222,141,187,281,724,863,37
723,394,419,335,196,270,548,736,883,37
298,235,185,135,105,151,377,337,810,37
301,240,289,228,176,231,365,353,850,37
371,267,276,203,154,218,389,336,827,37
358,250,183,125,98,145,336,416,830,38
525,279,181,123,96,143,502,363,785,38
489,372,194,146,118,160,447,368,836,38
389,280,208,151,106,156,350,360,840,38
664,474,262,207,161,207,416,505,865,38
268,170,340,250,157,235,475,387,838,38
475,299,397,259,170,275,482,703,899,38
526,397,282,209,145,200,491,366,818,38
555,326,125,95,70,95,354,701,371,38
390,246,220,159,107,159,389,407,847,39
451,271,205,157,106,148,382,563,866,39
510,387,239,171,140,199,379,382,813,39
492,300,334,247,152,226,433,720,871,39
563,298,590,438,217,327,427,1023,903,39
259,161,307,228,143,203,285,660,862,39
633,430,297,238,157,211,409,378,811,39
431,289,225,176,132,175,399,526,863,39
325,236,289,222,156,220,308,626,853,39
254,199,242,196,145,188,399,376,840,39
237,126,256,189,112,162,326,724,869,40
433,278,199,152,111,152,377,364,853,40
259,158,303,227,138,201,283,732,873,40
450,279,198,159,109,143,362,367,830,40
450,204,459,389,190,246,539,543,856,40
207,153,184,136,104,148,298,353,831,40
655,370,352,242,142,221,542,385,862,40
231,192,112,84,70,94,251,341,812,40
508,344,216,174,119,157,357,506,848,40
470,364,168,111,89,139,325,367,827,40
627,394,263,220,146,179,390,674,859,40
538,389,160,114,85,125,337,370,731,40
620,390,233,188,143,183,482,366,819,40
462,354,155,118,95,129,364,368,813,40
606,422,221,168,125,173,394,418,837,40
289,198,182,148,117,147,349,312,847,40
435,298,375,261,168,255,508,508,846,41
263,211,227,185,151,190,336,373,851,41
491,333,289,224,168,222,361,450,850,41
309,170,326,258,159,210,355,690,873,41
438,340,183,147,120,154,367,360,827,41
386,265,224,184,145,184,380,359,819,41
516,383,204,161,116,154,357,341,833,41
614,355,335,244,163,237,428,682,882,41
553,358,386,275,178,265,337,1023,863,41
345,210,322,250,152,206,396,496,871,41
447,324,223,154,117,175,336,410,850,41
685,397,400,310,213,282,465,639,862,42
507,329,367,274,180,260,499,661,874,42
323,216,254,200,149,199,379,454,864,42
528,367,269,200,145,207,420,615,876,42
449,289,310,212,143,223,477,510,872,42
403,284,179,145,113,145,366,347,840,42
536,333,271,188,128,199,428,582,859,42
468,341,191,147,109,148,375,452,856,42
494,362,188,150,111,147,402,356,843,42
284,225,106,80,68,90,373,179,359,42
396,277,218,170,117,159,426,356,846,42
516,387,199,145,112,159,353,352,807,42
292,194,233,175,125,173,313,505,842,42
473,350,216,153,112,168,351,361,860,42
379,275,182,135,100,141,352,352,809,42
497,330,202,159,115,149,379,455,823,42
578,360,346,273,183,240,398,728,879,43
511,315,263,203,141,193,411,560,864,43
585,325,461,338,219,324,384,949,913,43
391,230,361,266,160,238,353,703,876,43
334,236,231,170,123,172,325,379,825,43
477,317,233,171,123,176,398,528,858,43
600,398,453,323,247,358,494,395,535,43
476,312,273,214,132,174,510,378,841,43
299,217,195,150,126,166,447,363,821,44
499,297,418,311,214,303,494,679,865,44
568,426,186,125,101,156,367,366,823,44
270,178,302,232,150,206,357,715,861,44
321,255,206,149,124,173,441,363,849,44
697,457,306,239,166,223,415,485,852,44
186,176,91,71,72,90,340,3,296,44
415,247,416,303,202,283,576,690,906,44
342,213,163,109,70,110,360,359,721,44
529,343,280,233,162,209,401,569,872,44
401,262,268,197,150,209,382,513,857,44
615,398,202,166,120,151,399,341,803,45
648,364,418,365,223,263,431,675,887,45
368,255,216,181,131,162,361,358,838,45
469,330,229,196,139,164,362,354,834,45
345,232,168,136,102,135,348,384,828,45
546,368,279,199,145,212,420,551,852,45
698,379,351,292,152,199,458,534,858,46
725,470,281,217,151,205,417,402,861,46
299,239,153,118,96,125,340,308,813,46
627,378,318,247,168,231,433,663,867,46
475,331,180,137,95,135,359,362,837,46
302,217,148,132,99,115,297,348,800,46
309,196,186,139,103,143,380,371,857,46
421,255,296,223,151,210,405,615,879,46
249,182,234,173,135,189,364,348,842,46
420,285,198,166,128,157,381,362,823,46
372,267,275,200,159,228,390,423,835,47
445,337,212,155,126,177,347,345,839,47
450,311,201,144,110,158,357,353,851,47
636,352,302,241,162,219,528,370,835,47
330,252,199,157,119,151,363,345,825,47
661,426,267,201,147,203,417,391,853,47
448,224,409,298,174,257,434,723,883,47
243,150,253,191,119,170,413,403,849,47
359,201,267,205,124,178,355,619,868,47
264,228,136,110,99,123,319,154,779,48
480,248,460,330,193,302,487,736,889,48
364,280,186,145,121,159,417,367,835,48
167,141,145,115,98,123,243,359,822,48
680,427,368,261,181,272,426,574,854,48
200,176,122,94,88,115,320,73,495,48
646,453,311,221,165,241,392,555,838,48
373,275,135,102,85,115,334,371,731,48
212,142,234,176,135,185,344,409,855,48
411,259,282,225,151,200,399,362,862,48
612,470,201,153,121,164,343,409,826,48
281,198,154,114,79,113,315,365,819,48
608,368,376,285,193,263,442,728,881,48
459,280,382,297,200,263,311,858,876,48
361,238,211,177,126,160,353,462,830,48
448,325,206,159,121,160,372,401,840,48
404,269,236,169,119,173,358,533,840,48
403,279,191,147,104,144,379,358,862,48
600,399,341,235,177,263,481,435,866,48
367,234,344,266,179,243,390,667,877,48
341,292,171,132,116,151,405,362,811,49
474,364,200,150,130,173,415,161,729,49
493,340,208,156,111,158,366,354,861,49
670,432,330,243,170,251,420,535,845,49
482,350,206,166,133,167,353,358,838,49
464,355,224,173,138,179,343,493,833,49
182,154,197,140,106,155,514,3,462,49
535,387,214,148,106,164,387,362,821,49
184,157,142,110,102,129,433,4,385,49
620,363,266,199,126,181,409,436,873,49
468,298,219,166,113,157,400,302,822,49
487,259,354,290,205,253,421,593,867,49
591,377,338,271,172,223,424,700,853,49
537,348,219,177,127,160,394,391,839,50
574,357,342,260,186,255,426,595,869,50
408,221,355,274,170,238,434,708,894,50
434,304,276,232,158,196,343,612,857,50
549,360,253,189,125,175,388,546,871,50
410,316,190,156,128,156,374,332,833,50
364,226,350,269,183,257,385,641,864,50
262,171,227,173,117,164,273,565,856,50
443,303,168,135,100,131,366,358,852,50
253,216,112,82,77,105,359,1,190,50
298,184,271,218,147,196,332,534,842,50
437,261,288,213,125,178,427,341,831,50
550,373,293,198,139,224,435,406,832,50
621,400,328,210,142,244,399,509,835,50
433,267,293,222,159,214,402,440,840,50
456,339,214,156,116,167,392,370,835,51
546,379,267,190,142,209,400,350,848,51
239,192,207,156,130,173,318,359,817,51
429,282,311,215,145,213,376,365,835,51
460,311,180,128,88,133,341,362,830,51
542,340,448,315,202,310,450,703,881,51
342,234,228,184,136,180,372,352,844,51
268,204,170,135,106,137,355,309,824,51
556,397,218,167,131,175,387,390,839,51
413,302,289,224,165,229,375,354,829,51
230,182,171,135,106,138,286,351,831,51
621,436,172,123,92,134,421,368,836,51
190,140,237,175,126,175,309,347,843,51
475,270,263,194,125,186,424,536,837,51
630,417,242,189,131,178,419,419,846,52
342,254,289,227,114,149,0,1023,886,52
228,152,197,140,98,147,391,404,833,52
489,305,306,244,177,229,442,479,843,52
634,328,498,399,225,319,480,696,895,52
421,286,254,193,139,192,462,358,851,52
280,188,230,171,118,167,322,350,836,52
484,298,238,191,131,173,394,644,866,52
498,367,258,205,159,204,404,339,870,52
542,413,191,152,113,152,375,353,818,52
525,314,343,271,182,249,412,668,871,52
401,291,309,237,175,236,319,675,861,52
453,333,208,161,129,168,380,361,837,52
401,265,184,129,94,140,384,376,823,53
616,392,282,214,156,213,417,592,870,53
259,132,253,207,113,150,453,347,842,53
559,364,401,291,203,288,420,547,888,53
399,232,365,276,175,246,404,743,888,53
465,294,260,198,129,180,416,506,855,53
570,354,298,239,171,221,477,413,847,53
564,309,489,379,240,326,486,688,862,53
515,291,274,237,145,187,418,513,857,53
411,309,235,190,137,175,367,457,828,53
621,379,366,295,190,253,436,686,873,54
501,408,183,131,111,156,370,366,825,54
281,192,181,140,104,140,368,356,826,54
405,293,272,201,157,217,378,332,827,54
258,185,193,152,125,159,359,301,817,54
372,230,326,228,147,223,405,677,864,54
336,216,331,251,162,225,336,643,862,54
485,357,199,168,131,162,370,344,807,54
677,467,217,166,111,157,347,726,857,54
238,176,236,189,138,182,354,355,842,54
368,241,246,169,121,188,378,488,849,54
514,378,231,173,134,185,382,321,815,54
559,353,379,277,181,258,405,855,884,54
462,342,215,164,133,177,369,351,844,54
582,338,339,255,165,239,438,672,854,55
624,417,250,172,118,186,436,382,826,55
214,155,222,168,125,173,269,519,833,55
388,253,247,170,117,184,369,368,838,55
489,326,223,160,107,159,367,381,848,55
524,396,183,154,132,158,379,355,848,55
400,231,226,186,135,165,475,355,849,55
451,266,347,292,195,236,402,717,889,55
702,414,388,253,140,232,427,568,869,55
289,173,252,199,133,175,336,575,857,55
455,347,229,170,139,188,395,378,857,55
347,241,251,183,131,191,421,375,871,55
416,223,209,159,88,121,85,1023,772,55
474,320,253,178,123,184,401,403,850,55
522,330,331,242,167,239,401,678,856,55
562,390,366,282,203,286,417,587,885,55
729,423,303,228,151,211,516,501,853,55
693,471,243,193,141,184,449,419,850,55
293,228,252,190,141,194,340,341,843,55
695,448,272,199,148,211,492,370,863,55
663,465,241,173,118,176,398,359,855,56
674,418,652,494,268,406,535,989,918,56
197,185,130,99,97,125,352,1,196,56
371,241,235,185,137,178,361,462,864,56
264,185,256,197,147,204,426,363,846,56
499,350,326,265,186,240,379,526,855,56
511,295,332,258,157,216,472,710,859,56
637,418,189,136,93,139,386,373,847,56
522,294,265,193,118,180,414,421,844,56
403,254,249,174,120,186,380,507,855,56
562,383,310,232,155,230,406,425,852,56
416,304,235,179,131,182,360,408,836,57
446,326,81,67,118,164,539,72,723,57
434,265,291,210,146,217,389,593,868,57
576,357,306,248,155,202,380,680,869,57
576,360,345,276,196,257,446,337,861,57
549,404,171,123,93,133,342,362,815,57
485,321,325,230,155,230,411,350,855,57
303,225,198,153,120,159,346,351,830,57
333,231,246,188,132,182,339,365,823,57
646,450,256,191,141,202,397,461,848,57
205,150,246,179,131,193,300,332,830,57
675,398,363,263,190,266,547,372,857,58
401,288,140,115,85,108,295,346,697,58
467,293,327,240,162,235,417,698,870,58
391,241,195,146,93,131,370,357,828,58
419,283,181,142,112,146,362,367,836,58
213,144,196,138,104,153,314,352,843,58
359,234,288,216,151,207,387,533,858,58
398,297,149,126,103,125,349,242,821,58
474,270,208,158,103,140,394,482,817,58
596,406,271,206,149,208,384,494,854,58
239,210,201,156,143,186,391,10,499,58
235,176,197,155,126,164,346,352,847,58
617,332,428,341,192,249,365,985,911,58
456,322,287,182,131,216,367,512,847,58
427,283,396,285,192,272,337,738,902,58
224,145,237,187,133,174,333,415,857,58
520,339,265,187,126,196,364,362,837,58
478,328,276,212,154,205,406,377,861,58
301,212,310,239,165,228,331,453,852,58
503,342,278,224,147,192,405,370,842,58
577,376,250,218,153,186,392,639,867,58
295,211,139,105,80,111,349,364,733,58
435,319,207,169,128,165,365,365,847,58
332,238,241,164,120,181,337,627,866,58
373,216,349,259,162,231,427,570,868,58
210,160,159,117,90,127,326,344,820,59
546,402,144,111,85,118,354,368,794,59
316,251,164,123,104,137,346,336,840,59
573,399,168,139,101,124,356,337,816,59
456,309,173,133,95,128,375,357,839,59
681,387,325,259,151,208,430,692,888,59
285,199,165,124,91,126,327,355,834,59
480,336,404,313,239,321,509,720,872,59
458,271,306,220,152,216,352,617,883,59
433,266,319,261,172,219,363,647,882,59
312,236,274,206,165,224,379,378,823,59
641,426,427,351,230,291,417,788,877,59
399,247,307,246,164,217,370,681,874,59
195,163,162,121,101,137,282,354,833,60
310,189,369,305,191,245,384,686,874,60
350,231,213,164,113,158,357,346,830,60
511,395,221,167,138,189,377,368,834,60
371,229,281,227,160,206,394,487,856,60
552,396,221,172,134,179,377,353,836,60
715,439,294,233,148,201,437,637,868,60
510,316,270,209,145,195,447,511,863,60
340,239,213,158,118,171,363,362,854,60
693,440,277,224,156,203,423,441,849,60
500,327,341,252,173,239,411,423,851,60
691,444,258,195,137,196,417,565,863,60
400,248,223,175,118,161,408,464,838,60
394,262,194,158,113,145,389,374,837,60
544,389,277,214,163,222,391,467,859,60
359,279,201,151,120,164,345,335,814,61
607,376,336,261,163,222,446,609,870,61
444,326,268,220,160,203,353,552,849,61
440,330,299,248,183,222,349,1,228,61
546,394,227,160,122,183,398,356,844,61
328,277,166,117,101,144,493,57,381,61
647,469,221,176,134,174,367,367,849,61
326,216,245,177,118,177,363,540,847,61
400,327,179,135,119,158,365,237,812,61
287,205,213,160,118,165,329,510,839,62
521,355,259,203,149,201,396,358,848,62
482,285,348,253,171,251,383,688,881,62
478,269,289,224,146,201,402,691,875,62
271,169,319,238,158,224,323,582,856,62
618,377,321,238,161,226,498,625,873,62
354,221,328,244,164,234,392,511,856,62
525,349,213,162,122,167,448,364,839,62
440,286,275,219,144,192,386,467,857,62
239,187,261,202,151,209,370,185,728,62
476,299,235,168,115,169,374,577,837,63
674,462,184,138,103,140,408,375,847,63
615,331,456,324,196,302,465,562,869,63
289,213,275,210,164,223,385,434,848,63
421,296,179,143,99,132,340,428,841,63
351,193,309,235,157,218,421,579,859,63
623,403,270,184,142,208,473,349,838,63
309,202,204,166,122,151,395,353,819,63
526,308,550,409,226,330,469,673,892,63
503,346,418,290,184,255,519,666,869,64
610,443,292,185,135,230,398,380,826,64
538,367,326,236,161,230,409,647,862,64
258,178,197,147,106,150,337,330,841,64
384,296,241,192,165,210,405,362,856,64
523,292,176,137,79,111,471,727,845,64
318,248,104,82,69,89,313,368,747,64
343,238,105,82,62,83,298,345,576,64
537,321,334,246,171,242,394,593,861,64
551,383,283,223,161,221,402,377,834,64
521,342,342,268,188,251,416,694,845,64
209,159,186,141,113,152,325,347,843,64
453,303,261,193,120,170,453,439,864,65
395,248,284,217,145,202,373,632,861,65
717,422,318,247,149,208,432,713,871,65
376,228,281,235,166,209,359,593,857,65
331,213,244,183,124,177,372,370,848,65
284,197,114,98,70,83,319,361,702,65
564,392,279,209,155,211,409,412,867,65
565,420,238,185,139,190,367,442,854,65
355,190,345,268,155,222,396,701,876,65
683,404,364,283,176,240,428,664,880,65
547,320,323,256,184,238,410,642,867,65
461,293,410,331,203,268,367,710,869,65
397,283,221,175,129,170,362,570,862,65
613,340,372,269,175,256,532,519,846,65
501,274,317,245,163,226,417,607,871,65
389,269,215,180,139,173,383,426,839,66
512,385,327,281,233,270,464,357,847,66
329,218,194,131,90,140,355,408,838,66
464,359,214,158,127,176,364,358,836,66
376,252,202,139,103,151,378,367,846,66
452,294,304,226,157,223,355,689,861,66
673,465,340,262,197,263,422,606,880,66
247,193,164,126,94,129,499,4,507,66
636,461,253,207,161,204,414,488,841,66
537,335,271,194,136,201,415,491,861,66
540,374,246,195,151,193,407,355,825,66
706,469,235,170,119,174,403,371,841,66
345,252,130,94,72,105,312,358,808,67
687,409,198,158,104,135,531,1023,365,67
552,281,566,394,211,313,494,673,889,67
295,201,237,177,131,184,327,499,848,67
545,340,274,192,120,188,408,366,855,67
652,472,246,184,135,186,393,639,873,67
424,256,370,316,193,241,449,625,863,67
323,243,219,157,116,166,333,427,850,67
609,400,368,285,197,265,429,609,875,67
295,239,199,157,135,173,340,341,809,67
266,202,198,145,115,161,345,356,831,67
406,270,232,167,124,177,386,349,821,67
501,239,473,351,190,281,427,1023,923,67
523,405,336,254,216,286,477,107,472,67
453,281,424,315,197,294,422,693,890,67
367,264,186,120,89,143,349,358,849,67
531,347,253,215,161,194,450,540,849,67
373,272,239,174,128,183,319,523,852,68
472,295,253,193,136,191,404,368,843,68
523,335,269,217,156,197,495,400,857,68
281,178,239,184,134,180,419,406,856,68
279,199,231,179,146,191,359,411,842,68
547,328,365,260,166,253,458,719,855,68
677,415,334,260,176,237,449,691,870,68
411,300,224,178,138,179,373,348,845,68
347,260,236,187,144,189,358,463,848,69
491,374,244,187,144,193,486,377,861,69
433,309,229,167,126,183,399,433,850,69
340,247,253,187,164,225,457,368,852,69
490,370,238,181,136,186,382,375,823,69
522,376,124,94,74,100,336,368,709,69
580,377,277,199,143,214,400,391,840,69
401,241,378,287,185,256,409,712,885,69
714,388,434,326,204,292,456,716,889,69
535,357,345,242,166,251,441,686,877,70
494,271,347,269,178,242,433,696,895,70
459,274,429,344,232,297,508,617,861,70
414,276,147,128,97,112,363,274,822,70
687,370,619,460,232,349,443,1023,927,70
343,234,214,154,111,160,375,415,833,70
608,342,271,206,130,182,429,576,852,70
429,332,202,154,132,174,386,357,854,70
595,375,532,409,251,356,537,654,871,70
343,231,228,174,125,170,484,464,852,70
453,322,182,155,116,141,357,346,846,70
464,328,229,188,148,182,412,376,852,70
500,292,486,362,197,287,309,1001,909,71
557,311,440,312,187,282,444,705,895,71
456,211,381,299,165,225,355,775,891,71
237,174,187,135,99,146,344,243,813,71
398,291,222,169,123,165,359,357,850,71
565,371,291,204,143,213,397,528,843,71
444,336,212,162,121,164,363,364,840,71
571,435,172,119,93,139,361,367,831,71
438,333,153,107,81,122,338,355,815,71
646,460,222,174,129,171,414,372,846,71
452,306,231,153,111,174,365,356,847,71
340,253,151,108,85,125,321,337,790,72
672,423,331,214,146,241,413,503,868,72
329,227,169,117,87,128,351,373,787,72
411,342,239,156,139,217,471,197,697,72
582,386,251,187,131,182,374,587,854,72
541,409,166,121,101,142,349,363,814,72
363,258,216,156,117,171,361,439,856,72
251,196,176,125,99,141,279,338,811,72
244,180,119,98,78,97,295,362,787,72
429,226,330,246,179,250,476,541,872,72
519,291,385,310,209,275,462,638,856,72
484,322,268,193,137,207,406,401,859,72
255,190,183,136,107,147,336,352,846,73
622,345,375,278,186,267,449,734,859,73
727,447,335,230,151,240,401,583,877,73
412,279,271,236,166,202,395,463,858,73
374,227,369,307,181,235,390,687,875,73
384,288,213,154,127,176,412,431,856,73
406,281,188,140,105,149,376,357,842,73
485,376,189,151,125,160,363,354,820,73
180,146,169,107,83,136,384,66,398,73
489,325,273,212,160,214,416,374,837,73
520,335,197,149,104,142,390,356,847,73
301,160,326,269,165,214,268,705,861,73
433,314,207,145,103,154,379,401,833,73
326,209,351,237,154,243,393,640,873,73
550,349,268,206,148,200,405,438,862,74
622,442,219,153,120,179,394,377,835,74
680,438,342,259,173,244,434,717,894,74
372,248,255,195,141,194,357,448,835,74
522,382,199,148,104,142,419,363,838,74
418,344,144,102,86,122,341,209,808,74
459,226,245,199,116,157,420,455,875,74
527,335,239,193,132,174,404,372,853,74
543,396,251,184,138,195,369,345,830,74
546,348,316,237,156,222,424,620,865,75
285,183,214,186,129,157,295,520,860,75
213,165,149,122,97,118,275,345,794,75
545,350,294,221,142,204,399,488,849,75
234,184,162,125,97,128,287,338,813,75
483,340,238,176,139,195,366,360,824,75
449,353,145,114,93,120,295,354,835,75
604,443,237,204,150,178,384,524,859,75
286,190,228,175,130,175,313,535,835,75
559,383,262,213,155,201,431,370,845,76
559,348,143,107,73,103,299,700,796,76
321,214,284,227,165,214,376,570,870,76
642,453,240,177,126,178,501,388,857,76
248,223,116,93,78,98,259,1,207,76
304,173,350,264,167,233,318,645,874,76
250,167,251,204,142,183,287,449,844,76
327,234,123,93,71,96,339,358,733,76
687,436,316,242,165,226,415,451,857,76
492,362,224,179,134,176,338,539,854,76
552,379,353,254,163,231,522,385,823,76
379,237,329,241,172,244,360,692,877,76
417,286,266,208,154,209,444,421,838,76
599,391,290,208,141,209,392,381,837,77
331,207,263,189,126,185,411,446,835,77
348,256,230,180,138,181,380,367,838,77
410,313,132,95,74,109,307,362,671,77
674,396,461,357,218,307,471,884,893,77
600,443,217,161,124,178,340,341,825,77
356,190,307,239,151,207,349,701,864,77
335,229,192,139,99,141,341,402,852,77
394,229,370,296,207,272,495,589,852,77
492,374,179,146,112,140,372,341,850,77
320,231,191,148,112,147,367,415,850,77
521,373,234,187,140,179,386,389,850,77
402,270,198,147,102,147,343,344,843,77
444,317,256,187,153,215,453,526,851,77
415,307,295,250,187,230,368,428,842,78
569,349,453,301,184,302,432,673,876,78
535,371,314,224,157,234,399,496,859,78
227,182,124,88,72,105,302,349,818,78
309,263,194,147,126,169,347,1,184,78
391,216,378,284,169,249,400,623,882,78
406,263,447,353,239,315,390,795,895,78
265,143,247,189,106,159,306,641,859,78
245,158,166,129,88,118,350,425,852,78
559,396,123,101,75,95,385,368,727,78
450,312,261,205,145,190,368,596,863,79
251,164,237,198,136,171,295,548,843,79
316,233,121,98,82,101,313,363,762,79
323,231,241,185,137,182,387,373,851,79
274,198,260,210,169,214,368,422,839,79
343,199,329,246,156,217,372,596,876,79
339,291,101,86,75,89,291,330,769,79
339,228,328,250,173,243,377,539,857,79
584,397,314,247,149,195,489,427,862,79
434,287,255,196,145,194,404,659,866,79
268,205,194,139,102,150,341,347,847,79
681,421,320,230,148,213,403,724,869,79
465,312,176,131,99,137,354,360,838,79
500,311,239,172,118,175,383,534,837,80
303,219,217,153,110,168,350,341,826,80
684,478,207,158,118,159,385,367,841,80
693,476,283,213,161,223,410,493,855,80
481,329,257,213,147,183,342,536,845,80
542,379,175,138,106,138,384,364,830,80
486,345,210,171,126,159,434,353,838,81
339,232,329,244,178,245,385,413,867,81
528,333,301,222,153,211,400,591,870,81
466,334,213,159,112,161,380,350,838,81
510,403,114,82,70,100,380,358,373,81
343,231,237,175,124,180,392,354,846,81
586,410,275,220,168,214,447,347,802,81
578,322,394,308,186,253,492,569,878,81
173,137,130,107,83,106,251,358,769,81
517,382,278,229,177,223,378,358,831,81
223,139,228,161,107,162,418,397,847,81
574,351,279,196,127,198,427,461,854,81
350,197,303,226,145,203,372,561,849,81
666,389,388,254,141,239,448,578,868,82
522,391,224,166,129,180,379,351,831,82
329,227,193,147,105,148,359,363,833,82
231,149,287,221,142,201,248,596,860,82
366,270,179,145,109,135,336,361,838,82
318,183,209,157,107,151,375,430,861,82
308,206,250,174,124,186,299,543,862,82
684,424,235,172,119,173,470,412,840,82
486,338,258,180,135,202,465,535,870,82
218,151,197,147,105,148,344,367,847,82
570,398,209,155,117,164,376,373,799,82
650,419,265,199,136,192,405,571,846,82
522,339,194,144,99,145,395,362,858,82
599,409,220,183,146,178,394,599,856,83
492,276,458,347,193,276,442,711,889,83
323,234,260,189,142,205,382,351,838,83
365,273,179,145,113,144,362,341,823,83
305,241,178,120,98,148,339,349,844,83
486,286,307,231,151,208,366,595,856,83
557,383,238,181,136,188,383,351,839,83
261,154,279,209,136,193,352,577,854,83
492,342,256,204,141,181,359,483,836,83
394,268,232,191,137,173,454,370,836,83
325,234,240,181,138,188,356,459,848,83
448,295,259,202,138,191,391,367,841,84
593,330,383,281,153,222,476,703,843,84
326,216,313,248,181,232,359,562,870,84
365,292,216,163,136,185,357,351,856,84
682,421,229,182,118,153,421,367,852,84
521,360,206,148,112,161,374,393,857,84
395,321,158,119,105,141,360,382,838,84
422,300,225,163,119,172,433,356,826,84
357,251,229,165,115,170,394,371,840,84
337,210,275,200,133,197,380,565,875,84
309,243,180,128,100,144,321,364,827,84
330,223,197,131,95,149,373,362,824,85
446,333,245,171,138,202,348,359,848,85
312,241,168,139,111,138,399,356,821,85
541,375,181,128,97,140,341,350,786,85
584,362,317,238,140,197,398,715,878,85
269,173,241,181,128,180,324,542,846,85
448,284,221,163,111,154,458,412,829,85
302,204,227,167,121,174,339,337,821,85
512,296,319,239,163,234,420,716,872,85
519,285,434,328,195,280,441,705,887,85
524,355,225,157,120,180,375,360,834,85
353,246,218,155,118,170,307,587,835,85
317,224,200,164,122,152,361,363,840,85
283,185,274,217,146,197,325,625,867,85
461,251,397,319,203,261,388,776,891,86
283,186,255,186,129,183,310,578,862,86
528,293,420,353,221,283,465,670,881,86
604,417,214,159,119,166,384,371,836,86
383,282,201,150,117,160,389,392,842,86
380,205,262,198,128,176,340,576,836,86
311,261,173,136,124,156,404,2,204,86
487,337,247,189,133,183,379,522,853,86
287,210,198,149,107,147,395,337,848,86
366,251,217,148,112,173,365,358,851,86
336,215,292,214,147,215,342,650,875,86
700,397,334,260,176,240,422,543,863,87
459,302,225,180,129,167,379,531,847,87
666,469,292,220,169,229,394,496,823,87
391,284,176,117,84,133,338,360,804,87
503,351,214,173,129,166,383,477,850,87
342,244,214,168,126,169,345,440,868,87
301,193,284,211,151,209,382,499,845,87
493,326,264,214,143,188,372,724,858,87
331,237,178,129,98,136,321,359,826,87
388,279,269,218,155,198,348,563,856,87
371,289,170,135,114,146,354,362,839,87
342,241,219,161,119,167,357,422,856,87
506,283,335,265,170,231,435,730,866,87
286,214,235,180,141,192,338,329,846,87
501,374,173,126,97,137,347,352,852,88
498,338,258,214,162,199,371,718,859,88
350,233,203,161,106,142,374,358,850,88
586,372,274,202,142,202,384,593,842,88
460,253,317,242,148,207,416,654,855,88
465,302,310,238,165,225,429,499,865,88
699,427,340,273,195,246,450,684,852,88
209,152,156,135,106,126,313,348,812,88
274,224,195,161,136,166,338,358,795,88
341,238,299,226,154,216,257,732,876,88
706,452,219,170,112,154,395,571,881,88
728,475,311,243,161,216,436,660,866,88
361,289,216,158,126,177,308,398,847,88
341,232,152,113,82,116,359,357,821,88
563,327,420,297,173,270,439,712,884,89
393,221,244,180,121,175,393,414,856,89
379,309,157,137,113,132,411,92,696,89
679,422,357,255,177,263,409,352,853,89
707,387,293,227,131,190,408,702,872,89
451,309,293,235,183,231,463,367,841,89
245,172,226,159,123,178,337,422,838,89
355,207,285,228,147,200,366,605,865,89
416,251,297,203,123,196,421,732,871,89
204,158,208,180,142,165,314,347,850,90
642,423,272,223,167,210,428,540,849,90
638,460,267,190,137,205,397,431,857,90
664,454,185,154,111,141,391,362,784,90
714,399,387,293,189,270,458,729,869,90
582,382,281,193,134,201,384,361,832,90
539,414,165,130,107,137,335,363,808,90
303,253,111,81,66,92,358,233,723,90
669,441,200,152,115,159,488,445,842,90
215,144,127,93,72,100,269,357,669,90
372,235,340,267,174,234,338,737,872,90
604,388,459,340,225,325,419,698,865,91
581,300,311,245,121,165,400,776,889,91
326,208,258,185,129,188,416,400,847,91
712,481,309,235,175,239,432,556,859,91
414,231,345,281,185,242,478,675,885,91
209,163,152,127,105,124,330,133,781,91
672,359,446,371,221,284,355,929,911,91
291,249,187,144,125,163,374,260,678,91
650,468,217,168,120,167,372,361,841,91
423,312,215,173,131,166,254,1023,705,91
397,280,169,133,103,133,359,358,827,92
659,385,480,389,248,324,461,698,876,92
382,277,217,176,137,175,381,343,827,92
409,293,186,162,128,148,369,371,844,92
368,230,188,147,109,145,384,384,817,92
566,297,439,316,204,288,286,976,904,92
290,174,337,230,145,228,393,587,870,92
494,380,168,121,99,140,369,370,794,92
571,366,345,271,186,252,470,619,881,92
344,197,270,243,168,190,369,445,804,92
482,335,173,146,108,133,383,340,828,92
591,308,434,317,128,193,448,728,888,93
580,404,196,161,121,153,407,348,839,93
363,238,206,145,106,160,352,360,823,93
424,287,200,139,99,151,364,395,832,93
358,257,149,101,75,116,320,352,825,93
494,295,244,165,119,180,490,452,859,93
339,271,223,169,135,182,352,344,829,93
538,361,230,170,118,167,383,466,834,93
469,276,178,135,91,128,427,360,829,93
323,209,209,152,110,158,382,362,851,93
653,430,276,203,150,215,414,483,853,93
637,366,263,206,119,167,475,496,858,94
415,240,339,252,166,235,543,708,887,94
482,301,396,284,200,294,420,535,854,94
526,317,317,262,165,209,415,741,875,94
477,326,440,286,212,342,505,122,602,94
421,294,193,142,107,150,360,359,816,94
659,410,319,251,164,227,481,509,868,94
333,272,174,132,108,146,337,336,838,94
673,410,367,250,158,241,436,525,879,94
545,430,241,182,144,196,354,361,810,94
419,282,381,268,174,265,399,651,892,94
393,263,188,138,104,147,374,370,834,95
467,282,288,218,145,203,487,359,849,95
390,220,315,222,136,211,416,670,877,95
685,411,219,154,97,147,487,366,847,95
421,332,185,149,121,154,387,355,844,95
518,325,297,228,162,222,402,521,866,95
338,236,262,178,127,195,362,361,823,95
337,227,137,106,95,122,431,343,722,95
410,217,337,247,172,246,497,542,875,95
657,494,163,118,89,129,341,366,827,95
583,450,181,127,105,148,353,364,825,96
681,421,219,145,90,146,394,361,823,96
210,149,244,189,130,173,344,360,840,96
644,437,244,183,136,188,420,505,824,96
524,386,196,152,115,156,384,400,855,96
200,162,146,111,93,122,278,343,807,96
449,346,171,129,108,147,368,369,848,97
547,336,332,250,154,222,390,650,873,97
531,388,195,164,128,158,377,357,827,97
351,258,213,164,119,162,358,383,860,97
518,397,176,134,109,144,351,361,861,97
265,208,177,151,123,145,316,327,818,97
406,293,211,158,125,171,374,348,824,97
482,367,220,164,125,171,354,347,817,97
595,439,170,124,99,137,355,353,729,97
572,329,293,223,145,198,444,438,857,97
511,333,359,254,165,247,424,459,853,97
432,307,313,222,171,250,459,567,863,98
247,148,224,165,108,156,309,477,847,98
476,325,281,182,128,207,391,369,866,98
592,379,321,251,163,221,409,706,858,98
730,448,293,218,146,207,464,442,864,98
597,394,280,227,151,195,368,576,861,98
187,137,186,148,111,147,303,345,840,98
490,285,372,287,178,251,434,723,887,98
424,241,407,317,182,246,483,720,882,99
654,440,248,173,125,187,379,361,836,99
562,388,229,174,130,172,392,369,839,99
705,444,287,212,147,205,429,440,846,99
539,392,229,182,134,175,384,516,831,99
545,373,230,172,137,187,437,377,857,99
240,179,172,115,92,141,351,348,817,99
568,419,226,168,143,192,394,367,807,99
495,283,315,273,210,246,522,364,847,100
239,178,212,166,129,168,312,344,826,100
461,293,274,227,158,186,340,587,854,100
336,187,328,212,126,207,415,678,870,100
349,253,155,116,88,121,355,345,827,100
370,295,226,170,129,182,344,348,844,100
342,219,280,200,126,189,393,401,862,101
403,262,265,212,149,195,357,586,860,101
475,252,301,212,124,186,439,1023,861,101
502,385,163,123,97,135,335,357,844,101
626,401,386,283,185,273,425,574,859,101
286,210,173,140,103,133,368,253,813,101
303,202,211,155,113,158,372,343,845,101
433,310,181,134,103,144,349,359,830,101
424,310,301,234,176,233,353,334,840,101
498,338,217,162,125,173,473,346,827,101
536,351,144,105,70,101,292,717,454,101
647,384,328,246,156,225,429,614,857,102
515,335,278,233,163,196,402,447,814,102
429,289,161,124,93,127,372,367,841,102
491,327,393,286,215,313,485,487,858,102
595,382,288,214,155,218,450,507,857,102
404,289,231,169,122,174,355,307,844,102
314,211,302,211,134,202,372,484,865,102
512,293,274,213,128,176,445,356,841,102
368,294,173,136,105,136,347,351,837,102
417,283,301,219,156,226,388,595,878,102
373,280,218,179,153,187,454,368,843,102
526,292,426,331,190,255,348,708,872,102
351,272,191,138,125,173,419,364,827,102
333,209,232,181,132,176,396,403,855,102
660,465,205,145,111,163,384,349,808,102
361,229,203,141,98,149,373,404,848,102
525,364,294,220,158,228,386,425,850,102
261,193,165,125,96,129,330,353,845,102
570,403,158,132,101,125,362,369,838,102
618,420,178,137,95,133,346,643,845,103
397,302,153,125,102,126,331,359,698,103
414,256,272,204,156,215,473,416,821,103
420,295,229,163,113,168,346,349,835,103
602,329,399,299,166,234,440,773,895,103
471,363,173,126,101,144,325,361,835,103
300,180,245,188,126,172,317,569,855,103
511,365,178,146,111,140,378,371,822,103
597,445,146,108,85,116,342,355,819,103
427,331,149,121,101,128,300,354,825,103
331,256,131,95,73,103,310,358,676,103
435,289,246,200,145,186,376,463,851,103
487,314,271,226,161,200,369,654,874,104
513,391,188,142,121,163,393,364,846,104
357,239,295,225,153,207,305,604,866,104
580,319,360,241,131,217,552,379,848,104
382,209,285,214,137,200,399,611,880,104
434,262,230,174,138,182,483,508,851,104
582,347,402,254,153,257,546,457,859,104
408,313,185,124,96,151,317,359,840,104
239,170,170,135,97,130,326,350,836,104
611,355,306,208,125,205,526,396,861,104
661,421,347,264,182,256,402,456,853,105
539,355,275,227,152,193,370,576,861,105
609,443,274,173,126,208,427,363,849,105
626,394,399,271,182,292,428,708,876,105
429,308,221,174,142,183,456,345,854,105
528,399,185,144,105,144,369,355,826,105
365,282,147,118,99,123,317,352,803,105
446,336,235,172,142,195,376,398,846,106
420,294,282,207,152,216,367,356,855,106
457,313,230,179,136,181,377,357,848,106
634,351,304,212,160,238,537,494,844,106
660,445,298,242,167,229,403,422,824,106
384,224,346,277,172,236,424,726,870,106
403,253,181,136,103,139,480,358,827,106
321,217,285,214,158,222,450,469,838,106
733,471,444,316,214,314,518,686,885,106
307,241,253,189,143,200,338,403,831,106
343,204,236,162,107,162,388,405,865,107
328,224,156,119,85,121,363,351,808,107
384,250,282,221,153,204,414,538,864,107
721,408,310,240,148,208,485,561,852,107
556,365,228,186,131,171,387,576,854,107
287,248,107,70,64,96,509,2,441,107
524,264,362,281,152,208,480,721,886,107
586,293,536,386,183,275,466,1023,916,107
571,421,246,172,124,189,365,351,826,107
343,245,188,164,132,150,359,356,842,107
243,189,143,112,88,115,322,359,693,107
559,356,365,273,191,260,375,699,889,107
431,274,339,238,164,248,413,636,849,108
520,329,257,196,134,191,400,554,841,108
655,334,461,350,153,230,419,682,872,108
510,314,226,184,129,164,304,702,828,108
475,297,249,187,130,179,395,459,857,108
656,440,231,176,129,176,405,527,855,108
417,309,210,159,121,167,331,338,839,108
454,396,162,98,83,142,415,124,489,108
512,406,136,104,84,114,327,363,821,108
244,155,306,255,163,205,671,0,69,108
494,328,301,224,164,230,353,648,863,108
371,261,307,226,170,239,438,560,867,108
442,318,237,188,142,185,376,349,851,108
584,409,237,177,131,184,373,358,844,108
569,386,226,190,135,164,460,465,849,108
341,248,227,172,127,178,318,551,837,109
616,388,351,254,154,234,385,479,855,109
356,230,204,160,119,154,363,341,846,109
664,407,359,280,181,252,434,664,878,109
540,382,227,168,130,183,390,365,846,109
324,234,120,96,76,96,338,349,794,109
568,316,368,280,178,243,444,545,868,109
288,229,153,101,79,125,299,360,838,109
358,276,199,138,106,160,360,339,852,109
307,208,219,151,109,165,329,390,839,109
431,259,303,236,171,227,476,731,886,109
690,417,237,180,127,174,480,491,839,109
643,412,348,267,189,262,401,561,866,110
267,198,186,147,122,154,414,349,835,110
701,421,360,269,176,250,437,430,852,110
518,329,308,239,157,214,423,461,846,110
577,432,185,150,121,154,395,367,826,110
590,314,430,321,177,262,402,1023,918,110
368,264,178,135,100,134,345,360,817,110
498,349,261,196,144,198,380,362,859,110
402,222,362,287,181,241,437,653,879,110
605,417,242,203,139,176,378,571,864,110
589,381,287,222,156,215,481,366,805,110
438,309,302,209,173,256,496,457,860,111
229,141,218,164,107,151,296,404,860,111
329,232,163,118,90,129,336,361,818,111
452,327,227,179,133,177,368,373,851,111
410,311,332,222,165,261,454,352,833,111
611,410,407,309,205,281,511,703,902,111
623,444,242,183,137,188,412,366,843,111
421,280,316,228,163,233,463,491,853,111
468,348,247,190,146,197,374,350,830,111
341,203,276,222,143,192,323,689,863,111
541,329,324,256,172,226,374,630,871,111
698,402,325,230,150,226,411,653,894,111
310,220,207,158,120,164,354,359,827,111
526,330,348,294,198,243,390,726,882,111
291,227,106,83,69,88,300,239,718,111
445,353,185,146,122,155,380,359,840,111
268,186,246,179,123,180,417,361,847,111
297,253,94,70,64,86,372,66,360,112
380,254,263,187,135,192,381,415,870,112
665,391,310,217,144,216,485,516,874,112
508,390,226,168,137,183,378,345,827,112
498,369,247,179,145,208,384,358,829,112
652,461,243,186,136,187,374,354,842,112
384,278,167,114,85,130,376,349,833,112
458,366,320,233,173,252,542,9,713,112
395,300,214,178,137,172,384,406,846,112
579,376,227,195,134,161,429,373,831,112
389,293,248,181,148,208,320,340,832,112
672,431,303,242,160,211,419,700,883,112
521,340,266,200,146,203,467,409,837,112
441,239,436,325,177,242,344,929,881,112
678,412,474,326,200,314,509,645,880,113
503,359,203,148,115,159,382,366,842,113
620,407,297,208,141,211,424,411,860,113
409,307,180,140,104,137,332,349,834,113
382,313,145,93,74,121,375,335,784,113
371,202,347,265,158,223,356,698,862,113
378,244,248,180,124,178,407,384,850,113
580,412,225,163,117,171,401,344,850,113
403,279,220,175,124,161,434,354,835,113
647,382,463,348,204,292,439,555,873,113
589,397,214,175,130,158,411,362,825,114
209,141,232,161,114,172,347,359,846,114
451,298,222,171,139,185,496,355,831,114
547,358,255,181,123,189,410,399,835,114
610,348,353,266,181,248,465,726,882,114
524,328,255,203,142,186,399,520,843,114
373,264,199,157,109,149,375,357,857,114
436,264,338,273,183,233,426,630,882,114
521,415,149,116,95,125,315,364,813,114
448,349,231,155,123,190,360,351,845,114
629,422,342,265,197,252,495,657,872,114
655,377,398,273,152,240,381,733,897,114
658,413,233,174,114,162,397,358,855,114
282,179,362,276,176,246,448,729,874,114
398,276,193,156,123,154,442,358,808,114
492,305,292,217,148,208,397,502,846,114
702,425,277,207,136,193,424,593,866,114
217,166,193,140,109,154,274,360,832,115
322,194,237,200,138,176,393,418,861,115
607,419,126,91,63,94,332,728,569,115
193,178,109,85,84,106,315,1,213,115
528,355,362,253,180,276,420,634,878,115
269,211,227,181,146,185,309,398,869,115
479,297,315,234,154,217,362,696,881,115
341,263,211,158,120,172,360,346,812,115
632,431,316,229,163,232,395,631,872,116
213,162,223,176,140,182,347,368,840,116
633,416,275,207,143,197,402,364,840,116
435,283,320,223,157,236,410,626,870,116
492,275,515,389,213,304,498,727,882,116
380,218,364,306,193,237,343,708,873,116
436,232,373,268,167,251,435,657,877,116
260,161,303,269,183,211,367,514,849,116
415,286,252,167,117,187,373,398,847,116
429,270,289,205,141,207,389,561,873,116
448,289,234,193,127,162,420,339,851,116
328,259,148,94,74,120,318,356,835,117
471,336,178,123,93,140,351,361,829,117
354,237,197,152,108,146,412,366,811,117
297,210,187,136,97,139,328,343,852,117
465,335,171,123,97,142,348,368,797,117
402,290,258,198,147,199,445,360,837,117
652,398,414,315,191,272,467,669,883,117
425,257,295,238,160,204,444,480,865,117
408,298,207,149,121,171,437,352,842,117
469,345,177,127,104,149,366,354,836,117
363,306,220,148,127,188,367,440,780,118
551,422,178,125,92,140,357,358,827,118
415,244,208,152,106,151,461,366,836,118
335,216,215,155,103,150,404,346,868,118
401,273,269,195,133,192,377,509,844,118
512,321,345,261,163,231,434,460,865,118
385,230,195,142,108,151,499,350,845,118
492,279,359,265,155,240,423,694,878,118
475,312,262,195,147,206,394,468,875,118
340,231,265,198,161,221,453,373,839,118
475,308,230,196,141,170,330,622,875,118
449,361,310,211,172,267,533,3,499,119
266,194,161,134,104,128,327,340,820,119
577,362,339,232,163,251,394,565,849,119
722,465,413,305,209,303,436,717,880,119
540,331,361,261,184,265,418,491,871,119
641,338,516,395,196,271,438,912,905,119
168,154,220,152,133,197,366,2,171,119
313,194,261,187,121,184,310,624,859,119
304,198,210,142,103,162,374,349,837,119
674,435,247,184,121,173,398,355,839,119
489,353,402,296,203,301,453,185,723,119
486,356,177,132,105,146,354,361,827,119
685,480,316,234,168,236,386,395,854,119
532,315,362,275,179,252,396,725,871,119
589,387,250,174,120,184,388,422,854,120
300,244,169,131,110,145,493,7,472,120
340,247,163,131,104,131,346,358,826,120
652,356,468,356,195,274,443,972,908,120
423,314,159,130,103,128,346,366,814,120
504,285,359,288,174,235,407,685,882,120
317,234,185,138,105,146,324,354,813,120
424,281,226,180,124,162,421,441,840,120
526,305,297,220,161,227,464,591,837,120
513,396,166,111,87,134,321,358,743,121
289,229,179,153,122,144,354,236,772,121
472,305,324,241,166,238,486,498,855,121
348,257,176,144,107,135,351,354,841,121
481,304,318,220,151,230,426,518,874,121
536,346,354,237,151,243,419,578,868,121
447,294,220,167,119,164,363,468,864,121
691,405,420,295,172,264,434,581,883,121
493,350,220,165,127,174,405,385,834,121
209,160,193,155,117,155,295,348,813,121
555,384,172,135,89,123,350,344,842,121
542,341,303,229,160,220,414,530,872,122
552,311,454,339,191,278,271,931,894,122
215,151,187,144,100,139,316,359,842,122
562,339,325,232,163,240,431,509,856,122
457,341,181,138,113,150,361,365,835,122
570,407,233,187,146,188,379,361,840,122
627,356,350,260,166,235,456,565,870,122
430,315,188,144,110,145,346,342,847,122
691,449,276,220,152,203,388,640,851,122
356,217,254,177,114,174,392,370,845,122
231,150,228,180,129,169,317,440,841,122
457,337,144,106,80,113,360,225,807,122
483,374,174,130,106,146,352,377,836,123
632,439,263,186,137,206,374,362,831,123
369,212,347,265,167,235,428,712,886,123
428,282,274,201,153,217,406,447,851,123
433,286,216,186,139,168,390,505,849,123
364,263,130,106,84,105,331,360,740,123
370,246,333,244,187,265,422,606,859,123
258,192,195,150,120,158,320,351,842,123
505,345,186,128,87,136,358,356,777,123
258,199,171,126,103,141,334,349,833,124
465,327,243,178,134,191,384,354,834,124
247,195,122,90,73,99,281,357,751,124
348,251,172,139,114,140,347,363,823,124
370,291,108,74,62,94,383,197,676,124
708,423,410,315,195,281,425,621,881,124
688,463,306,215,151,228,402,556,872,124
401,306,208,148,116,167,431,354,845,124
386,251,224,173,117,159,402,352,863,124
560,318,355,284,175,234,431,671,897,125
286,205,198,149,109,150,358,359,846,125
343,232,203,152,111,153,359,445,843,125
291,191,247,162,107,177,382,363,841,125
528,373,235,193,151,184,407,387,855,125
333,227,313,234,154,225,246,700,879,125
310,239,218,171,139,180,346,339,816,125
437,343,172,124,100,142,345,361,840,125
411,274,255,196,135,184,411,402,856,125
417,290,230,184,132,172,384,390,837,125
435,303,216,174,132,168,374,393,841,125
512,287,409,313,202,281,441,708,857,126
715,430,346,261,154,218,462,715,884,126
590,407,225,166,119,167,382,488,849,126
393,262,244,182,131,183,386,318,822,126
265,216,111,87,76,98,312,195,770,126
400,310,227,168,134,187,372,398,849,126
414,285,249,180,133,194,377,354,825,126
439,319,196,153,117,157,355,352,823,126
463,285,255,192,140,194,402,516,852,127
504,343,347,278,200,261,432,409,840,127
420,297,237,190,155,196,438,363,862,127
636,424,274,213,156,204,405,470,840,127
437,294,330,245,168,238,412,689,897,127
501,369,161,131,97,122,334,334,818,127
483,329,182,139,97,133,344,347,829,127
252,200,124,88,68,100,517,5,456,127
558,412,268,216,164,204,386,427,848,127
341,220,202,150,111,157,410,355,845,128
223,151,244,172,124,185,302,482,842,128
657,396,224,166,121,168,488,465,855,128
497,374,176,156,122,143,335,347,838,128
579,389,257,205,142,184,413,669,859,128
337,228,258,183,136,200,429,365,835,128
398,217,245,176,136,198,516,418,849,128
512,381,167,131,106,142,379,366,830,128
493,269,407,328,222,282,499,360,836,129
480,337,234,165,122,182,394,424,826,129
478,343,187,141,107,146,398,341,843,129
454,279,266,209,148,194,469,489,849,129
192,166,135,101,92,126,412,63,377,129
325,242,194,152,116,153,326,332,829,129
482,354,223,170,123,174,371,354,837,129
416,228,357,271,170,244,437,725,883,129
576,385,190,148,103,139,383,351,861,129
379,274,175,134,92,128,354,356,835,129
247,149,245,195,129,174,354,468,860,130
573,345,344,265,174,240,390,614,838,130
316,199,184,138,94,132,403,343,834,130
377,219,394,291,199,282,421,653,862,130
472,338,163,119,86,125,325,341,828,130
393,270,319,205,151,245,406,360,847,130
667,474,282,229,168,216,426,576,832,130
350,253,263,216,164,206,322,513,846,130
304,233,155,128,94,119,339,339,831,130
357,212,273,224,153,197,340,619,856,131
540,377,213,167,110,148,365,340,840,131
477,343,240,200,150,184,362,467,865,131
441,293,326,264,185,244,366,600,862,131
493,267,305,244,178,229,479,438,855,131
575,292,353,276,175,242,454,699,874,131
423,266,214,164,115,156,396,425,853,131
529,343,234,186,133,175,405,516,859,131
450,319,160,126,98,128,361,363,815,131
515,370,294,233,160,211,339,587,865,131
624,341,310,223,129,204,418,552,872,131
456,286,288,212,145,211,389,578,868,131
454,316,268,204,162,219,452,542,856,132
539,335,345,251,169,245,393,607,873,132
480,346,195,150,113,154,365,332,829,132
726,433,434,299,182,285,527,633,879,132
623,414,252,188,135,187,398,522,878,132
430,297,273,204,152,211,499,346,844,132
579,392,300,231,157,212,399,599,854,132
692,448,365,276,194,263,420,574,860,132
355,236,296,248,172,212,329,694,859,132
389,306,203,180,145,164,352,314,809,132
527,420,167,137,115,143,367,365,821,132
455,296,259,189,130,189,456,344,848,133
603,446,181,148,119,146,372,350,815,133
480,260,297,219,139,200,421,628,850,133
584,406,307,239,168,228,391,517,875,133
388,297,175,149,114,140,346,351,810,133
564,376,334,255,182,245,389,572,843,133
433,354,113,77,55,84,350,381,386,133
162,141,163,149,120,135,316,1,225,133
624,360,303,235,154,211,426,649,870,133
557,355,362,246,179,272,476,700,884,133
701,470,297,201,141,223,419,519,860,133
466,267,360,242,163,260,408,479,852,133
225,180,162,115,94,136,430,2,224,133
699,487,276,193,148,216,426,435,833,134
406,258,291,218,151,206,339,607,847,134
533,366,307,203,147,233,459,494,862,134
320,204,286,219,152,211,403,456,854,134
515,434,201,153,121,164,452,253,358,134
543,360,241,181,123,171,356,439,843,135
380,280,273,209,152,206,337,467,862,135
734,407,443,320,170,266,468,696,893,135
580,429,225,170,128,176,378,350,844,135
572,424,197,142,114,157,344,357,832,135
516,297,325,240,155,220,396,631,870,135
366,254,176,131,96,137,366,337,817,135
565,359,255,181,123,183,378,377,865,135
335,275,173,133,118,152,383,327,824,135
353,226,275,213,145,195,427,528,871,135
315,201,222,174,120,159,321,601,859,136
689,483,202,148,107,149,382,359,850,136
381,281,220,162,122,174,361,348,823,136
561,347,313,255,168,220,329,696,871,136
432,299,287,223,169,229,451,362,848,136
526,321,235,196,101,133,459,1023,632,136
288,182,227,159,110,167,387,360,842,136
342,227,173,141,97,126,381,365,810,136
460,290,351,250,167,262,409,650,867,136
443,324,177,124,97,143,334,352,832,136
524,316,221,176,137,176,485,312,834,136
406,242,263,199,137,192,416,493,865,136
441,302,185,146,115,148,361,355,838,136
548,361,262,210,148,185,374,457,861,136
298,220,325,252,178,233,287,685,894,137
333,269,188,137,113,159,325,353,831,137
702,447,317,225,160,243,438,495,862,137
483,354,203,167,127,159,382,353,828,137
684,442,299,232,164,219,504,427,861,137
496,293,291,208,149,220,491,587,873,137
420,229,457,338,205,293,457,681,901,137
482,395,162,123,108,145,349,357,854,137
597,358,263,197,125,178,399,596,843,137
467,340,247,186,135,187,436,469,851,137
478,329,274,188,134,208,394,463,853,138
675,403,396,292,190,262,523,538,888,138
406,278,217,171,120,158,335,448,839,138
519,324,373,277,198,276,497,354,846,138
501,304,270,200,143,203,396,519,860,138
584,369,313,201,126,213,425,468,853,138
395,257,215,162,131,179,440,474,850,138
526,314,294,235,159,211,392,680,873,138
511,336,246,195,143,186,480,392,858,138
357,227,246,181,119,171,375,324,839,138
697,420,456,342,228,325,434,1023,873,138
382,279,223,181,141,176,375,350,831,138
436,344,165,130,114,146,340,353,756,138
634,440,225,172,124,173,399,360,859,138
657,408,270,226,143,182,491,359,835,138
359,239,265,207,144,197,394,502,867,139
473,332,237,175,132,187,369,350,842,139
610,377,309,242,165,220,403,598,860,139
273,208,209,169,136,167,405,419,841,139
470,327,283,209,145,212,370,488,847,139
566,415,220,189,151,180,387,355,817,139
400,257,279,235,162,205,397,622,862,139
714,401,602,432,252,381,487,1023,912,139
723,425,323,238,156,224,464,526,858,139
501,401,128,101,89,112,330,342,799,139
452,363,135,91,73,114,283,345,743,140
445,220,351,223,117,205,498,516,867,140
569,370,248,194,135,183,380,423,844,140
599,442,204,167,120,151,389,352,853,140
442,320,228,184,137,179,373,346,812,140
374,289,154,126,100,123,299,338,817,140
517,341,358,247,175,266,393,520,879,140
375,321,116,83,71,102,286,341,799,140
558,362,254,181,132,194,401,490,860,140
342,243,139,111,86,111,361,354,833,141
344,231,261,205,144,191,309,668,857,141
253,150,223,153,101,157,385,388,860,141
279,171,216,165,119,158,394,350,832,141
489,349,246,186,145,197,396,488,842,141
307,234,273,196,149,214,233,669,849,141
446,247,329,246,155,223,408,705,869,141
690,439,326,232,188,271,489,389,868,141
350,272,180,157,119,138,338,348,851,141
239,173,161,116,89,126,352,345,849,141
333,191,138,97,62,93,265,619,354,141
451,320,230,171,131,184,408,354,831,142
492,347,266,202,150,206,396,536,863,142
479,360,191,141,113,157,369,413,837,142
515,403,164,112,84,129,366,357,830,142
516,384,218,163,133,184,456,367,836,142
694,448,170,137,87,112,388,1023,632,142
555,410,114,81,65,94,337,352,766,142
395,273,210,162,127,164,472,343,857,142
585,377,258,193,132,185,390,347,847,142
490,300,233,170,119,174,409,407,851,143
580,294,417,312,181,272,435,698,897,143
586,404,271,199,147,210,409,526,869,143
358,276,154,114,93,127,334,336,823,143
235,203,106,81,71,94,296,173,774,143
565,377,316,236,160,221,414,548,866,143
725,486,307,225,153,218,428,418,837,143
462,317,268,192,154,220,485,377,847,143
536,395,188,149,108,139,371,348,842,143
386,309,313,199,165,268,444,519,860,143
526,389,227,173,134,182,385,340,835,143
403,311,140,101,80,114,317,355,837,143
497,366,181,131,103,144,362,357,838,143
356,247,186,134,97,142,323,356,823,143
684,412,172,135,76,102,336,957,646,143
431,287,224,185,140,177,404,360,851,144
701,417,732,486,250,409,506,1019,663,144
418,298,359,267,208,287,516,416,822,144
655,450,259,203,152,195,394,423,846,144
677,404,321,246,127,182,364,824,891,144
682,439,323,234,165,237,418,653,879,144
455,250,311,248,153,206,400,510,856,144
502,286,509,387,219,305,429,963,902,144
572,402,153,114,85,116,365,370,800,145
684,385,259,208,144,187,478,482,846,145
608,388,236,192,142,180,462,352,828,145
313,234,180,133,104,149,365,241,830,145
558,379,152,119,81,110,356,334,829,145
420,294,165,134,103,131,356,361,836,145
429,244,368,270,174,255,413,633,876,145
293,194,285,215,155,216,413,386,827,146
728,486,281,212,149,208,425,483,860,146
413,307,201,159,120,154,343,361,850,146
483,307,238,175,120,172,388,488,850,146
336,215,284,206,144,211,370,572,846,146
261,151,280,216,145,196,280,630,861,146
428,293,199,142,109,157,366,346,835,146
457,353,140,85,66,113,307,342,754,146
511,353,198,150,127,167,466,362,833,146
458,297,284,197,142,217,391,517,852,146
420,303,246,188,137,188,360,264,834,146
692,435,382,303,218,283,446,609,869,147
525,356,386,295,239,315,449,144,721,147
358,203,289,245,165,198,516,350,840,147
431,339,138,105,88,118,343,370,816,147
368,285,167,121,96,138,337,366,852,147
378,276,167,126,98,134,337,335,826,147
450,260,412,280,180,292,436,695,873,147
429,296,201,155,106,150,370,359,821,147
576,342,309,224,146,217,412,653,865,147
478,340,173,130,96,135,373,365,833,147
416,257,274,230,159,195,412,650,862,148
415,299,222,176,130,169,398,347,843,148
628,350,293,232,144,195,436,684,868,148
508,397,166,121,99,140,340,351,813,148
613,450,158,113,87,124,365,365,808,148
500,385,183,136,102,147,347,369,847,148
385,261,254,178,117,182,386,370,845,148
648,439,242,194,132,174,397,352,854,148
540,389,132,104,80,104,363,354,704,148
490,290,256,204,129,175,371,594,853,148
630,431,280,213,158,217,420,479,869,148
568,377,304,217,153,221,417,447,837,148
527,349,293,210,148,220,400,472,864,149
535,367,306,248,181,231,374,332,829,149
688,408,334,256,168,234,496,636,873,149
713,443,350,275,198,258,447,604,857,149
486,318,184,143,100,135,395,344,843,149
703,473,231,170,122,171,382,466,849,149
243,194,110,87,67,87,427,118,444,149
497,364,206,155,121,168,384,356,838,149
556,417,117,95,78,98,355,358,638,149
381,207,377,280,170,248,441,621,887,149
343,213,254,196,139,187,346,563,860,149
703,464,295,234,161,215,404,516,850,149
639,417,307,229,162,230,422,507,863,149
411,280,238,177,124,177,384,397,849,150
546,348,335,258,174,244,478,594,866,150
473,288,247,187,128,176,384,583,854,150
235,171,132,103,85,111,328,350,653,150
424,244,343,240,154,236,437,669,879,150
392,211,298,232,140,194,423,344,870,150
602,380,356,273,185,261,449,671,878,150
400,220,348,248,151,234,388,640,869,150
326,270,124,84,69,105,274,345,808,150
652,368,354,256,125,184,409,631,873,150
450,308,175,127,94,136,373,242,820,151
561,386,217,163,111,157,357,351,850,151
713,457,312,245,185,241,425,604,889,151
498,361,272,194,130,187,517,355,856,151
370,262,177,136,98,130,322,349,833,151
571,391,290,209,141,211,396,504,855,151
338,205,295,233,156,202,416,663,877,151
377,215,421,291,169,264,452,671,888,151
303,213,206,161,120,159,279,507,839,152
601,421,194,158,115,146,355,331,814,152
437,324,171,128,98,135,354,356,829,152
375,216,204,146,92,141,371,357,839,152
464,275,297,212,131,200,376,668,850,152
311,221,210,178,134,163,336,372,846,152
327,222,306,246,153,197,522,371,837,153
264,160,302,242,155,215,266,711,878,153
643,413,435,305,224,333,439,615,889,153
271,197,328,252,191,257,548,234,843,153
629,443,212,180,132,164,398,374,840,153
410,274,333,238,160,242,261,1023,868,153
573,434,209,164,129,172,353,357,845,153
280,203,201,150,112,159,325,336,825,154
420,296,194,163,121,151,379,350,846,154
570,376,177,145,97,128,372,341,835,154
353,236,220,149,115,174,406,357,835,154
376,262,231,192,157,192,477,310,818,154
195,144,174,132,102,140,295,346,815,154
504,283,253,203,124,165,411,463,847,154
688,476,247,176,124,188,422,434,826,154
368,253,260,196,143,200,393,469,861,154
590,414,175,134,100,135,360,364,846,154
685,459,574,451,299,417,573,220,508,155
402,227,337,258,157,218,453,420,847,155
661,435,235,181,117,166,406,363,831,155
389,237,400,294,199,280,420,695,893,155
298,206,223,166,124,172,306,392,854,155
549,408,305,222,165,240,451,501,868,155
532,402,233,168,131,189,537,3,502,155
563,348,247,211,145,172,424,501,836,155
322,198,225,180,117,159,326,545,851,155
287,178,276,225,146,197,374,491,846,155
455,348,145,115,96,123,377,353,840,156
529,332,288,203,138,206,393,562,871,156
339,219,243,210,145,174,372,451,856,156
330,253,201,166,120,153,303,445,856,156
569,360,239,177,120,173,373,455,834,156
462,242,456,360,208,280,279,1018,905,156
362,230,326,256,178,239,344,668,882,156
717,473,245,181,121,173,386,569,865,156
667,450,325,267,177,227,440,589,863,157
553,409,218,157,118,171,376,350,835,157
575,413,260,191,148,211,380,420,837,157
471,379,139,110,87,113,324,342,684,157
524,360,264,204,153,206,444,468,854,157
517,396,201,146,119,167,383,370,820,157
615,393,134,112,77,94,293,704,623,157
490,301,223,180,122,162,394,402,848,157
485,366,195,143,115,160,355,244,836,157
693,414,302,245,166,214,436,537,859,157
390,228,259,182,121,187,399,435,864,157
279,163,249,198,125,167,392,456,850,157
567,311,451,351,218,302,455,659,876,158
492,276,339,259,158,226,425,701,866,158
571,380,287,206,150,218,392,573,855,158
522,282,346,279,171,225,437,714,872,158
351,180,203,137,69,105,397,444,586,158
488,356,167,127,99,131,355,352,845,159
351,292,107,81,72,94,295,350,795,159
602,316,578,399,218,334,557,1023,913,159
505,372,174,138,104,136,346,361,823,159
716,426,331,243,143,214,409,566,858,159
507,403,163,125,111,144,401,1,206,159
592,337,363,270,166,230,447,717,886,159
400,293,225,169,137,187,382,337,836,159
403,235,285,211,141,203,384,498,864,159
471,328,258,181,124,185,449,367,838,159
569,420,183,132,96,141,380,363,817,159
406,267,307,239,159,216,358,528,872,159
350,243,171,129,101,138,426,238,831,159
312,223,172,141,108,139,360,337,826,160
510,261,430,318,175,257,443,709,874,160
254,220,90,67,62,84,296,145,760,160
664,394,377,289,174,250,481,519,874,160
392,212,290,229,140,198,363,656,864,160
574,408,226,178,141,180,393,371,838,160
582,319,295,228,140,189,484,485,868,160
462,332,161,147,116,126,359,362,841,160
328,250,292,227,178,236,304,497,832,160
490,330,282,218,155,211,455,508,863,160
310,206,224,151,101,162,373,362,845,160
578,343,385,336,229,268,405,659,828,160
325,239,215,163,129,174,328,347,838,160
443,343,141,124,100,116,330,339,797,160
403,259,285,206,149,215,398,373,855,160
444,337,166,121,96,136,383,322,670,161
631,379,287,265,176,191,420,397,839,161
369,254,165,136,103,126,316,336,805,161
367,234,282,214,144,194,461,639,839,161
670,389,447,302,171,273,429,1023,916,161
438,323,308,249,177,228,438,396,844,161
673,408,358,258,170,248,416,586,870,161
328,248,259,194,150,200,368,333,827,161
469,312,239,176,126,186,384,476,852,161
389,246,239,201,137,170,335,489,840,161
642,417,231,170,123,176,384,352,814,161
727,443,272,201,131,188,407,536,865,161
354,222,219,178,127,160,374,358,840,161
507,323,370,264,189,279,475,707,876,161
565,373,214,161,113,156,446,355,849,162
391,244,460,339,215,291,428,876,914,162
564,348,148,119,81,107,328,699,557,162
467,283,363,252,169,259,410,685,881,162
461,279,425,303,179,273,404,1001,875,162
234,148,216,155,106,161,392,431,857,162
571,401,246,189,144,190,460,367,849,162
550,388,275,225,168,212,403,373,835,162
351,215,309,232,160,224,386,712,878,162
596,396,553,459,282,368,544,695,880,162
561,344,268,199,141,200,417,440,857,162
311,212,265,210,150,199,320,520,839,162
624,367,421,271,162,274,440,674,881,162
584,359,252,230,162,185,383,512,844,162
468,335,408,325,228,297,547,338,816,162
360,243,222,175,148,191,429,344,837,163
595,397,296,235,172,224,447,450,879,163
587,447,215,160,134,183,404,367,841,163
401,243,250,178,124,188,364,368,848,163
629,459,337,223,162,260,402,409,857,163
603,409,217,155,114,165,375,352,847,164
517,304,304,231,151,209,436,632,867,164
616,360,406,303,194,285,473,551,854,164
535,322,367,267,154,229,383,682,876,164
672,472,261,196,136,190,374,428,842,164
414,309,360,250,194,293,488,299,585,164
478,307,301,234,169,227,371,664,884,164
419,268,269,202,143,202,343,564,855,164
292,195,240,165,115,177,402,349,849,164
511,274,637,480,212,312,483,1023,940,164
231,168,283,206,161,221,389,346,827,164
443,311,225,178,130,175,368,345,832,164
448,293,232,172,114,160,385,467,873,164
488,347,196,148,108,147,347,338,805,164
678,461,239,172,121,179,407,362,865,164
277,201,196,149,117,153,324,347,836,165
592,365,372,280,193,275,471,543,864,165
571,376,260,192,131,193,386,377,846,165
553,352,291,218,150,207,417,500,856,165
446,258,229,185,132,167,392,489,853,165
426,315,195,159,124,154,372,346,802,165
264,185,208,149,110,156,353,351,846,165
428,264,298,222,149,211,467,496,840,165
407,246,183,121,73,118,460,799,873,165
510,336,182,129,96,141,497,326,821,165
481,294,298,217,151,221,439,525,849,165
448,255,358,273,177,252,402,678,887,165
666,413,492,388,291,389,476,702,906,166
259,172,292,209,140,204,273,705,871,166
502,395,166,129,101,137,359,271,817,166
472,243,395,288,171,250,446,687,880,166
503,413,103,72,55,84,402,287,349,166
420,267,214,155,100,147,378,346,835,166
694,459,289,226,162,218,427,566,846,166
253,155,213,174,129,163,433,379,853,166
543,359,264,191,139,204,381,659,878,166
613,423,253,203,153,197,418,346,850,166
639,451,246,195,145,190,389,347,854,166
455,312,246,180,128,182,374,376,842,166
545,385,169,128,95,129,340,351,839,166
519,377,186,150,118,148,335,347,850,166
461,279,266,195,127,188,387,706,871,166
240,180,206,165,136,167,322,331,838,166
466,304,213,160,110,156,389,475,860,166
481,285,414,290,187,282,446,668,889,166
721,470,337,236,156,237,426,493,864,166
316,230,181,142,121,155,454,362,840,166
556,390,220,184,142,173,405,339,855,166
490,321,245,164,110,176,361,331,824,166
626,340,357,286,178,242,469,766,898,166
551,343,337,242,162,236,421,673,883,167
202,134,192,133,87,134,348,356,837,167
622,426,252,188,138,194,422,332,834,167
541,362,309,231,147,201,297,690,882,167
381,258,293,209,150,224,408,550,857,167
268,206,195,135,104,158,283,345,814,167
647,468,291,237,190,235,467,469,863,167
697,420,315,230,155,225,438,683,869,167
410,248,408,306,168,241,485,666,893,167
455,261,406,272,172,274,449,729,875,167
726,484,304,268,185,220,426,418,855,167
530,268,332,247,122,183,359,701,889,167
536,388,471,317,235,367,487,547,871,167
617,311,389,269,175,271,547,615,882,167
628,433,239,195,136,173,402,361,865,167
719,420,391,299,197,271,421,650,877,168
332,275,141,102,88,124,383,224,691,168
387,260,214,163,124,170,386,353,849,168
556,336,391,310,187,244,479,724,874,168
381,216,296,248,154,201,367,679,871,168
658,347,291,213,114,171,437,705,848,168
575,392,248,195,142,189,412,457,859,168
491,361,178,133,104,143,376,347,803,168
543,348,315,246,176,236,402,630,854,168
516,287,355,277,173,239,478,626,867,168
715,454,278,219,155,202,399,641,859,168
285,170,187,138,102,143,444,351,825,168
527,307,244,188,124,173,462,438,860,169
678,440,372,287,196,268,437,698,884,169
252,181,180,137,110,149,297,426,834,169
481,307,344,282,196,248,422,589,862,169
341,276,258,180,126,189,465,386,830,169
551,292,330,236,146,219,479,711,879,169
663,401,391,274,182,274,467,715,893,169
613,431,244,187,138,187,392,492,846,169
446,341,182,142,107,145,333,335,854,169
287,185,276,206,147,206,374,344,850,169
630,418,288,199,137,209,470,517,868,169
377,239,334,282,204,247,436,490,859,169
583,432,176,137,106,142,372,381,839,169
556,385,219,172,118,159,376,501,836,169
478,336,268,207,154,208,383,537,860,170
463,338,230,167,129,180,467,418,864,170
499,384,209,180,143,170,365,403,853,170
507,253,480,350,177,253,462,860,910,170
536,367,264,217,150,195,379,323,860,170
673,437,273,219,167,214,423,524,861,170
612,308,156,108,54,85,345,728,445,170
365,261,236,179,131,180,347,468,854,170
552,399,216,177,131,166,396,355,801,170
296,194,332,234,159,238,416,507,853,170
544,393,221,173,128,165,390,353,837,170
491,365,265,186,143,209,365,334,848,170
390,271,195,151,108,143,477,347,834,170
725,454,302,226,153,214,413,547,878,171
589,393,177,124,80,122,398,688,515,171
570,362,350,268,174,237,417,606,864,171
442,339,187,143,129,169,453,360,820,171
598,444,254,181,142,208,402,443,825,171
636,362,474,337,212,327,452,1021,898,171
407,258,254,184,126,178,367,525,842,171
504,252,338,252,176,253,510,582,861,171
508,319,304,231,152,216,398,658,878,171
317,205,248,177,120,186,377,436,853,171
537,375,231,171,126,180,394,400,856,171
553,373,248,192,144,190,395,509,839,172
353,199,349,269,173,239,391,710,899,172
270,187,205,157,117,155,338,329,835,172
552,311,445,328,210,311,508,704,875,172
419,282,205,172,131,157,372,372,828,172
612,355,413,322,171,234,303,1006,905,172
269,166,287,189,119,194,482,337,856,172
473,324,218,164,119,160,383,346,838,172
610,385,318,262,178,217,414,547,853,172
266,184,228,186,127,166,294,486,851,172
382,285,293,188,145,231,406,478,853,172
478,334,299,231,178,233,410,562,865,172
367,238,236,173,121,174,330,489,850,172
599,401,323,255,165,220,649,2,577,172
396,241,334,231,156,240,389,577,842,172
534,336,303,238,164,219,461,367,846,173
733,472,342,256,176,243,428,685,867,173
401,261,197,167,128,154,442,347,824,173
482,354,151,111,87,122,354,366,827,173
461,354,203,154,116,157,343,329,822,173
466,294,401,313,198,272,290,935,897,173
511,318,247,186,126,172,409,488,866,173
379,270,187,141,107,147,380,373,847,173
219,164,171,129,96,135,305,343,820,173
449,278,268,197,136,199,409,569,843,173
545,371,262,208,156,202,364,340,838,173
465,329,226,176,130,169,362,485,863,173
586,463,179,120,93,145,404,333,832,173
427,302,157,125,93,120,350,364,781,173
336,267,163,141,114,134,340,321,775,174
611,428,210,140,100,154,361,339,846,174
479,313,324,223,158,244,403,475,855,174
658,343,466,349,215,305,539,732,887,174
352,200,353,253,150,231,415,676,885,174
395,285,179,152,119,144,366,350,829,174
511,348,248,192,132,185,358,499,849,174
450,319,274,192,139,210,362,467,849,174
622,361,350,268,174,242,433,552,864,174
558,373,255,176,121,184,481,370,860,174
373,253,190,147,109,146,364,356,827,174
720,408,390,285,181,261,453,694,877,174
298,218,223,155,122,180,373,336,844,174
698,390,577,430,252,350,383,1013,908,174
453,311,326,239,165,240,395,604,879,174
226,173,169,134,108,141,295,347,796,175
471,263,230,174,100,147,358,696,887,175
505,261,328,240,148,218,434,690,868,175
363,298,218,169,144,187,494,103,550,175
300,210,187,132,99,147,336,340,823,175
397,199,373,304,184,247,435,706,899,175
289,168,307,239,152,202,366,521,858,175
452,273,235,193,123,161,461,350,858,175
297,205,226,176,131,175,381,358,842,175
633,371,368,291,188,251,422,684,872,175
183,160,130,98,91,119,381,2,399,175
343,224,197,148,102,145,375,348,849,175
392,267,337,252,186,259,449,442,867,175
463,352,205,152,109,156,347,346,824,175
676,397,340,242,148,223,423,568,861,175
371,246,290,223,152,202,284,689,872,175
264,191,248,182,132,188,309,481,846,176
522,313,346,257,166,233,399,544,854,176
498,289,260,187,127,193,476,353,847,176
581,375,273,193,128,188,416,415,864,176
476,240,375,291,176,234,508,710,861,176
518,283,342,267,162,224,417,706,863,176
379,299,124,91,78,108,351,394,794,176
651,436,241,208,146,176,411,271,833,176
532,365,225,165,119,167,404,364,832,176
489,327,284,215,157,225,466,580,865,176
524,385,223,169,129,175,339,397,819,176
449,252,179,137,97,130,496,359,792,176
649,443,196,146,104,149,379,358,845,176
535,265,469,358,198,289,452,719,877,176
459,281,474,332,208,310,440,848,891,176
685,462,269,192,127,193,369,489,850,177
514,359,185,138,107,145,367,355,849,177
651,433,346,271,172,238,383,408,845,177
415,290,257,190,142,202,397,574,878,177
611,403,238,186,134,177,358,706,879,177
331,224,154,124,103,128,389,119,568,177
539,349,286,227,155,203,418,595,853,177
663,402,275,202,133,191,436,488,852,177
361,247,240,185,138,183,372,353,868,177
720,429,323,261,174,229,472,618,863,178
297,237,158,141,121,133,328,275,821,178
499,328,225,167,112,161,390,362,839,178
450,290,299,213,131,180,559,406,851,178
521,349,212,144,102,163,440,365,837,178
332,232,258,193,147,207,339,413,837,178
489,341,203,161,125,161,354,385,854,178
663,399,494,369,232,335,508,683,858,178
642,420,382,280,199,287,441,483,849,178
604,387,173,135,99,131,449,343,830,178
376,177,399,276,150,235,481,694,885,178
359,212,294,211,134,203,478,593,865,178
465,284,237,163,111,172,400,475,842,178
396,304,159,110,89,132,395,259,797,179
403,239,354,251,161,251,397,680,860,179
483,261,407,302,187,271,501,718,893,179
307,218,246,188,136,187,325,451,865,179
522,338,392,312,204,268,505,692,891,179
381,260,188,141,103,145,415,408,850,179
651,480,191,164,127,152,402,345,825,179
516,372,193,139,107,156,457,384,833,179
327,229,222,171,124,168,395,382,845,179
335,267,149,119,103,128,312,337,823,179
713,427,203,161,103,133,467,401,859,179
396,309,120,97,80,100,393,358,804,179
364,262,260,181,134,202,389,398,871,179
507,356,255,190,143,198,369,335,855,179
511,291,378,300,202,258,304,828,875,180
491,284,222,164,116,159,528,336,819,180
649,447,275,199,142,206,400,411,867,180
393,265,250,220,161,193,392,367,824,180
629,362,297,212,129,195,414,587,846,180
417,332,206,153,123,170,300,324,833,180
444,276,285,203,109,166,460,362,827,180
416,296,208,155,115,159,350,339,834,180
452,344,189,148,123,159,365,344,823,180
278,214,157,123,102,129,305,343,831,180
500,326,389,281,206,296,526,723,876,180
342,231,187,140,107,145,360,352,839,180
684,380,322,244,144,207,432,648,855,181
380,235,268,210,165,220,470,357,846,181
306,250,115,79,64,95,295,381,603,181
495,359,186,132,95,139,376,361,832,181
463,252,441,323,200,288,406,648,875,181
398,239,314,235,159,225,410,658,875,181
366,265,191,139,108,154,375,362,850,181
204,172,117,94,80,99,536,2,469,181
535,279,432,305,155,231,511,626,858,181
313,205,262,207,154,199,333,678,883,181
366,232,268,195,132,187,400,350,869,181
406,241,415,309,198,284,408,650,888,182
502,353,184,150,114,143,386,349,837,182
399,285,171,133,102,132,355,311,816,182
411,297,313,242,209,271,454,191,722,182
631,448,248,190,142,194,402,445,861,182
643,471,250,219,175,203,403,404,849,182
343,242,235,171,123,174,371,347,831,182
347,259,195,145,111,155,348,346,843,183
532,397,193,162,130,157,358,354,835,183
520,322,259,212,151,193,470,385,844,183
508,300,200,137,91,144,545,359,819,183
567,400,230,177,129,172,402,393,850,183
436,312,240,186,138,184,377,335,840,183
588,306,555,407,180,272,472,1011,918,183
311,187,303,219,153,223,397,487,854,183
371,291,178,133,106,146,373,350,850,183
492,243,348,261,172,240,496,587,873,183
468,338,217,165,117,164,361,414,855,183
595,413,291,213,155,216,399,356,836,184
351,208,221,156,96,148,455,475,864,184
482,331,187,146,101,138,381,372,836,184
505,373,248,206,166,203,454,350,842,184
726,463,277,213,150,207,498,507,865,184
407,268,342,270,191,257,475,714,867,184
351,242,372,268,185,262,600,4,589,184
634,357,440,368,232,295,449,670,886,184
395,225,323,252,157,213,442,607,878,185
604,321,584,422,194,289,506,725,894,185
374,218,336,248,152,227,395,539,882,185
621,412,276,209,139,194,395,460,842,185
474,275,436,317,178,269,432,596,877,185
398,265,196,144,106,149,349,348,822,185
612,398,358,262,178,255,415,604,867,185
448,383,102,77,69,89,383,220,428,185
583,413,180,147,111,140,393,369,861,185
429,316,223,165,131,178,378,355,838,185
692,439,268,182,114,181,394,372,855,185
271,202,214,147,113,174,324,335,827,186
381,208,263,222,150,182,408,424,868,186
662,442,276,228,152,196,375,552,848,186
641,433,168,126,97,134,473,285,571,186
646,473,235,180,140,188,397,497,841,186
593,387,368,260,186,279,407,554,878,186
303,223,163,120,94,131,353,343,834,186
377,251,203,169,123,154,355,360,844,186
370,231,329,256,188,251,446,342,851,186
685,417,319,272,206,244,511,473,863,186
547,319,221,183,134,168,477,347,833,186
466,307,237,171,128,181,398,540,864,186
398,256,163,126,87,114,304,358,824,186
427,306,196,164,126,158,359,357,830,186
715,429,446,331,218,313,459,712,904,186
661,365,359,288,165,223,429,651,862,186
578,400,209,175,129,161,405,355,829,187
286,150,286,219,135,192,370,609,857,187
382,284,284,202,160,233,444,410,846,187
415,273,337,259,181,246,409,618,863,187
454,305,249,198,140,185,283,685,869,187
603,353,493,353,219,329,376,1023,895,187
354,227,304,225,151,214,388,460,864,187
529,324,250,205,144,181,400,581,866,187
409,275,216,169,116,160,375,352,843,187
694,438,232,182,128,170,475,371,835,187
506,253,354,249,148,227,434,795,897,187
381,277,232,178,139,190,387,356,853,187
388,274,197,150,113,154,377,451,835,188
499,304,401,290,193,269,399,852,881,188
633,419,363,275,175,250,405,640,865,188
365,261,215,170,128,165,315,457,840,188
613,408,249,177,126,186,423,448,854,188
420,250,280,195,131,203,400,452,842,188
494,350,162,113,81,119,440,215,542,188
443,325,200,152,117,158,326,330,839,188
321,238,227,172,129,171,374,480,854,188
438,310,242,171,117,180,388,355,846,188
682,365,483,358,232,333,430,1023,887,188
273,194,222,169,128,174,399,432,862,188
642,392,241,185,127,177,494,353,833,188
353,262,332,240,179,256,258,617,838,188
402,276,239,190,142,186,372,342,838,188
505,382,207,156,128,174,371,360,844,188
467,323,223,163,128,182,420,350,841,188
341,222,255,190,136,194,446,381,835,188
412,282,276,211,147,207,354,523,844,188
647,399,284,226,154,201,431,658,877,188
532,298,334,259,155,216,435,679,871,188
711,432,291,214,122,181,397,713,846,188
285,210,115,94,74,91,593,0,146,188
538,339,332,274,202,257,437,467,870,189
524,396,218,169,130,172,368,334,840,189
625,440,229,181,127,172,398,553,863,189
582,421,268,204,160,217,384,414,844,189
284,231,175,129,109,148,309,359,841,189
379,253,181,138,79,107,477,349,796,190
585,392,287,231,176,226,410,542,866,190
496,337,276,205,143,201,376,498,834,190
527,380,210,159,120,166,358,340,852,190
410,229,348,279,170,230,417,727,870,190
349,263,249,190,155,207,367,350,821,190
241,155,267,218,147,191,185,702,869,190
441,316,223,161,124,180,355,354,844,190
430,263,319,235,152,221,408,494,861,190
551,354,311,248,172,232,364,694,887,190
529,343,214,168,116,156,392,351,852,190
441,293,209,144,105,157,388,372,849,190
568,342,403,289,188,268,484,483,877,190
572,409,211,166,130,170,381,350,842,190
433,261,315,229,153,223,376,538,860,190
406,218,416,302,168,263,484,731,891,190
661,466,262,197,142,200,397,376,851,190
474,312,295,212,163,227,525,365,849,191
616,449,201,150,111,156,395,365,834,191
461,322,228,175,131,176,391,370,821,191
407,307,152,116,91,123,311,341,824,191
632,365,325,232,132,205,427,668,873,191
595,376,337,270,195,250,490,657,882,191
387,257,209,153,118,166,441,349,836,191
435,246,273,194,120,180,383,418,851,191
728,470,357,274,187,259,421,602,870,191
263,188,232,176,127,175,262,480,863,191
686,465,271,185,131,207,391,373,824,191
301,160,292,212,116,176,405,734,887,191
528,420,153,117,96,128,323,353,848,191
672,409,293,215,138,203,437,580,870,191
474,334,200,155,116,150,364,334,814,191
579,378,269,202,152,207,379,594,861,192
403,253,253,196,125,172,446,356,853,192
355,252,198,146,109,150,441,380,827,192
422,304,203,161,126,164,377,344,851,192
417,270,305,233,167,224,395,386,853,192
565,341,394,300,198,280,437,723,874,192
563,378,229,165,116,169,399,361,858,192
376,248,203,169,122,151,378,363,831,192
644,374,355,280,186,242,447,681,885,192
680,428,399,273,149,234,536,429,851,192
468,319,240,193,140,180,456,123,534,192
520,396,184,166,126,147,324,345,820,192
385,267,202,159,115,154,395,356,849,192
677,416,295,210,139,202,421,702,883,192
252,224,100,75,69,92,395,82,502,192
447,343,215,165,143,188,466,407,865,192
550,285,341,241,150,226,495,615,867,193
420,240,301,229,158,215,356,670,867,193
340,205,271,207,148,199,415,425,864,193
426,246,319,247,155,218,439,648,875,193
384,287,215,159,123,170,345,345,850,193
607,369,274,223,144,190,416,503,858,193
668,423,359,268,166,230,398,647,879,193
392,281,220,153,106,157,378,344,845,193
522,297,498,356,218,325,448,704,927,193
729,437,327,253,162,222,429,628,887,193
532,380,282,207,157,219,389,600,873,194
545,272,400,292,167,245,521,663,895,194
334,227,297,207,143,219,410,393,856,194
360,250,205,159,123,164,458,354,829,194
621,439,271,225,167,206,389,422,852,194
542,334,260,197,135,188,381,520,850,194
420,306,273,215,155,208,350,506,859,194
330,204,230,168,112,164,367,421,851,194
533,352,126,97,62,85,422,718,473,194
288,177,246,178,107,156,500,344,797,194
562,368,212,163,114,152,446,345,847,194
277,163,279,201,128,186,409,392,850,194
405,272,234,176,129,177,389,480,850,194
405,275,199,154,110,145,347,347,967,194
324,188,391,285,175,255,439,664,872,194
359,291,186,142,112,151,317,348,834,194
316,197,359,250,169,258,442,385,865,195
320,227,204,169,121,153,327,330,835,195
377,244,419,311,214,304,379,647,869,195
568,396,185,143,104,141,374,355,846,195
492,360,197,142,104,151,361,352,821,195
564,279,468,357,198,288,471,724,884,195
641,424,403,308,233,315,523,720,878,195
720,394,488,368,225,316,457,725,879,195
513,403,114,93,75,94,322,342,832,195
615,423,271,207,153,208,413,509,836,195
455,292,285,201,132,205,396,375,850,195
453,333,158,122,92,127,327,341,766,196
407,253,196,144,103,147,367,361,829,196
374,249,388,297,198,273,460,696,861,196
386,252,189,146,105,141,372,360,847,196
330,178,262,199,126,181,401,423,851,196
347,223,310,228,148,218,413,420,860,196
301,228,137,112,88,108,337,315,823,196
368,230,295,211,144,211,393,625,871,196
663,449,315,243,169,230,468,418,830,196
335,209,196,148,106,146,364,349,842,196
531,342,243,195,143,184,397,492,868,196
432,271,163,111,80,121,477,710,863,197
359,278,174,138,109,142,362,335,852,197
477,294,252,207,139,178,389,438,849,197
687,444,248,189,127,177,393,355,861,197
429,320,179,132,107,151,342,348,851,197
579,322,428,325,190,268,425,657,879,197
155,145,134,150,144,126,283,1,237,197
429,307,223,160,120,173,397,354,832,197
391,227,331,240,161,241,399,531,865,197
316,201,278,241,163,197,331,589,857,197
389,257,236,199,147,181,378,374,860,197
685,441,422,291,197,302,449,510,871,197
582,356,332,245,167,232,360,653,858,197
487,347,188,150,106,138,366,419,828,197
563,358,373,298,241,307,508,652,889,197
391,319,147,113,99,131,340,353,834,197
479,291,294,223,155,215,412,376,833,197
412,253,252,203,147,187,455,351,850,197
260,178,258,201,149,195,223,566,830,197
514,359,246,175,122,185,439,342,834,197
459,302,207,156,112,155,355,567,863,197
432,273,232,161,109,169,405,470,856,198
638,405,284,227,166,217,485,340,862,198
270,196,292,228,159,214,273,575,857,198
659,443,246,186,134,186,407,406,864,198
493,313,304,215,148,225,453,663,865,198
420,206,330,281,163,212,482,574,869,198
368,256,303,226,157,225,448,512,864,198
553,364,321,234,164,236,556,355,850,198
573,395,234,180,137,186,372,331,833,198
333,228,234,181,136,183,332,475,846,198
546,364,279,218,150,196,503,440,852,198
422,274,343,246,173,252,431,468,863,198
324,234,203,163,132,166,423,349,831,198
697,390,507,395,243,320,470,1023,921,198
313,208,340,261,168,225,471,644,868,198
450,337,128,94,72,103,321,347,741,199
680,412,430,322,187,265,500,803,898,199
397,268,288,234,166,212,381,445,852,199
395,276,186,139,105,144,328,351,815,199
638,447,290,216,170,236,473,601,849,199
469,276,372,266,167,259,422,682,892,199
288,214,180,144,108,139,375,352,816,199
717,488,341,261,177,249,422,492,863,199
654,354,476,385,229,296,466,1023,929,199
487,297,175,133,92,127,359,522,868,199
594,384,267,186,134,204,504,396,864,199
508,378,225,186,147,181,376,499,844,199
287,180,335,253,166,238,249,612,871,199
469,338,176,138,105,141,353,339,789,200
427,291,226,161,119,172,457,358,842,200
541,379,225,173,133,174,388,373,846,200
423,195,311,237,138,189,538,338,839,200
288,198,192,143,100,144,379,353,834,200
380,225,382,308,191,250,417,624,878,200
654,435,263,217,155,191,425,523,850,200
425,220,324,237,158,227,389,645,890,200
494,325,242,187,129,179,391,548,837,200
448,325,223,169,126,175,373,346,848,200
464,302,323,255,197,263,471,621,871,200
610,411,440,317,218,321,501,649,896,200
366,262,380,265,191,288,446,677,896,200
417,302,205,154,113,160,379,389,846,200
321,185,376,264,161,247,432,624,871,200
329,245,155,120,86,115,296,350,795,200
505,344,336,265,174,231,292,693,884,200
487,315,446,308,208,317,520,717,899,201
195,149,162,125,100,133,265,333,833,201
636,409,307,210,146,226,443,587,872,201
379,250,321,244,169,237,412,471,863,201
599,440,162,118,89,126,355,351,777,201
276,219,217,168,133,176,319,331,828,201
333,281,115,104,88,98,313,342,833,201
552,366,282,206,144,205,415,382,848,201
635,370,282,238,148,189,416,580,876,201
484,309,264,172,123,200,374,562,855,201
517,315,258,185,130,192,408,579,845,202
709,471,296,220,167,232,415,504,864,202
517,363,312,246,175,229,405,448,843,202
627,330,336,252,156,230,422,660,856,202
477,328,223,183,135,170,456,352,845,202
488,324,287,232,162,210,399,505,862,202
502,332,263,213,158,202,490,346,836,202
434,251,346,246,162,243,405,602,885,202
531,450,139,106,87,117,411,1,201,202
391,250,239,188,129,178,358,549,855,202
475,281,353,270,182,254,430,646,877,203
682,451,319,235,160,230,447,552,854,203
388,234,290,217,146,202,373,594,885,203
427,286,270,201,133,191,298,540,864,203
581,359,314,212,141,225,410,600,839,203
501,331,133,94,69,100,354,736,613,203
558,386,278,204,168,228,522,410,846,203
562,327,224,174,132,175,512,367,840,203
358,250,185,138,115,156,416,348,851,203
661,426,244,196,128,169,447,373,831,203
677,438,255,186,127,182,412,384,840,203
394,249,242,179,121,176,394,531,847,203
251,163,312,241,164,217,319,605,876,204
486,316,280,227,161,212,368,456,855,204
654,394,364,258,169,253,434,596,873,204
302,207,200,161,122,157,374,361,828,204
336,243,154,108,81,124,336,351,811,204
513,414,141,95,81,122,371,244,695,204
391,328,100,68,57,84,355,223,677,204
279,205,179,132,107,149,335,336,813,204
513,258,311,236,143,205,444,624,883,204
658,479,239,185,140,188,395,366,839,205
663,451,219,153,102,155,499,345,825,205
586,392,343,237,170,255,414,539,834,205
302,212,288,207,154,225,451,364,826,205
481,284,349,263,169,240,388,513,868,205
374,268,239,176,128,181,339,494,855,205
534,266,465,346,144,208,406,749,892,205
478,331,281,233,171,213,388,520,854,205
270,187,259,193,139,196,314,576,864,205
229,168,131,97,74,103,286,344,820,205
236,166,189,143,107,146,310,388,849,205
492,316,260,206,137,180,474,376,851,205
349,240,297,196,144,228,365,530,853,205
547,304,400,293,177,268,456,717,905,205
500,274,348,285,199,254,515,713,877,206
427,225,327,245,154,228,421,729,878,206
321,194,163,124,87,120,447,373,815,206
453,281,310,239,157,218,504,347,845,206
452,334,172,128,101,141,372,344,843,206
458,293,354,278,175,241,350,660,877,206
443,280,298,253,162,200,317,679,853,206
415,247,223,176,125,163,400,351,852,206
380,212,266,208,141,189,388,485,873,206
679,389,540,406,252,349,455,1023,938,206
585,368,353,272,185,255,427,528,864,206
387,275,234,178,143,190,424,418,849,206
356,257,192,141,122,166,470,349,832,206
536,412,202,166,133,166,331,341,843,206
537,347,338,248,171,244,410,615,872,206
602,328,354,256,167,245,544,496,858,206
281,208,188,148,113,149,344,244,828,206
489,354,230,174,119,161,393,342,848,206
342,195,300,235,131,188,383,701,884,206
486,274,292,215,139,206,495,504,859,206
418,234,334,260,166,233,384,531,805,207
440,263,349,256,158,238,448,460,842,207
448,313,210,159,116,162,393,353,847,207
399,279,301,220,155,225,344,466,875,207
347,258,206,143,115,169,423,349,816,207
455,266,413,280,169,272,446,695,899,207
583,408,228,169,130,179,391,440,866,207
435,327,171,133,105,137,340,275,819,208
453,257,311,237,158,222,523,481,849,208
408,304,201,133,101,158,378,342,854,208
241,177,172,115,82,132,352,349,843,208
500,320,239,188,132,171,414,539,841,208
249,191,163,126,103,132,289,346,824,208
258,203,210,149,117,169,512,7,477,208
479,337,282,200,160,233,516,384,838,208
668,452,352,258,180,252,436,715,872,208
395,250,310,236,163,223,430,703,890,208
682,461,350,246,176,267,484,617,939,208
607,392,289,225,144,196,400,558,864,209
389,260,198,177,116,139,498,350,890,209
433,261,313,222,150,224,372,539,867,209
311,263,172,132,113,148,513,11,488,209
424,286,350,255,176,252,296,634,869,209
336,239,168,128,95,133,349,357,832,209
343,212,172,129,91,126,443,354,845,209
521,361,279,202,142,206,416,519,862,209
385,272,292,201,161,244,487,344,851,209
318,234,204,163,133,168,357,375,841,209
588,365,300,216,147,219,475,519,854,209
420,313,186,166,133,152,348,340,831,209
592,309,316,224,119,183,367,870,905,209
417,194,233,173,111,154,460,412,858,209
449,305,258,212,150,183,384,333,839,209
596,411,252,193,145,193,410,444,851,209
271,202,204,149,118,164,316,403,846,209
320,241,188,140,108,148,338,351,841,209
535,346,210,172,109,138,458,335,852,209
531,392,163,137,108,129,322,339,828,210
570,378,313,250,181,238,397,572,873,210
452,223,144,99,61,93,382,648,866,210
605,440,203,149,116,160,386,358,843,210
262,191,159,121,92,124,299,345,844,210
446,294,215,166,124,167,454,339,850,210
310,194,271,220,166,209,364,483,856,210
316,210,220,169,121,162,311,372,843,210
357,283,209,162,132,171,346,329,826,210
504,240,357,285,138,183,310,899,889,210
409,321,168,132,106,135,316,342,845,210
397,269,130,104,73,96,325,345,767,210
551,396,236,185,141,186,383,365,839,210
434,285,212,161,117,161,364,351,834,211
443,240,262,200,131,182,507,349,836,211
645,387,333,228,149,229,518,586,867,211
330,240,196,142,107,155,350,343,834,211
477,336,249,190,144,193,383,497,858,211
663,366,418,294,187,293,466,901,878,211
438,275,208,164,114,148,444,349,831,211
279,172,282,220,139,192,226,684,869,211
554,367,385,288,191,276,458,528,859,211
564,382,218,143,98,160,357,514,858,211
368,286,169,141,120,147,342,333,796,211
535,333,275,204,139,200,391,545,827,211
559,415,154,129,103,126,349,353,840,211
721,433,438,356,213,285,436,696,876,211
377,215,308,225,132,200,418,460,865,211
623,376,283,221,151,201,426,475,865,212
467,262,404,291,169,259,443,676,902,212
474,248,330,274,175,224,431,702,892,212
331,238,253,193,134,184,445,376,833,212
338,203,239,176,117,171,470,381,847,212
462,328,131,107,81,103,362,343,825,212
718,469,337,253,179,251,408,387,857,212
353,207,227,170,113,162,362,431,877,212
462,339,135,107,84,110,317,353,731,212
569,359,299,233,169,223,400,552,854,212
585,320,358,264,170,246,451,703,871,212
498,283,329,269,180,235,430,672,874,212
401,242,315,264,165,206,337,705,880,212
484,357,185,145,112,147,382,356,838,212
704,445,150,112,72,102,353,724,449,212
527,367,219,156,123,177,390,458,850,212
557,338,226,179,119,159,494,363,856,212
375,241,238,170,113,170,386,426,828,213
350,280,164,114,89,133,309,348,832,213
391,286,207,152,114,162,379,352,846,213
526,318,343,261,192,261,446,596,859,213
695,375,427,328,210,293,450,690,885,213
323,208,296,200,136,216,270,695,862,213
619,355,315,263,153,198,374,687,878,213
553,273,416,323,221,290,437,869,899,213
431,291,429,323,201,286,633,7,593,213
406,253,291,223,156,212,390,529,870,213
275,190,202,132,103,164,370,350,838,213
640,400,345,248,162,237,393,722,858,213
216,178,145,110,93,121,248,348,822,213
249,173,285,219,155,212,386,349,858,213
397,278,161,129,94,118,335,350,831,214
364,261,144,120,92,113,317,332,811,214
358,248,165,113,81,127,348,348,814,214
671,460,341,235,165,253,508,669,892,214
526,305,223,164,108,156,413,369,866,214
288,189,248,179,130,189,392,366,846,214
215,163,195,142,116,160,309,363,829,214
220,162,184,136,100,142,302,354,831,214
457,287,232,172,115,166,385,418,832,215
668,448,301,256,186,216,460,479,861,215
555,320,336,264,172,230,394,692,875,215
422,260,251,194,133,183,381,328,848,215
395,280,176,142,108,141,328,341,828,215
687,463,288,219,165,226,409,454,860,215
411,325,185,138,114,156,367,349,820,215
375,248,195,137,102,151,385,348,848,215
261,189,166,122,94,135,312,349,811,215
473,276,292,237,153,202,406,518,856,215
239,188,204,163,117,155,339,352,782,215
416,286,235,186,128,172,339,485,841,215
410,318,164,129,107,138,333,343,833,216
355,294,152,106,90,132,331,365,615,216
302,211,192,141,111,154,372,356,848,216
331,230,224,176,133,176,330,392,830,216
414,274,312,224,153,224,415,498,855,216
561,377,302,219,154,222,486,403,844,216
517,372,214,181,138,162,457,400,850,216
646,382,261,197,117,170,500,364,843,216
438,279,363,279,184,263,408,506,866,216
650,399,259,213,153,187,434,467,849,216
523,377,230,178,134,180,376,309,846,216
720,391,182,137,85,123,430,1023,594,216
385,249,205,151,108,155,394,352,841,216
331,268,158,124,103,134,319,291,822,216
372,265,155,126,97,123,371,347,818,216
505,276,337,259,154,219,435,681,873,217
640,417,291,232,163,217,421,529,861,217
491,355,155,109,85,124,371,345,855,217
550,277,152,89,47,89,494,602,836,217
324,205,206,146,102,151,402,355,870,217
496,353,248,197,147,192,373,333,839,217
499,309,341,268,175,244,422,634,870,217
527,337,288,229,162,213,416,437,863,217
703,442,296,221,148,213,415,454,851,217
301,213,163,125,92,128,329,349,816,217
487,333,256,195,145,196,395,466,808,217
199,137,163,130,92,117,258,328,836,218
714,425,315,229,150,216,422,434,852,218
592,362,266,199,130,184,409,383,847,218
395,271,171,126,86,122,429,328,852,218
681,373,344,248,157,234,491,635,858,218
507,281,260,188,124,182,473,402,839,218
613,342,479,350,195,287,419,1023,908,218
601,379,257,201,135,188,386,544,848,218
381,259,230,167,117,167,391,427,859,218
361,309,147,111,96,126,395,71,392,218
455,275,278,205,143,200,392,585,873,218
496,333,249,176,126,188,411,447,856,218
411,280,184,155,122,149,437,363,839,218
419,278,293,222,156,216,376,613,870,218
726,490,318,230,161,237,419,483,881,218
511,397,225,170,140,191,371,347,848,218
656,461,213,182,133,160,367,359,831,218
486,306,225,176,121,163,421,401,861,219
456,287,268,201,132,185,414,365,626,219
338,226,235,159,116,180,385,348,846,219
481,325,236,170,118,175,395,482,867,219
629,377,312,231,150,214,403,608,864,219
582,404,204,165,115,151,404,347,841,219
279,207,163,125,101,133,365,345,805,219
581,414,203,157,125,163,383,500,850,219
417,318,287,206,167,235,449,518,844,219
458,352,211,159,126,168,347,352,839,220
401,285,175,135,108,139,375,390,826,220
490,236,363,284,153,205,292,725,863,220
494,306,164,123,81,114,452,351,836,220
520,288,211,160,111,151,337,794,812,220
626,351,387,295,181,250,414,630,875,220
449,297,318,247,170,234,424,441,842,220
385,269,233,163,114,173,372,331,849,220
400,284,219,164,126,175,359,431,858,220
541,391,239,183,134,185,379,343,870,220
697,460,287,204,143,212,467,462,867,220
515,391,245,191,153,199,484,350,832,220
509,382,244,190,136,185,427,414,847,220
498,266,378,297,179,248,545,568,880,220
578,409,249,194,139,184,399,463,871,220
432,259,292,217,149,214,410,566,860,221
281,203,231,180,130,175,268,445,841,221
433,196,229,180,81,122,646,0,97,221
402,299,115,89,65,86,187,680,432,221
442,259,276,211,139,194,418,626,881,221
417,263,206,140,93,145,460,353,857,221
374,201,422,325,183,265,417,714,886,221
452,302,196,154,115,151,356,345,828,221
261,163,262,215,148,188,234,703,869,221
656,426,290,209,146,211,417,506,865,221
215,181,98,72,61,83,297,175,814,221
449,249,323,262,171,219,424,703,872,222
291,228,158,142,121,135,331,341,829,222
488,295,221,177,120,162,397,491,843,222
460,246,295,242,163,205,400,689,879,222
260,173,217,155,101,149,335,414,834,222
443,298,265,197,143,193,445,391,849,222
405,226,357,266,174,245,433,481,865,222
612,437,328,257,194,254,418,571,867,222
552,306,362,270,163,230,456,721,878,222
718,450,486,404,260,332,487,643,870,222
282,185,311,216,140,222,333,478,849,222
426,327,148,102,82,123,396,235,504,222
462,308,320,248,184,245,496,518,841,222
466,306,279,224,158,204,372,534,871,223
580,393,253,185,131,189,402,379,852,223
499,347,245,193,144,192,390,396,851,223
602,429,251,201,154,194,428,345,851,223
322,216,164,123,92,129,330,342,836,223
530,304,367,295,199,259,437,474,883,223
299,163,219,165,112,158,360,423,841,223
390,316,124,91,78,107,323,349,827,223
701,432,348,254,182,253,545,505,870,223
221,169,169,129,105,137,282,330,842,223
577,369,219,166,113,157,388,338,838,223
506,347,274,205,152,213,467,447,849,223
351,208,250,192,126,173,378,409,847,223
494,375,170,136,113,143,338,334,825,223
455,341,215,170,136,173,362,362,840,223
409,284,295,216,158,221,461,473,856,223
386,282,210,165,124,167,359,326,826,223
708,489,301,232,172,232,419,563,854,223
422,269,280,209,147,204,375,397,847,223
630,383,318,244,146,201,387,626,856,223
486,292,268,181,120,182,478,353,841,223
731,471,277,218,146,203,402,358,853,224
449,288,284,226,149,200,416,566,855,224
536,398,188,164,122,146,378,357,849,224
317,207,198,161,116,146,347,339,838,224
318,216,292,204,145,224,409,449,851,224
332,204,338,242,155,235,403,669,878,224
730,466,299,240,164,214,419,575,866,224
252,184,247,178,117,181,465,344,857,224
685,436,281,234,159,204,426,371,853,224
554,317,360,289,185,249,409,549,859,224
614,389,278,220,176,225,412,462,833,225
627,417,262,206,155,201,403,444,851,225
231,193,184,140,115,154,296,340,841,225
392,252,237,189,138,175,381,344,844,225
236,164,226,187,140,172,295,328,839,225
480,361,204,158,121,165,343,351,842,225
434,263,299,233,156,216,399,498,840,225
469,368,225,186,148,178,352,349,828,225
538,349,186,129,103,152,466,351,846,225
260,193,166,124,94,127,276,343,824,225
509,357,178,136,101,139,356,348,819,225
299,227,221,150,119,184,336,156,775,225
443,253,371,303,190,252,438,703,876,225
563,364,246,179,123,182,497,340,843,225
654,380,379,308,189,254,507,612,875,225
522,350,181,139,106,142,409,361,854,225
440,282,261,214,146,193,384,353,843,225
238,165,148,109,94,127,404,186,775,225
664,426,223,162,114,165,386,371,831,225
622,341,313,245,153,211,406,670,864,225
256,198,177,140,103,142,308,342,834,226
304,211,296,218,148,219,267,644,864,226
436,331,206,183,138,157,364,346,846,226
445,263,301,231,156,211,419,519,858,226
275,177,190,139,97,135,369,341,840,226
359,242,211,161,125,169,348,395,836,226
578,388,221,177,134,168,397,350,839,226
436,286,290,210,132,199,311,641,875,226
473,234,378,287,143,193,383,715,883,226
426,267,235,183,118,167,404,367,868,226
343,245,221,173,115,158,318,467,850,226
153,153,108,71,73,110,366,2,201,226
395,270,188,145,105,145,318,338,835,226
389,263,183,150,108,135,373,222,809,226
367,292,165,127,106,141,365,333,807,227
372,306,104,80,65,86,389,147,653,227
604,357,407,332,219,286,419,664,890,227
491,378,164,128,104,136,448,353,670,227
513,368,278,175,133,224,386,361,842,227
442,257,272,199,138,195,385,535,859,227
511,339,272,201,154,215,434,566,841,227
414,317,151,124,94,118,341,353,831,227
392,273,212,159,123,169,357,335,844,227
456,320,271,210,155,211,368,343,828,227
560,368,278,189,125,192,389,454,854,227
505,285,386,266,175,273,453,712,858,227
727,464,290,220,163,222,438,440,866,227
279,161,328,249,164,226,256,676,862,227
450,295,360,269,197,278,478,408,860,227
608,418,209,158,112,155,464,450,843,227
459,298,305,238,164,225,419,470,840,228
334,250,186,145,118,152,331,340,823,228
401,278,111,92,67,83,330,347,667,228
624,438,227,155,111,171,396,338,846,228
541,374,235,177,135,187,401,348,834,228
356,241,194,140,104,150,387,384,841,228
290,198,257,194,130,183,378,507,863,228
655,371,356,294,199,255,421,618,870,228
584,369,257,202,136,186,434,617,862,228
269,195,177,127,102,145,334,334,827,228
439,297,200,141,105,155,378,427,834,228
535,362,338,269,194,254,387,662,861,228
518,347,218,176,125,161,379,375,838,228
511,335,307,236,171,229,400,467,857,228
479,350,191,150,115,154,353,357,828,228
639,431,292,228,169,228,410,424,844,228
485,304,237,180,118,171,387,387,851,228
324,172,322,244,151,213,338,719,883,229
593,373,243,200,129,165,385,466,830,229
286,220,169,129,103,140,300,346,822,229
328,234,254,187,135,192,408,357,835,229
233,165,230,174,127,174,174,590,849,229
491,338,253,180,122,186,375,389,856,229
532,339,245,158,103,173,393,562,846,229
347,233,159,129,95,122,369,351,837,229
525,378,226,192,144,174,360,340,841,229
430,299,324,236,181,248,472,535,859,229
694,381,459,333,199,292,484,720,893,229
695,489,161,134,97,121,408,344,815,229
496,357,248,180,141,204,403,355,811,230
692,407,419,303,200,299,422,605,895,230
590,357,277,217,143,192,378,698,856,230
314,241,260,182,152,218,488,127,443,230
591,357,292,232,156,205,411,604,869,230
552,373,300,215,159,228,446,510,846,230
409,299,225,158,128,182,485,356,828,230
711,473,276,196,134,199,381,402,840,230
472,355,197,154,124,164,353,333,824,230
408,310,154,124,102,128,351,353,823,231
355,225,262,204,140,192,406,392,831,231
462,361,251,201,155,199,414,438,853,231
551,402,211,170,128,168,384,342,850,231
521,383,218,188,152,179,374,344,832,231
449,346,170,134,106,140,348,346,820,231
646,354,390,277,179,270,407,676,885,231
559,337,319,236,161,229,395,480,872,231
488,300,319,232,166,240,421,560,887,231
624,344,151,113,67,97,311,691,511,231
360,222,275,223,159,201,362,659,872,231
359,243,286,200,136,211,389,610,856,231
632,380,299,217,139,212,412,523,862,231
590,365,299,226,151,212,430,606,868,231
328,179,304,221,138,205,441,518,866,231
390,259,183,132,90,132,369,350,847,232
513,336,298,224,160,210,388,432,866,232
236,218,102,76,73,97,332,1,203,232
622,386,331,234,162,242,449,525,830,232
563,312,277,223,139,186,436,633,860,232
523,336,212,153,108,158,361,345,859,232
557,349,343,244,170,259,432,627,867,232
474,295,274,210,147,200,425,453,853,232
368,263,202,153,115,159,373,348,838,232
491,341,198,143,107,154,379,363,837,232
357,229,238,177,119,168,359,422,859,232
483,306,235,164,111,166,456,381,843,232
523,367,224,169,116,164,412,374,853,232
611,409,248,179,131,189,419,502,863,233
409,313,180,143,109,139,342,340,850,233
212,200,131,87,84,124,368,3,411,233
656,373,360,286,188,252,426,665,888,233
579,311,379,271,168,251,455,698,907,233
403,276,165,132,97,126,377,358,823,233
475,290,370,275,187,270,412,618,869,233
527,381,176,131,98,141,371,353,838,233
609,383,258,200,138,187,395,436,848,233
563,399,217,155,120,172,396,402,853,233
682,382,513,416,269,358,380,1023,895,233
583,329,315,250,177,230,449,470,873,233
562,339,226,171,118,166,480,356,853,233
244,146,288,236,155,198,358,494,865,233
499,355,206,150,115,163,372,359,833,233
661,446,296,202,136,217,441,460,853,233
432,304,192,151,113,149,404,338,833,233
547,386,263,198,157,212,380,475,851,233
572,336,381,279,174,254,426,658,877,233
440,286,224,166,120,166,429,414,848,233
385,248,283,222,150,202,279,626,860,233
345,271,178,146,118,147,350,351,813,233
594,404,287,201,144,217,428,491,853,233
229,175,170,126,100,140,299,344,840,234
307,216,186,139,118,159,434,459,828,234
555,366,201,161,128,161,482,352,898,234
351,225,256,210,152,196,391,472,855,234
487,308,234,164,112,165,394,389,857,234
435,301,218,168,115,159,369,401,852,234
475,285,313,261,185,229,382,621,868,234
632,417,271,198,146,205,471,527,822,234
378,280,210,163,122,163,385,359,839,234
721,463,366,270,193,276,435,682,869,234
377,285,211,146,113,165,347,341,840,234
453,289,247,190,129,178,347,581,862,234
685,457,215,170,123,162,405,449,852,234
422,332,153,119,95,126,341,347,796,234
643,383,315,234,144,218,429,608,860,234
610,396,320,223,152,234,480,412,845,234
485,344,226,188,143,172,381,377,831,234
594,379,301,216,148,220,427,542,863,234
274,188,177,120,81,128,354,352,830,235
397,275,293,195,138,222,428,347,850,235
581,442,188,143,113,155,358,357,840,235
531,341,225,189,136,165,385,354,834,235
613,397,260,206,142,186,412,438,855,235
326,232,185,134,109,151,456,356,852,235
670,467,270,217,158,202,380,347,828,235
294,217,145,107,85,118,311,338,837,235
230,173,110,90,71,89,386,229,708,235
576,330,213,179,111,143,373,752,766,235
466,337,208,153,114,161,368,359,842,235
358,228,271,195,137,198,395,549,851,235
305,208,178,147,113,141,353,342,839,236
444,307,226,155,117,177,374,353,831,236
582,407,234,181,121,168,407,332,808,236
475,312,265,197,147,199,396,357,822,236
324,227,374,297,219,292,576,9,566,236
608,317,504,381,223,309,388,1023,883,236
622,384,305,224,152,217,363,679,860,236
538,340,157,122,82,111,365,336,847,236
580,464,204,135,122,185,449,151,720,236
595,377,312,221,130,199,378,676,892,236
566,432,205,160,126,165,360,462,809,236
629,319,369,273,137,198,343,879,891,236
301,205,215,148,103,161,376,364,846,236
663,404,420,306,206,307,424,612,883,236
502,339,287,226,169,225,415,532,873,236
311,275,116,72,61,101,442,2,490,236
429,300,172,124,94,135,359,357,802,236
562,375,255,189,131,186,398,496,851,236
708,446,320,271,194,239,444,576,882,236
405,226,297,261,181,205,412,412,860,236
300,208,211,168,122,155,352,357,840,236
673,413,325,274,191,234,443,447,864,236
581,390,171,128,86,121,391,368,858,236
447,313,207,153,117,161,359,338,835,237
382,265,230,171,122,174,404,344,828,237
326,213,391,278,167,259,380,649,879,237
358,272,117,99,77,93,305,359,763,237
369,215,320,246,162,226,391,549,859,237
661,432,263,211,143,184,461,414,856,237
363,198,315,212,131,206,428,537,871,237
399,281,190,132,91,143,353,339,835,237
214,154,254,203,145,184,315,353,834,237
616,378,350,265,176,244,394,665,884,237
233,192,107,79,68,91,422,73,380,237
395,257,165,133,97,123,378,357,859,237
679,454,281,206,144,210,405,329,865,237
722,451,356,263,177,253,517,517,851,238
470,358,160,132,107,132,351,355,832,238
543,432,180,132,105,148,352,334,827,238
443,313,211,170,126,161,362,487,845,238
259,222,144,97,80,122,532,3,477,238
590,340,500,373,212,309,487,682,889,238
233,177,164,123,95,132,258,321,825,238
679,408,331,247,155,223,425,426,861,238
323,213,302,214,153,228,389,516,843,238
616,400,332,276,189,244,470,631,865,238
367,299,120,80,70,103,471,127,543,238
461,321,218,159,109,159,448,351,829,239
452,311,286,238,180,225,401,320,859,239
393,242,265,197,142,199,397,569,854,239
336,250,218,159,123,171,368,343,839,239
575,419,195,138,108,157,393,464,844,239
604,414,254,211,150,189,429,575,859,239
496,366,257,184,141,201,375,338,842,239
404,251,289,211,144,209,401,431,850,239
202,154,271,190,142,209,248,532,858,239
499,397,155,134,109,129,329,335,827,239
409,206,231,190,114,148,640,0,114,239
399,342,273,185,152,234,394,1,208,239
591,418,182,152,110,136,409,344,820,239
467,279,284,211,142,199,401,572,859,239
264,188,186,139,106,148,321,347,830,239
396,274,241,196,147,187,451,348,872,239
479,341,187,134,102,148,373,342,837,239
399,282,200,141,109,158,359,353,840,239
569,390,277,200,137,205,402,427,843,240
415,251,329,260,170,231,462,665,886,240
518,363,209,174,123,156,389,350,833,240
325,248,190,142,124,161,440,362,827,240
313,193,201,155,111,151,396,404,824,240
553,319,366,288,173,238,423,646,862,240
528,339,284,219,151,212,438,358,850,240
328,259,207,159,124,169,339,341,845,240
378,244,302,233,172,227,441,492,844,240
424,252,341,247,164,236,527,377,850,240
607,348,397,298,185,260,420,754,895,240
526,380,217,168,132,170,403,393,845,240
611,440,242,191,140,190,406,353,851,240
432,345,143,111,98,124,347,341,828,240
387,229,444,305,176,260,495,694,890,240
417,304,169,125,93,134,345,361,826,241
480,268,408,330,234,307,441,597,885,241
602,345,357,273,170,242,423,695,864,241
598,441,168,141,109,129,349,358,837,241
551,373,275,200,152,216,401,367,851,241
492,372,182,143,118,155,376,345,847,241
634,436,335,237,179,258,435,624,894,241
476,278,346,253,156,227,489,520,861,241
343,270,114,89,71,94,352,359,767,241
708,398,361,259,150,232,492,606,873,241
462,334,168,118,89,132,361,348,832,241
472,319,227,163,115,166,386,490,849,242
692,392,292,226,167,230,500,449,854,242
408,235,279,210,136,194,403,399,841,242
339,249,248,196,126,173,385,345,850,242
692,431,298,224,158,216,427,704,867,242
574,367,334,236,148,223,449,576,856,242
540,351,269,210,152,204,416,623,856,242
580,331,304,250,159,205,432,721,871,242
628,386,401,293,201,291,448,679,876,242
559,351,363,288,188,249,459,2,175,242
484,362,154,124,102,128,407,345,830,242
530,362,330,255,185,241,360,694,877,242
330,200,266,175,108,176,465,422,850,242
605,319,375,304,189,254,445,705,886,242
680,386,354,269,175,240,428,668,883,242
363,238,251,211,154,188,403,441,857,243
422,284,217,154,107,159,347,352,836,243
479,306,243,187,136,185,399,478,863,243
570,363,256,193,128,186,423,425,850,243
530,395,149,110,83,118,323,343,749,243
516,303,433,311,198,290,502,663,897,243
554,414,231,163,124,178,353,353,824,243
563,297,383,278,152,231,476,716,887,243
389,288,225,181,159,198,456,352,839,243
300,235,148,111,88,123,308,356,837,243
598,325,432,333,201,284,497,697,885,243
508,344,297,199,151,231,405,492,851,243
358,269,251,156,122,209,455,335,842,243
531,323,329,240,174,242,414,534,862,243
495,311,285,223,150,211,386,574,843,243
628,434,289,235,160,214,399,528,859,243
727,423,295,221,144,205,435,638,853,243
635,438,255,184,130,187,420,410,843,243
303,232,179,119,91,143,304,348,823,244
297,198,195,169,127,152,325,340,842,244
592,388,305,249,148,181,510,333,848,244
661,411,342,263,170,235,539,607,888,244
691,454,256,183,126,187,403,359,855,244
561,387,236,164,125,189,390,391,834,244
498,278,389,325,212,267,423,637,865,244
478,278,263,192,128,188,402,602,866,244
515,389,234,183,139,184,593,3,566,244
504,353,215,160,122,168,409,351,932,244
436,323,211,164,131,172,382,357,836,244
516,377,249,176,128,193,351,327,839,244
717,432,374,251,161,263,473,706,884,244
515,315,482,341,223,338,462,618,866,244
617,376,347,235,143,228,404,579,907,245
557,347,258,230,148,183,401,428,850,245
365,217,332,262,165,221,312,614,887,245
519,341,475,356,249,351,497,723,897,245
465,325,242,175,130,188,410,458,831,245
448,270,238,173,114,170,352,579,857,245
448,249,368,294,177,237,430,679,881,245
567,383,240,179,127,179,388,509,852,245
528,436,162,116,103,144,454,233,505,245
604,404,217,177,134,169,427,474,777,245
504,297,265,201,131,183,355,646,865,245
484,320,311,218,154,231,383,495,859,245
321,205,282,197,132,198,496,400,858,245
361,273,236,164,128,192,389,346,858,246
358,226,343,257,168,240,396,622,900,246
537,405,238,161,120,187,380,338,824,246
331,235,128,82,55,91,425,354,847,246
592,401,218,172,128,172,403,365,803,246
512,358,282,216,151,202,326,714,863,246
381,275,197,139,103,151,374,351,828,246
404,300,214,143,109,168,353,334,865,246
492,311,299,220,140,203,403,372,867,246
509,360,266,183,120,194,364,347,853,246
579,332,390,278,147,222,442,467,870,247
516,357,214,149,111,167,388,344,843,247
517,345,237,176,141,192,452,699,856,247
380,201,380,299,179,242,430,702,862,247
557,421,168,120,90,132,357,345,801,247
609,374,151,110,80,114,426,770,886,247
217,180,136,106,85,111,237,350,801,247
474,290,332,241,156,228,434,419,878,247
372,290,250,179,138,201,337,503,840,247
448,315,198,147,113,157,363,341,832,248
546,366,296,214,157,231,401,511,833,248
496,375,188,167,135,155,374,243,839,248
440,298,197,139,103,148,350,348,839,248
389,297,288,203,142,209,495,404,856,248
427,337,178,145,113,139,364,365,835,248
491,304,276,207,136,197,422,528,863,248
375,287,190,123,94,157,362,345,833,248
526,363,269,182,139,210,408,339,847,248
450,334,143,100,80,116,363,353,670,248
471,291,207,161,116,151,380,336,847,248
499,367,188,157,129,155,398,354,841,248
579,320,505,334,209,318,416,1023,910,248
455,295,382,285,196,281,449,553,892,249
407,287,252,192,147,196,380,343,839,249
521,388,202,167,123,153,382,342,832,249
530,381,202,154,118,157,410,364,844,249
412,236,220,164,114,166,484,430,853,249
484,322,221,152,110,166,446,392,844,249
414,280,235,189,142,179,374,335,841,249
506,326,367,274,191,270,432,637,855,249
673,457,216,164,122,167,404,361,844,249
424,334,160,114,95,136,346,212,818,249
699,421,372,298,211,270,419,543,877,249
371,262,212,155,112,161,381,356,827,249
401,263,334,231,163,256,399,603,871,249
695,494,211,166,127,162,404,361,849,249
440,268,319,244,165,224,427,612,868,249
468,310,246,198,143,184,414,393,830,249
508,252,323,250,146,206,431,609,877,249
515,341,307,221,157,224,398,442,861,249
630,342,470,358,218,314,512,652,875,249
311,202,214,164,124,168,390,355,840,249
590,296,458,351,209,291,430,857,879,249
428,234,414,318,201,286,415,572,880,249
317,164,323,240,141,208,229,713,869,249
538,319,349,262,186,250,408,519,867,250
681,445,220,170,115,159,392,354,853,250
595,377,337,229,148,230,417,603,857,250
588,434,276,215,147,200,422,352,839,250
684,475,304,244,163,203,468,543,838,250
603,416,271,204,148,209,388,431,858,250
556,370,261,188,135,198,393,348,860,250
504,391,181,136,111,152,373,353,840,250
367,230,240,186,133,182,425,362,854,250
688,359,366,284,170,233,434,663,878,250
443,316,213,152,106,154,456,343,854,250
338,220,277,202,136,204,390,507,855,250
424,310,195,146,114,157,383,344,844,250
433,330,191,152,124,156,376,353,840,250
463,308,209,158,104,148,440,359,821,250
707,444,382,296,206,277,437,400,859,250
425,285,185,137,95,133,336,343,802,250
429,288,208,154,112,159,342,440,855,250
561,352,357,245,159,249,452,652,869,250
385,276,239,182,129,177,337,481,858,250
375,256,339,248,191,270,485,430,837,251
440,323,181,114,83,136,348,347,796,251
534,308,289,228,152,205,432,552,856,251
572,411,179,141,108,140,362,355,843,251
292,212,199,152,120,163,325,407,844,251
686,381,530,384,199,306,486,689,886,251
247,192,205,153,115,162,292,347,820,251
433,290,202,152,107,152,359,340,835,251
539,379,306,203,146,233,464,443,857,251
454,313,198,148,113,154,392,352,826,251
390,270,170,139,104,130,348,344,853,251
273,183,211,165,102,146,378,349,850,251
404,290,230,173,136,187,360,348,847,251
350,267,179,137,115,148,363,352,837,251
422,284,207,167,121,159,366,380,838,251
471,318,314,264,195,239,372,660,881,251
352,246,256,213,146,183,352,378,820,251
629,356,294,220,140,201,445,652,864,251
456,326,190,137,91,136,362,352,852,252
485,341,242,180,128,184,359,392,840,252
678,457,243,179,123,178,430,380,828,252
564,392,281,185,141,222,446,440,853,252
541,344,290,213,140,203,394,334,820,252
457,295,308,251,170,218,381,646,857,252
512,349,215,158,114,163,390,363,841,252
691,457,347,250,173,252,460,546,866,252
560,375,314,237,182,253,458,643,857,252
434,249,308,237,144,201,419,612,869,252
498,273,342,253,151,223,457,674,859,252
435,306,249,199,147,191,364,500,852,252
495,374,186,152,113,144,338,334,766,252
637,365,326,232,146,214,409,597,873,252
182,137,207,166,129,163,275,358,836,252
272,180,293,228,155,212,164,693,881,252
437,247,329,249,154,206,417,496,875,253
628,324,283,217,117,170,452,851,898,253
464,317,268,207,157,205,346,640,855,253
327,207,232,170,116,169,382,504,859,253
633,427,286,215,154,217,381,518,865,253
328,255,142,105,85,116,353,347,842,253
375,233,294,197,130,206,401,614,857,253
623,397,308,224,149,220,403,418,846,253
649,432,290,204,153,228,425,486,857,253
333,235,179,139,98,131,284,336,810,253
557,343,322,242,153,216,428,521,883,253
530,336,237,189,134,177,400,477,848,253
417,288,238,179,135,188,462,66,422,253
303,247,120,87,73,100,247,339,815,253
346,253,197,150,115,155,344,344,817,253
684,359,303,237,152,203,540,552,865,253
433,325,199,160,129,158,368,358,844,253
543,346,358,281,191,248,438,568,887,253
638,434,199,138,94,147,386,351,806,253
284,219,235,192,160,203,426,359,821,253
472,262,356,284,181,241,428,733,887,254
622,457,232,183,144,191,388,349,846,254
556,343,325,249,177,243,425,552,862,254
408,266,321,225,163,242,346,557,856,254
422,284,241,190,147,192,451,351,840,254
556,302,456,327,172,260,449,919,906,254
306,185,307,242,171,224,345,542,853,254
611,339,448,340,195,283,458,717,886,254
725,443,356,258,172,254,418,596,861,254
429,271,131,101,70,94,401,368,843,254
522,334,229,170,122,171,412,365,836,254
526,355,231,158,116,175,423,341,837,254
413,236,313,238,156,213,414,627,850,254
380,304,98,75,63,83,330,360,591,254
496,318,245,181,143,195,496,459,834,255
302,201,177,139,103,132,353,339,844,255
486,343,245,171,123,184,398,410,852,255
579,387,466,334,213,308,552,529,871,255
597,395,230,180,130,174,366,364,846,255
297,225,193,134,102,153,336,334,844,255
474,357,214,182,142,168,362,348,831,255
432,286,229,179,133,172,390,347,840,255
513,344,296,213,152,219,381,507,856,255
601,404,277,187,123,197,390,373,863,255
420,294,199,152,113,157,375,333,837,256
391,272,106,86,69,86,345,352,503,256
578,391,244,181,131,182,405,463,851,256
671,416,310,242,167,219,444,604,863,256
431,293,233,183,138,186,355,501,846,256
444,335,229,182,148,189,322,535,854,256
412,294,317,243,192,252,450,550,854,256
580,289,471,335,174,273,491,769,877,256
317,241,188,139,105,148,351,342,826,256
563,411,229,177,131,178,381,355,824,256
433,316,182,144,111,143,367,349,832,256
270,156,285,221,137,186,245,689,873,256
600,397,256,202,138,180,422,361,837,256
403,268,242,175,132,188,374,452,840,256
373,282,205,156,113,161,323,348,832,256
436,331,168,130,110,142,410,337,820,256
330,260,108,79,63,90,287,332,829,257
605,415,201,160,119,152,395,353,830,257
359,205,226,145,103,165,510,340,823,257
539,336,301,237,155,206,399,649,878,257
633,353,237,180,96,132,315,1023,894,257
692,400,257,177,106,167,492,1023,911,257
506,333,257,198,142,191,402,508,849,257
401,258,360,231,157,265,385,452,857,257
550,409,337,232,169,264,460,694,889,257
337,235,149,110,87,119,331,317,708,257
438,278,214,161,115,162,438,351,839,257
295,207,280,243,165,200,379,401,754,257
457,324,253,198,145,196,392,623,858,257
622,431,193,153,112,148,420,350,818,258
436,266,310,241,168,225,380,649,877,258
633,379,191,145,93,134,391,364,834,258
665,423,266,194,136,196,409,514,861,258
524,321,450,325,198,287,502,549,862,258
606,408,281,189,134,207,396,515,854,258
321,236,214,169,125,165,360,340,826,258
630,477,156,117,95,129,367,368,837,258
678,436,326,248,166,229,350,648,858,258
386,272,204,166,134,164,382,351,859,258
497,257,417,297,188,289,445,698,880,258
268,210,207,144,112,166,515,5,541,258
340,231,235,170,134,189,408,341,834,258
285,263,93,73,65,83,368,115,529,258
488,299,375,282,182,259,435,706,876,258
580,291,402,314,185,255,616,683,887,258
415,277,214,164,115,160,342,339,833,258
419,329,179,132,104,146,336,334,824,259
517,344,325,283,196,236,432,566,849,259
621,409,262,195,141,199,418,406,830,259
227,169,184,144,111,142,302,377,833,259
467,295,272,214,152,206,383,594,854,259
400,314,121,96,80,102,328,346,779,259
611,341,388,290,166,252,481,692,867,259
339,238,203,145,109,157,346,345,843,259
633,363,335,253,143,204,406,653,880,259
530,317,421,277,168,273,475,654,878,259
327,243,252,170,141,208,460,377,857,259
398,336,138,92,85,127,384,112,311,259
472,289,264,184,121,188,413,423,861,259
364,208,207,143,100,154,393,432,875,259
304,201,165,136,101,129,331,354,787,259
523,358,183,127,93,139,412,341,842,259
387,228,287,234,155,203,391,578,854,260
565,355,232,171,111,158,393,450,845,260
649,384,262,198,127,181,412,553,867,260
509,344,244,188,122,172,438,351,844,260
349,225,216,177,131,164,374,359,847,260
624,430,339,260,175,236,384,622,848,260
595,455,193,160,124,156,382,353,813,260
368,260,321,228,160,240,399,552,853,260
420,249,247,190,130,177,384,617,850,260
326,251,219,160,118,170,355,341,834,260
447,318,196,154,123,159,389,373,840,261
633,404,284,211,146,201,402,522,866,261
703,434,376,276,180,264,429,571,858,261
274,169,271,208,125,177,304,685,858,261
404,276,274,203,151,208,287,517,825,261
250,214,139,100,85,119,257,342,817,261
244,162,182,137,86,122,320,334,821,261
480,339,219,158,115,167,370,358,843,261
710,434,418,307,216,309,514,720,897,261
665,438,318,224,155,237,404,641,874,261
554,307,359,276,173,238,507,711,876,261
618,389,257,201,134,181,382,539,855,261
502,248,220,154,142,220,527,400,845,261
476,332,253,182,105,155,532,368,824,262
451,304,321,247,154,207,271,755,873,262
453,336,197,135,97,150,359,346,834,262
514,335,281,212,157,214,404,559,850,262
375,279,355,256,188,273,470,642,869,262
483,337,155,125,102,125,360,345,740,262
532,314,408,310,205,274,446,692,870,262
583,346,343,250,179,261,518,541,863,262
284,216,132,106,84,105,291,337,715,262
578,384,234,177,117,171,396,374,866,262
368,268,209,159,129,173,362,352,827,262
726,449,335,273,180,232,420,650,861,262
424,230,340,240,152,231,428,626,867,262
559,324,339,262,172,233,404,676,840,263
514,373,272,214,161,210,390,403,847,263
444,298,244,186,135,187,386,352,834,263
444,329,170,119,92,137,385,355,807,263
440,267,228,176,125,169,392,499,862,263
603,443,234,146,103,175,359,341,857,263
416,281,193,156,110,138,454,359,834,263
339,224,204,163,120,160,340,333,828,263
605,419,227,177,120,165,351,516,849,263
516,333,395,291,189,275,434,694,877,263
590,393,276,215,153,203,414,485,851,263
715,433,324,234,155,224,412,442,860,263
654,473,335,243,185,262,400,453,868,263
649,451,254,201,142,191,373,355,834,263
267,188,216,176,124,153,348,341,836,264
412,306,240,189,152,198,389,549,832,264
517,367,222,157,124,177,403,400,845,264
414,249,263,205,139,187,464,418,863,264
212,176,109,95,85,97,264,134,273,264
437,314,242,179,129,179,446,366,840,264
528,369,214,174,128,166,394,438,838,264
260,190,203,142,109,159,363,299,795,264
446,331,252,192,138,187,312,484,850,264
423,259,299,211,141,211,407,514,846,264
306,245,189,152,129,161,401,377,831,264
314,257,188,160,133,157,314,334,833,264
375,191,421,304,174,258,432,709,884,264
576,336,353,256,163,244,424,702,896,264
360,295,142,111,96,124,309,359,822,264
392,234,302,226,148,212,394,511,870,264
553,402,372,253,192,293,386,452,840,264
366,220,244,198,137,179,354,557,862,264
260,199,162,118,96,136,333,341,841,264
479,337,230,170,123,169,365,337,828,264
211,157,181,140,109,142,375,286,831,265
366,264,192,149,118,154,331,451,817,265
339,211,184,131,87,131,375,377,853,265
648,411,309,209,135,215,401,573,863,265
470,258,338,252,154,221,426,583,869,265
147,141,163,106,107,164,320,2,204,265
556,347,354,252,184,269,406,499,860,265
461,284,290,232,169,214,466,406,863,265
358,223,221,163,112,159,315,403,856,265
552,386,263,205,158,204,423,497,847,265
360,247,178,127,88,131,376,361,834,265
496,343,192,147,110,149,384,362,859,265
603,363,325,231,164,242,540,385,859,265
363,289,202,137,109,165,368,374,849,265
515,348,240,183,129,181,403,411,846,265
498,322,207,155,106,150,386,349,866,265
355,246,244,198,139,179,353,420,858,265
611,348,416,324,231,302,246,1023,897,266
294,185,265,187,126,188,402,445,852,266
571,352,277,198,150,221,482,387,835,266
609,365,388,302,197,260,463,695,890,266
424,307,213,173,113,147,347,337,844,266
475,386,127,91,78,107,335,247,806,266
459,335,168,137,105,131,343,456,836,266
445,308,231,178,130,177,411,484,849,266
401,332,161,124,102,136,394,346,812,266
527,356,297,207,139,211,361,575,864,266
650,419,331,240,166,242,420,665,889,266
586,445,229,188,153,189,373,484,856,266
214,136,246,178,121,178,174,628,863,266
387,227,236,181,119,163,370,353,837,266
649,439,291,245,153,196,386,614,849,266
710,416,356,278,183,246,439,712,878,266
646,438,312,213,154,236,400,427,849,266
453,303,315,230,162,240,384,374,846,267
664,482,245,177,135,192,393,363,844,267
548,349,273,213,146,197,407,518,857,267
536,293,410,321,193,248,374,845,883,267
327,186,300,233,144,202,426,687,867,267
616,460,208,164,133,173,382,353,836,267
589,418,277,209,143,204,351,588,857,267
543,402,160,143,114,128,378,359,836,267
656,372,396,304,188,258,442,512,879,267
512,342,243,174,117,174,355,331,845,267
495,360,157,140,106,120,345,344,822,267
238,187,201,155,112,148,359,329,827,267
421,257,352,229,146,254,405,441,827,267
403,244,447,329,187,268,443,641,883,267
373,233,253,182,125,186,355,387,850,267
620,435,225,180,135,177,384,380,848,267
510,347,259,221,143,180,511,346,843,267
436,233,347,240,148,233,424,672,883,268
564,330,289,208,131,197,411,512,858,268
718,460,346,262,168,241,429,585,858,268
440,322,224,178,138,176,371,354,849,268
582,381,248,186,121,174,392,357,844,268
432,289,260,204,148,191,384,342,837,268
566,428,189,150,119,156,379,349,822,268
275,190,165,127,95,128,321,253,834,268
587,382,225,168,118,166,378,347,841,268
567,334,247,183,113,166,375,312,855,268
320,248,206,163,127,166,350,390,841,268
529,400,209,155,123,168,378,349,842,268
603,389,359,272,189,262,460,527,883,268
485,322,256,190,135,192,414,488,837,269
458,328,419,265,194,323,495,286,620,269
442,341,163,129,104,134,346,348,771,269
395,281,196,159,119,149,351,394,848,269
431,285,262,193,129,180,480,446,850,269
483,352,197,151,116,158,467,357,827,269
477,278,338,271,177,233,416,636,872,269
580,375,351,253,178,258,401,628,865,269
540,389,203,161,119,162,369,341,841,269
445,303,257,196,138,188,390,348,840,269
508,351,289,202,146,219,393,436,837,269
410,316,192,155,129,163,342,260,720,269
434,203,285,214,133,189,478,635,862,269
323,241,196,148,118,163,336,334,823,269
322,237,198,142,100,147,346,333,836,269
579,379,338,273,173,210,479,354,836,269
178,154,133,117,109,122,383,16,330,269
292,191,250,206,143,183,270,559,850,270
568,365,306,219,150,223,412,429,844,270
430,346,110,77,63,90,304,347,651,270
480,329,214,153,123,176,445,224,805,270
342,225,423,297,186,283,419,564,874,270
513,387,262,185,154,222,443,340,851,270
579,382,278,207,147,207,387,555,860,270
243,164,295,208,139,214,282,580,859,270
590,402,240,185,125,169,370,506,851,270
452,340,189,147,116,154,366,340,850,270
530,267,546,398,212,307,562,317,871,271
375,266,211,136,109,177,492,356,818,271
502,337,218,163,117,162,401,469,863,271
428,282,287,211,154,218,379,605,856,271
359,262,283,194,130,204,374,344,850,271
289,246,159,119,101,136,336,354,833,271
260,194,229,172,136,188,318,337,822,271
340,231,269,195,148,211,479,471,865,271
275,222,154,132,105,126,319,373,835,271
502,359,240,149,104,175,386,347,851,271
644,351,392,314,200,257,450,716,879,271
522,427,242,176,153,209,435,2,201,271
403,276,266,219,151,189,367,2,212,271
386,224,251,183,117,170,360,612,858,271
237,153,276,213,148,194,269,537,861,271
601,427,324,216,148,240,437,592,863,272
551,371,315,238,161,224,431,526,860,272
475,332,271,194,148,213,454,356,850,272
315,177,288,217,145,201,372,600,850,272
325,217,265,211,161,201,366,416,870,272
319,209,233,179,124,168,402,350,856,272
556,355,314,245,158,214,497,348,850,272
286,190,132,101,61,84,315,684,424,272
342,287,134,83,67,111,449,7,417,272
407,266,126,93,60,90,329,343,657,272
395,283,150,115,85,112,353,243,800,272
445,339,296,206,164,244,453,198,860,272
654,357,418,282,167,253,438,602,867,272
683,417,338,276,188,242,423,718,872,272
515,336,225,166,111,162,390,536,832,273
315,231,201,153,123,163,350,349,836,273
595,437,201,159,129,165,384,349,859,273
461,301,239,171,119,171,389,526,875,273
434,294,288,202,146,220,372,485,852,273
253,159,303,242,150,201,191,690,868,273
604,419,237,179,132,184,389,347,848,273
694,483,306,220,151,216,443,533,853,273
683,462,204,154,107,151,396,345,839,273
291,229,198,147,115,162,307,334,820,273
483,232,239,180,117,165,485,375,854,273
556,356,271,194,131,196,423,571,858,274
527,298,468,325,183,280,456,684,892,274
407,285,183,138,106,145,381,366,817,274
551,337,279,232,154,189,335,643,857,274
435,327,259,180,142,211,371,328,823,274
701,436,339,265,167,231,406,376,841,274
439,283,227,183,147,185,488,421,829,275
533,401,259,199,138,186,411,338,831,275
312,251,180,153,122,145,307,336,844,275
606,410,334,231,160,243,359,645,878,275
620,397,236,185,124,165,419,354,849,275
402,271,229,169,123,174,463,356,859,275
530,359,246,217,163,188,367,380,847,275
342,230,171,128,92,127,381,352,856,275
265,184,171,116,90,136,368,358,843,275
188,180,125,93,92,125,363,2,223,275
570,307,363,256,158,238,489,635,846,275
622,438,218,171,124,170,385,357,833,275
547,320,498,374,233,328,501,708,879,275
355,201,319,235,145,212,424,683,872,275
490,394,374,273,223,315,506,212,815,276
429,335,171,142,107,134,319,320,821,276
704,457,531,379,288,412,484,839,907,276
300,170,287,219,137,187,349,686,862,276
348,284,115,89,74,98,326,359,747,276
343,248,205,166,130,164,345,339,852,276
399,261,121,99,66,87,337,361,708,276
380,217,311,237,150,209,418,593,871,276
499,369,222,150,118,185,382,348,856,276
497,354,216,181,140,171,398,414,845,276
592,450,485,352,287,410,512,228,516,276
312,204,246,168,116,177,386,424,853,276
402,298,208,157,125,171,368,361,839,277
640,434,236,179,130,178,372,341,835,277
529,388,187,167,141,159,372,362,825,277
664,373,383,280,141,216,233,1023,883,277
248,158,264,215,142,179,190,622,867,277
261,200,147,117,92,118,294,353,838,277
705,471,317,261,184,230,481,625,876,277
722,476,378,274,177,256,400,468,861,277
372,233,167,134,97,125,374,355,828,277
401,274,284,218,162,219,375,423,851,277
327,228,185,140,102,138,270,502,838,277
587,392,254,202,146,189,381,523,868,277
428,334,158,118,98,133,341,347,834,277
415,237,382,302,171,243,316,673,874,277
626,431,434,375,228,271,468,2,201,277
328,224,229,191,146,178,399,346,847,277
346,225,302,202,140,223,397,508,871,277
721,422,382,286,175,254,458,691,878,277
409,284,185,140,94,134,335,388,829,277
673,478,223,139,98,165,389,339,844,277
673,456,358,264,191,264,428,651,868,277
571,389,278,203,143,207,404,385,853,278
525,308,330,254,162,226,439,650,857,278
629,439,286,210,165,230,411,548,852,278
643,462,161,129,100,127,389,365,748,278
584,420,170,132,98,130,344,325,833,278
391,324,182,134,112,156,382,342,827,278
437,315,208,138,98,157,373,343,847,278
558,336,281,184,117,190,396,518,873,278
590,396,289,220,152,210,400,639,862,278
598,403,355,229,159,260,405,530,867,278
600,433,185,127,98,150,447,365,832,278
726,449,348,199,155,285,483,295,752,279
319,240,152,116,92,122,416,349,821,279
410,269,194,145,104,146,383,357,837,279
355,269,158,115,91,130,332,338,824,279
436,345,148,111,90,121,353,220,809,279
697,408,318,235,148,220,443,564,869,279
170,147,131,118,103,114,320,142,791,279
579,352,257,173,115,185,410,537,837,279
302,216,232,180,131,172,259,479,842,279
476,283,338,275,182,238,408,682,874,279
384,259,196,153,116,154,362,343,828,279
292,183,238,178,135,181,463,374,839,280
494,349,135,115,84,102,611,0,171,280
296,207,172,128,102,137,370,346,840,280
597,411,339,262,215,286,489,479,859,280
457,332,222,193,149,178,385,341,819,280
199,139,191,119,82,138,413,287,512,280
647,447,267,187,126,189,389,539,850,280
339,231,196,134,98,153,434,347,853,280
326,204,224,174,123,165,360,377,840,280
712,443,387,261,164,264,459,698,889,280
467,291,340,239,164,248,446,692,882,280
449,295,246,182,133,187,374,477,843,280
370,249,239,189,133,174,349,472,846,280
343,187,267,198,123,175,265,696,856,280
416,245,237,165,108,166,404,390,855,280
443,284,277,200,125,183,447,428,856,281
556,353,319,231,151,222,404,617,857,281
265,159,323,245,160,221,375,644,868,281
406,272,193,139,100,145,368,355,837,281
418,320,199,175,138,154,331,359,838,281
241,168,305,227,154,219,354,446,851,281
642,382,334,254,164,226,431,488,867,281
458,251,259,204,135,177,412,530,862,281
525,291,368,269,163,236,443,665,871,281
646,454,300,229,180,238,500,388,856,281
366,256,208,153,110,157,342,446,837,281
631,412,345,272,190,250,381,627,852,281
494,368,200,168,130,160,365,353,845,281
474,242,330,247,151,217,415,627,866,281
541,348,211,176,129,159,422,375,864,281
548,371,281,208,166,233,505,483,859,281
345,218,202,147,104,150,383,354,852,281
371,235,262,191,131,191,400,578,859,281
452,324,215,163,132,175,362,371,835,281
718,419,347,259,170,243,447,531,864,281
442,299,215,155,106,152,445,343,821,281
301,218,251,185,138,195,376,474,843,281
518,259,414,318,175,248,512,486,867,282
197,130,194,152,105,141,304,342,847,282
345,205,265,225,160,199,407,322,854,282
313,283,138,89,86,132,396,64,664,282
369,209,294,225,145,204,404,601,865,282
347,223,358,242,162,247,424,534,877,282
179,161,98,66,63,92,361,43,516,282
627,467,248,164,129,202,379,363,836,282
370,267,204,146,115,168,382,343,848,282
382,308,242,183,151,201,431,451,849,282
304,230,143,96,73,112,361,249,795,282
519,356,210,154,107,149,375,383,857,282
450,243,381,279,173,249,436,711,877,282
456,338,197,152,127,167,382,354,836,282
453,341,204,151,118,163,335,506,853,283
733,475,292,202,148,218,411,592,869,283
496,319,278,210,155,208,394,436,840,283
419,302,163,134,103,127,376,308,825,283
455,327,194,163,119,147,380,354,834,283
295,157,276,214,135,185,338,522,842,283
318,220,212,165,117,157,396,368,828,283
278,185,162,123,84,117,350,333,835,283
546,375,231,174,123,170,391,342,845,283
229,208,101,77,72,94,260,135,760,283
387,275,221,167,124,172,405,359,852,283
482,298,263,198,134,184,401,402,865,283
509,391,204,149,125,172,456,356,847,283
437,358,147,132,112,125,338,345,811,283
445,267,410,296,191,291,424,671,862,284
581,345,456,331,225,325,561,723,885,284
362,245,112,87,65,85,264,705,507,284
250,187,225,151,120,180,362,357,858,284
638,481,212,151,119,169,377,341,832,284
364,297,274,208,148,198,445,2,191,284
463,271,294,229,162,216,444,537,867,284
328,230,186,142,109,149,396,347,843,284
651,471,263,207,156,208,404,434,855,284
728,420,356,278,176,240,439,704,879,284
366,246,185,131,95,141,377,352,826,284
599,447,154,128,99,122,372,352,834,285
432,265,401,309,202,270,442,647,876,285
561,407,186,120,88,145,354,351,752,285
515,334,357,267,167,242,332,628,870,285
363,265,206,155,127,172,472,385,834,285
673,478,255,188,136,193,391,359,803,285
402,228,264,201,134,184,403,556,853,285
534,352,218,184,129,153,513,350,819,285
515,361,238,199,156,188,407,340,836,285
531,348,241,186,125,175,405,348,829,285
284,201,244,203,150,184,345,342,845,285
542,329,275,202,140,202,430,543,872,285
417,299,203,149,113,156,400,347,853,285
419,242,266,211,115,158,327,784,878,286
424,329,217,162,135,183,345,328,831,286
513,309,251,216,147,177,402,449,864,286
719,481,370,278,201,280,454,559,855,286
255,206,185,140,113,152,293,348,826,286
491,327,271,214,153,203,372,485,857,286
549,320,282,205,133,197,410,646,877,286
526,291,428,308,194,280,342,1023,901,286
348,274,122,90,79,106,315,348,807,286
443,302,223,175,133,172,386,349,838,286
733,471,353,275,194,262,485,430,848,286
356,230,338,247,169,243,418,668,870,286
586,423,230,170,137,184,499,338,832,286
423,288,291,218,156,216,418,382,845,286
555,391,217,168,126,172,368,346,848,286
429,228,258,202,141,187,476,477,850,287
509,372,317,234,170,237,498,565,878,287
489,307,304,227,145,200,366,682,879,287
521,424,205,141,119,176,350,337,847,287
664,437,337,253,176,249,430,598,879,287
364,273,211,169,138,171,487,351,831,287
478,238,414,295,181,273,498,696,884,287
415,293,332,249,197,283,507,360,843,287
480,319,217,158,111,162,377,354,843,287
322,253,190,145,114,151,301,312,850,287
356,229,184,124,90,138,360,347,846,287
593,352,414,272,169,280,439,676,892,287
626,365,378,317,199,253,462,702,887,287
714,397,387,281,167,248,525,606,875,287
640,372,432,314,207,307,457,609,874,287
406,253,225,172,122,165,389,363,854,287
465,324,236,170,126,182,366,354,830,287
434,276,203,142,88,136,409,359,862,287
213,149,216,178,142,170,313,337,833,288
378,230,197,147,119,161,472,368,853,288
604,354,345,255,176,249,414,658,884,288
581,420,241,193,145,184,364,387,804,288
439,328,235,177,123,179,368,340,849,288
505,259,230,164,122,175,495,584,849,288
438,276,284,208,146,209,467,586,866,288
418,250,247,181,133,187,475,392,834,288
516,360,247,180,135,190,391,504,849,288
492,321,297,238,179,231,521,352,838,288
560,398,274,192,138,205,392,348,855,289
404,352,148,116,105,133,407,2,196,289
356,233,245,215,159,182,453,350,829,289
528,357,221,165,116,162,492,361,836,289
373,273,301,229,174,238,382,477,837,289
545,288,365,264,155,238,434,612,880,289
632,420,296,231,177,230,425,546,866,289
471,279,357,254,165,246,439,648,862,289
599,397,249,180,131,190,415,589,850,289
559,401,196,154,114,152,384,358,827,289
495,363,161,128,104,130,375,348,825,289
658,461,271,186,132,201,390,600,880,289
283,195,215,166,127,171,436,411,834,289
464,343,170,131,103,135,369,357,836,289
368,229,210,157,112,153,407,347,839,289
275,207,224,161,118,172,598,2,528,290
475,272,217,144,90,144,491,603,882,290
385,252,429,310,205,302,431,676,891,290
454,313,141,115,88,111,361,357,827,290
581,371,281,218,150,204,405,624,869,290
270,162,257,190,128,182,375,324,859,290
381,278,145,115,92,118,364,353,804,290
477,333,302,220,154,220,331,619,870,291
688,392,353,260,162,239,481,690,878,291
619,361,361,282,172,241,422,642,870,291
185,167,145,122,115,133,361,138,332,291
657,419,246,192,125,172,420,475,856,291
520,372,236,183,134,173,393,362,829,291
439,322,162,131,98,122,351,337,838,291
683,370,381,299,170,235,418,711,901,291
416,222,316,230,134,208,408,470,878,291
499,370,209,171,132,164,346,488,859,291
521,266,462,335,199,286,450,694,883,292
698,437,250,192,134,183,401,654,868,292
380,260,272,225,163,203,402,404,835,292
494,319,250,193,134,183,410,442,852,292
563,425,223,159,125,179,364,411,824,292
349,200,273,209,142,195,364,572,858,292
465,273,347,249,159,234,461,679,863,292
511,349,200,138,99,150,373,404,835,293
636,428,330,229,156,230,471,555,867,293
616,481,135,109,90,112,346,346,811,293
422,320,177,124,96,140,359,366,838,293
296,234,133,95,78,111,337,147,793,293
532,383,219,188,139,166,392,344,839,293
395,260,193,149,107,145,372,340,854,293
685,456,242,169,116,175,407,486,832,293
307,211,171,127,76,109,482,231,851,293
677,451,246,208,143,173,409,588,834,293
469,341,184,125,90,142,369,341,823,293
611,423,260,176,132,208,408,369,836,293
491,327,190,131,110,160,493,374,833,293
194,149,172,130,96,132,313,346,824,293
409,267,258,192,131,190,363,422,862,293
211,162,272,191,138,204,399,439,860,293
632,391,322,234,156,235,427,565,870,293
405,323,188,123,93,151,343,348,833,293
456,301,209,165,125,165,393,332,822,293
609,346,194,146,75,114,408,1023,668,293
299,185,183,134,95,137,372,457,843,293
612,455,157,118,92,127,371,365,767,294
356,259,177,130,97,134,313,349,822,294
572,432,137,119,92,110,383,360,756,294
602,436,178,130,96,137,368,362,844,294
406,275,180,139,99,132,378,351,828,294
338,212,335,232,151,231,395,500,876,294
594,434,154,126,96,121,381,360,826,294
284,191,212,152,111,160,357,343,836,294
616,444,223,182,137,174,368,331,835,294
455,324,196,163,126,157,385,347,834,294
462,303,318,205,146,241,398,686,884,294
469,357,139,107,89,118,355,358,831,294
584,386,239,191,135,174,486,398,856,294
326,273,104,76,67,92,281,353,791,295
671,461,217,172,137,176,471,361,859,295
359,252,215,158,111,158,364,495,847,295
454,325,172,140,109,135,367,361,846,295
211,144,263,198,138,191,395,366,856,295
324,265,181,141,113,145,431,342,813,295
659,457,311,233,175,247,399,499,842,295
665,474,267,196,138,198,375,346,839,295
612,380,214,171,112,148,462,366,824,295
386,227,312,223,139,210,422,548,870,295
481,347,172,139,109,142,326,324,825,295
483,414,146,113,102,130,331,340,824,296
574,394,260,204,149,198,391,331,836,296
376,269,167,123,95,130,365,342,831,296
275,173,269,203,143,198,333,426,863,296
683,372,319,262,154,200,405,683,870,296
504,368,223,163,132,187,382,341,841,296
728,435,363,273,188,264,439,679,880,296
419,322,189,129,108,161,378,294,789,296
273,221,211,156,129,181,449,9,483,296
686,366,437,325,194,289,458,706,872,296
525,281,372,238,148,243,438,601,882,296
433,290,236,193,140,181,401,347,839,296
698,493,241,186,141,188,400,460,864,296
595,375,285,203,136,199,412,543,861,297
510,292,314,250,154,211,430,690,869,297
290,190,190,158,111,137,318,365,825,297
340,249,185,140,105,146,342,351,853,297
589,389,131,96,63,92,388,700,496,297
402,235,385,275,171,259,433,665,877,297
306,225,202,152,114,161,354,323,833,297
391,218,346,268,153,207,284,693,873,297
495,353,168,133,100,130,359,342,829,297
370,249,179,136,104,139,334,357,828,297
396,232,443,327,202,285,393,651,899,297
404,293,227,158,121,178,349,541,852,297
343,261,187,147,122,158,359,344,852,297
452,273,352,263,170,242,440,671,855,297
238,180,178,147,112,142,294,326,821,297
424,276,283,207,153,221,343,608,848,298
417,322,182,140,115,154,319,315,824,298
331,277,106,82,63,85,356,1,200,298
420,267,291,212,136,201,405,413,867,298
276,215,163,129,105,134,328,329,809,298
680,377,297,228,156,213,494,669,867,298
233,170,140,104,81,113,269,339,811,298
587,324,251,181,115,165,506,552,864,298
670,492,257,197,144,197,421,514,840,298
344,230,220,181,142,176,423,351,846,298
491,348,134,110,81,102,343,345,842,298
627,438,143,97,67,103,304,685,504,298
365,268,194,137,101,153,337,346,858,298
324,151,78,42,86,190,530,259,769,298
287,198,248,197,141,181,317,417,849,298
690,458,365,269,184,261,424,617,866,298
302,210,149,120,88,115,326,353,836,298
388,294,193,136,108,159,377,354,838,298
625,421,207,153,112,156,397,375,762,299
424,286,172,127,89,125,367,356,849,299
459,334,178,146,115,140,375,338,842,299
554,367,193,130,92,141,386,404,843,299
519,367,241,188,144,193,400,356,843,299
398,261,214,175,131,167,360,376,831,299
461,338,213,158,121,168,394,354,841,299
281,187,190,156,113,144,350,401,829,299
352,259,194,135,105,155,398,363,834,299
266,174,263,194,136,189,342,520,853,300
493,327,202,148,99,143,351,339,852,300
696,371,367,285,162,234,511,699,897,300
656,385,453,329,199,290,464,966,921,300
308,189,246,188,132,179,350,530,846,300
350,220,354,256,165,251,436,699,874,300
561,376,216,181,118,151,408,345,829,300
501,272,349,258,155,230,439,654,879,300
306,215,189,154,116,147,350,342,821,300
410,251,336,265,168,224,416,393,864,300
542,326,298,226,150,209,429,481,862,300
648,396,278,203,129,187,485,468,873,301
405,336,383,249,210,333,464,3,831,301
592,379,432,313,211,315,514,988,882,301
638,459,206,164,126,158,489,368,835,301
292,220,180,127,95,143,342,368,834,301
505,349,210,167,126,162,371,500,835,301
325,220,229,168,113,164,256,505,860,301
592,449,234,190,153,191,450,365,861,301
407,244,369,265,179,260,490,649,876,301
587,370,269,220,152,196,399,628,881,301
246,214,130,93,84,116,399,63,461,301
613,468,198,158,123,160,380,350,822,301
395,289,165,119,90,131,430,350,822,301
412,276,289,205,144,214,383,474,851,301
574,334,460,327,194,298,479,658,894,301
314,231,154,111,83,121,335,349,818,301
376,269,151,119,90,120,351,343,751,301
356,236,115,86,58,84,166,693,489,302
454,357,261,179,143,215,430,340,833,302
301,251,183,127,111,159,421,331,826,302
287,196,179,137,104,141,362,344,822,302
558,346,356,283,215,280,457,712,876,302
733,458,357,236,148,239,430,582,858,302
608,431,270,195,146,206,384,377,837,302
609,330,426,310,170,267,458,689,876,302
279,191,221,156,109,165,367,347,841,302
391,309,187,135,108,155,528,422,822,302
423,262,279,202,141,206,378,360,852,302
543,394,166,133,105,136,444,354,832,302
417,331,155,124,105,134,331,336,834,302
507,342,284,201,141,214,406,605,872,302
592,413,237,171,135,191,397,377,823,303
520,371,244,205,162,191,364,331,850,303
508,306,215,180,121,156,407,526,834,303
454,357,276,205,164,227,391,514,832,303
403,280,185,137,104,146,341,339,820,303
486,369,215,175,143,180,356,325,835,303
580,397,281,194,139,212,374,499,832,303
424,275,261,193,140,195,407,348,854,303
325,235,236,176,134,187,359,382,835,304
367,297,200,157,126,162,356,341,841,304
305,269,202,126,105,172,420,224,729,304
461,306,285,236,169,215,416,459,853,304
413,303,162,125,95,127,321,344,829,304
387,205,343,229,143,227,417,662,862,304
412,280,252,154,105,191,367,338,836,304
341,226,345,260,169,231,403,672,878,304
307,212,334,218,150,245,392,332,856,304
566,374,312,242,180,241,412,516,852,304
645,396,304,251,154,209,400,529,870,304
584,358,393,287,207,297,521,544,878,304
721,479,251,204,145,184,464,369,850,304
590,417,206,146,108,158,381,361,828,304
492,297,285,212,149,201,490,343,862,305
456,293,255,198,134,183,382,476,863,305
682,426,251,193,127,178,402,580,870,305
417,281,207,169,128,160,362,346,844,305
647,425,258,194,146,203,427,449,844,305
500,374,162,130,100,130,374,351,834,305
348,269,188,129,102,154,343,329,830,305
417,261,235,177,130,176,467,439,845,305
313,181,282,196,128,202,434,608,858,305
554,410,183,139,106,146,364,341,828,305
468,299,227,161,107,163,393,340,854,305
667,373,299,217,158,224,518,566,869,305
429,238,376,280,162,238,478,544,869,305
275,207,158,131,103,125,329,346,822,305
398,321,146,118,95,120,313,337,736,305
364,247,251,174,122,190,390,466,838,305
521,358,226,181,136,175,384,376,826,306
397,301,220,189,143,173,360,335,841,306
478,344,233,154,115,178,383,348,845,306
539,386,140,111,87,115,355,690,466,306
683,394,311,238,155,214,422,704,879,306
593,296,166,123,57,84,416,335,528,306
449,277,252,199,133,178,415,351,865,306
638,443,214,163,129,176,461,378,857,306
459,308,198,154,112,150,382,370,844,307
661,341,327,259,156,213,441,687,892,307
370,243,206,162,119,157,393,383,850,307
463,363,162,140,116,132,338,338,785,307
367,219,408,292,183,268,438,669,883,307
554,414,179,147,116,143,375,358,819,307
504,333,247,185,139,195,375,401,838,307
270,200,174,123,90,132,301,337,819,307
632,395,269,197,132,191,521,349,852,307
545,266,359,278,131,193,476,708,896,307
416,247,338,235,151,228,485,437,858,307
659,406,376,274,173,259,439,675,889,308
496,288,428,315,192,283,467,665,886,308
283,227,177,122,97,144,306,399,812,308
621,402,325,257,182,243,423,490,855,308
346,230,198,140,102,148,372,339,850,308
629,427,280,225,153,194,383,589,855,308
359,224,294,219,151,216,374,571,868,308
398,312,186,144,122,159,339,336,789,308
473,377,201,142,118,169,455,356,848,308
505,385,216,165,124,168,388,341,843,308
527,315,297,222,156,214,417,489,846,308
448,299,232,179,127,167,400,361,831,308
357,274,195,152,123,160,347,349,850,308
431,252,297,226,152,209,408,661,889,308
355,219,267,213,143,188,337,618,864,308
512,346,264,213,152,198,403,449,860,309
381,272,141,105,82,112,333,347,847,309
405,265,266,199,139,191,395,358,834,309
228,197,167,114,94,142,351,348,834,309
612,405,189,147,98,130,395,540,856,309
709,405,409,318,194,262,467,1023,879,309
435,314,196,163,124,155,360,347,844,309
511,376,198,157,118,155,345,333,831,309
480,326,206,154,112,154,379,348,838,309
427,263,262,189,115,170,502,432,838,309
443,298,202,146,103,148,378,350,844,309
336,182,177,132,92,127,475,362,836,310
575,315,397,292,157,232,411,673,891,310
347,248,232,174,129,181,393,355,852,310
519,311,316,240,161,225,375,670,869,310
528,398,167,138,113,137,368,344,836,310
496,345,347,244,181,268,374,686,883,310
558,419,137,101,76,108,320,359,680,310
360,231,212,168,108,146,347,413,842,310
426,339,163,124,101,133,319,323,825,310
396,324,160,107,101,149,471,19,368,311
364,274,300,199,143,227,451,331,846,311
578,457,391,267,205,314,506,249,669,311
474,308,283,199,134,205,411,606,869,311
299,225,131,109,81,102,284,344,727,312
679,457,246,188,134,180,422,497,858,312
550,398,166,132,97,122,387,361,835,312
347,240,256,187,138,199,397,471,847,312
500,382,184,151,121,151,374,351,813,312
499,259,288,202,117,185,616,2,126,312
308,217,338,237,163,246,405,584,872,312
403,270,253,175,123,183,346,483,855,313
584,447,213,159,125,171,380,343,831,313
373,258,164,122,93,129,350,340,818,313
426,256,308,241,161,219,488,700,876,313
584,422,243,189,146,194,384,341,830,313
406,291,183,141,104,140,358,346,841,313
611,319,337,257,148,215,448,679,873,313
699,451,282,197,141,212,427,600,863,313
594,290,384,263,176,271,531,417,862,313
653,494,366,252,205,305,491,241,592,313
398,310,168,129,100,133,303,346,829,313
416,294,210,155,115,166,362,345,845,313
446,283,223,174,117,156,386,422,847,314
569,379,347,243,172,255,388,579,854,314
544,322,335,260,175,237,430,574,873,314
482,340,216,173,131,173,399,461,834,314
606,416,222,171,126,170,386,471,869,314
614,351,422,305,180,266,448,702,882,314
361,266,183,127,90,140,318,335,838,314
394,276,215,163,121,167,355,338,845,314
325,195,182,122,81,128,400,397,789,314
526,298,317,235,148,218,446,600,881,315
557,362,256,216,147,182,418,351,845,315
655,445,217,161,113,156,390,359,846,315
469,266,179,177,77,99,452,1,163,315
480,311,325,253,170,240,416,583,872,315
543,397,205,141,109,167,385,351,841,315
688,485,252,185,135,193,410,380,831,315
656,400,216,154,105,154,399,370,846,315
417,286,209,184,138,159,447,341,829,315
224,133,189,131,111,167,519,27,661,315
510,363,202,171,132,159,438,341,831,316
642,377,316,225,137,213,456,473,853,316
549,380,216,172,127,164,419,406,859,316
291,205,171,127,97,135,349,352,826,316
560,355,253,203,167,210,525,580,872,316
568,355,247,188,125,176,418,356,847,316
342,178,354,243,140,221,464,690,883,316
581,367,274,213,150,201,463,553,874,316
533,379,239,167,133,187,578,9,508,316
472,317,227,183,130,170,387,360,824,316
430,296,182,142,98,137,417,350,824,317
485,288,281,205,132,196,428,497,849,317
345,264,114,95,77,94,325,225,802,317
340,229,189,147,105,140,373,353,829,317
431,311,323,246,194,258,461,533,871,317
647,453,174,120,97,141,427,313,764,317
368,285,190,147,121,160,360,336,815,317
207,159,140,116,93,115,258,336,808,317
372,322,144,108,99,130,366,1,195,317
525,349,315,213,153,238,392,624,864,317
588,324,449,312,193,300,468,713,891,317
604,446,291,206,158,230,492,549,878,317
328,199,242,209,148,171,384,334,848,317
614,418,226,171,119,169,426,352,841,317
477,347,183,155,127,151,431,348,801,317
267,208,164,132,106,132,259,352,809,317
184,141,230,176,127,168,215,532,852,318
282,198,220,152,107,164,354,335,838,318
424,236,301,233,153,209,462,582,873,318
464,273,272,197,136,195,413,518,861,318
407,295,180,122,90,140,360,349,828,318
352,250,256,198,140,189,300,595,855,318
327,233,187,129,100,150,353,334,819,318
454,280,300,224,147,207,423,624,852,318
408,257,296,229,171,227,457,558,861,318
293,185,173,116,76,122,388,375,845,318
333,252,156,115,93,129,324,356,813,318
291,242,123,100,84,104,542,2,196,318
691,494,332,232,183,269,486,268,816,318
565,395,260,204,144,191,332,473,863,318
384,273,249,185,133,188,350,357,834,318
473,317,199,156,122,164,459,346,826,319
585,416,307,229,173,237,407,587,852,319
658,380,336,272,183,240,483,615,858,319
729,451,239,181,113,163,414,339,844,319
337,223,363,240,152,247,419,501,860,319
472,352,173,139,110,138,367,346,855,319
555,377,161,111,82,125,368,344,831,319
408,280,209,146,109,159,389,346,853,319
606,364,279,214,141,196,417,709,880,319
511,336,490,371,260,346,352,1023,924,319
380,273,170,135,109,138,348,341,846,319
370,242,307,235,166,222,389,617,862,319
657,368,293,229,160,209,526,355,852,319
687,395,347,266,161,225,495,560,867,319
706,459,384,284,189,273,485,610,878,319
503,351,196,148,112,155,391,351,846,319
247,183,131,114,96,111,374,216,790,319
460,328,202,157,114,149,373,350,840,320
690,440,399,321,222,293,440,631,851,320
220,161,185,147,115,150,332,345,816,320
573,386,257,184,138,197,418,367,848,320
650,469,193,130,91,142,390,354,841,320
654,425,240,171,121,179,487,449,857,320
457,269,357,307,190,248,423,695,884,320
574,369,266,206,147,197,395,703,895,320
472,322,231,167,128,180,432,433,832,320
340,230,208,156,115,159,374,345,845,320
306,197,271,190,126,194,378,330,830,320
514,343,282,214,157,217,397,502,852,321
592,427,138,94,64,98,305,669,495,321
356,214,226,180,117,158,397,453,855,321
222,185,147,107,91,127,274,342,822,321
676,491,180,133,101,140,348,333,819,321
439,332,176,122,92,139,333,344,835,321
322,253,140,92,73,114,327,355,815,321
583,415,188,150,113,145,393,345,830,321
480,360,218,166,125,168,345,345,811,322
448,247,303,211,129,202,441,590,879,322
408,267,186,132,93,140,379,348,860,322
373,292,251,183,149,210,388,349,841,322
732,438,315,251,163,207,442,464,876,322
493,273,251,194,133,185,497,415,852,322
368,224,285,211,141,200,402,549,841,322
321,195,250,167,110,176,401,422,851,322
411,271,258,168,107,180,403,543,872,322
727,402,319,230,129,202,448,518,862,322
373,268,226,148,106,172,354,333,823,322
634,428,303,209,156,234,413,383,863,322
480,370,135,112,90,109,339,354,709,322
581,329,426,335,206,285,432,729,886,322
435,235,420,326,198,277,518,570,877,322
370,184,395,283,160,249,445,710,899,322
494,298,348,236,155,240,496,569,875,322
380,264,191,127,92,145,372,352,852,322
534,342,295,233,153,213,406,535,851,322
425,289,288,235,170,218,416,468,838,323
573,366,206,152,106,151,402,398,868,323
408,275,205,170,119,152,398,357,851,323
497,357,158,114,84,119,353,346,834,323
426,311,241,163,114,180,367,348,861,323
479,308,269,204,150,207,391,559,850,323
447,320,176,142,108,136,370,355,821,323
659,414,290,239,153,197,408,628,884,323
424,282,258,181,132,197,393,386,855,323
411,263,207,156,111,150,326,408,818,323
432,234,222,165,122,171,509,351,830,323
366,301,146,110,98,131,314,346,796,323
489,341,296,227,170,220,404,689,874,323
688,421,403,292,193,269,412,646,882,323
627,431,211,162,122,163,393,343,854,323
569,317,326,246,146,218,444,700,888,323
415,210,311,243,173,226,426,637,885,323
510,262,292,235,147,199,436,610,879,323
536,334,485,345,227,344,459,614,860,323
615,434,251,189,141,196,384,360,830,323
423,313,157,112,82,122,329,335,783,324
633,422,252,192,132,184,391,580,859,324
479,333,216,171,138,179,451,350,831,324
632,419,261,183,146,212,534,287,581,324
610,417,188,136,93,136,386,697,855,324
482,352,206,149,116,159,456,367,848,324
604,368,460,307,207,330,441,471,838,324
593,433,224,179,137,176,402,353,854,324
693,401,243,202,136,168,513,337,853,324
466,321,289,223,159,217,391,586,847,324
499,364,168,121,95,135,364,339,839,324
464,279,254,197,129,173,489,488,856,324
473,357,150,123,94,117,370,344,833,324
189,138,230,158,116,176,297,344,832,324
556,429,319,218,173,269,423,336,834,324
700,426,230,172,132,177,531,367,837,325
601,397,448,333,202,290,409,993,905,325
602,364,281,209,136,196,400,498,860,325
549,404,143,104,81,114,354,360,826,325
361,291,162,131,108,137,340,353,837,325
536,404,174,128,98,140,368,352,829,325
493,347,269,215,154,199,406,390,843,325
700,400,326,262,158,208,422,702,867,325
625,408,263,201,138,190,388,522,856,325
484,364,210,170,139,174,379,349,860,325
649,381,490,355,243,354,456,761,906,325
345,243,154,114,86,121,341,360,831,325
673,438,211,164,103,144,379,613,881,325
534,350,313,222,162,235,387,486,853,325
588,426,358,246,194,290,509,257,748,325
427,265,356,272,166,235,501,437,867,325
682,442,234,176,132,179,404,546,846,326
431,319,185,136,108,151,367,347,857,326
556,409,221,152,116,176,393,352,852,326
535,373,271,202,143,205,407,465,867,326
233,159,238,183,131,180,263,506,866,326
486,295,244,191,131,176,412,363,843,326
387,249,213,165,107,147,307,491,841,326
547,379,261,187,137,199,374,600,855,326
447,329,224,156,116,173,382,378,828,326
498,243,384,273,169,256,487,665,894,326
452,337,132,92,73,106,327,359,751,326
296,183,242,171,119,177,406,406,852,326
619,415,293,230,167,220,399,477,847,327
554,393,215,164,130,173,460,359,834,327
439,310,223,172,120,162,301,478,857,327
235,135,179,145,105,132,417,349,847,327
614,383,377,298,211,273,442,704,891,327
450,284,254,177,143,215,513,64,431,327
599,462,148,110,86,118,373,351,827,327
475,347,160,133,102,127,362,349,825,327
446,320,210,159,129,175,371,350,830,327
218,147,207,162,112,146,321,361,859,327
567,364,233,170,124,177,402,447,857,327
418,321,149,114,87,121,363,203,796,327
252,170,236,183,127,170,278,437,826,327
292,231,161,115,95,134,341,344,846,327
273,214,209,152,119,170,317,336,849,328
350,208,283,210,135,193,402,371,861,328
217,181,109,87,78,97,365,94,552,328
617,423,249,189,134,188,420,462,865,328
512,373,189,151,113,145,392,363,852,328
590,436,214,165,123,168,367,349,826,328
175,143,177,132,108,146,279,330,846,328
356,253,312,220,174,259,483,608,873,328
407,252,282,207,135,194,404,541,865,328
468,295,325,242,163,230,420,712,894,328
489,331,190,143,103,144,386,520,838,328
282,202,198,167,129,157,367,348,837,328
426,274,237,174,128,181,396,341,853,329
354,229,225,170,127,171,397,369,829,329
315,197,233,174,117,168,349,484,844,329
621,366,373,297,186,250,433,694,890,329
579,370,259,184,126,192,407,568,861,329
659,375,374,318,204,256,463,703,874,329
404,265,219,162,107,156,224,524,840,329
466,267,287,221,143,199,399,502,850,329
340,219,197,141,104,151,381,350,846,329
626,415,184,134,90,130,398,351,837,329
376,279,173,133,99,134,332,344,846,329
577,411,264,197,149,203,359,507,859,330
380,320,140,111,91,117,291,337,833,330
541,307,258,195,102,149,340,1023,763,330
674,440,316,261,196,245,416,512,843,330
461,315,222,177,130,170,384,450,855,330
548,391,239,155,109,178,401,352,871,330
313,218,153,123,93,117,356,341,822,330
513,347,233,172,129,181,398,417,853,330
657,396,376,251,122,202,487,930,885,330
645,361,402,321,208,275,451,737,913,330
256,210,135,102,81,109,255,348,812,330
719,455,398,296,196,274,433,655,867,330
355,295,165,145,120,137,343,345,830,330
302,222,231,156,118,181,384,425,865,331
405,274,297,212,154,222,287,496,832,331
413,272,264,205,153,203,486,402,852,331
411,262,224,181,124,161,406,359,839,331
485,376,387,297,253,332,556,209,834,331
596,413,173,134,97,133,381,365,842,331
384,272,211,153,115,165,373,341,858,331
454,337,182,133,106,152,343,344,841,331
309,240,214,153,121,175,348,334,826,331
650,466,218,185,138,166,404,358,825,331
347,230,253,189,137,195,378,509,848,331
334,240,160,115,91,129,354,363,824,331
545,316,490,322,204,342,452,748,906,331
492,315,295,234,158,212,423,468,864,331
323,235,130,110,81,99,308,362,823,331
609,439,241,172,128,188,388,350,829,331
630,400,193,136,85,129,463,356,822,331
431,333,194,146,110,151,349,315,801,331
627,442,209,149,104,154,396,355,839,331
412,332,176,130,109,151,356,342,831,332
440,335,200,157,118,157,376,365,830,332
607,421,249,175,129,191,407,329,852,332
395,265,232,180,131,174,386,444,851,332
445,341,176,135,108,146,372,352,822,332
595,380,327,238,166,244,396,498,855,332
500,339,250,212,146,181,391,389,845,332
331,234,210,158,121,161,351,340,843,332
469,342,230,173,130,185,398,378,833,333
308,185,278,218,147,199,273,628,861,333
609,443,220,163,129,180,388,532,860,333
570,422,212,172,135,170,395,338,838,333
380,277,317,238,179,244,480,319,839,333
380,295,231,170,124,170,325,327,841,333
270,186,143,113,84,109,283,348,823,333
619,401,215,169,115,156,369,444,847,333
656,442,281,223,154,206,406,597,874,333
329,251,227,183,141,182,317,371,831,333
725,410,355,266,180,254,459,595,860,333
472,274,383,296,189,256,462,703,894,334
476,298,311,231,166,229,443,457,866,334
548,383,329,222,160,254,521,547,855,334
407,220,327,231,144,220,414,367,859,334
539,338,253,223,156,181,412,491,847,334
400,237,234,181,121,159,476,333,850,334
493,267,269,209,135,186,420,704,881,334
427,285,272,209,148,202,385,684,868,334
277,191,209,161,115,161,372,332,829,334
305,236,284,188,144,228,377,487,859,334
464,228,226,172,104,136,319,636,801,334
314,228,180,131,106,147,330,336,825,334
360,213,313,233,147,206,395,611,869,334
414,308,197,154,124,164,359,355,839,334
511,339,218,171,130,169,443,345,835,334
530,347,289,196,139,215,388,577,863,334
538,403,193,139,106,152,382,357,838,335
543,387,226,196,143,172,392,455,727,335
342,213,187,135,100,142,473,331,858,335
492,305,338,270,183,236,467,678,861,335
568,443,134,108,89,112,342,358,819,335
550,357,196,160,117,147,472,354,828,335
531,309,443,334,223,315,471,695,892,335
714,420,133,100,64,89,379,690,473,335
674,364,437,310,186,287,472,683,896,335
579,400,119,96,73,91,443,380,833,335
685,405,422,326,207,285,458,630,873,335
601,374,233,173,132,183,515,346,815,335
495,277,435,313,186,281,432,703,899,336
420,246,259,197,124,175,412,375,865,336
255,194,210,160,125,167,325,351,832,336
593,370,383,271,210,312,515,344,846,336
260,205,169,135,109,138,309,339,798,336
473,359,205,142,109,160,348,340,832,336
443,342,155,131,106,129,344,354,822,336
219,159,142,106,82,113,344,241,808,336
502,389,167,122,104,144,394,352,842,336
548,365,251,189,134,184,397,390,850,336
417,290,241,166,113,177,387,379,853,337
476,341,132,100,74,97,315,693,396,337
245,138,237,187,123,166,357,417,851,337
292,187,265,207,132,182,373,434,866,337
456,326,197,149,113,153,357,340,829,337
445,312,164,120,94,133,411,344,843,337
428,276,221,176,124,161,371,405,861,337
290,226,160,105,87,137,296,343,825,337
532,356,224,175,116,155,489,373,837,337
330,215,238,180,128,180,351,434,835,337
582,429,253,185,146,211,521,237,506,338
581,392,240,177,132,186,478,422,845,338
348,262,139,97,78,112,343,370,712,338
366,258,162,140,104,125,409,352,831,338
733,408,282,216,135,190,502,579,868,338
498,260,249,189,118,161,475,409,847,338
219,150,219,169,122,164,277,418,852,339
653,433,251,179,131,190,548,357,836,339
363,264,205,162,134,171,374,318,811,339
263,190,163,116,89,128,346,350,823,339
293,224,227,151,115,181,366,328,823,339
488,341,294,229,161,222,413,484,858,339
275,205,173,139,112,140,398,348,830,339
407,283,228,168,119,174,357,328,845,339
396,318,127,107,90,108,323,348,818,339
645,476,220,175,141,179,389,359,839,339
286,232,141,99,79,117,315,347,800,339
710,468,286,202,136,205,417,515,855,339
488,276,256,192,137,192,460,513,859,340
489,276,326,244,148,217,422,674,880,340
415,297,272,201,142,207,399,478,851,340
518,407,363,260,214,307,463,650,889,340
605,402,318,258,185,242,437,664,763,340
481,363,247,157,118,195,495,352,847,340
474,362,192,150,118,158,364,345,825,340
331,239,151,116,91,124,343,345,752,340
556,418,235,177,144,193,414,360,839,340
425,233,418,289,164,257,400,677,874,340
362,228,352,254,172,248,434,648,880,340
419,294,269,198,138,204,391,362,842,340
308,245,184,138,115,156,355,347,838,341
209,162,233,172,129,180,380,158,822,341
355,244,246,167,122,189,381,412,840,341
470,317,259,203,150,195,397,370,835,341
463,284,326,251,164,225,413,619,871,341
603,403,238,193,143,180,413,385,853,341
340,250,246,186,138,189,408,514,839,341
468,349,112,106,84,89,307,350,641,341
382,267,198,149,115,158,458,346,829,341
622,429,234,174,132,182,382,432,844,341
352,256,249,179,132,186,309,502,851,341
447,243,305,231,144,209,414,503,856,341
511,275,138,107,71,93,498,716,861,342
408,255,251,179,119,180,402,425,847,342
545,404,201,146,112,156,375,354,830,342
522,353,273,241,181,202,529,345,836,342
469,370,159,127,99,128,357,266,803,342
539,378,231,183,140,180,414,353,827,342
294,197,240,172,129,185,362,434,840,342
213,148,221,174,117,155,190,593,859,342
473,333,230,186,138,175,393,355,832,342
638,473,297,211,163,234,396,494,855,342
386,266,190,154,116,147,359,361,823,342
584,437,217,164,126,169,395,353,830,342
658,476,198,143,106,151,389,362,811,342
404,249,112,44,84,184,531,174,700,342
363,243,278,205,148,208,393,385,852,342
333,244,191,128,98,152,378,356,832,342
492,348,182,142,108,141,368,339,837,342
690,452,325,251,175,237,464,371,847,343
574,428,174,138,108,138,360,343,814,343
384,256,347,243,176,263,421,557,888,343
381,224,306,227,142,202,304,688,881,343
568,367,296,224,164,230,414,515,852,343
559,395,210,160,120,164,387,349,820,343
694,458,369,242,168,272,420,531,861,343
376,254,182,131,97,139,364,338,850,343
543,393,276,216,168,223,413,593,869,343
652,402,136,92,62,97,453,520,854,343
288,161,261,216,138,178,241,659,875,343
467,347,189,135,105,154,383,331,844,343
402,299,284,213,153,213,306,485,862,343
413,259,300,228,159,216,370,690,879,343
329,254,151,114,93,124,321,358,847,343
425,335,221,155,127,187,356,348,835,343
610,403,212,152,104,154,395,355,848,343
491,325,299,232,169,225,398,694,875,344
357,231,294,215,135,203,312,599,857,344
402,294,172,132,108,141,358,367,821,344
343,233,228,160,109,168,361,570,867,344
616,482,295,217,181,246,530,321,708,344
572,360,298,231,150,204,398,349,867,344
557,405,224,174,130,176,399,346,848,344
583,397,232,195,135,166,398,345,837,344
653,473,278,216,157,211,389,561,874,344
498,265,416,327,165,223,467,725,890,344
484,291,295,228,165,220,414,616,866,344
679,392,419,283,171,269,437,633,883,344
604,413,185,139,112,150,467,351,841,344
275,203,225,176,139,183,388,296,843,344
251,178,195,132,96,144,377,380,835,344
278,179,311,205,130,220,370,335,854,345
370,263,255,199,137,180,243,586,854,345
442,227,454,338,186,280,480,887,894,345
476,256,386,291,171,250,477,692,877,345
291,185,199,151,105,145,391,373,855,345
401,229,233,170,113,155,531,358,844,345
617,348,371,280,189,264,422,528,866,345
465,329,208,129,89,154,369,330,853,345
587,381,301,194,132,216,388,562,866,345
581,413,207,151,114,160,397,371,832,346
361,190,370,279,157,223,429,715,895,346
364,274,198,145,106,152,356,356,843,346
299,180,321,241,153,226,347,661,871,346
357,223,242,186,130,183,342,494,856,346
518,358,284,216,158,210,406,471,844,346
588,404,290,217,154,211,380,517,864,346
629,394,268,223,154,187,382,578,866,346
356,252,301,239,169,217,322,656,881,346
605,362,286,219,161,216,461,578,879,346
344,257,186,140,112,156,364,363,831,346
266,190,222,154,112,167,372,320,835,346
478,320,217,177,133,168,396,341,855,346
577,414,207,147,107,155,342,339,828,347
379,243,259,188,136,197,406,474,845,347
387,310,155,117,97,128,336,346,811,347
456,293,265,195,140,196,425,560,854,347
292,218,196,126,91,151,352,344,842,347
442,251,294,221,135,197,401,707,901,347
337,234,176,129,103,145,417,341,809,348
406,230,343,226,141,227,417,660,865,348
399,273,294,222,173,231,478,410,851,348
293,185,229,176,121,167,343,446,834,348
689,466,298,236,166,220,441,605,857,348
556,375,233,146,97,170,389,358,848,348
679,356,480,349,186,268,493,698,909,349
472,327,175,135,95,129,379,341,831,349
574,326,344,245,157,237,456,741,869,349
451,241,236,181,129,174,514,366,830,349
574,406,320,217,169,260,512,253,610,349
330,259,134,102,75,102,496,3,602,349
602,397,229,167,116,169,406,417,845,350
470,378,174,122,100,147,334,335,818,350
333,243,191,142,113,156,342,344,838,350
484,360,171,125,98,137,335,336,851,350
425,292,248,170,116,182,378,458,858,350
329,229,178,137,107,144,359,351,829,350
635,449,182,137,102,139,392,345,851,350
555,324,261,219,146,180,402,571,864,351
526,329,336,239,171,252,420,690,856,351
338,249,207,151,127,173,388,292,817,351
571,348,186,143,91,125,403,348,838,351
552,349,271,215,154,205,409,618,857,351
642,468,228,181,135,173,393,336,838,351
565,290,331,250,167,229,452,620,856,351
331,216,181,146,105,135,367,328,838,351
254,186,169,129,100,137,327,343,829,351
537,390,250,202,162,199,390,335,832,351
450,229,299,237,148,203,387,679,886,351
292,173,192,163,117,142,386,344,854,351
376,222,320,216,139,216,425,651,881,351
607,403,259,208,151,196,406,524,852,351
156,142,146,101,70,109,418,2,251,351
194,154,162,133,106,133,306,376,811,352
668,423,416,299,181,278,453,592,865,352
614,353,355,277,172,235,373,637,863,352
424,293,195,161,112,146,372,340,851,352
581,337,227,164,112,165,400,388,838,352
653,456,211,153,107,153,453,344,838,352
465,358,125,92,71,103,336,354,759,352
628,445,222,163,123,170,392,475,855,352
287,178,266,185,117,177,362,464,871,352
262,175,213,149,103,154,373,334,842,353
419,324,185,152,120,148,348,342,833,353
452,328,164,120,96,136,379,358,856,353
611,376,295,197,124,198,420,666,862,353
603,457,192,151,117,153,346,344,837,353
451,278,323,241,163,232,424,698,875,353
273,190,265,200,141,198,249,569,842,353
447,349,217,159,120,170,354,258,815,353
399,216,394,294,179,259,444,701,894,353
446,232,300,194,116,193,522,598,860,353
455,294,283,194,130,206,398,378,849,353
608,324,420,317,208,297,462,705,889,353
243,192,122,102,81,101,246,326,826,353
529,281,350,223,131,223,501,479,879,354
426,281,222,177,132,171,381,359,846,354
572,363,256,185,124,178,395,538,850,354
403,288,176,140,103,136,349,356,823,354
671,393,364,259,167,258,459,687,876,354
318,190,441,391,218,251,576,565,918,354
263,176,241,187,132,177,407,447,855,354
400,257,254,184,126,184,379,560,860,354
468,329,202,155,124,166,471,347,848,354
607,432,314,201,141,237,407,532,839,354
479,332,204,147,104,159,387,354,834,354
473,329,214,168,122,158,370,362,842,354
543,426,147,99,80,122,341,354,787,354
422,294,148,105,75,112,367,352,847,354
284,174,274,190,125,190,374,537,859,354
254,186,212,148,111,164,378,367,840,354
592,379,278,220,155,204,409,691,830,355
367,248,189,152,115,143,365,343,839,355
422,299,176,128,94,134,372,277,831,355
444,323,223,170,128,177,416,442,841,355
395,274,184,144,108,144,362,342,845,355
363,215,267,213,135,179,349,625,869,355
486,355,233,179,133,174,377,396,841,355
410,265,235,161,115,174,372,473,854,355
657,392,360,226,138,241,483,597,866,355
472,392,122,90,77,105,298,345,773,355
601,417,304,209,148,228,412,557,863,356
555,401,198,158,118,155,385,354,830,356
438,297,236,195,140,176,385,354,836,356
450,329,226,163,123,179,366,359,841,356
394,313,202,144,117,173,345,355,838,356
400,272,309,249,200,252,522,378,865,356
362,295,322,238,206,275,463,11,439,356
615,434,218,161,112,156,402,344,854,356
543,380,202,161,120,157,363,352,832,356
438,252,333,268,198,246,510,583,868,357
597,376,321,217,144,231,419,519,866,357
342,248,209,161,127,166,348,333,839,357
197,149,188,144,113,152,352,385,807,357
706,445,318,238,160,229,432,681,871,357
226,178,189,117,91,154,343,352,828,357
330,205,260,185,113,171,386,551,842,357
478,303,252,189,137,190,428,312,853,357
458,300,128,94,69,95,387,374,852,357
426,296,163,112,84,126,350,361,851,357
564,408,202,149,115,158,387,348,824,357
674,402,221,184,124,156,524,352,835,357
345,195,124,111,74,84,497,104,350,357
591,387,229,168,118,166,392,501,850,358
520,323,274,213,148,206,413,471,849,358
540,305,322,241,147,212,411,635,865,358
358,239,277,219,157,207,385,505,851,358
407,310,266,190,161,231,364,338,844,358
493,282,151,106,69,97,451,699,433,358
468,343,304,250,200,249,491,541,869,358
528,312,299,229,146,199,448,678,864,358
624,444,269,219,172,216,405,402,839,358
603,439,220,164,126,172,398,342,843,358
610,381,565,443,287,382,510,848,912,358
304,207,332,242,166,242,403,596,873,358
313,205,246,195,136,183,403,355,853,358
179,144,142,92,73,115,314,340,832,358
687,448,389,271,192,281,460,655,889,359
501,349,273,201,151,206,378,514,862,359
697,388,346,246,144,223,452,606,866,359
449,333,210,157,118,162,357,337,828,359
185,173,122,93,88,114,481,3,398,359
328,257,186,138,104,148,320,341,834,359
517,349,198,163,114,148,349,346,848,359
571,392,250,181,127,183,418,415,827,359
407,302,217,172,121,156,268,531,860,359
607,370,318,228,150,228,421,587,873,359
466,307,273,213,166,222,504,351,839,359
533,351,223,168,120,166,406,413,855,359
457,335,254,197,153,202,369,543,854,359
587,407,185,139,96,133,486,350,823,359
531,389,222,166,135,187,378,432,835,359
455,312,218,164,115,161,371,342,843,359
446,260,270,187,118,186,385,449,862,359
259,234,141,109,102,130,386,93,746,360
540,399,256,193,159,216,374,385,833,360
656,460,123,93,67,92,314,717,624,360
456,230,341,254,157,231,453,702,878,360
724,472,287,204,134,202,474,436,862,360
258,199,169,137,108,136,399,339,844,360
526,331,260,197,137,189,396,502,846,360
569,328,127,89,56,83,342,686,423,360
585,310,321,247,145,203,441,701,867,360
520,396,234,181,136,181,363,492,833,360
662,383,300,219,151,218,537,662,858,360
555,318,318,248,164,229,425,643,871,360
425,319,187,150,114,145,378,346,852,360
488,329,226,150,108,170,380,350,822,360
346,252,231,161,120,177,405,353,825,360
575,367,249,208,163,190,523,348,818,360
307,214,205,136,90,146,382,343,846,361
415,263,277,210,142,199,344,575,866,361
523,267,333,252,150,215,426,662,872,361
237,162,239,170,119,177,360,357,848,361
262,202,181,137,107,140,308,345,842,361
571,352,343,259,170,237,427,693,856,361
614,406,231,182,124,169,400,346,852,361
476,349,250,184,132,191,383,344,830,361
531,400,188,139,111,152,443,379,850,361
725,398,371,286,165,232,460,435,863,361
436,327,230,173,136,187,395,370,846,362
469,345,172,132,101,137,371,341,829,362
298,191,317,246,160,230,419,637,872,362
541,399,159,117,93,128,366,386,835,362
545,359,218,170,119,160,404,357,844,362
457,310,265,211,166,212,467,400,842,362
256,178,146,114,84,113,391,201,776,362
642,386,269,200,120,175,436,602,744,363
317,212,249,203,136,178,333,489,846,363
690,368,407,296,166,252,475,715,888,363
438,268,332,218,159,252,458,682,852,363
378,243,244,186,128,179,373,581,872,363
412,328,235,181,144,192,348,336,828,363
457,258,318,257,168,226,413,728,868,363
502,283,239,187,134,176,478,371,826,363
261,173,291,214,139,204,324,528,863,364
390,255,244,192,143,189,407,332,825,364
495,254,269,225,158,196,506,343,852,364
350,247,223,181,134,167,332,489,838,364
694,476,348,266,181,250,406,601,873,364
546,315,456,354,218,298,499,690,879,364
663,438,289,220,164,221,428,540,857,364
686,441,294,224,146,202,416,628,874,364
562,316,341,231,134,218,444,648,873,364
175,141,143,111,90,116,247,324,827,365
531,390,199,155,128,163,378,365,854,365
244,189,201,148,117,165,297,353,826,365
717,455,285,184,192,262,547,400,828,365
625,396,381,286,163,229,374,867,891,365
712,489,345,265,191,259,441,674,868,365
294,207,183,140,105,140,336,341,840,365
475,326,171,140,107,135,346,346,817,365
525,382,237,172,136,193,416,364,840,365
488,324,273,198,150,215,391,369,859,365
377,290,180,145,118,147,359,357,818,365
436,277,280,223,164,211,379,629,880,366
349,268,169,135,101,132,316,345,847,366
345,266,241,178,147,204,438,422,843,366
531,385,195,153,126,160,406,287,819,366
409,333,180,134,116,156,292,321,829,366
707,393,443,339,203,282,452,685,878,366
474,306,240,190,120,163,447,489,842,366
348,215,285,215,151,202,420,515,843,366
386,248,192,140,96,136,406,464,861,366
328,254,292,214,177,246,475,517,850,366
625,377,369,289,193,261,449,669,887,366
467,294,134,91,57,90,522,363,826,366
363,277,263,185,130,196,403,321,847,366
529,297,352,260,129,191,442,549,860,366
416,298,290,244,176,215,397,572,784,366
381,242,384,287,199,270,471,703,888,366
217,183,142,106,88,120,304,300,822,366
216,164,170,115,86,132,314,354,798,366
663,404,256,190,123,173,432,383,865,367
293,216,194,146,111,148,339,341,822,367
468,314,177,126,96,139,395,333,843,367
536,349,224,158,107,163,408,396,842,367
460,338,244,177,129,190,403,343,845,367
568,388,263,207,132,181,419,427,870,367
555,370,262,189,143,201,401,550,848,367
242,158,215,167,115,152,298,368,849,367
678,493,215,150,115,168,402,356,847,367
447,322,185,154,124,152,377,364,833,367
408,297,157,134,106,126,350,344,845,367
640,400,250,182,117,177,412,686,870,367
570,369,256,198,130,172,403,442,858,368
246,167,184,144,105,140,418,346,841,368
567,415,152,121,93,122,359,354,829,368
194,146,134,110,78,98,308,403,847,368
443,336,181,141,109,147,337,415,864,368
434,243,424,299,175,272,462,701,888,368
200,167,115,94,76,94,218,342,761,368
226,155,243,195,141,183,362,348,846,368
483,337,213,159,115,161,387,335,822,368
401,282,216,164,126,169,364,324,838,369
639,384,286,212,142,205,370,642,866,369
421,278,363,283,184,252,422,672,879,369
312,190,253,175,121,189,469,347,835,369
626,473,237,168,134,196,373,356,853,369
632,357,311,244,166,219,536,416,860,369
327,253,198,153,124,165,336,334,816,369
238,197,127,108,90,108,307,124,776,369
579,379,227,164,115,171,404,358,839,369
264,169,179,141,103,136,385,381,842,370
238,171,232,174,128,169,438,341,843,370
185,137,136,97,71,103,331,336,809,370
208,172,176,134,110,148,366,352,829,370
549,354,313,223,148,223,414,534,855,370
518,360,242,195,167,208,470,573,868,370
607,363,330,245,160,232,440,682,884,370
517,327,234,182,127,176,438,472,851,370
344,208,259,189,132,190,377,438,867,370
575,406,172,145,112,134,383,392,833,370
607,311,481,358,207,302,470,685,905,371
417,289,168,138,105,134,380,352,737,371
568,344,324,256,182,243,414,496,848,371
364,233,230,180,123,166,273,693,877,371
515,337,345,239,155,238,403,494,861,371
554,272,334,252,151,225,510,600,868,371
537,402,173,116,88,138,366,346,825,371
693,442,399,278,194,300,448,615,860,371
620,375,334,260,179,237,537,437,852,372
422,271,215,168,119,158,395,442,883,372
291,236,172,137,112,144,282,333,821,372
492,331,232,163,120,180,378,534,843,372
278,168,231,182,139,184,485,361,855,372
537,360,241,177,130,182,406,346,825,372
281,204,226,162,120,176,339,357,821,372
690,493,273,204,152,219,410,506,840,372
185,144,126,96,76,100,223,330,794,372
317,245,166,131,103,134,322,338,825,372
712,456,226,167,109,154,429,369,839,372
349,254,236,141,111,194,379,342,834,372
717,426,388,295,200,272,444,668,862,372
662,452,254,189,134,188,385,329,838,372
567,338,390,268,168,263,440,536,852,372
439,337,280,224,177,222,377,328,846,373
361,272,193,146,111,150,462,346,836,373
386,287,177,146,121,147,362,365,821,373
437,320,245,191,142,188,459,348,844,373
660,416,258,186,134,194,414,516,860,373
529,362,236,162,110,173,470,350,850,373
398,271,208,161,121,163,368,342,842,373
512,336,241,183,143,196,501,357,843,373
450,271,258,184,122,182,427,438,870,373
514,358,190,162,114,141,357,507,844,373
422,282,210,164,114,155,399,379,845,373
400,322,172,147,120,144,350,337,848,373
619,435,204,136,104,158,357,392,831,374
404,309,259,164,131,216,505,343,831,374
477,372,141,121,98,117,325,346,820,374
472,311,244,163,117,187,459,604,870,374
676,413,320,263,178,230,505,694,879,374
459,296,269,208,148,204,405,405,857,374
527,385,197,143,107,152,380,335,850,374
224,181,151,124,98,121,327,364,823,374
587,380,223,167,113,160,471,399,842,374
401,303,244,171,127,188,357,338,848,374
365,237,254,203,148,190,366,434,848,374
352,238,202,143,97,147,379,333,849,375
643,448,178,148,114,138,402,343,836,375
542,335,359,254,169,252,451,705,895,375
232,222,168,122,113,157,374,4,684,375
491,339,125,92,64,93,373,701,530,375
434,293,276,183,123,199,389,418,860,375
660,378,466,374,245,323,429,663,893,375
485,344,167,136,104,132,365,364,823,375
578,413,256,192,142,194,393,419,843,376
416,232,297,225,141,202,390,693,878,376
615,418,272,198,133,193,388,499,861,376
462,329,189,149,111,143,371,412,828,376
429,252,291,231,151,205,367,693,876,376
711,385,403,300,175,247,421,865,885,376
594,391,122,96,61,82,373,674,439,376
604,300,444,322,137,212,549,694,903,376
341,193,367,273,164,241,363,690,893,377
353,257,188,160,111,139,376,345,831,377
257,170,220,161,116,167,354,344,851,377
407,296,192,147,122,163,424,343,806,377
542,313,391,284,182,264,449,682,865,377
440,256,366,294,195,258,453,688,897,377
392,325,96,80,68,83,306,345,807,377
436,267,251,202,138,185,352,535,863,377
665,464,356,228,167,277,415,410,851,377
529,388,251,198,151,194,353,532,835,377
252,173,187,149,111,145,336,357,834,377
566,291,446,360,191,254,582,257,763,377
542,379,246,181,127,180,371,343,854,378
657,453,256,195,138,192,416,411,848,378
442,271,330,228,146,231,401,662,869,378
478,308,300,241,165,218,398,448,852,378
590,436,165,144,120,140,374,364,817,378
707,453,277,222,169,219,450,583,854,378
711,464,328,233,160,234,423,672,881,378
347,228,230,176,119,165,393,345,873,378
625,339,401,319,205,272,447,607,872,378
691,444,340,264,176,247,426,598,876,378
564,397,233,190,148,185,393,345,842,378
469,306,242,181,129,177,387,494,859,378
398,307,195,162,131,162,333,336,847,378
548,326,556,375,232,351,529,960,898,378
716,456,283,228,162,206,435,582,869,378
631,398,304,252,182,230,433,498,845,378
575,424,194,153,120,156,372,353,849,379
570,357,213,143,96,152,408,359,854,379
452,273,182,142,97,130,424,263,823,379
295,214,250,183,140,197,315,401,852,379
391,245,313,227,148,220,382,543,868,379
564,336,299,221,144,208,403,517,842,379
513,381,229,159,119,177,382,328,844,379
578,356,218,160,113,160,468,336,848,379
363,236,279,195,128,191,401,398,864,379
426,298,198,163,133,167,376,338,822,379
236,187,138,120,80,97,280,343,805,379
309,210,234,191,144,178,345,461,836,379
366,254,174,124,89,132,355,345,845,379
474,327,196,162,121,149,376,400,846,380
555,316,295,224,147,209,436,633,852,380
293,178,340,242,153,232,418,678,874,380
468,358,189,134,106,153,358,329,816,380
419,332,181,130,109,154,342,338,801,380
445,300,207,137,92,147,338,353,827,380
547,299,304,238,155,207,439,630,870,380
391,224,224,164,123,174,491,373,844,380
526,304,218,170,111,149,414,425,844,380
364,245,340,250,165,237,405,463,859,381
678,433,304,242,156,212,510,348,834,381
486,388,96,59,49,82,322,355,603,381
352,259,331,218,158,251,393,625,875,381
294,212,146,108,84,118,338,362,837,381
427,312,173,144,100,126,381,340,827,381
363,238,200,142,97,144,379,389,853,381
406,303,185,144,120,157,371,339,807,382
733,409,400,315,194,269,507,703,888,382
400,315,125,100,81,104,320,345,805,382
382,255,254,208,142,183,364,361,849,382
427,317,217,151,117,174,433,345,866,382
284,186,251,169,106,174,396,406,859,382
428,278,140,124,82,96,607,0,141,382
640,416,419,295,199,296,432,612,857,382
367,293,124,97,71,94,373,1,211,382
592,345,144,96,59,95,408,639,864,382
419,314,211,168,137,174,390,342,844,382
404,319,108,88,73,90,328,344,803,383
473,325,224,154,107,165,372,348,846,383
674,465,231,171,121,175,382,340,835,383
397,246,344,244,142,222,481,699,880,383
691,423,375,273,176,253,430,670,870,383
543,330,370,271,174,255,437,680,884,383
503,383,231,171,144,197,377,348,829,383
532,292,339,262,148,209,463,529,847,383
447,305,327,267,180,231,364,673,884,383
421,304,175,132,97,131,276,539,855,383
419,320,216,156,124,177,368,340,844,384
692,452,287,215,144,199,436,518,873,384
431,284,208,151,103,149,381,381,842,384
389,248,303,242,169,223,384,458,877,384
628,409,375,278,195,277,437,524,857,384
622,441,174,140,105,133,435,358,815,384
612,392,387,282,198,290,444,652,878,384
410,323,129,107,92,111,317,296,796,384
615,386,339,261,183,248,431,401,869,384
340,206,271,193,128,192,480,423,850,384
272,191,278,190,140,210,377,328,839,384
550,353,247,181,111,156,552,364,835,385
584,411,201,170,130,161,375,348,839,385
553,376,250,192,132,180,384,442,856,385
563,393,255,187,137,193,396,604,857,385
414,319,163,122,98,134,364,236,825,385
243,170,284,205,154,215,355,455,844,385
472,312,290,238,172,220,395,563,870,385
506,365,210,159,121,164,471,350,836,385
348,255,176,148,112,135,378,343,821,385
574,394,265,184,126,195,400,434,834,386
354,202,321,238,159,228,419,437,851,386
428,260,178,140,96,127,453,342,836,386
713,449,367,270,175,250,492,590,870,386
216,152,230,169,122,173,353,336,847,386
640,388,526,413,276,385,412,945,906,386
632,363,432,323,187,254,469,795,908,386
703,483,268,215,155,199,412,516,857,387
487,284,346,265,169,238,424,712,874,387
616,363,521,380,263,379,515,626,884,387
329,190,296,214,141,207,424,626,863,387
397,265,296,223,153,213,521,610,867,387
377,256,212,179,127,155,383,404,851,387
243,164,308,204,141,223,384,395,833,387
331,219,189,149,112,146,348,342,833,387
339,277,128,95,77,108,333,234,792,387
454,304,222,179,138,177,451,334,840,387
467,291,253,172,118,182,365,713,840,387
369,260,238,169,148,207,488,352,843,387
409,295,223,184,139,174,385,350,826,387
519,376,180,162,122,140,369,324,840,388
365,249,198,155,120,157,448,349,831,388
529,307,372,279,172,248,445,692,888,388
569,421,152,130,104,125,359,356,824,388
355,266,228,162,124,182,376,352,845,388
673,445,207,158,113,155,407,426,853,388
643,353,204,164,101,130,533,345,838,388
564,381,115,81,53,82,351,698,463,388
704,471,312,222,161,232,423,494,879,388
391,266,180,141,97,135,359,365,831,388
511,388,291,188,139,229,385,364,837,389
368,255,208,149,114,169,397,352,839,389
684,437,344,246,165,245,416,394,848,389
319,218,279,210,151,211,341,545,865,389
715,446,331,267,179,229,500,635,868,389
575,367,234,196,127,163,464,359,851,389
511,384,144,105,81,116,357,348,723,389
673,489,291,213,159,217,465,531,855,389
306,221,157,122,98,126,338,353,836,389
391,250,227,190,131,160,324,498,847,389
481,362,136,104,76,106,350,283,817,389
342,243,235,172,117,172,297,519,860,389
337,250,179,137,108,144,337,349,813,389
579,315,478,356,215,316,456,619,887,389
458,341,175,141,103,133,361,362,834,390
613,348,444,326,196,293,460,685,871,390
705,432,336,274,173,235,423,594,875,390
678,433,318,230,147,217,426,626,867,390
348,232,212,158,110,157,434,343,869,390
571,395,249,190,134,183,392,353,863,390
257,211,120,104,85,99,266,336,740,390
384,247,286,205,135,197,399,367,861,390
486,360,150,122,91,118,346,335,747,390
612,422,292,228,160,208,379,626,877,390
690,412,321,278,182,223,428,614,869,390
297,179,290,208,142,216,377,442,857,390
346,264,131,104,85,109,327,222,803,390
564,316,458,315,192,297,535,703,902,390
546,325,326,244,151,215,527,698,892,390
575,377,272,214,155,200,432,645,857,390
243,225,142,102,94,128,381,2,202,390
425,309,179,137,108,145,371,360,827,390
302,236,187,155,126,152,356,354,835,390
542,344,324,245,163,232,419,642,876,390
597,303,343,247,149,233,423,721,893,390
375,245,274,205,153,210,388,512,866,390
472,332,262,204,158,206,408,449,849,391
386,233,373,280,179,258,444,724,889,391
202,152,160,128,93,124,335,177,756,391
487,271,330,245,145,213,390,663,868,391
562,399,231,157,109,166,402,350,844,391
491,343,213,161,124,170,392,353,830,391
613,430,248,180,134,190,420,399,862,391
452,322,171,122,93,133,354,345,821,391
509,290,309,230,143,206,457,648,863,391
402,268,258,224,149,182,341,309,840,392
720,477,199,142,99,140,405,480,850,392
668,470,245,185,142,194,406,453,839,392
568,424,220,159,130,183,372,345,877,392
565,366,305,241,167,212,395,663,877,392
370,262,199,136,98,150,381,371,836,392
416,261,275,212,135,183,205,675,866,392
205,135,194,137,97,139,290,323,834,392
551,385,287,209,159,227,416,380,848,392
551,310,266,199,125,182,413,557,864,392
447,339,244,183,142,194,331,415,823,393
309,199,271,217,138,184,324,654,855,393
501,382,180,146,117,150,365,331,821,393
420,314,260,202,161,212,408,357,834,393
378,236,223,175,121,161,395,461,854,393
593,383,273,223,161,200,412,443,871,393
692,435,349,254,174,249,446,581,840,393
250,174,180,135,97,137,331,330,847,393
448,271,345,252,167,240,411,677,887,393
664,445,252,187,132,181,376,620,874,393
181,141,165,128,87,120,219,400,826,393
660,472,213,178,126,158,396,375,868,393
590,390,340,233,155,243,417,518,861,394
281,198,251,204,152,197,334,582,851,394
341,227,363,259,169,237,365,656,883,394
644,384,293,220,148,207,404,416,858,394
638,423,293,215,151,213,457,392,864,394
589,428,295,220,165,230,388,356,838,394
509,310,254,175,128,197,491,490,835,394
471,352,118,89,69,94,356,410,437,394
271,197,253,186,127,177,394,362,872,394
382,269,186,139,104,146,387,376,843,394
220,164,148,113,83,114,288,329,838,394
370,204,383,269,147,235,448,587,874,394
679,420,256,209,144,186,425,414,862,394
414,268,234,184,130,172,381,531,854,394
390,301,254,179,137,202,368,325,842,394
544,379,211,157,118,163,393,359,818,394
327,227,215,160,114,166,356,354,834,394
455,258,253,195,129,181,403,619,868,394
332,249,170,128,109,143,463,162,426,394
329,235,190,134,100,147,394,329,840,395
691,466,219,186,132,158,411,557,826,395
324,233,178,152,119,142,312,340,832,395
480,344,269,171,120,201,401,518,852,395
687,466,279,209,150,206,401,565,870,395
531,307,271,211,151,204,501,561,862,395
236,173,211,144,107,165,316,335,843,395
422,298,166,117,89,132,370,351,815,395
491,284,467,345,202,308,443,644,866,395
669,421,295,222,155,216,407,589,856,395
327,208,187,140,98,136,364,343,847,395
609,389,292,230,162,216,434,571,839,395
303,168,268,211,127,175,377,514,843,395
427,285,327,239,170,249,410,412,848,396
612,426,203,156,114,154,397,354,847,396
493,374,236,181,138,181,312,549,852,396
434,266,272,192,127,193,431,376,861,396
584,408,261,190,145,200,412,356,843,396
429,300,190,150,114,148,374,341,841,396
591,370,362,252,159,242,481,647,875,396
309,217,164,132,102,129,367,347,828,396
457,349,233,162,124,184,314,412,833,396
265,168,331,234,152,231,405,558,875,396
241,179,214,167,124,164,336,351,836,396
440,267,259,199,125,173,340,596,852,396
297,216,195,147,106,147,323,428,846,397
552,362,286,226,173,226,407,497,840,397
474,359,118,91,75,98,321,359,791,397
395,299,144,104,85,119,345,170,776,397
505,318,249,184,135,190,393,399,848,397
461,345,254,187,140,194,416,305,869,397
206,150,209,156,115,160,292,370,839,397
337,204,262,195,117,170,461,365,854,397
690,390,424,316,203,286,479,755,889,397
530,370,214,177,135,168,380,648,875,397
498,322,232,188,137,174,387,451,823,397
540,316,414,302,203,288,444,641,890,397
589,362,262,206,139,184,500,389,857,397
559,332,310,232,156,222,388,721,859,397
299,220,152,121,89,116,315,347,829,398
255,185,154,123,93,120,319,352,825,398
507,299,268,203,130,178,416,576,857,398
376,268,185,135,98,141,374,340,832,398
297,166,285,220,137,193,350,618,835,398
519,382,171,146,110,132,367,210,801,398
524,351,216,177,127,159,372,339,834,398
552,385,252,197,141,187,371,630,881,398
674,374,298,251,162,207,480,479,849,398
379,274,202,157,119,155,348,335,831,398
483,286,236,173,121,174,463,580,864,398
495,317,245,178,136,187,529,363,838,398
421,341,99,68,60,87,435,107,614,398
225,217,89,65,61,84,342,1,227,398
470,303,250,206,157,191,390,362,841,398
499,342,191,141,104,146,369,381,850,398
482,250,299,230,136,193,415,692,876,398
607,415,269,207,151,201,420,485,849,399
550,407,209,175,136,167,397,360,833,399
680,464,469,331,245,360,558,725,888,399
588,489,404,263,219,339,485,199,494,399
488,374,183,134,103,145,375,325,854,399
560,364,213,173,124,162,390,493,858,399
538,406,184,154,121,149,364,291,817,399
418,276,257,201,142,189,392,473,835,399
273,206,182,138,108,146,365,341,838,399
421,306,178,133,103,141,374,347,817,399
517,378,256,208,168,209,401,413,834,399
390,210,385,279,160,242,597,3,515,399
237,184,202,167,132,164,412,43,393,399
518,391,170,121,91,132,357,322,821,399
488,252,351,272,180,246,547,698,875,400
544,365,232,176,123,170,389,339,852,400
305,243,170,122,99,142,276,325,815,400
424,280,285,202,138,205,396,439,844,400
370,275,190,133,98,149,371,341,831,400
391,270,164,139,103,128,353,369,766,400
279,213,148,117,95,120,323,346,830,400
399,299,188,155,122,152,364,340,847,400
439,247,320,227,142,214,421,555,845,400
504,352,244,184,133,185,396,345,838,400
642,368,279,233,182,221,556,456,856,400
590,353,315,214,124,198,427,416,857,400
317,232,169,126,94,131,319,347,830,400
381,255,270,208,152,201,438,404,847,400
376,274,174,137,106,139,347,350,831,401
285,230,207,152,126,173,329,366,840,401
517,311,382,277,182,268,438,629,886,401
679,407,483,331,217,338,439,936,907,401
291,199,229,184,132,170,337,399,828,401
515,289,177,128,80,118,489,655,862,401
392,282,223,184,138,174,380,391,844,401
284,212,236,164,125,186,374,342,845,401
384,279,216,175,131,165,326,490,843,401
464,294,313,238,164,224,410,608,873,401
400,277,279,218,164,219,407,391,834,401
402,246,275,203,136,190,382,615,872,401
591,321,314,202,112,196,416,506,867,401
401,278,200,159,118,150,347,314,833,402
636,440,221,169,118,165,393,342,848,402
575,292,363,280,168,238,510,709,896,402
381,212,308,236,136,193,340,658,869,402
495,313,231,161,112,171,401,382,851,402
589,412,276,210,144,204,359,336,837,402
526,319,364,283,188,255,428,692,894,402
280,189,203,140,98,148,334,357,851,402
506,396,234,150,121,192,347,353,838,403
415,303,179,124,99,150,357,337,825,403
605,351,401,304,205,293,446,705,891,403
390,295,166,143,117,134,331,332,834,403
431,273,350,250,177,257,419,675,875,403
605,430,280,195,142,214,402,511,842,403
512,358,207,157,116,159,354,455,853,403
458,285,348,295,205,253,379,694,877,403
605,313,351,291,165,214,401,588,865,404
566,374,194,154,115,144,396,358,846,404
305,238,196,135,105,154,340,343,818,404
348,261,177,131,105,146,357,346,821,404
528,313,307,229,143,204,439,630,875,404
511,332,349,256,179,253,394,643,876,404
404,292,251,180,131,190,322,515,857,404
578,377,189,139,100,145,397,362,821,404
294,197,209,160,117,157,359,415,836,404
509,267,317,244,152,214,426,644,885,404
319,210,271,191,128,195,398,453,869,405
589,323,524,402,232,331,541,691,868,405
644,404,210,162,111,151,405,490,864,405
518,335,174,127,87,125,387,353,823,405
596,331,342,278,161,215,446,681,882,405
640,452,140,98,71,107,375,366,743,405
408,239,232,176,114,163,419,412,838,405
369,285,224,167,126,171,333,389,847,405
417,250,290,234,157,211,390,610,853,406
401,246,236,190,140,180,497,354,830,406
353,236,279,213,148,205,367,514,848,406
184,135,148,107,73,106,292,332,827,406
657,411,426,328,210,284,431,598,853,406
521,344,282,215,172,230,480,545,877,406
498,350,170,142,114,139,419,350,844,406
413,292,320,245,178,238,385,642,860,406
271,210,172,121,95,135,316,340,844,406
460,304,317,244,175,233,425,545,853,406
598,383,196,157,106,143,404,345,820,406
398,251,371,273,172,251,423,586,865,406
358,230,218,186,129,157,361,397,856,406
325,249,144,116,88,106,294,343,742,406
472,333,236,178,139,190,414,200,551,406
340,225,259,196,137,192,384,375,838,406
322,210,275,189,135,201,438,354,864,407
580,415,230,175,136,184,394,458,853,407
268,224,96,71,63,86,369,108,595,407
202,132,202,168,120,148,289,445,846,407
538,311,337,257,160,231,452,729,886,408
394,240,307,239,175,231,410,713,863,408
410,269,310,219,148,218,401,482,884,408
412,280,231,157,121,181,439,393,853,408
696,491,547,394,305,427,516,323,496,408
574,448,167,140,115,139,368,363,790,408
404,329,182,125,103,153,366,343,819,408
348,228,203,149,107,154,362,424,836,408
204,174,97,69,62,87,317,149,739,408
506,321,260,180,131,199,478,423,843,408
390,262,315,249,185,239,399,635,874,408
423,268,289,204,145,218,412,612,862,408
345,230,283,208,145,206,387,486,841,408
537,287,332,253,154,212,383,689,897,408
497,255,385,285,174,242,527,636,855,408
515,349,292,192,132,216,400,502,854,408
442,304,312,211,138,221,395,392,859,409
483,292,236,193,147,186,496,353,839,409
491,353,239,187,134,182,400,352,843,409
485,346,268,190,147,213,482,497,864,409
711,445,240,182,128,174,421,565,869,409
548,331,326,220,143,228,419,611,856,409
386,285,200,140,104,154,347,341,810,409
709,458,419,303,198,290,453,1023,911,409
443,255,401,273,168,271,449,679,893,410
710,452,322,215,135,215,445,650,866,410
435,248,321,265,177,222,400,684,871,410
273,252,127,99,93,116,386,3,800,410
525,285,316,251,155,205,437,573,859,410
488,229,238,187,117,160,532,344,829,410
404,288,205,151,119,167,387,353,862,410
393,285,301,222,161,230,387,569,879,410
308,194,205,148,99,148,385,369,851,410
396,239,261,192,133,187,429,420,847,410
548,343,188,131,98,144,516,358,835,410
418,237,352,254,160,246,436,669,897,411
687,412,428,323,207,288,460,544,864,411
649,486,284,189,141,231,364,321,839,411
566,338,238,190,127,168,380,526,857,411
370,237,278,201,139,203,351,504,851,411
385,253,222,156,103,155,292,548,852,411
407,245,281,210,135,187,399,409,860,411
625,396,220,160,111,160,489,368,819,411
268,212,93,73,67,86,344,123,667,412
566,377,287,201,140,205,367,528,851,412
508,266,404,297,182,270,469,699,891,412
382,267,178,133,99,141,364,330,840,412
452,306,364,281,168,223,332,710,881,412
253,186,206,162,129,166,324,341,817,412
531,385,167,133,98,127,370,341,836,412
343,232,247,193,133,172,269,699,873,412
531,353,222,163,122,172,388,480,860,412
509,328,246,187,131,180,339,629,861,413
569,397,203,153,110,152,382,496,849,413
374,254,217,170,109,140,455,197,803,413
636,500,204,179,155,171,375,346,839,413
655,464,284,219,170,227,417,502,864,413
529,301,389,289,181,260,436,668,878,413
538,418,179,139,112,150,381,354,826,413
396,297,160,119,91,128,383,287,799,413
303,225,145,114,90,116,318,349,821,413
622,376,372,290,199,272,425,680,881,413
535,313,480,327,199,312,574,647,856,413
640,401,336,254,181,252,428,678,852,413
272,172,282,180,130,212,381,378,862,413
651,483,170,145,120,141,380,346,751,413
477,342,209,165,114,156,378,479,849,414
607,370,389,296,208,287,522,638,853,414
398,280,317,214,149,238,382,515,867,414
658,490,236,171,137,194,381,351,852,414
467,285,263,202,131,181,400,407,844,414
440,298,208,166,123,158,483,380,732,414
679,480,199,162,117,152,385,361,833,414
441,218,363,254,150,237,497,551,862,414
435,304,311,244,177,232,488,351,818,414
659,431,303,241,183,233,512,468,852,415
551,292,281,216,99,134,407,694,885,415
380,235,286,213,146,205,407,635,866,415
366,233,255,187,126,186,395,487,864,415
360,246,240,166,122,184,375,405,851,415
309,212,381,295,171,234,220,686,869,415
614,423,160,118,90,124,359,351,821,415
478,308,226,168,117,163,418,369,839,415
543,427,142,112,94,121,365,338,833,415
591,375,382,302,201,268,442,677,876,415
508,358,199,143,110,157,440,357,842,415
299,201,234,176,117,168,412,354,850,415
530,385,224,155,111,171,368,346,849,415
289,183,348,248,154,235,419,625,869,415
547,369,168,132,98,128,359,342,829,416
406,262,203,163,119,156,382,338,838,416
657,390,362,262,135,200,459,721,883,416
409,243,231,172,125,177,529,350,829,416
263,195,133,108,82,105,465,4,424,416
284,224,228,188,139,176,356,362,847,416
302,199,244,195,141,177,333,567,843,416
425,335,211,164,137,176,370,383,856,416
402,318,123,86,70,103,326,350,814,416
515,368,172,121,93,134,352,352,825,416
458,261,279,201,128,192,423,577,863,416
530,399,171,133,107,144,359,359,818,416
681,424,298,219,145,212,445,641,850,417
532,363,302,229,146,204,470,516,871,417
576,418,176,138,107,143,379,329,816,417
505,305,213,160,108,155,503,337,846,417
554,367,248,193,137,183,420,362,849,417
515,372,200,151,117,161,357,368,816,417
721,484,348,250,189,274,418,638,854,417
425,345,440,312,254,362,441,2,197,417
596,441,211,166,124,162,391,348,843,417
333,270,135,95,78,114,325,356,781,417
357,258,167,141,104,126,341,328,832,417
659,424,309,246,166,213,349,590,870,417
699,408,220,173,103,143,403,554,804,417
675,395,196,153,97,137,418,342,825,417
670,401,357,259,188,268,504,613,883,417
503,362,192,157,124,156,376,353,823,417
689,358,369,273,163,240,456,716,878,417
549,402,180,136,108,146,359,345,803,417
636,340,505,336,155,245,575,901,874,417
512,269,372,274,154,230,453,655,865,417
584,442,207,158,128,172,387,354,804,417
474,369,103,70,58,87,321,353,362,417
668,478,203,160,121,160,381,341,843,417
468,295,284,196,125,193,406,579,843,418
422,308,492,338,225,343,546,635,875,418
706,427,314,247,157,209,449,465,859,418
435,347,146,121,100,121,334,343,821,418
493,377,198,154,122,158,371,384,869,418
419,302,241,184,144,188,411,367,866,418
330,203,356,240,148,231,428,657,877,418
480,323,224,189,140,169,381,461,830,418
492,309,268,192,120,181,423,383,858,418
390,247,261,191,134,194,437,438,854,418
407,307,112,88,70,89,312,366,362,418
543,342,293,209,138,205,394,396,854,419
525,393,223,165,132,180,397,353,830,419
539,420,253,200,164,213,498,111,450,419
615,433,190,127,94,145,383,360,849,419
578,366,265,190,126,186,391,347,871,419
409,263,141,98,65,100,316,680,491,419
536,412,119,97,73,93,358,342,786,419
251,208,156,126,106,133,307,345,828,419
384,265,218,175,131,167,379,395,843,419
372,223,297,239,149,198,372,708,884,419
495,307,265,214,145,187,401,475,856,419
455,255,400,307,199,274,430,650,884,419
283,181,219,157,102,154,354,385,859,419
685,429,322,264,184,228,510,643,883,419
688,434,342,258,163,226,520,475,872,419
293,221,228,175,137,179,304,329,832,419
418,261,331,247,170,242,411,587,877,420
399,239,232,177,122,174,365,511,851,420
350,231,195,158,118,150,387,350,854,420
596,484,168,124,106,143,349,367,842,420
265,206,203,176,138,160,313,328,834,420
484,361,306,204,157,242,461,392,848,420
386,238,325,240,160,233,441,578,868,421
527,396,144,120,94,113,348,338,836,421
385,294,227,164,123,182,385,352,840,421
289,191,188,147,110,144,334,373,840,421
668,442,350,278,213,275,480,550,856,421
675,436,251,194,138,185,414,352,853,421
536,308,325,243,157,226,408,565,867,422
734,400,390,282,173,258,460,726,891,422
442,296,202,169,122,149,370,494,849,422
617,403,199,153,114,152,402,354,821,422
468,337,224,192,154,182,386,402,847,422
629,433,294,221,162,232,411,420,846,422
514,335,262,189,124,184,422,438,862,422
492,350,243,177,136,193,384,476,849,422
413,281,231,188,133,176,382,351,845,422
189,137,173,139,109,139,314,349,834,422
641,459,262,198,142,197,402,350,832,422
529,381,180,144,114,145,413,348,835,423
674,424,356,277,188,257,419,643,866,423
342,225,247,178,126,185,422,481,831,423
570,373,230,174,141,191,480,353,842,423
436,320,291,188,141,229,385,334,827,423
326,243,144,132,110,119,337,357,810,423
500,387,209,155,122,166,498,348,833,423
553,284,437,357,214,285,465,711,904,423
649,335,509,367,209,321,497,672,901,423
496,290,228,171,109,159,418,485,846,423
539,337,341,247,180,253,451,520,851,423
244,192,202,153,120,160,298,419,839,424
379,276,176,129,97,138,331,447,846,424
367,246,214,160,101,144,391,351,852,424
579,418,227,168,125,178,389,373,844,424
610,385,283,212,148,205,442,541,853,424
416,259,207,152,103,148,355,356,843,424
443,341,156,112,85,124,393,2,216,424
466,327,208,156,123,167,424,410,833,424
452,320,203,154,116,157,353,410,838,424
525,346,317,221,153,239,402,432,849,424
377,255,180,135,99,141,455,347,803,424
298,189,212,168,119,157,369,433,854,424
616,349,533,382,240,363,496,1023,919,424
503,289,236,174,136,189,516,429,868,424
500,327,319,234,154,219,485,201,426,425
665,463,130,99,67,93,369,698,531,425
631,453,265,183,130,201,399,354,848,425
518,256,362,278,152,220,484,710,876,425
485,304,258,174,114,182,410,558,853,425
640,423,334,246,176,244,417,536,849,425
611,368,348,274,189,255,424,638,845,425
286,211,162,116,88,129,336,354,829,425
326,172,193,163,113,137,482,355,821,425
431,261,223,169,114,159,375,488,868,425
663,438,237,187,130,172,411,361,845,425
304,251,175,122,102,149,447,90,420,426
470,305,259,195,142,193,397,422,858,426
197,190,150,92,86,141,362,3,558,426
501,354,262,217,161,197,406,425,834,426
329,256,110,81,67,92,314,351,791,426
457,314,239,179,137,188,376,340,866,426
470,294,242,180,117,171,420,410,846,427
504,332,286,229,148,198,426,417,868,427
452,291,340,236,155,240,412,554,861,427
655,417,291,232,164,216,478,430,853,427
647,394,245,192,128,173,395,708,834,427
320,224,182,142,111,145,357,337,851,427
614,448,192,143,109,150,404,337,821,427
454,369,182,132,107,152,355,327,835,427
443,307,259,206,131,177,423,363,822,427
268,166,209,153,108,156,379,355,858,427
313,253,180,140,118,153,319,322,800,428
479,331,268,193,140,199,410,339,837,428
609,372,385,303,194,260,462,703,876,428
267,212,119,87,73,102,343,171,765,428
288,185,206,149,110,158,370,350,842,428
671,441,312,247,169,224,416,393,863,428
727,439,380,312,216,270,439,657,894,428
685,482,226,170,118,165,384,359,846,428
692,396,555,389,236,359,456,805,911,428
699,470,270,225,159,195,412,410,847,428
671,476,231,180,130,180,395,334,828,428
659,456,285,214,160,221,433,394,850,428
480,304,317,229,165,241,434,611,855,428
532,345,285,196,134,202,409,434,850,428
572,404,205,156,113,156,383,345,843,429
312,230,338,242,181,259,413,589,863,429
631,415,177,134,95,130,481,351,818,429
439,298,273,205,149,209,384,527,849,429
261,177,271,172,121,197,381,353,814,430
482,287,346,255,161,238,425,688,885,430
499,302,246,208,138,171,468,428,853,430
576,332,323,242,156,219,436,683,849,430
523,393,186,135,99,142,443,358,829,430
303,189,187,142,110,147,462,345,841,430
615,423,244,187,137,190,392,407,838,430
591,396,275,184,124,192,445,493,859,430
685,392,379,303,194,257,446,682,886,430
351,250,234,147,113,187,475,340,831,430
244,162,218,179,130,168,446,131,377,430
440,320,228,155,121,182,466,353,840,430
274,191,272,196,140,204,376,491,869,430
603,423,292,210,149,216,382,484,859,430
456,289,194,142,102,147,384,408,823,430
539,278,387,294,191,268,525,687,866,431
342,269,150,102,80,123,394,68,531,431
287,207,193,157,119,152,355,356,830,431
371,238,392,297,193,274,447,636,870,431
638,434,325,247,174,239,401,659,870,431
420,305,181,149,113,143,377,352,847,431
571,311,361,257,142,216,425,661,885,431
574,369,263,195,130,188,470,418,859,431
696,381,469,383,220,284,378,1018,899,431
502,342,262,207,144,188,482,372,836,431
355,191,89,32,83,171,503,126,697,431
358,266,150,108,89,127,360,340,826,431
574,316,289,220,133,193,414,646,870,431
346,209,214,159,116,162,501,352,853,431
546,391,210,157,112,159,363,424,853,431
411,294,255,208,143,185,345,559,867,431
448,257,271,205,132,189,405,359,837,432
505,313,246,171,109,169,370,349,831,432
698,468,278,217,147,203,499,522,856,432
439,274,241,193,124,167,352,537,854,432
546,404,167,144,112,134,373,400,842,432
406,258,266,192,153,221,506,356,847,432
412,280,195,146,115,154,455,349,833,432
633,480,210,159,121,165,380,354,857,432
669,406,337,256,166,229,443,508,858,432
285,180,211,156,108,155,476,343,850,432
680,381,418,292,195,305,458,727,867,432
519,350,238,192,148,188,441,350,834,432
386,231,216,166,110,151,362,326,841,432
539,332,280,215,145,200,390,655,874,432
379,263,205,145,113,164,331,475,835,433
519,356,243,176,110,168,363,453,845,433
400,299,221,154,114,171,364,327,828,433
692,471,301,218,156,229,427,475,843,433
434,321,212,162,124,171,365,389,845,433
560,387,357,224,186,303,460,308,422,433
457,343,181,144,110,141,348,323,830,433
705,424,383,278,177,259,442,631,871,433
645,472,139,107,81,108,343,357,745,433
412,263,250,190,129,184,409,490,873,433
337,251,109,85,65,83,291,346,682,433
461,319,203,158,112,148,390,342,849,434
214,170,283,206,170,237,419,3,676,434
407,240,282,212,146,204,416,397,862,434
496,368,182,119,87,143,367,351,823,434
296,194,233,161,112,172,352,317,832,434
336,241,333,243,192,273,428,2,207,434
362,199,303,214,128,201,436,569,882,434
381,260,172,136,102,134,383,369,841,434
462,280,230,169,111,158,521,361,829,434
510,353,265,186,130,193,374,403,861,434
478,331,210,155,110,159,364,349,845,434
678,455,295,232,168,212,391,494,851,434
357,224,230,198,128,161,368,364,857,434
445,328,212,156,119,169,384,380,849,434
381,259,234,169,121,177,471,347,842,435
690,459,269,202,146,207,432,390,846,435
401,288,163,126,98,131,361,349,837,435
444,329,254,183,152,213,365,342,849,435
561,402,322,237,183,256,473,471,866,435
513,366,210,166,137,175,412,361,840,435
298,199,239,184,137,187,388,416,851,435
675,480,312,226,156,230,398,525,876,435
267,182,197,137,103,156,358,345,832,435
179,138,121,101,84,102,405,3,421,435
194,172,180,131,107,154,410,23,586,435
506,327,255,199,139,188,406,524,894,435
300,238,168,111,90,138,320,345,821,436
635,389,239,177,116,165,427,499,867,436
431,311,163,110,82,127,350,345,811,436
559,347,336,250,173,247,426,526,868,436
704,413,277,189,122,194,438,396,855,436
470,332,107,82,62,85,359,360,423,436
474,325,197,137,90,144,379,348,828,436
418,279,232,165,121,182,395,442,853,436
682,377,369,271,162,238,410,765,886,436
389,283,319,227,164,243,411,345,869,436
304,214,172,129,99,138,376,351,828,436
414,277,197,161,118,149,362,346,847,436
478,343,204,139,100,157,371,343,822,437
645,419,254,180,117,175,398,405,849,437
381,283,216,168,139,183,428,184,800,437
458,315,286,214,162,223,452,599,887,437
554,344,296,228,161,216,467,474,855,437
467,282,283,223,164,217,471,563,877,437
438,312,179,143,109,141,365,359,822,437
492,346,241,184,145,194,383,400,844,437
631,462,224,183,131,166,415,371,840,437
347,214,310,241,166,224,414,595,839,437
214,178,139,102,82,114,327,327,801,437
227,165,231,150,109,173,384,379,836,437
449,296,225,162,122,178,457,391,837,437
410,273,239,195,137,174,373,491,865,437
466,289,311,227,148,212,417,715,881,438
233,189,216,163,127,175,331,350,840,438
524,291,267,194,125,181,431,712,783,438
664,357,317,226,134,206,454,727,887,438
480,294,304,214,148,222,410,556,885,438
571,389,204,157,117,157,389,433,836,438
520,306,335,231,152,237,434,640,880,438
702,421,308,215,136,208,400,638,867,438
375,224,314,249,172,225,406,653,867,438
636,448,242,171,127,187,398,367,853,438
641,347,420,326,195,278,502,671,882,438
412,307,216,157,126,176,369,337,845,438
393,247,357,266,176,244,444,697,879,439
682,452,257,199,135,189,397,339,839,439
684,420,303,228,177,240,445,698,861,439
495,312,337,250,168,234,452,578,878,439
391,281,211,166,130,170,357,350,845,439
608,461,137,103,79,106,349,343,704,439
553,394,480,364,247,345,511,248,533,439
389,308,151,125,105,127,332,350,842,439
340,228,271,209,141,192,407,413,850,440
254,176,256,172,116,191,386,375,850,440
586,379,258,185,132,201,421,348,850,440
351,167,304,232,139,190,439,617,852,440
344,238,212,161,122,167,390,350,843,440
528,384,184,132,106,156,406,288,627,440
262,138,240,182,118,170,434,354,827,440
270,201,223,156,116,172,353,321,840,440
533,412,185,143,114,152,345,345,842,440
313,210,370,252,163,256,449,666,874,440
447,303,263,199,145,198,371,435,846,440
497,390,157,117,97,133,380,358,812,440
724,475,320,254,172,224,409,607,861,440
413,312,230,176,138,189,371,459,857,440
360,266,137,100,80,111,402,82,429,440
666,401,304,221,146,213,551,379,864,441
467,322,202,158,111,145,391,341,824,441
473,275,289,204,139,206,394,671,868,441
284,215,165,132,100,129,292,310,810,441
489,361,213,169,131,171,384,355,834,441
481,373,166,136,112,138,355,351,832,441
527,398,237,164,127,190,387,456,844,441
723,473,359,256,173,256,449,610,877,441
501,327,349,237,161,255,412,539,854,441
500,387,168,138,111,136,350,335,843,441
571,412,157,132,106,128,386,361,779,441
510,373,175,133,101,136,369,354,862,441
428,254,365,259,171,255,528,488,877,442
441,242,373,278,172,245,454,651,875,442
371,261,254,169,118,190,367,337,847,442
418,247,302,221,142,213,419,540,872,442
383,244,231,169,118,173,350,531,859,442
483,379,271,187,148,219,381,359,855,442
570,425,242,167,126,192,385,418,852,443
457,297,284,191,140,219,487,261,566,443
487,257,351,260,159,230,423,715,877,443
506,306,280,218,136,183,379,575,862,443
639,396,350,270,181,251,417,673,890,443
579,364,272,214,144,196,476,557,850,443
381,250,209,179,129,157,372,376,831,443
472,314,194,145,108,148,376,338,848,443
388,265,273,207,148,202,354,555,851,443
221,170,220,144,112,175,359,350,847,443
470,263,145,109,70,101,238,668,443,443
630,335,479,372,235,323,461,650,883,443
277,184,244,191,131,174,261,578,852,443
503,299,432,361,247,311,430,656,889,443
508,267,348,277,176,230,436,530,860,443
323,202,282,205,140,202,320,673,876,444
451,327,169,118,84,125,460,342,832,444
713,480,226,162,115,168,426,404,825,444
173,152,114,89,79,102,450,4,397,444
524,345,332,253,180,252,495,448,846,444
322,231,201,173,131,157,361,328,834,445
371,250,220,172,126,168,403,427,858,445
663,495,428,321,196,292,503,622,544,445
307,219,224,171,126,170,448,346,853,445
532,275,356,266,173,244,489,565,879,445
446,282,290,212,148,213,416,476,857,445
311,260,157,135,117,138,340,332,820,445
387,261,181,166,119,136,364,340,833,445
395,288,151,121,107,130,434,197,814,445
641,454,210,170,119,154,401,345,854,445
424,294,251,201,149,193,404,433,850,445
724,451,365,276,197,265,531,793,887,445
554,390,247,210,157,187,473,356,826,446
572,411,184,134,107,149,408,342,829,446
470,249,144,115,61,84,575,1,202,446
554,372,197,156,111,145,394,377,846,446
603,409,248,178,139,199,487,350,835,446
707,459,352,282,190,247,510,486,845,446
450,301,291,215,147,214,381,368,855,446
371,262,190,135,99,147,379,369,825,446
345,267,136,114,94,112,352,189,795,446
319,256,161,124,104,134,303,356,803,446
500,326,197,152,113,155,488,345,824,446
660,466,169,122,90,128,385,361,780,446
651,395,414,315,211,291,449,662,873,446
493,307,288,232,174,225,454,350,845,446
497,353,239,171,133,191,482,369,836,446
557,311,306,228,138,198,419,707,894,446
289,204,186,147,110,144,379,352,842,447
520,349,195,144,106,151,455,351,839,447
371,250,253,200,138,187,345,558,861,447
400,281,200,151,125,167,519,356,820,447
588,431,181,147,115,144,386,356,838,447
583,379,299,228,155,219,418,598,872,447
517,321,263,192,124,185,398,544,836,447
282,227,157,107,82,127,318,336,823,447
362,277,274,177,136,218,376,333,850,447
372,283,202,137,112,168,437,339,839,447
425,343,218,165,148,194,471,348,826,447
563,313,368,245,126,203,541,483,872,447
329,209,325,196,136,243,378,472,851,447
410,298,198,151,107,150,368,315,827,448
525,367,241,186,135,179,411,392,857,448
350,196,239,198,124,160,394,617,858,448
513,386,246,186,151,210,384,338,854,448
594,346,368,302,196,250,478,670,869,448
635,440,285,223,164,216,376,619,858,448
677,447,246,185,131,179,465,353,845,448
622,393,349,258,183,262,434,593,854,448
389,196,174,115,61,99,529,571,841,448
588,386,338,239,160,243,457,530,869,448
483,274,371,300,190,253,427,619,849,448
323,230,166,122,89,127,322,429,826,448
369,264,188,134,103,146,367,338,851,448
471,316,236,195,144,183,392,457,844,448
551,358,252,201,138,184,395,543,856,449
379,245,156,126,92,117,350,331,839,449
270,189,176,140,104,135,241,513,841,449
518,370,230,199,136,166,357,366,851,449
498,326,235,179,136,181,477,720,845,449
341,237,161,129,94,122,342,348,843,449
482,310,286,225,147,203,414,497,858,449
512,314,329,242,158,224,373,677,865,449
418,221,367,294,189,251,464,664,847,449
385,302,307,240,196,254,486,375,837,449
453,310,192,132,105,157,437,343,843,449
605,428,223,180,133,169,376,364,831,449
511,360,276,207,159,219,428,654,878,450
389,286,177,136,102,140,372,358,839,450
574,346,328,251,172,236,466,533,864,450
699,418,249,197,142,187,485,415,848,450
699,387,458,316,179,284,452,691,877,450
581,382,289,213,146,206,405,576,861,450
380,225,395,288,172,250,440,677,885,450
618,392,205,150,103,147,391,353,835,450
492,291,387,306,183,253,396,700,884,450
577,421,183,148,111,136,392,342,847,450
450,335,170,114,85,132,386,341,830,450
616,361,417,288,171,280,472,729,889,450
686,418,349,242,150,228,442,664,890,451
653,393,334,239,155,226,417,656,874,451
513,374,265,198,153,216,380,342,825,451
376,286,121,90,73,100,332,341,698,451
560,383,272,202,156,217,395,377,858,451
659,458,235,158,113,182,398,397,853,451
626,438,205,147,109,157,386,353,829,451
477,303,340,254,174,250,424,710,882,451
567,390,191,141,106,150,401,358,845,451
432,242,313,233,157,226,409,668,854,451
272,149,302,229,148,205,320,680,872,451
338,259,107,86,68,85,272,340,755,451
276,186,256,187,140,194,409,396,848,451
356,232,194,155,115,150,371,365,861,451
411,243,299,228,154,213,418,419,846,452
407,235,289,217,143,202,429,547,862,452
235,153,207,164,122,159,439,351,835,452
388,321,169,133,119,152,416,344,821,452
606,360,302,232,158,218,435,498,866,452
596,409,246,182,128,178,397,453,859,452
304,263,135,98,81,115,282,353,816,452
370,249,198,144,102,150,360,393,838,452
453,297,260,195,133,185,386,333,859,452
531,377,213,151,115,167,364,530,859,452
222,171,118,89,73,95,374,171,771,452
510,317,328,225,143,226,412,556,854,452
505,292,284,203,136,201,479,370,848,453
537,388,200,160,122,159,377,336,840,453
427,278,195,149,105,145,388,350,840,453
344,223,287,217,143,198,422,399,853,453
455,232,297,217,124,186,426,428,881,453
708,390,389,302,187,262,458,678,880,453
235,187,142,116,95,115,288,349,824,453
632,449,238,150,108,179,398,496,829,453
211,155,181,151,115,140,330,352,825,453
612,411,193,148,106,141,494,355,841,453
672,491,249,207,163,202,491,356,837,454
398,272,311,217,186,273,490,386,845,454
390,272,277,195,137,210,401,355,839,454
503,358,232,153,121,194,473,345,837,454
369,295,148,99,80,121,320,339,814,454
269,180,190,143,104,143,305,454,836,454
516,309,164,117,75,112,444,346,831,454
403,273,222,153,111,172,383,419,846,454
324,184,253,182,125,181,340,545,860,454
511,337,195,153,114,147,399,337,856,454
384,256,300,224,151,207,312,624,877,454
610,359,354,250,147,230,447,677,878,454
516,350,211,177,118,149,393,366,849,454
389,269,183,144,110,141,388,335,838,455
595,353,451,304,172,282,430,826,853,455
575,314,409,316,196,280,452,672,886,455
418,319,165,119,94,137,328,329,836,455
444,228,237,188,130,172,491,402,856,455
472,289,420,317,196,276,442,676,880,455
538,315,348,282,180,243,433,598,851,455
437,329,215,158,131,179,380,360,852,455
554,298,394,271,140,233,434,649,887,455
375,195,321,245,153,212,442,599,875,455
355,223,306,228,155,217,516,523,858,455
521,360,194,137,103,149,379,365,849,455
525,385,226,158,117,174,426,383,853,455
506,260,375,279,172,246,451,672,888,455
494,335,180,142,104,137,375,377,830,456
565,387,204,146,107,152,391,334,866,456
701,476,317,251,176,238,403,394,840,456
614,310,376,279,163,236,470,702,878,456
575,431,157,119,98,129,363,359,836,456
607,400,268,204,143,203,404,389,853,456
671,391,427,331,216,300,420,653,874,456
578,393,235,186,133,176,429,462,848,456
528,400,177,147,119,148,380,354,697,456
495,350,194,153,118,154,385,367,825,456
646,473,199,156,120,158,410,362,853,456
708,467,249,197,140,182,415,459,861,456
214,197,263,157,155,262,359,2,213,456
337,210,225,179,127,171,370,452,839,456
590,381,308,213,145,231,416,538,869,456
733,471,302,247,173,217,415,618,854,457
403,308,219,143,112,177,356,345,819,457
359,235,255,177,122,184,409,347,796,457
596,438,194,160,124,154,374,329,844,457
270,247,141,100,94,132,340,1,241,457
544,372,281,215,164,222,406,646,857,457
458,312,203,157,114,152,388,477,863,457
352,279,214,166,125,162,385,342,832,457
574,329,296,240,151,198,419,661,883,457
316,210,137,105,77,104,349,345,804,457
389,240,234,178,128,166,481,347,847,457
325,226,236,176,149,201,458,566,872,457
572,333,350,268,155,215,374,586,870,457
534,337,277,204,140,197,419,459,865,457
666,484,181,140,106,143,386,363,812,457
575,335,336,229,144,232,441,684,882,457
363,190,136,96,59,91,445,506,840,458
599,387,181,153,106,129,503,343,816,458
302,241,201,126,92,155,359,340,844,458
303,211,301,212,152,228,402,428,855,458
449,324,271,188,139,207,388,363,847,458
470,348,207,171,134,167,397,350,821,458
298,211,236,158,112,176,398,362,837,458
449,363,110,85,71,94,292,358,826,458
360,243,220,171,130,169,386,367,848,458
661,409,125,95,64,89,361,682,436,458
486,312,283,208,153,215,429,394,863,458
555,337,339,276,187,239,419,470,903,458
561,383,272,215,147,195,334,553,856,459
391,292,154,109,89,127,314,343,818,459
637,443,210,175,131,161,393,359,836,459
619,345,411,296,187,282,472,582,870,459
427,294,179,151,110,137,354,316,842,459
587,379,304,240,172,228,417,698,883,459
514,277,292,199,131,205,475,358,849,459
729,453,311,247,159,214,432,650,866,459
429,306,243,177,135,192,381,358,855,459
345,265,164,109,83,129,335,331,827,459
527,351,240,181,137,183,404,449,854,460
476,289,169,146,113,127,484,338,806,460
622,327,451,312,187,280,439,808,870,460
390,272,329,265,179,241,308,671,861,460
543,393,203,159,128,168,385,355,834,460
425,256,323,250,166,228,411,694,865,460
590,358,333,261,162,218,490,738,878,460
608,397,284,193,127,202,421,424,844,460
312,212,205,170,124,152,365,349,838,460
230,188,160,106,84,130,309,322,686,460
593,322,429,306,189,278,462,719,879,460
536,384,201,159,120,156,388,411,843,460
698,431,316,220,144,211,533,459,846,460
328,262,262,212,177,226,464,335,810,460
593,368,233,172,117,160,416,371,866,460
461,364,222,148,126,191,450,218,812,460
656,402,282,200,140,207,406,532,870,460
428,286,165,117,85,125,431,357,824,460
690,398,285,224,138,189,444,593,868,461
504,329,197,159,108,142,395,350,851,461
352,280,114,84,66,92,540,4,137,461
364,214,174,149,111,132,481,351,821,461
554,310,368,268,173,245,437,677,876,461
539,300,248,211,132,170,405,631,871,461
245,176,223,154,115,173,388,384,842,461
609,402,270,218,146,192,415,555,842,461
241,174,243,174,131,186,339,436,853,461
401,263,198,149,107,146,385,349,844,461
518,285,465,300,157,268,458,720,891,461
644,422,327,263,193,244,490,566,878,461
231,172,254,168,122,197,372,352,847,461
459,334,166,119,92,132,347,347,834,461
409,308,194,140,113,159,349,333,817,462
398,265,258,183,134,200,405,564,864,462
426,268,285,219,136,189,327,561,844,462
494,281,295,226,139,196,421,673,870,462
433,281,171,134,93,123,376,337,855,462
306,196,202,157,116,153,347,344,849,462
398,268,329,235,161,234,316,671,875,462
553,367,231,185,147,190,480,344,822,462
374,281,138,104,82,110,331,344,813,462
457,319,206,141,106,161,392,359,839,462
619,385,347,248,172,254,428,391,843,462
516,305,228,189,126,158,459,357,859,462
460,335,159,118,89,126,367,367,822,462
501,312,226,173,127,175,463,526,863,462
233,169,304,240,171,229,366,423,838,462
606,457,171,119,91,136,354,354,826,462
498,263,144,114,65,91,376,675,523,463
385,320,167,118,99,143,316,325,810,463
676,421,364,299,210,260,422,675,889,463
295,199,288,198,135,208,406,542,869,463
358,208,277,202,136,198,416,434,863,463
474,322,323,209,143,242,369,358,834,463
566,403,175,139,100,132,384,364,828,464
317,210,249,168,120,186,391,425,852,464
431,384,125,84,77,114,378,101,775,464
643,404,315,247,176,238,403,686,870,464
370,281,179,136,106,140,351,351,807,464
566,417,184,142,117,152,423,343,839,464
321,206,228,164,119,173,380,338,843,464
313,207,238,176,127,181,368,400,845,464
599,414,183,164,118,136,385,349,850,464
390,248,244,181,124,176,392,457,857,465
347,221,290,202,138,206,408,464,861,465
527,326,336,247,175,252,497,626,865,465
482,335,215,152,114,168,370,385,842,465
346,257,164,134,103,131,340,347,823,465
426,236,352,259,153,230,418,699,881,465
412,302,193,138,110,157,343,337,850,465
533,309,322,235,152,225,417,555,855,465
555,400,218,147,116,177,492,297,677,466
429,266,230,168,113,162,397,463,831,466
341,245,196,148,113,155,421,341,841,466
481,383,157,122,96,129,349,359,810,466
425,290,196,133,96,148,383,353,828,466
341,196,223,164,108,157,394,483,847,466
611,465,130,96,77,106,375,347,653,466
588,336,305,225,143,208,402,688,876,466
349,237,208,144,108,163,335,342,835,466
284,205,230,171,120,168,365,382,857,466
572,328,343,214,137,230,432,646,888,466
638,485,208,152,120,173,380,361,785,466
667,400,360,255,168,247,424,641,856,466
358,289,206,142,116,172,384,347,823,466
510,388,125,109,91,104,336,345,766,466
717,432,251,183,126,186,431,670,858,467
221,171,169,119,91,130,273,358,846,467
403,317,124,101,79,99,318,346,807,467
706,488,288,200,150,226,401,503,832,467
639,331,484,378,233,316,472,706,908,467
674,417,340,263,185,246,452,594,878,467
521,336,298,200,133,211,373,408,841,467
543,308,246,196,132,179,400,544,851,467
713,421,356,234,138,242,524,500,863,467
473,319,164,127,94,124,373,353,856,467
532,377,160,120,90,123,363,356,842,467
411,285,346,242,146,238,397,580,870,467
498,333,211,172,127,158,381,391,857,468
471,364,219,166,137,183,396,352,842,468
470,329,191,142,106,151,381,363,833,468
534,346,362,261,164,238,387,679,874,468
340,217,286,214,150,212,402,379,844,468
504,388,190,150,118,154,378,347,848,468
564,294,353,271,169,235,443,685,887,468
429,293,156,111,87,123,369,345,820,468
481,355,195,127,87,145,334,338,814,468
326,243,198,145,112,162,328,346,842,468
692,400,331,251,168,240,420,710,880,468
510,355,195,147,117,154,486,366,836,469
612,390,249,200,136,180,419,424,852,469
336,247,202,158,120,161,362,351,832,469
630,410,315,210,137,216,495,585,868,469
336,232,199,149,105,147,372,347,845,469
332,220,178,136,96,133,382,357,846,469
501,379,176,134,107,145,351,335,843,469
402,278,187,147,110,150,348,335,832,469
522,279,357,292,176,227,448,690,874,469
510,376,195,159,122,156,345,346,843,469
697,431,257,199,142,188,416,488,853,469
660,422,285,241,173,209,430,632,853,469
611,393,293,230,161,215,388,708,865,469
384,222,377,263,172,266,422,641,876,469
587,425,194,147,108,147,395,353,842,469
410,309,209,157,124,170,384,372,837,469
438,327,178,133,99,139,383,348,836,469
429,275,258,182,132,197,406,488,858,469
562,421,173,144,109,135,363,375,840,469
323,198,238,174,111,165,402,436,839,469
457,274,271,204,145,203,401,539,834,469
353,278,157,118,94,129,311,336,820,470
554,372,302,209,143,218,414,497,866,470
269,159,296,220,146,208,535,387,844,470
322,216,302,238,136,186,310,680,875,470
318,202,281,190,126,201,416,581,877,470
638,429,286,213,153,209,410,425,855,470
715,431,322,242,169,231,447,668,874,470
374,295,222,159,123,179,322,310,832,470
561,312,351,241,139,227,466,1023,850,470
461,263,368,286,179,246,446,713,879,470
381,253,158,112,81,119,321,711,447,470
574,344,365,283,170,240,435,655,885,470
665,468,238,199,149,180,380,350,852,470
569,382,339,243,173,255,486,619,857,471
509,373,188,143,107,145,380,358,838,471
562,402,217,155,127,181,379,354,825,471
301,274,101,83,82,96,353,1,182,471
268,166,219,168,113,156,371,378,832,471
678,458,297,212,149,220,410,343,861,471
684,448,241,178,123,176,425,371,844,471
420,282,190,148,105,139,369,338,845,472
664,496,217,159,121,170,393,343,817,472
335,245,271,185,126,198,387,531,869,472
595,389,399,331,229,286,492,579,863,472
528,375,261,182,135,198,386,332,854,472
610,425,285,209,165,226,417,448,857,472
705,476,293,230,169,220,392,448,844,472
407,318,135,111,92,114,348,340,817,472
479,331,177,131,92,133,383,443,854,472
502,353,272,232,169,207,405,345,864,472
561,341,329,244,160,230,445,560,850,472
387,260,217,168,123,164,366,347,851,472
413,251,231,168,119,170,415,630,861,472
657,463,280,183,133,221,425,367,864,472
309,240,191,146,121,160,339,331,824,472
432,283,317,226,146,219,370,462,843,472
461,315,269,203,144,197,404,506,844,472
448,270,246,191,130,176,393,571,866,472
469,271,354,259,163,232,438,682,884,472
508,351,178,137,99,136,365,344,847,472
521,388,239,172,135,188,334,542,849,472
506,343,234,179,126,182,387,354,846,472
324,207,365,243,143,232,422,645,889,472
435,243,405,298,188,278,422,661,884,472
598,365,224,176,110,145,465,338,849,473
392,280,121,90,68,93,334,335,787,473
682,469,190,148,110,145,391,381,854,473
311,237,141,105,83,113,299,490,853,473
452,248,327,247,159,217,451,608,847,473
460,285,253,187,120,172,409,476,849,473
473,283,261,191,121,179,362,559,871,473
509,364,140,109,85,112,311,675,424,473
640,373,416,282,176,287,457,704,873,473
582,411,115,86,62,87,354,718,443,473
717,458,264,206,139,188,416,573,874,473
523,388,229,186,154,190,474,354,829,473
667,392,344,263,180,254,445,481,864,473
493,296,258,210,154,195,457,683,872,473
481,370,204,147,124,175,469,347,825,473
429,319,210,142,113,172,360,343,816,474
540,321,183,131,98,140,483,365,846,474
286,166,256,200,119,170,350,627,852,474
254,194,190,129,102,153,306,346,837,474
461,331,236,188,141,181,299,560,846,474
521,282,337,286,194,234,436,616,867,474
512,388,214,169,141,180,378,349,859,474
585,342,495,414,260,329,367,994,920,474
343,233,211,154,112,162,378,345,848,474
497,336,230,183,143,183,380,349,839,474
201,165,189,152,123,149,485,90,432,474
439,332,136,98,77,111,345,268,802,474
509,366,185,138,116,156,507,351,847,475
589,336,134,115,73,89,373,677,444,475
330,222,251,189,146,202,418,564,861,475
611,339,385,270,165,250,471,685,895,475
384,270,175,138,108,138,357,336,853,475
346,268,121,86,66,96,293,344,712,475
711,464,258,185,121,180,405,394,832,475
582,309,292,193,127,205,442,699,837,475
489,357,208,160,119,162,373,356,851,475
499,302,326,246,167,237,421,590,874,475
376,247,236,189,131,177,383,448,846,475
550,419,239,174,143,197,383,341,833,475
515,297,338,246,146,220,429,645,884,476
687,471,235,171,129,185,432,349,840,476
357,249,323,212,154,245,385,408,847,476
356,263,229,150,112,185,348,323,843,476
313,297,201,133,116,174,412,89,578,476
486,289,325,238,149,222,434,591,868,476
552,323,216,169,135,173,495,363,843,476
574,354,285,222,158,217,414,350,864,476
520,371,358,260,198,293,490,338,654,476
529,373,205,146,109,160,381,348,844,476
324,212,254,193,134,185,381,398,856,476
509,328,176,127,97,138,497,369,846,476
463,282,158,132,94,118,496,364,787,476
672,453,303,253,156,191,434,679,886,476
692,459,283,225,147,193,402,529,865,476
406,262,249,188,132,185,365,539,864,477
414,317,175,118,91,139,362,348,846,477
348,225,244,186,136,183,316,491,830,477
206,143,218,140,96,158,384,379,874,477
402,297,205,137,111,169,368,342,821,477
656,404,217,178,125,158,498,347,823,477
502,263,449,325,190,280,473,605,881,477
390,297,216,151,117,172,431,366,836,477
401,236,294,220,151,210,419,595,868,477
506,331,336,265,194,255,408,658,885,477
452,335,191,137,101,146,397,338,850,477
401,225,299,237,154,206,500,549,856,477
489,330,220,173,122,159,477,324,844,477
239,191,157,121,98,129,350,145,794,477
413,319,206,149,115,165,389,410,850,478
554,344,350,274,193,261,417,705,881,478
493,288,355,275,196,257,459,652,867,478
465,323,221,178,137,173,382,369,833,478
342,220,258,171,124,192,400,370,860,478
604,385,251,188,134,187,418,674,874,478
216,169,168,138,114,141,451,31,625,478
390,270,268,175,123,205,367,506,853,478
168,141,175,128,112,150,293,339,826,478
532,402,183,150,122,151,368,342,826,479
518,395,208,130,97,166,374,348,824,479
705,474,218,190,134,159,404,563,848,479
190,144,146,112,86,115,344,334,838,479
413,229,307,234,151,214,400,506,862,479
525,317,386,270,173,266,387,649,872,479
586,440,138,125,99,109,376,358,693,479
219,143,235,165,110,168,332,336,851,479
391,274,213,136,97,162,391,365,823,480
561,402,217,152,115,172,395,366,841,480
372,193,230,172,120,162,501,354,841,480
560,393,162,126,95,128,374,346,829,480
412,269,258,188,136,194,385,446,847,480
449,299,307,225,155,220,330,643,873,480
479,326,224,166,124,174,375,401,834,480
380,292,236,176,155,207,402,357,847,480
406,218,359,266,166,242,415,689,895,480
241,209,110,85,72,95,217,324,648,480
708,435,327,240,155,228,425,611,861,481
529,397,184,132,103,148,370,347,841,481
308,227,137,107,91,114,393,346,825,481
412,311,178,125,102,144,303,326,832,481
260,171,250,200,124,173,343,536,877,481
612,421,291,219,167,225,397,361,845,481
495,364,142,103,82,114,360,351,825,481
459,246,410,282,158,245,455,684,896,481
272,162,245,195,130,171,365,452,876,481
333,267,161,118,94,132,274,329,801,481
509,376,206,165,126,162,368,376,854,481
682,453,294,209,146,215,489,431,846,482
544,393,388,275,222,322,460,3,182,482
503,317,316,238,178,242,496,604,875,482
445,275,169,127,99,132,486,345,838,482
456,299,309,221,158,230,415,698,905,482
426,328,175,127,104,148,355,284,790,482
420,307,209,165,125,168,346,331,822,482
488,320,309,266,180,220,379,614,878,482
561,420,248,169,128,197,448,346,847,482
565,439,197,138,115,165,388,341,811,482
606,443,404,290,227,320,494,675,889,482
515,357,298,216,152,220,396,451,855,482
626,397,367,270,187,270,453,712,858,482
481,323,267,214,152,199,369,629,859,482
239,181,194,147,115,159,309,343,829,482
476,357,212,151,121,176,381,364,831,482
528,385,151,113,86,119,378,353,804,483
614,386,282,205,139,204,414,502,782,483
602,456,180,146,116,145,370,347,804,483
396,311,240,184,167,215,454,429,855,483
710,465,308,230,167,225,391,718,878,483
394,319,163,116,96,136,311,340,813,483
587,407,173,130,95,127,419,363,862,483
377,228,250,191,128,182,400,563,858,483
618,446,206,155,126,173,407,366,820,483
346,239,263,185,129,197,380,349,856,483
515,279,464,334,195,296,463,685,887,484
451,340,240,201,158,192,398,424,854,484
706,459,280,191,128,205,420,579,856,484
439,238,460,362,212,292,459,709,888,484
620,415,239,187,137,183,400,365,856,484
324,205,205,151,109,155,373,346,845,484
163,161,191,130,130,186,416,2,194,484
633,328,224,172,114,155,401,699,809,484
338,187,424,306,143,212,263,1023,912,484
526,367,236,176,121,170,351,507,836,484
360,219,306,236,155,218,399,611,870,484
397,317,227,150,126,195,370,355,829,484
341,253,188,146,111,148,373,354,838,484
324,223,180,147,114,144,369,342,840,484
408,254,300,216,145,211,392,603,863,485
511,368,274,191,147,218,461,349,826,485
443,268,366,275,185,258,449,707,883,485
631,421,535,372,264,406,527,833,905,485
340,225,227,193,148,176,383,580,848,485
686,458,318,232,165,233,423,451,859,485
541,277,354,274,158,218,431,696,890,485
647,365,358,278,173,238,451,652,881,485
530,401,260,213,172,211,419,448,878,485
330,249,202,158,123,158,348,357,821,485
441,333,190,149,119,154,375,279,798,485
553,426,156,117,95,130,357,355,814,485
588,308,287,227,148,202,516,703,876,485
521,293,290,229,149,196,426,698,866,485
375,293,117,91,73,97,312,335,767,485
507,324,265,202,144,200,403,532,844,485
544,380,239,172,127,178,418,353,865,485
450,315,161,122,95,128,348,333,850,486
696,407,591,419,214,318,483,1010,856,486
588,382,294,235,170,222,434,513,862,486
209,195,128,93,91,124,321,1,211,486
510,412,143,93,77,122,331,339,823,486
535,359,235,168,126,182,492,556,854,486
667,490,179,125,92,140,369,353,860,486
250,178,249,176,122,181,394,454,850,486
400,285,189,145,112,153,449,377,829,486
611,323,763,569,242,339,565,1023,932,486
385,277,246,162,116,185,423,342,839,486
438,286,205,139,97,150,390,350,843,486
326,193,272,205,141,199,368,572,885,486
412,260,220,153,103,159,426,351,845,487
579,439,256,182,149,215,476,354,846,487
581,370,420,310,214,305,402,678,900,487
625,361,393,310,184,253,431,555,876,487
485,233,363,269,159,230,446,678,875,487
513,387,122,89,70,99,362,369,821,487
443,273,252,193,129,183,406,397,848,487
227,170,175,155,112,131,438,1,184,487
518,366,296,203,154,234,514,546,851,487
409,266,328,253,172,231,347,654,866,487
443,299,298,218,163,232,485,568,860,487
472,302,299,215,160,231,404,476,846,487
278,191,178,141,104,134,318,362,835,487
485,341,218,159,120,169,364,338,821,488
508,291,330,246,148,219,486,648,871,488
390,256,208,149,103,154,415,382,863,488
503,287,296,212,128,192,412,492,860,488
368,206,280,198,133,199,396,563,855,488
354,291,110,94,83,97,291,338,808,488
656,362,424,334,192,278,445,667,887,488
245,206,164,140,124,141,268,330,830,488
626,438,483,330,245,380,522,275,699,488
378,266,276,203,148,208,394,344,848,488
472,341,179,130,97,138,371,344,845,488
560,329,300,251,156,204,412,651,893,488
268,224,100,62,52,86,352,170,796,489
428,277,203,148,108,155,475,346,835,489
580,327,351,270,173,246,428,610,872,489
406,266,224,181,122,160,371,433,856,489
455,267,337,263,167,221,447,715,871,489
489,275,282,203,131,193,436,548,858,489
492,324,233,180,123,163,398,280,876,489
675,417,115,90,64,84,407,697,515,489
721,402,347,260,190,264,567,719,880,489
584,349,426,307,198,290,466,712,889,490
480,321,242,168,119,179,395,352,847,490
344,218,219,157,109,161,459,352,843,490
280,217,212,150,114,166,334,347,837,490
466,284,157,126,100,124,510,339,797,490
191,170,103,95,88,94,378,50,382,490
526,375,282,230,167,217,412,387,843,490
534,319,367,271,181,252,446,658,874,490
518,365,224,179,140,180,379,362,828,490
443,310,205,140,105,157,357,340,845,490
572,304,349,261,164,233,452,693,874,490
548,311,421,314,208,288,558,624,865,490
579,412,186,125,90,143,373,348,818,490
533,333,303,225,163,226,414,573,836,490
356,285,180,120,94,147,383,286,829,490
511,293,259,197,131,174,462,399,870,490
350,232,226,156,109,164,384,462,857,491
202,135,146,118,86,110,326,346,817,491
461,348,257,175,125,192,377,335,824,491
382,225,292,217,128,191,459,665,859,491
673,371,327,260,171,224,507,648,879,491
487,355,222,174,130,174,370,331,832,491
405,306,285,255,197,225,447,337,840,491
389,271,320,245,177,239,424,349,840,491
527,348,123,96,65,87,359,705,465,491
277,175,229,166,112,161,389,401,847,491
219,178,129,106,89,110,297,341,828,491
244,164,220,169,120,166,380,336,835,491
231,192,137,102,83,116,264,351,816,491
387,252,259,202,152,196,378,477,849,492
595,370,265,209,139,188,383,363,852,492
307,205,185,127,93,140,357,328,845,492
233,191,176,126,105,150,348,351,834,492
460,300,272,193,147,214,391,458,857,492
316,187,281,203,124,185,486,412,855,492
578,413,356,245,181,285,545,501,848,492
503,256,346,259,149,211,522,707,894,492
655,398,371,297,179,246,460,677,871,492
443,323,204,162,132,167,345,450,853,492
574,414,235,199,156,186,392,342,818,492
291,209,146,129,105,119,330,353,822,492
485,348,191,161,115,144,379,339,828,492
389,259,388,279,189,270,292,768,901,493
400,278,317,222,152,228,415,587,863,493
508,278,331,289,196,232,494,491,832,493
408,269,218,171,124,168,385,447,831,493
390,246,331,260,189,244,463,659,855,493
403,302,270,212,157,205,402,428,844,493
384,261,184,143,107,144,362,378,838,493
529,333,123,88,64,94,382,728,454,493
596,387,312,220,162,240,508,353,849,493
531,382,185,143,104,146,392,336,839,493
488,330,217,149,108,163,448,347,838,493
613,448,209,152,118,168,385,338,823,493
618,411,237,178,127,179,400,353,829,493
271,207,194,159,122,153,303,431,824,493
499,315,178,159,110,130,468,343,851,493
632,455,231,169,131,182,404,394,839,493
463,330,209,165,128,167,367,347,832,494
307,196,228,163,124,179,378,353,839,494
358,273,214,147,113,172,373,332,842,494
725,415,358,253,153,232,447,689,880,494
362,196,289,223,130,183,415,535,859,494
352,280,127,96,77,104,336,339,825,494
524,382,225,156,118,176,375,374,852,494
556,371,282,216,135,193,400,696,859,494
460,265,162,112,68,108,393,695,513,494
486,317,276,204,141,199,366,607,874,494
359,260,370,277,182,259,359,774,901,494
549,375,286,235,167,214,386,647,852,495
316,230,232,188,142,182,339,338,840,495
586,323,299,222,135,189,427,680,884,495
724,453,329,231,153,232,418,549,865,495
603,391,283,232,157,203,415,611,864,495
486,299,269,218,152,199,408,592,837,495
555,410,139,114,87,111,367,346,824,495
190,161,142,116,96,119,250,343,821,495
360,256,169,133,105,137,343,351,836,495
360,238,389,279,190,281,437,629,878,495
643,385,332,246,156,220,469,527,862,495
388,269,224,156,118,177,388,341,845,495
469,329,233,184,143,188,400,346,846,495
537,401,147,114,91,119,355,352,826,496
434,318,324,207,154,258,371,410,845,496
573,341,236,184,116,161,421,502,842,496
667,413,272,199,126,186,414,644,864,496
321,241,110,79,59,85,316,345,697,496
411,263,263,204,145,191,380,674,870,496
505,348,238,189,146,188,409,423,843,496
421,289,194,138,108,154,352,336,830,496
399,271,249,184,126,182,350,452,855,496
392,254,241,183,132,181,374,481,825,496
468,306,344,242,166,252,407,570,860,497
515,330,300,231,162,217,416,655,883,497
594,390,221,191,136,163,383,473,849,497
653,475,163,121,89,125,346,345,817,497
488,366,162,127,105,134,422,370,838,497
332,179,246,201,148,186,474,371,831,497
206,145,244,177,123,178,365,375,835,497
448,314,149,109,77,115,384,367,831,497
539,373,191,155,114,150,396,382,848,497
582,330,363,275,169,243,418,659,877,497
408,241,277,203,135,198,385,599,866,497
601,323,433,307,188,270,468,617,885,497
595,422,293,240,178,220,410,355,843,497
392,259,254,186,126,186,453,478,853,498
310,190,308,234,147,202,297,650,874,498
439,341,254,174,141,209,343,343,819,498
477,317,245,168,122,189,381,535,858,498
525,382,253,181,136,204,389,345,824,498
397,263,181,145,112,144,373,382,826,498
541,354,264,219,153,192,404,481,861,498
648,370,369,269,153,234,439,636,894,498
225,172,173,125,96,136,335,340,811,498
276,191,205,163,119,156,348,363,831,498
694,435,327,230,147,225,443,646,883,498
457,328,212,166,125,163,378,369,841,498
564,372,289,210,139,206,411,391,846,498
211,162,154,118,93,122,282,336,824,498
592,431,195,145,117,159,429,386,673,499
498,351,338,267,209,265,487,610,882,499
660,437,290,218,155,218,494,460,859,499
254,182,187,138,102,143,318,339,827,499
413,311,195,146,115,159,387,355,811,499
430,272,254,203,148,190,275,636,853,499
471,372,308,231,195,262,496,707,876,499
489,389,182,128,102,153,348,332,833,499
448,268,321,239,157,226,425,676,877,499
614,430,215,156,117,166,474,353,912,499
366,273,158,117,95,129,344,338,815,499
234,170,253,183,137,194,281,466,860,499
303,194,332,218,156,253,520,346,857,499
650,466,247,175,142,205,402,390,851,499
369,251,269,179,127,197,359,389,865,500
604,372,272,209,135,186,413,383,846,500
379,272,190,145,118,156,368,348,817,500
321,206,310,210,141,219,424,600,868,500
334,201,265,195,139,202,433,414,857,500
481,343,222,190,142,171,373,451,837,500
487,320,226,165,107,151,489,303,837,500
724,477,301,227,157,222,451,635,875,500
659,418,290,232,160,212,499,489,873,500
678,446,274,196,141,209,461,362,831,500
394,223,178,144,100,130,649,0,145,500
483,260,288,219,135,193,459,629,896,500
303,188,235,183,125,168,377,354,843,500
463,316,295,234,166,220,380,489,850,500
384,222,371,269,166,243,457,708,878,501
279,250,105,86,79,96,443,2,393,501
616,452,293,236,180,238,384,334,838,501
382,234,214,167,116,159,396,418,846,501
461,237,350,280,165,219,410,718,882,501
560,383,268,192,145,208,411,572,859,501
635,422,298,234,171,223,451,481,850,501
476,348,270,199,147,212,402,372,840,501
336,261,300,213,180,256,451,80,507,501
573,368,306,258,187,221,415,699,878,501
480,300,255,187,116,167,410,552,867,501
294,208,159,124,94,123,350,348,761,501
314,263,146,113,97,126,320,326,816,501
398,226,386,288,177,246,372,675,870,501
617,399,317,248,180,243,433,570,865,501
505,348,214,162,119,163,390,386,842,501
307,208,158,107,76,116,388,348,838,502
373,218,322,237,166,231,428,562,879,502
540,308,353,256,162,239,440,660,878,502
520,360,220,177,135,173,390,368,843,502
671,432,344,251,175,252,472,486,860,502
586,355,393,288,180,273,463,695,874,502
594,358,274,212,150,202,416,518,862,502
474,360,246,177,128,185,356,561,860,502
609,365,324,262,177,226,421,651,876,502
471,320,161,121,90,122,370,348,841,502
515,375,181,147,118,150,389,359,825,503
372,263,165,139,108,130,370,353,831,503
416,276,412,317,211,288,535,537,855,503
624,381,300,222,147,213,435,681,874,503
488,287,294,228,153,207,417,516,859,503
407,313,118,87,70,98,322,409,652,503
195,158,219,159,131,182,413,352,835,503
418,252,261,241,166,183,364,600,867,503
503,357,234,171,119,171,384,372,838,503
217,191,112,82,74,103,350,31,333,503
385,235,192,137,92,135,368,349,844,503
500,301,274,182,119,192,391,467,864,503
239,191,175,125,97,138,326,324,820,503
382,224,356,282,177,234,454,692,874,503
563,439,192,155,124,155,381,333,826,503
436,299,262,205,165,216,489,523,860,504
579,410,284,254,194,224,431,335,836,504
403,306,144,111,90,121,355,345,808,504
496,285,429,345,228,305,431,695,886,504
506,365,233,173,131,189,362,334,841,504
650,439,404,307,229,308,453,706,887,504
373,242,223,187,134,165,383,481,838,504
247,133,188,133,92,139,438,378,822,504
462,301,155,122,93,120,452,343,805,504
466,281,351,247,156,237,440,594,868,505
269,192,294,228,172,228,418,566,820,505
568,404,298,230,157,215,410,457,861,505
465,270,353,248,164,249,430,592,863,505
478,315,232,174,123,171,397,347,842,505
250,184,112,87,70,91,346,211,813,505
384,245,244,191,121,164,329,598,857,505
501,321,373,266,184,266,476,1023,891,505
347,243,238,190,145,188,384,372,832,505
380,282,229,166,120,175,381,335,855,506
510,344,208,176,123,149,383,385,852,506
527,370,246,201,153,192,400,483,851,506
503,386,174,121,95,140,362,351,833,506
340,213,223,183,130,169,348,512,846,506
430,325,226,159,121,183,364,350,831,506
545,393,256,198,151,199,401,369,842,506
523,403,156,110,88,127,354,358,814,506
394,271,189,138,102,142,390,352,843,506
282,195,273,214,154,205,364,397,855,506
332,235,214,165,122,167,361,332,822,506
395,325,145,101,83,122,309,151,808,507
550,350,294,207,146,215,417,513,855,507
313,212,114,78,61,91,294,335,680,507
701,481,260,213,160,202,424,457,859,507
606,334,433,333,212,291,448,717,889,507
555,399,169,128,98,133,386,334,834,507
462,290,320,222,143,217,420,478,855,507
420,319,318,269,214,256,570,9,527,507
257,153,241,193,119,159,354,549,843,507
485,319,251,196,136,182,395,478,844,507
651,408,277,199,140,206,413,634,874,507
270,206,147,117,95,123,339,338,820,508
558,380,242,183,136,187,417,346,845,508
539,396,190,142,113,156,385,349,829,508
365,229,346,267,179,242,355,646,873,508
417,260,269,199,142,204,386,422,863,508
549,359,256,175,112,176,406,353,833,508
428,283,263,185,126,193,404,351,852,508
468,284,253,189,140,192,456,553,865,508
277,179,224,160,114,167,378,345,857,509
603,359,342,252,167,245,429,684,866,509
369,239,264,195,138,201,372,486,848,509
308,219,168,127,96,134,343,375,816,509
349,289,142,94,76,116,544,4,516,509
229,205,108,72,67,100,375,59,331,509
632,386,438,354,221,299,417,741,883,509
684,433,351,280,211,261,431,600,864,509
710,450,340,255,185,254,461,615,870,509
493,305,260,222,151,186,415,573,870,509
616,432,230,174,133,181,427,444,833,509
322,254,245,171,134,196,349,326,825,509
453,325,210,158,123,167,375,451,840,509
291,213,214,154,112,163,428,361,827,509
506,385,227,158,120,180,416,340,847,509
432,303,236,177,139,189,381,343,838,509
490,314,237,186,123,166,395,365,840,510
426,360,205,161,133,177,401,2,186,510
729,417,334,249,149,214,438,588,871,510
320,222,220,161,130,181,495,349,855,510
636,432,193,142,99,143,394,351,838,510
465,341,141,109,87,115,370,360,832,510
225,165,189,148,125,160,333,348,815,510
533,323,291,216,137,195,430,706,872,510
552,282,342,257,167,236,502,653,865,510
655,433,298,217,154,229,399,516,854,510
328,239,223,178,129,169,302,475,841,510
462,317,203,156,112,152,387,386,837,510
428,288,249,160,111,183,400,433,840,510
462,252,363,257,156,238,452,694,887,510
238,190,114,80,67,98,297,163,784,510
260,163,256,211,141,178,344,385,841,511
432,294,238,158,120,195,371,345,843,511
273,213,155,111,90,131,302,344,802,511
513,248,392,298,171,239,450,668,877,511
318,242,155,118,92,122,422,348,812,511
392,278,158,116,84,122,421,274,461,511
646,442,280,214,149,206,417,353,863,511
652,348,200,143,85,128,451,1011,906,512
439,308,231,179,131,181,388,356,840,512
612,449,187,139,105,146,396,354,841,512
295,225,239,183,154,199,460,342,835,512
575,349,276,197,132,198,414,609,847,512
550,327,344,272,161,214,435,758,909,512
329,213,215,165,125,169,376,354,830,512
437,249,291,247,157,199,379,664,860,512
562,343,292,209,146,214,449,485,860,512
471,342,204,152,116,161,389,349,868,512
603,412,222,159,116,168,393,383,849,512
315,206,230,171,124,172,360,381,868,512
380,304,204,166,131,166,373,345,845,512
347,218,393,296,188,263,449,693,888,512
475,367,185,148,120,153,344,334,844,512
478,313,141,108,87,116,345,376,775,512
639,338,499,328,172,297,464,615,885,513
212,155,186,122,91,147,325,328,835,513
528,275,384,324,188,245,446,704,890,513
496,354,185,125,90,141,375,345,847,513
605,382,342,245,167,252,466,638,880,513
305,182,288,214,137,199,376,697,860,513
643,451,203,145,107,158,395,356,851,513
637,427,290,227,152,207,415,369,847,513
469,266,354,263,162,234,426,716,887,513
585,377,359,292,202,261,441,685,882,513
441,309,273,202,149,211,374,462,868,514
574,414,191,150,115,148,391,352,846,514
329,240,168,123,97,134,356,341,818,514
656,383,556,418,249,357,453,1023,921,514
434,278,254,184,130,189,407,426,846,514
476,359,190,150,119,156,379,350,841,514
682,398,282,208,134,197,401,615,864,514
355,231,388,268,169,254,408,559,866,514
527,396,203,155,117,155,382,354,831,514
516,372,219,176,127,164,381,359,833,514
263,200,149,124,100,125,302,353,828,515
300,211,177,138,104,138,358,357,851,515
603,401,232,178,120,169,412,463,831,515
347,277,106,76,61,88,257,721,431,515
611,328,331,237,135,204,536,786,888,515
574,367,379,278,226,313,504,706,868,515
681,456,346,274,204,266,439,620,877,515
582,420,216,174,135,171,380,329,821,515
601,426,235,183,140,183,387,349,825,515
431,243,257,205,129,177,387,445,863,516
595,421,167,135,104,131,392,352,838,516
603,427,217,160,113,161,400,355,819,516
665,418,272,203,140,196,432,702,872,516
342,281,141,110,90,119,306,352,829,516
667,435,225,177,123,162,397,400,856,516
732,450,436,323,217,306,519,620,867,516
595,452,147,123,96,116,376,300,827,516
559,357,249,217,167,198,490,498,829,516
441,326,186,138,107,152,349,344,824,516
399,275,182,132,97,142,365,355,832,517
500,354,243,186,132,182,383,355,827,517
377,278,175,133,102,138,302,393,849,517
440,287,315,230,165,237,411,429,859,517
588,321,360,268,164,238,435,533,876,517
521,318,469,356,241,329,520,549,844,517
388,276,266,191,133,196,393,379,859,517
535,387,275,219,158,196,376,364,855,517
530,333,338,254,166,243,427,664,880,517
527,296,303,233,172,229,532,357,839,517
347,213,292,231,150,200,380,704,878,518
493,339,181,146,107,137,390,345,826,518
457,252,404,279,170,262,473,634,886,518
543,312,364,276,186,264,429,653,872,518
607,400,342,236,174,262,516,572,864,518
333,221,215,161,118,162,422,373,848,518
327,281,122,91,79,106,294,339,842,518
491,388,257,176,139,210,414,349,846,518
365,222,201,146,100,148,386,341,854,518
573,408,134,107,80,105,379,349,622,518
607,340,373,277,176,253,516,674,887,518
445,317,215,172,132,171,380,366,822,518
373,287,105,84,72,89,340,150,435,519
641,441,242,170,120,180,390,346,848,519
370,258,175,127,92,134,360,340,821,519
637,415,237,196,131,166,411,344,845,519
506,393,154,128,103,126,366,359,806,519
343,272,131,93,76,108,309,347,811,519
449,280,249,175,119,178,411,352,841,520
584,391,318,228,179,259,509,528,862,520
535,365,401,251,170,296,422,535,884,520
425,316,211,169,126,164,371,353,842,520
520,356,320,225,161,241,440,535,873,520
406,339,196,133,111,168,367,344,830,520
624,388,194,157,107,140,389,715,838,520
458,327,236,169,126,180,396,347,841,520
275,225,256,196,176,228,482,2,202,520
317,209,371,295,198,255,334,676,841,521
666,394,312,220,150,227,439,543,859,521
304,190,271,215,145,195,401,365,835,521
579,447,262,201,165,218,407,356,841,521
360,256,119,92,74,96,332,341,708,521
506,365,180,134,100,136,387,349,857,521
354,201,399,297,177,260,434,569,873,521
415,277,123,81,54,88,370,721,491,521
420,293,187,146,108,146,343,343,822,521
513,308,201,165,108,139,444,484,852,521
428,244,325,230,139,217,380,704,880,521
475,361,178,121,96,145,365,361,844,521
438,321,176,142,109,140,371,354,850,521
313,226,220,160,121,168,363,344,844,521
493,260,336,267,180,234,382,707,893,522
462,313,264,186,132,203,404,528,854,522
372,238,317,231,165,232,467,517,861,522
440,304,211,163,125,164,382,444,835,522
676,483,288,213,168,233,394,446,868,522
572,397,222,181,135,170,397,460,842,522
478,279,277,206,133,189,393,579,879,522
232,224,146,99,97,142,352,5,672,523
593,449,216,162,122,173,439,449,447,523
620,396,308,225,156,225,404,626,882,523
649,471,248,191,146,193,401,351,825,523
604,440,194,150,114,153,390,343,844,523
521,358,299,227,157,215,363,684,885,523
444,230,315,223,129,200,445,670,881,523
523,388,207,163,135,174,378,340,851,523
369,204,380,284,163,239,457,574,879,523
641,458,247,184,135,186,402,525,851,523
492,338,247,174,125,184,403,340,847,523
477,292,243,183,128,177,500,385,847,523
609,473,171,137,116,144,365,364,799,523
507,331,263,203,140,192,410,339,857,523
346,250,257,173,128,198,416,351,831,523
438,329,155,135,105,126,328,346,830,524
406,265,247,198,142,183,390,504,846,524
553,338,206,160,106,142,530,349,824,524
258,164,225,149,101,163,378,339,839,524
291,195,376,278,170,261,440,684,883,524
311,228,205,154,113,159,334,327,832,524
411,244,311,244,166,219,343,679,881,524
555,400,111,81,60,85,371,719,391,524
724,471,284,199,137,206,432,366,855,524
469,332,244,190,135,180,373,517,869,524
549,400,148,121,91,115,373,340,840,524
447,297,360,265,193,269,359,689,877,525
236,177,166,129,106,140,325,349,835,525
362,260,197,132,99,153,389,355,836,525
455,361,175,120,92,141,359,355,854,525
554,414,203,136,112,171,476,179,470,525
470,339,237,181,146,192,414,389,858,525
480,298,311,235,161,226,450,564,873,525
286,232,203,132,107,170,342,382,815,525
387,258,211,150,112,161,497,344,857,525
629,414,250,195,132,181,431,576,817,525
383,273,194,155,123,157,383,347,839,526
442,355,113,86,73,97,301,348,764,526
321,196,237,165,104,161,412,387,846,526
464,348,204,168,137,174,346,334,850,526
507,379,166,132,103,132,366,353,832,526
464,311,227,179,127,169,400,463,857,526
366,244,234,158,107,170,378,344,847,526
672,398,417,296,191,292,456,881,919,527
642,417,232,169,119,172,419,349,603,527
339,248,242,168,115,175,373,331,856,527
698,440,395,275,190,284,519,562,860,527
351,204,249,192,139,186,491,358,843,527
342,231,244,185,146,195,444,336,837,527
289,230,248,199,176,219,417,520,862,527
582,383,272,200,142,204,410,521,883,527
305,263,260,183,158,228,461,363,850,527
288,200,161,138,93,116,311,344,841,527
412,299,176,149,112,137,355,338,825,527
685,432,310,237,157,222,429,557,866,527
295,202,255,183,124,186,396,483,851,527
566,372,276,214,158,212,466,534,851,527
584,411,210,164,121,163,381,345,834,527
544,403,226,159,124,181,483,398,839,528
219,163,225,174,134,180,338,344,843,528
319,246,165,121,101,138,346,239,830,528
298,215,211,148,109,165,376,336,841,528
368,276,129,106,87,108,324,253,831,528
711,409,341,249,157,231,451,687,861,528
451,287,222,152,109,168,486,351,841,528
411,299,209,166,134,170,357,458,820,528
506,330,253,215,150,178,403,518,868,529
285,197,214,160,118,163,347,356,826,529
663,364,330,259,175,238,428,582,867,529
541,359,237,176,121,171,386,410,829,529
539,361,297,225,172,234,431,686,873,529
359,282,174,131,102,140,315,336,819,529
545,368,245,187,142,192,432,444,850,529
310,225,243,180,135,190,436,418,842,529
538,397,177,125,102,147,439,329,708,529
250,207,117,99,85,102,332,157,800,529
561,395,252,184,127,181,402,450,834,529
559,400,141,114,84,105,425,373,794,529
618,415,277,189,130,200,480,510,857,529
327,219,233,181,130,175,366,335,840,529
444,312,218,160,123,171,491,347,849,529
663,463,178,138,101,137,397,353,849,529
507,266,245,176,116,168,492,343,846,530
346,256,195,138,111,161,368,341,847,530
374,267,212,162,126,171,376,349,836,530
291,204,256,192,136,190,296,447,830,530
452,296,257,205,134,176,297,671,859,530
520,261,380,277,175,257,580,446,861,530
458,306,285,219,159,217,423,497,855,530
307,203,187,144,99,136,337,334,816,530
369,226,303,229,159,217,232,651,879,530
348,243,180,135,103,142,373,355,847,530
715,438,372,274,164,240,456,511,864,530
359,278,147,93,74,123,266,329,631,530
426,293,356,258,168,242,461,573,872,531
223,172,150,104,77,115,329,337,833,531
594,420,237,178,133,181,404,440,847,531
595,427,216,158,124,176,407,366,835,531
325,214,318,210,137,219,404,601,891,531
433,285,209,166,118,156,391,338,850,531
585,398,123,96,71,93,394,321,813,531
720,432,351,269,169,236,463,690,880,531
555,366,257,198,147,204,392,347,842,531
334,250,181,139,107,141,332,321,830,531
544,348,121,84,58,87,364,348,783,531
458,277,122,89,66,96,350,713,422,531
379,331,137,100,92,126,405,110,453,531
234,165,184,147,110,142,491,4,425,531
317,206,202,155,110,151,377,360,824,532
303,257,170,133,110,143,331,326,848,532
310,217,215,177,142,175,400,453,861,532
459,228,412,327,192,264,518,671,885,532
703,444,297,220,155,220,428,504,860,532
448,338,245,189,149,201,365,336,835,532
540,391,268,194,155,215,522,3,164,532
509,302,399,298,208,287,410,700,862,532
436,291,283,220,150,210,435,353,837,532
521,358,197,155,112,149,463,342,828,532
628,357,291,208,130,193,500,454,861,532
700,480,248,178,127,186,480,502,843,532
694,401,407,290,179,270,462,880,885,532
497,351,190,152,118,151,385,345,838,532
580,427,230,160,119,177,468,352,849,532
463,354,238,162,134,200,382,375,758,533
565,365,302,218,145,207,512,178,567,533
588,370,333,253,176,245,421,716,864,533
351,259,217,151,117,168,366,367,849,533
287,235,190,142,119,161,414,397,837,533
681,355,396,275,163,271,479,699,891,533
421,301,155,122,97,126,349,334,810,533
352,228,193,157,110,143,336,374,817,533
384,310,186,149,124,158,349,350,832,533
639,386,343,269,192,253,501,654,872,533
588,334,313,236,155,214,431,662,885,534
364,293,193,149,119,159,308,328,838,534
402,287,233,172,131,183,464,341,846,534
351,254,207,149,112,158,299,323,812,534
569,402,140,104,83,115,361,700,417,534
553,406,215,164,119,170,383,350,827,534
647,427,255,207,145,188,396,529,836,534
415,332,150,117,96,123,419,2,184,534
272,210,203,154,126,168,354,349,833,534
462,333,251,173,134,205,390,450,841,534
471,292,380,293,192,265,434,535,874,534
437,299,168,134,101,132,366,357,818,535
209,139,199,155,106,141,322,341,842,535
402,242,253,183,129,190,405,437,857,535
533,356,245,184,139,195,455,351,860,535
522,361,183,140,100,141,398,356,838,535
369,285,138,118,91,105,319,342,740,535
680,434,225,156,107,161,581,2,196,535
213,156,179,140,109,141,320,347,831,535
466,251,316,239,150,211,402,684,889,535
408,277,249,190,135,187,398,356,826,535
420,232,304,232,145,202,407,492,852,535
358,257,234,177,135,184,353,320,839,535
343,268,177,119,96,147,334,338,831,535
639,438,262,222,164,203,420,352,823,535
429,284,219,165,124,169,393,389,855,535
213,158,183,142,106,142,308,341,834,535
618,420,244,207,149,182,390,373,847,535
590,337,362,279,178,243,435,564,861,535
727,465,264,217,156,197,469,545,853,536
393,252,347,243,154,238,399,398,855,536
528,306,326,270,169,213,429,520,880,536
513,367,281,213,173,238,391,516,851,536
346,269,166,125,102,139,344,352,822,536
550,317,227,168,93,138,381,744,817,536
608,385,318,248,165,219,407,598,861,536
466,262,441,311,175,279,485,700,891,536
676,355,410,319,179,252,387,1023,852,536
528,345,231,187,124,167,389,343,843,536
592,437,174,149,118,137,364,348,816,536
614,436,224,177,126,170,401,356,849,536
707,439,270,203,137,197,420,677,847,536
671,432,303,223,152,223,438,598,860,536
259,187,161,125,90,118,323,357,853,537
397,251,434,316,193,284,455,657,887,537
451,338,185,140,116,155,365,352,829,537
278,206,251,173,136,203,360,348,832,537
340,238,213,153,111,162,385,336,838,537
395,295,158,129,104,131,366,356,828,537
554,382,261,190,134,194,388,551,864,537
265,195,185,143,113,152,444,353,843,537
562,416,223,167,129,178,366,347,842,537
705,438,256,192,131,184,431,504,839,537
480,375,304,201,155,249,449,385,851,537
323,207,253,171,124,188,467,423,854,537
472,355,203,147,112,161,361,385,849,537
639,423,269,219,161,206,423,371,843,537
494,382,149,113,91,126,356,347,837,537
253,179,192,140,98,140,366,450,845,537
504,323,201,156,106,143,418,360,836,537
567,330,301,225,142,207,438,621,862,538
495,307,333,260,156,211,395,674,883,538
464,336,164,128,99,131,377,339,828,538
410,241,296,243,160,207,393,578,851,538
373,224,195,164,95,124,410,324,814,538
469,345,235,172,125,183,394,344,837,538
260,221,144,94,81,124,309,217,792,538
263,183,215,171,134,170,378,337,857,538
519,359,191,149,106,145,380,335,848,538
576,379,351,283,221,276,530,349,826,538
476,349,224,150,113,177,402,352,823,539
565,389,328,246,167,237,480,481,859,539
339,242,262,210,163,210,384,342,847,539
558,335,409,299,200,284,462,665,887,539
315,233,129,95,72,99,436,359,752,539
626,416,229,166,122,179,461,347,846,539
548,415,207,165,126,164,334,367,860,539
562,340,344,251,171,245,427,673,892,540
565,397,183,142,107,145,377,341,840,540
659,444,354,260,182,253,593,4,558,540
361,217,185,135,86,119,495,544,844,540
601,410,315,218,152,234,420,483,867,540
520,327,200,152,97,138,388,346,838,540
477,375,149,107,88,126,360,346,784,540
668,464,179,137,100,135,397,349,839,540
492,280,410,290,181,270,453,685,888,540
312,259,131,98,81,112,482,3,445,540
449,289,287,221,146,197,413,434,850,540
699,388,567,426,264,374,484,994,921,540
454,354,187,137,115,161,347,349,793,540
274,235,177,140,122,155,313,324,826,540
355,208,199,148,100,139,387,351,833,541
296,186,299,209,132,200,367,634,870,541
587,411,201,159,118,155,395,364,854,541
246,223,150,111,103,138,381,44,632,541
324,175,340,248,141,216,446,575,881,541
483,285,270,205,135,190,419,543,841,541
264,194,210,135,98,161,364,337,859,541
423,241,202,182,83,109,457,2,164,541
437,280,196,133,92,145,361,341,844,541
323,174,274,195,117,180,429,355,879,541
488,353,150,112,87,121,372,350,827,541
348,240,192,160,123,147,379,325,847,541
410,304,233,191,142,179,394,341,822,542
458,316,256,186,132,191,376,554,846,542
591,416,276,211,165,218,421,509,849,542
497,387,125,96,84,108,349,298,788,542
611,423,265,194,133,200,466,391,860,542
607,413,302,253,193,234,476,340,847,542
466,234,260,202,104,148,407,444,860,542
482,340,217,168,124,171,376,337,817,542
604,336,345,262,166,236,406,668,871,542
445,284,269,190,134,197,504,504,845,542
429,299,195,155,113,152,325,482,804,542
631,441,239,171,120,176,396,388,838,543
664,387,294,239,146,194,410,390,865,543
302,158,330,262,163,220,332,695,868,543
291,206,202,139,104,158,363,356,841,543
704,461,273,219,154,204,437,512,850,543
366,261,250,162,115,186,393,379,860,543
591,437,289,217,190,252,468,415,859,543
527,308,202,150,92,126,420,2,156,543
677,415,334,278,168,219,488,690,869,543
667,418,346,262,182,246,434,502,842,543
384,287,230,161,132,192,357,394,834,544
727,440,335,240,151,226,440,671,884,544
404,245,226,180,134,175,369,521,848,544
589,395,177,130,94,132,405,372,867,544
453,350,217,136,106,174,347,332,829,544
354,300,224,155,131,191,466,361,859,544
713,381,376,301,197,253,553,520,862,544
337,266,176,136,113,148,351,357,867,544
598,344,379,288,157,221,418,723,905,544
503,285,320,252,155,201,424,433,857,544
387,184,348,256,124,188,279,1023,887,544
442,276,229,174,119,168,469,474,858,544
612,405,238,172,115,170,398,368,845,544
604,325,318,262,166,194,510,509,852,544
487,327,183,147,117,148,461,362,849,544
503,331,354,253,169,252,471,637,875,545
308,164,311,234,139,198,304,637,855,545
708,474,260,200,149,201,416,484,858,545
347,225,253,186,120,176,394,336,858,545
607,354,282,214,138,198,433,652,849,545
663,446,343,277,195,254,405,440,866,545
496,303,290,193,131,214,409,492,862,545
627,396,263,205,140,192,413,554,862,545
659,450,302,235,173,233,420,699,864,545
648,372,358,256,156,239,445,686,884,545
307,256,156,109,92,133,334,181,770,545
653,390,350,275,183,247,441,680,877,546
566,399,184,146,109,138,388,353,840,546
514,331,221,168,113,158,462,397,857,546
440,233,358,278,155,221,462,709,877,546
632,425,259,216,150,188,398,365,851,546
695,416,346,241,159,240,431,643,865,546
672,373,369,276,170,248,432,704,880,546
698,371,451,333,211,296,469,700,896,546
393,246,181,138,95,134,460,342,829,547
312,180,363,259,164,241,336,682,876,547
672,453,269,216,159,202,405,611,870,547
680,424,314,226,152,223,414,570,868,547
532,317,315,224,134,204,426,411,878,547
481,323,246,183,140,189,413,366,864,547
256,196,192,139,109,158,355,352,831,547
323,261,170,129,104,139,317,349,839,547
603,333,274,203,122,179,432,571,855,547
316,262,264,162,122,210,515,2,463,547
629,396,293,212,135,197,424,614,868,547
433,282,234,185,127,170,455,336,836,547
295,218,152,115,89,122,327,332,747,547
659,392,282,211,128,179,514,327,838,547
299,195,121,91,63,88,578,0,200,548
444,257,297,220,148,211,412,596,878,548
278,187,276,201,132,193,357,629,840,548
443,314,224,171,123,164,324,383,844,548
421,277,324,264,157,208,293,692,862,548
489,298,384,283,177,259,456,694,893,548
372,211,242,188,123,170,386,550,856,548
378,232,409,279,181,281,437,669,897,548
524,398,201,145,114,163,374,322,840,548
526,297,460,342,209,304,468,713,916,548
455,294,301,195,132,221,402,500,876,548
655,396,311,228,143,207,429,543,865,548
514,366,255,167,124,202,401,407,874,548
423,313,195,136,105,150,348,346,819,548
490,372,182,117,85,141,427,341,486,548
481,239,434,324,202,280,459,697,887,549
404,246,223,183,116,155,367,385,828,549
382,276,185,149,118,151,366,333,837,549
457,254,465,312,204,309,348,790,884,549
494,270,369,299,175,232,439,714,871,549
313,206,248,170,116,182,402,531,853,549
426,321,124,84,64,93,322,350,693,549
423,313,145,112,86,115,340,348,832,549
365,222,248,197,132,179,333,630,856,549
549,360,235,189,129,172,361,711,871,549
665,414,344,266,193,260,427,619,862,549
515,387,305,243,190,244,561,8,521,549
688,395,409,332,173,235,491,646,873,549
517,313,264,210,122,154,485,343,846,550
638,475,169,144,114,138,364,358,848,550
525,378,289,199,152,232,473,518,864,550
510,412,238,184,156,207,471,263,780,550
579,421,194,150,120,155,380,343,841,550
297,166,289,222,143,198,273,666,878,550
603,383,311,239,160,217,404,566,870,550
368,262,270,196,151,219,436,624,865,550
579,393,217,185,138,165,418,405,854,551
576,356,302,228,160,216,386,660,857,551
563,375,259,180,123,188,419,378,852,551
701,459,345,257,191,262,442,659,872,551
220,153,231,176,128,172,365,370,839,551
418,325,182,127,103,148,355,349,855,551
392,252,234,174,131,178,359,349,829,551
639,464,233,199,145,174,472,336,823,551
473,223,475,355,178,267,481,652,893,551
495,328,328,251,189,252,402,583,855,551
437,299,190,162,119,142,367,342,838,551
396,255,205,156,111,156,396,373,849,551
654,476,243,186,135,184,419,364,859,551
281,199,196,139,97,148,335,331,852,551
498,392,105,79,62,85,321,331,480,552
474,304,315,245,169,231,419,584,868,552
434,243,318,249,162,221,410,538,865,552
660,449,307,199,140,228,418,512,868,552
474,352,185,138,105,147,417,343,815,552
577,287,448,347,215,294,475,742,893,552
470,333,180,145,112,142,383,353,836,552
606,384,247,202,143,181,417,449,858,553
539,299,376,277,176,260,444,692,870,553
425,318,131,115,94,109,343,352,812,553
518,265,170,122,71,110,616,0,172,553
487,322,253,173,121,190,403,423,858,553
439,347,122,89,72,100,319,361,802,553
438,309,181,151,122,148,372,346,852,553
411,261,337,245,162,236,392,578,879,553
595,345,420,287,182,286,445,672,871,553
380,273,280,205,152,214,446,361,856,553
658,338,432,306,172,265,396,896,903,553
674,465,247,205,146,190,396,402,855,554
570,369,337,242,169,246,414,626,867,554
545,344,353,285,194,254,501,639,865,554
581,377,268,197,140,200,473,493,864,554
549,354,249,197,137,180,399,497,843,554
651,342,306,240,155,207,528,494,869,554
377,209,320,244,155,214,372,678,851,555
438,300,278,223,148,208,412,490,842,555
546,327,320,252,180,238,505,706,869,555
351,276,202,162,122,163,558,3,498,555
482,350,202,157,116,156,362,345,839,555
553,389,209,157,119,160,457,358,839,555
402,255,221,175,134,172,470,435,830,555
508,328,339,271,192,254,442,662,877,555
308,230,124,104,82,99,360,283,777,555
618,351,246,189,118,165,494,511,853,555
587,379,330,247,169,244,422,578,875,555
593,411,213,158,111,160,405,356,818,555
658,458,234,193,142,179,418,477,848,555
292,266,114,80,77,109,394,114,604,555
357,265,189,146,112,153,356,332,848,555
583,396,120,85,61,89,395,704,449,555
526,409,330,264,216,271,411,404,850,555
527,376,241,161,120,192,393,360,835,555
572,398,225,172,125,171,347,318,833,555
656,408,315,251,174,223,400,530,871,555
701,467,353,225,161,265,411,540,868,556
296,161,323,258,155,206,328,690,871,556
243,182,194,147,104,145,322,365,848,556
255,188,218,165,118,161,317,328,843,556
619,380,472,334,208,301,464,1023,922,556
308,187,230,162,110,169,398,337,864,556
711,465,245,165,113,181,410,390,838,556
509,356,212,169,126,164,427,356,839,556
282,188,232,169,124,178,382,360,853,556
580,403,158,131,94,119,386,359,818,556
607,326,505,373,222,321,568,699,900,556
616,356,339,250,164,237,437,620,871,556
355,235,155,117,89,122,361,361,828,556
540,387,208,161,123,160,397,347,837,557
382,228,287,209,138,201,427,559,878,557
406,239,295,227,152,204,353,618,856,557
330,217,198,159,114,147,409,398,834,557
422,324,187,162,130,153,372,352,844,557
457,311,317,255,169,224,380,632,874,557
657,433,219,164,114,164,394,378,831,557
591,325,283,201,116,179,411,611,884,557
570,362,187,148,107,140,444,362,845,557
558,418,267,197,158,220,370,329,833,557
380,297,178,133,108,146,354,354,831,557
330,180,175,124,88,129,408,776,876,557
446,388,260,203,180,228,487,48,746,558
374,287,171,136,105,138,365,344,850,558
513,322,330,266,184,234,405,573,872,558
563,392,250,174,125,192,404,404,847,558
313,204,190,142,103,140,360,346,835,558
526,281,418,307,189,276,439,665,899,558
355,195,247,164,104,170,482,358,839,558
383,238,252,172,112,177,408,368,844,558
490,378,184,131,106,153,355,344,822,558
424,314,269,204,157,210,408,341,840,558
300,191,250,179,118,174,328,424,832,558
349,267,221,150,119,179,368,351,842,558
657,418,290,216,153,216,414,464,861,558
432,290,204,154,108,149,390,359,839,558
446,325,188,131,112,163,435,364,843,559
694,480,255,202,141,185,416,606,858,559
610,338,330,247,156,225,408,706,880,559
382,231,243,175,126,179,392,374,851,559
409,323,192,153,125,161,352,156,741,559
665,352,437,323,207,303,477,970,904,559
338,214,214,158,113,158,473,354,840,559
393,293,182,145,121,153,348,335,816,559
698,473,234,192,143,181,474,351,832,559
549,377,243,177,126,181,385,400,846,559
355,276,182,136,116,155,378,350,827,559
395,270,180,132,91,132,384,388,847,559
278,215,225,148,108,172,370,375,826,559
415,223,323,239,135,200,460,562,884,559
693,434,393,273,182,290,432,629,870,559
727,455,299,200,131,212,441,446,855,559
502,341,268,176,129,202,398,485,864,560
557,356,291,214,148,218,409,532,846,560
492,283,342,280,154,222,424,599,875,560
734,483,326,246,136,191,432,617,878,560
526,352,213,155,114,165,446,393,839,560
558,384,210,158,108,149,386,464,852,560
607,370,227,185,120,155,473,413,856,560
600,441,231,175,135,182,369,363,831,560
314,235,233,167,127,186,347,334,812,561
678,423,297,229,153,217,429,468,835,561
465,326,224,164,125,179,403,401,839,561
402,225,339,236,136,214,458,719,883,561
558,379,286,205,143,208,384,385,848,561
413,288,372,305,224,283,566,8,551,561
498,367,194,159,120,153,352,331,847,561
680,366,516,363,232,357,458,677,861,561
382,269,274,204,151,208,400,454,858,561
666,412,411,336,218,284,461,677,897,561
309,181,363,260,159,242,438,587,882,561
483,341,239,185,134,183,370,370,839,561
719,429,405,309,194,271,455,654,877,561
684,486,375,290,227,308,504,464,862,561
431,263,247,195,133,180,422,414,833,561
551,406,239,190,140,179,392,509,842,561
278,186,205,156,108,149,319,522,847,561
472,241,230,163,111,170,505,352,840,561
729,477,343,260,181,252,399,577,870,561
413,278,166,124,90,125,377,352,835,562
600,385,313,250,187,243,442,350,850,562
574,409,164,113,86,127,365,352,831,562
515,313,281,210,133,196,487,353,843,562
557,426,230,179,146,194,478,358,840,562
432,322,165,114,92,134,359,406,825,562
520,294,174,131,80,115,418,516,864,562
610,421,267,201,149,209,405,468,854,562
655,418,358,270,166,241,398,690,873,562
534,359,231,164,117,173,380,348,834,562
544,386,159,120,94,126,394,358,830,562
392,223,267,210,135,185,404,615,865,562
661,373,386,275,137,203,444,675,873,562
431,308,191,159,116,144,366,353,848,563
309,254,126,94,78,105,307,351,820,563
694,436,501,375,252,352,469,956,911,563
356,295,126,102,90,111,360,209,498,563
311,193,304,195,127,210,421,582,865,563
575,368,179,132,95,136,401,364,853,563
448,300,166,118,85,126,365,333,842,563
415,320,159,134,109,131,358,353,823,563
545,333,329,224,144,231,411,648,869,563
332,234,158,128,90,115,360,351,822,563
323,195,239,181,115,161,324,649,881,563
230,183,103,87,75,90,256,337,539,564
559,366,302,237,172,225,429,488,864,564
617,326,466,344,142,220,509,1023,937,564
176,137,156,132,107,128,424,78,664,564
391,265,192,166,126,151,388,428,847,564
330,276,167,118,100,146,357,226,795,564
375,231,254,163,111,185,375,482,869,564
240,190,138,104,84,115,225,333,769,564
479,328,288,240,180,222,378,478,873,564
592,362,248,174,115,174,419,587,841,564
329,216,239,169,125,184,365,340,840,564
495,273,341,258,160,219,377,673,887,564
436,269,316,233,154,221,470,391,872,565
407,268,212,179,126,154,358,492,842,565
473,380,130,98,82,109,320,348,836,565
463,336,175,142,109,139,336,338,788,565
442,322,140,110,89,112,373,356,812,565
630,447,209,170,126,160,389,357,842,565
393,253,238,180,125,175,422,443,866,565
546,408,165,132,103,133,370,363,838,565
665,454,250,204,148,189,417,462,851,565
358,268,222,166,134,183,343,493,850,565
457,307,252,195,118,166,368,754,790,565
464,295,241,187,119,163,385,333,829,565
622,426,254,202,149,196,416,352,845,565
413,218,235,192,84,109,427,428,834,566
365,231,213,162,114,157,390,337,859,566
391,271,238,160,114,178,375,376,844,566
360,243,217,157,108,156,356,421,844,566
546,413,241,182,135,191,376,331,842,566
607,407,293,210,146,219,414,532,857,566
361,269,148,93,75,124,389,158,517,566
390,296,163,114,88,131,320,330,815,566
400,255,231,187,130,169,381,467,860,566
536,346,119,99,73,90,376,717,493,566
393,260,234,180,135,182,393,355,828,566
208,161,141,97,74,115,365,2,253,566
604,432,191,137,108,154,399,349,828,566
709,473,310,228,167,236,436,663,885,566
651,428,384,264,186,285,410,449,854,567
541,352,262,192,134,193,405,520,850,567
452,296,221,178,125,160,383,507,860,567
325,197,204,157,107,145,376,377,856,567
424,228,251,198,135,179,349,676,875,567
566,377,416,302,208,292,452,685,880,567
463,311,273,175,122,204,406,413,847,567
602,308,594,383,202,334,567,718,877,567
486,378,244,181,147,203,359,338,825,567
367,284,214,148,125,183,493,439,849,567
496,324,191,134,93,139,386,404,860,567
355,262,234,181,147,191,386,353,845,567
550,380,244,189,146,188,397,373,858,567
364,236,345,266,178,244,417,670,842,567
262,161,275,215,148,195,307,584,870,567
573,384,209,157,113,155,380,347,828,568
596,443,217,160,128,178,493,397,620,568
477,351,168,131,108,140,387,345,829,568
481,340,204,148,113,161,405,356,826,568
428,299,203,174,134,159,368,348,847,568
618,387,361,226,138,239,443,522,842,568
518,324,205,142,102,152,460,452,865,568
634,376,335,252,156,218,457,689,894,568
491,235,342,271,151,211,489,622,861,568
416,275,201,156,113,153,434,355,823,568
311,210,255,195,139,193,369,600,857,568
536,272,343,266,170,235,512,703,872,568
570,414,235,149,108,180,394,355,871,568
443,346,178,153,128,150,377,335,824,568
383,252,278,185,127,199,396,444,863,569
639,441,252,199,146,192,421,513,847,569
490,388,155,106,86,128,352,351,803,569
590,420,278,218,160,216,407,520,855,569
408,298,198,147,117,159,331,324,833,569
659,407,289,232,158,204,429,542,867,569
331,259,320,221,170,254,374,367,806,569
394,310,158,122,99,128,329,345,817,569
663,419,303,193,142,228,448,647,881,569
590,405,277,193,130,205,410,375,856,569
566,356,210,161,111,151,489,339,822,569
498,314,252,206,154,191,451,412,845,569
496,319,259,203,135,180,510,338,837,569
291,204,242,180,125,179,370,432,825,569
291,170,277,213,152,208,490,492,851,569
723,417,467,344,225,319,491,664,870,569
558,443,137,109,88,113,375,396,756,570
281,213,147,112,83,115,342,339,828,570
528,285,425,300,155,226,540,593,854,570
444,340,194,137,107,151,356,347,820,570
517,341,209,157,112,161,421,383,851,570
423,255,278,209,145,201,399,633,860,570
315,219,263,188,136,199,376,519,859,570
521,323,289,217,144,203,457,396,855,570
715,467,318,269,198,246,424,592,863,570
480,336,170,120,90,134,354,353,824,570
585,388,260,221,155,194,393,613,858,570
571,418,247,170,133,199,361,335,837,570
375,240,285,205,140,205,524,444,842,570
481,353,165,119,101,143,358,350,807,571
722,392,368,263,164,235,459,682,883,571
348,242,226,153,110,170,346,328,829,571
435,311,198,145,108,157,367,356,843,571
476,313,211,161,114,158,388,372,828,571
395,292,122,105,84,100,322,356,779,571
317,252,175,126,103,146,358,353,830,571
218,181,125,87,74,109,353,43,572,571
660,433,367,280,213,280,509,696,885,571
524,333,296,225,160,219,417,685,884,571
579,420,188,152,107,139,362,474,837,571
461,342,194,146,108,154,384,354,851,571
342,260,222,172,135,179,349,347,818,571
295,198,199,164,120,153,377,346,832,571
506,382,240,161,128,197,453,387,860,571
723,394,398,309,192,266,547,708,886,571
272,217,153,117,94,128,309,216,804,571
512,303,260,200,128,177,392,482,861,571
428,210,345,247,147,222,519,649,874,571
513,245,508,371,200,301,479,708,896,572
506,387,207,140,115,174,380,364,838,572
331,254,226,160,123,182,388,348,840,572
589,398,268,205,146,197,388,466,838,572
577,329,439,336,198,290,462,685,893,572
686,460,225,166,126,171,415,368,854,572
342,231,180,129,94,136,374,364,832,572
378,273,184,146,111,144,380,355,809,572
405,270,159,120,88,118,368,360,835,572
556,364,405,298,201,294,449,691,882,573
387,312,103,84,71,87,314,348,794,573
687,454,279,208,151,212,429,584,861,573
486,312,486,360,211,312,455,632,880,573
214,175,164,121,97,134,254,337,811,573
289,199,274,194,134,193,384,465,860,573
557,400,182,137,100,139,382,352,844,573
377,263,170,141,106,130,375,358,822,573
426,255,207,162,112,149,383,473,849,573
508,371,121,101,81,99,368,330,785,573
481,279,305,224,154,211,425,640,863,573
725,449,230,182,131,171,492,422,851,574
287,210,164,121,89,127,314,336,834,574
487,383,216,148,123,183,473,187,595,574
694,425,336,271,185,238,440,631,870,574
581,373,260,196,138,194,415,504,826,574
260,192,187,148,116,147,327,376,844,574
526,292,241,173,109,163,392,382,850,574
274,225,176,148,123,150,339,337,848,574
353,289,169,124,102,143,338,326,744,574
506,375,208,163,134,173,396,360,836,574
347,210,196,164,110,139,369,479,866,574
485,288,280,180,114,194,389,555,853,574
556,314,388,292,178,252,432,668,874,574
470,337,143,107,84,114,358,268,782,574
340,213,214,167,120,161,431,369,846,575
530,393,219,180,145,181,398,346,823,575
351,265,195,141,108,157,329,337,833,575
401,236,322,230,153,234,404,628,877,575
492,350,134,90,67,106,373,355,843,575
213,137,185,140,96,130,292,430,819,575
353,205,251,204,128,173,352,551,870,575
501,296,362,288,185,250,449,680,873,575
543,390,162,115,89,129,371,363,830,575
650,401,268,194,130,188,421,593,879,575
601,338,346,238,142,227,454,612,884,575
522,369,174,135,99,132,372,339,836,575
522,373,455,322,252,371,519,703,882,576
646,408,147,114,71,95,394,688,419,576
572,410,211,149,113,165,368,355,855,576
648,358,341,244,151,227,421,599,851,576
365,233,329,216,149,236,398,358,851,576
556,285,381,299,192,267,411,631,864,576
526,349,294,204,143,216,367,649,865,576
425,240,328,227,137,216,433,582,879,576
522,363,243,189,136,179,405,346,839,576
392,260,302,214,147,219,408,621,879,576
413,292,173,134,103,135,372,334,815,577
536,326,273,197,131,198,404,566,875,577
517,373,213,186,145,171,382,540,849,577
260,206,140,106,82,110,290,354,838,577
454,309,228,159,117,176,389,393,863,577
466,298,275,200,140,203,386,558,875,577
511,367,154,122,92,119,335,342,799,577
635,431,416,292,201,305,393,445,858,577
465,303,286,218,152,211,398,409,842,577
408,259,239,184,124,175,417,408,853,577
389,279,119,98,70,90,366,342,819,577
320,245,241,187,134,177,307,487,842,577
566,330,341,225,139,228,430,534,863,577
382,271,161,127,94,125,361,348,839,577
267,214,166,133,110,141,306,328,827,577
354,237,295,199,150,230,527,355,826,578
659,445,266,186,136,205,421,488,826,578
612,406,316,242,175,240,442,691,879,578
413,297,235,167,130,187,367,364,821,578
641,434,244,170,122,186,420,459,858,578
666,377,412,342,214,272,469,698,899,578
578,408,223,166,125,173,445,345,835,578
580,406,179,120,89,136,435,640,848,578
431,328,160,143,115,132,370,350,809,579
579,360,405,302,223,316,506,688,881,579
550,315,396,307,189,257,450,690,886,579
438,305,186,141,107,142,336,343,832,579
650,349,445,322,192,282,452,652,878,579
375,282,171,129,98,134,328,338,837,579
290,237,168,137,109,140,307,339,813,579
479,285,299,235,160,216,415,645,878,579
451,316,262,182,138,211,379,271,831,579
328,227,232,173,129,182,380,412,848,579
643,362,325,241,132,194,390,830,873,579
669,481,289,223,149,209,404,373,839,579
664,452,198,151,105,146,393,339,849,579
595,348,429,317,205,293,462,664,886,579
345,249,160,115,93,130,345,361,829,579
260,180,162,108,76,122,331,346,803,579
699,447,383,273,189,281,436,484,846,579
425,328,201,140,109,161,355,346,844,579
356,240,232,171,124,178,380,591,856,580
456,304,202,149,110,152,366,367,840,580
538,376,272,208,145,199,442,361,854,580
439,299,213,166,114,158,332,483,851,580
540,359,313,221,154,223,409,514,870,580
611,376,308,244,164,217,431,628,892,580
517,333,369,289,185,246,382,670,885,580
498,357,245,189,136,182,412,408,855,580
665,386,235,188,125,164,502,377,851,580
483,339,317,255,196,253,477,461,856,580
391,337,107,77,66,91,355,1,220,580
610,411,261,205,147,190,407,376,842,581
288,182,236,167,108,165,384,347,859,581
518,354,191,131,96,144,358,336,834,581
449,315,199,136,107,161,479,350,819,581
438,272,311,235,163,231,405,664,872,581
433,252,177,130,87,123,384,336,844,581
546,339,243,191,146,190,456,437,861,581
528,352,260,199,142,194,420,379,850,581
621,405,234,174,121,172,416,444,828,581
495,314,271,205,147,205,394,624,852,581
637,410,270,201,141,195,428,351,849,581
695,397,325,252,164,221,441,695,876,581
528,356,190,146,107,147,395,448,861,581
595,420,258,184,133,202,382,369,849,582
695,418,334,250,170,234,437,667,882,582
619,382,265,200,128,185,432,432,853,582
321,218,218,163,119,169,443,356,848,582
562,363,286,199,138,211,416,569,860,582
567,333,349,257,169,242,446,595,868,582
579,345,217,165,132,181,521,357,843,582
403,225,269,217,141,183,411,664,873,582
372,236,263,216,146,188,333,562,853,582
665,480,281,201,152,218,393,471,841,582
567,422,233,182,133,180,439,350,838,582
568,388,324,229,162,240,391,677,852,583
323,220,188,149,107,142,456,245,838,583
689,489,236,177,135,185,385,352,845,583
601,316,323,225,154,235,515,290,610,583
595,327,446,301,179,287,469,594,897,583
587,345,262,181,102,158,429,474,883,583
710,382,436,334,208,285,452,689,882,583
466,338,279,177,130,217,376,358,848,583
648,364,384,307,187,254,446,697,876,583
514,338,232,175,130,177,481,344,832,583
314,271,134,92,79,117,277,328,787,583
202,163,135,105,83,108,289,332,828,583
534,380,260,195,148,203,401,528,866,583
519,363,223,166,129,176,390,356,835,583
712,454,387,303,226,296,526,706,868,583
587,337,269,219,160,199,505,367,858,583
469,290,236,188,128,169,490,340,832,583
395,303,182,152,123,149,370,232,810,583
320,215,146,105,76,109,301,356,809,584
381,271,203,142,108,165,387,349,807,584
574,339,273,209,140,192,416,565,859,584
376,307,160,114,101,142,343,334,819,584
432,297,208,149,117,167,376,368,834,584
323,211,245,181,133,185,386,361,842,584
298,205,153,124,92,117,338,346,815,584
698,478,301,215,161,229,422,564,873,584
434,295,168,124,89,129,375,354,785,584
255,184,230,183,128,170,323,363,837,584
570,376,272,234,156,183,420,385,854,584
309,231,164,129,101,130,312,340,828,584
602,334,590,389,213,365,497,692,892,584
433,241,288,205,149,216,490,531,846,584
630,317,400,299,177,249,479,736,892,585
601,455,278,218,178,226,458,210,488,585
531,395,166,139,108,134,371,345,792,585
375,249,251,186,131,190,397,525,845,585
355,289,197,151,123,165,357,349,838,585
419,306,129,100,77,103,321,350,808,585
390,264,235,179,133,178,383,366,835,585
389,316,124,82,68,106,563,1,487,585
314,194,158,122,82,114,357,348,826,585
388,333,121,89,76,105,383,182,587,585
491,366,241,190,159,203,390,443,845,585
288,226,177,128,102,147,345,221,822,585
493,286,287,221,147,208,400,559,872,585
683,476,218,180,120,154,414,471,865,585
555,290,304,224,141,200,433,689,887,585
523,332,365,291,201,264,496,447,868,585
237,168,250,197,141,181,295,416,862,586
604,388,214,160,113,157,411,727,699,586
438,286,293,228,151,199,505,388,863,586
578,448,186,126,103,156,428,369,837,586
313,268,122,94,80,104,371,117,392,586
312,255,102,78,64,85,256,337,782,586
201,152,180,137,108,145,311,320,836,586
488,316,293,195,128,204,400,450,855,586
429,264,267,219,151,195,377,430,857,586
319,225,261,206,155,193,362,447,845,586
541,394,330,215,165,260,460,229,637,586
584,415,195,164,123,149,371,418,844,586
683,421,280,210,114,161,514,641,863,586
608,381,186,144,99,133,455,392,833,586
431,331,159,137,112,132,345,329,833,586
507,326,311,236,157,218,517,600,852,586
463,306,273,190,132,202,398,464,834,587
605,425,284,220,155,214,366,492,854,587
327,226,194,156,119,154,346,358,820,587
420,235,427,329,217,293,523,675,884,587
450,289,203,165,119,152,370,494,849,587
670,441,246,192,131,174,376,643,865,587
586,447,273,196,146,212,369,329,859,587
408,335,117,77,63,98,396,193,484,587
565,297,505,342,193,310,481,683,891,587
430,322,189,130,98,152,344,338,828,587
670,464,206,159,114,156,406,414,836,587
653,424,439,302,212,326,600,5,565,587
652,391,279,196,141,208,504,516,873,587
673,477,198,150,117,158,458,408,832,587
590,395,255,209,155,196,398,336,857,587
317,239,216,177,131,167,477,357,840,587
269,218,223,179,143,182,357,353,840,588
572,412,153,108,84,124,370,354,822,588
375,231,313,251,174,228,361,684,864,588
365,240,176,135,98,135,356,348,847,588
246,199,130,98,80,109,290,350,767,588
503,302,350,263,185,256,438,567,876,588
445,328,217,176,151,184,464,358,812,588
443,264,272,167,107,189,517,408,854,588
526,358,249,186,134,191,442,343,859,588
490,279,432,323,179,263,470,696,907,588
345,291,127,93,81,113,298,340,821,588
179,165,100,71,64,91,470,3,426,588
515,302,330,231,147,228,417,578,885,588
389,284,156,117,86,120,340,333,670,589
644,451,205,147,107,157,391,365,842,589
704,483,257,208,152,193,407,412,858,589
403,310,133,100,82,110,301,509,822,589
422,273,263,206,145,193,526,331,807,590
607,380,286,220,150,203,424,594,869,590
720,446,377,290,185,258,438,630,862,590
480,273,296,211,139,204,429,661,871,590
488,360,222,168,135,180,359,571,854,590
687,408,359,273,188,260,437,672,883,590
359,258,181,137,103,145,348,337,830,590
678,428,244,196,134,174,400,657,856,590
676,487,172,127,93,130,386,359,825,590
560,389,267,215,167,210,422,451,854,590
501,332,218,153,103,156,374,322,869,590
418,312,233,193,142,183,357,446,833,590
659,422,246,197,134,172,532,412,863,590
449,332,249,174,133,199,385,352,853,590
731,445,409,298,188,280,476,696,880,590
452,219,442,315,185,284,481,705,889,591
372,287,248,150,120,202,358,331,840,591
572,390,211,166,124,160,392,439,852,591
368,206,241,189,133,178,438,404,856,591
354,255,186,128,89,137,372,345,839,591
578,392,345,219,146,245,411,538,853,591
368,253,216,165,122,164,403,378,843,591
679,456,220,168,121,164,416,516,863,591
500,354,214,172,131,168,411,366,846,591
506,305,335,266,181,236,507,535,854,591
688,475,272,222,166,216,408,429,842,591
425,274,381,267,173,269,443,666,887,592
414,235,180,139,93,126,381,349,839,592
383,269,195,170,131,153,378,344,828,592
256,191,217,177,131,164,348,388,858,592
484,310,271,200,136,193,375,561,855,592
449,343,221,180,149,183,380,409,836,592
343,288,181,134,112,155,318,333,824,592
679,437,318,244,165,228,422,628,870,593
574,350,279,202,134,199,416,556,841,593
469,351,154,110,89,125,343,341,813,593
538,375,210,153,111,156,387,423,840,593
440,320,176,131,97,136,368,350,848,593
686,495,222,169,122,170,386,336,858,593
380,225,291,218,143,206,403,555,862,593
514,375,189,151,117,149,368,350,850,593
512,363,137,112,83,103,362,354,821,593
601,345,335,257,147,203,456,717,905,594
615,367,254,194,131,180,395,469,838,594
375,226,255,196,134,182,410,331,840,594
451,295,205,144,102,156,384,357,837,594
405,257,295,207,141,208,419,712,873,594
437,334,192,163,126,152,374,338,841,594
305,185,280,239,142,181,389,1,229,594
653,410,352,279,196,258,448,621,853,594
426,268,247,186,145,194,485,360,842,594
331,205,292,216,146,206,320,669,852,594
428,264,382,286,204,283,497,633,874,594
653,450,146,109,70,102,386,721,459,595
621,408,298,217,139,210,388,361,868,595
381,243,178,125,99,144,468,277,833,595
180,151,107,78,69,96,355,12,509,595
432,300,243,191,136,187,362,431,860,595
379,252,234,184,128,174,389,351,817,595
494,293,358,263,161,222,590,461,834,595
349,238,169,113,82,130,367,335,820,595
502,287,331,244,158,229,415,662,880,595
447,332,179,138,115,149,469,360,803,595
580,284,384,282,165,235,469,703,874,595
561,374,339,249,168,239,420,677,871,595
290,215,193,150,113,150,341,423,837,595
373,278,202,157,122,164,360,350,849,595
417,313,230,188,158,193,400,486,843,595
539,351,344,252,166,241,432,548,861,595
460,314,246,181,129,180,377,359,857,596
426,290,231,178,136,186,358,472,828,596
528,301,376,283,168,237,462,762,873,596
468,253,387,292,186,254,407,697,886,596
561,384,226,182,132,171,379,436,856,596
562,393,216,171,128,171,392,338,856,596
419,249,216,163,114,153,478,348,832,596
613,430,223,166,118,168,414,354,860,596
184,150,126,92,79,108,486,3,466,596
253,192,157,120,91,126,309,323,819,596
403,231,330,248,166,237,395,677,884,596
662,458,267,206,153,203,418,561,872,596
653,449,205,162,108,147,419,377,832,596
716,439,337,259,179,242,429,707,881,596
729,488,257,184,127,187,383,336,839,596
401,315,153,104,84,124,321,347,790,596
429,288,215,155,113,166,383,488,849,597
215,166,188,138,108,153,314,330,828,597
439,338,179,136,110,146,450,359,841,597
380,271,164,116,87,131,346,349,833,597
718,451,319,241,165,227,422,527,865,597
696,377,346,273,167,225,439,676,845,597
722,477,260,195,138,191,472,546,848,597
553,341,305,224,149,218,414,461,844,597
456,266,317,244,168,230,401,471,842,597
399,244,325,226,149,230,404,610,864,597
443,268,364,261,174,257,420,582,873,597
713,436,343,253,161,237,404,558,886,597
315,221,199,147,108,149,365,341,850,598
593,415,282,196,141,215,412,406,839,598
580,362,275,210,145,202,411,515,854,598
561,387,262,189,142,202,391,424,823,598
714,446,260,209,131,175,398,583,851,598
425,224,492,368,179,269,373,1023,919,598
308,201,154,120,84,115,328,345,804,598
672,405,280,228,166,210,373,709,826,599
304,241,254,163,130,208,594,3,527,599
336,230,255,205,152,197,380,471,848,599
546,376,304,215,154,231,468,371,862,599
344,213,205,146,109,157,378,362,834,599
428,316,251,175,125,182,364,395,840,599
417,311,184,154,116,143,401,336,825,599
459,328,282,212,163,222,406,339,839,599
255,187,217,158,120,170,377,327,865,599
418,292,230,175,133,182,340,473,859,600
490,341,232,185,143,175,503,347,834,600
546,381,202,157,114,155,361,346,784,600
505,291,370,278,181,257,464,707,903,600
720,443,361,296,198,248,408,630,873,600
351,207,34,16,49,90,504,19,628,600
630,373,308,220,152,222,432,633,880,600
529,389,259,194,146,201,402,404,843,600
275,186,252,187,123,172,397,723,863,600
521,396,202,156,123,164,379,353,824,600
387,298,139,93,73,114,323,358,828,600
582,449,198,142,116,167,348,341,804,600
565,392,401,296,229,318,513,709,872,600
355,256,173,139,111,139,354,333,854,600
412,254,196,156,116,152,439,352,840,600
485,335,275,195,135,204,395,399,860,600
468,331,186,142,109,146,354,354,840,600
460,289,220,167,108,156,398,354,835,600
231,215,101,80,77,97,358,2,185,601
355,244,165,125,93,128,375,352,847,601
486,317,326,239,180,253,392,539,871,601
581,419,150,112,84,118,381,349,843,601
353,272,130,103,88,109,398,361,777,601
511,372,247,185,144,197,387,348,843,601
323,250,127,90,71,103,307,348,824,602
360,222,269,225,153,189,365,460,875,602
549,396,188,149,111,147,380,344,839,602
251,197,147,119,94,116,327,329,809,602
558,338,262,184,113,174,377,600,862,602
651,444,240,197,145,187,442,562,855,602
627,412,196,164,124,151,457,345,837,602
300,206,117,102,71,84,239,667,366,602
390,307,197,152,118,157,352,352,846,602
618,445,255,166,129,205,494,363,870,602
395,281,286,216,158,215,271,657,855,602
444,268,219,169,118,157,371,548,857,602
671,441,219,176,128,167,412,400,859,602
517,309,215,153,117,168,473,361,831,602
323,174,265,201,115,167,418,428,847,602
567,386,204,155,116,156,383,353,867,602
301,219,173,141,109,141,363,342,830,603
572,320,293,214,139,197,429,446,864,603
411,349,124,104,93,112,305,214,792,603
470,334,217,164,142,188,479,369,838,603
252,200,200,149,117,164,387,328,861,603
318,287,195,129,116,177,371,2,228,603
550,403,210,156,122,169,391,345,838,603
576,378,267,194,141,203,411,356,841,603
516,314,311,238,164,225,414,633,876,603
664,374,415,328,213,283,450,512,866,603
410,305,208,162,127,169,382,342,836,603
458,312,243,193,145,184,544,360,814,603
627,446,218,151,107,161,411,324,842,603
622,371,250,213,130,162,422,404,839,603
413,300,185,143,118,152,365,347,845,604
413,269,281,201,141,205,399,489,865,604
541,365,253,196,152,203,427,371,860,604
529,360,199,141,102,148,364,334,856,604
274,195,147,109,83,116,349,206,800,604
437,279,253,200,145,191,379,477,850,604
622,403,283,210,139,199,412,388,855,604
391,288,209,148,110,162,374,336,853,604
450,325,185,150,117,146,397,355,829,605
362,221,330,220,147,233,419,679,869,605
439,250,284,221,146,199,414,622,878,605
653,357,410,291,185,274,559,1023,856,605
553,357,294,213,143,207,468,349,861,605
592,330,465,350,174,244,430,897,893,605
314,213,208,138,95,149,355,350,843,605
607,451,201,157,128,162,371,342,833,605
682,401,301,234,156,217,436,661,883,605
312,241,266,167,130,217,378,337,838,605
264,182,220,185,134,166,439,341,849,605
424,195,210,155,85,121,505,356,832,606
628,438,223,155,114,170,376,358,835,606
625,354,240,203,129,161,544,360,849,606
545,426,264,201,161,221,480,223,569,606
264,187,231,201,137,162,655,0,146,606
459,309,254,184,136,198,387,351,839,606
505,356,247,173,114,173,357,489,849,606
490,360,245,193,128,166,445,350,831,606
554,423,202,150,127,173,388,341,834,606
644,348,506,375,173,245,450,1023,911,607
467,344,260,208,161,208,385,411,849,607
647,390,407,317,195,269,432,711,870,607
512,359,188,164,117,140,386,346,837,607
588,343,334,241,155,229,443,491,839,607
180,172,156,110,106,150,417,2,170,607
259,200,212,164,126,167,353,285,790,607
620,377,399,270,184,280,420,364,854,607
494,339,245,169,131,195,371,343,840,607
630,453,175,135,97,131,398,360,819,607
427,306,176,127,95,134,376,354,836,607
626,429,299,201,138,215,398,452,857,607
325,253,112,84,66,90,193,720,423,608
579,304,371,277,170,248,446,720,867,608
585,420,220,161,123,174,373,348,839,608
394,288,118,89,71,95,335,350,742,608
325,247,227,173,136,187,379,389,848,608
633,426,366,262,188,266,438,687,858,608
379,235,372,291,165,225,349,678,883,608
469,268,329,242,149,220,449,704,892,608
264,198,214,164,125,166,288,406,832,608
696,471,282,210,160,219,403,445,841,608
593,373,482,371,254,342,590,8,595,608
426,309,192,134,104,154,375,355,829,608
582,422,176,131,102,143,370,347,839,608
447,309,420,294,195,286,466,604,897,609
275,204,202,147,107,158,367,341,835,609
670,389,325,245,167,241,522,518,855,609
360,219,309,243,160,212,375,649,864,609
495,413,165,112,93,141,326,351,811,609
606,467,251,188,149,203,376,354,827,609
621,320,370,285,168,240,443,674,841,609
605,375,301,253,172,216,421,603,855,609
500,360,201,161,118,155,376,342,823,610
390,237,236,186,132,172,344,491,850,610
315,239,244,178,142,202,389,339,836,610
690,365,570,421,232,340,473,1010,912,610
559,288,315,231,144,215,509,754,884,610
223,171,135,114,90,108,350,136,781,610
694,400,322,228,152,226,508,550,874,610
412,279,212,158,119,166,385,348,843,610
441,342,399,304,250,328,507,696,861,610
694,428,314,227,162,234,497,499,874,611
374,260,271,180,132,204,305,428,839,611
631,454,230,180,138,183,487,492,867,611
450,283,296,197,133,212,401,675,882,611
553,385,169,142,117,137,496,354,844,611
317,210,220,159,124,174,457,352,847,611
320,266,109,80,70,97,407,45,696,611
457,337,185,139,111,145,348,334,820,611
594,352,408,286,168,260,490,603,861,611
314,202,253,199,133,180,406,428,853,611
430,307,225,176,132,174,384,436,855,611
444,314,266,205,161,215,396,372,815,611
471,311,239,188,136,183,386,468,837,612
328,236,185,141,110,148,342,338,829,612
357,259,167,121,94,133,360,326,822,612
469,349,201,160,132,170,384,352,819,612
464,340,168,120,88,128,352,372,822,612
609,407,228,171,117,163,407,375,853,612
426,328,215,167,133,175,356,352,848,612
648,440,327,228,158,236,503,443,848,612
374,288,191,151,121,159,341,340,825,612
698,460,347,235,164,260,420,494,847,612
568,414,268,188,143,209,385,349,841,612
401,268,227,170,122,173,388,439,852,612
733,447,329,256,167,230,443,491,869,612
351,277,182,129,105,153,315,332,823,613
563,370,328,225,155,240,410,496,855,613
572,378,299,226,169,232,386,579,869,613
480,327,230,173,125,174,392,417,836,613
438,275,175,125,82,124,361,327,840,613
247,194,104,98,82,88,313,190,770,613
371,282,199,159,130,167,365,334,812,613
197,142,139,119,91,109,283,333,836,613
378,292,184,144,111,145,422,341,822,613
670,490,283,198,153,225,409,418,816,613
632,406,297,263,186,218,430,674,864,613
563,392,192,148,103,143,374,427,836,613
447,298,176,127,84,124,424,339,843,613
276,207,175,140,105,134,318,349,837,613
364,257,203,152,116,157,384,360,840,613
566,342,246,173,120,180,511,389,868,613
302,266,143,112,101,127,361,1,215,614
543,306,350,258,160,240,417,678,874,614
320,192,193,147,105,147,376,344,855,614
415,263,202,150,116,160,455,365,841,614
331,240,219,167,129,177,369,336,821,614
526,355,207,145,95,146,363,349,840,614
380,218,205,152,96,141,388,343,847,614
432,240,243,193,124,167,413,463,849,614
650,482,285,198,167,241,525,22,645,614
523,390,239,181,135,186,407,335,845,614
690,471,296,246,186,234,415,558,857,614
339,236,212,163,125,167,410,379,827,614
594,368,343,254,173,246,434,657,875,614
706,431,355,268,176,234,429,665,898,615
417,236,201,146,88,130,443,563,853,615
621,384,349,261,178,251,430,656,858,615
458,291,418,306,206,295,495,624,894,615
619,398,296,227,156,216,407,605,865,615
425,290,219,170,127,168,386,371,858,615
298,204,207,151,114,161,439,336,845,615
657,403,255,190,148,199,547,351,825,615
421,303,157,126,96,120,367,358,846,615
369,181,304,238,134,191,383,621,885,615
587,340,450,336,211,299,452,666,866,615
518,362,227,165,110,160,376,468,842,615
481,324,293,198,143,220,386,525,860,615
391,267,227,195,148,178,391,493,852,616
664,484,238,181,142,195,396,351,843,616
320,209,255,204,154,197,376,330,835,616
694,472,233,181,132,176,419,466,862,616
359,214,304,222,116,164,472,598,854,616
417,260,305,216,141,212,423,578,860,616
364,232,272,204,152,209,397,438,856,616
542,373,173,134,100,133,370,343,838,616
348,254,173,114,82,132,376,360,833,616
443,343,273,209,180,235,419,340,843,616
514,332,247,201,140,179,420,360,822,616
455,296,238,168,113,171,359,503,823,616
524,349,317,235,171,243,439,427,852,616
608,408,270,190,144,213,416,549,847,616
569,401,189,144,107,143,387,347,840,617
546,385,228,154,128,190,497,1,200,617
304,205,211,170,127,160,368,367,829,617
546,382,304,228,169,229,400,433,856,617
641,424,320,254,168,224,412,633,872,617
388,268,272,193,142,207,404,383,843,618
395,266,180,129,95,138,381,346,826,618
609,338,383,295,167,238,410,691,881,618
402,274,271,182,126,196,389,454,854,618
457,237,411,309,196,277,504,696,887,618
685,440,327,255,180,234,510,486,852,618
389,253,300,224,151,214,460,484,865,618
561,391,244,178,143,202,499,364,828,618
641,378,117,95,64,83,369,697,495,619
651,436,242,198,142,178,398,355,873,619
216,141,178,133,95,131,316,332,836,619
534,326,275,236,153,189,461,342,832,619
348,234,202,146,108,153,379,367,846,619
371,261,229,172,138,187,475,354,841,619
228,184,205,153,123,167,284,337,822,619
612,373,288,230,187,234,533,487,871,619
273,203,196,139,105,153,342,353,835,619
545,349,268,213,151,202,447,342,825,619
605,346,307,224,142,206,435,634,865,620
463,354,312,212,167,252,462,251,673,620
554,399,194,159,116,148,397,346,828,620
444,341,156,120,102,132,323,323,819,620
277,189,165,124,89,121,355,339,842,620
441,273,302,213,147,220,435,457,861,620
522,272,375,293,183,248,446,709,879,620
350,273,337,244,203,284,498,585,877,620
378,224,349,282,188,240,382,634,878,620
642,354,461,334,215,292,509,790,893,620
510,328,322,249,179,237,407,609,850,620
342,201,365,266,176,255,370,717,886,621
209,140,184,142,96,131,297,345,847,621
412,302,230,166,124,179,384,372,838,621
634,450,384,264,194,290,442,473,843,621
312,233,199,148,117,163,362,341,833,621
433,349,186,139,120,160,392,362,828,621
427,234,399,284,177,261,425,625,889,621
673,441,283,223,157,210,426,397,832,621
515,311,303,219,135,187,574,392,849,622
695,387,357,264,159,228,461,725,897,622
259,200,174,140,117,147,298,330,809,622
459,274,299,226,144,203,421,658,871,622
599,420,151,130,94,111,381,354,802,622
694,461,392,296,212,300,418,795,905,622
404,316,198,137,113,171,388,341,853,622
384,250,205,174,128,159,408,274,849,622
499,368,267,202,142,196,487,402,834,622
543,281,484,363,210,304,464,691,896,622
653,469,210,157,116,162,363,349,839,622
532,375,284,218,168,221,392,453,848,622
518,301,271,230,165,203,488,567,852,622
648,460,250,192,138,190,389,390,833,622
600,404,256,203,144,187,382,569,843,622
475,361,137,110,86,110,369,233,829,623
424,284,273,187,132,202,390,432,857,623
620,389,246,189,144,193,495,446,866,623
307,266,135,93,78,116,429,82,378,623
377,291,159,120,92,128,357,343,842,623
601,371,291,233,158,210,397,630,869,623
499,298,261,183,118,185,413,590,855,623
362,240,173,131,93,126,367,352,830,624
337,283,169,132,102,135,348,343,817,624
348,246,150,114,86,118,336,352,832,624
354,224,175,140,99,129,359,340,834,624
630,408,225,185,135,167,455,350,828,624
558,406,240,182,136,184,416,431,871,624
391,294,133,97,76,109,355,341,807,624
536,334,307,226,155,223,405,587,856,624
509,390,182,136,99,141,448,353,800,624
481,299,131,88,54,87,367,677,452,624
466,322,234,182,136,186,393,413,839,624
563,328,332,227,141,219,446,719,888,625
659,389,376,283,187,268,460,717,901,625
603,382,317,260,186,231,399,666,857,625
513,355,188,138,96,140,391,352,843,625
223,150,196,129,93,150,473,65,613,625
323,250,212,159,123,169,354,346,833,625
615,404,269,214,154,205,400,373,852,625
457,292,412,298,189,274,447,687,888,625
480,350,292,206,148,216,394,597,857,625
218,174,217,167,139,179,276,332,809,625
288,243,174,149,128,148,298,331,830,625
684,495,262,206,164,213,407,377,862,625
595,391,248,170,120,188,412,427,857,625
239,180,197,167,125,152,343,346,824,626
386,248,313,216,146,225,505,523,841,626
636,376,212,178,131,158,515,417,845,626
403,245,182,144,107,140,432,356,836,626
293,229,194,150,112,147,305,379,821,626
572,371,192,151,107,141,442,474,864,626
619,394,286,191,126,210,407,376,866,626
384,306,111,92,81,95,354,344,799,626
439,311,197,135,107,160,465,352,843,626
508,380,228,160,125,184,370,349,807,626
379,281,190,141,106,147,352,368,813,626
487,397,219,164,130,181,370,359,824,626
497,355,194,142,106,153,379,342,838,626
264,200,210,135,102,168,480,6,480,627
711,440,349,263,173,247,417,671,881,627
580,414,251,166,123,195,417,362,855,627
693,376,424,304,171,264,478,715,901,627
312,225,142,103,74,107,359,352,821,627
715,449,262,205,144,191,440,459,850,627
722,480,315,225,146,214,436,543,866,627
398,261,275,219,156,200,368,550,875,627
150,142,106,80,79,103,317,1,227,627
434,264,268,184,110,174,434,426,863,627
397,257,243,179,136,188,391,350,839,627
487,320,284,216,160,219,503,633,869,627
624,365,248,188,118,166,484,444,850,627
475,323,424,299,222,324,502,506,840,627
486,229,406,307,172,249,467,694,894,627
576,426,227,176,146,190,391,341,841,627
403,201,346,239,159,234,523,535,878,628
274,208,235,161,123,180,384,342,841,628
675,353,422,359,236,283,469,698,883,628
576,357,266,218,156,193,407,537,859,628
331,228,269,207,150,204,413,431,828,628
510,406,173,133,104,141,344,344,821,628
693,406,309,220,139,211,436,602,864,628
443,302,298,213,154,220,443,388,847,628
447,260,337,231,148,228,382,593,870,628
454,308,331,214,170,271,477,498,884,628
538,345,300,232,167,222,415,617,863,628
541,373,147,116,86,112,384,342,835,628
589,395,241,220,172,189,467,371,847,629
426,306,199,146,115,157,371,337,845,629
438,317,227,182,140,182,392,347,845,629
567,320,398,298,186,260,436,607,866,629
464,284,348,241,158,244,440,622,876,629
601,367,297,205,134,206,416,642,884,629
617,455,156,113,84,121,378,359,830,629
406,210,312,237,149,205,407,687,885,629
489,346,245,190,136,181,355,525,848,629
582,314,391,282,157,243,468,696,868,629
555,346,269,219,145,191,396,567,856,629
459,344,161,120,96,132,356,342,815,629
688,491,284,209,164,233,428,340,835,629
365,269,216,134,105,177,475,340,835,630
469,278,243,181,104,154,412,435,875,630
470,275,470,342,209,310,475,621,878,630
502,363,196,154,119,158,355,351,829,630
572,425,301,231,191,253,491,571,866,630
172,143,151,111,97,131,419,11,480,630
387,244,323,209,149,242,426,355,857,630
588,414,199,149,122,170,484,349,798,631
682,433,327,272,181,231,427,683,859,631
663,388,365,263,159,245,428,608,848,631
601,372,357,251,164,244,429,694,878,631
412,300,245,192,148,193,357,529,845,631
370,245,296,214,149,213,424,388,863,631
434,323,222,186,159,187,465,381,832,631
431,315,245,193,141,189,343,494,840,631
487,328,340,276,192,243,414,684,877,631
588,392,242,191,133,175,397,338,839,631
389,222,341,266,191,256,479,698,870,631
291,217,261,201,155,207,383,351,835,632
382,285,174,129,106,146,358,341,837,632
447,257,276,229,140,179,410,357,838,632
417,232,310,243,152,208,433,696,865,632
498,307,278,201,143,206,397,670,852,632
352,269,164,126,106,139,354,354,838,632
231,182,111,76,63,94,332,152,768,632
633,374,147,111,73,98,507,371,855,632
567,384,217,168,121,162,389,369,849,632
630,478,173,136,107,143,343,352,845,632
432,311,208,149,119,169,396,332,829,632
465,293,222,153,106,161,383,495,856,632
460,296,267,210,140,185,362,658,855,632
283,214,215,172,141,180,375,369,835,632
434,319,150,108,83,119,335,360,781,632
730,461,366,285,180,245,439,733,883,633
529,305,416,284,174,270,547,626,876,633
361,249,323,228,172,251,404,470,856,633
525,369,243,178,135,193,398,500,875,633
301,275,110,84,77,100,292,338,715,633
515,309,227,174,110,158,404,347,851,633
679,461,240,194,137,177,410,422,827,633
335,198,327,219,138,228,439,483,865,633
543,364,267,180,144,211,513,478,858,634
498,275,363,254,156,239,458,716,889,634
348,250,274,205,165,229,484,367,857,634
353,221,290,211,148,214,390,414,848,634
503,370,241,188,146,196,384,429,816,634
351,215,171,135,97,131,490,356,834,634
697,400,344,269,180,245,437,642,863,634
547,368,300,241,173,220,353,610,874,634
477,343,206,180,140,165,371,356,839,634
611,352,392,293,180,259,420,693,886,634
346,286,162,137,115,136,316,338,810,634
666,431,279,224,148,194,426,565,851,634
430,204,373,268,150,233,451,683,888,634
456,330,235,184,133,175,406,366,867,634
433,213,270,205,129,181,515,526,874,635
256,182,234,176,129,174,387,346,836,635
399,232,377,274,163,247,429,504,864,635
431,277,283,214,131,180,370,583,879,635
685,392,273,217,146,191,516,605,860,635
410,287,235,186,136,185,345,333,830,635
444,255,256,212,140,181,416,385,849,635
346,231,266,186,122,191,394,464,866,635
308,225,169,118,87,129,314,346,827,635
381,213,269,216,142,182,418,412,854,635
534,400,215,162,131,178,469,361,830,635
469,331,214,175,129,164,394,437,826,636
565,401,158,115,86,121,356,346,830,636
441,359,165,158,140,147,346,349,820,636
490,378,239,162,126,193,377,323,849,636
670,474,231,174,126,176,408,498,872,636
351,255,209,162,131,173,381,341,817,636
452,252,335,242,164,238,416,680,869,636
371,239,379,264,178,275,418,465,841,636
568,398,178,124,84,126,372,343,808,636
501,292,398,296,188,261,493,802,902,637
628,413,286,226,156,203,437,457,856,637
581,449,209,163,139,175,366,356,842,637
299,217,181,151,109,135,369,347,850,637
318,240,132,101,83,108,321,355,756,637
421,299,153,125,98,123,344,354,831,637
661,409,304,241,157,210,426,696,882,637
589,373,252,182,128,192,433,373,835,637
599,302,334,247,159,220,528,574,862,637
485,273,366,266,174,256,458,697,870,637
475,371,167,124,101,141,338,335,831,637
555,377,230,172,123,177,403,456,848,637
703,466,188,147,105,139,399,343,839,637
328,242,173,131,107,143,364,345,826,638
632,437,274,219,150,197,343,675,870,638
460,256,521,383,197,286,399,981,917,638
415,303,212,141,102,160,498,333,830,638
590,371,307,224,152,220,518,526,844,638
491,366,182,126,100,150,365,351,829,638
708,444,429,331,209,286,447,640,892,638
313,199,141,100,75,110,476,409,856,638
591,388,281,196,131,204,465,346,847,638
695,486,218,140,98,161,386,345,839,638
489,337,170,117,95,140,441,347,817,638
423,325,165,133,111,141,367,352,851,638
275,199,139,100,78,112,343,262,806,638
570,388,208,155,114,159,395,353,848,638
596,321,361,252,149,234,516,690,889,638
645,471,218,169,127,171,420,364,846,638
361,235,253,189,134,188,393,489,847,638
691,475,301,224,169,235,419,407,837,638
453,337,162,124,93,127,356,341,820,638
462,309,288,214,151,218,412,407,850,638
611,376,356,278,174,237,426,734,871,638
390,264,188,144,115,150,392,349,835,639
563,381,247,209,151,187,530,339,827,639
309,237,240,199,150,184,383,331,850,639
297,204,192,147,105,143,399,340,845,639
585,371,254,192,136,186,420,449,860,639
353,231,235,196,136,168,393,354,833,639
408,280,267,192,155,219,504,537,857,639
513,343,288,221,158,218,396,429,875,639
473,265,338,254,162,230,433,703,868,639
493,341,157,128,98,121,397,707,448,639
508,336,346,229,159,253,480,483,866,639
525,308,341,275,177,236,424,701,880,639
524,344,245,170,117,178,403,353,852,640
380,241,289,187,120,203,403,573,868,640
641,438,255,199,146,193,421,365,851,640
355,254,119,86,65,92,338,353,772,640
463,301,304,221,155,224,406,557,868,640
502,351,111,78,61,89,335,721,361,640
660,391,399,284,181,278,507,399,855,640
422,232,236,179,123,174,377,686,788,640
568,420,171,137,108,139,445,352,783,640
366,285,209,163,133,171,344,340,829,640
367,232,393,266,159,254,367,618,878,640
418,273,221,156,107,163,351,363,859,640
363,255,238,178,126,179,357,340,837,641
510,346,272,217,156,202,408,330,838,641
561,370,203,143,102,153,394,362,836,641
372,233,383,289,187,266,421,649,871,641
417,325,233,162,129,187,379,347,846,641
348,244,169,140,105,132,356,344,809,641
554,374,236,165,111,168,383,346,837,641
650,431,249,182,132,194,493,547,864,641
559,423,149,115,89,120,362,344,802,641
609,392,244,183,126,174,381,484,831,641
299,242,144,96,78,119,337,204,804,641
370,250,222,168,129,177,353,339,851,641
550,375,234,180,131,182,402,600,854,642
406,272,259,180,132,198,402,343,847,642
539,348,284,217,154,211,414,414,844,642
548,325,138,109,66,89,379,353,765,642
374,271,169,122,93,133,375,349,840,642
506,377,203,159,121,155,380,332,825,642
684,430,307,223,155,224,439,362,853,642
626,426,342,258,195,267,417,396,837,642
515,319,266,199,136,190,415,584,851,642
350,246,254,197,146,196,408,395,800,643
419,292,169,121,89,132,387,336,853,643
630,431,257,213,151,189,409,419,840,643
292,242,122,108,94,105,337,348,802,643
188,145,159,118,90,127,282,345,835,643
392,301,136,94,76,115,368,242,777,643
324,269,130,98,79,108,289,341,833,643
387,253,202,166,116,150,377,337,847,643
475,276,266,201,128,186,431,469,856,643
575,409,145,108,79,109,358,342,774,643
634,473,205,157,127,168,403,357,776,643
383,256,265,185,133,200,403,379,875,643
408,218,198,145,136,191,507,492,834,643
396,256,269,189,139,209,357,424,842,643
547,396,218,149,118,181,384,343,836,643
400,255,275,206,156,214,517,346,815,643
495,356,202,146,115,159,378,332,835,643
732,455,309,230,176,243,488,431,844,643
460,287,192,145,104,142,463,351,853,644
278,217,205,173,127,156,393,12,690,644
730,396,570,433,242,328,488,1023,899,644
483,346,157,120,90,122,349,342,740,644
488,333,215,168,119,161,413,354,866,644
273,194,206,138,101,159,355,336,821,644
715,477,260,209,156,197,533,353,885,644
399,270,247,171,121,190,389,397,828,645
465,300,224,157,109,166,404,402,860,645
409,301,231,185,151,189,390,354,849,645
467,325,228,172,139,187,476,359,827,645
638,416,251,191,135,184,421,449,872,645
542,344,297,219,126,192,465,580,842,645
602,413,162,112,84,125,457,344,838,645
698,487,360,257,186,272,454,476,865,645
616,417,377,321,244,293,432,626,884,645
384,271,212,158,114,162,376,339,840,645
291,188,213,174,121,157,381,357,829,645
298,201,191,148,102,138,329,341,838,645
474,323,252,195,142,193,415,366,851,646
684,474,275,201,148,205,480,512,881,646
715,446,218,171,115,155,409,561,842,646
594,404,204,156,111,151,396,368,843,646
550,376,303,193,138,231,406,393,867,646
427,308,184,144,111,142,360,349,838,646
709,415,291,208,132,194,445,530,867,646
481,357,217,157,123,175,409,464,865,646
335,225,205,145,104,153,390,362,836,646
598,402,388,282,192,274,452,645,884,646
422,328,154,97,77,123,392,324,730,646
429,304,175,126,89,129,369,336,818,646
716,437,348,263,180,253,444,632,878,646
393,277,188,150,116,149,477,356,849,647
696,484,245,207,155,188,408,342,882,647
462,338,189,140,114,158,373,354,790,647
578,371,287,224,152,205,481,700,864,647
599,435,227,164,127,182,481,424,848,647
247,165,271,177,122,198,416,380,861,647
320,266,162,117,103,146,398,50,701,647
543,308,309,231,164,231,542,568,868,647
307,234,203,159,122,163,393,338,848,648
358,265,156,105,78,121,400,344,842,648
378,253,255,204,140,184,390,391,846,648
470,317,114,90,66,87,350,350,637,648
710,405,371,288,191,258,444,522,866,648
387,254,202,146,101,148,393,352,846,648
701,488,201,164,112,141,393,344,869,648
531,416,124,103,86,103,373,349,808,648
650,405,316,280,184,217,395,684,878,648
345,249,296,223,167,230,390,516,848,648
492,329,220,159,112,166,406,355,850,648
595,430,177,135,102,136,345,336,780,648
393,221,318,232,149,218,428,569,889,648
412,357,110,76,66,98,329,353,781,648
588,399,228,158,118,177,401,432,842,648
647,354,358,298,182,231,462,701,888,648
336,275,113,82,73,101,331,212,807,648
368,256,221,182,118,154,401,392,843,648
263,179,191,149,107,146,328,317,838,649
506,367,295,198,137,221,406,386,850,649
555,386,291,204,151,222,511,604,859,649
716,406,394,298,180,260,470,704,888,649
626,384,325,277,176,215,477,682,854,649
433,313,209,159,122,162,364,342,830,649
663,428,308,241,168,226,419,700,883,649
684,472,262,210,142,185,411,516,864,649
318,212,200,157,119,154,375,329,836,649
497,342,279,218,147,199,421,350,868,649
703,392,422,314,184,253,463,812,900,649
511,336,296,237,167,208,407,672,880,650
544,363,201,157,112,148,420,352,861,650
313,235,191,145,113,153,378,354,831,650
208,151,215,184,126,152,396,1,195,650
514,340,313,225,157,227,383,700,877,650
555,406,320,227,179,262,406,339,838,650
421,254,277,211,143,198,414,477,860,650
698,458,406,295,233,330,509,689,888,650
426,332,195,138,107,154,372,345,843,650
551,382,267,186,137,201,467,379,855,650
401,315,163,132,110,136,364,343,821,650
463,279,378,268,169,263,432,503,854,650
200,171,107,78,71,96,349,47,777,650
642,385,367,262,166,252,440,658,885,650
586,369,265,191,124,181,418,347,817,650
650,367,292,235,144,201,402,630,871,650
498,324,297,214,144,218,426,505,857,650
597,436,202,170,127,159,380,333,824,650
702,468,221,164,118,162,402,353,848,650
679,431,294,212,143,212,432,514,846,650
646,442,254,187,139,197,425,475,849,650
532,400,175,131,100,135,396,357,816,650
697,472,269,201,144,203,401,522,877,650
369,268,302,232,162,220,331,668,865,651
362,245,156,122,93,123,328,338,804,651
519,274,329,246,153,220,446,613,872,651
430,305,248,192,152,199,383,508,865,651
481,289,282,197,136,204,521,325,842,651
456,368,97,67,56,83,367,301,731,651
463,365,135,108,91,115,335,342,784,651
416,357,158,107,91,140,316,347,828,652
603,422,248,184,146,198,412,389,844,652
578,320,274,174,97,171,427,455,857,652
667,406,353,258,174,254,445,619,862,652
457,348,151,124,102,124,334,263,813,652
328,238,257,186,134,193,333,551,834,652
398,287,132,107,84,105,335,351,703,652
377,252,342,262,176,248,300,688,867,652
370,274,251,183,147,208,370,349,850,652
617,380,317,246,165,226,456,608,873,652
303,199,271,194,130,192,304,550,853,652
324,267,201,164,141,171,456,21,417,652
551,385,304,238,141,195,431,556,841,652
426,257,195,130,96,149,495,361,846,652
464,292,180,148,104,132,391,359,860,652
448,302,210,173,116,150,353,347,840,653
564,382,229,177,136,178,368,430,849,653
515,272,280,212,146,201,507,612,856,653
507,309,268,190,128,197,406,477,860,653
407,260,198,157,111,145,369,353,809,653
614,429,156,108,90,135,420,432,653,653
480,353,201,137,104,157,376,347,828,653
660,420,387,305,194,257,444,721,865,653
580,419,229,174,136,182,396,399,834,653
569,355,281,211,144,201,411,505,857,654
505,364,195,145,105,148,378,362,844,654
465,351,185,138,108,151,445,109,611,654
668,464,271,200,143,204,409,479,852,654
440,278,250,188,128,187,392,620,862,654
345,186,328,265,164,216,486,482,861,654
460,297,238,166,114,178,398,349,851,654
416,280,230,178,126,172,391,351,841,655
230,209,174,119,100,147,381,2,240,655
387,301,213,154,117,170,337,317,797,655
280,221,227,160,124,183,343,320,823,655
695,480,253,206,158,195,409,346,838,655
524,341,234,176,135,188,418,401,852,655
346,244,155,129,101,125,335,342,827,655
605,432,292,211,161,226,410,366,848,655
654,414,292,214,151,212,429,470,852,655
495,294,243,174,114,174,421,389,848,655
478,324,309,230,166,232,376,585,857,655
472,350,162,132,106,135,366,348,824,655
352,301,102,71,62,88,519,2,431,656
379,239,200,147,102,143,394,370,833,656
357,260,160,118,93,129,357,357,822,656
351,225,251,183,121,180,426,432,866,656
447,245,383,277,175,257,415,741,899,656
645,406,343,254,166,238,411,714,888,656
540,356,222,153,103,156,387,329,835,656
503,338,261,199,150,201,383,362,833,656
508,331,135,88,60,98,368,361,783,656
648,431,261,209,147,192,423,551,851,656
457,272,313,234,150,214,429,593,854,656
328,204,320,227,143,213,430,611,876,656
613,463,243,187,150,197,397,345,840,657
548,379,215,171,125,165,402,350,849,657
519,339,191,134,91,137,381,352,851,657
301,239,227,163,132,187,325,311,822,657
533,293,378,329,206,252,425,595,856,657
262,154,309,225,144,211,309,694,874,657
352,243,225,163,115,169,386,339,848,658
437,272,217,157,118,165,464,357,835,658
530,394,197,135,109,164,383,354,832,658
594,438,222,147,112,179,399,347,846,658
545,388,188,150,113,143,374,337,861,658
408,259,364,285,209,276,479,615,860,658
452,351,215,160,125,172,373,344,876,658
498,354,272,198,145,202,393,335,856,658
454,330,236,200,153,190,387,336,848,658
580,411,196,181,138,153,398,351,836,659
690,447,316,248,166,222,391,374,838,659
434,265,327,248,158,224,437,595,891,659
374,238,219,172,125,162,406,346,840,659
700,398,297,228,112,164,425,774,892,659
282,197,203,165,129,163,359,334,818,659
708,475,235,164,120,176,417,360,845,659
536,361,276,173,120,203,409,331,860,659
513,381,142,113,91,117,369,343,825,659
384,279,161,127,101,131,354,345,849,659
374,253,166,127,94,125,366,360,842,660
443,250,322,250,154,213,419,708,874,660
399,304,196,148,117,157,323,355,812,660
406,271,215,161,112,159,376,345,866,660
526,362,298,225,172,230,464,615,869,660
680,446,325,237,161,225,542,453,858,660
479,346,165,134,99,127,365,345,827,660
493,295,193,142,100,142,442,503,830,660
330,253,159,111,92,135,369,362,825,660
426,297,274,196,140,213,402,465,840,660
538,345,304,221,153,221,438,532,870,660
480,335,225,186,138,173,390,350,857,660
321,210,327,237,148,210,561,358,836,660
335,222,180,133,101,142,364,337,832,660
444,329,194,128,101,157,384,359,839,660
298,209,217,160,124,166,362,338,835,660
641,471,187,112,222,343,536,163,776,661
296,204,200,152,108,150,387,354,836,661
440,251,288,214,141,198,398,628,862,661
589,464,368,277,209,286,460,797,890,661
460,314,282,213,163,226,403,630,872,661
440,308,184,142,108,143,368,345,850,661
493,329,233,179,127,175,471,372,842,661
451,277,250,184,131,183,411,346,842,661
607,396,297,214,150,224,407,657,849,661
463,324,262,218,169,209,397,413,831,661
447,294,196,148,108,146,361,411,839,661
391,218,345,278,182,234,395,675,876,661
403,249,361,256,178,270,433,565,862,662
308,165,173,119,72,115,323,745,868,662
637,372,190,146,99,134,457,360,842,662
322,173,357,263,159,230,379,478,867,662
522,260,297,232,155,209,517,566,856,662
455,286,240,171,108,161,395,531,861,662
562,316,233,168,105,151,433,450,854,662
375,283,182,124,99,150,357,348,821,662
628,437,216,163,118,167,411,403,835,662
498,377,198,156,123,159,376,350,840,662
342,222,158,123,93,121,313,352,842,662
284,240,121,88,74,106,301,334,809,662
527,321,308,226,152,224,481,546,870,662
349,259,220,158,124,178,378,341,840,662
370,246,232,190,139,177,390,338,846,663
545,379,131,106,82,101,401,341,772,663
388,242,201,147,103,149,391,398,845,663
429,230,321,251,154,217,437,713,868,663
471,321,255,190,138,197,412,462,831,663
573,418,216,163,124,171,396,336,852,663
647,382,264,210,167,209,513,356,859,663
533,319,382,294,192,265,436,691,880,663
507,314,314,231,160,230,437,546,868,663
475,276,336,229,146,228,439,553,879,663
698,444,201,138,103,150,405,726,834,663
674,445,318,226,152,229,450,460,858,664
327,223,284,205,139,205,409,528,853,664
559,329,328,230,146,224,439,541,874,664
725,451,342,255,179,253,443,695,873,664
386,341,151,105,94,132,485,5,669,664
528,273,316,240,148,205,453,713,878,664
263,237,147,97,88,134,351,2,205,664
209,145,195,146,105,143,298,338,819,664
607,346,396,291,171,254,447,666,874,664
341,245,229,164,123,179,356,352,821,664
567,336,263,206,143,192,416,611,867,664
391,285,188,126,95,148,357,342,823,664
457,328,228,175,131,177,438,330,842,664
622,450,176,135,103,139,384,347,846,664
263,164,282,202,128,190,409,435,849,664
295,206,191,143,110,152,448,361,830,665
534,327,217,163,112,157,505,359,840,665
468,363,213,144,115,174,447,362,824,665
602,345,277,232,160,197,511,520,838,665
619,364,230,199,140,168,435,471,861,665
494,273,353,238,151,244,443,633,889,665
446,340,234,173,125,176,372,355,840,665
587,411,175,138,104,136,376,357,832,665
646,435,225,184,134,174,420,462,845,665
585,412,199,142,104,152,394,352,830,665
238,159,253,160,107,181,406,383,849,666
327,280,104,82,72,91,329,210,791,666
586,384,223,187,135,161,398,353,832,666
493,336,260,204,165,212,475,402,846,666
288,209,243,178,137,191,411,352,821,666
450,213,457,346,173,248,370,993,928,666
509,338,254,172,115,182,393,329,843,666
303,208,236,181,122,164,316,606,850,666
475,270,367,269,174,254,435,669,870,667
681,486,213,162,115,159,379,343,844,667
507,261,253,216,121,161,409,366,852,667
406,245,289,231,162,207,379,554,846,667
418,327,304,218,175,254,385,378,837,667
600,305,340,261,159,222,422,712,885,667
273,185,222,177,128,165,453,409,822,667
617,472,174,139,109,138,374,355,807,667
368,245,211,154,109,159,384,410,845,667
501,392,115,98,82,99,359,360,608,667
438,261,294,236,165,220,401,551,857,667
502,293,272,201,140,198,492,426,848,668
483,357,286,207,150,216,423,438,834,668
420,271,233,178,119,168,382,491,869,668
580,406,264,241,188,213,481,507,835,668
692,366,324,250,145,194,435,579,866,668
386,287,249,200,142,187,367,348,852,668
512,384,135,103,80,106,317,350,820,668
471,341,168,129,98,131,392,353,823,668
365,266,200,156,126,166,371,340,834,668
377,237,240,188,133,180,426,472,856,668
719,454,409,283,203,300,502,564,835,668
337,171,215,162,118,160,505,363,851,668
584,438,179,140,113,144,395,360,845,668
596,455,216,157,124,179,383,345,839,668
383,245,190,142,110,152,431,360,825,668
386,275,249,188,150,201,415,584,863,668
552,374,251,159,115,188,384,445,842,668
452,347,182,134,108,152,383,343,840,669
494,370,153,129,100,125,349,344,819,669
253,170,209,157,115,159,398,357,839,669
348,233,250,203,149,189,358,412,848,669
376,316,188,145,126,168,425,138,437,669
591,389,258,204,144,194,408,523,844,669
363,304,213,160,133,177,318,326,830,669
437,293,266,184,127,192,399,455,866,669
606,317,418,317,183,251,385,1023,902,669
464,314,243,189,136,182,476,346,829,669
538,413,139,106,89,117,367,358,705,669
309,237,185,133,104,146,348,333,818,669
659,490,180,125,90,137,370,345,829,669
391,248,221,162,117,168,385,390,855,669
518,416,267,200,163,222,474,469,851,670
470,322,223,162,120,174,388,461,852,670
501,363,292,209,151,223,392,384,859,670
638,370,375,276,161,230,351,683,875,670
430,287,199,161,118,150,362,344,830,670
631,419,259,183,128,191,398,359,854,670
713,472,240,172,120,173,419,341,846,670
284,204,139,116,94,116,337,343,810,670
470,314,218,137,89,156,486,192,508,670
388,296,217,155,117,168,321,316,832,670
499,342,256,203,156,196,406,510,858,670
705,451,311,233,153,221,423,549,856,670
533,387,200,172,136,160,365,320,834,670
313,270,93,65,57,82,334,1,251,670
680,438,354,291,192,252,500,680,868,671
243,174,286,216,150,207,409,578,875,671
555,387,262,199,147,201,474,450,846,671
627,375,365,286,194,251,427,639,872,671
519,358,262,182,138,207,400,356,834,671
655,463,313,222,161,236,427,656,887,671
481,366,351,256,204,288,509,562,858,671
478,341,256,192,147,206,392,352,840,671
506,281,380,278,180,255,514,706,892,671
448,304,303,228,170,237,468,687,855,671
366,243,255,196,142,193,383,510,867,671
557,339,420,318,203,291,451,688,876,671
308,239,203,155,124,165,306,397,836,671
583,417,212,167,121,163,395,341,861,671
381,246,188,146,103,141,373,351,830,671
423,253,246,184,119,172,383,715,848,671
489,271,287,221,143,197,443,582,841,672
507,369,163,136,108,133,344,351,836,672
477,337,193,152,118,151,398,357,842,672
393,246,268,193,135,198,390,476,845,672
410,298,213,148,118,170,412,336,816,672
656,463,241,190,136,185,420,598,871,672
451,315,329,248,174,240,522,690,877,672
565,314,312,239,156,208,455,630,867,672
484,327,377,273,204,299,485,430,851,672
344,244,161,122,96,131,363,345,828,672
709,486,289,213,157,216,414,611,863,673
531,256,513,369,205,313,492,695,879,673
631,461,328,230,171,256,410,435,849,673
389,291,225,171,145,192,435,344,827,673
429,318,149,115,91,120,350,366,837,673
706,396,314,256,134,184,452,680,890,673
414,265,267,198,136,194,361,563,868,673
520,343,200,146,97,140,405,350,848,673
454,324,201,163,129,159,378,389,850,673
599,298,417,311,183,272,487,709,879,673
460,343,143,119,94,116,350,340,831,673
298,242,171,123,98,143,352,271,801,673
478,303,218,165,118,164,398,466,869,673
173,144,179,139,127,162,401,3,639,673
498,323,232,169,122,173,371,342,852,673
310,223,153,125,95,120,337,349,841,673
223,167,163,134,101,127,267,338,832,673
470,260,325,233,138,205,351,770,885,674
455,289,213,146,105,164,388,457,852,674
336,253,170,126,100,137,422,360,832,674
432,315,199,162,122,154,352,378,858,674
262,178,165,107,74,120,335,335,847,674
562,332,299,227,152,210,421,701,877,674
582,410,197,147,109,152,377,351,832,674
381,302,207,170,141,175,448,355,840,674
474,295,334,253,174,246,414,560,867,674
582,440,211,148,111,166,404,338,837,674
385,224,339,258,166,234,428,675,873,674
547,416,205,155,122,163,391,327,831,675
493,318,230,197,149,175,418,373,841,675
463,319,228,150,113,176,398,354,842,675
399,253,261,207,148,197,390,340,873,675
578,314,568,413,228,342,497,675,928,675
291,210,241,178,128,178,398,415,858,675
296,218,166,127,102,139,336,360,818,675
581,395,339,260,200,266,408,469,857,675
193,153,134,90,69,104,303,335,780,676
642,409,293,218,146,201,429,560,863,676
243,197,111,105,86,94,587,0,173,676
520,369,230,176,131,179,400,349,835,676
469,299,202,151,103,143,488,394,861,676
336,216,213,146,99,158,385,558,864,676
174,150,122,102,95,110,398,3,352,676
672,430,349,237,163,260,511,644,880,676
464,332,221,169,132,176,381,328,818,676
302,189,229,179,121,164,323,555,850,676
727,452,317,253,173,223,453,683,863,676
493,371,215,173,121,162,406,344,843,677
537,340,314,240,159,217,393,674,850,677
477,260,382,295,193,265,460,645,880,677
444,314,224,178,137,175,394,363,835,677
303,212,278,218,161,212,363,483,851,677
509,375,242,177,134,190,388,335,837,677
510,372,204,161,122,162,358,337,822,678
646,363,272,217,134,176,405,631,894,678
532,329,267,196,124,181,412,552,863,678
394,255,229,160,112,168,406,406,848,679
309,175,305,244,156,208,345,715,872,679
527,383,106,88,69,87,344,337,657,679
444,302,210,172,146,181,463,346,818,679
677,402,287,231,158,203,426,504,853,679
596,351,434,319,222,316,452,928,897,679
419,239,314,236,152,221,424,692,871,679
464,280,276,192,123,190,509,523,879,679
352,267,181,150,131,156,436,353,815,679
435,267,191,146,102,135,420,425,866,679
511,297,300,208,125,196,427,690,884,679
611,387,337,257,176,240,425,669,874,679
524,350,258,198,146,189,397,348,848,679
691,466,193,181,135,147,485,350,807,680
548,382,267,201,148,203,486,359,836,680
285,211,158,103,85,133,430,147,443,680
618,362,297,222,141,199,411,535,875,680
628,445,267,210,166,216,397,350,840,680
460,325,247,175,132,194,375,482,840,680
615,334,290,206,120,186,415,616,880,680
733,454,205,146,94,142,408,560,871,680
564,404,308,249,176,218,471,373,860,680
477,394,127,105,92,111,341,337,831,681
401,295,213,170,127,161,369,338,814,681
239,209,190,142,136,178,331,2,217,681
495,331,225,167,114,169,402,324,813,681
318,224,249,172,121,185,373,347,853,681
582,402,185,162,118,137,384,356,843,681
334,223,229,172,117,170,275,630,859,681
723,473,345,261,182,253,448,385,852,681
603,409,388,285,202,280,572,380,851,681
691,473,206,159,119,157,402,404,849,681
527,314,330,242,158,233,444,458,892,682
422,275,280,210,152,212,421,505,867,682
585,394,251,187,134,188,407,330,846,682
256,177,257,191,144,199,314,505,849,682
516,311,295,230,145,198,391,675,902,682
356,236,214,172,119,159,409,278,691,682
338,260,193,146,108,150,332,319,847,682
423,314,141,105,83,115,329,341,825,682
531,352,284,213,143,204,403,494,874,682
521,328,217,176,124,159,405,455,846,683
445,276,303,221,156,222,577,7,526,683
441,271,357,261,169,248,386,702,882,683
450,322,217,162,134,180,457,353,827,683
455,288,314,240,174,239,425,464,842,683
491,381,129,109,93,109,337,349,685,683
659,433,263,218,143,176,392,556,858,683
642,370,395,309,212,286,446,673,877,683
566,344,300,218,177,237,460,297,756,683
448,300,234,174,128,177,394,452,856,683
338,250,123,83,64,99,318,351,782,683
693,369,378,295,188,253,493,668,881,683
544,411,194,143,113,154,358,345,818,684
573,359,262,228,120,159,447,361,848,684
351,214,262,195,120,175,421,396,882,684
505,325,261,191,125,177,480,353,851,684
499,350,192,151,114,150,399,361,835,684
543,353,318,229,163,231,535,593,851,684
393,234,402,311,186,258,470,690,903,684
608,426,276,205,152,213,417,416,855,684
532,289,285,218,159,217,534,577,851,684
309,234,184,139,109,147,314,323,832,684
266,202,269,206,152,209,387,343,845,684
721,408,282,218,137,191,425,603,872,684
529,377,295,231,161,211,367,532,854,684
270,173,286,210,134,194,389,653,871,684
542,359,320,255,182,240,382,473,858,684
681,410,463,362,206,271,433,798,900,684
347,217,355,242,156,245,425,672,872,684
592,394,271,203,138,192,435,448,840,685
534,313,366,267,176,258,454,674,890,685
421,246,332,261,163,216,314,789,895,685
411,271,246,187,125,173,392,473,848,685
490,360,173,132,106,140,376,339,840,685
402,280,130,93,81,114,473,365,799,685
350,197,223,173,110,148,375,363,834,685
418,269,289,233,158,202,392,501,863,685
189,159,114,78,71,103,383,63,351,685
560,379,210,164,119,159,403,354,849,685
688,416,393,309,180,247,437,680,874,685
401,256,250,178,125,186,402,376,821,685
352,291,151,118,105,135,353,333,833,686
616,444,210,160,123,166,397,352,833,686
633,438,203,157,112,153,406,342,851,686
402,304,201,151,117,162,355,339,863,686
582,416,269,203,160,218,422,500,838,686
479,256,266,208,144,189,479,638,875,686
306,249,152,116,99,132,322,342,825,686
270,163,215,168,106,144,366,384,845,686
478,312,295,205,147,224,395,352,855,686
351,246,196,149,107,145,505,357,723,686
235,195,186,150,123,153,333,352,827,687
278,198,210,155,111,161,367,347,839,687
390,220,311,237,149,210,426,552,870,687
343,232,285,203,139,206,387,323,850,687
544,378,256,214,150,185,395,378,843,687
534,275,352,259,157,233,499,548,881,687
539,329,353,283,186,244,413,593,868,687
529,324,267,207,139,197,428,567,862,687
514,370,156,127,93,119,360,353,828,687
514,350,254,193,142,192,389,457,863,687
372,255,247,203,144,184,375,401,829,687
516,338,214,171,126,165,481,391,862,687
363,223,218,167,125,170,467,349,833,687
495,348,229,187,129,164,392,330,845,687
494,334,254,182,120,179,402,356,854,687
482,305,303,229,165,225,417,505,871,688
443,260,299,204,139,216,420,615,870,688
400,289,277,215,148,198,382,349,836,688
414,291,228,175,130,179,377,343,840,688
415,276,214,160,117,162,376,451,855,688
462,308,240,185,137,186,401,416,847,688
389,212,373,264,155,244,441,680,882,688
372,224,210,147,109,163,489,370,853,688
304,234,141,105,81,115,343,256,799,688
608,420,207,154,112,158,396,434,860,688
458,358,162,114,91,132,343,337,815,688
269,195,181,130,95,140,362,348,820,688
396,282,252,175,131,194,419,333,829,688
429,274,298,211,146,213,436,329,827,688
226,152,305,241,151,205,315,683,875,688
357,236,252,208,153,193,402,389,850,688
438,306,229,184,138,174,381,458,856,689
505,314,298,244,173,221,416,440,858,689
728,453,293,223,154,217,451,551,873,689
691,475,233,164,122,181,393,364,849,689
502,356,185,142,106,145,384,336,839,689
420,322,267,207,161,215,352,332,826,689
381,280,225,170,130,180,386,333,839,689
478,322,192,136,107,150,358,346,852,689
292,209,228,167,123,177,370,336,845,689
279,190,147,110,76,107,300,283,816,689
485,336,179,149,110,137,376,351,811,690
323,226,191,138,101,142,330,325,835,690
715,472,289,213,149,210,435,410,842,690
308,218,209,152,104,148,340,436,863,690
473,291,284,221,145,206,412,624,866,690
547,330,150,110,69,96,412,345,406,690
236,172,235,163,112,175,372,339,821,690
195,139,164,113,89,130,373,352,848,690
423,220,381,301,170,240,456,699,890,690
401,331,131,96,81,110,349,331,823,690
296,226,189,139,104,146,289,392,844,690
277,210,206,166,132,169,377,335,814,690
523,385,223,176,137,175,389,462,854,690
321,223,239,179,128,179,388,334,838,690
464,273,357,278,176,241,401,591,866,690
173,136,134,103,80,111,292,159,733,690
218,160,220,170,123,165,306,359,850,691
591,342,285,229,154,201,525,374,846,691
546,368,206,144,108,157,389,586,849,691
382,251,198,161,116,147,365,404,741,691
319,277,150,102,93,137,404,118,400,691
456,260,293,219,155,216,437,495,854,691
393,284,210,161,121,168,390,359,846,691
573,384,237,196,135,171,400,502,838,691
706,441,366,263,182,263,500,630,878,691
604,383,451,338,209,299,435,628,877,691
243,164,199,154,104,144,182,583,843,691
572,361,338,241,178,254,533,739,891,691
602,402,283,210,148,211,445,539,823,691
711,447,244,180,114,169,409,429,855,691
577,338,242,194,136,175,466,490,853,691
359,290,206,149,115,165,390,344,856,692
215,145,214,173,123,163,293,522,831,692
565,404,263,192,147,208,453,350,831,692
603,401,280,208,145,212,382,498,851,692
431,265,230,189,128,159,384,336,824,692
367,219,268,199,139,202,475,443,836,692
408,331,296,224,183,250,519,3,452,692
482,382,165,121,99,139,372,355,788,692
455,351,174,137,110,146,358,351,823,692
457,354,170,123,103,144,357,343,841,692
335,215,224,159,112,166,400,392,839,692
373,200,160,128,90,116,502,341,829,692
481,351,166,143,106,128,350,351,825,693
352,246,204,142,102,158,394,354,848,693
715,468,273,216,161,206,415,670,847,693
216,154,236,160,123,189,444,340,843,693
383,257,229,160,119,180,457,340,847,693
613,428,230,192,142,173,411,528,826,693
453,342,231,188,151,189,397,366,853,693
265,217,165,135,114,139,334,334,840,693
703,441,348,266,174,239,443,478,876,693
684,420,278,240,158,194,449,493,843,693
643,459,193,159,120,149,399,358,844,693
389,297,190,151,121,154,358,359,810,693
390,201,281,206,121,182,427,410,840,693
307,230,180,145,115,143,338,324,841,693
433,311,180,136,104,143,357,354,837,693
389,288,247,182,135,185,412,577,839,693
380,259,167,123,95,130,393,344,843,693
384,293,228,160,124,183,472,356,821,693
340,216,205,147,99,148,400,357,854,693
450,360,158,108,94,136,345,352,828,693
565,381,253,198,147,197,400,344,834,693
580,328,136,102,60,85,432,830,439,694
334,205,261,203,134,182,287,633,859,694
473,301,230,202,144,169,376,491,848,694
350,244,170,146,109,136,361,346,840,694
398,307,163,144,118,135,355,354,834,694
600,320,379,294,180,246,487,707,881,694
415,255,265,200,132,191,402,574,867,694
509,318,422,312,218,305,435,672,879,694
428,300,201,160,123,159,386,344,848,694
689,487,275,205,157,217,421,562,854,694
664,399,349,259,173,246,421,662,880,694
420,311,191,145,110,151,323,474,837,694
732,432,344,244,159,243,447,652,874,694
684,389,382,299,194,260,522,685,874,694
370,245,257,182,127,185,362,361,835,694
683,446,298,238,169,223,430,457,870,695
490,247,335,244,153,225,496,694,866,695
658,371,334,254,169,232,425,696,879,695
609,394,250,201,146,187,397,557,858,695
450,270,312,239,159,224,385,547,849,695
356,259,195,146,122,164,468,342,840,695
221,166,145,109,83,115,295,346,824,695
518,328,264,191,130,188,394,430,854,695
730,466,296,224,164,228,433,539,866,695
406,292,207,140,104,165,376,334,844,695
632,375,348,273,169,232,439,616,873,695
636,360,400,309,193,272,424,926,869,695
193,142,216,160,123,168,326,334,842,695
500,356,208,154,113,158,386,418,846,695
489,302,275,234,174,207,515,403,845,695
472,362,162,118,95,130,350,352,779,696
633,447,256,187,134,194,407,435,835,696
521,395,244,172,137,200,452,349,815,696
288,187,333,236,161,239,416,678,874,696
331,251,191,139,115,159,358,363,842,696
550,271,389,303,190,261,438,678,862,696
573,393,292,216,166,230,422,406,852,696
384,222,361,285,168,231,407,704,872,696
657,414,287,200,149,224,426,342,846,696
343,270,148,111,91,123,350,281,816,696
476,262,394,269,158,255,468,584,867,696
612,433,272,191,136,206,383,353,835,696
515,304,305,237,174,234,513,541,858,696
351,224,231,182,122,168,393,520,840,696
714,484,290,260,190,218,413,380,849,697
468,334,174,136,107,137,356,339,850,697
432,300,242,184,143,195,398,322,851,697
600,429,209,140,104,162,441,352,840,697
203,142,226,153,108,167,356,384,857,697
580,341,293,226,157,219,394,631,862,697
629,315,503,375,214,306,470,708,889,697
242,181,135,98,76,107,331,351,817,697
394,274,210,158,125,171,383,357,835,697
475,282,372,273,192,273,506,697,881,697
434,245,159,109,66,102,381,687,445,697
576,394,264,191,143,200,388,373,871,697
395,196,296,245,167,205,536,473,839,698
473,355,171,138,111,141,365,274,790,698
385,207,214,151,113,166,491,355,829,698
529,360,203,160,117,153,387,340,843,698
386,298,173,147,117,139,335,343,821,698
381,259,314,244,175,229,410,517,848,698
409,305,194,147,115,157,349,351,851,698
671,483,218,174,135,169,402,407,844,698
457,281,241,172,120,173,401,476,852,698
438,329,167,139,102,129,366,344,836,698
458,314,321,273,198,240,423,433,882,699
534,365,229,193,129,160,393,345,779,699
373,273,211,159,120,166,413,348,845,699
434,367,224,120,99,193,466,173,480,699
430,318,154,114,86,119,422,344,718,699
298,204,237,188,125,165,366,417,858,699
378,273,177,135,101,143,426,290,819,699
445,277,240,188,131,177,404,528,855,699
387,295,190,165,133,156,357,344,828,699
644,359,530,394,233,344,487,708,904,699
733,396,456,341,230,320,546,713,895,699
551,416,160,71,144,260,527,175,740,699
544,391,222,156,124,179,394,372,862,699
359,230,261,205,141,186,331,599,855,700
488,289,348,264,182,249,415,593,870,700
536,321,303,222,146,217,413,670,885,700
270,166,300,209,137,214,415,547,880,700
476,264,379,300,190,255,439,602,882,700
493,337,233,181,139,184,401,343,847,700
365,250,295,210,149,219,438,520,849,700
516,263,428,297,161,262,503,629,901,700
287,244,155,118,102,134,271,323,747,701
556,419,142,113,89,116,334,324,750,701
450,329,213,155,119,174,377,342,846,701
463,289,257,180,127,175,542,362,852,701
522,339,275,219,157,204,474,499,830,701
529,359,265,183,135,208,415,461,836,701
273,255,160,104,97,151,363,2,169,701
518,343,127,99,71,95,336,339,612,701
584,394,352,259,191,271,433,754,879,701
573,322,332,251,145,215,441,687,887,701
441,244,293,206,135,202,417,385,862,701
213,180,174,148,134,157,518,2,447,701
437,292,263,186,140,205,390,363,870,701
443,319,208,140,103,158,337,326,832,701
484,345,187,131,101,144,374,342,831,701
430,309,189,144,104,145,377,359,839,701
514,379,157,127,100,125,367,345,822,701
289,193,125,106,77,92,601,0,125,702
600,405,238,183,138,187,487,399,834,702
555,350,505,395,262,347,443,633,878,702
549,363,230,172,118,166,403,387,831,702
413,226,322,268,163,216,479,707,895,702
625,479,156,106,85,128,349,542,834,702
552,334,198,146,95,140,394,350,845,702
527,402,140,102,85,119,424,317,793,702
352,235,239,177,127,180,365,569,842,702
580,398,140,111,81,103,363,356,828,702
580,367,330,239,161,236,400,464,860,703
614,390,299,235,166,215,431,536,849,703
591,422,213,157,116,162,359,322,849,703
664,433,208,159,114,158,397,401,853,703
581,412,237,187,135,186,368,325,835,703
427,239,339,279,176,238,429,639,865,703
550,373,306,232,181,247,494,566,853,703
440,258,224,172,120,162,465,378,839,703
591,339,324,233,142,212,345,744,876,703
386,203,343,259,157,223,437,629,861,703
691,398,310,244,168,219,515,535,858,703
418,304,286,231,173,220,317,686,877,704
282,211,134,98,76,107,323,334,770,704
397,259,277,212,140,196,354,685,875,704
521,390,168,129,104,135,348,353,830,704
338,284,105,84,74,91,297,348,788,704
634,407,137,106,77,102,453,379,840,704
596,396,239,181,130,181,392,505,847,704
557,406,226,172,131,180,391,335,866,704
550,312,414,312,194,278,522,487,877,704
242,155,265,193,129,189,400,472,854,704
492,303,254,187,119,176,378,457,852,704
545,421,197,156,125,161,391,344,811,704
477,318,233,166,125,179,474,355,846,704
233,174,231,154,118,183,383,225,820,704
365,267,225,179,143,183,462,355,829,705
581,396,225,179,130,167,410,386,855,705
343,237,189,142,109,148,403,346,837,705
388,267,191,142,110,152,501,353,823,705
426,208,407,304,162,240,484,722,899,705
453,285,280,214,146,198,370,639,860,705
504,281,353,262,164,237,432,675,871,705
328,223,253,195,137,190,376,340,859,705
544,297,340,262,182,241,459,642,883,705
254,175,246,189,124,174,313,480,855,706
581,422,189,163,129,150,392,353,827,706
661,435,291,202,142,212,417,456,873,706
611,411,235,177,132,179,440,346,835,706
442,329,182,136,104,143,367,350,838,706
546,368,235,176,131,180,404,347,854,706
604,406,157,111,73,109,309,675,848,706
531,278,487,400,236,305,444,719,881,706
410,316,176,126,95,138,285,332,829,706
533,305,422,337,207,273,437,679,883,707
233,179,144,110,88,119,312,342,806,707
492,319,338,237,166,246,421,660,872,707
504,282,301,223,131,191,455,434,880,707
334,226,157,134,94,113,356,360,811,707
494,377,191,126,96,148,330,319,827,707
458,338,151,129,102,119,358,351,811,707
600,382,242,196,137,177,415,431,851,707
338,240,163,125,88,121,349,356,827,707
425,323,118,75,60,96,324,354,413,707
333,243,193,162,127,152,377,345,824,707
473,377,199,145,119,163,430,377,835,707
396,268,214,178,132,161,392,335,844,707
456,357,182,159,141,161,377,349,842,707
566,365,283,211,155,210,407,555,877,707
600,439,215,161,124,176,383,358,836,708
541,398,220,185,143,179,383,327,836,708
569,318,420,317,185,261,458,680,868,708
457,380,101,69,59,87,375,477,323,708
557,391,230,185,136,174,408,359,834,708
236,168,257,177,123,192,372,332,852,708
515,295,377,270,153,242,458,680,877,708
329,229,153,115,87,119,344,346,832,708
441,298,201,147,107,154,379,389,846,708
360,273,165,122,102,140,342,325,830,708
596,450,181,136,107,147,369,345,830,708
234,168,176,125,88,131,354,346,834,708
230,180,139,105,83,110,294,336,837,708
541,274,370,280,164,231,515,687,877,708
563,401,194,154,121,155,375,353,849,709
418,305,279,196,157,226,443,417,851,709
407,260,400,266,183,288,406,622,881,709
597,364,287,221,149,204,403,496,859,709
672,478,212,181,133,164,389,358,837,709
309,199,283,210,133,195,413,477,857,709
562,357,373,292,194,265,436,697,876,709
315,229,198,167,122,148,343,387,843,709
419,251,290,213,140,202,389,631,860,709
619,434,247,180,134,184,398,458,851,709
443,249,322,252,151,209,430,685,881,709
434,330,187,145,109,143,372,197,848,709
614,422,191,143,98,137,430,374,835,709
604,358,395,276,183,268,485,662,881,709
665,402,324,232,148,229,439,624,868,709
726,408,361,265,164,236,429,707,894,709
385,189,357,250,151,222,555,433,862,709
609,394,266,187,128,195,418,577,866,710
174,154,152,117,107,137,312,39,530,710
606,375,331,248,156,224,378,715,870,710
722,487,249,188,137,190,422,504,842,710
649,427,289,200,136,207,413,653,760,710
500,287,350,258,153,229,441,705,871,710
554,356,319,231,159,235,426,702,872,710
487,382,390,244,195,321,550,190,544,710
485,354,170,133,105,139,372,346,825,710
427,266,351,263,161,233,407,595,855,710
385,250,305,223,156,225,350,592,874,710
250,182,191,138,107,153,325,339,851,710
613,443,186,126,99,151,393,392,835,710
698,462,177,140,103,135,464,347,837,710
655,415,281,210,153,217,435,563,860,710
464,229,415,321,187,273,452,681,895,710
687,474,335,260,199,273,417,467,843,711
372,263,234,186,136,175,400,358,849,711
431,283,213,160,116,158,385,476,861,711
532,415,135,100,80,112,341,355,810,711
414,297,208,143,110,163,370,347,825,711
559,370,277,198,136,208,395,413,843,711
323,221,145,115,83,109,324,327,845,711
538,363,268,194,140,204,442,417,866,711
430,258,317,215,150,241,390,513,858,712
560,323,363,296,196,252,436,597,859,712
647,428,306,244,193,249,433,576,855,712
514,313,261,193,131,192,407,673,898,712
576,391,320,225,157,243,389,427,835,712
485,371,175,127,102,143,342,330,838,712
709,432,351,305,192,225,412,681,859,712
349,201,383,313,186,245,358,666,863,712
406,244,280,232,161,207,402,487,869,713
440,282,298,218,144,211,410,525,867,713
492,275,428,326,190,267,437,541,866,713
492,345,231,169,127,178,363,415,846,713
427,236,352,263,157,223,449,641,880,713
578,379,340,253,166,241,432,535,863,713
330,233,195,147,113,155,361,354,842,713
716,435,288,221,157,213,479,369,826,713
359,233,211,151,109,162,387,372,844,713
595,362,296,214,132,203,494,383,844,713
617,429,244,187,142,192,402,348,841,713
528,391,197,142,110,157,420,405,832,713
590,341,377,293,189,255,458,485,838,713
615,321,337,241,148,220,411,646,852,714
243,166,144,108,84,113,315,343,810,714
392,229,326,265,184,236,417,539,863,714
724,441,401,304,197,276,435,637,870,714
593,376,414,312,211,294,484,575,884,714
577,403,232,178,132,178,394,443,816,714
378,281,243,187,145,194,315,429,829,714
327,207,170,130,84,116,426,336,817,714
204,150,123,90,75,103,274,322,741,714
497,301,292,215,151,207,404,596,866,714
645,471,213,178,138,168,403,333,823,714
537,318,345,265,181,242,422,699,882,714
638,361,326,238,147,226,450,664,875,714
687,411,170,137,89,115,384,707,514,714
659,437,229,165,116,168,419,387,859,714
502,383,178,156,131,148,355,279,812,714
300,222,161,135,104,125,346,298,798,714
363,227,352,236,144,237,418,652,891,715
402,274,250,169,115,186,389,521,854,715
228,172,167,119,95,133,391,407,836,715
308,231,180,131,102,146,373,342,842,715
414,305,306,233,178,235,351,516,859,715
487,297,363,275,197,271,399,607,878,715
462,301,225,176,114,157,404,353,851,715
389,248,264,203,146,196,389,640,881,715
580,367,236,174,118,167,380,495,868,715
725,450,300,203,137,222,439,575,866,716
525,359,217,176,133,170,391,377,841,716
687,432,367,260,175,267,422,584,869,716
357,214,394,291,194,275,486,690,886,716
391,302,188,128,109,166,458,358,829,716
355,264,209,153,114,161,371,392,836,716
457,352,177,143,115,146,342,332,832,716
412,248,287,213,147,213,394,600,869,716
526,305,244,170,111,174,395,512,848,716
674,478,266,180,127,192,440,2,181,716
463,360,230,183,150,189,388,355,844,716
645,430,276,210,139,194,435,427,859,716
361,254,226,163,114,168,378,326,804,716
606,417,282,237,174,214,422,370,854,716
647,449,254,185,137,194,425,497,852,716
649,384,271,204,135,190,429,552,869,716
388,265,321,236,168,237,425,649,871,717
548,354,334,231,157,239,415,637,861,717
482,338,215,161,118,161,416,384,836,717
326,258,162,124,99,130,323,347,817,717
389,260,381,282,164,233,397,669,880,717
560,367,271,222,151,193,422,415,857,717
447,306,146,117,88,114,369,347,836,717
598,371,305,256,175,219,416,631,877,717
506,338,196,139,100,146,379,412,856,717
400,252,198,146,101,148,392,371,853,718
394,295,222,153,123,182,353,228,811,718
628,356,338,256,166,235,493,711,882,718
487,287,324,270,179,225,388,708,881,718
460,286,307,236,157,224,379,634,851,718
541,365,244,162,116,185,391,419,841,718
363,223,216,153,105,152,391,412,861,718
394,323,153,113,89,122,301,347,784,718
379,250,225,174,134,180,375,343,823,718
556,363,229,174,119,166,406,350,863,718
360,209,349,245,151,238,346,685,873,718
488,317,407,298,183,277,427,639,878,719
383,285,143,117,87,109,349,332,841,719
388,256,208,161,115,160,396,442,858,719
488,306,227,178,128,167,419,380,851,719
459,303,205,156,115,155,391,347,844,719
325,215,242,204,143,174,380,466,864,719
552,393,315,226,171,251,420,418,848,719
498,340,309,206,154,230,409,550,864,719
349,236,205,158,121,162,412,335,810,719
546,373,161,121,83,119,385,359,832,719
560,340,293,224,148,206,425,511,853,720
683,478,202,167,128,160,381,353,840,720
399,282,143,108,80,109,334,331,818,720
403,238,353,257,177,260,424,593,861,720
422,266,395,276,182,275,442,632,876,720
402,283,122,87,64,93,320,357,777,720
609,376,335,278,190,236,416,554,860,720
489,385,218,175,136,176,388,353,843,720
454,276,297,238,157,207,421,426,855,720
337,251,254,189,151,209,310,534,837,720
377,274,273,184,142,215,372,348,756,720
600,406,212,169,121,158,414,371,844,720
441,287,201,136,93,144,401,472,855,721
321,207,207,167,119,152,401,389,827,721
354,262,108,85,63,83,312,350,719,721
342,220,290,198,136,209,401,325,849,721
615,322,323,248,165,225,492,560,853,721
468,351,158,119,93,127,341,353,830,721
331,268,152,127,105,126,327,341,829,721
556,337,317,221,153,232,431,596,866,721
265,171,359,260,158,235,445,562,869,721
215,149,167,126,90,126,299,347,821,721
305,232,165,111,85,134,333,351,835,722
468,329,177,122,91,138,350,405,856,722
422,331,168,123,95,134,323,347,802,722
358,254,285,201,146,209,375,410,847,722
416,329,288,219,165,226,406,686,845,722
572,347,267,189,122,184,410,447,854,722
506,299,528,375,218,338,480,668,910,722
407,289,186,132,98,143,380,346,842,722
201,146,192,139,99,147,276,377,832,722
363,276,204,149,109,157,346,383,858,722
494,293,243,201,143,174,509,420,836,723
519,363,292,190,133,222,523,404,844,723
557,387,225,158,107,165,398,360,858,723
413,259,258,207,142,184,408,369,867,723
398,288,171,128,99,136,369,348,843,723
339,250,193,144,125,167,448,354,842,723
389,296,254,170,126,198,416,350,834,723
428,307,222,172,131,172,396,351,844,723
664,469,216,179,131,157,406,429,841,723
534,306,355,283,187,245,450,685,883,723
261,166,205,140,97,150,341,361,842,723
470,311,152,118,85,111,366,337,841,723
384,287,261,194,160,217,398,440,859,723
361,239,291,251,188,230,424,448,831,723
277,213,216,143,109,170,369,332,818,723
501,332,283,221,155,208,348,578,834,723
514,396,195,158,130,163,379,331,820,723
461,367,266,188,159,226,442,457,849,723
513,329,265,209,151,193,490,417,832,724
389,238,310,211,134,217,501,442,865,724
614,448,195,151,117,156,394,340,848,724
301,196,251,182,130,186,409,379,856,724
723,488,245,172,121,183,408,429,842,724
366,246,252,174,122,184,418,392,868,724
271,180,268,195,136,195,411,529,870,724
428,254,310,256,150,195,363,681,874,724
513,334,269,209,149,200,402,504,855,724
320,233,155,115,87,121,347,334,827,724
606,434,220,165,116,164,403,334,854,724
605,447,255,203,158,202,385,339,839,724
373,274,257,212,181,222,424,449,840,725
699,462,232,181,130,175,481,381,834,725
357,274,207,152,129,179,410,343,822,725
523,427,133,103,89,116,330,341,833,725
495,299,298,233,155,211,407,658,885,725
543,355,245,182,126,178,405,707,833,725
413,290,217,172,127,167,389,397,828,725
486,358,311,250,210,263,463,338,842,725
526,390,230,153,115,181,380,462,826,725
325,236,208,145,112,165,370,350,838,726
562,349,221,168,113,158,425,360,849,726
418,298,215,159,128,177,448,356,829,726
333,239,183,151,109,138,334,326,831,726
458,302,177,147,105,132,358,354,838,726
441,257,332,275,183,231,415,575,870,726
377,269,219,183,143,175,389,340,841,726
650,460,227,168,124,175,418,353,846,726
346,288,119,87,76,104,316,336,813,726
325,218,296,224,155,215,317,688,852,726
417,317,192,152,134,169,427,352,835,726
358,251,235,154,111,185,383,331,861,726
594,348,398,293,175,264,464,694,871,727
557,367,259,194,131,191,391,438,861,727
278,214,199,144,113,160,369,305,836,727
647,429,286,225,152,199,404,581,876,727
506,353,231,186,138,177,397,378,837,727
517,354,188,132,93,139,385,363,814,727
479,313,218,166,113,160,412,357,859,727
648,431,283,213,146,208,420,413,848,727
607,336,347,257,129,203,450,549,865,727
185,153,225,163,132,181,505,7,524,727
572,423,209,163,130,171,401,355,820,728
262,179,205,181,135,156,353,348,849,728
581,351,340,261,174,238,446,638,862,728
379,285,192,139,115,159,358,381,836,728
726,477,248,196,141,183,400,534,867,728
486,333,220,178,132,168,392,355,830,728
574,386,270,195,145,205,396,548,859,728
660,435,227,164,114,168,407,353,850,728
659,442,243,191,142,189,417,427,857,728
597,385,255,186,137,191,435,348,875,728
585,384,211,175,130,155,460,339,832,728
425,264,303,221,160,228,397,533,865,729
582,445,163,121,85,121,408,599,767,729
273,200,118,87,67,94,315,354,666,729
475,348,182,136,108,144,353,337,825,729
319,222,308,199,132,226,400,605,875,729
688,473,194,150,113,149,396,359,836,729
305,250,183,151,125,151,320,321,840,729
350,246,189,143,107,148,367,365,845,729
271,223,148,114,91,120,290,330,840,730
341,227,408,306,197,280,432,615,873,730
254,166,208,146,108,159,367,402,839,730
534,378,306,227,185,254,396,462,831,730
480,331,279,215,168,224,378,377,815,730
478,360,186,127,101,150,363,350,835,730
336,236,222,146,103,171,352,335,838,730
520,367,232,200,151,180,408,352,837,730
558,393,202,151,112,156,378,351,850,730
275,201,183,139,106,145,310,343,844,730
396,285,232,159,118,181,390,350,844,731
566,374,263,189,131,191,396,438,888,731
435,308,200,150,114,155,379,338,836,731
277,164,278,189,111,181,420,377,864,731
417,222,350,264,156,220,420,707,892,731
574,344,352,271,185,250,412,567,874,731
565,396,276,215,153,207,417,442,871,731
307,203,185,124,84,138,366,356,839,731
416,260,216,162,113,158,387,372,842,731
256,211,133,93,77,111,260,337,802,731
446,303,181,142,109,142,373,342,818,732
406,259,264,188,130,193,408,434,864,732
691,402,349,265,164,225,491,629,864,732
260,199,154,119,92,124,312,351,817,732
408,221,342,250,151,232,426,531,865,732
319,202,230,175,138,185,502,362,838,732
470,311,340,255,174,247,404,392,833,732
379,229,396,301,173,244,449,690,892,732
497,373,130,109,89,106,351,349,817,732
686,370,370,288,181,248,480,533,872,732
364,228,255,202,135,181,387,567,843,732
479,376,164,111,91,138,364,356,826,733
467,320,202,150,114,155,380,352,829,733
574,392,243,184,139,188,400,380,827,733
525,355,200,155,114,154,449,356,842,733
643,417,377,303,210,255,426,521,862,733
710,478,282,203,145,211,432,524,839,733
531,276,380,272,165,256,439,652,855,733
731,488,448,336,226,313,588,684,873,733
639,362,280,221,158,210,538,552,851,733
171,140,140,93,75,111,333,240,826,733
272,190,117,97,74,91,342,347,655,733
325,217,231,172,122,177,393,413,846,733
411,278,142,113,83,108,351,352,830,733
645,422,213,150,105,162,382,356,833,733
430,286,353,289,208,266,434,329,818,733
419,297,208,170,135,171,369,350,856,734
490,312,201,158,110,147,370,629,847,734
365,232,251,181,126,183,400,386,847,734
547,371,264,188,143,212,465,210,711,734
504,359,292,212,155,221,500,418,854,734
605,363,342,240,154,229,393,618,861,734
323,207,267,199,137,196,385,642,863,734
487,376,269,201,167,225,399,368,824,734
653,425,264,206,151,202,414,390,848,735
432,311,218,164,131,177,362,336,843,735
655,427,271,215,147,191,429,622,859,735
654,428,177,134,91,122,396,352,839,735
513,298,426,298,221,323,580,507,859,735
363,228,264,206,136,180,470,586,856,735
699,375,477,340,200,310,461,676,892,735
426,297,206,146,111,163,384,361,843,735
593,406,222,176,129,166,404,384,839,735
453,223,376,300,172,238,456,736,883,735
495,358,319,235,199,273,503,276,801,736
416,262,223,160,114,168,421,532,848,736
196,179,134,101,95,126,359,44,321,736
335,188,237,193,131,172,393,443,850,736
401,327,283,177,146,237,472,349,851,736
626,469,121,103,82,96,344,354,713,736
416,233,128,92,59,88,389,316,819,736
442,305,306,252,175,221,413,506,854,737
390,231,318,228,145,214,409,582,859,737
427,317,242,178,136,191,376,366,842,737
448,344,197,144,115,163,371,360,842,737
399,247,288,214,149,208,410,436,863,737
385,299,61,35,86,136,522,46,694,737
431,285,171,138,105,135,360,464,782,738
551,390,351,240,202,302,496,562,858,738
669,489,162,136,109,131,453,358,805,738
292,232,322,231,171,246,597,12,539,738
723,483,416,294,218,316,438,556,864,738
458,337,198,139,103,154,364,319,823,738
716,487,246,171,118,181,409,418,850,738
525,398,227,182,148,188,386,388,847,738
329,176,325,241,141,210,425,689,878,738
339,250,197,174,135,159,375,344,835,738
559,396,179,135,95,130,339,337,821,738
456,312,270,192,143,211,489,464,840,738
553,369,123,99,67,88,324,688,451,738
398,304,201,136,103,159,344,342,849,739
539,309,337,259,158,215,404,809,887,739
219,153,261,207,138,182,353,351,850,739
357,206,253,202,125,169,354,444,865,739
270,209,201,145,112,158,369,323,858,739
550,318,316,248,165,224,431,578,874,739
481,349,210,156,117,164,363,325,833,739
473,358,205,153,124,166,385,333,822,739
702,472,298,214,157,224,432,490,846,739
391,208,190,144,87,119,422,368,567,739
408,236,378,244,151,258,431,552,887,739
590,377,418,287,192,281,449,692,875,739
303,184,341,243,158,235,441,601,872,739
446,305,283,205,124,186,414,2,194,740
532,386,214,182,143,171,385,336,843,740
473,238,335,252,149,218,429,613,887,740
316,213,150,112,82,113,362,345,824,740
450,317,173,140,100,132,473,346,833,740
377,322,135,101,92,123,397,195,364,740
693,472,231,169,109,161,400,431,847,740
634,401,253,191,132,184,421,404,864,740
320,229,111,83,61,88,192,713,494,740
309,198,248,176,121,186,395,352,837,740
643,352,442,286,128,222,476,681,894,740
314,195,236,169,112,164,396,417,853,740
602,361,141,108,81,110,351,695,410,740
194,137,184,138,102,141,307,342,848,740
390,306,222,172,142,184,461,371,831,741
638,378,306,233,159,226,419,622,857,741
411,279,219,152,111,170,391,355,830,741
422,294,156,132,101,122,397,304,806,741
443,320,172,130,106,141,435,347,803,741
445,337,230,168,141,195,377,344,836,741
572,378,382,263,149,234,528,491,858,741
268,203,178,121,87,137,325,318,833,741
472,345,181,126,102,149,373,350,835,741
429,304,279,221,149,200,343,626,866,741
654,451,281,218,162,219,407,455,860,741
623,355,394,293,177,263,453,708,880,741
400,237,297,231,155,210,416,403,859,741
571,344,244,202,121,159,400,339,851,742
717,410,340,257,162,231,438,655,846,742
421,290,237,179,125,171,386,341,837,742
445,314,281,219,161,213,371,527,866,742
363,246,136,102,73,105,348,356,792,742
567,387,297,217,151,214,433,516,863,742
333,213,267,184,127,195,424,479,867,742
449,349,151,103,83,125,330,290,827,742
479,284,228,169,113,166,423,343,845,742
423,338,181,134,107,151,364,330,817,742
648,439,263,194,142,200,413,401,846,742
563,401,268,195,141,201,387,336,849,742
492,287,338,244,155,236,430,637,866,743
590,396,209,163,114,156,372,525,858,743
286,182,212,163,117,156,353,335,835,743
516,347,321,231,160,236,383,328,852,743
702,455,251,207,162,204,496,410,852,743
588,423,217,186,136,160,399,358,806,743
534,313,351,249,160,237,442,543,876,743
468,333,209,162,124,163,374,337,853,743
670,403,361,262,153,232,462,659,884,743
416,223,323,239,151,219,411,639,872,743
519,395,173,136,108,141,344,333,814,743
557,425,213,160,117,159,415,362,840,743
274,228,102,82,69,87,298,131,759,743
499,346,261,182,131,190,401,406,867,743
435,327,178,129,100,141,369,334,830,743
671,445,277,225,162,206,420,560,861,743
414,244,319,254,163,216,370,616,876,743
403,250,315,221,149,227,347,514,840,744
715,448,369,317,227,272,449,460,860,744
373,263,172,128,92,132,367,346,831,744
250,165,237,167,122,180,373,362,844,744
281,256,183,134,119,161,375,1,212,744
590,421,187,140,102,144,361,350,832,744
314,218,172,131,99,132,363,346,850,744
502,393,125,103,87,107,326,352,829,744
302,214,174,128,98,139,264,401,836,744
620,403,251,192,144,197,475,517,860,744
514,381,215,153,118,174,396,293,822,744
632,362,349,268,164,227,447,709,874,744
435,326,180,135,105,148,339,358,838,744
422,240,341,267,172,234,390,703,861,744
508,308,288,205,139,205,417,611,851,744
269,204,198,153,115,151,327,338,831,744
457,271,277,193,137,204,425,552,860,745
365,272,175,129,104,146,346,335,828,745
422,271,216,178,126,154,458,388,819,745
477,363,220,146,110,174,330,420,833,745
585,376,328,228,156,237,424,627,868,745
700,417,285,213,141,203,495,371,855,745
374,277,207,127,94,157,395,352,852,745
298,189,260,186,131,186,412,438,849,745
227,161,186,138,94,133,449,387,838,745
516,260,363,263,172,248,426,693,880,745
474,264,321,231,152,221,432,386,866,745
489,274,304,228,141,210,443,631,868,745
479,360,192,150,125,161,350,334,809,745
247,192,159,118,96,133,290,323,792,745
362,207,220,158,97,150,389,356,837,745
463,271,289,212,149,217,487,406,870,746
585,345,238,169,110,164,391,482,848,746
316,224,208,162,120,158,328,325,820,746
435,342,120,77,65,104,409,181,507,746
449,267,256,198,139,191,385,471,862,746
639,399,251,195,131,182,432,412,857,746
462,320,240,189,147,192,467,348,849,746
304,164,294,246,163,205,432,452,874,746
567,346,402,307,202,276,483,805,901,746
343,265,130,102,80,103,322,331,824,746
332,217,206,152,109,158,423,353,837,746
680,427,324,226,155,231,431,388,862,746
350,265,195,161,132,161,355,342,821,746
585,410,187,142,108,145,369,339,852,747
481,330,174,135,95,126,348,338,834,747
725,473,363,263,185,273,446,745,885,747
590,414,233,183,126,170,405,333,859,747
568,432,105,85,69,87,339,360,732,747
560,432,180,121,93,145,363,373,869,747
445,312,255,193,145,201,366,358,845,747
642,408,244,202,141,176,396,587,864,747
454,332,174,143,117,145,457,345,827,747
423,310,201,144,117,169,385,344,841,748
400,268,255,187,128,184,339,582,850,748
289,221,126,105,87,107,545,1,207,748
357,295,177,107,86,148,421,198,655,748
558,412,218,168,140,184,394,342,833,748
594,354,336,265,166,224,508,540,878,748
647,397,362,283,160,222,462,782,900,748
424,308,155,137,105,122,361,341,820,748
447,339,195,141,112,159,381,347,851,748
600,427,275,198,142,208,452,353,846,748
319,241,148,111,89,120,328,339,805,748
342,269,128,98,81,105,319,347,823,749
527,364,257,196,145,193,503,344,837,749
704,413,358,262,177,255,516,508,858,749
487,351,205,150,116,162,377,342,834,749
498,265,413,264,160,269,447,665,900,749
439,281,283,206,152,213,417,533,863,749
202,158,134,107,85,106,288,350,837,749
466,348,268,238,183,212,409,352,845,749
456,379,116,89,77,101,401,1,216,749
590,337,296,239,161,209,471,490,844,749
505,280,301,252,158,204,436,518,854,749
352,228,211,163,111,152,406,377,856,750
705,397,277,194,131,199,564,356,876,750
466,303,179,132,108,149,486,350,833,750
714,451,333,257,166,222,492,605,858,750
347,204,180,130,76,115,482,93,432,750
411,297,226,163,121,175,369,350,824,750
443,296,154,122,99,126,482,328,823,750
410,242,282,203,136,200,399,577,864,750
555,418,197,146,116,158,375,335,860,750
469,265,266,192,131,185,462,319,828,750
546,374,211,157,118,163,387,424,851,750
472,311,260,209,143,187,448,449,847,750
529,363,311,265,217,252,473,341,802,750
733,486,255,212,149,182,405,510,855,750
476,290,332,262,169,224,425,841,914,750
435,343,153,109,89,126,340,343,828,750
467,356,214,160,122,173,362,342,837,751
485,297,313,229,155,225,400,573,849,751
364,273,193,157,132,164,447,346,819,751
576,354,353,263,173,253,428,668,863,751
394,184,388,298,170,241,470,665,871,751
644,452,202,163,121,161,377,329,833,751
527,323,257,185,122,179,391,708,868,751
245,196,159,120,98,132,405,341,822,751
351,226,188,131,96,142,493,440,650,751
502,281,285,239,151,198,421,510,871,751
270,220,96,69,61,85,376,52,587,752
726,421,345,250,149,224,448,551,864,752
556,414,268,194,143,206,385,375,866,752
584,391,220,174,132,169,442,363,853,752
488,335,218,162,117,167,386,348,844,752
534,389,267,188,149,218,479,358,828,752
518,375,163,127,98,130,371,355,820,752
389,318,250,184,136,192,486,356,842,752
400,244,341,244,149,220,343,565,862,752
521,366,372,269,187,271,423,496,882,752
584,333,259,209,140,182,388,680,865,752
287,205,167,138,102,128,366,362,830,753
359,210,407,288,167,252,453,624,868,753
401,294,217,171,122,158,463,378,831,753
405,285,207,153,116,163,383,355,836,753
358,254,185,139,107,148,391,354,838,753
671,439,226,170,114,155,511,341,836,753
411,298,173,141,108,135,355,331,837,753
428,274,264,200,140,196,384,395,855,753
424,301,141,104,78,110,349,350,827,753
325,180,239,176,137,189,451,350,832,753
586,377,313,241,159,220,419,528,864,753
710,458,358,285,180,238,414,706,875,753
499,304,221,161,125,176,461,352,846,753
272,180,207,150,108,155,427,385,838,754
575,360,327,238,166,236,432,647,854,754
493,313,405,308,207,289,445,604,875,754
644,374,480,362,244,330,596,12,549,754
581,402,252,188,135,192,388,354,841,754
368,287,204,153,127,171,374,339,833,754
649,454,273,213,159,208,440,479,836,754
463,289,316,223,159,238,449,596,881,754
527,334,257,176,103,151,544,486,847,754
437,314,163,111,89,134,469,374,824,754
309,245,152,114,90,119,299,327,839,754
665,414,305,209,133,212,429,609,861,754
668,417,309,220,140,218,434,527,870,754
678,454,231,161,117,174,392,491,854,754
363,204,315,250,158,216,429,474,858,754
543,285,414,311,156,223,400,662,891,754
500,284,327,245,155,221,450,632,867,754
351,245,404,293,192,274,412,667,892,755
464,289,285,226,156,210,404,477,851,755
617,405,318,226,151,226,427,472,863,755
413,285,198,141,104,152,371,352,829,755
548,431,117,85,71,99,339,363,810,755
412,266,186,139,114,153,483,369,818,755
567,344,354,255,162,239,442,712,886,755
406,235,269,223,147,187,342,689,869,755
499,300,138,92,55,91,360,700,459,755
505,335,233,175,126,177,393,517,842,755
571,389,203,155,120,161,532,354,833,755
212,199,135,107,102,127,397,3,317,755
271,172,351,272,155,216,298,689,863,755
543,318,311,244,158,215,414,576,865,755
583,304,388,304,179,250,461,716,877,756
497,371,185,153,129,160,375,348,811,756
566,374,275,191,126,193,425,356,865,756
274,241,208,126,109,189,447,63,442,756
400,283,156,112,84,122,350,347,807,756
690,378,406,299,174,255,459,699,877,756
418,331,270,211,168,222,509,386,859,756
426,317,178,128,97,140,397,339,854,756
500,299,236,178,116,162,414,451,859,756
391,284,208,152,123,175,361,385,839,756
199,149,257,164,115,191,386,326,855,757
585,423,196,153,119,156,379,353,854,757
351,219,190,149,103,133,354,355,837,757
662,342,416,312,183,270,481,580,886,757
667,370,400,299,176,255,446,744,921,757
557,386,221,173,124,166,406,340,829,757
720,465,236,180,126,172,430,430,861,757
645,395,322,248,162,221,392,672,877,757
672,475,305,225,166,225,430,564,861,757
693,430,319,250,160,218,436,575,852,757
204,187,91,57,56,87,379,2,404,757
400,295,204,155,111,152,347,338,818,757
368,223,275,207,137,196,397,438,848,758
391,294,250,184,149,208,471,393,850,758
397,262,249,185,136,190,504,386,836,758
341,255,223,152,118,177,310,323,838,758
659,464,246,172,130,193,399,348,843,758
422,325,195,155,109,143,337,339,839,758
282,196,378,282,183,265,460,523,847,758
533,364,209,176,125,153,394,401,822,759
532,346,349,273,192,258,486,677,861,759
371,247,190,152,112,147,373,454,857,759
710,468,314,218,148,228,439,594,856,759
420,285,232,174,127,181,416,404,855,759
400,250,314,205,147,242,400,356,854,759
529,415,151,113,92,126,376,356,800,759
452,290,307,212,143,220,418,472,869,759
511,313,262,177,117,187,430,437,843,759
512,330,328,254,170,235,439,665,855,759
456,337,171,141,113,137,360,320,814,759
551,381,263,179,121,193,476,411,857,760
539,394,195,168,132,154,372,355,838,760
696,431,292,217,148,214,411,661,875,760
309,227,216,164,128,179,348,326,827,760
621,345,542,395,244,362,553,698,906,760
356,271,137,119,94,110,345,346,816,760
391,251,332,220,156,252,473,257,831,760
599,306,409,309,193,277,509,647,869,760
325,250,209,168,133,169,345,328,822,760
424,250,241,189,111,155,404,335,831,760
374,249,115,96,74,91,336,351,661,760
352,231,195,131,96,151,360,340,868,760
441,272,297,208,143,219,399,659,864,760
552,411,153,123,94,121,352,348,840,761
497,357,163,119,90,131,399,363,814,761
502,315,307,233,167,227,424,621,871,761
283,219,156,118,89,121,290,332,825,761
231,155,234,187,140,180,345,500,836,761
412,276,275,191,127,192,333,596,858,761
245,161,221,164,112,159,349,402,838,761
413,194,413,307,174,260,422,698,893,761
376,246,246,187,129,175,337,643,861,761
312,248,151,131,105,125,295,330,823,761
628,388,278,213,151,201,441,667,863,761
185,136,183,132,97,136,350,346,842,761
673,427,285,223,153,201,408,700,871,761
714,427,460,337,214,312,459,564,881,761
504,349,212,163,122,163,398,325,854,762
386,226,230,161,105,159,387,545,863,762
556,292,346,261,161,238,450,603,882,762
445,281,286,223,152,207,487,395,840,762
429,318,176,132,104,142,366,359,813,762
198,137,207,161,113,148,268,328,838,762
634,439,222,155,112,171,409,366,840,762
340,263,223,170,138,184,386,347,817,762
453,347,227,176,143,189,403,292,830,762
488,335,148,97,70,117,362,356,701,762
340,253,212,156,121,170,398,352,822,762
530,295,397,269,165,258,518,583,881,762
392,188,366,284,152,217,492,599,884,763
429,245,241,178,116,168,465,402,825,763
511,381,232,158,115,182,368,341,834,763
521,420,158,138,117,134,493,352,818,763
560,404,214,155,124,176,380,349,786,763
538,333,265,194,142,205,477,585,863,763
247,177,54,35,74,124,465,180,754,763
506,366,289,223,158,214,348,538,864,763
596,371,341,264,169,228,394,573,853,764
599,435,172,138,104,132,360,356,797,764
284,220,53,55,109,126,494,170,772,764
363,259,201,142,108,158,383,361,823,764
687,447,253,177,126,189,491,478,845,764
527,398,162,123,100,133,375,365,838,764
479,287,139,104,71,99,362,525,342,764
389,241,282,221,155,206,419,648,847,764
375,254,217,160,115,162,386,342,821,764
399,272,384,268,189,277,432,693,880,764
481,284,241,195,134,176,383,643,862,764
508,362,224,172,137,183,403,440,845,764
483,315,237,186,136,183,404,415,857,765
420,251,380,260,173,270,433,596,877,765
335,173,265,191,133,199,511,338,828,765
440,285,239,167,118,179,401,349,841,765
606,437,270,198,153,213,410,455,838,765
417,271,171,122,87,131,368,358,835,765
725,457,327,227,148,229,401,650,868,765
315,225,198,168,132,159,330,323,834,765
621,421,281,205,140,203,390,332,821,765
408,309,204,135,102,157,359,330,826,765
247,190,230,157,117,182,370,331,869,765
393,292,180,146,106,138,375,346,823,765
462,278,248,178,120,176,505,401,861,765
393,221,306,217,135,209,424,548,868,766
617,446,236,183,138,184,412,414,851,766
712,482,336,258,191,255,453,519,878,766
488,285,215,167,114,154,488,370,853,766
582,338,356,248,162,244,528,597,865,766
494,260,309,248,147,200,451,701,886,766
312,219,193,136,103,149,354,345,835,766
299,235,147,106,85,123,336,227,809,766
678,384,328,256,158,221,453,696,896,767
137,137,141,115,119,142,300,1,219,767
217,167,245,163,122,198,466,3,135,767
581,349,308,227,128,192,410,414,866,767
490,369,171,142,114,137,388,352,837,767
346,214,186,144,105,138,456,337,838,767
638,474,189,131,104,156,443,327,826,767
658,386,363,277,188,250,523,396,852,767
321,228,169,127,91,124,303,335,820,767
699,484,268,189,138,206,409,389,845,767
398,302,262,188,143,207,444,369,850,767
456,297,353,253,166,249,494,578,875,767
372,267,160,130,102,129,380,342,836,767
623,384,228,184,127,171,431,346,856,767
422,289,203,145,103,151,389,350,852,767
407,246,260,200,136,185,408,371,826,767
382,216,266,198,122,178,405,569,852,767
607,363,315,231,157,225,450,724,871,768
388,268,193,141,111,154,389,393,855,768
541,358,338,222,150,241,423,448,867,768
634,383,270,203,128,181,420,443,847,768
446,302,205,145,105,157,375,346,857,769
377,261,180,146,111,141,374,353,843,769
546,368,298,227,150,206,407,555,859,769
664,380,433,316,197,288,468,684,886,769
409,269,223,171,121,167,407,442,855,769
447,247,229,176,124,166,411,435,856,769
510,335,231,176,129,174,403,407,860,769
517,365,129,116,80,92,357,578,447,769
538,365,267,199,139,193,408,456,840,769
306,214,202,153,111,155,369,325,829,769
598,376,187,160,108,129,370,439,844,769
555,385,280,209,167,229,487,353,842,769
536,386,221,161,123,174,390,346,853,769
384,272,259,190,133,196,331,517,840,769
609,427,215,155,115,167,381,343,831,769
349,209,309,220,147,223,420,468,857,769
350,256,168,137,105,133,346,340,834,769
348,252,178,122,92,140,373,356,839,769
229,178,159,120,99,134,327,338,826,770
273,168,211,171,124,160,379,336,847,770
441,336,135,91,75,113,352,351,824,770
453,314,182,132,95,136,357,335,843,770
643,361,337,267,136,172,479,576,864,770
523,350,345,278,209,267,484,350,796,770
596,395,225,182,139,178,501,376,840,770
560,364,230,169,118,170,395,540,857,770
537,409,115,98,84,96,339,350,628,770
355,264,203,200,160,163,363,327,834,770
292,227,199,145,114,163,337,348,841,770
546,302,455,345,225,315,499,257,478,770
328,260,188,137,107,152,381,227,795,770
469,276,334,239,168,247,471,569,897,770
440,272,336,260,185,254,407,523,875,770
384,273,233,185,145,188,388,397,839,770
542,362,354,264,205,278,544,603,880,771
564,387,237,184,144,186,472,352,831,771
593,404,238,184,134,181,406,485,852,771
380,227,271,211,136,190,396,488,850,771
538,395,234,161,124,184,444,345,830,771
676,419,253,190,123,173,409,359,858,771
326,226,227,156,106,164,400,386,848,772
605,432,199,138,100,150,368,361,805,772
402,267,246,198,134,180,394,348,859,772
503,335,210,165,110,149,391,369,863,772
373,288,201,165,123,155,348,345,835,772
344,260,119,91,73,98,319,355,695,772
510,346,134,99,75,104,375,739,414,772
537,346,272,198,136,196,410,613,869,772
475,344,201,169,136,163,358,328,842,772
472,340,236,172,134,189,366,474,817,773
485,367,151,128,103,129,333,347,818,773
475,337,255,206,154,196,382,508,853,773
330,255,200,155,121,160,338,326,820,773
637,414,233,174,117,171,385,541,860,773
253,173,161,104,72,117,365,344,843,773
425,287,317,245,193,255,521,439,860,773
352,244,169,127,98,133,359,362,840,773
404,308,171,113,87,137,342,337,841,773
339,199,284,214,148,204,489,353,835,773
308,188,294,216,147,214,338,595,865,773
700,464,314,237,162,220,435,604,849,774
426,290,210,146,104,159,378,340,859,774
534,384,204,160,123,160,396,348,843,774
624,373,227,194,130,157,417,414,862,774
651,375,298,238,159,213,412,531,864,774
683,401,348,254,169,249,433,580,851,774
284,197,186,140,100,140,339,347,830,774
337,203,217,157,95,141,390,347,849,774
356,236,253,202,154,198,389,333,848,774
490,361,103,82,66,84,341,348,640,774
508,348,302,223,169,237,393,593,870,774
499,413,161,118,98,134,354,344,832,774
632,469,222,155,114,175,365,362,844,775
486,272,279,213,142,200,493,588,877,775
635,338,467,339,189,290,446,601,869,775
470,281,208,149,112,169,494,344,850,775
365,270,156,116,94,129,361,355,832,775
260,187,236,178,137,185,374,315,849,775
398,250,227,166,116,170,379,453,854,775
461,284,287,215,153,214,405,556,851,775
442,269,363,254,168,258,404,534,844,775
659,348,171,127,77,109,667,0,72,775
493,314,411,314,189,273,422,602,875,775
655,433,289,227,156,213,432,567,858,776
645,417,245,182,130,181,419,362,841,776
211,165,154,114,82,115,288,346,828,776
580,362,150,108,69,103,444,539,862,776
538,418,151,126,103,125,376,352,824,776
281,222,208,159,119,166,317,339,834,776
308,225,222,157,119,173,360,466,824,776
348,203,310,225,146,217,315,595,868,776
621,392,159,125,85,114,368,709,810,776
471,340,198,162,124,156,355,355,825,776
533,338,293,207,135,205,410,348,862,777
503,356,143,110,82,110,386,332,833,777
357,262,172,137,108,137,313,326,833,777
564,334,261,189,116,177,440,384,835,777
502,402,98,78,68,85,421,1,202,777
481,319,216,167,116,154,405,377,843,777
387,273,198,143,108,158,373,354,831,777
432,225,365,260,163,243,441,692,879,777
531,311,359,251,161,246,426,608,876,778
664,452,255,179,121,187,412,349,840,778
568,331,356,279,185,247,439,677,875,778
727,460,276,193,122,191,421,370,847,778
337,218,310,219,146,218,423,606,867,778
290,215,130,98,79,108,314,328,783,778
354,233,267,224,157,192,366,559,853,778
698,443,299,214,140,215,429,540,861,778
603,434,242,175,134,186,383,341,808,778
440,288,330,245,174,247,439,715,883,779
440,331,171,133,106,139,361,355,826,779
467,312,197,136,107,159,397,348,845,779
403,316,214,187,155,174,340,330,845,779
585,432,206,138,104,160,395,337,832,779
260,162,319,246,146,201,276,663,887,779
382,259,272,195,142,207,392,497,840,779
571,289,462,366,202,259,450,864,911,779
424,227,263,174,104,169,438,392,885,779
682,394,301,212,137,209,495,481,852,779
541,349,224,173,121,164,411,421,846,779
373,246,249,191,142,190,379,381,847,779
323,238,155,113,88,125,361,365,839,779
354,275,220,176,141,175,290,590,857,780
465,308,282,228,159,202,473,538,841,780
402,290,192,148,119,153,477,348,850,780
594,343,319,251,165,221,415,681,863,780
657,386,288,220,148,205,484,596,864,780
388,246,340,224,143,232,411,595,873,780
533,384,232,184,143,184,397,349,850,780
733,402,414,326,209,287,525,640,868,780
563,318,317,232,142,207,444,617,886,780
353,250,216,148,110,166,351,340,831,780
502,242,334,249,135,198,469,701,881,780
286,205,145,115,86,114,337,342,828,781
365,258,228,161,121,179,384,362,853,781
514,385,175,138,109,141,367,349,825,781
670,474,245,189,131,179,416,377,846,781
625,353,430,330,171,243,471,685,886,781
428,249,397,280,166,265,451,685,897,781
549,358,209,170,116,151,397,341,845,781
412,267,335,247,170,238,387,583,875,781
658,447,246,187,138,186,404,479,853,781
400,270,282,194,134,206,395,386,848,781
461,253,319,215,130,213,413,633,860,781
249,180,257,168,112,184,531,356,836,781
586,342,540,408,233,334,466,1023,928,782
660,450,265,214,156,201,423,471,849,782
694,446,315,241,182,249,473,406,830,782
440,360,118,98,84,102,302,356,762,782
304,229,192,133,92,141,313,335,816,782
417,214,220,172,98,140,385,344,864,782
677,470,265,239,176,205,412,634,859,782
567,413,196,158,120,151,375,342,848,782
549,410,205,165,130,165,388,349,841,782
568,380,237,191,141,180,396,420,867,782
530,386,213,169,122,163,392,347,849,782
446,295,214,180,131,165,376,322,846,782
513,388,180,129,100,144,366,344,841,783
411,262,165,121,84,121,370,356,836,783
431,260,267,196,116,171,539,348,820,783
403,269,250,187,138,188,377,525,847,783
469,319,162,132,110,138,406,348,839,783
336,213,187,141,109,149,391,349,831,783
281,217,231,161,127,184,386,365,829,783
408,284,263,207,158,206,395,412,846,783
212,164,123,91,71,101,329,158,747,784
502,300,365,250,162,254,449,690,864,784
284,193,238,198,145,178,299,501,850,784
380,268,174,139,105,138,356,352,842,784
622,463,148,120,89,115,309,335,829,784
702,452,322,246,167,234,427,564,883,784
649,358,365,280,157,234,468,636,825,785
373,258,258,189,138,199,392,519,863,785
491,283,406,294,183,279,436,671,874,785
478,236,343,255,162,228,496,701,895,785
647,380,291,213,143,205,494,399,845,785
423,321,158,124,97,126,381,366,783,785
367,257,230,168,129,180,511,360,831,785
567,410,225,173,127,168,418,352,858,785
527,317,282,208,147,209,424,487,874,785
422,264,321,261,182,233,400,485,844,785
636,384,346,259,173,241,446,646,868,786
694,402,312,260,184,226,453,643,890,786
731,468,297,242,172,221,444,440,853,786
656,436,289,223,159,213,407,603,873,786
302,182,298,225,158,215,323,709,876,786
700,431,264,204,144,195,473,619,855,786
391,272,219,161,125,173,365,373,838,786
544,394,198,152,118,154,456,350,838,787
386,243,262,210,149,196,395,365,853,787
594,368,345,250,156,232,360,670,869,787
471,298,246,194,132,177,412,365,847,787
450,261,311,216,132,208,444,594,852,787
525,322,278,201,138,200,412,518,880,787
559,313,323,236,144,218,431,677,872,787
448,230,261,191,133,189,514,347,859,787
582,328,331,247,152,212,545,705,877,787
563,335,372,303,192,250,438,699,871,787
592,394,290,213,141,206,420,539,869,787
282,214,209,177,149,177,447,343,843,787
645,392,346,250,169,243,431,517,859,787
347,193,296,232,143,202,311,678,881,787
332,277,178,138,109,145,413,352,734,787
520,365,336,242,169,251,474,343,847,787
572,420,239,171,129,189,388,357,824,787
423,260,295,218,145,208,430,601,870,787
644,409,315,245,164,222,386,562,858,787
708,451,412,287,189,284,560,703,891,788
543,306,234,177,114,161,395,568,851,788
646,442,235,202,152,179,470,365,847,788
357,239,239,176,130,185,321,524,839,788
430,229,283,212,139,197,420,592,865,788
487,263,330,259,166,233,469,592,882,788
618,396,258,176,119,185,483,355,849,788
307,245,150,123,96,123,282,325,837,788
495,385,158,118,99,134,358,355,817,788
202,167,190,141,108,151,372,345,861,788
464,293,312,241,160,224,389,580,887,788
548,369,292,232,167,212,365,613,876,788
492,319,295,237,169,214,390,538,844,788
357,254,251,209,163,200,401,347,837,789
611,309,365,276,149,211,450,699,890,789
615,325,397,283,173,260,466,692,885,789
484,337,296,238,172,227,384,575,843,789
475,324,178,132,94,132,358,328,806,789
640,408,256,175,127,196,417,399,845,789
494,361,155,116,89,124,342,332,834,789
348,209,348,252,165,241,375,635,860,789
381,262,257,197,147,197,395,395,853,789
486,354,237,160,123,186,397,492,854,789
537,337,317,242,164,223,456,394,876,789
660,356,299,245,156,197,443,698,871,789
420,319,194,145,116,154,384,344,847,789
587,425,167,133,99,130,376,354,834,789
486,344,214,172,130,168,391,349,849,789
627,410,394,260,189,296,459,677,893,789
614,369,376,284,205,275,505,672,844,789
434,313,198,146,109,155,362,328,839,789
478,349,201,156,119,159,381,333,822,789
453,334,174,143,116,147,384,367,815,790
671,465,353,264,201,278,445,629,872,790
217,151,175,121,90,132,318,248,792,790
529,386,229,193,144,173,370,439,846,790
540,399,180,143,108,143,379,355,814,790
391,270,245,190,145,187,406,538,847,790
666,418,281,209,129,192,414,360,847,790
429,239,288,225,150,202,410,526,856,791
487,358,180,147,116,144,380,404,843,791
518,331,268,210,143,194,471,602,862,791
268,191,208,142,103,158,363,334,821,791
523,352,300,201,142,221,400,366,848,791
633,396,373,292,189,256,445,670,871,791
345,257,172,115,89,137,353,320,802,791
366,266,206,148,113,167,346,324,831,791
549,382,213,164,125,168,387,478,867,791
311,233,121,88,68,95,300,339,805,791
561,346,224,184,131,170,381,472,844,791
333,255,319,195,147,255,469,340,842,792
479,250,393,285,172,255,465,680,874,792
236,200,113,82,69,96,274,255,774,792
296,247,187,131,108,158,303,340,834,792
485,270,374,260,169,266,445,700,854,792
381,266,221,157,113,163,394,357,832,792
583,443,191,150,118,156,362,348,831,792
488,313,244,187,137,182,423,419,858,792
409,258,208,154,108,156,380,341,843,792
604,362,425,313,208,296,442,623,870,792
530,352,345,247,168,254,399,375,855,793
228,172,218,147,110,167,374,354,828,793
683,418,287,181,152,242,537,398,814,793
244,213,157,117,105,141,359,2,196,793
444,320,175,136,108,146,353,348,843,793
588,399,197,156,112,149,402,351,845,793
395,288,331,266,223,278,477,487,858,793
306,241,273,224,166,207,369,1,263,793
630,352,273,186,117,179,408,1004,693,793
726,390,424,308,175,256,448,743,888,793
721,449,317,240,160,224,439,667,873,793
605,426,228,150,108,170,403,357,851,793
440,318,201,153,124,170,369,352,833,794
582,375,220,158,110,162,378,324,849,794
340,265,101,77,62,84,312,344,789,794
408,271,229,172,127,173,347,505,846,794
514,299,265,174,108,174,410,513,844,794
459,329,208,166,123,159,352,334,818,794
608,414,254,211,145,181,407,532,859,794
402,243,246,192,127,172,439,380,847,795
691,405,291,204,130,202,420,686,876,795
459,292,218,158,125,178,466,352,834,795
448,287,325,241,170,243,419,434,855,795
183,142,177,147,109,137,292,342,849,795
473,269,439,303,195,301,475,702,891,795
684,398,338,268,167,228,452,711,882,795
503,307,408,333,229,296,450,576,869,795
455,241,402,275,165,266,511,627,894,795
497,330,193,151,109,145,388,372,854,795
354,241,196,142,107,151,394,358,853,795
627,423,311,224,163,243,436,499,841,795
655,436,176,130,93,130,399,356,813,795
320,194,396,274,161,255,454,677,860,795
375,252,194,150,110,148,364,351,837,795
603,434,175,134,103,138,354,342,832,795
450,293,243,182,131,180,401,512,854,795
685,498,331,247,186,259,428,422,850,795
559,408,175,128,99,145,379,351,810,796
441,219,328,251,137,187,423,691,885,796
266,228,140,100,86,123,333,166,817,796
725,444,335,274,175,233,425,515,853,796
345,257,168,136,114,142,411,167,767,796
644,385,297,211,141,210,430,656,877,796
388,259,248,176,127,188,387,344,846,796
594,415,275,206,158,211,401,338,840,796
343,247,222,163,121,174,368,347,832,796
406,265,267,198,139,197,421,350,863,796
300,218,248,178,137,198,382,359,833,796
583,382,275,207,143,207,415,471,853,796
376,233,231,159,106,166,391,401,861,796
453,276,257,197,133,184,480,474,857,797
324,229,186,126,93,144,357,345,814,797
399,267,233,177,128,179,386,374,836,797
596,462,328,240,186,267,479,422,852,797
473,308,216,165,115,159,395,391,860,797
521,278,374,256,156,240,506,709,885,797
503,307,322,234,164,229,378,633,847,797
499,380,258,205,156,202,474,565,848,797
493,297,129,94,63,92,410,544,854,797
480,297,390,281,184,268,417,624,881,797
457,280,238,174,131,183,469,337,824,797
539,316,355,266,169,242,442,601,867,797
471,356,261,164,128,212,362,376,834,797
415,303,269,200,163,225,465,361,847,797
339,221,223,151,115,176,400,351,854,797
343,270,189,161,136,157,430,351,845,797
610,386,262,193,142,198,408,588,873,797
285,212,218,176,144,179,364,343,853,798
418,238,353,239,151,241,425,550,856,798
588,407,212,169,124,162,454,353,823,798
503,335,189,150,107,138,408,341,853,798
353,242,237,174,133,187,400,366,851,798
599,423,256,185,139,201,418,433,841,798
392,272,230,155,108,171,383,339,855,798
477,302,331,253,178,240,334,539,833,798
471,306,202,157,112,154,359,539,863,798
389,259,177,132,94,132,362,349,853,798
512,341,260,202,140,194,407,555,858,798
371,248,143,117,86,110,354,340,745,799
305,219,163,121,94,129,332,432,807,799
276,184,109,92,68,84,308,349,674,799
563,383,179,143,103,135,386,362,846,799
487,321,403,284,205,303,543,629,876,799
549,354,249,181,123,179,404,517,867,799
523,403,208,155,121,165,380,369,843,799
449,268,343,248,149,233,478,587,862,799
654,436,285,206,146,217,408,487,851,799
340,210,377,274,162,239,453,691,874,799
384,296,214,163,125,170,383,349,840,799
363,255,175,135,104,140,349,348,844,799
439,345,229,179,142,189,378,345,839,799
337,211,222,173,113,155,397,342,853,799
469,275,300,230,148,200,357,674,857,800
550,377,211,177,124,157,412,344,855,800
553,318,310,222,136,211,453,611,884,800
556,292,348,257,162,237,438,640,861,800
357,222,199,156,107,144,389,358,866,800
440,350,247,181,140,194,393,568,857,800
642,413,282,220,159,217,469,462,846,800
441,337,190,146,114,154,373,341,840,800
435,272,316,210,141,221,418,545,869,800
688,361,410,324,193,261,467,700,886,800
692,451,284,207,144,211,418,423,847,800
336,170,335,266,149,206,433,665,876,800
431,329,155,109,84,127,355,365,835,800
388,274,168,128,96,130,354,335,823,800
400,314,172,133,109,141,345,441,745,800
551,372,290,205,145,213,446,461,870,800
557,351,346,254,174,249,427,551,871,801
465,338,127,82,59,97,326,345,676,801
465,338,180,144,114,146,334,335,828,801
605,358,384,268,171,266,439,646,856,801
336,231,182,137,103,138,379,343,856,801
337,228,221,154,111,168,402,380,837,801
527,330,306,236,164,227,432,357,838,801
212,196,126,100,96,121,545,1,170,801
477,296,306,232,163,222,417,590,869,801
341,217,235,156,97,160,406,397,868,801
682,461,202,162,115,150,400,354,840,801
419,238,297,207,120,191,433,438,855,801
462,292,256,199,148,195,474,533,859,802
466,302,304,209,140,220,411,577,865,802
595,421,229,185,134,175,407,458,849,802
538,331,302,224,165,226,444,405,854,802
607,432,261,195,140,194,374,340,828,802
342,289,129,97,81,108,286,339,755,802
456,307,262,201,153,202,377,496,857,802
516,334,259,182,121,187,387,441,826,802
387,262,194,144,105,147,340,490,827,802
551,273,342,268,152,205,441,677,889,802
510,330,286,248,186,221,414,542,744,802
453,322,187,146,115,149,363,370,822,803
573,354,216,160,107,156,385,367,836,803
553,362,307,225,171,238,448,500,867,803
615,435,248,196,148,198,405,349,824,803
506,352,268,203,156,213,434,527,853,803
344,244,205,152,115,162,385,359,839,803
352,233,368,272,170,249,441,668,889,803
423,299,196,159,124,155,371,350,842,803
304,181,356,282,165,226,372,666,888,803
389,290,118,89,69,93,393,364,660,804
466,349,279,209,171,230,436,692,869,804
521,302,207,168,113,147,461,340,841,804
447,287,387,258,172,277,440,636,875,804
369,268,222,172,123,170,393,339,854,804
477,323,303,232,134,182,566,367,838,804
721,446,282,226,153,197,419,511,859,804
264,205,208,159,127,171,377,344,824,804
481,296,209,168,113,147,391,365,831,805
274,222,184,137,113,153,369,334,829,805
320,228,182,137,103,141,328,338,833,805
594,359,238,196,129,167,400,511,851,805
511,265,384,269,165,234,450,496,882,805
620,401,281,214,143,197,441,430,838,805
574,333,381,280,188,264,452,714,885,805
379,265,209,152,117,171,374,351,825,805
411,261,266,211,138,185,385,615,857,805
222,171,167,127,103,142,351,165,809,805
497,384,157,112,87,126,326,334,845,805
465,293,161,115,81,119,383,350,840,805
474,333,237,193,140,177,406,357,853,805
417,292,198,141,107,154,343,339,841,805
487,302,314,232,164,232,434,632,883,805
537,360,254,206,151,194,412,351,829,805
705,421,222,167,120,168,464,339,843,805
446,292,285,199,137,206,427,540,851,805
445,353,131,106,92,113,341,354,823,805
667,462,171,136,100,129,365,710,844,806
514,309,293,239,166,216,422,606,872,806
464,273,239,193,124,166,381,471,859,806
544,394,129,102,74,99,367,375,756,806
451,259,332,247,159,228,364,678,878,806
321,248,190,131,101,155,349,336,836,806
665,454,121,90,63,91,377,692,448,806
636,436,212,158,115,163,381,344,768,806
555,363,232,182,129,174,383,298,836,806
348,207,138,99,67,99,388,641,863,806
296,214,252,174,130,199,344,439,850,806
387,256,254,209,150,189,399,520,853,806
352,251,167,127,94,127,339,341,834,806
519,276,400,283,175,267,496,716,899,806
493,312,317,253,175,227,401,523,841,807
504,264,401,293,183,268,517,661,877,807
658,373,316,227,144,213,441,479,879,807
571,419,231,165,126,185,401,350,840,807
321,280,164,118,103,144,359,1,223,807
430,313,143,109,80,108,348,256,833,807
337,294,267,187,159,232,505,160,595,807
328,233,216,166,129,172,379,361,854,807
701,397,356,284,179,239,520,506,861,807
506,356,331,270,202,259,406,387,864,807
206,165,169,125,105,144,405,3,309,807
601,421,173,136,98,131,372,366,840,807
492,345,279,234,186,217,511,414,844,808
605,429,234,179,139,184,392,341,844,808
640,428,321,255,173,230,382,458,846,808
513,326,315,224,152,221,415,553,866,808
613,403,295,215,147,210,429,387,858,808
344,289,131,99,86,115,411,105,612,808
491,362,181,149,120,148,368,351,842,808
640,429,281,202,152,222,418,491,860,808
374,235,262,194,140,195,399,445,856,808
413,283,178,131,96,140,366,350,834,809
565,329,386,295,183,266,446,651,879,809
462,323,234,174,133,178,394,411,840,809
216,150,178,144,110,141,320,339,825,809
457,248,350,290,174,227,409,596,879,809
384,281,157,120,95,128,356,352,818,809
633,471,155,126,103,128,352,356,833,809
575,430,221,179,141,179,398,343,828,809
399,233,340,275,183,238,396,713,895,809
550,356,355,271,201,270,406,728,824,809
435,291,175,135,106,141,396,344,825,809
348,215,278,216,142,193,356,585,869,809
370,258,213,157,120,168,394,386,855,809
588,311,456,337,203,295,460,1023,910,810
355,249,231,171,127,175,279,615,834,810
464,320,174,136,102,136,369,355,852,810
325,189,340,275,184,239,379,562,862,810
515,385,196,155,113,146,371,339,848,810
299,255,176,122,102,152,348,343,828,810
337,227,217,180,136,164,401,370,830,810
350,228,227,166,125,170,407,360,841,810
584,397,179,127,94,137,396,344,847,810
509,336,210,166,120,152,400,364,850,810
425,280,260,196,130,186,388,345,844,810
451,304,209,177,125,155,370,316,850,810
178,158,137,96,90,129,460,1,212,810
392,263,216,171,128,168,364,421,842,811
303,184,194,154,112,145,451,354,847,811
291,208,195,150,119,159,450,400,844,811
552,343,242,193,130,175,412,625,852,811
457,346,273,209,172,224,466,37,431,811
491,303,232,186,122,159,513,353,847,811
536,356,276,214,163,214,418,487,859,811
336,245,139,97,68,103,333,346,828,811
578,328,485,345,195,302,453,620,877,811
397,231,354,271,182,246,422,458,856,811
334,211,236,166,122,180,390,440,843,811
323,214,175,131,95,135,383,320,794,812
422,298,242,193,145,193,417,332,813,812
575,366,263,202,141,191,503,407,831,812
522,358,273,180,121,205,398,426,860,812
468,315,261,206,144,195,400,374,853,812
424,263,272,201,138,195,426,546,833,812
369,222,366,270,187,270,456,523,859,812
642,468,179,143,112,144,378,350,826,812
454,315,266,203,150,202,367,576,883,812
653,416,146,117,84,112,374,732,444,812
731,425,455,355,222,299,502,722,882,812
289,204,195,127,94,151,370,286,825,812
469,273,313,255,174,223,505,480,852,813
587,414,251,184,136,196,410,351,839,813
624,381,511,369,240,333,451,658,878,813
221,149,183,150,110,135,344,398,840,813
626,401,305,230,158,217,394,673,870,813
300,190,237,188,127,165,361,537,855,813
357,265,200,143,108,153,371,335,846,813
442,332,202,161,116,154,354,367,849,813
524,361,240,182,133,184,387,292,808,813
484,360,185,137,110,151,421,348,825,813
500,369,261,200,147,198,404,528,837,813
601,422,240,192,137,182,398,351,853,813
304,187,212,158,114,160,372,352,832,814
493,347,232,163,118,177,386,420,844,814
637,469,338,218,150,243,502,183,526,814
469,310,242,169,112,171,404,360,839,814
662,394,300,201,122,202,391,435,870,814
503,403,222,150,125,191,434,167,790,814
450,288,330,268,181,233,358,672,867,814
609,421,203,156,115,154,377,373,863,814
527,365,211,157,116,165,396,344,854,815
430,306,173,125,93,136,368,340,839,815
430,283,205,147,106,153,381,346,844,815
428,314,293,216,144,212,386,350,851,815
537,396,250,192,145,193,362,334,848,815
360,257,239,169,127,183,496,359,849,815
544,400,232,172,141,194,470,340,818,815
417,320,170,126,104,144,351,350,848,815
500,368,124,105,84,101,326,345,672,815
521,367,187,138,96,138,381,348,847,815
584,410,213,163,117,164,390,349,844,815
602,431,225,170,123,171,369,348,857,815
432,290,202,168,127,156,382,366,858,815
505,359,176,151,116,141,362,320,836,816
291,202,189,157,117,145,360,349,847,816
464,279,247,173,114,177,411,472,847,816
518,333,208,158,111,151,382,342,857,816
359,246,227,180,138,177,379,334,857,816
581,419,217,170,121,165,395,362,851,816
327,251,176,140,113,143,433,337,838,816
233,165,255,167,118,189,512,326,838,816
431,295,304,224,160,229,390,539,889,816
542,302,384,282,184,268,435,658,865,816
429,262,256,210,143,185,412,489,857,816
431,269,191,150,108,143,454,344,845,816
491,251,361,276,167,242,467,699,880,816
449,302,217,160,123,171,386,356,835,816
402,239,207,148,120,172,475,429,849,816
399,251,235,176,140,188,438,345,859,816
717,490,239,193,137,173,449,567,855,816
353,235,191,150,97,132,438,3,186,817
727,478,410,296,214,310,515,706,876,817
357,225,222,169,119,165,391,413,866,817
649,404,366,272,180,254,427,524,861,817
618,430,227,147,111,173,439,359,820,817
252,236,136,91,88,130,329,79,692,817
662,423,279,224,163,209,401,545,862,817
480,292,296,211,147,218,407,604,879,817
437,301,301,237,170,225,381,434,855,817
499,361,242,176,139,197,412,455,853,817
573,418,147,120,91,116,377,365,843,817
497,328,271,186,133,203,408,566,867,817
627,460,249,175,131,193,437,397,853,817
639,434,298,230,166,222,428,503,843,818
375,255,192,147,123,160,466,348,833,818
474,294,308,244,162,218,391,561,866,818
423,306,190,155,120,152,353,327,847,818
512,321,293,208,141,208,412,495,853,818
298,212,167,136,107,131,326,342,824,818
626,350,334,242,127,197,469,713,884,818
505,356,225,177,127,168,399,346,832,818
488,343,170,129,108,140,404,353,826,818
418,268,256,202,143,187,390,389,853,818
573,405,225,153,112,171,379,352,838,818
251,242,91,66,64,86,329,70,496,819
641,386,333,220,144,239,420,629,874,819
660,456,256,176,125,195,418,410,850,819
423,308,202,148,110,158,373,348,839,819
480,318,309,193,124,213,371,456,848,819
374,226,122,98,62,83,297,718,967,819
413,213,402,276,154,251,543,700,891,819
552,287,385,286,174,255,485,722,883,819
642,471,201,161,120,153,406,352,847,819
531,388,268,195,148,209,462,415,852,819
670,497,226,168,135,184,392,450,818,819
538,323,424,302,188,283,452,699,874,819
396,295,193,139,111,159,421,342,855,819
635,408,287,209,134,191,426,383,855,819
347,288,101,75,68,91,351,348,783,820
700,443,240,196,131,166,382,584,865,820
477,301,279,187,129,205,393,532,857,820
380,276,200,136,101,151,375,349,837,820
557,352,298,227,161,222,426,516,851,820
560,335,279,186,119,193,404,476,853,820
417,261,320,227,161,240,371,661,865,820
370,278,152,117,93,125,363,339,840,820
638,427,406,318,230,298,440,668,864,820
395,299,170,139,115,141,352,234,831,820
510,379,117,93,71,92,346,339,800,820
689,452,253,194,137,187,422,434,838,820
628,435,232,172,127,178,431,404,860,820
595,342,324,230,152,227,417,678,869,820
394,248,195,140,97,144,393,348,842,820
379,215,283,200,127,200,403,524,850,820
263,192,132,99,75,102,308,345,825,821
586,399,325,238,164,232,411,330,833,821
399,232,324,236,143,215,438,692,888,821
393,272,234,161,115,180,383,400,855,821
622,414,246,211,149,175,433,340,834,821
414,310,243,188,139,190,384,334,843,821
465,346,183,141,112,149,336,322,827,821
415,307,244,164,124,190,333,335,840,821
582,390,193,157,113,145,393,348,845,821
420,313,202,155,121,161,377,334,846,821
658,383,390,288,195,282,468,609,865,821
402,217,323,233,144,221,431,678,878,821
491,324,237,163,116,180,401,341,864,821
389,304,144,103,84,121,321,355,823,821
292,171,286,210,125,180,271,689,870,822
547,362,226,183,134,170,397,351,857,822
449,268,193,141,115,158,504,346,825,822
436,263,220,169,113,154,388,389,861,822
561,345,366,281,206,278,498,683,869,822
468,326,186,137,106,147,371,350,836,822
676,357,344,274,172,228,528,552,866,822
574,367,243,168,110,168,401,363,834,822
535,372,187,134,96,142,398,381,851,822
298,206,313,220,149,223,351,444,844,822
397,247,218,172,109,149,403,331,835,822
368,236,278,213,144,196,391,337,862,822
603,466,211,149,119,173,370,329,830,822
685,466,255,192,140,196,389,347,846,822
336,230,182,134,97,136,353,356,782,823
330,246,168,131,102,134,300,327,849,823
448,310,269,198,154,214,393,388,840,823
601,351,299,236,143,194,364,664,879,823
513,359,209,162,120,160,414,371,854,823
631,409,232,187,134,174,358,357,958,823
648,358,521,354,212,323,467,1023,905,823
714,447,292,218,149,210,473,578,873,823
570,417,224,172,128,174,382,338,828,823
458,363,125,106,86,103,322,251,788,823
578,447,166,133,109,138,380,358,838,823
505,305,354,249,159,244,437,587,870,823
485,285,226,196,141,166,479,451,857,823
289,193,137,97,69,103,303,340,822,823
690,468,288,230,167,218,416,584,858,823
675,479,310,272,213,252,415,450,867,823
598,394,265,192,127,182,410,434,845,823
417,289,248,174,125,186,407,393,859,823
610,326,357,263,149,223,448,720,875,823
427,322,195,174,119,146,380,350,826,824
505,378,301,202,157,235,413,384,823,824
597,355,358,251,153,240,435,634,860,824
645,379,339,265,162,222,353,660,878,824
514,350,191,143,104,143,363,484,847,824
439,271,242,170,114,171,409,352,850,824
301,191,302,222,155,217,315,568,849,824
658,426,315,253,178,228,430,594,869,824
512,284,370,264,168,251,440,682,864,824
412,229,310,223,142,212,430,543,873,824
427,274,239,198,147,179,392,445,839,824
328,283,206,146,131,185,394,2,170,824
535,356,292,210,151,217,511,445,853,824
528,393,183,132,97,144,350,355,829,824
663,408,375,258,178,271,517,663,874,825
489,228,529,371,186,275,476,799,910,825
379,287,180,132,103,145,348,354,834,825
438,327,126,98,76,102,322,347,724,825
715,453,241,177,123,174,421,347,825,825
727,432,344,261,158,225,464,713,876,825
722,443,260,203,132,182,408,447,868,825
495,351,249,181,137,194,359,346,842,825
408,291,204,149,113,162,367,342,836,825
618,398,374,273,193,278,429,709,878,826
543,382,201,148,115,160,369,355,845,826
436,274,271,200,135,190,382,553,868,826
303,213,211,158,122,173,418,377,829,826
641,439,225,176,127,169,421,337,853,826
387,290,214,151,116,172,372,341,818,826
586,312,353,282,180,245,434,628,867,826
453,276,296,215,139,206,480,697,865,826
410,317,198,159,131,165,355,372,846,826
327,226,145,123,95,113,333,353,823,826
445,318,229,184,146,180,381,330,851,827
686,381,410,303,144,212,453,918,911,827
594,374,250,175,117,175,426,698,847,827
379,278,178,129,98,139,383,358,828,827
392,249,283,202,135,202,384,609,877,827
332,229,322,214,145,229,395,488,853,827
529,356,184,143,102,136,445,489,837,827
457,268,286,200,127,198,417,459,879,827
256,156,196,155,109,141,368,413,842,827
342,217,253,204,136,179,421,357,854,827
350,196,195,134,95,148,522,346,832,827
337,219,188,152,106,139,371,374,846,827
603,413,219,157,110,163,396,360,838,827
318,247,182,128,97,145,360,344,846,827
159,147,191,146,145,187,341,1,216,828
271,162,251,199,132,178,345,475,851,828
547,389,290,184,128,210,406,339,862,828
429,289,240,187,139,187,406,404,849,828
523,396,208,153,114,163,392,347,820,829
442,253,340,249,160,231,461,654,895,829
425,262,253,188,131,186,406,540,856,829
431,302,137,96,68,103,357,205,796,829
583,346,413,328,199,273,417,897,887,829
391,274,224,173,126,168,459,358,838,829
338,216,246,184,134,186,361,368,851,829
685,382,447,315,180,291,484,718,902,829
406,244,325,248,168,229,407,576,855,829
411,327,173,137,107,137,342,328,845,830
398,242,194,143,94,134,391,360,840,830
620,377,361,302,198,246,436,652,873,830
394,279,151,117,88,121,478,354,793,830
696,471,337,245,185,267,425,682,879,830
497,294,181,148,109,137,510,353,816,830
292,233,124,100,78,99,285,340,832,830
583,334,350,250,163,249,445,692,884,830
456,302,326,246,161,221,383,679,904,830
520,363,234,185,139,177,388,398,848,830
503,340,205,159,127,169,490,362,834,830
611,442,191,155,115,149,370,308,797,830
586,332,191,149,95,129,460,344,834,830
613,398,220,160,122,172,404,381,863,830
658,374,288,220,136,191,432,616,860,830
604,454,508,364,287,410,529,378,600,830
637,478,271,227,169,210,480,357,836,831
401,295,169,150,116,134,374,352,839,831
261,195,176,131,91,133,344,332,847,831
457,319,230,168,114,166,387,332,849,831
444,265,265,203,138,191,493,472,868,831
523,395,166,139,111,133,358,336,805,831
426,329,225,176,136,182,385,369,856,831
552,420,157,116,95,130,364,353,854,831
429,305,290,218,165,228,388,447,869,831
392,295,170,133,110,141,374,364,832,831
418,242,197,153,95,131,652,0,192,831
357,243,280,211,157,209,383,554,880,831
547,373,201,156,116,155,390,436,855,831
396,228,314,239,156,218,417,526,859,831
550,374,198,150,111,151,407,366,834,831
386,261,280,222,160,210,467,575,846,831
405,229,309,245,164,212,421,469,859,831
343,221,242,163,115,180,464,362,855,831
568,341,368,289,182,247,395,661,879,832
548,345,335,272,180,233,428,473,858,832
541,409,172,143,116,143,365,343,826,832
382,280,217,160,119,167,284,504,835,832
456,265,444,326,194,292,404,726,904,832
386,226,293,206,134,203,427,600,869,832
520,355,281,209,149,207,374,660,880,832
228,161,192,152,115,151,348,381,831,832
559,390,257,181,139,203,405,443,856,832
541,309,452,325,213,311,449,698,889,833
659,479,154,115,90,122,378,358,771,833
504,355,228,169,123,180,394,362,838,833
607,317,451,310,161,260,480,658,922,833
515,357,251,183,134,190,411,337,848,833
632,468,155,126,99,125,371,343,849,833
434,330,140,133,112,119,332,440,727,833
409,232,345,277,170,226,368,687,886,833
431,275,260,193,129,188,401,455,858,833
378,287,254,187,142,197,390,356,844,834
424,226,416,307,180,267,529,704,874,834
606,415,202,162,113,149,390,338,837,834
347,259,239,185,144,192,345,525,854,834
213,168,175,129,103,143,338,346,829,834
314,272,116,101,89,101,315,337,684,834
199,131,199,162,113,142,384,334,857,834
528,402,207,161,124,165,387,352,852,834
359,240,146,108,81,114,359,225,769,834
728,479,246,205,142,178,418,415,850,834
649,491,168,131,101,137,395,354,813,834
482,288,325,260,169,224,389,641,883,834
434,297,244,190,135,183,374,524,862,834
542,313,264,214,154,190,514,502,838,834
417,236,273,192,133,199,453,388,860,835
263,178,129,99,74,103,317,335,731,835
272,204,164,130,104,131,308,343,824,835
494,352,295,219,158,222,391,485,852,835
516,390,176,125,95,138,373,342,827,836
498,323,297,226,154,211,413,399,870,836
664,367,431,296,174,273,574,711,883,836
429,275,218,156,106,155,408,351,867,836
395,256,107,67,126,179,504,151,775,836
459,302,283,201,153,226,513,337,839,836
515,314,284,200,139,210,418,554,873,836
403,270,186,144,111,145,364,354,846,836
563,401,188,150,116,146,379,355,821,836
552,373,252,172,116,183,420,415,857,836
436,309,178,149,112,138,369,350,827,836
457,254,300,239,139,191,418,705,877,836
526,277,277,202,121,179,414,442,879,836
662,454,254,191,142,194,402,337,852,836
241,202,106,97,86,94,324,161,758,836
297,171,294,196,122,196,431,454,867,836
263,208,233,162,128,191,340,316,807,837
461,348,173,126,97,139,376,343,850,837
536,381,258,196,141,191,396,504,845,837
544,331,357,274,171,237,406,676,878,837
610,440,238,179,137,187,402,362,831,837
457,321,162,127,100,132,389,2,199,837
434,333,237,175,154,209,478,346,846,837
494,357,202,149,113,157,377,350,850,837
508,337,209,150,101,149,400,366,843,837
689,433,402,313,189,257,415,651,871,837
331,242,179,139,117,148,436,367,836,837
307,190,196,153,94,133,441,359,830,837
670,472,273,198,143,206,411,346,853,837
608,429,316,202,142,229,412,453,830,838
605,416,270,204,161,217,474,434,852,838
594,427,180,143,107,140,392,352,830,838
615,450,221,166,132,175,398,347,849,838
412,300,257,191,139,197,560,3,515,838
451,345,153,122,98,126,349,267,808,838
511,326,380,291,174,253,434,615,876,838
672,434,406,291,211,299,542,626,879,838
429,274,219,157,108,158,367,390,842,838
304,229,116,86,68,97,321,344,640,838
551,310,409,308,199,283,437,667,878,838
548,398,287,211,171,240,489,539,860,838
522,353,319,239,174,244,436,467,874,838
451,301,262,205,140,186,403,370,851,838
499,363,302,213,181,256,487,694,881,839
683,450,287,214,156,222,426,580,846,839
647,441,220,168,115,164,405,529,845,839
513,345,287,225,163,218,414,648,890,839
531,419,199,138,117,169,372,331,829,839
375,266,195,156,122,158,390,412,823,839
241,164,261,193,134,190,410,508,856,839
312,204,198,139,94,145,399,360,853,839
397,252,232,194,136,172,387,340,852,839
597,402,167,138,102,124,456,354,833,839
274,193,198,157,111,144,358,358,832,839
380,263,176,142,112,140,382,343,819,840
640,349,435,306,179,287,459,673,874,840
595,388,196,161,120,150,487,351,861,840
559,378,217,163,118,163,399,353,832,840
672,428,352,242,182,274,497,708,853,840
404,296,174,138,108,138,356,341,823,840
528,385,198,143,111,161,340,345,832,840
420,275,243,195,144,177,454,368,857,840
609,359,394,303,199,275,464,689,865,840
354,216,188,153,115,146,446,360,849,840
631,381,361,266,179,257,436,712,868,840
407,279,169,128,91,128,387,340,731,840
333,224,204,164,130,165,462,341,830,840
539,308,334,271,173,230,428,612,875,840
416,235,284,221,134,191,482,349,832,840
246,171,250,209,153,194,354,359,836,841
298,185,216,177,126,164,398,328,864,841
560,346,358,268,177,254,421,493,878,841
657,471,194,144,108,149,399,358,832,841
619,445,239,179,137,189,415,423,870,841
404,262,193,138,98,145,364,353,818,841
530,337,358,266,193,269,387,645,879,841
453,323,225,158,122,177,386,355,837,841
561,392,175,127,98,140,392,350,835,841
421,266,251,184,131,187,403,408,859,841
576,431,174,136,104,138,369,350,825,841
407,267,338,234,161,242,421,440,874,842
401,256,211,145,110,164,451,287,838,842
424,302,251,192,144,192,319,522,851,842
375,268,172,122,92,132,360,350,835,842
467,324,239,159,118,183,399,359,845,842
301,219,187,146,115,153,346,343,837,842
688,364,355,268,157,223,381,920,893,842
503,272,262,204,148,202,507,479,839,842
716,465,280,209,142,203,428,613,870,843
684,438,234,175,117,167,414,563,846,843
245,160,255,182,127,190,271,486,826,843
411,296,119,101,80,97,316,346,763,843
195,170,159,126,106,132,278,340,825,843
460,271,399,320,195,264,426,549,884,843
431,289,288,257,177,203,397,422,826,843
434,312,425,327,202,278,439,667,878,843
421,266,158,124,86,113,355,341,844,843
678,428,280,212,144,204,423,423,859,843
382,278,192,149,115,151,315,328,842,843
581,320,280,208,135,194,446,703,865,844
456,258,159,121,88,119,514,351,826,844
361,275,205,128,95,158,332,339,828,844
571,434,261,190,150,216,394,425,863,844
488,360,160,129,95,122,372,348,825,844
304,233,214,155,124,171,342,385,840,844
630,371,281,234,157,195,444,707,882,844
586,334,330,269,169,219,489,517,858,844
477,320,213,159,116,161,450,337,839,844
307,230,195,148,114,155,366,356,832,844
636,401,254,214,155,188,461,367,840,844
331,189,317,262,162,213,373,714,865,844
642,449,202,152,113,156,407,357,861,845
720,468,389,240,153,261,440,598,857,845
563,326,286,211,131,193,370,688,866,845
573,350,290,235,152,201,418,648,873,845
630,449,234,187,148,187,394,508,846,845
371,259,246,192,134,184,364,326,839,845
482,288,269,194,132,196,412,481,854,845
686,474,247,201,150,194,437,507,826,845
474,222,375,302,150,196,423,793,891,845
282,194,233,162,119,177,363,462,841,845
562,336,444,307,195,302,473,666,883,846
399,223,430,295,177,281,465,688,885,846
387,237,239,185,116,162,352,515,859,846
612,431,219,181,125,157,398,486,851,846
524,359,241,181,137,186,390,336,845,846
608,437,277,195,145,217,407,480,856,846
540,405,119,95,77,97,356,355,657,846
301,187,356,244,159,247,426,662,878,846
648,450,163,126,89,123,383,358,808,846
464,337,288,215,160,221,427,510,848,846
417,267,184,155,103,134,388,397,838,846
595,309,412,303,167,218,521,357,828,846
422,276,333,213,127,217,422,520,889,846
286,211,224,155,118,176,354,374,846,846
324,192,294,234,146,194,410,632,868,847
530,353,277,217,163,214,393,499,859,847
362,263,162,117,88,129,358,340,827,847
520,362,229,197,150,180,395,358,833,847
456,294,304,237,165,221,504,356,828,847
351,198,170,128,86,120,462,338,833,847
251,185,195,145,112,149,269,335,835,847
447,308,232,192,145,176,349,518,854,847
414,268,227,177,121,166,374,331,857,847
356,298,185,130,113,160,365,2,195,847
458,285,252,196,140,187,417,348,838,847
640,351,404,311,219,299,541,690,880,847
582,352,345,251,169,244,447,542,861,848
662,344,390,283,158,227,468,740,885,848
423,276,287,215,138,190,527,551,846,848
676,448,341,261,177,244,504,428,850,848
633,450,212,165,126,165,380,657,854,848
590,402,165,142,111,127,370,341,698,848
475,385,190,134,114,164,422,109,742,848
228,158,258,201,149,191,372,324,850,848
416,231,301,225,148,208,389,708,880,848
452,310,261,206,145,192,381,402,837,848
184,166,95,77,75,89,317,1,201,848
493,255,244,196,123,163,471,459,844,848
553,415,202,153,119,163,389,350,821,849
271,176,165,118,82,123,405,343,851,849
487,335,189,137,103,146,373,354,855,849
317,213,415,301,178,268,463,645,882,849
599,371,288,213,145,205,442,471,856,849
309,203,358,278,175,241,434,670,875,849
602,435,323,223,169,258,501,455,849,849
591,404,215,158,121,166,406,394,849,849
691,475,320,226,163,243,408,471,843,849
376,255,227,167,122,173,394,334,856,849
397,319,181,138,114,150,352,342,864,849
477,272,313,223,146,218,377,692,876,849
614,388,398,302,180,262,433,671,880,849
418,250,351,265,166,231,421,688,853,850
364,247,166,140,97,123,365,358,828,850
699,402,376,269,174,256,453,698,886,850
462,356,150,115,94,124,336,354,819,850
639,410,339,277,189,235,414,521,872,850
643,468,228,180,139,183,418,346,852,850
409,297,258,164,112,192,397,337,865,850
293,202,300,207,138,214,412,533,855,851
199,130,216,153,107,162,341,387,844,851
656,435,258,194,135,187,410,593,859,851
492,246,446,315,156,248,526,884,884,851
531,331,222,193,117,142,432,348,839,851
719,407,419,330,208,276,468,694,883,851
500,369,219,165,122,168,360,444,860,851
521,407,116,87,77,104,430,163,468,851
359,250,206,156,117,161,385,348,825,851
559,312,249,194,120,166,411,534,856,851
352,236,285,219,157,218,367,549,870,851
504,293,345,246,166,249,406,595,878,851
636,378,292,237,159,208,422,694,867,852
356,263,188,148,112,148,373,346,835,852
442,293,306,223,165,234,364,646,884,852
445,335,171,120,98,145,336,352,832,852
358,265,198,138,101,151,275,338,807,852
582,415,210,170,128,162,388,360,841,852
463,335,272,190,145,214,395,497,852,852
602,404,199,143,98,144,408,345,850,852
441,297,165,137,96,121,380,317,814,853
422,304,182,136,102,144,381,357,845,853
537,373,270,201,149,206,407,405,860,853
734,477,299,231,163,224,435,536,869,853
538,379,169,126,95,131,374,352,815,853
268,208,163,134,108,134,277,328,821,853
446,323,164,127,99,133,459,359,743,853
285,197,251,179,126,183,462,354,830,853
370,279,284,198,149,229,448,336,845,853
383,291,233,188,153,193,458,351,843,853
503,252,389,286,179,262,466,615,866,853
354,243,185,161,123,145,361,339,836,853
531,353,146,108,74,106,374,359,834,853
585,391,317,218,158,241,430,445,867,853
592,408,217,167,129,172,406,344,818,853
644,362,455,333,214,314,473,694,886,854
470,265,396,295,194,277,480,656,861,854
496,298,363,283,180,244,410,614,864,854
443,288,283,214,150,204,389,317,817,854
576,409,217,166,129,178,402,343,828,854
387,249,303,232,162,219,357,626,866,854
495,388,227,157,125,184,368,329,838,854
655,421,296,213,168,240,514,459,869,854
350,248,241,174,132,187,387,370,853,854
666,443,267,205,153,205,427,477,854,855
511,398,124,95,77,103,341,352,783,855
296,244,188,148,110,147,310,352,842,855
247,138,287,202,103,158,502,343,833,855
365,226,329,245,156,224,450,686,877,855
472,360,204,177,143,168,384,337,834,855
671,457,265,192,142,206,415,359,846,855
614,336,421,317,173,252,384,807,889,855
456,353,162,128,97,126,334,333,830,855
536,401,233,152,112,179,401,348,842,855
458,259,467,356,186,262,454,672,903,855
571,403,181,133,102,143,344,345,832,855
313,210,187,167,109,126,460,177,694,855
461,333,205,170,121,151,390,360,840,855
441,295,329,222,150,233,397,648,880,855
208,176,95,76,65,82,306,1,214,855
665,401,267,228,155,192,406,699,863,855
543,319,379,306,202,263,426,703,887,856
498,379,270,204,166,219,479,356,859,856
463,269,330,250,152,216,437,598,864,856
392,247,221,160,111,159,378,339,833,856
369,258,233,161,113,174,384,314,871,856
437,322,223,163,135,187,453,502,861,856
288,174,345,254,152,224,444,664,879,856
426,295,201,143,94,143,380,344,829,856
284,212,211,178,138,167,484,6,537,856
232,156,183,135,94,134,309,337,840,856
388,221,344,256,168,228,356,670,856,856
691,446,300,249,174,220,436,402,853,857
599,420,209,172,125,163,395,344,834,857
342,199,304,223,130,191,532,462,871,857
616,419,194,157,113,145,389,352,837,857
684,409,358,275,198,268,447,607,863,857
367,257,183,145,114,149,364,351,841,857
699,451,312,216,139,216,439,531,863,857
322,189,280,216,128,180,412,503,864,857
378,296,181,155,128,152,354,347,822,857
368,246,293,222,144,201,367,523,868,857
327,177,365,278,165,237,427,702,890,857
644,431,200,143,99,150,393,359,833,857
651,357,427,313,205,299,464,760,854,857
552,370,178,123,90,138,377,344,812,857
309,230,260,191,127,182,291,510,875,857
604,365,292,231,143,197,407,486,845,857
464,341,189,157,113,144,376,331,828,857
415,281,252,213,153,185,393,360,851,858
415,270,236,167,114,170,393,335,844,858
309,229,153,117,90,121,340,360,644,858
683,461,403,299,184,265,607,6,595,858
442,222,357,256,146,218,451,691,885,858
317,233,185,133,103,147,347,334,829,858
683,435,246,179,127,181,436,573,854,858
532,345,328,225,154,242,391,468,852,858
663,484,203,146,110,156,365,346,833,858
374,291,186,143,116,154,365,352,848,858
366,254,215,154,119,171,375,352,810,858
398,310,145,108,88,118,401,147,620,858
237,198,278,195,163,235,464,341,851,858
413,227,277,216,137,187,427,540,862,859
415,295,301,222,140,197,521,349,851,859
461,301,303,237,166,223,412,558,848,859
614,423,213,166,114,154,392,319,850,859
587,371,175,130,86,125,322,1023,792,859
224,155,202,149,106,149,279,395,830,859
571,334,386,314,209,271,500,678,891,859
588,317,376,284,161,223,441,689,895,859
406,258,199,147,101,144,389,423,855,859
520,407,182,152,125,150,341,344,821,859
689,368,261,207,135,184,419,708,854,859
661,388,290,209,139,207,465,618,862,859
577,290,394,278,162,255,455,685,884,860
480,360,190,146,121,159,394,363,783,860
671,434,261,184,127,193,416,420,870,860
643,458,252,198,147,197,386,362,838,860
569,382,245,186,129,181,403,367,840,860
573,307,223,186,107,138,386,340,848,860
542,336,287,212,142,203,403,470,860,860
312,198,183,136,101,143,366,331,845,860
457,311,235,164,119,176,419,364,853,860
411,281,205,151,107,154,348,326,831,860
362,280,116,81,65,95,330,349,664,860
587,388,272,204,142,198,407,502,864,860
567,346,327,242,168,241,436,562,872,860
515,262,359,266,170,246,519,549,853,860
396,286,169,140,107,135,377,354,832,860
654,470,202,151,113,155,438,350,816,860
661,420,443,325,227,320,426,964,914,860
626,409,235,179,126,171,414,341,832,860
487,344,219,162,115,161,379,471,853,861
564,378,359,248,174,274,396,514,856,861
540,407,158,120,91,125,321,347,830,861
366,250,196,153,116,151,378,331,844,861
303,220,229,163,108,164,400,338,862,861
439,286,225,176,127,170,378,343,872,861
575,397,224,183,138,173,376,332,846,861
466,303,231,174,113,162,394,527,838,861
385,299,164,116,91,134,352,257,820,862
714,468,295,218,149,216,441,413,872,862
310,235,213,163,119,164,380,345,833,862
435,297,229,155,109,171,405,399,827,862
491,311,267,205,147,201,381,539,854,862
560,343,270,217,148,198,402,705,880,862
272,181,230,163,110,166,393,357,853,862
379,282,177,137,104,139,330,341,835,862
402,312,167,135,112,142,344,355,823,862
493,369,199,152,123,162,372,365,842,862
564,345,388,285,198,290,439,703,861,862
429,312,335,221,153,245,419,433,863,862
473,290,303,230,158,222,433,659,851,862
389,302,158,125,98,123,394,1,222,863
520,347,163,138,94,117,379,344,842,863
613,339,319,245,148,205,458,603,886,863
440,276,187,151,107,137,374,306,823,863
665,427,361,290,206,261,505,483,855,863
619,402,362,296,189,245,463,677,881,863
474,290,224,162,112,165,385,537,856,863
441,338,180,128,100,147,371,346,841,863
722,430,415,303,202,291,428,483,874,863
527,318,251,198,146,187,473,400,846,863
615,443,192,150,115,150,503,350,858,863
494,256,391,314,197,262,426,653,873,863
683,449,277,194,127,199,432,526,853,863
605,445,191,148,116,157,389,352,825,863
412,290,176,140,115,146,477,349,830,863
477,293,276,184,117,188,394,453,862,863
470,330,243,178,149,206,447,351,848,863
336,255,130,88,73,109,305,333,695,864
529,309,332,273,177,226,422,649,876,864
471,287,180,127,89,132,462,347,829,864
375,284,207,162,136,173,348,328,821,864
317,205,232,184,133,175,369,427,854,864
337,225,227,160,112,168,386,427,853,864
696,421,347,240,145,236,427,523,858,864
342,255,197,148,110,154,330,348,846,864
386,296,104,98,81,87,596,0,184,864
605,384,308,251,164,213,428,643,877,864
592,365,288,202,130,196,531,474,874,865
653,444,265,203,140,193,395,320,833,865
445,298,181,140,105,139,474,358,841,865
299,187,220,150,102,160,403,352,862,865
419,252,323,240,156,227,428,588,873,865
724,419,354,277,182,243,452,697,885,865
500,418,129,90,76,111,331,347,827,865
550,404,190,136,99,146,368,331,819,865
352,258,188,167,133,152,369,351,843,865
454,237,295,204,135,201,545,336,858,865
234,166,202,170,133,161,347,342,834,865
249,213,108,73,60,90,362,1,215,865
545,336,344,266,193,260,502,625,873,865
519,382,108,75,56,85,318,362,714,866
522,381,156,122,96,124,378,362,838,866
463,235,336,269,147,205,454,574,861,866
628,407,197,149,100,143,389,352,838,866
446,297,194,149,111,155,377,348,847,866
402,317,148,114,92,120,344,373,771,866
371,259,220,200,161,178,393,368,845,866
705,458,320,211,137,225,412,597,866,866
611,416,296,204,144,220,414,460,863,866
563,395,178,150,111,139,379,361,846,866
324,222,125,87,69,102,538,2,458,866
560,438,174,120,96,142,383,372,824,866
469,267,253,197,147,188,485,377,835,866
327,232,204,176,132,153,340,456,828,866
282,173,241,158,111,181,427,332,842,866
508,367,320,228,177,255,441,550,865,866
570,378,256,192,136,194,390,521,861,867
513,365,207,144,114,171,387,372,826,867
643,408,291,192,128,204,434,375,841,867
369,275,183,128,97,143,356,399,836,867
323,198,267,199,137,194,414,440,855,867
436,248,322,249,163,217,345,664,875,867
340,187,329,262,156,212,368,685,888,867
367,202,298,202,122,200,377,581,860,867
681,403,328,233,153,229,431,694,893,867
290,196,332,256,165,229,433,639,887,867
420,293,144,114,90,116,419,334,782,867
663,454,265,195,146,202,432,455,849,867
659,487,444,312,242,360,503,250,732,867
581,418,208,157,117,160,407,350,860,867
508,270,354,295,170,221,451,709,883,868
519,307,350,258,172,245,414,595,865,868
368,286,164,107,90,141,356,344,834,868
620,438,238,195,144,185,396,473,845,868
364,239,238,170,120,172,405,381,825,868
651,390,285,218,138,195,417,363,867,868
576,393,202,159,116,153,375,293,823,868
636,423,205,153,104,150,400,371,838,868
613,452,149,117,91,121,352,348,767,868
518,381,262,169,127,205,398,434,846,868
417,286,183,142,106,144,364,355,828,868
319,251,186,132,103,147,309,334,832,868
563,415,186,154,120,150,359,347,851,868
711,400,394,294,179,255,434,679,885,868
528,352,271,206,146,199,424,526,869,868
526,385,206,170,130,162,407,350,845,868
611,346,281,228,139,185,431,586,853,868
355,270,258,167,127,205,410,350,856,869
458,344,192,147,114,149,399,359,853,869
472,307,250,175,125,189,392,516,857,869
696,447,239,183,127,178,386,650,853,869
392,312,122,96,77,99,345,247,818,869
468,333,216,153,105,157,377,367,835,869
277,184,204,154,106,146,400,250,780,869
495,286,256,195,128,180,412,430,866,869
236,175,221,162,116,164,398,366,830,869
435,215,285,205,126,188,514,380,847,869
493,367,197,132,102,161,375,339,833,869
252,211,96,85,76,87,283,138,796,869
298,172,250,186,127,181,414,435,847,869
396,311,189,128,100,157,377,329,828,869
437,305,280,218,158,205,338,646,870,869
511,368,166,136,103,129,366,345,767,869
496,270,354,292,184,235,453,678,878,870
408,286,199,145,110,161,386,484,840,870
495,312,228,170,113,163,387,416,849,870
474,255,457,329,208,312,475,697,880,870
356,252,242,199,156,189,519,345,860,870
371,219,193,142,107,152,483,347,830,870
648,423,257,209,153,192,408,416,847,870
382,236,268,217,151,197,365,475,857,870
206,181,99,65,58,88,494,2,400,870
459,291,171,140,110,136,445,344,837,870
395,217,390,287,186,274,440,545,865,870
602,432,130,93,69,100,365,367,651,870
450,341,329,223,178,269,510,505,848,870
298,242,160,129,104,129,306,338,806,870
305,239,135,108,76,97,265,713,543,871
679,456,262,195,140,194,427,349,840,871
698,434,355,260,168,243,429,650,875,871
506,285,309,222,152,218,500,616,870,871
606,347,462,334,205,309,480,710,881,871
402,306,138,103,83,114,335,347,691,871
596,316,142,110,63,85,442,677,407,871
471,357,201,139,110,166,372,349,842,871
349,294,94,67,60,83,321,344,777,871
630,362,349,251,168,253,450,742,879,871
470,333,200,159,121,155,368,341,847,871
343,260,209,153,118,165,390,366,836,871
471,325,232,161,113,174,386,373,836,871
428,295,226,173,139,185,479,358,849,871
534,347,258,191,137,191,392,426,853,871
335,198,331,259,161,218,337,693,873,871
655,430,182,144,96,127,401,364,834,871
654,396,332,253,164,229,426,508,861,871
381,233,237,192,133,168,374,536,873,871
639,338,359,238,141,228,433,541,855,871
397,282,135,99,73,105,341,367,836,871
431,274,133,106,75,97,337,689,452,871
361,254,175,127,97,141,339,330,799,872
385,202,343,266,168,230,396,575,882,872
232,200,221,194,176,202,440,117,680,872
613,408,194,151,108,150,400,351,837,872
297,207,288,194,131,199,398,577,867,872
492,343,257,189,136,195,398,490,849,872
576,345,256,198,138,187,403,627,882,872
654,444,326,240,176,248,407,566,856,872
281,215,166,124,101,136,314,334,847,872
430,283,245,178,117,171,406,338,865,872
550,371,295,194,130,212,401,466,865,872
354,264,221,163,120,171,382,356,851,872
366,229,238,203,147,175,382,499,847,872
554,335,356,257,173,257,449,660,883,873
590,393,285,205,148,216,405,503,859,873
329,243,159,110,82,126,365,350,847,873
389,282,144,104,78,111,350,351,829,873
556,404,181,131,99,142,366,336,839,873
375,267,229,170,128,177,388,334,862,873
268,213,175,141,108,139,330,338,803,873
413,310,183,143,116,151,351,328,848,873
367,289,223,172,136,180,364,335,825,874
466,303,364,281,192,272,525,574,854,874
422,285,165,132,107,135,450,342,834,874
550,369,249,193,142,187,408,567,847,874
647,385,289,195,127,202,400,543,846,874
639,417,336,249,178,253,435,566,848,874
647,470,144,112,83,109,373,346,734,875
540,410,372,252,190,294,545,286,582,875
592,363,338,263,180,242,428,630,869,875
266,208,201,136,103,159,347,332,841,875
599,381,313,232,167,235,407,612,850,875
425,268,255,196,135,190,410,573,862,875
478,322,171,122,81,116,470,364,838,875
430,290,231,171,125,179,383,491,861,875
502,373,200,151,125,166,476,352,826,875
376,307,181,141,112,144,318,324,836,875
417,317,258,164,126,206,389,340,850,875
538,380,432,343,223,292,367,877,910,875
442,297,226,160,113,171,441,349,856,875
548,397,185,154,119,144,365,465,833,875
449,293,197,147,105,146,404,346,838,875
392,281,156,129,98,123,340,353,832,875
453,334,221,164,128,182,379,339,838,875
598,422,240,168,118,181,389,355,837,876
565,382,204,161,121,157,394,354,836,876
478,266,337,234,148,232,435,709,888,876
647,333,349,269,153,213,458,632,886,876
559,415,172,119,93,139,372,347,846,876
567,341,346,251,152,223,372,694,859,876
452,324,190,143,108,151,351,403,848,876
566,298,479,343,176,277,582,720,890,876
413,284,176,135,101,137,381,360,846,876
431,231,339,258,165,232,438,714,890,876
409,332,120,89,77,105,312,342,741,876
551,307,364,287,172,241,483,686,882,876
506,317,267,209,144,188,424,600,860,876
433,251,239,189,140,179,425,360,844,876
664,372,285,224,138,195,437,474,878,876
286,231,201,154,121,163,325,324,849,876
517,327,253,199,138,178,449,334,839,877
284,205,163,112,86,128,365,349,838,877
490,278,408,318,208,278,431,710,880,877
479,352,158,130,99,123,356,356,831,877
368,266,258,198,138,195,360,500,851,877
460,337,450,302,234,356,532,470,898,877
480,265,259,187,129,186,510,459,854,877
417,286,159,119,86,121,341,338,790,878
480,311,279,185,132,208,556,352,825,878
640,376,306,242,160,215,401,600,855,878
708,378,458,342,222,316,497,696,876,878
409,263,172,127,89,127,392,346,835,878
487,313,273,226,162,203,418,442,850,878
318,244,139,111,92,117,342,354,814,878
644,403,345,261,185,255,440,548,859,878
648,397,228,174,115,160,423,429,869,878
222,181,128,102,84,107,258,325,813,878
554,344,284,209,141,194,316,652,849,878
389,296,166,140,112,136,331,344,825,879
654,426,463,366,247,332,547,730,900,879
258,219,117,93,88,110,373,114,622,879
414,270,166,123,88,125,326,335,789,879
393,287,143,110,89,118,343,355,772,879
722,444,339,275,172,227,418,564,846,879
555,419,186,140,116,154,464,362,842,879
622,388,331,248,166,227,455,704,891,879
534,370,242,191,143,186,373,347,852,879
435,303,282,249,186,214,390,524,877,879
334,261,160,111,90,133,321,353,802,879
400,260,306,231,163,225,411,376,853,879
351,205,313,247,158,208,390,663,879,880
280,173,141,100,62,91,341,366,844,880
508,347,306,219,161,242,421,625,771,880
572,325,285,218,143,196,431,587,856,880
280,250,94,64,61,88,344,42,553,880
334,225,200,137,106,158,438,350,836,880
532,382,245,184,147,202,392,337,813,880
387,250,161,122,91,130,412,357,840,880
609,398,221,174,120,159,415,438,842,880
484,346,264,211,151,198,390,347,839,880
565,335,391,299,200,282,440,694,867,880
668,497,155,105,81,126,381,354,839,880
532,313,299,214,144,213,463,496,872,880
503,381,178,136,110,147,367,347,839,880
440,331,262,185,136,199,377,453,853,880
638,427,314,242,175,234,416,635,880,881
300,188,196,134,95,148,331,340,837,881
319,260,202,138,108,166,385,340,840,881
441,291,200,148,102,148,365,347,844,881
327,222,190,148,108,145,343,332,849,881
598,380,294,224,154,214,413,683,870,881
354,218,242,198,141,179,411,344,843,881
636,466,194,154,119,158,388,352,841,881
576,390,224,168,118,165,382,424,833,881
334,273,156,106,87,132,552,2,516,881
560,417,186,142,112,148,381,364,839,881
361,233,223,170,130,174,402,358,839,881
493,321,211,159,114,155,499,342,822,881
562,403,247,200,161,203,422,386,821,881
506,381,133,105,80,105,325,338,792,881
229,165,189,152,111,139,322,346,841,881
640,333,300,227,126,180,542,350,812,881
395,231,312,250,161,211,409,716,870,882
463,318,227,186,138,170,367,509,858,882
698,387,295,196,131,210,487,386,856,882
467,360,169,127,106,142,372,259,807,882
623,440,234,169,124,180,388,333,834,882
444,322,172,147,118,140,440,348,813,882
438,281,204,164,116,150,385,352,860,882
418,246,308,242,166,219,400,657,855,882
674,358,361,251,167,257,478,718,906,882
701,415,374,314,184,230,411,670,877,882
438,363,139,108,95,120,337,182,802,882
421,316,241,201,153,191,380,344,851,882
654,424,291,229,156,204,433,541,850,882
501,282,302,210,133,207,441,691,868,882
295,213,253,184,128,182,324,563,870,883
506,363,206,158,123,166,385,343,821,883
409,317,230,163,131,189,361,403,835,883
569,352,247,193,126,170,427,358,849,883
694,471,210,163,119,157,369,354,831,883
450,309,192,155,118,147,395,375,850,883
359,285,111,77,61,93,393,144,472,883
617,413,219,176,130,167,397,502,838,883
453,289,253,194,145,196,464,534,851,883
506,382,233,170,140,193,387,331,819,884
442,326,203,164,128,165,362,182,761,884
715,476,271,193,134,201,433,597,860,884
302,174,302,219,128,196,409,509,864,884
328,240,197,159,135,164,400,385,835,884
585,420,208,164,129,166,383,348,825,884
508,363,167,118,86,128,367,344,838,884
674,412,272,218,146,192,432,343,870,884
562,346,267,204,131,187,418,461,852,884
504,353,334,246,198,275,490,616,854,884
387,235,302,239,188,246,510,357,838,884
431,270,224,179,135,171,452,372,838,884
387,267,183,156,99,126,391,364,822,885
502,351,205,161,128,167,383,349,840,885
594,449,155,117,93,125,356,354,809,885
717,487,287,207,156,219,425,538,869,885
520,359,135,111,78,100,374,349,826,885
217,157,184,136,101,139,326,353,832,885
584,404,256,210,150,188,377,345,830,885
483,381,209,148,116,169,367,365,829,885
563,368,249,182,132,187,401,333,835,885
603,344,439,338,205,275,487,698,896,886
322,190,287,221,145,202,376,495,857,886
441,288,212,158,117,158,393,401,850,886
714,446,243,188,123,169,418,423,854,886
354,258,170,121,93,135,366,255,807,886
576,291,279,204,149,211,450,757,836,886
321,220,159,117,87,124,361,343,829,886
254,210,163,117,95,134,338,341,770,887
540,383,227,192,148,181,452,350,824,887
437,285,322,256,185,246,388,526,855,887
618,327,346,256,153,227,497,401,849,887
407,284,121,96,72,93,354,350,670,887
362,250,213,175,131,162,394,359,850,887
463,295,315,256,179,236,431,379,864,887
521,344,327,225,147,229,408,547,850,888
358,253,306,210,156,230,399,354,863,888
703,472,334,259,178,234,435,605,869,888
555,319,356,254,173,250,522,345,845,888
550,403,293,204,165,243,390,339,851,888
459,290,186,138,103,141,423,358,823,888
592,386,331,251,181,248,493,710,884,888
426,296,211,167,116,151,396,343,848,888
694,409,392,298,195,272,458,698,865,888
329,207,254,205,147,187,453,338,850,888
520,396,210,150,114,168,389,350,839,888
451,243,423,351,224,277,450,658,875,888
288,222,194,136,102,151,356,342,833,888
365,335,141,103,98,134,373,78,757,889
713,385,494,375,190,269,435,1023,905,889
567,301,388,284,182,258,446,684,893,889
267,206,162,120,94,134,335,263,792,889
523,319,218,160,103,152,382,341,842,889
413,254,385,254,160,264,528,687,880,889
654,459,258,203,143,198,402,348,852,889
528,315,130,102,73,95,363,702,506,889
656,338,464,324,202,315,469,625,878,889
388,300,111,76,61,91,291,328,668,889
248,179,164,121,88,125,344,357,782,889
442,257,280,214,150,199,422,565,885,889
426,349,141,106,89,120,370,344,817,890
386,222,308,247,172,227,422,384,850,890
685,412,422,294,196,299,435,632,877,890
547,389,252,187,135,187,439,340,835,890
297,224,201,159,118,157,322,387,839,890
595,392,282,204,147,213,533,479,847,890
591,406,262,168,119,199,364,340,828,890
637,411,201,153,104,143,395,364,845,890
549,340,279,200,130,198,434,425,839,890
377,241,296,230,176,231,505,348,836,890
675,489,207,166,130,167,383,492,845,890
602,406,322,232,168,243,501,390,859,890
306,239,207,145,116,172,492,340,831,891
611,430,356,298,217,267,439,714,874,891
314,229,180,142,114,148,347,346,846,891
445,332,184,141,110,145,420,347,802,891
439,279,246,184,132,180,411,365,845,891
331,253,177,125,94,143,364,353,829,891
449,265,364,254,169,255,428,563,866,891
653,439,215,175,124,157,411,354,857,891
335,225,148,113,86,117,373,344,832,891
644,438,257,199,136,180,508,336,831,891
438,334,252,203,157,199,389,337,844,892
557,350,303,220,149,213,405,548,851,892
652,409,264,201,140,191,408,555,858,892
628,438,314,237,162,226,416,635,870,892
707,412,332,255,157,217,438,626,880,892
478,290,274,197,127,185,480,472,858,892
415,325,171,131,104,134,341,332,853,892
610,449,199,158,127,162,403,356,845,892
535,377,305,199,134,222,411,395,840,892
464,322,217,169,121,166,395,335,847,892
501,340,254,184,136,195,413,501,858,892
273,159,235,179,125,171,426,377,848,892
510,356,257,176,137,209,393,345,843,892
656,418,465,340,225,323,430,654,878,893
207,156,160,130,103,127,285,335,837,893
243,180,182,159,131,151,339,332,829,893
323,220,232,160,121,183,455,344,845,893
608,415,289,199,147,227,414,424,847,893
427,256,276,219,146,193,420,508,860,893
605,373,435,301,200,312,506,688,876,893
634,470,154,122,98,128,401,354,692,893
489,361,211,164,131,172,383,461,858,893
607,427,326,248,186,251,379,677,877,894
325,230,166,141,109,133,350,338,834,894
372,265,194,136,106,155,354,334,842,894
319,177,316,232,146,207,339,669,872,894
555,389,217,180,136,168,398,410,836,894
706,487,264,211,156,197,400,330,860,894
454,359,124,100,84,106,338,233,796,894
310,247,227,169,136,185,354,377,848,894
596,354,267,195,121,176,405,547,859,894
503,280,373,282,185,263,402,673,885,894
414,313,226,179,139,175,344,391,836,894
436,322,192,141,118,160,388,382,827,894
396,270,327,215,146,238,399,418,850,894
723,466,342,238,154,242,453,582,857,894
408,280,179,131,95,134,377,362,836,895
412,271,276,194,133,198,506,357,815,895
399,331,138,111,92,116,321,346,830,895
542,395,181,143,109,142,387,358,843,895
662,412,499,373,238,330,429,1023,914,895
525,411,141,122,103,121,346,352,820,895
605,380,216,167,112,155,496,455,835,895
680,474,261,221,164,202,412,462,849,895
495,327,241,189,131,178,387,335,840,895
648,369,263,202,120,169,557,354,844,895
676,421,203,151,114,157,490,359,838,895
478,327,232,186,138,175,375,358,844,895
562,319,366,264,165,243,445,633,865,895
479,361,177,131,103,143,376,352,828,896
444,298,297,210,131,196,485,102,454,896
553,409,149,116,89,121,372,354,794,896
574,404,299,235,169,224,405,623,867,896
683,428,486,351,228,345,449,629,870,896
466,346,206,142,113,171,366,339,822,896
674,485,215,152,115,169,380,334,850,896
583,389,253,197,133,175,411,361,868,896
483,262,278,213,125,177,450,498,876,896
681,497,141,112,86,112,409,370,752,896
246,170,229,176,125,169,289,488,847,896
589,434,152,111,80,114,372,1,210,896
583,338,237,185,127,169,489,393,845,896
482,289,310,245,158,215,406,521,861,896
316,237,196,165,131,155,338,335,821,896
467,327,162,114,86,129,362,344,822,896
465,325,181,136,101,139,458,365,844,896
443,364,133,97,83,115,342,358,795,896
329,287,164,118,109,150,399,1,222,897
323,227,183,149,105,134,336,323,832,897
249,180,190,153,121,151,311,425,842,897
488,315,329,244,173,238,434,606,855,897
510,330,474,379,276,360,521,337,808,897
355,215,274,208,143,199,403,554,852,897
399,274,168,132,101,131,361,357,831,897
665,343,574,382,215,340,546,1023,915,897
402,278,188,129,98,152,347,353,836,897
300,213,215,150,120,181,381,1,224,897
685,427,296,204,148,224,427,556,859,897
571,420,138,124,95,107,367,345,782,897
414,305,174,150,120,144,370,330,793,897
471,349,189,141,110,153,380,344,820,898
647,408,412,312,201,277,568,684,898,898
428,314,237,170,132,188,394,387,850,898
265,224,124,81,74,114,360,38,524,898
477,315,244,176,122,182,412,343,827,898
237,195,190,165,127,152,292,315,833,898
495,264,409,336,190,249,387,667,872,898
391,284,155,128,95,118,356,213,816,898
543,326,334,249,162,233,422,639,885,898
459,322,157,121,89,122,360,354,823,898
712,445,308,238,161,224,426,689,869,898
724,412,578,417,216,332,513,1023,922,898
512,322,173,126,86,126,350,337,827,898
425,296,130,96,72,100,344,350,814,898
574,417,233,172,127,180,400,332,833,899
515,346,241,165,119,183,386,338,847,899
398,255,282,203,140,205,438,431,864,899
376,290,203,140,106,162,366,322,838,899
368,256,344,237,166,252,394,581,875,899
492,365,226,165,130,181,406,377,859,899
421,317,203,144,106,157,375,325,827,899
645,352,312,242,121,175,422,652,884,899
348,214,289,215,143,208,404,356,837,899
680,465,240,170,127,188,415,376,860,899
531,293,298,223,163,224,489,674,859,900
452,325,242,201,140,179,386,575,858,900
442,306,412,306,208,296,453,748,892,900
536,363,243,196,138,179,409,355,843,900
278,157,241,178,116,168,430,361,831,900
448,276,341,300,190,227,400,701,875,900
586,395,124,111,82,93,377,349,641,900
613,449,236,180,138,188,400,341,840,900
584,375,207,147,103,153,443,406,855,900
443,312,262,191,140,196,372,496,870,900
361,192,264,207,123,168,408,612,874,900
270,200,185,148,114,146,337,338,828,900
366,221,320,245,155,219,428,610,871,900
423,308,295,216,163,235,360,425,842,900
587,335,439,301,181,296,465,637,875,900
299,260,145,105,86,121,468,61,346,900
480,379,218,167,135,178,372,390,858,900
319,221,204,148,111,159,393,350,853,900
366,279,148,111,90,122,337,330,836,900
636,410,247,174,124,183,408,406,844,900
681,461,302,216,145,216,439,363,840,901
243,190,239,177,141,196,377,345,831,901
378,282,182,143,108,145,370,341,818,901
479,321,212,162,113,154,376,367,854,901
634,466,216,164,125,173,350,336,817,901
485,306,317,257,184,221,564,346,840,901
319,205,264,213,145,187,332,520,840,901
312,221,172,116,86,132,377,336,832,901
345,271,174,132,108,145,359,352,829,902
451,289,429,325,236,322,500,710,902,902
621,455,116,83,64,94,351,712,442,902
357,247,331,251,173,240,407,543,859,902
401,289,240,171,117,172,352,540,874,902
371,270,177,129,89,128,347,336,867,902
475,353,187,135,110,155,368,355,834,902
318,263,151,110,97,134,362,141,780,903
621,391,277,202,145,206,416,593,866,903
521,400,172,127,112,147,440,363,827,903
244,176,230,198,145,174,309,445,848,903
439,302,241,179,137,186,402,394,843,903
431,270,333,263,164,217,400,525,870,903
552,417,167,119,93,134,357,340,827,903
372,262,233,171,120,175,386,321,842,903
353,280,197,157,128,162,276,445,842,903
426,296,164,138,106,130,376,361,833,903
583,407,312,256,194,243,394,463,841,903
422,224,205,162,113,147,472,368,857,903
460,313,209,159,112,158,403,345,852,903
412,315,294,209,161,229,545,3,671,903
714,385,337,277,164,216,456,692,861,904
636,375,358,281,180,245,465,717,871,904
492,348,276,230,179,220,465,362,854,904
383,268,190,144,107,146,367,370,836,904
268,180,215,163,118,160,482,144,757,904
469,281,222,169,113,157,388,483,844,904
601,434,238,198,159,191,408,356,825,904
593,396,269,204,144,196,407,549,881,904
663,394,289,194,141,217,560,358,860,904
509,247,334,222,141,230,523,483,865,904
398,309,138,109,86,112,317,345,822,904
613,390,392,327,202,253,388,662,882,904
433,233,337,266,164,218,414,691,879,904
497,278,117,79,53,83,419,417,854,904
458,234,306,226,136,193,353,611,866,905
392,300,262,206,158,208,343,513,838,905
707,479,315,244,177,238,465,424,610,905
493,359,178,141,107,142,434,354,830,905
654,390,347,264,166,234,391,717,879,905
474,302,209,167,130,166,459,499,859,905
534,301,330,250,163,229,512,502,867,905
410,249,268,196,127,191,655,0,388,905
423,296,152,118,90,120,345,345,824,905
454,327,242,166,127,191,422,474,833,905
555,382,243,204,147,179,417,346,842,905
436,313,186,137,100,140,387,349,831,905
339,247,112,81,56,83,351,701,495,905
443,314,216,159,128,179,397,346,835,905
699,481,234,197,146,175,403,465,840,906
329,257,229,178,135,182,339,328,840,906
368,185,65,35,95,158,508,60,696,906
691,432,272,222,157,199,412,611,870,906
426,306,324,223,160,244,395,339,848,906
332,179,374,331,202,244,409,582,876,906
345,221,243,177,129,181,387,377,837,906
600,337,359,278,172,246,452,731,884,906
304,202,205,153,116,160,409,413,853,906
710,425,391,275,167,255,441,671,881,907
373,232,342,246,170,249,486,459,848,907
589,322,175,123,73,108,434,682,587,907
509,333,291,232,176,225,392,406,828,907
356,275,208,151,120,170,380,343,844,907
492,340,280,226,150,195,408,328,863,907
390,311,232,181,148,188,337,482,830,907
655,431,278,221,168,213,458,440,866,907
511,382,217,161,127,175,594,2,526,907
531,338,326,248,163,223,454,672,876,908
515,383,140,123,100,114,388,342,818,908
353,269,212,167,136,174,375,330,824,908
607,396,222,174,99,137,431,329,713,908
335,239,337,261,180,241,372,450,859,908
553,416,169,124,104,145,372,347,822,908
541,388,193,152,116,152,433,438,832,908
412,306,166,116,87,132,354,351,840,908
590,364,255,182,123,185,412,578,881,908
381,218,376,287,193,264,439,566,853,908
434,268,226,165,119,170,475,363,843,908
485,360,224,195,149,173,395,335,817,908
465,266,336,249,168,243,431,588,851,909
491,372,124,103,80,99,340,331,797,909
444,319,205,162,137,173,420,352,862,909
363,235,358,276,188,252,401,576,856,909
402,242,247,190,135,185,397,512,836,909
202,174,115,84,70,97,401,41,370,909
599,389,352,260,174,250,441,520,869,909
593,411,262,199,143,196,385,510,854,909
610,384,279,214,140,196,379,536,840,909
681,439,316,251,173,228,430,696,863,910
370,257,145,118,87,112,339,323,811,910
501,371,244,177,138,193,456,498,858,910
492,323,237,184,127,176,401,386,839,910
444,319,148,125,98,119,357,331,781,910
575,432,181,125,97,149,359,349,803,910
433,322,234,201,159,186,460,348,842,910
666,453,233,182,129,170,390,362,831,910
575,390,279,199,151,216,410,436,862,910
653,444,314,239,171,233,440,413,844,910
671,460,309,252,180,234,424,487,867,910
416,287,176,136,101,136,380,337,820,911
475,350,246,176,135,196,276,333,948,911
350,188,413,301,165,244,448,699,907,911
655,395,254,205,142,180,408,658,840,911
441,294,186,144,107,145,367,351,823,911
583,337,421,335,184,253,441,546,848,911
341,244,199,130,97,155,352,342,837,911
595,348,388,242,173,292,514,627,889,911
239,223,138,99,99,135,360,1,196,911
355,251,195,138,106,152,384,340,828,911
508,318,258,203,145,193,402,540,848,911
465,251,277,198,132,195,505,412,866,911
473,301,182,135,92,135,368,344,846,912
715,470,248,207,144,184,414,495,863,912
395,259,211,161,115,153,389,342,838,912
288,224,160,124,99,128,315,407,843,912
282,185,188,143,105,144,369,398,844,912
583,358,273,234,155,196,407,368,865,912
616,422,237,182,122,166,390,502,842,912
719,468,321,221,151,231,430,446,854,912
622,443,211,178,131,162,393,358,846,912
557,356,293,202,127,197,434,386,857,912
654,408,307,250,177,224,480,504,852,912
375,295,137,103,84,112,330,344,830,912
532,357,242,190,133,179,403,550,846,912
726,432,319,230,152,219,447,707,891,912
407,267,202,159,128,160,490,360,836,913
342,204,203,164,106,142,361,337,844,913
429,256,312,226,155,225,403,657,850,913
336,226,137,102,77,107,340,346,812,913
595,430,276,203,145,206,413,291,828,913
310,187,198,150,109,152,402,378,842,913
522,384,339,241,186,269,487,670,877,913
354,167,368,271,151,225,378,679,872,913
361,278,154,112,94,131,345,350,802,913
497,346,205,156,112,153,397,365,856,913
649,440,318,224,155,235,397,368,853,913
186,176,115,86,80,106,479,6,500,913
585,380,287,228,160,203,421,469,862,914
267,201,191,155,122,153,336,339,826,914
592,376,320,237,165,239,433,582,869,914
266,190,292,215,151,212,214,627,856,914
306,214,248,201,155,196,360,439,848,914
660,418,267,201,142,195,434,550,843,914
337,195,198,169,92,120,652,0,152,914
675,373,355,251,113,178,421,689,884,914
581,395,215,160,109,152,424,381,853,914
618,423,305,212,151,225,430,418,850,914
654,450,383,243,173,291,489,355,858,914
602,390,194,149,95,132,414,555,864,914
232,188,141,114,94,116,299,328,803,914
426,310,174,131,103,140,391,360,831,914
656,421,307,216,151,221,391,539,848,914
440,321,277,199,150,218,392,493,841,914
246,159,218,171,117,158,332,333,833,915
385,264,258,189,146,202,390,522,848,915
485,289,332,244,159,227,450,655,870,915
586,375,228,190,142,172,506,349,847,915
708,469,260,227,157,191,411,579,850,915
502,288,290,218,149,212,484,524,869,915
408,284,191,161,123,147,369,372,828,915
486,349,244,186,124,173,388,330,845,915
410,293,239,175,129,181,341,501,857,915
476,355,194,149,117,157,376,348,827,915
442,286,227,142,91,157,385,314,833,915
470,353,216,158,123,171,384,312,817,915
641,499,400,309,262,340,428,354,819,915
396,272,168,140,106,130,419,339,854,915
305,212,226,175,132,177,380,331,852,916
487,281,296,217,148,215,423,662,861,916
647,463,323,244,194,264,514,502,869,916
363,266,172,131,102,140,360,348,830,916
533,338,238,177,128,183,400,526,850,916
398,300,186,151,107,141,351,355,838,916
405,246,318,219,144,220,426,527,857,916
436,255,346,240,156,237,424,624,884,916
286,213,179,142,108,141,345,334,841,916
530,377,116,87,61,85,386,715,452,916
574,363,339,259,171,236,415,355,837,916
381,189,325,237,146,220,428,611,879,916
386,211,365,274,166,237,423,670,891,916
320,208,228,150,104,167,340,519,850,916
523,354,206,160,120,158,398,370,816,916
423,253,363,257,163,250,438,671,869,917
399,268,298,244,187,228,385,489,857,917
407,272,185,141,106,147,376,342,826,917
494,319,225,159,112,167,386,498,851,917
454,206,407,325,174,240,453,707,903,917
535,366,335,257,187,250,424,636,860,917
576,397,188,151,106,138,385,355,824,917
701,472,321,246,178,243,406,441,870,917
272,153,232,188,139,174,469,339,846,917
430,296,188,143,103,144,381,337,843,917
253,212,140,110,94,121,310,339,796,917
650,347,356,262,150,221,669,0,149,917
247,193,166,131,101,133,280,278,825,917
628,443,241,180,139,190,410,427,848,917
397,286,206,153,109,156,387,249,572,918
567,396,277,193,139,211,413,310,824,918
420,311,184,148,113,142,361,347,833,918
701,398,223,184,148,184,517,336,833,918
370,247,262,183,133,200,406,546,851,918
218,179,173,116,90,139,306,239,816,918
198,154,204,133,100,160,342,326,849,918
606,364,409,324,212,285,447,672,867,918
525,293,302,223,143,209,423,689,859,918
579,303,298,225,167,224,518,537,867,918
383,271,130,88,71,107,422,328,600,918
590,366,377,246,150,252,437,583,861,918
396,283,154,110,84,124,358,357,796,918
351,290,202,151,124,171,367,341,824,918
606,370,333,253,177,239,424,661,879,918
620,429,138,109,84,106,441,352,811,919
288,210,158,128,97,121,335,345,838,919
312,223,249,190,137,188,391,373,855,919
313,206,340,232,150,238,421,652,856,919
469,316,240,172,128,189,393,416,856,919
553,315,364,264,169,249,446,593,877,919
545,412,210,170,139,176,383,335,830,919
388,253,270,191,136,203,426,446,858,919
415,288,314,219,154,238,405,542,868,919
501,370,232,187,147,184,410,358,842,919
160,147,103,73,70,99,296,1,212,919
668,453,181,126,90,132,383,362,856,919
638,420,246,208,142,182,404,660,857,919
715,441,258,192,123,178,429,483,858,919
411,338,144,104,87,123,359,305,846,919
345,229,345,262,156,228,417,632,872,919
709,409,538,406,236,329,664,4,606,920
460,347,209,152,122,167,371,351,829,920
314,197,187,138,99,143,379,356,857,920
355,252,115,92,70,90,314,342,742,920
637,441,327,240,180,254,428,497,850,920
342,221,285,203,141,209,381,551,856,920
407,249,218,168,113,151,409,387,847,920
205,186,136,102,86,117,440,59,410,920
443,322,250,181,140,197,386,359,847,920
615,439,223,168,123,168,412,413,837,920
551,374,226,178,128,171,466,351,849,920
496,331,409,274,213,327,539,246,598,920
329,239,177,125,93,137,392,364,839,920
477,373,134,100,81,111,336,353,813,920
401,291,315,230,163,234,474,383,850,920
495,352,249,166,123,192,392,377,852,920
375,233,203,149,107,154,391,354,844,921
427,326,210,155,129,178,464,348,841,921
615,449,177,126,90,134,384,366,843,921
552,379,286,182,133,216,459,381,849,921
349,255,125,97,69,92,621,0,176,921
414,327,141,110,86,113,300,314,705,921
671,368,367,277,150,205,465,695,883,921
369,269,293,213,158,226,540,13,474,921
468,358,205,146,110,160,453,346,843,921
384,225,237,182,116,167,390,484,854,921
280,184,229,181,132,176,391,331,855,921
731,420,449,346,205,289,449,666,887,921
256,175,199,148,103,143,283,474,865,921
649,412,240,176,124,172,417,402,833,921
484,339,246,161,110,184,410,336,864,921
606,405,252,187,140,193,486,354,843,922
518,300,334,272,186,243,433,587,869,922
518,361,209,153,115,163,400,345,858,922
230,170,324,238,164,234,431,519,870,922
376,271,226,161,128,185,404,349,858,922
423,253,291,236,157,205,408,554,858,922
488,297,270,219,151,196,401,463,835,922
462,330,171,140,107,136,363,344,830,922
624,323,463,340,220,308,445,900,924,922
328,283,175,131,122,159,400,2,196,922
478,331,290,209,146,210,370,516,852,922
599,397,226,172,124,171,395,436,843,922
443,313,219,158,131,183,455,347,846,922
463,305,289,219,147,204,336,658,859,922
342,262,226,172,139,184,356,331,826,922
610,409,281,230,162,213,426,559,867,922
581,411,208,144,107,164,397,350,854,923
445,305,215,156,116,161,359,457,879,923
405,266,311,233,152,213,394,492,862,923
428,305,211,172,132,165,398,434,838,923
573,421,278,185,140,219,372,345,844,923
403,258,214,164,143,184,472,350,848,923
490,402,115,80,66,98,310,347,817,924
443,293,346,213,142,251,372,314,834,924
538,331,397,270,196,298,500,636,870,924
499,384,174,150,125,145,423,253,798,924
354,254,234,171,124,178,385,358,850,924
557,384,208,160,121,169,374,358,818,924
455,308,240,189,146,190,365,344,841,924
710,392,394,300,189,258,517,682,900,924
477,250,324,235,135,202,445,722,871,924
705,417,341,249,161,241,426,665,891,925
566,365,238,170,124,181,417,476,849,925
340,256,118,82,68,100,357,275,837,925
523,343,276,197,137,201,418,548,873,925
577,430,164,133,106,133,374,350,828,925
420,290,190,137,106,149,381,451,830,925
543,383,212,167,120,162,395,348,833,925
266,176,250,181,121,181,404,408,839,925
605,394,551,402,249,360,482,895,910,925
655,388,280,227,140,186,406,654,878,925
491,347,223,159,125,182,391,336,835,925
275,202,178,137,102,137,375,352,859,925
268,216,161,126,110,140,503,1,459,925
418,269,401,332,216,276,412,569,888,925
569,384,223,169,125,170,462,363,853,925
421,281,217,178,130,165,380,400,839,925
244,180,192,157,126,160,290,500,852,925
530,375,151,115,83,115,373,353,825,926
456,306,254,170,113,178,387,310,841,926
479,281,269,215,139,182,358,686,872,926
360,238,153,126,98,123,448,343,821,926
513,334,314,221,149,219,410,582,866,926
333,217,160,129,89,117,342,376,846,926
393,195,363,269,145,208,461,519,865,926
365,211,329,271,174,232,411,705,898,926
570,401,229,148,105,169,396,356,831,926
562,341,364,285,183,246,473,702,878,926
382,268,238,189,144,182,437,343,811,926
495,299,308,211,146,221,424,565,876,926
333,272,133,116,97,114,342,243,805,927
569,395,239,193,153,191,484,490,844,927
637,403,344,217,143,250,416,435,851,927
595,394,278,191,137,204,405,389,845,927
289,217,176,143,124,153,419,339,814,927
336,201,324,243,148,207,382,624,866,927
696,488,282,222,164,217,414,534,864,927
507,367,322,229,177,251,522,457,873,928
536,319,281,213,141,198,422,594,862,928
463,323,171,148,119,135,353,339,822,928
625,365,304,235,179,241,502,667,862,928
546,314,381,281,187,273,441,709,892,928
444,234,329,267,170,228,484,615,871,928
667,439,337,245,170,238,416,797,897,928
371,256,214,148,104,160,384,355,846,928
255,190,200,124,93,156,334,331,834,928
537,277,304,250,151,198,473,712,874,928
727,422,353,282,179,243,460,581,866,928
564,352,312,237,186,250,500,509,858,928
532,377,236,165,117,177,377,341,845,928
366,231,220,153,106,161,387,345,860,928
405,312,212,128,98,171,444,342,839,928
630,406,329,276,188,233,439,542,843,929
668,387,297,202,133,207,465,660,868,929
445,320,195,157,125,156,439,337,831,929
181,161,117,82,82,116,331,1,191,929
546,378,188,150,113,145,367,340,834,929
558,377,227,176,126,173,399,388,885,929
540,334,327,244,167,237,399,480,846,929
537,370,212,151,109,161,384,346,865,930
658,427,287,229,166,211,435,553,868,930
602,420,193,133,97,145,445,355,826,930
341,246,298,246,196,248,611,3,159,930
549,386,186,137,102,141,383,357,821,930
695,443,295,210,137,204,393,408,860,930
483,351,246,175,132,197,401,343,835,930
215,160,223,154,97,155,433,3,164,930
537,290,297,234,129,171,566,416,840,930
596,431,229,170,135,187,376,349,821,930
618,366,254,199,118,168,405,384,861,930
390,260,254,194,138,186,409,413,878,930
338,280,271,230,195,230,440,356,829,930
585,314,345,252,157,239,510,645,863,930
689,467,264,207,150,202,437,344,854,930
700,474,226,189,141,172,414,356,859,931
452,270,130,95,68,101,404,352,835,931
652,425,427,299,210,308,562,703,879,931
575,354,233,184,140,178,439,348,837,931
471,250,292,196,123,195,435,591,875,931
277,207,144,107,85,118,341,190,830,931
689,395,447,347,213,297,424,808,887,931
487,357,180,149,114,141,397,350,855,931
523,396,198,137,107,161,358,350,836,931
685,443,286,221,147,202,426,547,871,931
270,197,177,137,103,140,362,309,839,931
653,444,205,150,97,144,471,353,849,931
207,197,148,115,103,133,269,338,840,931
526,350,133,97,65,93,374,700,515,931
441,238,339,241,149,226,440,680,887,932
534,291,371,294,187,251,479,508,888,932
225,171,134,102,79,109,286,347,793,932
353,225,187,147,103,139,342,389,827,932
486,283,328,248,153,217,418,587,870,932
190,150,202,165,129,162,278,339,825,932
392,305,216,157,126,179,382,347,830,932
590,383,239,184,130,178,397,351,847,932
516,389,213,173,133,168,391,422,840,932
532,349,273,204,146,208,355,571,851,933
438,265,326,224,151,231,394,529,857,933
626,400,346,261,184,255,420,657,869,933
621,407,238,181,139,185,498,339,839,933
294,248,112,94,84,100,306,134,781,933
418,271,267,198,137,194,408,412,842,934
275,213,151,124,103,125,333,322,824,934
369,185,318,244,144,197,454,692,872,934
294,226,168,129,95,131,307,350,851,934
529,443,394,277,238,349,474,140,666,934
518,296,378,275,179,265,440,645,856,934
464,340,125,96,71,96,321,442,658,934
536,415,238,169,136,196,374,417,841,934
584,447,160,128,106,133,352,343,838,935
258,167,176,124,88,131,355,369,843,935
492,344,181,142,106,138,361,325,821,935
613,399,230,184,141,184,411,349,832,935
634,394,348,265,163,234,451,690,871,935
348,248,180,145,106,139,356,339,842,935
390,272,206,152,111,158,372,350,835,935
277,181,235,194,132,163,362,476,837,935
632,411,272,216,163,204,424,553,859,935
498,363,114,81,57,83,351,465,435,936
393,295,221,171,139,184,361,336,836,936
266,175,110,83,62,84,313,335,574,936
326,233,195,162,130,159,364,208,800,936
379,231,257,198,131,179,399,583,864,936
694,477,157,135,97,120,379,347,770,936
527,351,328,253,190,249,492,349,842,936
561,432,122,96,75,97,350,356,627,936
382,252,146,112,82,112,348,353,827,936
572,300,312,218,123,176,552,707,840,936
488,251,393,318,191,252,466,673,894,936
326,193,317,234,165,236,367,536,870,936
341,240,205,157,125,168,367,444,856,936
385,299,142,123,104,119,351,354,820,936
494,348,178,133,102,142,430,357,834,936
227,183,190,143,115,159,336,327,835,936
204,134,178,140,98,130,300,337,816,937
400,291,294,228,173,229,398,340,845,937
545,265,474,346,203,278,559,747,905,937
307,213,170,115,84,127,391,352,816,937
558,387,322,218,146,230,428,583,873,937
403,289,184,143,109,143,339,335,840,937
529,324,119,93,61,82,409,510,866,937
569,446,132,111,97,115,359,353,792,937
542,372,210,157,111,157,395,364,844,937
624,418,274,192,138,209,402,375,845,937
457,283,255,191,139,192,444,381,847,937
659,433,250,191,132,181,482,354,846,937
215,193,106,75,65,93,368,1,214,937
637,456,236,180,139,187,449,365,837,937
536,366,243,206,147,180,420,456,838,937
370,216,365,249,152,238,442,573,858,937
509,347,210,154,114,155,400,381,854,938
656,485,312,211,160,246,488,282,812,938
691,472,271,216,155,204,430,433,858,938
414,319,180,157,135,156,347,302,827,938
566,355,253,188,122,178,417,504,859,938
437,344,182,135,111,153,352,362,823,938
493,273,310,239,159,218,429,617,870,938
406,257,233,179,129,173,408,348,866,938
392,278,203,164,124,159,359,337,833,938
553,363,311,233,159,221,405,564,858,938
570,354,285,226,156,206,421,420,853,938
593,363,280,202,139,202,442,477,871,938
452,342,218,143,109,175,375,347,834,939
568,435,220,150,121,181,376,356,836,939
677,387,332,256,169,228,426,644,879,939
424,327,185,143,124,161,423,342,820,939
575,363,299,215,143,215,430,631,867,939
416,283,256,185,138,200,389,384,829,939
551,339,280,206,141,203,413,514,863,939
483,341,212,163,121,165,382,342,841,940
699,448,458,352,218,300,497,679,867,940
509,338,225,176,125,167,376,446,848,940
544,338,124,89,55,82,377,703,430,940
507,366,189,143,103,141,387,349,833,940
248,193,202,149,116,163,397,263,840,940
597,336,435,370,239,291,472,681,881,940
537,382,248,189,140,194,476,166,480,940
550,388,261,213,157,205,405,484,866,940
617,414,188,143,104,142,408,353,846,940
713,423,396,282,176,263,435,586,884,940
459,332,194,134,100,149,385,367,855,940
603,388,336,246,164,232,438,595,862,940
428,285,238,177,129,182,379,484,862,941
414,253,251,180,121,182,388,390,874,941
544,348,299,264,185,214,453,627,859,941
686,425,535,349,235,387,424,618,874,941
522,345,195,159,116,145,379,345,791,941
454,311,181,132,99,141,358,350,842,941
649,456,233,195,150,183,413,402,848,941
424,204,354,281,180,240,453,707,888,941
507,341,284,213,144,204,521,376,846,941
541,384,165,129,98,129,369,347,831,941
481,350,241,176,132,191,357,319,839,942
551,375,236,169,126,186,403,397,855,942
273,241,143,100,93,131,371,1,186,942
680,447,268,220,156,196,423,482,865,942
484,274,284,207,135,199,426,634,878,942
640,439,320,234,154,231,454,370,828,942
559,343,300,235,158,212,399,419,839,942
320,205,314,240,157,217,316,690,890,942
517,335,268,208,131,182,389,540,868,942
395,328,112,82,72,99,390,114,452,942
391,331,175,127,110,152,426,224,747,942
511,301,328,230,148,227,421,528,858,942
375,265,204,169,131,161,377,342,834,942
369,232,243,171,110,165,403,325,864,943
473,261,275,197,143,208,445,638,865,943
491,342,285,221,174,230,370,346,830,943
405,265,317,247,160,217,434,600,868,943
594,403,272,203,147,203,420,486,809,943
734,441,346,234,147,230,456,663,880,943
618,438,221,172,132,177,387,351,824,943
407,287,242,181,137,188,387,365,826,943
418,351,178,139,119,156,386,341,837,943
514,316,309,243,171,225,418,510,833,943
485,335,232,170,120,178,495,344,856,943
568,361,402,292,217,306,511,649,875,944
448,272,347,242,157,239,442,598,862,944
439,299,278,216,161,208,371,468,846,944
306,194,240,195,132,168,273,648,863,944
509,365,196,152,109,149,357,340,830,944
510,395,192,135,110,162,356,339,843,944
385,235,356,269,178,254,420,461,853,944
319,207,210,138,103,163,359,411,842,945
528,298,297,229,140,195,426,544,861,945
356,258,198,157,125,160,380,342,847,945
535,292,333,236,144,219,430,656,888,945
440,206,174,134,67,96,196,1023,515,945
278,200,258,184,134,200,388,331,847,945
314,228,176,131,99,137,366,330,821,945
453,329,176,134,104,140,357,353,830,945
636,440,227,173,133,181,416,392,844,945
343,248,164,146,116,130,347,347,836,946
377,271,199,147,115,162,348,404,831,946
445,291,230,151,104,166,376,356,828,946
693,450,272,213,156,202,416,370,855,946
442,263,300,229,149,211,433,562,855,946
528,367,230,151,102,171,402,338,856,946
673,461,375,275,193,270,419,550,876,946
675,436,301,240,152,202,493,508,859,946
593,417,266,231,170,206,417,500,839,946
393,254,261,187,128,184,408,547,855,947
639,404,360,283,190,252,442,684,874,947
677,397,555,388,210,320,466,1023,911,947
466,361,108,82,66,90,315,344,768,947
326,257,182,150,120,153,350,339,828,947
560,387,295,233,170,225,431,524,871,947
450,285,213,161,119,165,501,343,799,947
478,360,208,152,118,161,362,316,852,947
585,311,436,332,198,263,450,833,891,947
345,219,321,264,180,234,339,689,890,947
331,279,164,126,105,138,312,333,828,947
436,320,200,142,110,160,355,340,829,947
339,225,392,274,183,276,389,604,858,947
498,295,325,235,159,231,458,524,863,947
461,232,403,321,197,274,439,665,885,948
542,380,285,230,183,234,409,618,879,948
387,294,174,130,101,139,330,340,825,948
397,267,249,185,134,186,383,344,828,948
276,208,178,141,103,135,362,341,818,948
680,489,262,201,143,198,411,360,855,949
325,244,191,130,103,156,384,349,827,949
442,295,174,135,99,132,354,341,849,949
463,320,189,138,96,140,359,347,840,949
366,236,302,214,138,213,402,481,859,950
647,389,339,248,156,238,434,615,858,950
395,326,125,100,80,102,316,332,798,950
422,304,233,192,139,176,392,345,856,950
454,248,343,239,148,234,405,697,888,950
208,174,146,103,83,120,398,73,518,950
306,218,209,184,143,165,360,470,846,950
451,277,447,280,162,290,528,530,875,951
331,229,256,176,123,188,386,445,854,951
395,270,222,168,127,171,395,375,838,951
480,302,390,268,171,264,420,572,884,951
553,353,244,188,133,177,473,353,841,951
510,321,340,243,167,247,435,597,859,951
537,386,236,183,139,186,382,455,845,951
639,409,502,359,224,331,414,848,903,951
516,361,199,143,109,159,389,354,806,951
448,239,286,229,150,198,411,502,855,952
706,459,365,294,212,273,427,700,870,952
396,275,208,141,97,152,332,494,853,952
688,442,281,200,139,205,444,529,856,952
631,461,215,153,117,169,390,355,837,952
320,233,168,119,95,137,362,356,826,952
366,222,327,241,156,227,420,548,871,952
516,337,291,220,148,213,426,508,857,952
348,255,205,146,111,162,360,358,821,952
540,365,209,162,117,156,413,348,856,952
484,286,343,277,184,241,444,510,849,952
433,313,224,175,139,187,378,336,820,952
494,309,299,206,130,202,407,580,862,952
696,457,258,184,121,186,418,431,844,952
362,264,181,133,102,144,373,345,853,952
445,296,186,147,110,142,376,368,845,952
693,448,343,224,150,249,427,537,870,953
444,259,340,242,153,227,415,535,840,953
360,230,240,181,127,177,420,338,830,953
682,440,329,243,163,228,423,609,854,953
442,264,340,235,155,239,443,657,846,953
325,171,310,233,139,202,354,704,869,953
317,193,315,220,150,225,414,382,858,953
334,182,281,199,125,192,405,669,861,953
452,323,217,158,124,173,357,339,818,953
459,343,188,134,108,154,486,357,843,953
654,416,374,259,157,239,414,561,866,954
393,272,279,197,138,207,390,538,871,954
312,204,228,159,114,174,391,491,860,954
314,204,303,201,132,212,437,529,864,954
437,305,203,145,119,167,479,360,852,954
226,173,187,132,103,151,315,351,824,954
337,266,170,114,89,140,333,328,801,954
452,232,369,269,166,238,490,707,898,954
460,292,284,196,140,216,410,463,859,954
620,429,195,142,108,149,389,361,811,954
392,284,209,152,119,166,379,343,844,954
586,358,196,144,98,141,417,345,839,955
677,423,263,224,153,193,454,567,826,955
300,225,214,152,111,162,491,6,445,955
580,374,310,249,176,224,476,546,856,955
532,256,330,232,129,196,431,661,885,955
391,251,257,179,124,186,416,359,858,955
386,242,252,196,138,186,377,530,852,955
637,397,480,353,233,332,437,655,850,955
435,290,244,182,131,183,382,500,839,955
490,248,349,255,152,222,418,703,860,955
481,298,219,164,114,163,408,438,865,955
561,402,195,161,120,153,373,350,843,956
309,164,304,234,136,187,395,547,883,956
687,441,263,200,135,190,500,435,844,956
586,371,350,261,174,251,433,523,860,956
358,217,292,193,128,205,404,468,860,956
506,350,238,186,137,182,404,405,836,956
269,203,189,134,100,148,332,338,839,956
673,404,277,208,126,182,443,645,861,956
435,310,221,161,115,163,368,350,841,956
448,259,424,310,176,272,478,561,584,957
536,371,267,206,147,206,397,363,780,957
268,176,186,131,89,134,412,393,844,957
580,331,432,300,213,323,507,735,884,957
525,341,213,168,121,160,386,357,832,957
145,137,105,72,73,107,388,1,185,957
370,290,160,128,103,134,330,309,813,957
360,270,168,132,105,135,321,346,824,957
693,470,248,182,140,194,463,355,836,958
555,376,250,209,149,186,421,482,850,958
320,204,246,181,122,176,507,366,847,958
644,445,216,161,113,162,392,350,852,958
338,247,196,149,117,157,384,349,822,958
533,389,308,244,169,224,551,4,491,958
709,467,282,219,148,202,429,625,869,958
507,336,293,239,149,200,325,634,882,958
716,445,343,226,162,259,499,600,867,958
536,298,332,225,128,207,559,371,826,958
689,418,329,249,173,240,442,666,882,958
583,400,252,197,144,195,479,345,853,958
561,413,201,134,99,156,354,341,828,959
304,216,189,148,101,134,331,335,843,959
490,352,201,169,130,160,377,361,849,959
655,444,259,209,150,196,391,552,852,959
221,169,109,85,67,86,222,347,703,959
658,406,266,205,135,187,475,421,863,959
313,231,126,104,79,100,352,197,806,959
438,280,224,166,119,168,437,338,832,959
441,326,230,182,132,172,408,375,846,959
621,317,509,386,164,230,528,773,890,959
407,279,198,151,119,159,357,335,831,959
369,211,367,268,168,243,456,712,886,959
578,339,316,244,164,222,446,525,868,959
445,338,176,129,97,140,337,349,817,959
406,276,245,180,129,182,387,428,853,960
498,313,346,276,191,250,473,471,873,960
450,321,177,133,102,142,373,360,829,960
607,429,211,185,140,165,401,324,830,960
529,336,211,162,117,159,483,297,817,960
297,256,98,73,65,87,327,1,240,960
400,234,299,206,144,220,519,390,860,960
517,368,194,142,106,150,364,350,851,960
532,382,481,363,228,325,525,548,864,960
254,196,133,109,81,103,277,338,754,960
327,231,192,138,104,150,349,339,836,960
615,347,292,222,143,201,415,655,871,961
323,216,165,122,79,110,337,672,458,961
680,435,335,224,153,240,427,541,875,961
568,355,282,232,166,206,404,582,863,961
635,399,373,255,172,262,428,569,865,961
601,367,352,270,171,239,434,522,853,961
465,315,202,159,115,154,460,141,505,961
431,319,170,138,106,136,366,351,828,961
478,313,317,240,164,233,425,444,864,961
502,370,162,115,94,133,361,367,817,961
635,438,245,167,120,186,406,359,846,961
625,336,321,227,123,190,427,396,857,961
407,286,202,155,121,160,384,346,807,961
279,227,192,148,118,153,360,342,854,961
625,469,201,145,111,161,354,319,855,962
730,483,335,263,180,236,506,498,854,962
528,354,335,272,195,257,397,435,847,962
374,245,250,163,112,186,372,506,855,962
559,402,140,115,85,108,385,358,802,962
314,231,197,159,116,156,337,352,839,962
322,205,269,219,141,184,322,669,847,962
587,400,178,131,88,128,398,361,843,962
359,251,257,201,141,186,485,357,831,962
380,274,156,120,93,123,372,343,861,963
462,292,205,153,122,162,491,348,838,963
643,358,333,240,120,198,438,566,842,963
627,450,252,194,139,187,558,356,841,963
516,290,345,252,168,250,413,649,880,963
450,330,191,142,115,158,356,351,844,964
534,319,302,207,130,204,424,675,874,964
409,232,327,232,142,217,411,570,863,964
419,290,278,220,169,220,410,511,837,964
344,222,248,169,115,178,463,485,859,964
368,301,200,145,117,167,406,344,827,964
402,261,285,206,140,207,408,627,862,964
422,295,185,159,124,147,478,339,820,964
297,215,198,185,151,166,356,316,816,964
583,341,443,347,200,271,523,1023,906,964
332,243,194,138,111,156,454,510,849,964
728,487,296,240,176,224,432,410,862,964
251,171,186,148,107,137,297,376,844,964
513,390,218,155,120,173,391,366,844,965
707,472,294,253,177,222,421,425,850,965
556,383,221,176,131,170,368,345,837,965
456,239,376,287,175,244,452,566,869,965
456,301,202,153,108,148,374,348,844,965
344,179,295,230,144,196,478,527,872,965
397,253,186,148,106,136,390,357,861,965
614,334,295,236,154,205,434,646,877,965
386,292,195,173,135,157,352,337,829,965
490,285,120,94,63,83,334,716,375,965
347,200,402,301,190,266,432,665,871,965
297,188,153,124,87,112,370,356,826,966
556,362,315,234,161,220,403,534,855,966
397,300,128,98,80,106,353,335,796,966
602,374,216,164,134,184,510,359,854,966
478,261,335,242,164,242,450,701,884,966
335,249,245,183,151,200,411,391,827,966
481,340,173,126,94,135,372,331,823,966
299,217,196,143,112,159,364,361,831,966
438,271,369,262,173,260,453,531,885,966
615,409,300,231,166,225,436,541,860,966
438,298,282,216,153,211,417,625,865,967
657,476,213,161,126,169,408,363,863,967
506,311,208,158,113,150,496,360,850,967
461,279,323,222,143,226,442,649,888,967
495,292,285,187,111,183,408,396,863,967
609,350,402,286,184,272,463,697,872,967
570,403,217,165,118,159,396,351,840,967
463,319,288,207,149,221,420,693,873,967
533,395,204,171,138,167,375,327,833,967
249,193,218,178,136,170,357,343,849,967
538,322,335,248,169,243,489,695,873,968
423,332,199,145,109,157,341,331,851,968
378,272,257,195,143,194,382,350,837,968
566,377,267,202,140,194,397,637,845,968
599,322,365,301,192,247,446,693,880,968
503,336,207,153,118,164,362,382,839,968
428,270,223,153,105,165,396,433,831,968
634,452,157,119,87,122,371,348,844,968
285,237,143,107,87,119,286,318,801,968
255,236,95,63,61,92,373,64,353,968
446,264,231,192,133,169,404,570,855,968
352,241,175,132,97,134,367,352,865,968
639,425,283,223,154,205,428,413,855,968
416,313,166,144,116,134,374,347,823,968
628,449,194,157,119,153,402,348,842,969
508,351,283,241,164,203,458,568,852,969
405,255,219,159,110,160,377,337,862,969
627,416,157,126,88,114,354,350,804,969
302,241,214,157,119,162,310,340,826,969
488,253,384,287,180,258,508,666,863,969
448,340,272,195,148,213,391,331,839,969
502,303,280,210,145,201,398,703,871,970
447,249,381,287,194,271,422,677,889,970
179,146,144,123,106,126,450,3,438,970
439,286,328,228,145,222,426,530,851,970
482,344,256,183,133,191,387,346,838,970
462,286,282,218,171,228,454,594,857,970
542,409,219,152,116,172,387,342,844,970
454,329,151,122,100,126,354,351,822,970
628,420,251,165,117,188,398,417,853,970
715,455,449,335,229,331,473,848,900,970
548,328,282,229,150,198,424,564,866,970
596,341,285,208,128,196,421,506,848,970
400,327,241,208,178,205,416,342,828,971
296,182,229,175,124,169,352,503,863,971
540,346,269,211,148,199,434,373,856,971
564,390,237,169,125,186,415,370,842,971
254,187,180,123,94,142,350,352,844,971
470,274,296,219,141,204,413,638,886,971
283,190,216,164,109,154,351,354,818,971
691,418,361,279,168,240,427,654,877,972
432,308,157,124,89,123,381,339,814,972
354,235,221,168,122,169,371,320,833,972
644,427,283,233,145,196,447,543,862,972
653,388,350,262,156,230,424,543,860,972
499,301,413,307,196,286,449,672,873,972
392,269,244,179,123,183,393,342,853,972
477,320,232,187,126,167,402,457,854,972
501,326,328,227,161,248,425,667,856,972
597,399,195,144,102,146,376,452,838,972
634,454,177,141,104,139,383,349,838,973
645,473,247,174,134,197,391,346,854,973
608,431,183,143,108,141,448,359,822,973
630,389,379,270,183,264,555,689,877,973
294,162,344,256,149,215,372,650,889,973
387,314,316,246,204,266,490,13,592,973
265,192,166,143,112,130,340,341,836,973
492,248,322,260,169,216,519,692,878,973
392,239,251,201,137,176,422,373,856,973
449,310,322,233,165,241,403,571,861,974
546,390,188,152,116,148,362,374,839,974
390,245,228,165,107,148,442,375,850,974
625,430,306,237,179,234,401,498,841,974
438,304,194,125,85,140,381,306,822,974
490,344,192,149,112,150,385,356,848,974
322,198,229,178,126,164,378,357,851,974
671,346,482,320,163,273,356,999,906,974
688,446,262,193,131,187,415,495,853,974
314,220,249,193,136,187,282,559,853,975
499,306,278,214,156,208,447,536,866,975
338,230,183,133,100,146,363,352,844,975
546,353,198,148,110,150,506,343,832,975
702,458,377,283,185,257,495,698,869,975
295,214,148,122,98,120,342,338,809,975
574,375,381,285,196,286,389,613,855,975
515,330,232,199,145,169,387,341,835,975
650,384,166,130,89,121,438,693,424,975
562,328,441,328,198,290,546,477,887,975
508,361,461,332,244,349,454,664,896,975
591,395,338,258,184,259,443,465,857,975
523,292,255,205,138,178,421,559,846,976
370,197,333,264,169,226,483,660,855,976
376,278,247,194,141,185,337,407,843,976
328,203,249,182,131,187,397,462,848,976
322,177,292,218,136,193,420,418,843,976
458,279,224,169,115,161,365,583,862,976
491,398,148,107,89,126,316,340,812,976
700,376,442,366,217,286,473,697,895,976
282,190,330,241,147,214,427,686,883,976
361,227,235,180,124,175,408,440,859,976
600,413,288,207,152,224,425,509,843,977
359,212,205,141,89,140,444,635,882,977
600,334,379,291,181,248,459,698,880,977
667,427,271,219,147,190,428,609,865,977
540,305,336,219,131,226,448,659,867,977
512,350,229,175,122,169,394,343,842,977
691,460,312,229,157,220,404,364,859,977
374,242,298,236,164,216,402,607,887,977
527,377,187,132,101,147,364,336,837,977
463,372,185,138,116,157,309,309,808,977
681,426,295,220,139,192,415,402,875,977
500,349,265,196,135,193,399,391,847,978
375,266,232,146,100,170,397,353,849,978
292,240,123,86,70,102,439,2,415,978
587,358,149,109,67,99,362,681,460,978
235,134,260,203,128,173,330,579,853,978
284,222,156,109,88,129,325,202,767,978
287,162,220,171,105,142,457,363,821,979
483,380,287,204,177,250,413,195,820,979
270,213,180,120,104,154,416,357,835,979
519,320,320,241,167,238,420,625,861,979
628,413,436,318,205,300,461,1023,884,979
347,212,325,238,159,229,414,473,864,979
603,448,219,156,122,174,381,351,844,979
307,225,174,133,109,143,355,336,825,979
608,429,192,149,113,150,410,458,813,979
582,431,236,171,120,177,459,358,843,979
682,392,331,246,140,210,459,706,859,979
293,170,240,191,128,163,451,568,850,979
666,448,256,199,135,182,387,611,852,979
676,440,186,132,90,132,394,347,836,979
579,443,192,140,110,159,377,361,830,979
343,207,270,190,130,197,400,349,863,979
553,303,288,238,150,197,495,504,855,980
605,386,297,214,149,213,416,439,865,980
460,331,198,153,112,152,369,333,835,980
431,347,266,218,171,217,400,337,831,980
362,228,175,128,87,126,360,480,841,980
604,446,176,129,99,140,382,333,840,980
498,393,168,108,86,138,340,334,771,980
515,379,191,154,123,156,379,499,871,980
572,431,188,140,109,150,371,340,819,980
325,204,207,164,115,151,370,338,842,980
444,283,242,187,129,181,452,362,850,980
496,312,278,203,143,209,387,573,840,980
375,278,200,143,109,157,373,343,826,980
674,385,427,322,192,269,464,777,891,980
475,230,197,119,158,237,580,143,752,980
460,286,287,221,148,203,402,506,855,980
378,244,296,228,158,216,435,348,848,980
517,368,220,161,123,171,369,356,842,980
401,265,189,141,108,149,366,373,847,980
566,421,182,122,94,147,363,336,837,981
699,394,361,243,142,226,440,477,859,981
700,475,299,192,137,226,415,549,868,981
459,302,259,199,140,186,382,456,867,981
458,328,242,186,156,206,505,431,848,981
367,246,232,169,118,168,403,349,829,981
414,307,177,127,99,145,352,352,843,982
504,307,371,254,164,254,431,649,887,982
529,354,218,178,131,165,382,489,850,982
475,343,288,223,162,215,320,527,858,982
361,174,351,317,184,197,486,1,151,982
529,396,232,162,126,185,356,387,845,982
364,211,271,192,133,199,420,376,855,982
490,330,116,81,57,88,347,707,415,982
589,427,255,206,156,199,482,355,845,982
612,473,149,119,97,124,368,341,807,982
362,241,238,172,124,183,384,348,852,982
249,161,282,217,144,191,232,652,851,982
408,274,227,184,123,163,274,587,850,982
428,291,218,163,117,163,383,348,847,983
468,349,182,130,104,149,373,350,857,983
360,272,162,122,100,134,353,355,799,983
235,158,235,174,123,176,306,553,852,983
347,252,181,147,115,144,336,343,829,983
657,381,378,270,182,269,436,678,903,983
706,484,287,208,151,218,414,458,853,983
698,483,223,156,117,176,406,353,873,983
439,340,216,170,126,163,360,398,860,983
516,356,273,204,155,217,393,335,847,983
657,486,197,149,112,154,387,351,839,983
629,383,309,249,171,219,444,543,882,983
555,330,471,335,201,305,455,660,878,983
488,366,191,144,116,154,383,344,829,983
391,287,279,187,134,206,394,357,845,983
397,293,176,134,108,147,309,314,826,983
200,145,127,93,75,107,391,2,193,984
611,405,198,163,116,147,435,484,849,984
442,249,305,237,152,213,455,702,882,984
471,293,385,273,191,287,431,550,867,984
476,354,179,132,103,145,357,340,830,984
292,191,227,158,106,163,352,373,846,984
358,278,218,170,139,178,343,430,816,984
525,328,263,176,109,177,413,429,853,984
342,250,183,140,108,147,357,345,802,984
265,194,131,99,75,102,283,339,727,984
621,402,352,251,155,242,420,561,855,985
325,213,236,172,122,175,311,507,849,985
420,299,214,166,131,170,386,383,847,985
372,210,244,182,120,169,411,366,849,985
519,394,170,141,111,135,391,338,811,985
488,287,292,211,150,216,537,535,862,985
481,314,165,125,85,121,402,350,839,985
403,286,130,110,88,102,344,338,835,985
508,334,342,268,194,256,493,445,851,986
660,443,258,209,158,200,421,464,857,986
426,218,411,291,161,241,528,690,893,987
224,170,146,127,98,114,540,1,477,987
413,306,208,162,141,182,387,364,830,987
293,195,220,161,104,150,388,336,833,987
675,448,359,277,201,275,481,692,895,987
636,415,393,282,195,288,443,492,874,987
436,256,313,239,151,209,398,668,876,988
283,221,204,147,120,170,353,322,826,988
446,265,251,195,137,185,388,555,867,988
495,306,232,175,123,172,378,520,863,988
611,451,193,155,127,160,400,366,830,988
385,240,265,185,130,192,404,565,865,988
589,399,193,144,103,147,392,360,704,988
586,374,310,251,157,216,425,536,860,988
642,454,190,142,109,152,403,341,838,988
626,390,373,295,178,252,431,624,880,988
202,189,284,219,202,258,395,7,395,989
495,339,212,172,133,166,371,338,833,989
518,290,375,292,187,252,424,639,881,989
590,431,263,207,164,215,401,433,842,989
285,215,222,159,125,180,387,348,844,989
556,426,207,161,132,172,365,350,841,989
374,205,298,231,140,194,343,687,878,989
675,451,238,188,126,167,490,361,819,989
455,287,229,174,130,176,443,467,842,989
655,424,258,191,130,182,429,589,882,989
259,178,185,141,102,139,454,357,844,989
590,454,152,129,106,126,358,343,811,989
393,266,194,141,102,151,456,371,834,989
301,223,167,120,95,135,366,359,842,990
413,214,395,301,175,244,470,690,901,990
561,378,260,215,145,190,416,396,864,990
647,387,296,218,147,210,414,623,875,990
484,382,175,131,107,144,333,320,812,990
577,350,256,170,129,200,505,439,861,990
675,497,264,189,139,203,416,388,876,990
410,302,163,127,106,137,451,342,824,990
558,407,215,163,123,166,391,358,865,990
418,306,221,173,136,178,369,368,830,990
341,258,157,124,101,128,360,329,840,990
539,382,228,188,142,184,391,352,836,991
363,266,189,137,102,142,313,370,809,991
183,174,91,61,60,88,326,1,205,991
623,412,276,221,155,203,435,353,853,991
482,276,302,235,156,215,423,582,864,991
429,335,273,233,187,220,331,591,859,991
615,467,170,132,107,138,378,347,860,992
219,191,104,78,67,91,311,179,771,992
433,300,202,165,115,146,368,390,852,992
512,334,208,160,113,158,412,358,843,992
428,239,409,303,193,270,453,678,892,992
564,282,308,245,148,200,476,677,879,992
504,292,338,265,176,239,441,630,873,992
458,270,384,289,184,266,455,694,882,992
293,175,334,250,150,219,423,648,885,992
622,419,216,183,135,165,445,392,833,992
378,228,201,139,91,137,392,351,859,992
420,359,111,80,71,99,295,348,808,992
381,253,219,199,159,179,455,347,821,992
459,321,217,166,126,170,407,353,852,992
436,230,389,289,168,245,443,651,887,993
697,403,413,290,186,288,477,715,853,993
400,228,271,216,142,189,369,636,862,993
581,393,187,140,95,132,430,350,825,993
603,402,308,235,197,258,549,597,861,993
455,314,263,182,132,201,399,343,849,993
421,278,304,238,175,231,421,650,881,993
312,221,204,134,108,169,455,336,826,993
530,298,340,246,157,237,431,697,871,993
419,267,275,218,156,202,397,496,865,993
442,341,110,74,55,88,306,341,785,994
413,274,286,205,150,216,489,533,860,994
393,280,196,147,116,157,364,340,820,994
647,426,300,224,164,230,443,576,865,994
304,201,281,200,136,204,384,393,846,994
398,282,277,201,148,213,512,474,846,994
486,381,210,162,130,170,383,338,839,994
418,341,165,133,113,141,346,355,777,994
412,332,113,88,73,94,343,360,331,994
713,477,308,223,158,229,424,549,852,994
636,483,301,204,162,245,491,575,858,994
342,272,160,135,105,127,371,339,812,994
547,403,141,108,84,113,337,329,732,995
480,301,260,182,121,183,397,444,857,995
316,185,151,111,76,109,388,257,825,995
531,394,200,171,128,155,397,343,837,995
368,256,240,173,123,176,354,319,841,995
205,135,186,147,102,137,306,385,832,995
349,220,299,237,167,215,329,520,867,995
265,228,130,81,70,115,376,3,327,995
591,399,219,161,115,165,385,364,823,995
632,322,361,251,151,241,524,562,854,995
416,283,191,156,116,142,354,336,845,996
458,338,212,166,124,161,396,345,827,996
500,331,195,165,117,144,373,328,823,996
323,202,263,198,129,182,401,442,855,996
475,388,152,116,103,135,333,345,837,996
442,321,156,116,87,120,526,2,525,996
234,166,139,102,79,112,313,351,841,997
709,395,502,366,218,325,477,878,914,997
571,359,323,246,147,206,531,354,879,997
672,429,287,228,162,214,426,504,858,997
647,372,319,255,160,208,440,693,885,997
429,281,254,190,138,191,387,366,841,997
426,255,302,213,145,220,411,498,870,997
546,414,154,131,105,126,360,351,763,997
504,285,126,100,71,87,398,341,662,997
452,354,166,120,93,134,351,352,819,997
511,328,286,208,146,208,410,440,848,997
449,303,290,201,146,217,395,466,848,997
368,276,219,154,120,174,354,357,831,997
502,352,251,184,135,196,388,492,865,997
632,378,226,150,90,145,518,180,742,998
425,290,199,154,114,154,408,354,869,998
637,340,403,303,163,231,547,551,869,998
387,260,235,178,125,174,404,350,847,998
590,403,230,185,137,177,496,413,845,998
545,304,379,293,174,247,445,705,882,998
655,447,283,242,171,212,415,423,839,998
347,252,169,116,91,139,354,350,818,998
465,368,193,142,124,170,375,273,800,998
425,242,379,259,183,277,519,486,860,998
631,466,251,178,135,196,396,348,821,998
535,351,183,148,108,138,383,342,838,998
508,363,272,199,161,232,459,350,851,998
329,226,154,124,101,126,341,334,818,998
610,416,254,190,135,193,418,440,848,999
524,398,199,150,121,164,374,344,846,999
275,250,209,145,132,191,428,76,353,999
671,467,255,194,145,194,394,416,854,999
442,265,159,107,77,117,408,427,849,999
364,288,166,141,118,140,394,346,823,999
423,256,317,221,138,211,556,664,862,999
600,415,177,141,97,132,384,353,841,999
220,194,137,106,94,121,313,167,808,999
458,252,360,279,166,235,431,655,865,999
470,358,216,171,140,180,360,337,839,999
483,300,261,220,160,199,383,579,847,1000
405,267,254,199,143,191,399,453,850,1000
421,245,384,311,200,266,447,643,864,1000
593,356,263,208,152,205,517,356,836,1000
538,364,264,207,152,197,442,601,848,1000
236,187,180,138,109,146,306,330,849,1000
327,186,218,172,115,152,257,728,853,1000
337,284,100,73,61,84,299,351,610,1000
449,322,267,198,147,209,404,372,844,1000
692,444,293,201,138,214,432,645,862,1000
441,313,155,113,87,122,372,350,821,1000
667,434,295,230,157,210,490,400,842,1000
389,243,329,255,173,228,413,691,869,1000
730,443,597,409,230,371,487,988,908,1000
556,386,249,199,145,187,467,378,849,1001
423,316,232,170,132,183,375,356,845,1001
543,330,308,233,163,226,420,675,876,1001
702,399,358,259,186,277,457,700,891,1001
379,299,118,92,75,99,312,353,707,1001
362,250,198,156,114,154,313,542,847,1001
447,352,141,116,94,116,330,349,828,1001
341,250,142,118,93,114,350,359,824,1001
629,418,214,165,115,155,410,372,837,1002
620,341,409,291,176,275,467,714,878,1002
693,455,262,195,129,181,391,367,830,1002
493,381,167,117,96,139,415,345,837,1002
655,430,264,200,151,205,434,502,847,1002
379,272,136,108,88,112,367,322,794,1002
613,346,333,253,134,192,444,679,874,1002
262,191,169,125,97,134,412,252,742,1002
479,300,322,220,152,230,468,519,852,1002
406,249,309,226,154,219,421,571,866,1002
492,313,340,260,168,241,422,680,869,1002
301,220,217,152,111,166,388,356,840,1002
734,471,284,217,154,212,443,371,868,1002
625,431,231,174,135,184,397,488,839,1003
224,150,260,207,137,179,290,597,861,1003
686,443,319,243,170,235,409,636,866,1003
672,454,302,240,167,222,422,626,865,1003
284,181,193,132,88,136,351,347,840,1003
495,347,218,178,126,165,353,347,846,1003
591,376,217,167,119,164,414,500,842,1003
514,283,341,270,178,236,498,702,893,1004
322,222,255,181,129,189,580,12,511,1004
598,425,231,180,126,172,407,469,848,1004
548,354,335,255,178,247,425,640,863,1004
568,372,255,199,147,194,400,543,853,1004
691,386,422,307,199,287,453,981,908,1004
278,207,237,156,119,187,381,340,854,1004
609,392,248,169,119,183,416,494,858,1004
585,461,183,126,104,154,377,342,833,1004
538,261,555,395,197,310,516,691,913,1004
451,321,170,127,92,127,352,356,806,1004
208,143,174,133,92,128,319,334,833,1004
438,278,273,197,140,207,421,567,872,1004
470,284,293,226,149,206,419,636,860,1005
726,484,255,176,123,192,405,406,850,1005
445,345,166,125,98,134,335,322,845,1005
542,305,304,220,144,214,409,616,877,1005
614,407,271,208,145,200,393,462,842,1005
377,249,148,118,80,106,343,344,814,1005
595,378,270,224,158,202,417,568,867,1005
608,348,413,332,202,277,453,679,897,1005
383,252,210,152,105,155,377,343,833,1005
415,330,123,103,81,99,326,341,728,1005
533,299,218,167,100,141,581,1,179,1005
347,243,163,127,98,132,364,347,811,1006
248,206,175,147,131,158,319,352,837,1006
424,305,263,201,145,204,390,338,837,1006
556,390,211,152,106,156,404,488,842,1006
423,306,192,150,123,160,404,348,841,1006
666,426,286,228,157,210,414,619,861,1006
470,237,346,264,161,226,432,702,885,1006
426,311,232,193,156,186,367,417,847,1006
616,317,405,301,173,261,471,633,873,1006
711,466,380,310,185,238,445,850,889,1007
555,362,221,164,118,166,394,408,864,1007
597,400,243,185,133,181,408,556,858,1007
496,275,232,191,137,173,479,323,835,1007
568,382,247,202,149,187,401,443,858,1007
537,415,170,132,103,135,381,347,816,1008
399,253,226,180,130,169,378,431,844,1008
672,381,452,339,201,285,482,793,916,1008
510,386,118,84,64,93,319,374,778,1008
614,412,311,219,141,225,435,423,856,1008
522,331,252,208,146,185,488,453,853,1008
279,204,236,147,113,186,359,336,827,1008
695,427,175,122,82,121,435,603,839,1008
393,203,319,244,150,209,487,412,861,1008
323,218,218,159,111,162,377,348,833,1008
449,221,413,320,199,269,442,693,893,1008
394,230,293,225,154,204,370,505,849,1008
553,383,201,144,109,156,355,357,838,1008
486,282,278,225,140,194,410,685,886,1008
540,318,210,164,116,150,531,349,828,1009
371,273,132,93,69,103,347,340,838,1009
379,237,240,179,122,171,447,334,845,1009
309,230,277,203,165,229,484,347,843,1009
525,377,204,146,110,163,385,339,819,1009
528,380,198,152,119,156,376,338,842,1009
446,314,201,154,110,150,389,334,848,1009
499,359,172,141,112,139,367,337,784,1009
366,268,218,168,120,169,330,393,846,1009
655,352,346,262,165,229,454,715,896,1009
417,267,270,205,139,189,381,556,859,1009
467,352,202,141,117,172,391,357,810,1009
581,323,343,261,173,238,428,695,880,1009
427,309,195,152,117,151,381,370,830,1009
482,340,194,153,107,144,387,345,850,1009
505,279,342,247,157,226,439,652,865,1010
579,449,179,139,116,150,381,358,834,1010
660,420,363,314,197,238,396,650,880,1010
574,377,298,200,137,217,420,472,880,1010
390,271,217,171,131,172,370,361,859,1010
632,404,257,198,138,191,454,342,865,1010
316,243,195,116,87,156,328,328,803,1010
341,252,177,132,104,143,367,303,801,1011
421,265,213,159,124,173,443,337,845,1011
512,345,269,229,166,200,375,505,842,1011
660,413,329,254,172,233,435,568,861,1011
532,260,351,250,138,209,565,662,876,1011
719,438,226,186,128,165,442,343,825,1011
510,284,289,234,149,202,417,374,851,1011
493,333,202,156,115,154,374,365,849,1011
544,357,143,106,72,104,403,401,842,1011
234,176,187,136,105,151,332,332,831,1011
561,416,296,220,180,244,465,515,846,1011
590,351,333,229,152,235,420,558,871,1011
505,379,220,168,134,180,382,321,855,1011
465,351,224,165,130,180,370,354,831,1011
401,245,302,219,148,211,418,365,867,1011
388,255,202,146,106,153,386,355,835,1011
502,337,218,167,122,163,380,356,840,1012
646,438,255,200,152,196,398,349,855,1012
436,261,288,194,131,203,465,443,847,1012
443,255,257,192,122,173,501,387,838,1012
566,367,213,174,125,157,392,383,860,1012
362,279,205,150,124,172,390,211,643,1012
198,147,156,124,98,125,317,354,841,1012
500,341,261,216,154,198,402,382,835,1012
610,449,179,134,106,142,378,359,820,1012
250,181,203,152,109,150,317,472,847,1012
346,269,216,163,130,177,360,350,844,1012
523,308,306,244,163,216,509,636,869,1012
397,281,240,168,130,191,383,439,851,1012
320,204,200,154,109,153,388,357,854,1012
304,213,153,123,95,120,326,347,833,1012
419,273,312,239,162,227,381,590,849,1012
564,321,388,257,183,293,531,638,872,1012
430,268,263,213,132,169,383,575,862,1012
387,243,282,200,142,211,475,437,850,1012
413,331,177,138,115,153,357,253,831,1013
492,338,278,208,160,219,418,353,866,1013
232,159,220,174,123,158,357,351,840,1013
368,271,192,143,107,150,342,367,842,1013
441,263,306,223,150,216,484,580,868,1013
354,227,212,160,114,159,392,352,830,1013
501,328,359,250,168,257,425,692,895,1013
601,395,268,196,134,196,396,342,818,1013
732,434,273,227,149,186,486,674,870,1013
539,298,343,256,161,227,452,731,901,1014
444,285,185,146,104,136,369,349,826,1014
529,305,319,232,151,225,428,623,877,1014
398,240,247,209,141,173,407,359,838,1014
530,319,324,241,165,233,438,697,875,1014
688,435,443,329,211,314,508,718,874,1014
574,379,326,224,151,233,389,339,840,1014
521,364,260,213,161,203,393,466,855,1014
515,338,249,201,137,178,381,459,845,1014
386,253,277,212,156,214,397,333,853,1015
536,333,373,272,172,251,500,652,879,1015
451,327,189,147,113,153,379,388,821,1015
373,247,248,176,127,181,404,356,844,1015
647,440,169,141,104,129,392,353,828,1015
473,332,181,129,97,140,398,368,826,1015
212,144,167,115,82,125,370,335,844,1015
287,189,264,192,141,199,387,338,860,1015
342,206,135,100,64,91,335,701,488,1015
451,326,187,131,98,146,367,351,823,1015
358,273,234,170,126,184,378,395,866,1015
401,242,275,206,136,193,372,485,852,1015
447,351,101,72,58,83,349,353,427,1015
560,414,164,117,92,133,354,354,826,1015
536,367,318,225,155,233,436,523,861,1015
300,212,155,112,83,121,356,356,845,1015
401,311,164,128,109,139,360,332,803,1016
460,313,193,156,111,144,347,504,837,1016
643,432,319,252,180,238,419,420,857,1016
564,343,320,232,156,222,419,685,872,1016
443,241,294,225,138,190,535,629,858,1016
673,414,300,226,162,225,530,370,857,1016
476,345,222,180,139,178,384,364,826,1016
540,359,293,204,136,204,408,390,854,1016
719,433,288,228,153,208,429,629,869,1016
487,331,225,172,139,181,495,372,832,1016
635,419,284,216,152,207,407,564,845,1016
295,232,198,150,123,165,346,230,828,1016
339,238,225,175,121,161,336,469,850,1016
490,379,180,133,107,150,358,352,801,1016
592,415,219,176,134,173,388,481,834,1016
574,339,378,264,175,259,518,547,866,1016
472,358,158,114,88,125,377,350,828,1016
422,289,239,185,148,196,395,444,857,1016
449,278,305,215,131,194,384,553,874,1017
500,386,138,115,94,115,324,349,832,1017
615,343,461,333,208,300,434,949,905,1017
489,279,378,309,178,252,472,717,879,1017
532,339,296,219,158,222,418,523,865,1017
563,410,179,142,109,140,375,353,833,1017
416,322,344,285,208,264,508,368,847,1017
593,433,277,176,136,221,396,350,843,1017
461,313,222,171,127,169,404,339,835,1017
507,372,200,167,137,166,381,374,836,1017
567,354,269,200,130,187,425,449,878,1017
674,420,299,208,127,198,404,649,875,1017
530,399,215,154,119,169,508,360,849,1017
242,197,118,94,76,99,344,216,772,1017
675,450,257,198,147,198,418,356,845,1018
248,198,154,118,97,125,351,396,818,1018
587,396,298,195,140,229,404,362,855,1018
448,256,271,208,156,207,458,372,830,1018
397,270,211,178,133,160,345,540,855,1018
547,341,243,176,118,176,405,345,867,1018
677,366,302,234,146,196,429,696,859,1018
671,414,384,265,181,274,434,668,874,1018
421,257,247,189,126,178,411,360,840,1018
543,306,235,171,131,182,492,455,843,1018
710,404,344,277,169,234,517,507,867,1018
577,343,349,258,168,241,416,846,893,1018
434,286,258,180,116,187,367,335,840,1019
325,207,222,174,117,158,358,499,861,1019
264,204,180,141,112,147,315,347,835,1019
332,202,313,223,155,225,424,373,849,1019
437,313,253,182,136,198,393,338,837,1019
640,386,282,222,147,196,431,552,852,1019
511,316,234,163,113,168,501,353,856,1019
521,296,405,304,183,268,422,603,872,1019
618,345,407,272,185,284,519,495,870,1019
607,340,403,313,195,263,450,686,888,1019
367,276,170,128,97,136,358,339,836,1020
266,203,207,141,116,172,343,339,825,1020
480,320,270,219,171,209,506,579,866,1020
363,262,222,171,139,183,391,347,842,1020
610,413,232,180,137,178,412,363,838,1020
614,388,396,293,230,316,498,705,896,1020
536,287,229,175,129,174,517,349,820,1020
425,293,187,123,96,150,456,348,853,1020
604,330,325,238,141,204,412,709,868,1020
363,246,216,151,114,164,479,429,852,1020
571,392,282,223,147,193,502,438,901,1021
565,376,191,139,92,137,364,361,850,1021
391,239,208,159,113,155,377,427,845,1021
551,366,295,228,172,230,405,604,883,1021
522,349,220,171,121,162,385,332,852,1021
466,344,203,155,116,161,346,343,832,1021
598,413,260,192,136,194,407,388,861,1021
722,487,309,229,166,231,419,493,834,1021
692,415,318,245,162,225,427,403,863,1021
565,402,186,157,121,146,416,354,838,1021
618,348,368,269,194,274,537,587,892,1021
295,210,185,141,105,142,389,350,822,1022
500,310,352,246,164,248,411,529,835,1022
575,377,243,182,126,172,374,343,840,1022
353,284,226,176,152,199,389,389,853,1022
664,420,267,212,152,194,415,482,861,1022
463,354,153,107,83,124,359,354,821,1022
717,441,704,484,256,416,533,1023,939,1022
618,381,348,242,158,242,428,637,872,1022
517,369,163,117,85,124,362,333,848,1022
582,430,241,167,127,193,379,345,837,1022
619,420,302,230,165,227,411,357,843,1023
694,467,262,193,140,198,420,462,859,1023
520,332,313,243,165,223,496,373,853,1023
439,309,232,156,124,190,462,374,852,1023
207,174,139,92,77,119,325,178,802,1023
326,250,242,173,137,194,357,349,835,1023
601,333,251,180,139,202,498,490,851,1023
692,487,251,195,144,193,398,505,870,1023
317,242,204,173,133,160,347,336,837,1023
695,429,427,302,183,284,517,654,876,1023
340,239,119,87,67,95,329,296,740,1023
370,263,151,123,92,115,330,337,823,1023
462,257,301,217,128,195,417,615,874,1023
421,281,247,204,139,181,367,425,857,1023
264,202,171,134,108,138,353,349,814,1023
286,227,214,140,109,172,366,351,824,1023
434,272,282,213,162,223,464,362,851,1023
645,399,273,208,133,185,440,487,854,1023
608,420,252,186,123,181,381,337,837,1023
324,230,155,101,82,131,356,346,803,1023
391,265,185,139,100,141,353,370,821,1023
340,204,188,151,106,135,401,340,844,1023
324,245,205,150,120,168,381,347,851,1023
517,372,145,114,89,116,360,341,826,1023
