"FSC-A","FSC-H","SSC-A","SSC-B-A","SSC-B-H","SSC-H","AF-A","DRAQ5-A","FITC-A","Time"
364,185,331,242,136,208,391,700,839,0
233,140,190,148,104,137,277,433,776,0
276,193,154,114,86,122,342,334,792,1
717,474,391,257,191,310,510,716,864,1
395,301,104,91,74,86,320,325,787,1
368,239,202,154,113,154,446,327,788,1
397,283,203,151,114,158,383,324,809,2
713,426,376,298,191,264,420,637,861,2
527,324,243,192,129,177,380,555,788,2
499,312,204,146,104,154,390,365,764,2
298,169,247,183,120,169,288,673,844,2
410,269,117,93,65,84,272,644,813,2
649,461,221,165,124,174,395,406,770,3
515,335,177,135,97,134,384,349,789,3
295,226,153,127,103,126,357,228,750,3
495,323,326,246,176,247,381,631,781,3
532,279,336,259,149,219,430,641,831,3
540,287,266,212,156,205,477,443,801,3
397,266,269,202,145,204,432,363,802,3
335,186,286,214,134,194,385,653,831,3
722,480,286,219,163,218,411,428,814,4
608,386,252,203,139,178,389,459,830,4
576,389,370,274,199,277,439,886,860,4
303,210,250,184,143,201,418,340,812,4
298,221,122,81,67,102,292,329,777,4
343,215,231,176,120,165,342,460,803,5
467,333,191,145,112,153,371,330,794,5
409,259,277,202,141,203,472,558,785,5
451,343,167,123,94,130,349,338,809,5
592,358,250,187,128,182,399,670,833,5
318,230,180,147,118,144,370,328,797,5
539,365,211,164,115,155,376,413,798,5
678,448,246,187,131,176,381,481,800,5
538,344,328,236,162,244,403,420,806,6
242,147,211,160,107,147,363,453,816,6
475,289,319,260,177,223,364,646,855,6
438,327,166,125,103,138,365,305,799,6
382,274,221,159,121,174,370,437,809,6
413,317,172,143,112,134,355,329,771,6
682,408,331,259,160,218,405,697,873,6
656,458,262,212,142,190,409,461,793,6
406,302,101,82,66,84,314,329,816,6
658,485,184,142,110,146,404,468,808,7
356,215,327,239,162,241,408,687,848,7
398,291,201,148,113,156,366,322,799,7
452,266,297,199,126,202,439,582,801,7
356,265,184,122,93,147,370,329,775,7
640,335,172,123,67,105,384,656,811,7
354,220,314,236,149,213,397,620,825,7
441,361,154,116,103,136,368,336,795,7
602,374,346,265,177,245,430,651,795,7
570,354,481,368,240,331,508,652,905,8
319,218,384,267,191,283,427,613,789,9
556,365,337,275,210,254,477,436,817,9
492,346,238,184,128,170,403,336,802,9
515,327,148,113,83,113,412,391,788,9
270,198,202,149,109,151,292,363,784,9
343,221,269,184,125,190,385,358,804,10
280,197,210,165,121,161,353,308,790,10
345,208,270,205,148,207,492,373,819,10
507,377,157,111,85,124,370,329,791,11
380,232,273,204,134,188,450,488,816,11
284,196,219,169,119,158,482,328,802,11
262,177,222,161,110,159,330,474,815,11
304,236,240,169,124,185,419,304,828,11
526,363,202,150,115,156,401,372,829,11
527,394,194,134,105,158,449,336,785,11
359,227,237,173,115,166,303,583,810,11
245,195,137,100,82,114,285,331,782,11
251,175,207,143,103,155,375,324,804,11
348,242,260,176,126,194,430,431,777,12
708,407,212,171,100,137,440,407,810,12
563,403,212,155,116,164,382,323,782,12
328,257,200,153,126,171,345,352,789,12
504,373,223,159,123,176,387,354,798,12
624,370,334,248,158,224,394,652,839,12
294,184,286,212,136,193,269,641,847,12
344,230,203,167,112,146,386,332,782,12
379,254,233,175,131,181,375,256,806,12
634,404,256,173,120,188,389,450,827,12
381,248,212,154,113,163,402,359,815,12
288,228,195,153,122,154,333,357,804,12
466,351,271,187,136,207,361,530,798,13
646,405,325,242,174,242,416,515,826,13
437,292,152,114,84,116,382,374,795,13
454,303,212,154,118,165,392,428,783,13
357,227,209,148,99,151,399,376,777,13
546,407,190,157,121,149,363,330,806,13
348,249,147,102,79,117,369,241,774,13
567,372,307,229,163,230,499,532,814,13
529,329,141,105,66,95,367,664,818,13
728,466,298,229,159,219,425,451,805,14
452,312,221,177,133,167,318,538,841,14
226,159,153,112,90,126,311,333,778,14
477,334,220,161,125,176,390,377,809,14
590,364,316,240,152,217,415,639,776,14
348,280,126,105,85,103,301,335,764,14
527,405,164,143,111,132,383,334,741,14
346,249,162,126,96,130,372,340,783,14
208,140,221,172,118,159,224,580,821,15
651,449,305,213,140,214,383,652,799,15
347,242,205,146,107,160,398,363,800,15
330,211,260,204,136,186,327,450,815,15
296,189,257,192,131,183,336,522,797,15
310,193,180,146,104,136,449,339,801,15
284,195,181,154,116,139,337,316,772,15
417,330,138,103,83,111,300,319,798,15
594,407,189,141,101,141,395,343,802,15
378,290,170,121,93,136,347,336,791,15
630,405,245,177,121,174,422,513,806,15
365,252,165,120,97,133,366,327,796,15
693,378,291,217,137,198,487,609,808,15
503,350,259,217,157,193,377,332,811,15
548,312,337,244,141,214,401,670,836,15
487,341,192,127,95,153,375,318,791,16
709,470,273,206,139,197,417,535,792,16
518,367,231,167,122,171,452,336,797,16
507,324,495,358,224,334,513,636,856,16
603,404,270,198,151,217,396,489,813,16
450,306,196,144,107,151,390,321,808,16
356,260,311,236,171,238,420,348,814,16
403,228,299,229,156,213,380,547,820,16
565,379,231,180,118,165,369,525,811,17
702,420,379,298,186,254,437,600,801,17
259,188,261,210,161,203,419,411,786,17
554,387,268,205,154,207,426,513,805,17
302,206,259,169,109,180,380,310,794,17
650,446,223,155,101,153,463,381,796,17
520,407,257,195,166,221,480,179,759,17
451,270,326,269,173,223,374,490,806,17
667,428,248,195,134,182,393,462,775,17
508,341,188,152,97,130,412,278,819,18
540,387,105,75,57,83,383,345,769,18
253,182,168,120,88,130,375,341,822,18
312,207,275,185,122,197,426,535,824,18
361,280,155,117,96,131,337,321,779,18
632,323,342,251,156,224,476,681,842,19
570,387,173,147,104,129,433,339,797,19
409,282,143,109,76,106,334,317,770,19
375,292,199,152,124,164,359,330,784,19
541,314,361,264,175,245,446,628,810,19
363,179,224,184,116,141,506,346,786,20
418,309,133,102,84,109,337,337,782,20
441,317,176,145,102,126,346,328,808,20
531,391,252,179,134,197,375,332,825,20
577,316,377,279,168,243,391,808,853,20
213,156,162,129,98,127,288,312,739,20
592,356,376,284,198,274,496,527,824,20
425,303,205,167,125,158,335,477,784,20
475,296,295,202,145,224,419,440,824,20
569,423,191,150,114,149,366,325,803,20
382,243,269,180,124,200,409,464,813,20
209,135,207,156,106,148,240,447,798,21
727,403,472,332,207,303,468,627,854,21
366,225,266,187,125,184,328,426,824,21
550,353,311,213,144,224,437,669,823,21
575,363,298,229,161,223,463,480,811,21
253,183,226,170,120,167,321,420,821,21
477,338,149,108,86,121,366,338,813,21
459,303,259,190,129,186,405,343,796,21
373,275,196,141,105,148,372,347,819,21
581,425,177,144,108,138,384,315,776,21
329,238,245,176,129,185,334,462,795,21
470,353,170,133,103,135,349,325,789,21
386,277,165,122,88,125,342,324,764,21
268,180,175,124,83,126,399,328,812,21
254,151,254,198,127,169,294,568,794,22
343,246,187,142,98,136,339,337,761,22
559,370,235,183,122,164,415,383,826,22
603,378,308,247,173,222,417,403,811,22
246,161,205,160,107,145,222,479,790,22
616,462,189,141,114,153,390,342,767,22
325,167,337,242,155,229,509,502,791,22
343,246,167,127,97,135,355,319,797,22
232,158,210,140,96,155,431,313,809,22
332,256,127,112,93,108,306,318,774,22
513,370,231,160,119,179,381,343,819,22
400,287,205,150,113,160,368,320,784,23
487,351,245,180,135,191,414,387,826,23
207,142,233,152,105,171,383,326,783,23
397,242,177,120,81,128,386,343,782,23
261,181,204,149,107,156,341,375,801,23
465,314,226,175,136,178,408,390,821,23
537,306,431,318,205,295,447,640,821,23
411,290,190,145,112,150,345,309,804,23
352,217,241,181,125,177,416,479,779,23
588,316,521,372,187,291,201,1023,888,23
369,251,378,262,178,276,415,602,818,23
536,332,389,288,180,261,459,643,854,24
538,423,156,107,85,127,348,329,805,24
343,195,293,210,124,189,254,646,811,24
530,346,228,159,106,160,346,504,806,24
247,164,219,166,118,159,303,495,788,24
625,458,183,153,121,148,393,363,789,24
412,263,203,156,97,138,359,323,811,25
333,250,161,118,87,126,335,374,794,25
304,219,228,191,131,169,222,599,837,25
619,453,153,113,86,121,393,324,793,25
439,294,218,156,110,161,378,411,761,25
520,303,312,235,155,219,423,522,819,25
582,375,229,180,127,169,341,593,802,25
215,184,191,141,89,121,372,1,212,25
449,219,296,229,137,189,504,502,802,25
367,227,312,243,147,203,307,668,859,26
713,383,234,178,106,146,245,999,846,26
230,156,134,108,79,103,303,333,810,26
587,331,379,292,123,174,141,945,846,26
659,352,373,288,157,209,394,753,841,26
388,326,110,86,74,96,326,314,765,26
379,234,194,164,113,140,410,339,796,27
301,186,308,237,158,216,278,568,813,27
315,246,187,150,118,147,320,306,800,27
537,333,334,256,176,242,406,556,803,27
274,214,182,135,104,143,313,331,771,27
413,270,148,114,85,113,358,333,788,27
261,165,187,137,94,134,379,327,792,27
385,241,134,96,66,97,234,776,806,27
581,347,321,276,178,221,412,565,829,28
650,439,297,221,163,235,405,320,802,28
463,371,115,84,70,96,319,347,737,28
356,208,230,177,113,152,332,483,782,28
642,401,355,250,158,246,428,408,809,28
280,210,110,80,63,88,341,323,776,28
557,334,246,182,117,166,369,650,846,28
575,308,372,248,124,206,496,694,858,28
401,313,161,117,95,134,343,324,792,28
374,259,229,182,135,175,451,340,817,29
254,186,158,116,91,125,319,199,754,29
488,360,111,90,68,88,322,332,767,29
242,182,170,128,99,136,306,330,801,29
403,276,238,172,130,186,411,425,818,29
407,302,183,126,98,145,351,340,802,29
532,335,199,165,112,135,379,511,842,29
410,308,124,90,66,94,343,336,803,29
330,177,312,226,138,205,411,575,806,30
411,269,218,147,107,166,399,344,800,30
621,456,115,87,67,92,373,336,815,30
483,326,180,143,105,138,378,332,799,30
464,338,198,130,97,152,390,392,790,30
618,403,351,258,179,259,424,543,813,31
456,266,294,216,136,190,320,656,792,31
205,163,119,86,67,97,262,327,739,31
480,231,392,291,159,235,487,674,842,31
333,191,391,289,169,258,396,635,819,31
437,311,168,126,98,137,367,358,798,31
381,252,216,165,117,163,384,435,820,31
381,279,192,152,108,147,388,323,785,31
351,211,287,214,140,198,312,596,814,31
314,211,255,193,141,192,475,339,814,31
600,443,219,164,131,181,405,352,846,32
408,312,202,154,125,165,363,315,808,32
242,172,177,148,120,145,388,323,800,32
541,346,203,156,99,134,486,337,779,32
407,274,226,161,117,169,419,316,796,32
340,187,326,240,146,214,440,611,833,32
380,206,376,272,166,251,468,635,853,32
591,376,239,184,128,177,394,397,802,32
312,217,353,271,183,254,621,5,593,32
505,396,177,117,92,142,433,340,785,32
565,366,238,162,114,174,380,444,815,32
431,209,423,316,176,249,116,1023,865,33
452,207,171,128,73,100,221,956,888,33
286,226,153,117,94,128,313,337,791,33
587,402,270,210,159,204,391,612,785,33
217,162,163,123,90,124,297,325,778,33
246,166,160,124,90,119,325,331,776,33
502,307,309,221,137,199,493,440,829,33
696,478,228,183,136,172,388,337,827,33
544,293,269,205,135,181,434,612,836,34
663,440,330,233,169,250,417,538,815,34
423,248,244,184,116,166,399,487,771,34
553,398,239,185,141,183,397,420,773,34
544,374,190,138,98,142,435,353,800,34
304,217,184,148,112,146,324,318,788,34
245,168,249,172,118,182,396,529,809,34
512,373,206,137,101,157,376,306,824,34
393,259,201,152,105,146,394,535,775,34
262,165,232,180,125,169,260,532,794,35
316,215,253,199,136,174,227,639,831,35
217,151,192,147,107,147,303,326,800,35
415,298,219,169,129,175,360,316,805,35
426,281,183,130,87,132,323,503,845,35
535,348,230,173,112,162,442,460,803,35
549,372,196,157,114,143,390,331,805,35
281,189,264,186,132,193,378,532,801,35
486,348,166,122,88,127,363,340,806,35
378,298,144,112,85,117,329,327,811,35
635,364,475,330,166,252,395,858,857,35
432,339,213,142,117,179,384,247,767,35
292,183,174,119,78,124,455,444,798,36
668,412,391,277,185,273,443,649,838,36
638,439,220,176,131,165,396,471,813,36
436,335,170,121,90,133,344,312,795,36
247,210,96,73,64,84,343,165,752,36
262,214,180,133,107,148,314,331,802,36
700,409,468,329,184,289,468,662,865,36
399,277,240,179,128,174,272,520,810,36
422,265,264,200,137,193,431,374,797,36
462,309,316,237,163,232,438,655,819,36
336,252,117,79,60,91,485,401,810,36
190,134,190,145,104,144,286,438,808,37
557,417,262,197,149,203,363,421,765,37
717,426,315,240,152,210,441,496,797,37
583,391,281,222,156,204,467,500,773,37
222,163,125,89,72,103,283,331,784,37
645,441,200,160,114,150,433,321,804,37
256,187,152,118,89,119,310,357,803,38
622,405,381,312,197,249,477,632,850,38
436,288,248,172,118,181,405,459,774,38
384,300,110,90,72,90,313,310,800,38
176,144,124,83,67,102,214,310,761,38
577,338,346,249,168,247,394,592,828,38
692,432,400,306,190,256,471,667,862,39
270,182,206,170,119,149,365,330,806,39
188,158,142,119,107,128,361,3,462,39
554,274,392,278,157,226,398,946,844,39
559,426,161,121,95,130,353,329,795,39
484,360,217,163,119,165,331,462,795,39
180,136,130,92,71,103,278,338,802,39
507,350,197,151,118,158,376,336,819,39
420,285,154,114,86,120,376,340,816,39
270,222,326,281,239,282,557,1,434,39
374,245,239,161,109,175,393,429,810,40
334,261,171,128,91,126,326,346,799,40
330,245,177,141,108,135,294,471,807,40
280,217,130,105,86,106,339,303,767,40
493,349,217,146,112,169,386,431,781,40
635,400,123,95,63,86,391,334,786,40
456,261,231,158,98,158,416,509,829,40
492,373,204,138,105,163,368,332,807,40
576,415,121,102,81,96,385,345,763,40
435,265,234,162,113,173,418,387,828,40
466,332,162,130,94,125,363,337,822,41
430,306,228,157,115,178,418,454,794,41
608,403,128,98,64,88,349,623,825,41
319,163,146,108,70,103,513,1,148,42
354,200,323,237,151,221,336,656,840,42
615,383,420,293,157,242,523,688,846,42
279,191,210,165,119,162,343,415,771,42
227,142,218,170,118,159,270,526,771,42
405,301,148,114,86,112,355,327,787,42
360,225,347,267,190,257,324,685,864,42
553,320,351,257,119,174,420,762,877,43
501,294,339,244,159,227,439,600,807,43
258,164,275,213,144,199,384,417,821,43
528,368,251,209,152,184,362,425,813,43
695,457,208,151,105,153,402,362,786,43
520,318,220,168,115,154,405,388,813,43
695,479,238,173,135,192,473,382,806,43
273,215,207,160,123,165,406,341,803,43
372,221,313,231,151,219,425,681,857,43
463,321,160,119,89,124,381,328,802,44
328,269,105,81,68,87,315,333,775,44
229,211,117,100,99,114,364,2,436,44
475,348,215,151,119,173,440,341,801,44
354,243,149,106,78,113,349,276,803,44
394,275,200,152,120,158,396,363,818,44
440,245,191,149,106,145,481,329,781,44
365,261,228,158,120,184,365,328,788,44
498,328,298,218,145,213,376,553,822,44
245,183,206,147,108,155,464,332,801,45
236,165,198,133,95,149,376,328,829,45
573,338,357,245,155,237,509,657,850,45
310,234,125,92,74,102,326,285,799,45
291,215,211,159,119,167,364,333,726,45
629,428,190,144,101,137,381,342,806,45
662,353,365,283,169,236,459,649,848,45
376,276,252,193,146,198,367,333,812,45
319,235,190,122,99,161,422,340,803,46
684,468,217,160,102,147,373,344,787,46
425,263,182,128,83,128,353,359,785,46
507,323,210,142,92,149,408,330,798,46
527,368,233,175,122,163,364,473,804,46
431,300,184,137,101,141,378,342,809,46
200,149,157,118,88,122,284,382,792,46
570,308,403,294,185,272,460,605,814,47
283,195,228,172,119,165,216,576,788,47
599,372,133,104,59,83,375,656,857,47
359,282,122,101,86,103,324,332,796,47
561,436,122,88,71,102,347,340,829,47
508,258,366,293,161,216,299,902,876,47
434,286,284,196,137,205,383,621,822,47
236,168,209,153,115,163,330,348,810,47
614,435,201,158,121,156,391,343,807,47
376,250,167,134,91,122,396,332,755,47
413,281,324,249,155,210,329,620,840,47
370,217,348,230,135,225,429,543,781,48
663,344,355,256,159,236,465,645,808,48
580,415,271,209,146,206,414,349,790,48
287,174,231,169,126,178,363,370,769,48
367,231,265,195,133,192,468,552,810,49
232,154,285,215,143,198,295,577,836,49
341,236,217,168,121,158,341,416,813,49
384,267,207,170,130,162,443,334,777,49
565,342,181,143,94,124,407,684,843,49
423,276,250,184,134,188,363,405,771,49
341,203,137,101,73,103,381,507,789,49
261,191,143,112,88,115,327,327,793,49
367,227,219,172,113,154,344,479,810,49
386,211,298,209,135,206,415,589,829,49
531,317,313,228,150,215,442,518,802,49
390,276,146,111,87,117,363,333,804,49
289,221,177,144,106,136,342,327,819,49
543,276,448,317,141,209,292,1011,855,50
642,370,328,261,175,229,407,695,846,50
191,159,114,89,76,97,277,191,768,50
465,347,169,123,92,130,361,325,819,50
568,414,210,162,124,165,459,322,813,50
649,402,245,190,125,169,416,354,809,50
268,166,235,176,122,170,311,437,807,50
545,319,307,228,140,200,494,564,810,51
279,177,250,187,132,183,291,592,824,51
410,254,283,205,135,200,419,577,793,51
423,336,220,165,139,189,439,142,741,51
455,308,163,115,85,121,402,332,771,51
730,466,308,224,147,217,420,553,809,51
329,222,232,165,117,173,374,427,790,51
532,298,330,248,158,223,420,647,839,51
370,241,290,218,140,202,281,635,825,51
345,204,257,197,114,160,295,645,824,51
549,409,189,153,118,156,379,342,781,51
300,191,191,148,105,143,381,335,814,52
381,265,168,135,90,120,346,341,759,52
341,235,172,122,87,130,364,348,794,52
536,363,277,216,152,204,432,390,815,52
320,196,252,198,135,182,307,496,794,52
457,352,182,129,102,147,363,337,800,52
472,273,329,250,176,242,457,413,779,52
595,405,179,155,112,137,386,329,793,53
645,462,140,109,81,108,363,337,806,53
517,338,391,288,186,259,368,897,853,53
491,352,244,168,117,177,392,315,801,53
480,267,234,169,110,161,389,523,836,53
233,146,191,153,109,140,345,414,801,53
264,158,225,162,97,145,314,446,808,53
209,162,164,120,97,136,369,170,756,53
328,191,240,195,119,153,462,201,766,53
296,213,210,154,117,165,300,400,790,53
623,433,236,192,141,174,373,485,815,54
430,340,121,97,80,100,316,318,786,54
576,371,265,214,142,184,412,522,808,54
326,256,174,136,107,141,374,311,802,54
345,192,342,251,151,220,363,632,838,54
496,237,358,257,138,200,448,692,860,54
347,197,293,197,118,191,434,573,781,54
190,143,174,129,97,135,313,309,802,55
189,137,160,125,92,121,318,348,815,55
524,397,266,183,142,214,389,300,777,55
535,392,178,133,103,140,399,351,808,55
541,404,174,119,91,139,361,321,790,55
453,318,172,133,102,133,359,322,793,55
627,410,266,183,123,191,391,379,793,55
669,426,252,183,124,182,415,386,777,55
202,164,137,86,77,124,379,91,680,56
613,338,477,358,203,283,431,833,871,56
408,254,264,208,146,195,346,615,800,56
555,400,203,145,106,159,384,331,816,56
345,276,241,192,168,208,429,370,812,56
321,215,123,105,75,92,335,319,773,56
359,265,188,138,107,149,338,330,802,56
481,303,138,106,74,104,378,673,870,56
456,322,224,164,115,165,403,358,811,56
436,266,351,256,161,241,357,670,811,56
457,332,279,202,147,207,459,449,820,56
388,290,129,98,80,106,334,337,748,56
351,247,166,119,90,130,351,332,781,57
358,223,271,203,118,170,681,0,146,57
522,307,229,169,117,168,397,441,803,57
627,398,264,171,113,182,393,483,775,57
616,359,403,341,201,259,412,626,846,57
378,238,255,199,141,185,420,333,772,57
392,250,162,116,78,117,357,322,795,57
245,149,253,184,124,175,257,573,785,57
476,273,306,228,139,205,402,628,812,57
715,445,356,273,176,242,431,603,835,57
260,192,241,168,124,184,320,471,798,57
651,424,267,216,148,194,410,512,800,57
417,282,220,165,120,166,365,340,795,57
585,377,270,191,133,199,407,577,811,57
355,243,156,118,79,114,339,342,823,57
391,227,290,213,124,186,374,628,846,57
400,268,308,220,156,225,405,522,809,58
644,396,338,266,164,227,432,656,832,58
670,471,212,154,111,161,402,343,815,58
279,200,202,163,122,155,374,349,793,58
494,347,170,132,99,131,373,334,821,58
526,278,387,307,174,237,514,662,847,58
408,320,195,173,141,159,374,243,863,58
645,416,517,393,258,364,432,1023,852,58
376,273,150,122,92,116,367,338,819,58
479,301,366,273,189,263,404,475,834,58
516,288,347,237,148,234,443,611,840,59
388,234,323,242,167,232,387,500,806,59
533,273,422,334,175,242,413,944,868,59
612,379,370,274,194,280,425,563,816,59
484,321,187,132,81,128,399,342,831,59
331,230,214,187,133,159,347,515,784,59
263,185,197,146,99,144,573,2,569,59
699,387,374,274,133,190,491,870,816,59
339,222,241,187,125,170,303,626,804,59
548,409,161,128,103,131,370,329,823,59
594,322,272,199,153,209,529,492,755,59
331,198,319,251,170,225,371,483,812,59
563,392,326,266,165,220,516,411,942,60
472,293,211,158,111,153,381,565,795,60
328,233,252,201,144,187,350,460,782,60
688,381,389,272,157,242,463,640,842,60
446,328,150,106,81,119,345,332,807,60
309,212,161,129,96,126,340,325,814,60
368,248,197,151,101,139,239,657,773,60
579,352,259,202,137,184,408,501,803,60
549,414,215,150,117,173,365,308,796,60
458,318,184,134,106,149,430,314,825,60
473,291,314,221,154,230,481,651,824,60
387,267,245,164,122,189,454,373,804,60
204,165,171,125,99,138,255,323,791,60
521,407,119,89,69,99,350,293,790,60
341,219,278,192,125,200,392,502,802,60
385,226,342,250,158,228,392,670,867,61
525,343,286,229,159,208,443,481,828,61
516,392,289,202,152,228,466,434,800,61
658,374,356,276,176,238,450,627,833,61
353,230,246,173,120,182,388,554,814,61
325,219,252,158,104,183,377,341,811,61
453,243,252,199,128,172,424,611,817,61
469,318,273,214,134,181,443,559,805,61
625,363,359,264,180,254,444,591,803,61
244,199,122,93,78,103,312,308,780,61
445,304,223,157,113,171,371,364,794,62
357,278,153,121,100,127,316,309,780,62
560,378,175,133,82,118,392,365,836,62
434,226,372,263,151,238,459,670,829,62
382,300,144,111,89,118,321,294,782,62
588,348,357,264,156,236,408,591,820,62
237,179,137,111,91,113,298,326,803,62
463,309,257,194,128,182,365,485,792,63
547,395,182,158,119,141,358,329,780,63
314,228,278,189,133,204,436,319,785,63
258,178,151,104,67,101,402,490,776,63
310,193,278,217,142,193,348,481,792,63
473,362,117,98,81,97,343,348,780,63
407,303,163,115,87,131,356,323,809,63
405,278,365,258,150,224,402,656,867,64
464,299,194,131,94,145,402,330,797,64
635,467,248,183,142,201,393,341,816,64
500,370,168,113,87,135,336,332,814,64
638,362,354,267,162,226,508,616,839,64
298,204,198,140,99,145,362,350,799,64
336,223,288,192,122,201,407,481,827,64
575,382,253,211,152,187,394,498,798,64
496,378,171,126,95,136,334,321,775,64
321,170,330,251,154,219,405,616,830,64
516,265,308,217,128,203,486,666,833,64
645,432,212,140,96,154,398,332,796,64
695,420,396,314,224,292,439,620,838,65
446,336,217,152,119,173,386,324,827,65
471,324,201,156,119,153,379,326,810,65
671,353,151,110,71,99,375,505,825,65
454,379,147,94,81,132,397,137,772,65
267,180,229,169,111,162,315,482,795,65
444,306,236,179,133,184,373,369,808,65
604,371,299,210,146,217,459,602,830,65
525,344,268,206,144,193,419,454,790,65
357,264,141,119,95,113,353,336,803,66
542,338,403,291,191,282,506,670,853,66
495,349,161,128,95,120,375,338,816,66
594,375,303,236,167,220,403,519,813,66
188,148,198,113,113,198,500,1,214,66
413,288,222,169,134,181,445,347,792,66
729,456,664,504,285,408,483,957,871,66
660,386,289,214,141,201,447,656,844,67
238,169,185,120,83,134,352,353,807,67
506,317,200,145,111,155,464,339,803,67
341,225,231,157,112,174,359,400,807,67
510,331,326,247,163,230,452,463,787,67
344,231,215,159,113,154,429,448,814,67
543,406,115,94,76,94,336,331,776,67
282,228,240,164,120,182,460,370,827,67
415,270,250,191,135,180,407,512,819,67
586,380,214,162,115,158,398,416,807,67
524,319,367,281,187,259,442,629,785,67
380,280,170,130,103,138,388,337,827,68
308,234,178,141,106,139,345,360,791,68
288,174,239,185,125,165,353,482,801,68
319,234,165,114,88,131,351,322,799,68
397,277,159,126,91,119,338,294,801,69
559,284,373,301,161,225,685,0,130,69
376,274,186,148,103,133,409,344,788,69
663,441,234,179,108,151,399,373,819,69
278,233,176,132,109,146,271,302,818,69
653,396,265,178,119,187,419,443,817,69
303,204,233,164,114,167,251,615,789,69
422,290,214,172,132,167,434,321,793,69
471,297,374,293,210,275,529,619,1018,69
332,201,273,194,128,193,376,449,809,70
546,315,136,98,56,85,394,408,689,70
263,188,224,178,128,168,352,311,773,70
451,288,293,230,161,217,382,642,856,70
625,330,380,294,152,206,468,689,871,70
590,438,239,177,135,183,387,309,817,70
409,247,305,223,153,225,377,657,822,70
233,167,193,126,95,150,402,311,806,70
395,279,152,115,87,118,328,333,773,70
523,364,228,177,127,164,382,389,815,70
575,332,395,277,183,266,442,596,850,71
674,448,323,246,161,227,402,571,779,71
470,260,385,314,152,212,423,641,832,71
258,189,166,116,87,125,412,328,803,71
464,275,342,243,165,241,420,611,796,71
359,287,153,111,88,123,359,330,793,71
631,448,172,129,94,133,339,337,822,71
603,366,377,297,199,264,495,610,788,71
205,141,224,188,128,158,349,407,812,71
192,165,134,103,86,112,313,287,792,71
452,300,224,155,109,167,377,522,803,71
271,178,291,199,134,212,424,315,814,71
285,169,145,110,72,100,437,565,812,71
242,152,312,232,141,195,354,459,822,71
450,319,189,136,91,136,439,317,792,72
299,220,113,96,77,93,355,296,781,72
355,256,242,173,123,181,409,414,809,72
497,332,232,175,118,167,387,461,772,72
487,289,432,325,198,286,380,641,858,72
375,273,310,218,158,234,475,607,789,72
210,152,140,105,80,111,272,340,805,73
493,336,187,142,105,144,383,367,808,73
365,236,422,318,199,279,449,641,860,73
700,471,542,375,226,346,505,1023,873,73
669,420,228,185,125,158,397,512,810,73
711,410,564,384,253,394,550,670,838,73
585,383,299,242,172,226,412,643,818,73
533,378,111,84,62,86,401,380,820,73
490,375,129,102,81,106,308,299,742,73
438,318,220,159,115,167,343,363,783,73
508,336,264,212,140,183,399,625,833,73
575,331,364,274,179,252,445,627,849,73
601,400,279,231,171,211,426,506,799,73
269,176,265,210,148,192,390,308,820,74
203,189,103,73,67,95,334,1,210,74
262,185,146,116,90,114,332,327,795,74
475,365,178,137,112,148,359,332,816,74
376,254,263,200,149,200,367,419,778,74
249,186,221,155,112,168,441,328,790,74
574,453,159,128,111,137,356,335,801,74
475,335,191,154,111,143,371,463,812,74
596,408,210,141,102,160,374,379,808,74
240,161,226,179,122,164,284,436,803,74
350,277,178,119,86,136,369,208,829,74
703,372,447,349,187,263,414,1023,876,74
435,278,264,204,135,177,514,391,813,74
560,385,189,132,93,142,388,309,797,74
327,218,219,166,122,165,392,289,793,75
190,132,175,131,98,136,286,321,766,75
455,271,411,314,217,291,436,490,806,75
471,272,389,280,180,264,444,662,874,75
433,271,251,183,129,184,402,395,758,75
367,254,162,126,95,121,336,281,799,75
475,280,317,240,153,218,401,576,833,76
682,485,458,294,240,378,548,239,735,76
500,325,277,206,140,198,391,536,830,76
541,404,227,166,127,181,397,339,780,76
540,319,343,246,149,229,448,620,793,76
307,213,312,212,141,219,405,516,833,76
459,354,177,134,106,143,351,329,798,76
176,163,140,98,99,139,374,1,186,76
562,393,173,122,85,126,360,327,824,77
379,278,207,184,131,156,384,340,777,77
421,244,326,255,144,192,426,602,864,77
428,329,281,203,158,230,446,136,754,77
330,229,219,159,111,164,372,443,781,77
303,224,159,124,94,122,303,316,806,77
696,420,327,235,148,216,417,540,801,77
315,179,335,252,157,220,410,626,1003,77
325,247,178,139,112,147,357,309,798,77
239,165,235,169,131,186,312,440,784,77
481,377,161,131,100,127,365,319,779,78
379,254,168,115,83,126,368,336,760,78
502,318,244,209,146,178,420,458,814,78
612,425,211,156,105,154,366,332,801,78
692,474,252,180,132,197,387,445,803,78
348,232,209,159,118,159,382,361,790,78
732,443,343,252,164,235,450,726,838,78
621,389,368,271,180,259,496,669,833,78
676,457,237,184,126,169,414,393,808,78
419,282,170,123,94,133,402,347,810,79
577,432,165,126,94,130,374,333,808,79
461,380,241,156,137,214,425,197,728,79
520,265,322,237,148,214,439,674,817,79
270,172,250,190,124,172,256,589,814,79
549,363,231,187,138,176,404,479,802,79
452,296,167,134,106,135,487,334,786,79
630,408,442,344,224,309,480,531,837,80
431,247,253,176,121,182,402,493,808,80
458,295,118,90,71,95,366,357,785,80
393,237,308,221,147,215,411,617,831,80
296,220,160,121,90,127,344,320,810,80
313,219,234,167,124,176,350,496,810,80
588,353,259,197,136,185,415,529,782,80
287,168,319,246,166,229,365,450,812,80
630,417,253,182,137,195,404,442,799,80
194,138,164,118,86,124,310,312,787,81
549,368,275,176,106,179,480,655,836,81
449,280,231,176,130,182,427,118,790,81
221,153,164,124,88,119,317,338,774,81
727,479,404,309,203,284,427,333,826,81
337,220,183,135,97,136,393,366,766,81
589,339,337,245,166,236,422,557,794,81
446,277,359,266,183,260,413,628,828,81
537,300,346,266,174,238,460,675,843,81
217,180,139,111,93,118,307,263,786,81
404,214,426,299,169,269,438,630,852,81
448,282,220,160,108,158,374,308,794,82
310,227,187,142,111,149,360,321,789,82
530,301,330,236,151,225,435,598,842,82
731,450,529,402,256,357,570,14,631,82
713,434,350,261,183,255,516,509,815,82
301,199,235,172,117,167,324,450,781,82
658,426,366,269,195,274,463,498,808,82
707,409,331,263,173,232,483,545,798,82
301,219,139,95,74,111,317,319,779,82
271,163,326,233,145,219,431,597,835,82
474,330,205,149,109,157,362,329,803,82
353,228,283,223,151,195,363,413,810,82
327,252,121,91,71,99,344,342,807,82
399,195,317,244,130,183,382,647,857,82
312,221,204,162,118,153,338,418,814,82
375,281,178,145,116,145,378,365,814,83
573,405,238,156,113,183,372,353,823,83
334,228,178,136,96,133,335,371,789,83
569,427,148,107,89,124,387,339,779,83
464,268,258,202,127,177,389,592,797,83
705,392,428,330,209,288,462,672,823,83
404,251,212,169,126,166,388,440,802,83
569,387,230,171,124,174,395,386,826,83
546,403,165,120,92,132,350,312,779,83
625,358,256,184,111,166,392,600,787,84
325,186,340,259,166,226,394,617,853,84
468,314,241,178,124,178,381,323,802,84
280,203,145,109,81,111,323,322,796,84
353,238,181,123,88,134,390,329,774,84
244,202,173,138,117,147,282,308,764,84
453,340,178,138,107,139,366,314,792,84
597,337,439,333,216,296,308,1023,815,84
693,422,210,161,112,151,478,341,807,84
439,364,133,102,83,111,337,312,796,84
509,364,193,135,102,151,379,301,797,85
477,344,221,172,134,175,392,423,801,85
388,277,219,173,127,163,259,518,784,85
657,362,400,282,140,217,386,855,867,85
232,148,162,120,84,118,339,316,820,85
447,332,184,130,98,145,336,294,791,85
284,185,252,187,127,179,364,454,825,85
251,168,234,178,121,167,268,580,818,85
261,180,116,85,59,86,332,259,831,85
292,166,285,219,144,201,332,527,806,85
606,442,194,136,104,153,359,314,804,85
413,240,298,197,121,202,425,586,820,86
478,285,396,301,176,246,236,979,859,86
401,240,333,229,147,231,409,555,783,86
672,425,193,131,85,135,418,383,813,86
416,254,347,265,168,236,373,659,841,86
537,382,195,143,106,153,450,334,777,86
531,280,199,141,87,135,26,777,831,86
422,298,215,163,126,169,345,409,821,86
222,155,184,126,95,142,343,322,810,86
518,315,308,244,165,225,397,589,812,86
715,449,211,172,114,145,416,353,818,87
601,417,189,147,102,139,370,321,796,87
485,336,182,141,109,143,380,324,806,87
684,482,206,163,116,150,409,326,811,87
499,377,250,190,151,201,373,432,809,87
166,154,137,87,78,124,408,2,493,87
266,185,249,198,140,179,327,475,805,87
343,225,307,206,140,218,404,539,819,87
346,266,153,112,90,127,340,311,805,87
351,253,207,152,114,160,275,517,809,87
338,237,149,115,89,116,329,436,823,87
224,140,244,183,121,169,237,601,807,88
270,178,243,179,123,174,348,415,776,88
541,303,321,261,166,210,391,582,828,88
622,414,213,170,116,146,389,355,816,88
525,384,196,121,90,153,362,322,801,88
345,227,237,177,125,177,392,360,800,88
415,274,367,287,214,286,382,651,811,88
548,364,234,190,135,172,392,308,780,88
585,347,293,214,120,175,388,672,846,88
410,295,159,128,93,124,382,334,765,88
264,182,226,157,108,162,371,444,828,89
324,208,288,212,142,206,358,501,809,89
442,280,514,378,210,308,566,595,864,89
383,253,233,176,127,177,373,475,816,89
497,265,262,204,142,191,523,496,817,89
482,345,123,104,78,96,363,275,811,89
331,251,194,152,108,142,353,366,799,89
414,244,269,196,126,180,411,549,794,89
602,411,247,187,129,184,375,388,767,89
239,198,165,117,91,131,304,316,807,89
319,195,268,187,117,184,329,575,786,89
225,147,251,203,146,185,352,471,793,90
280,192,231,186,131,166,310,483,813,90
503,316,326,248,166,233,389,610,797,90
340,199,356,275,165,229,309,602,851,90
537,399,178,149,121,149,381,333,788,90
586,428,222,152,115,175,369,326,807,91
599,388,334,263,170,229,393,393,808,91
243,154,279,209,132,192,307,589,833,91
652,337,273,191,101,158,429,642,841,91
657,433,246,187,137,181,426,382,820,91
562,433,146,105,85,121,346,322,813,91
542,291,299,232,148,206,423,520,811,91
486,297,285,230,140,191,370,651,831,92
281,203,125,95,71,98,324,322,810,92
589,342,340,255,160,233,416,576,847,92
319,197,307,230,146,201,302,619,865,92
415,301,208,153,114,162,373,400,810,92
305,191,198,156,113,149,437,322,805,92
550,368,265,199,140,197,426,448,805,92
204,145,160,128,101,125,330,321,811,92
219,151,162,137,96,122,307,314,827,93
572,370,307,262,185,222,409,558,842,93
209,140,198,147,102,143,317,452,807,93
635,416,229,164,116,172,411,355,827,93
500,376,200,139,114,169,341,319,801,93
480,326,222,172,126,168,402,423,797,93
225,150,166,144,110,131,374,311,774,93
527,389,306,221,166,242,411,336,834,93
537,352,188,130,94,143,437,333,817,93
516,312,313,229,116,166,553,421,788,94
370,243,287,221,153,211,331,597,817,94
646,436,401,299,205,291,404,372,822,94
401,276,252,200,148,191,410,507,830,94
238,172,275,207,166,221,338,648,854,94
329,224,209,147,103,154,356,319,795,94
362,241,180,134,100,139,363,352,809,95
357,241,195,150,105,145,362,390,808,95
232,154,257,194,125,174,270,537,817,95
282,168,211,168,107,148,301,529,848,95
658,451,263,201,143,193,429,495,810,95
210,166,121,84,69,100,273,313,782,95
595,353,256,199,121,167,422,390,827,95
375,271,165,121,90,127,363,329,807,95
481,342,174,138,105,138,393,420,793,95
312,168,276,225,137,182,338,636,831,95
571,406,231,174,127,173,388,362,771,95
536,380,173,122,92,134,363,334,809,95
366,270,217,140,100,162,383,324,815,95
646,410,302,235,155,208,427,629,869,96
524,387,220,153,112,169,368,317,762,96
363,167,329,237,121,180,438,607,798,96
396,217,256,183,106,166,398,602,788,96
358,254,239,157,113,178,392,398,797,96
390,260,212,162,117,157,357,487,797,96
284,177,275,188,125,196,347,584,821,96
413,220,319,249,159,213,434,617,842,96
635,433,271,203,157,214,534,431,794,96
527,318,245,185,116,167,423,463,819,96
607,379,335,259,183,248,423,664,862,96
585,357,298,203,143,222,442,474,772,96
188,144,147,115,84,110,401,214,779,97
666,371,341,255,156,222,469,907,834,97
487,347,213,151,112,164,368,428,799,97
577,410,294,203,147,222,406,367,813,97
718,437,300,231,149,205,471,525,785,97
661,404,269,168,137,227,426,464,810,97
646,427,269,203,143,198,414,354,775,97
303,216,190,133,100,145,300,430,808,97
450,371,138,109,91,115,342,319,798,97
412,202,384,258,147,235,505,622,859,98
609,396,285,197,141,210,401,387,803,98
672,414,298,225,159,218,404,696,850,98
173,169,108,71,72,108,342,1,208,98
555,314,393,282,152,231,509,609,850,98
580,348,238,174,123,176,482,332,820,98
246,180,159,122,91,121,304,311,782,98
725,461,339,258,177,243,403,447,810,98
575,394,226,180,129,168,389,339,803,98
245,147,280,211,120,174,261,658,851,99
424,288,296,223,149,211,451,421,974,99
428,289,257,189,143,198,390,398,823,99
316,244,155,119,88,119,309,336,793,99
411,279,319,237,174,246,413,467,825,99
330,260,176,137,111,146,340,310,808,99
499,281,369,259,156,234,445,612,848,99
400,321,214,160,128,178,344,291,795,100
382,258,240,174,127,183,388,333,802,100
332,183,174,152,89,112,563,1,145,100
347,245,171,127,90,126,273,467,729,100
583,389,182,117,79,133,390,341,806,100
456,332,157,123,88,117,389,337,824,100
502,350,172,133,97,129,382,349,795,100
561,384,268,203,160,215,483,427,790,100
421,323,171,122,98,141,331,332,824,100
201,138,215,166,111,154,240,539,774,100
500,242,363,266,155,233,464,694,862,101
319,255,125,95,83,108,313,263,772,101
494,313,256,185,122,181,411,484,843,101
394,289,241,167,128,190,356,297,794,101
635,419,230,162,111,170,392,377,823,101
500,270,333,270,177,225,429,623,837,101
394,282,186,136,96,136,338,308,812,101
330,248,158,126,103,132,356,317,755,101
265,196,174,131,102,138,329,357,814,101
652,436,225,174,116,158,412,317,793,102
542,376,283,227,146,198,364,499,805,102
310,162,303,218,133,207,359,661,830,102
551,357,218,164,113,156,377,331,816,102
323,213,295,232,158,210,354,455,791,102
355,241,258,194,133,188,377,490,822,102
529,354,206,152,101,147,382,320,824,102
627,447,216,163,120,165,396,333,818,102
429,271,189,134,98,142,473,297,806,102
561,358,164,129,81,105,320,677,811,102
518,378,155,126,96,121,342,318,773,102
487,347,224,160,122,179,401,317,788,102
466,296,295,208,142,211,412,614,810,102
409,307,215,163,121,165,334,320,789,103
533,274,360,263,123,198,514,345,792,103
429,329,142,107,83,112,307,320,784,103
298,197,181,131,88,131,348,330,820,103
269,183,322,235,161,231,420,496,836,103
310,209,171,116,81,126,350,320,779,103
698,402,379,288,186,256,429,656,832,104
403,309,165,127,100,132,315,296,780,104
620,381,339,228,154,237,492,561,834,104
504,351,230,149,108,178,396,347,829,104
268,175,174,112,74,123,371,313,820,104
257,158,243,185,124,171,269,553,803,104
717,483,290,224,160,216,406,477,805,104
576,419,127,112,86,99,373,333,819,104
592,377,283,213,137,186,503,656,828,104
676,439,332,251,170,234,355,592,799,104
511,343,278,178,136,221,468,395,802,104
446,276,237,183,117,162,454,346,777,104
625,444,279,206,161,223,476,484,770,105
237,162,239,182,123,174,279,583,836,105
376,224,129,96,62,93,363,649,850,105
698,450,224,172,117,160,412,497,816,105
499,350,154,99,70,116,355,317,792,105
424,266,269,192,133,194,408,539,870,105
709,407,421,324,186,265,427,695,855,106
570,386,266,208,149,201,416,531,803,106
419,245,219,153,100,153,397,499,785,106
667,368,368,305,185,232,457,668,823,106
472,332,192,133,99,146,369,343,808,106
259,176,293,218,154,213,266,539,790,106
435,239,368,264,162,242,436,606,830,106
440,302,218,170,126,170,441,333,782,106
246,167,240,175,120,174,341,431,779,106
545,357,251,201,145,189,430,328,793,106
323,228,194,143,108,151,347,311,771,106
631,431,351,292,187,240,407,647,839,107
338,229,199,146,108,152,401,367,754,107
275,180,156,122,86,118,328,308,785,107
193,152,149,115,88,119,304,376,752,107
667,408,345,232,159,253,395,452,823,107
690,396,142,100,61,93,485,464,830,107
662,424,292,215,155,220,421,406,821,107
410,240,344,264,162,225,410,599,851,107
726,470,280,215,150,198,418,640,837,108
462,230,401,272,157,247,456,649,856,108
505,341,309,239,168,223,371,518,761,108
342,219,175,129,92,131,379,350,823,108
268,207,161,122,91,124,318,326,797,108
494,326,214,175,123,160,400,323,817,108
581,353,362,271,167,234,518,638,828,108
232,167,177,126,95,137,281,401,800,108
283,213,194,146,106,146,323,312,805,109
509,383,167,108,82,132,354,326,805,109
440,256,307,257,162,205,390,646,858,109
215,145,201,152,106,147,319,321,801,109
603,420,234,178,126,177,405,307,792,109
333,255,167,111,87,133,372,324,788,109
652,446,250,182,139,196,418,396,804,109
310,182,258,192,122,173,314,549,800,109
404,288,195,143,107,151,408,342,821,110
547,379,248,175,125,186,384,319,813,110
672,474,212,176,130,161,424,317,807,110
676,485,218,146,111,174,383,305,810,110
200,158,141,104,84,116,275,305,777,110
415,289,198,144,102,146,351,326,803,111
464,313,395,283,209,304,480,260,759,111
212,146,197,159,113,147,313,381,818,111
390,291,137,101,84,114,340,349,782,111
477,352,194,149,119,157,327,308,804,111
433,311,166,113,82,126,344,301,755,111
329,227,157,128,84,111,363,359,801,111
601,416,211,156,120,164,388,348,813,112
226,197,168,131,115,147,377,3,493,112
335,205,333,243,153,227,435,633,825,112
531,317,315,220,146,223,408,625,823,112
374,294,201,142,112,160,350,302,825,112
305,206,227,172,124,170,337,379,817,112
724,473,236,187,126,166,393,319,793,112
468,299,265,216,153,197,386,511,782,112
515,326,275,194,137,202,426,521,804,112
293,189,164,121,86,121,387,335,815,112
597,422,271,195,132,191,493,357,740,112
551,384,240,177,123,174,398,386,797,112
565,423,146,116,95,122,355,328,795,113
305,247,175,110,90,147,364,335,819,113
442,277,409,307,199,284,436,620,829,113
330,259,135,105,88,114,344,317,772,113
534,397,147,119,90,114,353,339,762,113
238,180,161,130,102,128,304,323,808,113
506,385,181,133,105,147,380,363,792,113
376,240,306,218,139,204,510,528,797,113
617,418,272,187,141,215,416,382,809,113
399,255,302,209,131,205,414,607,823,113
512,329,264,180,125,190,410,347,757,114
578,405,190,159,118,146,387,329,800,114
472,325,196,156,106,138,435,386,1013,114
366,252,237,167,117,177,405,426,792,114
349,218,207,142,96,150,402,335,836,114
579,419,235,192,146,184,411,317,904,114
457,303,265,194,129,183,386,318,822,114
314,246,173,109,87,142,319,328,804,114
327,218,324,228,164,245,452,329,807,114
437,296,209,167,125,160,392,359,752,114
477,254,420,311,176,256,375,922,830,114
465,326,231,186,140,180,370,348,786,114
442,313,212,141,101,164,343,313,798,114
202,150,170,128,92,126,294,315,812,114
307,177,370,290,166,230,303,612,835,115
438,292,225,180,126,170,375,465,796,115
392,234,280,203,127,190,350,611,757,115
551,420,188,158,127,150,406,322,802,115
662,425,378,282,190,274,424,590,823,115
528,389,170,112,85,134,470,331,818,115
285,184,196,148,100,137,272,536,816,115
580,377,309,222,154,222,423,628,821,116
541,398,192,138,105,148,366,316,797,116
450,293,272,184,127,198,417,483,813,116
365,256,157,118,89,121,344,317,801,116
588,367,341,260,151,214,422,712,906,116
392,279,178,140,99,131,328,302,817,116
440,317,191,142,95,137,318,410,810,116
497,350,275,184,136,214,423,404,801,116
620,362,291,220,143,203,420,647,849,116
299,237,183,142,115,149,296,396,822,116
382,283,164,132,97,126,412,313,772,116
431,348,170,132,114,148,320,312,770,117
496,375,188,129,102,150,339,301,821,117
524,405,142,113,93,117,337,320,785,117
248,183,157,109,82,121,346,326,788,117
348,236,191,139,97,141,292,501,787,117
493,365,201,136,109,165,365,309,818,117
313,179,216,162,108,151,391,445,837,117
651,434,288,223,137,193,457,311,792,117
227,157,230,184,133,170,289,401,778,117
346,250,153,113,80,116,336,322,771,117
655,461,205,147,109,161,383,425,816,118
530,369,257,182,135,198,392,384,813,118
529,332,380,291,175,254,437,624,842,118
358,232,293,235,164,211,401,466,828,118
342,187,346,274,170,228,406,634,829,118
361,237,156,116,88,121,354,324,785,119
317,203,256,196,136,184,384,369,814,119
273,180,113,89,63,85,604,0,238,119
620,342,305,210,128,202,427,634,824,119
395,259,191,143,100,141,377,326,801,119
367,273,177,145,113,139,368,409,939,119
625,420,263,200,136,192,425,395,769,119
492,355,162,106,79,128,356,324,783,119
588,458,159,115,95,134,351,332,801,119
316,224,195,149,105,145,376,323,797,120
432,329,141,118,99,119,443,217,737,120
696,476,274,191,144,219,390,414,805,120
519,327,301,220,158,227,417,339,809,120
525,298,344,256,152,227,424,604,802,121
605,420,319,232,166,231,388,310,805,121
392,237,328,234,148,218,375,639,860,121
508,395,111,91,74,92,321,323,781,121
429,237,342,259,142,200,402,653,833,121
225,153,186,147,106,139,303,309,799,121
211,151,177,144,109,136,337,367,807,122
656,443,203,161,110,145,390,321,805,122
364,258,153,125,93,116,343,318,810,122
398,286,227,185,137,173,368,311,813,122
552,268,241,195,90,117,342,977,855,122
492,305,224,196,129,153,481,317,804,122
544,380,202,153,114,157,394,340,801,123
654,447,219,163,122,171,464,333,802,123
652,475,275,198,154,218,415,409,817,123
395,262,286,199,140,214,424,536,811,123
676,378,302,224,139,195,456,604,826,123
673,394,315,235,155,218,422,630,844,123
713,458,276,207,139,196,417,412,810,123
560,385,334,235,158,236,405,364,829,123
304,216,191,148,106,144,349,319,785,123
458,354,151,115,94,126,356,324,802,124
622,377,332,254,172,234,502,592,815,124
721,459,293,209,138,210,424,498,829,124
312,213,202,142,99,152,372,320,818,124
519,296,244,183,123,171,486,317,791,124
335,192,176,137,92,124,401,352,799,124
316,236,251,203,133,179,366,309,804,124
648,433,241,186,125,164,418,370,798,124
709,383,383,292,189,264,495,628,836,124
412,298,175,141,107,138,378,334,817,124
427,308,183,142,104,138,366,335,787,124
661,381,437,323,172,253,421,767,842,124
438,324,167,132,100,131,367,322,785,124
557,402,218,164,122,167,392,349,792,124
558,402,206,162,124,160,387,299,773,125
358,226,218,177,123,157,363,497,823,125
389,259,156,126,96,121,370,208,807,125
690,360,418,328,180,255,467,805,849,125
601,416,208,155,114,158,375,348,816,125
221,134,197,156,103,140,278,478,806,126
284,220,216,180,145,174,426,316,818,126
547,335,202,146,95,141,397,322,828,126
433,339,240,167,140,201,453,313,799,126
408,275,221,167,130,177,443,319,790,127
584,397,234,150,100,168,367,302,793,127
363,260,161,118,89,125,380,331,802,127
270,197,175,138,105,136,306,291,739,127
318,216,285,219,135,193,278,610,809,127
526,362,261,178,125,194,448,502,788,127
267,190,232,161,110,167,262,538,812,127
246,172,158,113,84,125,352,318,813,127
323,203,273,197,119,179,247,623,833,127
574,423,334,244,192,265,388,477,791,127
419,310,179,130,96,138,333,326,784,127
584,365,290,221,154,208,421,600,833,127
372,230,273,224,143,181,329,567,814,127
421,281,234,192,136,170,281,588,821,127
324,183,208,171,92,127,600,1,135,128
430,263,206,147,98,144,396,438,797,128
693,475,281,215,150,213,402,330,756,128
464,300,242,179,130,181,377,558,768,128
484,324,235,170,123,179,394,482,789,128
560,389,232,177,130,177,362,319,810,128
445,311,268,198,149,210,410,509,780,128
226,171,185,122,94,147,375,349,765,129
534,256,355,266,161,235,504,615,827,129
440,297,269,217,156,200,345,488,794,129
618,386,272,210,142,189,379,520,800,129
303,177,209,158,108,153,406,327,826,129
413,295,177,140,103,133,352,310,791,129
285,181,296,221,144,200,402,448,803,129
724,478,375,286,206,279,424,478,801,130
436,319,229,190,139,175,471,368,797,130
439,293,232,199,130,160,392,375,821,131
571,335,427,345,215,271,515,588,848,131
438,328,188,142,114,152,375,274,801,131
446,322,184,143,108,147,379,323,795,131
500,380,204,164,123,160,378,296,808,131
348,232,195,149,107,145,344,518,807,131
471,315,201,137,95,143,376,319,779,131
577,436,174,122,93,134,335,399,805,131
504,298,279,215,144,197,425,628,815,131
373,221,280,211,138,199,370,548,818,131
357,258,121,91,73,99,347,317,789,132
596,434,201,158,117,153,391,307,802,132
377,333,220,181,170,203,411,80,662,132
462,312,248,196,143,188,379,550,793,132
374,173,267,180,92,150,514,624,847,132
256,150,163,118,79,117,367,324,813,132
326,218,184,136,101,142,372,328,827,132
352,299,159,134,115,135,315,290,791,132
473,262,376,278,170,248,465,640,856,132
585,386,242,186,128,175,397,312,796,132
478,259,283,198,126,195,410,639,777,132
416,249,128,87,57,86,365,548,792,132
609,367,315,220,147,226,432,644,816,132
472,325,286,224,163,212,424,354,802,133
308,183,297,212,139,208,338,612,788,133
447,213,305,231,125,168,485,441,850,133
607,431,244,160,123,194,445,328,777,133
268,183,209,148,105,153,383,335,831,133
335,206,361,271,169,246,441,588,865,133
459,340,189,145,106,144,388,339,811,133
599,359,410,269,150,245,566,496,832,133
388,307,189,135,106,151,414,324,825,134
325,196,217,173,130,168,489,392,815,134
544,306,370,269,145,230,490,587,852,135
565,354,189,139,90,133,408,382,820,135
450,290,280,196,134,201,364,436,798,135
262,190,167,130,98,127,329,315,797,135
254,191,129,99,80,105,362,188,766,135
338,199,318,238,141,199,380,544,812,135
511,311,272,196,125,186,432,588,785,135
489,344,234,163,113,178,385,324,834,135
441,334,163,134,114,137,356,328,818,135
588,342,415,295,173,269,475,621,833,135
537,356,337,261,218,283,505,306,650,136
585,406,175,144,107,132,387,315,818,136
550,419,104,74,58,86,315,311,770,136
280,206,165,127,99,131,321,317,804,136
299,181,311,219,139,210,405,583,801,137
273,173,221,164,98,141,326,470,796,137
405,277,220,162,128,179,428,480,806,137
479,333,244,175,126,190,384,321,828,137
369,286,138,103,81,113,320,325,791,137
442,268,261,200,143,196,460,474,795,137
650,346,299,233,137,192,421,646,783,137
421,250,274,212,134,188,393,526,831,137
519,357,212,150,112,169,374,332,796,137
664,470,203,149,108,153,409,342,765,137
610,365,262,194,115,166,449,527,851,137
227,147,247,179,127,183,285,482,806,137
292,222,204,142,102,151,295,352,779,137
451,282,322,244,122,172,340,585,845,138
422,301,157,128,98,124,387,333,801,138
215,174,117,94,82,100,464,2,194,139
355,230,226,167,105,152,469,381,814,139
305,231,148,105,82,119,307,314,786,139
607,335,351,267,177,239,509,649,857,139
569,361,204,161,108,144,405,328,794,139
305,217,181,137,101,137,319,304,785,139
671,359,399,326,217,274,456,1023,886,139
454,327,197,151,116,153,402,327,827,140
538,359,159,125,88,118,359,286,820,140
623,418,416,290,195,290,502,575,829,140
279,216,172,128,98,136,318,305,791,140
670,362,469,354,182,264,446,708,815,140
533,333,307,233,161,209,367,656,835,141
346,237,167,126,98,132,449,323,800,141
505,344,335,242,171,244,479,486,796,141
445,336,191,152,121,156,370,317,807,141
439,271,346,290,199,256,416,615,845,141
478,330,178,132,99,137,382,255,792,141
575,411,319,235,173,241,404,306,792,142
308,220,221,160,125,174,375,470,754,142
460,367,152,120,99,128,338,323,770,142
460,264,275,205,130,193,414,470,810,142
420,337,219,144,115,177,419,326,798,142
292,234,200,149,129,173,353,329,819,142
643,464,178,131,95,131,344,331,816,143
623,325,339,231,130,208,434,638,841,143
515,284,259,205,128,167,524,329,820,143
347,212,224,182,130,166,412,440,750,143
490,338,236,170,125,180,376,392,820,144
720,429,358,265,168,244,441,501,795,144
509,302,267,204,125,178,378,575,808,144
563,417,194,135,107,158,376,348,791,144
466,344,214,169,125,164,386,365,767,144
458,287,303,208,148,218,511,410,792,144
584,384,297,212,148,213,451,450,813,144
332,216,175,131,86,124,363,319,786,144
575,403,197,149,108,149,382,334,805,144
614,426,244,177,127,186,389,361,801,144
484,305,306,242,159,207,334,588,857,144
186,132,177,134,98,133,291,309,827,144
496,338,290,218,158,215,446,413,821,144
451,323,188,142,108,149,380,321,807,144
400,267,272,208,147,205,418,456,809,145
261,180,173,127,86,123,362,318,811,145
561,381,219,158,110,160,417,422,783,145
376,253,164,125,91,124,390,337,826,145
467,293,330,255,193,251,445,607,830,145
299,202,166,136,102,129,391,315,811,145
523,302,415,294,157,247,493,636,864,145
326,195,306,208,138,214,462,456,837,145
635,386,309,215,136,211,470,510,811,145
510,282,472,351,236,327,521,622,862,145
395,279,194,154,109,144,391,400,789,145
364,254,242,190,137,183,363,559,782,145
542,365,246,184,130,177,376,562,749,145
478,292,412,304,180,260,486,464,837,145
639,402,217,159,112,160,467,448,791,145
699,476,233,192,138,173,420,411,818,146
419,326,130,88,72,108,293,310,786,146
394,285,188,147,106,139,318,296,804,146
407,263,310,250,166,220,504,395,785,147
509,381,255,194,148,197,403,308,784,147
322,263,122,85,68,101,300,326,756,147
292,181,275,181,116,195,363,513,814,147
478,323,166,126,96,130,367,316,792,147
706,396,374,256,165,255,437,519,801,147
470,345,238,187,134,174,345,312,786,147
725,423,267,194,129,184,420,521,814,147
513,335,277,192,127,198,502,348,827,147
684,403,488,350,220,308,552,626,874,147
564,356,265,190,124,185,491,381,821,147
480,328,224,157,119,173,438,340,809,147
716,382,251,187,95,142,456,629,832,147
265,184,194,144,103,143,399,303,805,148
546,355,337,247,159,255,594,0,245,148
703,482,210,165,119,157,369,392,800,148
316,232,183,138,111,147,362,300,776,148
533,380,192,143,108,149,375,306,816,148
367,273,148,103,75,114,359,324,781,149
550,337,275,192,133,200,419,556,786,149
298,205,241,170,114,175,399,315,817,149
588,414,225,175,130,172,366,304,816,149
626,361,538,375,224,339,495,991,882,149
658,378,347,266,170,230,441,657,836,149
350,221,199,140,98,146,420,319,815,149
398,285,227,153,114,180,379,330,763,149
440,272,225,173,117,163,389,328,816,150
336,232,146,117,85,108,351,303,773,150
484,266,301,216,138,208,437,608,845,150
432,298,297,192,131,217,435,398,805,150
566,363,188,135,89,127,437,576,803,150
572,359,258,205,131,178,366,568,789,150
319,202,252,195,117,169,388,343,817,150
559,377,317,238,175,244,378,445,791,150
570,434,160,123,102,133,381,340,821,150
417,280,249,186,128,178,417,322,799,151
484,355,265,173,131,207,383,487,802,151
444,239,359,261,152,225,492,621,854,151
398,265,181,132,100,145,410,313,790,151
624,387,322,251,155,219,413,630,819,151
506,384,190,119,90,149,361,335,775,151
434,317,166,126,95,130,343,310,814,151
416,289,231,163,118,176,409,334,786,152
270,188,147,117,84,111,402,355,798,152
263,182,195,138,102,154,375,337,809,152
369,227,137,102,71,101,390,653,824,152
545,292,262,192,120,180,475,574,799,152
453,337,172,130,97,131,439,316,764,152
384,230,169,125,90,127,442,326,821,152
513,321,326,238,160,228,472,66,754,153
223,151,236,177,123,171,189,634,834,153
232,175,98,73,61,84,321,161,728,153
524,330,225,167,117,167,395,401,783,153
589,405,312,231,165,230,389,369,803,153
374,267,191,127,90,143,415,306,792,153
595,354,261,191,118,176,392,449,831,153
640,338,516,353,226,354,511,628,830,153
378,288,138,109,85,111,366,323,794,153
572,373,192,151,102,135,401,324,805,153
513,366,188,141,106,146,355,326,765,153
459,267,276,210,141,194,401,456,786,153
391,302,146,125,102,120,363,246,786,154
202,138,183,133,97,136,304,384,792,154
314,288,147,99,93,136,331,57,630,154
267,174,280,189,133,207,381,380,784,154
608,368,240,183,115,162,417,321,803,154
688,491,211,150,111,163,385,325,821,154
459,336,154,138,106,123,367,345,774,154
330,237,292,211,143,204,268,524,802,154
509,369,187,149,114,150,382,322,790,155
315,231,214,170,125,163,432,377,804,155
625,437,191,153,107,140,387,291,820,155
440,285,254,199,143,185,387,510,798,155
315,207,239,187,130,176,379,392,792,155
554,384,259,190,148,207,384,299,806,155
588,454,312,216,175,262,462,285,732,155
559,388,222,164,118,169,410,469,810,155
535,368,133,98,71,99,271,812,830,156
400,286,152,117,90,118,375,325,788,156
273,203,133,113,87,107,328,315,802,156
435,256,341,250,169,240,434,576,795,156
624,388,380,304,207,264,493,579,849,156
405,264,249,189,130,177,463,405,781,156
456,273,321,225,146,215,427,622,836,156
666,409,287,233,151,191,419,449,758,156
394,273,285,181,129,210,387,475,824,157
526,370,176,133,100,139,390,343,796,157
621,370,340,262,167,229,384,581,807,157
618,325,311,232,135,194,421,395,812,157
244,148,281,198,126,190,301,646,844,157
412,298,327,234,183,271,467,319,774,157
543,331,330,231,143,210,532,424,818,157
460,357,160,120,100,139,339,332,808,157
483,309,297,202,135,208,399,492,835,157
681,459,249,180,129,189,424,444,812,157
445,312,260,202,135,184,398,440,835,157
424,349,126,102,84,103,298,293,767,158
541,312,289,231,151,207,432,538,803,158
540,363,312,260,166,207,497,231,753,158
439,337,259,187,139,200,428,315,867,158
493,379,216,186,154,177,381,351,787,158
449,324,252,208,155,193,376,299,824,158
473,304,202,165,112,145,671,654,1023,158
379,228,211,152,113,164,472,322,833,158
322,200,213,155,108,153,384,335,808,158
517,343,335,273,185,241,416,620,923,158
444,301,285,224,157,208,469,566,832,158
574,397,286,198,139,215,401,359,813,158
311,232,113,81,65,92,347,215,734,159
679,380,344,261,150,208,451,603,837,159
554,380,177,142,101,132,396,324,824,159
277,192,213,141,103,159,393,305,827,159
391,213,385,269,163,245,447,637,858,159
213,151,272,177,117,193,378,370,810,159
205,157,124,99,75,96,272,299,791,159
629,397,259,190,129,180,434,516,831,159
577,375,238,184,127,175,435,494,815,159
348,207,251,202,128,171,312,563,843,159
370,276,149,97,72,114,358,319,806,160
470,318,217,160,114,164,389,316,815,160
330,243,164,121,94,132,371,323,816,160
473,347,168,131,102,132,399,322,800,160
643,370,385,261,159,254,459,635,821,160
556,393,210,166,122,153,465,331,822,160
352,275,278,240,182,216,560,6,577,160
529,383,176,140,116,147,440,329,809,160
489,242,344,259,148,220,450,654,821,160
310,219,292,205,152,224,460,564,801,160
375,272,124,90,69,99,327,321,809,161
427,226,433,301,157,239,332,958,827,161
528,260,410,316,173,250,434,637,832,161
578,305,294,217,146,207,502,597,802,161
564,320,293,201,116,187,425,550,834,161
422,270,333,255,180,246,420,591,840,162
232,161,179,127,89,132,280,380,789,162
550,292,392,280,181,261,422,605,789,162
538,307,404,310,193,268,470,636,826,162
575,416,181,149,114,142,385,309,814,162
677,453,253,185,135,183,401,450,782,162
625,415,336,223,155,243,424,545,814,162
645,431,243,177,123,179,403,378,807,162
280,226,188,155,126,155,303,311,795,162
479,347,138,109,84,110,349,315,805,162
665,480,213,153,113,168,404,314,780,162
596,375,222,169,107,152,415,390,822,162
435,304,233,192,112,140,475,315,802,162
580,330,274,201,128,182,413,643,840,162
429,270,255,197,137,185,375,324,797,163
385,268,333,236,161,244,451,477,787,163
433,201,339,257,129,187,522,451,835,163
348,188,416,296,168,255,447,596,832,163
370,264,199,134,101,153,387,345,801,163
637,401,218,191,127,151,437,329,846,163
268,171,203,165,112,143,237,473,799,164
466,294,210,177,123,149,383,552,788,164
452,348,126,88,70,104,327,325,795,164
688,387,426,309,188,289,472,622,812,164
412,317,341,227,188,283,499,377,842,164
550,303,382,299,148,214,390,594,868,164
614,341,415,329,209,274,467,702,843,164
645,421,389,255,166,281,444,490,807,164
492,357,256,194,141,199,396,465,963,164
494,377,187,160,135,159,339,297,805,164
303,206,220,169,117,164,409,308,833,164
390,230,260,193,123,179,430,552,815,165
633,446,264,205,168,224,466,385,795,165
500,271,210,153,78,114,381,897,856,165
718,418,296,235,139,185,457,553,797,165
456,260,271,205,113,162,313,631,858,165
521,321,202,141,103,153,483,358,837,165
446,308,273,192,136,204,474,509,804,165
467,305,262,205,135,184,376,560,826,165
405,287,147,124,98,119,378,314,757,165
344,234,119,93,71,93,325,318,799,166
218,171,129,104,87,107,277,323,803,166
566,323,337,242,152,235,505,651,833,166
503,397,170,112,91,140,390,115,726,166
346,269,256,168,136,209,443,308,768,166
435,310,144,119,95,116,360,322,810,167
440,297,185,150,107,142,367,380,782,167
502,331,195,140,99,147,386,466,795,167
522,326,255,154,96,173,505,326,810,167
395,302,138,102,81,112,337,325,815,167
528,332,190,136,93,138,398,346,831,167
435,329,159,125,97,124,339,310,816,167
332,212,244,182,126,179,377,360,810,168
480,281,210,154,102,152,485,532,813,168
654,375,342,251,158,236,437,497,797,168
474,354,308,224,150,213,479,303,825,168
377,239,197,150,100,139,387,308,822,168
396,245,287,228,157,209,379,482,839,168
410,327,131,108,84,104,311,305,758,168
693,469,260,177,127,193,377,321,815,168
353,232,148,119,87,112,359,340,812,168
255,206,158,112,89,127,267,317,769,168
532,370,255,203,146,189,371,310,790,168
308,204,163,128,92,122,368,327,820,168
640,422,195,151,110,147,405,346,809,169
646,346,365,288,177,241,431,541,810,169
386,261,164,136,100,124,364,323,767,169
335,285,127,87,75,111,352,119,736,169
469,281,257,182,122,181,436,558,792,169
594,407,226,176,124,166,421,562,816,169
284,202,209,157,116,161,347,457,818,169
334,213,146,115,88,113,413,323,787,169
389,260,337,227,159,248,403,480,826,169
499,338,189,142,98,140,445,328,800,169
502,305,204,158,107,144,291,639,824,169
343,227,159,131,96,120,369,324,771,170
680,453,162,132,90,116,371,318,803,170
356,257,198,169,118,147,375,387,749,170
358,224,280,191,131,199,303,534,770,170
418,244,342,239,149,228,446,567,800,170
471,269,407,297,184,265,465,650,846,170
296,211,205,147,110,159,368,315,740,170
399,262,204,169,117,147,384,439,831,170
328,255,156,102,81,128,358,296,764,170
491,280,307,223,149,214,401,643,823,170
456,328,178,134,103,142,404,341,825,170
417,268,157,127,91,118,395,343,789,171
462,267,263,191,137,194,523,324,812,171
609,411,183,135,98,139,385,349,780,171
693,469,177,139,103,134,456,322,809,171
544,399,150,107,82,120,341,329,796,171
250,227,153,112,107,145,406,2,222,171
392,240,203,155,109,146,360,533,799,171
628,399,250,192,133,181,401,387,774,171
470,339,180,121,89,139,340,328,808,172
274,201,146,112,84,112,331,322,786,172
483,351,227,160,124,176,306,480,790,172
361,237,158,132,95,118,349,309,790,172
482,335,373,261,177,266,464,461,789,172
415,285,196,156,115,150,342,423,793,172
464,252,356,262,162,231,432,557,831,172
223,176,153,122,97,123,305,308,817,172
498,358,326,223,157,248,463,325,819,172
274,140,219,160,104,154,632,0,133,172
449,354,331,236,187,275,487,564,759,172
675,473,278,186,139,217,407,584,811,172
342,260,140,100,82,116,354,238,755,173
562,309,427,314,188,283,496,665,858,173
330,233,175,133,98,131,348,393,746,173
513,306,216,156,105,158,404,511,791,173
432,290,376,265,177,266,431,517,838,173
230,196,160,119,101,134,294,291,817,173
631,335,315,225,145,212,427,698,834,173
248,160,200,150,102,140,374,357,823,173
642,473,212,155,122,171,384,356,794,173
505,356,231,170,126,178,369,330,811,173
633,331,437,361,212,286,499,610,868,174
388,263,152,121,90,120,363,318,764,174
457,331,236,158,118,184,362,298,814,174
322,208,205,161,115,150,367,476,802,174
558,410,220,148,111,172,373,301,818,174
494,325,217,154,111,160,389,305,797,174
308,186,358,258,163,245,442,617,819,174
244,202,149,126,103,122,315,325,808,174
431,263,374,283,185,263,438,568,815,174
476,360,220,187,157,181,484,326,829,174
482,308,297,208,153,226,362,491,817,174
258,188,153,111,88,127,367,163,790,174
432,340,177,115,91,144,373,315,779,174
675,454,218,158,115,164,474,336,769,174
637,428,238,189,137,179,388,411,803,175
383,243,194,155,113,147,392,390,786,175
613,415,230,165,123,178,411,459,799,175
395,278,166,120,85,125,364,303,808,175
492,283,330,238,154,228,424,584,808,175
308,217,151,120,91,118,307,342,786,175
479,395,175,117,104,156,409,148,749,175
311,246,264,212,177,220,380,1,205,175
590,334,470,378,181,233,481,624,845,175
352,233,208,159,117,156,365,297,814,175
288,210,117,90,69,91,330,327,807,176
553,324,283,226,154,202,413,542,854,176
415,297,203,171,131,155,375,318,792,176
523,366,196,161,123,154,390,306,794,176
453,284,199,147,99,146,401,337,795,176
548,402,158,117,89,126,354,321,805,176
384,273,180,126,93,137,339,342,771,176
340,211,332,234,158,238,383,543,793,176
390,258,236,177,131,185,403,406,815,176
378,273,202,149,108,152,394,391,827,176
618,410,317,213,141,220,463,365,508,176
254,187,196,162,127,159,332,281,778,176
573,416,191,141,105,145,339,307,792,177
424,314,192,133,109,159,379,329,799,177
694,472,291,205,148,223,423,430,820,177
287,211,225,143,104,169,398,300,815,177
329,212,294,203,134,209,474,329,798,177
613,395,231,177,123,168,447,326,843,177
718,447,301,226,130,185,421,622,783,177
579,418,246,182,133,186,399,317,795,177
566,413,245,158,116,195,391,311,784,177
451,283,314,220,129,201,432,635,864,178
338,252,138,115,92,110,327,288,774,178
224,176,108,89,72,89,299,308,790,178
218,133,251,200,135,168,465,488,805,178
672,453,307,230,164,228,413,556,801,178
390,266,201,156,112,152,380,334,837,178
434,252,257,186,130,187,466,332,810,178
455,347,229,181,140,179,401,317,793,179
402,269,247,186,129,175,313,556,789,179
152,138,112,79,73,104,322,1,203,179
452,334,183,131,100,147,368,318,788,179
627,378,309,255,182,223,434,551,838,179
619,475,351,249,194,282,482,191,691,179
209,147,184,134,90,132,395,309,811,179
415,247,226,184,131,170,458,394,816,179
631,332,504,377,178,249,461,866,841,179
578,335,388,299,180,245,481,433,829,179
322,277,149,130,117,131,375,1,202,180
633,355,356,257,163,256,413,627,834,180
521,277,301,223,145,206,444,513,824,180
430,334,227,161,128,185,470,335,841,180
536,388,374,286,220,292,492,652,794,180
318,261,158,118,98,134,306,301,793,180
358,217,189,155,103,132,371,330,813,180
636,405,269,197,140,198,405,391,793,180
535,365,258,221,162,198,403,314,803,180
427,337,145,114,95,121,317,327,809,180
580,396,219,185,130,158,402,334,780,180
652,342,399,297,184,260,443,580,815,180
368,264,120,85,68,97,325,336,800,180
363,242,297,198,135,218,358,493,791,180
282,199,171,142,105,131,347,304,798,180
437,257,287,215,148,207,438,589,797,180
639,362,348,256,165,241,454,650,843,180
481,369,159,129,105,131,365,323,835,181
428,224,344,259,155,226,421,582,833,181
567,400,177,134,101,137,375,309,819,181
327,197,298,191,122,208,412,522,826,181
458,263,351,238,142,235,452,658,817,181
517,289,335,246,162,230,507,651,839,181
579,397,135,95,67,102,366,328,926,181
340,245,175,128,96,140,322,311,795,181
426,254,251,192,126,174,400,529,797,181
348,224,228,167,110,159,298,550,810,181
278,222,157,116,92,126,320,316,796,181
663,353,319,269,177,219,539,356,812,181
444,239,298,226,144,202,402,405,825,181
355,271,236,169,127,186,428,300,807,181
336,229,265,191,137,194,369,292,824,181
557,410,248,187,131,177,408,339,798,181
522,399,236,187,144,189,349,305,775,182
579,409,239,174,126,181,469,332,800,182
527,384,353,270,195,264,443,650,853,182
404,215,253,177,103,156,476,478,813,182
546,319,317,255,169,227,417,643,825,182
666,487,267,187,142,208,402,389,821,182
362,266,246,152,112,192,365,292,803,182
362,270,185,132,100,141,336,299,773,183
551,348,235,161,106,169,380,465,785,183
490,291,243,172,115,172,411,575,819,183
490,306,428,365,247,306,418,601,827,183
573,301,382,296,190,253,457,513,837,183
487,336,258,183,125,193,379,320,823,183
314,233,210,152,114,159,435,348,809,183
704,444,304,254,171,211,402,604,796,183
588,410,267,195,143,201,428,568,818,183
681,440,295,240,162,208,452,334,795,183
554,323,256,198,127,170,439,555,824,184
696,429,316,239,158,219,449,434,804,184
336,242,204,167,133,165,369,342,821,184
464,348,209,163,113,151,411,2,212,184
640,456,182,139,103,139,358,314,821,184
641,368,389,307,206,263,438,504,846,184
718,386,385,290,173,247,450,651,839,184
412,271,274,196,144,213,381,474,795,184
273,153,256,180,113,173,432,579,882,184
619,408,123,83,58,89,383,521,803,184
412,290,160,108,80,123,381,349,793,184
257,181,248,193,130,180,353,307,791,184
193,172,110,81,73,99,341,1,201,184
431,231,325,271,176,221,408,653,852,184
337,231,189,143,106,147,355,394,739,184
557,321,289,217,140,199,427,468,805,185
627,360,403,289,155,242,498,539,847,185
555,314,323,221,137,215,545,573,1023,185
638,392,262,218,140,180,407,432,794,185
247,155,320,233,74,107,0,1023,837,185
405,221,334,256,159,227,420,606,828,185
222,187,144,104,86,119,266,326,805,185
345,233,241,166,120,183,380,313,805,185
277,219,147,106,78,114,276,329,811,185
376,268,186,161,128,148,365,334,821,185
501,327,199,152,107,144,391,333,787,185
383,218,279,226,130,173,369,658,859,185
236,146,150,109,76,110,395,321,779,185
633,435,246,181,133,188,384,403,786,185
728,485,293,208,142,212,432,417,811,185
225,168,184,145,111,146,297,316,800,186
565,389,308,221,144,212,506,513,811,186
408,265,173,109,77,128,418,211,739,186
701,386,409,314,185,267,467,546,822,186
673,408,478,355,219,320,471,833,867,186
567,346,294,218,128,182,367,624,863,186
371,276,210,163,131,172,374,331,803,187
645,375,223,161,98,148,417,431,819,187
415,296,169,125,89,126,339,311,814,187
246,146,260,189,123,180,281,577,778,187
553,378,284,204,148,212,382,368,819,187
652,378,325,277,170,203,417,579,802,187
439,287,221,178,130,169,403,321,821,187
675,413,401,307,185,257,427,580,840,187
584,302,356,237,122,193,526,437,803,187
456,295,325,221,142,226,381,545,809,187
336,238,179,141,104,137,415,188,786,187
438,312,300,236,173,227,405,557,829,188
236,185,205,156,126,171,346,302,812,188
595,427,127,110,84,98,374,337,803,188
522,346,251,166,107,170,495,355,807,188
521,367,188,136,100,141,378,314,813,188
236,195,188,153,134,162,390,318,796,188
563,416,219,164,123,171,376,332,793,188
527,333,309,247,156,210,344,557,780,188
322,242,105,77,64,87,328,326,798,188
424,319,145,111,87,117,339,321,796,189
480,324,260,189,142,200,388,463,812,189
713,387,333,242,156,232,462,817,844,189
439,248,249,188,121,168,416,349,802,189
568,417,184,141,112,146,369,295,776,189
433,266,255,173,116,181,456,369,798,189
200,142,168,121,94,135,313,321,818,189
328,206,144,105,75,109,360,328,831,189
656,471,221,144,105,169,360,323,793,190
504,329,255,188,135,191,407,312,802,190
521,304,293,191,128,208,537,492,806,190
289,219,134,104,81,107,328,631,830,190
320,223,206,142,106,160,392,427,788,190
286,198,188,136,103,145,425,207,796,190
495,308,195,143,89,132,386,332,809,190
262,165,199,159,102,138,260,516,819,190
560,420,220,146,113,175,357,326,775,190
299,221,141,110,88,115,318,321,793,190
674,424,264,219,156,198,432,528,745,191
347,247,191,129,95,147,383,325,799,191
145,134,166,125,122,160,334,3,427,191
472,346,344,268,207,270,503,488,792,191
678,402,319,247,161,223,405,458,783,191
489,358,147,117,98,123,372,317,806,191
652,384,258,191,128,186,421,505,787,191
384,286,178,137,106,146,367,235,807,191
364,284,208,147,116,167,364,284,758,191
438,271,223,150,100,159,399,435,819,191
422,276,174,133,91,128,366,309,802,191
586,338,326,253,186,251,608,7,614,191
339,252,168,130,107,140,358,286,796,191
341,212,256,208,145,187,372,638,839,191
410,250,317,224,158,229,513,625,820,192
689,419,303,227,155,216,407,520,805,192
557,298,343,253,148,215,439,558,825,192
429,351,236,177,138,193,371,2,205,192
461,234,435,341,204,262,107,1023,817,192
600,364,285,216,139,199,423,656,825,192
447,323,166,128,94,125,363,329,818,192
707,434,398,286,175,263,446,610,794,192
468,335,206,166,123,160,383,299,737,192
460,314,175,130,100,138,469,330,819,192
688,454,270,189,126,195,386,404,802,192
413,268,232,158,107,169,384,346,820,192
489,338,259,206,145,188,361,566,810,192
344,216,142,112,89,114,472,321,777,193
457,341,212,139,103,167,350,356,786,193
563,328,302,221,139,210,408,530,794,193
310,225,146,121,94,116,354,325,804,193
504,357,175,123,92,136,393,289,808,193
255,175,211,157,111,150,394,333,805,193
440,337,229,172,127,178,333,284,804,194
532,371,246,163,122,193,370,317,784,194
385,273,421,376,262,325,728,0,722,194
547,372,180,144,99,129,378,317,787,194
594,320,272,208,133,185,422,402,839,194
564,333,195,152,93,127,397,389,781,194
717,462,354,285,187,245,429,483,806,194
522,372,254,191,141,197,352,490,803,195
340,255,257,191,141,196,379,331,802,195
239,167,171,124,95,136,299,296,804,195
516,377,204,158,130,171,425,319,786,195
588,344,372,278,182,253,521,630,833,195
428,315,290,238,169,217,469,319,806,195
452,318,256,203,149,194,376,308,808,195
523,327,365,283,199,268,411,608,838,195
495,338,182,152,111,137,378,324,789,195
361,237,251,180,127,188,392,334,833,195
240,167,206,145,99,148,337,397,801,195
262,194,162,118,87,124,318,308,784,195
520,372,198,132,99,155,358,312,766,196
645,455,309,233,178,242,414,474,813,196
403,303,223,145,110,174,385,318,785,196
599,387,298,243,162,210,396,469,818,196
382,231,205,153,96,139,408,366,826,196
329,227,268,183,126,200,361,397,808,196
562,391,211,159,109,157,398,365,816,196
569,380,300,241,154,205,370,581,841,196
682,438,311,217,163,239,440,510,847,196
525,386,263,212,151,193,330,611,838,196
409,323,199,149,120,163,379,310,786,197
457,314,239,177,124,175,392,491,819,197
386,241,186,135,92,136,384,326,790,197
592,359,297,225,155,216,480,619,839,197
498,310,289,226,159,216,423,529,821,197
443,289,197,147,102,142,389,332,785,197
442,228,336,249,149,214,436,668,827,197
294,199,184,146,107,140,310,303,791,197
451,337,126,91,74,105,330,323,816,197
440,318,240,164,122,186,362,519,773,197
503,385,158,122,99,131,356,316,779,197
364,245,216,138,104,170,410,234,774,197
335,223,210,158,109,150,375,338,807,198
537,278,418,309,185,274,468,620,808,198
412,293,236,185,147,189,377,363,816,198
605,396,231,154,99,161,413,406,801,198
412,322,201,152,122,169,349,315,765,198
257,177,194,150,106,141,309,306,788,198
508,320,322,253,171,223,416,507,827,198
664,494,204,164,128,162,388,331,811,199
386,228,301,246,162,203,352,560,818,199
344,232,248,185,129,180,394,430,808,199
598,442,175,152,115,136,398,335,792,199
683,423,253,184,135,199,471,333,811,199
301,213,172,129,91,128,346,338,797,199
618,430,207,168,122,156,374,309,791,199
397,258,198,139,101,147,366,294,791,200
732,414,148,111,60,87,429,653,859,200
465,267,348,247,156,239,452,464,817,200
618,341,263,181,104,167,429,470,825,200
667,464,224,172,124,167,382,309,831,200
440,333,257,199,150,207,478,339,774,200
442,332,197,147,109,151,369,347,809,200
365,209,202,145,97,142,415,444,800,200
574,430,161,126,102,131,376,288,809,200
352,227,183,134,93,136,373,350,778,200
566,346,269,189,123,185,487,529,763,200
453,363,171,130,106,139,375,317,760,200
226,157,205,156,113,151,246,478,799,200
652,430,273,196,142,203,419,375,826,200
560,393,197,152,112,151,401,369,770,201
263,189,212,145,107,162,412,321,775,201
515,271,290,202,123,188,368,579,820,201
296,171,271,203,132,187,343,537,843,201
418,239,240,166,110,167,402,466,795,201
625,362,350,253,167,244,449,647,863,201
239,188,134,103,79,108,270,295,807,201
272,161,277,221,143,197,360,535,822,201
632,370,342,252,163,236,451,629,841,201
431,309,111,86,61,84,339,329,792,201
449,326,146,104,75,111,322,297,794,201
626,443,162,121,92,128,357,347,807,201
249,158,224,164,108,159,317,433,808,201
551,355,232,176,122,171,378,409,816,201
531,397,156,127,102,128,368,314,808,202
440,287,175,133,96,134,379,303,802,202
513,249,315,246,149,203,466,645,848,202
662,434,278,217,152,204,391,308,800,202
303,234,143,110,91,119,324,314,814,202
498,307,214,149,103,152,417,423,818,202
244,183,315,211,141,224,443,470,787,202
730,451,332,258,172,232,437,474,829,202
543,384,169,134,100,130,351,298,782,202
394,243,272,215,149,197,399,538,818,202
481,297,256,183,128,188,418,515,813,202
597,361,269,218,151,191,420,490,785,202
326,192,211,154,105,152,385,324,816,202
556,386,223,154,109,167,390,358,831,202
503,365,171,127,98,132,348,319,810,202
494,315,254,184,127,187,466,463,813,202
322,169,355,255,151,228,439,666,850,203
342,245,168,129,104,138,374,328,811,203
616,420,267,210,154,199,393,307,826,203
298,231,139,111,88,113,353,274,774,203
316,235,197,142,103,151,336,303,818,203
441,311,265,203,151,206,372,367,803,203
727,472,255,205,144,188,408,577,827,203
475,296,171,127,89,127,378,339,824,203
345,248,143,108,82,112,578,1,546,204
573,367,246,203,142,180,393,424,826,204
275,183,378,275,171,249,413,608,859,204
626,335,279,206,130,189,430,571,785,204
575,399,244,168,117,181,395,354,777,204
663,454,210,143,102,155,398,334,838,204
725,475,392,325,223,283,508,645,849,204
675,396,342,297,182,228,401,655,848,204
455,295,335,250,173,239,432,565,827,204
333,240,145,113,81,111,341,310,797,204
727,456,326,251,158,226,442,636,855,205
372,247,178,133,95,133,339,305,802,205
399,261,174,141,105,134,420,327,804,205
517,312,319,220,142,213,374,472,790,205
470,297,264,198,127,179,379,597,768,205
238,190,162,118,100,136,266,297,714,205
340,244,198,151,115,155,314,365,799,205
234,167,163,125,98,131,347,329,797,205
549,377,203,151,102,145,391,310,819,205
592,429,151,109,82,116,363,328,812,205
496,291,292,196,125,206,427,468,804,205
663,376,520,398,276,377,456,644,829,205
412,332,149,107,85,121,321,311,811,205
628,359,316,208,122,200,483,391,807,205
387,300,161,127,104,134,351,334,800,205
440,301,254,205,141,182,376,400,821,205
424,267,354,249,168,258,594,4,606,205
564,382,141,112,82,107,343,324,814,206
337,263,148,122,97,118,312,308,799,206
318,273,159,120,106,141,362,1,218,206
411,299,200,153,122,163,378,273,789,206
446,294,352,251,157,236,420,572,800,206
284,184,206,154,106,148,303,523,809,206
445,349,163,120,102,139,361,333,769,206
304,224,215,168,123,163,268,511,801,206
576,432,164,125,101,136,429,284,803,206
327,200,207,146,96,143,479,294,806,206
421,285,188,135,87,131,363,328,830,206
571,397,346,260,184,258,424,398,794,206
359,218,289,200,135,201,430,324,805,206
529,301,342,245,153,236,468,531,812,207
697,425,396,248,134,226,535,467,905,207
350,264,167,125,99,133,347,343,806,207
439,279,247,171,114,177,406,459,803,207
431,256,366,262,171,261,429,642,818,207
464,332,125,97,63,84,432,89,687,207
545,392,223,180,147,182,389,312,816,207
602,412,211,151,107,157,397,322,792,207
664,345,501,372,217,320,486,891,886,207
370,249,219,182,139,169,384,317,821,207
373,242,225,171,124,172,381,339,789,207
281,177,191,149,102,139,351,316,824,207
552,308,296,220,135,198,436,533,772,207
655,372,327,240,163,240,486,324,760,208
471,336,191,150,116,149,403,317,813,208
513,377,215,177,135,169,381,309,796,208
290,182,195,136,92,146,384,365,807,208
312,210,186,137,108,152,415,312,796,208
282,242,288,222,200,263,450,2,183,208
499,359,170,133,102,134,391,382,800,208
313,249,163,138,104,126,293,286,805,208
425,280,213,153,112,163,427,334,818,208
544,382,229,178,129,171,373,382,796,208
369,235,188,136,98,142,439,346,814,208
677,374,332,251,162,232,460,638,860,209
291,186,260,195,125,181,307,514,812,209
340,265,188,144,111,149,344,330,814,209
447,300,275,197,145,213,402,486,804,209
322,216,189,130,98,144,378,313,799,209
504,353,251,202,149,190,396,460,804,209
548,352,193,153,103,137,444,320,788,209
463,372,136,95,79,116,333,318,751,209
498,363,160,128,103,132,384,345,779,209
383,306,156,115,95,130,338,134,753,209
351,282,191,135,108,158,429,323,826,210
692,392,362,240,146,241,443,605,813,210
662,473,160,130,93,115,465,337,800,210
396,242,205,158,111,149,389,319,825,210
578,358,284,184,124,203,427,542,783,210
223,141,259,212,140,178,342,404,822,210
606,391,259,209,146,192,399,373,823,210
339,209,261,195,136,190,383,530,753,210
513,367,205,138,108,167,439,325,783,210
320,211,238,172,119,169,370,421,790,210
331,240,173,132,109,142,415,318,791,210
485,284,260,184,120,184,491,323,824,210
472,371,167,118,90,132,360,319,782,210
297,219,206,166,115,146,228,516,774,211
452,331,185,144,115,150,371,311,790,211
610,426,196,145,106,149,384,323,792,211
340,243,143,100,65,103,387,349,829,211
379,304,164,126,99,129,299,311,752,211
272,182,227,169,105,156,282,476,822,211
636,366,316,228,143,205,447,370,894,211
355,218,313,234,174,241,403,441,824,211
586,412,224,161,120,171,396,483,798,211
333,233,280,233,161,200,331,511,830,211
387,265,222,162,111,166,408,335,757,211
573,390,215,180,130,161,392,311,810,211
575,383,274,200,134,192,407,482,825,211
446,268,289,214,141,201,402,568,792,211
434,298,301,228,178,243,487,447,822,211
358,215,314,218,142,221,434,507,815,212
730,481,290,208,150,219,413,408,833,212
514,386,221,167,134,181,459,315,777,212
615,364,361,287,180,237,405,672,838,212
345,240,188,146,107,142,352,316,785,212
661,346,491,354,192,299,482,606,853,212
702,394,496,365,220,311,479,819,859,212
293,222,143,93,72,114,309,322,812,212
328,217,192,150,107,145,371,318,829,212
421,305,180,145,108,136,374,350,796,212
522,369,323,231,188,262,481,672,837,212
449,302,221,182,129,161,444,330,802,212
728,485,286,220,146,198,462,134,768,212
298,204,117,93,71,89,357,333,806,212
636,424,242,191,124,171,361,435,777,212
591,449,200,142,106,156,376,315,781,212
409,318,215,174,132,168,380,314,812,212
371,242,298,209,141,208,407,434,797,212
334,242,210,150,106,150,387,306,762,212
442,347,185,148,119,150,360,322,803,212
391,273,159,118,90,126,340,312,811,212
499,323,274,186,130,202,422,470,835,213
675,471,234,181,129,179,357,297,809,213
511,301,284,218,144,200,404,605,820,213
286,170,214,177,117,151,350,428,786,213
433,286,296,213,146,209,263,616,838,213
513,294,351,256,157,233,410,558,786,213
560,370,174,128,88,124,431,224,829,213
511,340,290,200,136,213,364,447,792,213
555,420,165,120,95,133,379,343,820,214
498,419,266,192,172,240,457,95,668,214
236,174,129,92,67,100,331,328,793,214
671,367,430,311,184,274,437,629,857,214
385,232,341,261,166,237,434,595,983,214
670,476,219,166,125,174,404,368,782,214
452,273,366,267,166,245,358,639,812,214
417,296,205,153,113,157,372,316,819,214
622,370,325,244,146,210,468,546,793,214
464,321,212,163,116,157,320,466,763,215
620,416,250,184,133,189,410,353,805,215
403,261,243,178,125,175,370,356,785,215
332,218,190,136,92,137,358,343,816,215
438,323,139,100,76,110,366,338,831,215
674,366,162,129,102,129,496,185,778,215
443,345,202,155,123,163,368,390,819,215
463,324,237,184,130,173,329,587,819,215
431,316,181,144,103,134,351,365,825,216
369,254,194,149,115,154,405,320,789,216
550,353,341,251,170,236,422,588,813,216
641,396,296,237,163,211,396,333,805,216
381,313,227,166,145,197,401,321,819,216
546,350,257,201,138,185,450,451,757,216
437,281,199,157,104,136,294,464,811,216
301,192,255,205,130,171,320,450,824,216
447,324,231,187,140,180,395,231,781,216
338,261,140,110,85,109,300,304,807,216
615,433,276,194,140,205,409,505,803,216
549,350,219,167,118,164,386,305,832,216
524,312,322,256,168,220,517,665,850,216
400,266,273,214,143,197,413,367,802,216
425,251,284,218,149,205,406,435,837,216
661,427,204,145,96,142,410,490,768,216
584,425,177,116,84,133,376,344,767,216
324,232,177,131,92,133,347,321,784,216
389,266,289,189,135,213,407,321,798,217
455,257,296,241,160,206,488,522,795,217
465,320,193,140,94,132,450,326,800,217
540,335,410,294,197,290,482,517,833,217
404,288,183,136,104,142,372,318,823,217
606,340,332,246,156,224,417,520,809,217
351,250,151,123,92,117,331,322,815,217
505,373,281,221,162,220,398,319,793,217
424,252,215,169,110,153,413,353,810,217
559,335,311,255,164,210,356,644,820,218
387,284,141,106,79,110,340,324,826,218
652,440,281,209,154,218,422,573,830,218
456,333,212,161,125,166,519,327,812,218
463,351,191,131,101,155,374,315,753,218
584,421,230,180,138,183,412,318,785,218
505,341,236,159,112,175,394,315,813,218
457,301,387,268,172,274,410,731,857,218
376,266,203,153,118,160,367,330,793,218
397,278,161,118,86,122,364,320,827,218
426,307,185,140,99,138,363,415,786,218
407,239,245,170,112,170,420,376,830,218
494,314,280,218,147,194,351,638,846,218
531,262,442,335,171,255,464,614,843,218
578,438,272,205,145,200,279,594,855,218
665,387,490,366,225,325,456,603,830,218
306,196,211,148,93,147,360,342,820,218
335,232,197,148,107,148,367,345,805,218
412,281,215,170,122,164,389,320,825,218
501,336,385,284,201,277,397,622,870,219
407,251,183,135,98,137,377,428,805,219
516,293,396,309,189,253,437,620,851,219
477,326,225,176,130,172,378,305,796,219
405,287,223,167,130,179,333,382,792,219
656,475,290,225,168,223,411,537,799,219
495,335,291,223,153,214,378,374,766,219
313,193,229,164,116,166,375,348,807,219
580,358,318,235,156,220,401,652,844,219
687,375,305,270,177,201,396,614,872,219
297,171,273,208,121,173,237,547,800,219
434,275,151,131,94,112,378,309,806,219
350,200,186,152,97,128,404,331,782,219
453,251,331,226,142,225,410,545,802,219
349,239,182,142,104,140,382,327,762,219
423,223,371,281,137,197,348,607,857,219
318,225,195,148,114,155,377,325,804,219
249,184,200,140,107,157,326,306,814,220
262,165,313,228,136,202,314,650,804,220
637,447,211,164,117,156,373,529,797,220
445,313,213,152,107,159,383,315,776,220
660,418,336,244,164,239,445,580,817,220
480,310,148,102,72,108,374,317,779,220
469,299,276,214,149,195,457,512,832,220
404,261,206,156,116,160,401,428,804,220
455,363,160,114,94,134,345,311,787,220
514,296,330,259,165,230,422,630,813,221
453,293,294,212,151,222,406,358,827,221
411,295,173,123,96,141,363,334,783,221
488,332,152,118,81,109,492,326,817,221
561,401,219,159,122,175,389,330,822,221
347,259,152,125,96,118,362,320,812,221
333,243,155,126,96,121,331,305,804,222
510,371,184,148,106,139,366,296,805,222
489,322,285,208,144,212,415,495,820,222
280,198,177,141,106,137,354,307,806,222
280,177,177,127,85,124,327,318,779,222
632,399,327,233,163,239,452,570,816,222
729,478,311,214,146,226,417,596,800,222
487,329,295,195,137,217,428,522,815,222
596,361,420,269,165,280,401,446,810,222
617,361,447,314,186,276,501,608,838,222
730,480,213,165,120,160,403,327,778,222
221,183,141,121,111,127,385,23,687,222
719,470,246,187,127,179,418,369,814,222
671,430,203,167,115,141,396,329,820,222
327,243,193,148,110,152,342,315,818,223
549,375,282,209,139,200,403,482,793,223
405,255,444,300,181,286,426,577,831,223
371,290,209,154,124,171,339,315,797,223
338,222,217,192,135,158,345,312,773,223
572,407,234,168,125,180,381,287,759,223
567,355,271,193,132,194,425,473,816,223
680,418,357,250,164,258,507,510,783,223
455,274,341,288,193,237,417,602,854,223
336,248,151,106,84,123,346,324,812,223
564,384,252,178,129,192,414,488,792,223
645,452,242,182,139,193,415,325,771,223
362,218,385,279,180,263,419,608,834,223
434,243,392,326,194,252,401,657,859,223
465,269,345,223,140,230,533,343,833,223
376,297,314,231,202,277,450,97,686,223
419,266,260,193,136,190,405,529,794,224
714,473,255,199,131,170,469,345,952,224
533,390,185,150,117,147,387,338,801,224
513,346,240,176,129,186,409,320,790,224
241,169,224,162,120,171,332,335,809,224
423,318,150,120,96,124,355,317,802,224
275,182,150,110,76,110,330,308,810,224
484,357,148,116,91,117,334,319,779,224
384,222,192,150,90,124,319,626,820,224
391,266,304,213,147,209,421,588,813,224
501,343,222,172,126,167,400,358,807,224
656,471,272,188,134,207,408,321,804,224
525,308,301,239,175,225,505,349,812,224
487,382,181,136,117,155,369,330,811,224
433,292,276,186,130,201,395,445,783,224
399,295,298,211,158,232,400,439,798,224
170,133,199,157,126,162,303,319,806,225
473,335,230,178,128,172,394,458,834,225
451,316,231,181,131,170,310,502,803,225
256,200,130,95,74,103,305,306,799,225
428,292,186,135,93,134,380,302,805,225
293,218,194,147,118,155,366,376,792,225
516,327,248,190,141,187,418,349,803,225
590,398,256,214,150,186,411,487,807,225
617,393,323,242,168,239,437,464,814,225
437,254,365,250,158,247,440,567,832,225
564,371,259,196,137,191,418,361,802,225
511,254,273,203,120,173,509,547,813,226
440,258,221,159,112,164,388,560,807,226
471,244,337,231,132,220,427,581,819,226
561,339,249,203,138,176,415,547,818,226
457,348,195,147,118,157,383,309,796,226
339,248,173,132,101,133,353,307,791,226
522,325,268,194,130,193,412,479,776,226
524,275,277,213,123,173,643,585,1023,226
463,322,232,185,128,169,338,546,796,226
713,439,324,246,158,223,429,560,809,226
276,241,88,70,70,85,334,1,200,226
326,223,278,207,144,200,378,323,846,226
351,241,161,137,100,122,363,328,807,226
365,268,182,149,113,142,330,300,813,226
524,403,162,122,101,138,353,314,770,226
446,336,196,136,107,156,373,306,819,226
486,341,163,129,93,122,376,351,802,226
504,295,320,241,153,211,306,900,853,227
591,396,252,192,134,186,405,443,791,227
233,158,202,153,104,145,327,362,809,227
651,487,249,164,136,212,442,229,776,227
579,364,302,226,151,216,429,509,806,227
412,272,284,241,162,199,425,477,822,227
489,391,100,79,67,85,334,322,810,227
453,367,193,146,126,165,344,322,833,227
645,439,224,168,111,159,417,315,810,227
602,405,262,185,133,203,472,329,819,228
498,324,249,196,146,194,391,296,779,228
594,380,363,265,155,238,363,560,800,228
606,419,192,172,125,140,454,339,803,228
474,356,195,127,95,152,373,304,829,228
493,367,245,175,147,209,420,326,783,228
535,400,200,142,108,159,354,299,786,228
203,146,201,147,104,147,270,429,790,228
584,400,231,164,121,175,385,459,787,228
621,364,457,331,205,301,419,606,824,228
359,246,269,188,129,197,400,309,790,228
409,277,238,180,122,173,365,466,818,228
328,215,162,107,75,118,357,315,806,228
348,211,293,234,130,165,367,597,821,228
684,415,362,278,185,257,441,574,786,228
495,378,181,142,116,147,359,337,810,229
429,292,191,150,110,145,370,373,791,229
370,263,196,154,117,154,336,301,809,229
363,223,216,160,113,156,393,342,820,229
268,210,131,97,77,104,300,318,802,229
706,453,292,214,140,207,428,547,803,229
253,162,244,187,134,176,316,547,793,229
630,431,232,176,126,171,412,392,807,229
572,392,316,255,189,236,502,323,789,229
485,401,308,236,204,268,482,175,702,229
429,330,164,132,106,135,345,292,793,229
626,433,209,155,115,157,392,310,780,230
542,341,369,278,174,248,457,651,870,230
441,310,196,143,110,155,385,321,814,230
651,421,304,216,139,212,411,483,798,230
553,336,329,241,168,238,443,641,829,230
229,140,254,183,118,172,224,502,759,230
533,342,282,209,145,207,363,305,815,230
713,478,258,190,130,186,392,388,836,230
408,256,261,197,131,182,389,508,753,230
475,327,181,142,110,143,372,320,803,230
684,386,319,239,142,206,451,590,860,231
189,157,148,122,101,124,275,290,774,231
279,196,172,138,99,127,331,274,783,231
590,436,351,273,220,293,408,651,876,231
301,199,204,152,106,153,356,346,766,231
538,423,177,121,92,141,370,320,795,231
722,475,206,150,107,157,416,417,761,231
556,326,210,162,108,147,483,348,821,231
289,223,206,162,119,154,253,451,786,231
674,432,263,200,133,187,427,452,795,231
452,259,361,260,166,252,443,667,824,231
505,325,254,202,140,187,436,321,805,231
524,366,225,179,128,170,428,539,821,231
402,312,155,110,83,123,350,302,802,232
382,289,182,144,115,150,350,327,801,232
306,178,263,200,125,176,314,589,819,232
511,348,178,136,101,135,367,318,829,232
504,286,234,164,115,174,499,347,782,232
480,338,265,229,174,204,493,324,814,232
647,442,275,198,142,208,374,322,796,232
415,233,394,323,194,257,358,607,846,232
567,411,212,176,135,167,375,319,789,232
479,293,254,192,130,182,390,429,756,233
609,305,192,131,81,125,458,741,866,233
659,458,243,168,116,181,409,344,836,233
280,179,266,181,116,184,398,327,803,233
433,237,308,219,143,213,439,506,837,233
399,236,221,155,108,162,490,459,815,233
379,223,320,257,161,216,379,649,846,233
640,438,263,186,134,198,427,439,813,233
603,334,570,427,241,329,354,1023,867,233
459,336,174,130,103,140,370,309,819,233
692,394,392,312,195,259,459,638,831,234
562,369,247,190,135,184,419,388,795,234
242,173,157,107,75,116,354,308,772,234
382,255,213,149,107,159,355,332,787,234
308,243,185,212,167,150,882,0,1023,234
311,197,320,250,151,204,415,615,865,234
443,281,173,134,87,117,391,343,809,234
700,410,484,333,209,318,543,482,825,234
603,357,348,253,164,242,453,323,806,234
606,444,185,142,110,146,386,330,776,234
271,172,182,135,92,128,326,316,759,235
298,175,214,170,103,138,370,419,811,235
263,161,230,169,114,167,293,474,808,235
521,328,344,241,155,238,455,633,828,235
336,244,243,175,138,193,289,393,760,235
565,410,190,151,115,148,372,322,820,235
401,269,253,205,147,193,405,344,804,235
219,151,176,132,98,135,333,305,806,235
302,225,202,151,114,159,368,464,828,235
327,257,131,105,85,108,393,47,698,235
591,366,299,202,126,202,409,464,805,235
449,323,249,201,146,182,264,620,839,235
421,278,192,158,107,135,387,325,798,236
362,260,165,131,104,133,359,319,771,236
538,274,364,269,161,237,454,680,839,236
389,286,176,122,100,145,352,330,764,236
600,414,139,109,74,103,335,316,775,236
623,322,224,174,84,120,313,991,857,236
256,203,188,152,124,152,457,333,820,236
215,140,157,119,79,108,257,489,757,236
653,457,289,251,180,215,489,442,791,236
318,225,222,154,111,169,395,302,827,236
441,321,187,133,108,156,376,325,792,236
383,227,285,219,149,205,417,557,827,236
517,304,255,189,124,178,424,496,820,237
332,243,233,166,121,181,393,420,808,237
298,237,138,100,83,116,346,195,797,237
650,450,236,174,124,180,397,409,819,237
191,160,132,118,109,118,416,6,464,237
418,300,241,165,108,177,345,273,784,237
456,243,351,272,158,217,469,645,852,237
520,407,263,174,136,211,420,403,814,237
664,470,189,146,110,148,389,331,815,237
689,411,281,217,135,194,427,377,813,237
552,406,152,117,86,115,361,237,785,237
464,353,186,150,120,152,367,296,798,238
556,271,339,217,114,200,474,560,829,238
379,215,359,242,138,224,420,618,865,238
730,433,424,315,195,280,455,604,844,238
403,208,369,278,168,242,454,675,839,238
266,152,154,111,66,97,463,330,780,238
657,462,157,115,87,123,395,339,826,238
566,401,213,146,110,166,376,311,798,238
455,279,247,203,136,170,421,314,811,238
262,203,140,115,91,113,339,1,211,238
520,360,167,132,99,129,376,328,778,238
702,440,285,214,141,201,432,452,836,238
347,234,185,139,101,141,375,394,803,238
629,384,230,180,121,161,405,461,785,238
276,160,217,164,106,149,401,219,754,238
300,178,273,202,133,188,307,628,842,239
648,402,251,178,125,180,438,417,805,239
636,469,192,169,132,150,377,330,816,239
676,470,227,179,122,170,420,331,825,239
300,187,211,166,111,151,302,500,803,239
657,433,301,201,147,231,439,480,801,239
381,278,192,149,117,156,382,328,782,239
472,338,273,191,141,206,381,430,788,239
485,342,253,168,117,185,383,305,757,239
293,167,242,176,100,151,512,649,801,239
448,252,389,265,160,246,534,625,849,239
465,276,383,292,189,259,532,641,852,239
441,319,255,182,140,198,485,432,804,239
385,281,186,137,102,142,348,328,824,239
547,422,198,133,105,159,367,323,774,239
345,249,165,121,94,132,356,334,805,239
524,324,243,195,128,168,403,415,804,240
446,297,259,195,153,201,537,424,819,240
516,296,359,269,171,241,397,639,814,240
300,174,265,201,124,174,347,622,832,240
246,138,151,122,80,102,436,320,987,240
535,397,164,132,104,129,396,315,788,240
250,207,172,133,110,141,291,302,789,240
479,261,411,284,171,275,469,628,853,240
395,289,147,116,79,106,413,315,818,241
387,253,208,151,110,158,385,541,836,241
418,283,184,151,110,137,363,308,827,241
425,314,213,159,120,161,233,569,816,241
475,306,191,147,100,135,360,315,785,241
465,307,212,152,106,158,398,327,803,241
346,242,172,131,97,133,355,301,799,241
593,298,306,227,140,202,423,583,835,241
497,346,321,257,185,242,415,571,861,242
442,260,345,249,162,237,433,595,820,242
487,267,267,204,132,184,409,645,793,242
449,276,292,214,146,208,398,467,823,242
501,334,187,128,94,142,441,353,800,242
448,308,170,134,99,133,388,319,782,242
403,279,244,190,132,177,397,318,774,242
640,420,260,194,132,186,420,545,807,242
260,189,233,176,115,158,466,95,773,243
602,388,265,200,131,184,399,549,808,243
473,299,229,173,125,171,388,402,798,243
294,245,145,112,90,119,298,313,783,243
534,328,256,180,125,182,409,503,823,243
552,372,183,138,102,141,390,334,799,243
319,177,285,206,134,197,404,576,815,243
688,431,467,368,213,292,569,418,817,243
360,253,171,127,96,134,373,339,801,243
733,461,224,174,116,160,468,339,776,243
381,295,193,144,115,156,357,303,792,243
651,400,310,223,142,209,434,411,821,243
683,422,308,252,168,211,417,520,795,244
320,249,181,138,111,149,359,365,814,244
397,235,307,232,162,223,443,374,817,244
505,315,207,149,101,149,456,341,806,244
655,468,200,151,114,153,373,328,820,244
686,398,337,236,142,222,536,385,823,244
616,384,356,286,188,254,439,631,859,244
587,431,196,150,116,154,344,297,794,244
373,271,109,81,60,84,326,321,791,244
602,384,249,186,124,178,415,419,795,244
368,225,201,141,98,147,377,307,803,244
263,168,266,208,146,190,333,470,792,244
449,252,283,209,133,198,391,601,857,244
190,145,130,99,77,106,297,326,804,244
619,384,212,175,115,150,488,441,786,245
616,390,398,279,185,274,440,611,844,245
396,321,215,152,129,189,355,303,791,245
268,175,202,157,106,145,399,326,801,245
391,296,158,122,96,126,369,321,794,245
311,204,193,156,108,141,350,341,811,245
523,346,336,240,163,232,557,554,805,245
325,258,263,194,151,216,440,155,773,245
391,283,151,103,77,116,321,307,795,245
263,210,173,118,95,146,352,315,773,245
454,306,180,131,87,129,377,329,811,246
395,239,257,184,117,175,399,453,789,246
365,261,225,155,116,175,379,301,775,246
540,395,171,125,96,135,371,328,791,246
502,393,246,157,124,202,388,347,835,246
378,327,145,110,99,132,306,168,714,246
195,165,120,89,74,100,223,314,802,246
186,126,221,177,122,160,283,407,816,246
616,405,201,138,92,144,398,329,810,246
665,471,197,154,107,146,387,333,779,246
480,276,152,113,72,106,395,721,802,246
544,392,183,136,101,143,364,320,826,247
658,418,352,246,160,248,411,564,825,247
332,266,323,264,183,231,408,1,257,247
408,254,272,196,134,196,380,554,815,247
351,264,200,161,128,164,455,323,798,247
290,231,149,118,94,121,333,317,807,247
333,220,181,123,88,135,372,374,774,247
372,229,208,162,108,148,400,420,813,247
621,409,254,188,131,184,391,637,804,247
240,136,248,183,118,173,404,394,819,247
496,360,227,171,135,183,367,301,793,247
362,199,385,265,159,251,446,639,851,248
396,258,179,137,96,135,368,337,815,248
301,269,114,90,85,105,373,1,216,248
301,274,216,164,154,204,396,3,187,248
289,201,177,134,104,139,375,327,826,248
656,426,262,209,133,177,362,600,842,248
383,265,255,180,133,196,354,464,794,248
466,280,300,236,150,203,430,533,794,248
460,301,221,157,109,157,395,330,769,249
302,228,263,205,151,199,334,458,790,249
355,285,118,84,70,100,329,180,744,249
606,359,387,296,183,257,449,616,839,249
486,313,238,172,110,169,403,387,823,249
356,243,177,134,99,138,379,328,812,249
579,380,243,182,129,178,394,426,802,249
450,299,323,229,167,239,416,509,813,249
337,247,196,154,123,157,385,295,797,249
597,418,205,163,119,155,412,345,801,249
489,280,241,179,121,172,412,362,808,249
443,318,241,198,144,181,326,489,822,249
295,198,224,178,120,161,339,436,785,249
398,304,175,135,103,135,337,303,789,250
408,245,280,211,135,191,413,619,807,250
682,468,270,196,155,220,482,366,793,250
577,411,228,159,116,174,385,308,803,250
652,401,219,167,108,150,402,372,793,250
402,250,236,182,125,170,402,485,816,250
511,348,245,171,123,187,389,316,807,250
356,240,187,150,114,146,361,327,812,250
608,334,333,255,163,221,430,584,799,250
390,274,161,128,96,123,531,239,803,250
279,193,248,188,126,171,472,523,833,250
283,171,295,202,126,196,366,596,834,250
511,271,345,266,167,229,432,590,809,250
412,289,219,143,102,168,381,341,822,250
594,393,180,155,106,130,475,341,807,251
576,327,289,210,143,207,523,484,834,251
444,286,281,222,157,208,408,424,793,251
633,436,202,143,106,155,408,378,770,252
413,228,270,193,123,181,413,481,800,252
288,201,251,175,121,185,424,313,832,252
667,464,210,154,119,165,409,362,814,252
617,430,198,162,116,146,399,323,802,252
590,387,234,184,127,174,408,362,786,252
567,406,201,154,116,154,405,332,789,252
656,458,214,171,128,162,434,398,778,252
438,329,230,144,115,186,364,312,807,252
525,333,237,171,119,175,419,468,788,252
250,158,237,189,128,169,353,372,783,253
376,285,120,87,71,100,362,331,797,253
401,303,201,147,104,150,354,304,786,253
509,378,242,167,123,180,370,529,804,253
387,253,304,203,135,214,405,584,840,253
461,331,122,104,78,95,350,320,813,253
427,356,114,85,73,99,318,233,784,253
650,452,198,165,126,153,411,355,816,253
455,346,159,123,96,131,351,321,790,253
375,257,170,139,108,134,371,315,774,253
561,397,220,165,118,166,373,303,792,253
282,157,307,211,131,201,383,571,849,253
449,292,286,204,153,219,384,555,810,254
556,399,216,161,125,174,382,320,802,254
664,429,488,395,278,348,439,339,802,254
322,227,211,150,109,162,400,445,788,254
380,248,211,171,126,159,379,486,804,254
622,425,228,164,125,174,401,519,760,254
343,259,236,147,111,184,378,307,851,254
448,281,312,239,153,217,326,621,811,254
220,149,217,174,125,159,358,307,823,255
409,272,381,257,180,279,436,496,794,255
550,363,231,199,151,174,499,323,822,255
620,413,242,167,115,180,427,446,798,255
599,376,279,216,151,205,417,658,841,255
345,247,191,135,104,154,356,315,788,255
326,241,234,196,148,182,384,329,756,255
378,260,225,170,128,172,396,456,791,255
235,154,168,109,76,126,364,324,814,255
538,403,258,183,145,209,372,357,812,255
332,239,170,108,82,134,370,336,791,256
664,457,187,143,103,140,391,377,796,256
617,466,154,118,94,127,360,327,811,256
712,428,315,231,155,220,450,544,829,256
338,255,179,144,115,145,373,327,793,256
341,237,194,152,117,152,375,341,799,256
403,288,173,137,105,137,341,309,803,256
389,271,177,135,100,135,376,315,803,256
249,156,313,236,151,210,329,512,826,256
488,367,158,124,94,123,373,337,829,256
477,325,224,175,127,171,411,481,816,256
260,175,269,198,138,196,282,512,784,256
419,325,201,147,114,162,436,344,814,257
283,192,218,138,96,156,402,345,807,257
276,222,136,109,86,109,295,297,789,257
460,280,275,213,142,200,402,534,797,257
569,321,447,316,198,306,441,454,835,257
562,330,248,191,122,168,497,343,803,257
667,402,234,168,108,155,392,315,817,257
371,253,166,128,100,132,374,319,747,257
562,380,345,254,171,243,393,500,782,257
193,133,204,130,85,147,343,297,811,257
266,176,207,147,100,149,376,316,771,257
730,423,337,266,184,242,508,594,805,258
407,293,265,216,164,208,367,489,787,258
400,284,177,125,94,137,387,339,814,258
416,223,357,260,154,227,450,615,830,258
405,280,197,137,100,150,365,315,810,258
415,300,171,127,99,137,371,383,777,258
325,235,127,91,70,100,331,315,801,259
437,225,394,311,187,251,516,552,822,259
282,184,162,126,90,122,364,324,791,259
654,426,272,205,144,200,420,544,773,259
714,448,267,203,133,188,421,483,786,259
445,290,221,162,117,168,409,422,821,259
454,352,204,133,109,173,423,89,650,259
285,205,173,118,87,133,398,337,790,260
480,359,192,150,118,156,374,287,776,260
364,246,257,186,135,194,408,359,791,260
475,358,170,140,110,137,385,332,753,260
411,265,227,169,120,166,401,419,801,260
386,216,206,151,97,143,392,408,819,260
582,305,268,204,132,183,530,342,821,261
419,303,181,127,97,144,328,306,810,261
198,164,192,138,112,156,309,308,791,261
338,267,142,103,86,120,332,322,803,261
392,242,182,153,108,131,386,318,799,261
607,405,351,232,153,245,435,458,819,261
616,363,288,212,144,202,428,575,812,261
524,396,165,132,108,136,378,331,762,261
608,381,327,231,145,221,436,614,840,262
342,251,154,111,82,118,339,326,784,262
314,250,171,132,104,136,272,374,783,262
503,281,451,305,140,219,476,693,882,262
517,356,195,146,107,148,397,323,805,262
568,432,203,150,109,152,367,323,803,262
367,254,241,169,123,181,381,324,804,262
338,227,196,154,115,151,380,360,787,262
440,285,276,197,139,201,387,461,809,262
468,332,223,160,123,174,351,293,796,263
565,316,325,267,180,227,416,569,803,263
694,460,230,183,128,166,420,417,795,263
524,347,292,193,129,206,398,519,831,263
665,441,265,184,128,190,408,482,801,263
421,287,217,168,125,168,405,322,813,263
394,222,294,213,128,194,408,648,846,263
381,247,165,130,93,122,377,318,823,263
639,341,397,264,139,236,459,626,840,263
620,409,256,207,151,191,429,540,812,263
399,261,234,186,134,177,403,373,820,263
550,399,197,136,104,152,397,327,816,263
415,301,145,116,92,117,354,323,806,263
518,349,135,107,77,102,382,329,775,263
412,264,354,271,174,243,396,521,844,263
380,278,149,111,91,126,336,332,799,264
501,349,170,142,106,130,369,299,821,264
636,454,252,199,159,203,405,501,791,264
189,135,221,169,125,172,423,303,792,264
459,326,262,180,140,208,390,362,803,264
589,425,210,163,116,157,370,317,801,264
542,401,183,130,98,143,374,280,787,264
422,215,372,276,173,248,448,649,857,264
509,295,230,176,114,162,370,510,809,264
527,369,212,169,127,161,369,312,801,265
199,144,195,144,108,150,320,364,779,265
434,264,193,155,101,129,354,569,809,265
566,326,341,243,158,240,416,619,827,266
228,147,188,132,91,140,360,310,820,266
572,388,250,187,139,192,404,347,788,266
235,167,198,150,122,161,468,326,802,266
493,345,231,174,130,177,409,338,810,266
297,208,301,222,163,231,304,627,845,266
539,407,186,136,109,147,398,198,800,266
344,227,198,148,99,139,289,652,791,266
523,367,225,148,103,164,407,400,803,266
403,307,153,116,96,129,359,329,803,266
268,190,198,167,126,154,346,305,788,266
701,469,291,195,141,220,413,327,762,266
686,446,201,163,121,149,478,338,822,267
513,294,339,261,159,221,370,664,827,267
571,387,305,216,151,222,415,487,800,267
685,485,153,121,85,112,403,333,771,267
601,399,186,143,98,132,410,373,796,267
658,420,223,160,106,156,414,337,805,267
266,197,166,112,86,130,347,313,804,267
302,169,252,189,114,163,650,0,127,268
607,342,358,282,169,233,456,652,858,268
571,405,204,151,111,160,407,417,803,268
506,364,204,174,131,160,367,304,814,268
420,280,264,205,142,194,394,492,810,268
547,350,177,142,96,125,601,1,207,268
583,336,320,241,162,223,441,584,821,268
644,417,292,220,158,219,433,535,781,268
544,333,391,276,164,253,454,613,802,268
269,174,179,131,89,133,380,325,803,269
426,308,209,165,130,166,381,384,793,269
561,348,415,301,245,342,547,655,847,269
351,230,269,180,126,202,331,287,771,269
473,267,299,233,146,203,427,620,824,269
408,238,277,198,128,193,476,450,794,269
250,168,170,132,89,122,390,332,781,269
706,441,307,246,165,208,429,452,818,270
426,275,329,271,184,222,427,582,844,270
421,331,281,182,153,244,421,200,723,270
233,173,197,134,98,149,317,311,805,270
186,129,212,153,108,160,296,358,795,270
542,380,300,229,160,213,522,349,811,270
359,276,167,138,102,130,322,321,809,270
611,345,325,231,146,217,438,561,827,270
535,345,228,167,120,171,411,340,831,270
581,367,338,242,157,234,420,568,864,270
626,466,169,141,114,138,373,316,791,270
378,253,229,171,130,173,411,331,828,270
395,264,222,172,126,170,403,315,794,270
440,303,197,148,113,156,371,327,807,270
373,297,174,118,95,143,346,318,779,271
397,254,169,128,86,119,331,311,819,271
611,387,298,239,151,196,387,605,862,271
549,339,295,219,147,214,431,652,858,271
389,268,148,114,80,109,351,343,788,271
525,390,162,133,102,129,372,320,879,271
402,263,307,264,183,230,475,319,796,271
506,348,288,205,144,214,437,348,788,271
595,308,525,369,207,298,490,928,893,272
465,298,286,218,150,210,383,324,778,272
253,176,194,135,97,151,366,320,836,272
430,275,374,275,184,265,449,641,851,272
315,268,160,123,112,144,353,327,786,272
462,255,306,223,142,211,411,587,840,272
467,313,275,195,128,192,416,544,814,272
619,315,345,245,131,203,430,682,841,272
472,281,265,183,116,188,423,496,841,272
267,170,163,130,92,120,656,0,171,272
461,286,300,208,141,215,414,549,825,273
679,436,335,233,161,249,427,557,814,273
531,380,152,108,80,115,350,296,811,273
462,321,151,121,94,118,319,327,792,273
662,421,263,205,146,194,419,562,805,273
614,369,239,185,105,150,410,324,833,273
611,439,178,141,104,134,395,329,769,273
630,407,417,313,201,282,404,925,886,273
602,379,408,281,207,312,535,578,806,273
445,316,163,126,99,132,384,338,785,273
656,386,360,248,168,261,463,515,817,274
493,349,236,189,139,177,383,461,803,274
363,225,315,237,163,228,364,587,849,274
580,331,397,295,190,263,444,605,850,274
625,417,187,143,99,135,407,310,816,274
652,345,386,285,163,247,432,657,861,274
529,409,174,127,101,144,375,333,796,274
580,393,210,152,102,150,373,297,810,274
421,297,190,148,113,151,338,394,738,275
379,221,347,229,140,225,447,534,815,275
562,398,274,201,152,212,425,383,783,275
305,208,246,182,127,180,359,605,814,275
403,254,280,191,127,198,414,415,814,275
660,459,253,216,154,190,390,395,779,275
475,317,299,208,163,238,523,373,808,275
327,270,223,155,128,190,362,322,812,275
265,186,187,124,95,147,365,317,771,275
375,291,120,101,92,107,419,343,961,275
716,461,238,185,122,166,423,468,814,276
270,196,204,156,116,162,381,314,793,276
491,321,272,213,144,189,367,473,836,276
397,264,229,177,134,179,405,332,779,276
482,315,323,209,147,236,427,442,824,276
516,349,296,224,163,225,406,554,810,276
600,389,231,171,117,165,416,353,810,276
186,131,218,169,124,165,307,320,791,276
568,286,342,268,145,208,442,572,824,276
632,359,454,331,150,228,472,763,872,277
369,257,206,162,114,149,366,318,819,277
484,329,267,214,156,204,512,381,789,277
385,283,268,185,146,216,371,313,821,277
478,357,270,190,141,207,447,456,803,277
409,257,225,171,117,160,394,324,816,277
377,241,251,179,130,190,368,283,775,277
577,351,277,198,132,199,410,579,783,277
498,332,239,184,133,183,393,474,809,277
590,451,222,147,114,178,387,315,802,278
352,282,163,118,94,134,347,313,812,278
627,352,482,377,244,329,455,732,863,278
368,273,236,156,115,181,376,299,801,278
380,303,157,131,104,126,354,305,766,278
565,404,173,132,99,137,392,323,791,278
414,246,272,205,144,198,402,596,819,279
488,262,345,257,155,224,448,628,838,279
545,382,181,148,109,138,396,358,828,279
426,288,159,114,86,123,386,345,782,279
249,195,175,131,101,137,354,343,807,279
346,255,218,147,109,169,399,341,795,279
449,305,232,166,112,172,433,346,785,279
499,297,252,185,118,172,556,478,1023,279
525,304,316,201,133,214,455,487,846,279
339,215,161,126,87,114,361,326,816,279
377,240,263,184,126,189,428,503,825,280
625,414,246,167,115,181,387,313,828,280
317,256,171,126,100,137,288,274,790,280
470,363,210,159,130,177,384,330,812,280
401,287,188,141,101,144,335,289,796,280
370,259,176,140,111,142,360,303,795,280
669,463,263,180,125,194,442,400,823,281
265,176,187,157,104,125,430,2,185,281
497,355,241,160,118,184,383,308,818,281
432,288,278,206,150,209,382,572,828,281
473,371,168,123,96,135,341,326,800,281
412,286,170,143,107,131,383,323,826,281
628,384,196,157,113,143,507,332,813,281
405,265,244,187,125,173,414,317,794,281
659,440,234,194,141,173,409,321,795,281
562,315,320,226,140,218,440,524,816,281
198,165,109,110,99,98,319,107,685,281
399,259,202,150,106,149,390,325,796,281
226,152,190,156,107,136,295,298,808,282
463,346,210,147,115,167,372,316,784,282
564,335,271,187,127,192,427,456,786,282
274,198,173,118,85,129,533,5,549,282
472,363,182,137,104,143,374,320,815,282
301,256,104,76,65,89,283,313,779,282
334,239,262,204,145,196,359,456,817,282
435,346,137,100,81,114,341,320,762,282
533,370,240,174,127,185,412,428,823,283
636,421,241,183,131,177,411,337,817,283
620,410,285,187,122,198,421,538,803,283
224,170,145,109,85,116,290,306,782,283
305,216,179,136,95,134,349,319,816,283
230,212,135,101,94,123,375,55,641,283
529,350,216,145,98,158,393,349,792,283
529,344,297,212,150,223,405,423,787,284
313,240,143,116,90,112,374,315,808,284
506,344,285,206,143,212,414,587,800,284
608,478,337,246,202,278,536,7,615,284
271,203,184,125,97,146,371,312,811,284
291,173,319,226,139,214,277,565,777,284
446,286,282,228,163,207,318,602,837,285
604,359,472,340,215,309,527,561,810,285
460,254,183,137,84,123,422,352,760,285
519,386,164,123,95,130,353,295,791,285
477,237,371,282,158,229,407,737,868,285
528,296,391,296,190,270,460,643,834,285
422,311,247,167,139,209,408,262,750,285
539,383,155,131,100,121,371,333,821,285
287,185,333,222,141,225,408,562,838,285
474,320,244,191,140,184,398,425,813,286
342,223,209,160,116,156,373,298,791,286
537,379,221,153,108,165,401,336,776,286
319,216,147,109,81,115,341,313,800,286
241,159,257,175,126,193,486,416,807,286
616,432,225,167,126,178,403,459,814,286
515,392,251,170,123,191,403,304,780,286
625,398,323,242,159,224,441,568,797,287
468,273,371,255,158,247,470,659,826,287
678,478,190,144,108,146,391,329,810,287
509,324,271,191,129,191,404,436,846,287
478,300,339,235,160,241,413,548,809,287
523,384,205,149,111,158,457,335,784,287
671,431,285,205,140,208,439,519,785,287
609,319,379,272,150,229,470,653,876,287
291,184,347,234,142,229,408,468,823,287
306,256,139,86,72,119,364,100,721,287
427,341,213,147,117,174,334,289,791,287
656,407,353,270,202,262,431,463,811,288
689,433,333,244,164,233,404,510,785,288
408,274,215,167,122,163,379,430,771,288
367,240,241,164,109,169,384,297,820,288
312,186,134,101,68,98,381,329,813,288
725,484,206,154,114,157,404,342,827,288
371,289,120,69,55,100,364,131,771,288
493,324,191,176,142,155,494,329,800,288
524,344,185,143,108,142,398,350,815,288
513,355,205,162,119,156,404,360,787,288
557,381,182,135,96,135,390,327,795,288
573,344,327,235,144,218,428,600,839,288
310,216,220,153,107,159,381,316,813,289
533,348,239,192,136,184,400,524,793,289
624,351,337,268,163,228,509,655,847,289
517,391,176,112,85,139,385,330,811,289
360,221,200,164,112,146,401,318,787,289
600,425,197,141,106,154,376,327,792,289
431,281,253,170,126,197,519,319,804,289
621,434,184,146,113,146,400,333,819,289
391,297,142,109,88,116,338,319,809,289
691,437,235,183,122,168,416,380,802,289
674,431,271,219,149,199,432,504,809,289
578,420,234,170,129,184,454,137,763,289
341,267,123,106,85,100,332,316,781,289
506,343,182,122,82,127,358,380,789,289
441,341,135,104,84,111,339,302,808,290
676,460,237,182,131,174,427,341,825,290
547,376,203,155,118,158,412,367,785,290
546,402,178,131,99,141,381,319,769,290
383,300,262,197,143,207,373,416,811,290
619,365,382,285,182,260,434,614,834,290
533,374,196,148,109,148,413,373,793,290
637,383,415,302,186,274,426,544,808,290
668,385,255,201,108,147,746,1023,1023,290
516,367,178,136,103,142,381,322,800,290
548,354,225,169,122,169,405,395,826,290
358,258,226,161,120,172,387,384,819,290
466,334,251,187,141,195,390,411,806,290
426,294,217,180,136,163,386,325,812,290
345,243,171,118,91,136,370,331,776,290
498,317,220,153,102,154,387,435,824,291
632,339,398,265,146,244,462,616,836,291
576,387,234,187,139,177,395,480,811,291
480,295,268,213,141,192,399,437,802,291
457,332,210,169,123,158,390,321,826,291
550,399,126,91,66,95,351,324,750,291
230,182,99,76,64,83,346,1,209,291
367,240,199,159,115,150,373,312,804,291
348,238,330,257,183,245,352,501,801,292
370,208,279,201,126,187,369,497,834,292
688,438,274,195,133,200,412,457,828,292
177,173,95,73,71,90,310,14,537,292
234,169,225,176,122,163,275,441,780,292
592,387,290,226,146,197,406,449,797,292
522,361,212,175,138,168,374,319,817,292
400,287,183,132,105,152,372,322,801,292
530,382,188,146,108,146,372,341,810,292
354,240,246,171,128,190,364,517,799,292
583,407,182,136,102,141,378,319,819,292
413,234,322,242,130,197,487,634,819,292
606,389,237,163,107,166,381,484,806,292
401,230,255,213,126,165,389,379,767,293
188,175,104,93,92,101,328,3,374,293
430,237,379,247,156,257,494,641,847,293
463,258,434,322,201,290,484,619,871,293
508,387,340,259,215,286,420,535,790,293
196,151,220,168,123,167,307,320,808,294
237,183,214,163,124,172,367,300,811,294
437,286,262,198,142,191,406,381,817,294
597,441,254,178,132,194,395,313,813,294
382,255,132,98,75,103,317,298,775,294
362,227,338,251,160,232,439,601,830,294
414,239,383,318,215,265,408,617,821,294
552,272,258,181,114,172,466,439,820,294
558,393,228,173,123,167,379,530,805,294
483,355,176,130,98,138,382,324,809,295
523,321,318,246,155,215,356,503,834,295
286,186,151,112,79,111,391,250,781,295
414,263,282,195,132,201,416,545,850,295
197,139,238,177,127,177,377,394,753,295
376,267,198,150,114,156,366,322,786,295
368,298,355,235,164,260,471,419,814,295
392,292,237,161,121,188,375,317,809,295
470,281,368,285,188,257,386,579,835,295
441,265,377,263,172,257,509,587,823,295
298,215,221,145,111,176,450,332,793,295
721,416,351,263,163,231,448,628,830,295
672,396,326,264,171,227,487,617,804,296
635,412,207,143,102,160,436,282,804,296
568,383,275,193,140,208,425,544,813,296
517,280,258,203,134,181,478,482,804,296
582,363,249,183,118,165,521,348,786,296
442,254,291,215,120,168,511,333,772,296
464,253,423,320,188,266,457,606,841,296
344,214,183,137,96,135,405,342,853,296
529,413,118,80,65,98,433,321,767,296
377,278,178,138,115,148,370,317,817,296
546,424,268,226,146,187,558,350,813,296
410,258,220,172,125,166,382,357,799,297
269,183,131,107,80,98,265,290,821,297
624,418,192,156,109,141,416,437,817,297
377,286,323,230,165,247,483,450,820,297
407,297,163,135,105,132,342,320,786,297
293,174,260,196,131,184,354,456,795,297
662,420,214,153,100,145,400,319,789,297
623,408,276,210,149,209,412,483,807,297
592,363,212,170,118,150,407,471,815,297
534,297,275,219,134,185,486,302,786,297
289,169,307,219,134,204,415,605,822,298
410,327,159,119,94,132,331,296,789,298
603,308,121,99,65,85,519,552,839,298
367,251,122,94,71,92,306,315,803,298
694,417,288,229,156,202,483,417,795,298
557,348,244,181,124,174,398,468,802,298
692,418,326,229,165,240,488,611,841,298
615,438,259,207,161,201,419,323,801,298
494,351,393,272,186,285,460,635,854,298
449,307,174,131,97,135,390,325,807,298
646,390,301,222,144,212,419,655,833,298
473,358,184,153,115,145,375,351,798,298
590,347,494,346,196,312,466,529,851,298
412,278,206,151,112,159,385,366,797,298
696,481,253,213,164,198,435,365,823,299
595,385,267,176,117,190,394,511,813,299
297,210,261,190,134,194,401,403,785,299
538,345,254,176,119,183,402,550,805,299
258,169,244,173,118,170,405,344,825,299
449,238,426,316,177,264,449,611,819,299
504,334,304,244,173,223,395,585,799,299
396,281,115,91,70,88,323,565,789,299
412,265,174,140,96,125,381,314,786,299
689,473,275,205,149,213,369,315,808,299
502,323,269,203,149,202,412,452,796,300
346,226,234,173,127,177,390,380,833,300
493,345,161,119,90,122,390,327,821,300
651,411,302,200,153,239,525,393,799,300
466,349,170,134,108,140,379,338,778,300
729,470,331,243,166,238,427,564,829,300
536,341,282,205,141,212,406,501,791,300
547,306,270,194,118,177,423,561,819,301
337,268,139,103,86,117,335,189,762,301
386,243,213,150,106,162,403,344,830,301
318,223,210,163,125,162,347,375,791,301
442,340,148,101,76,117,357,322,784,301
496,347,223,164,121,173,400,327,822,301
423,299,276,196,154,222,451,416,804,301
477,360,133,103,83,108,319,318,791,301
234,151,267,191,124,180,422,430,793,301
272,194,167,110,79,126,356,310,821,301
476,360,204,152,114,158,364,306,805,302
506,348,235,188,144,181,380,370,808,302
629,444,313,240,174,234,400,601,799,302
425,277,323,236,153,230,447,675,827,302
404,306,171,133,104,135,358,331,808,302
387,244,244,182,125,180,409,486,821,302
266,193,202,136,104,162,351,315,802,302
335,223,317,243,166,224,426,525,801,302
282,178,237,189,133,170,356,462,814,302
652,383,342,253,120,173,411,924,882,303
549,386,167,139,109,134,393,393,814,303
727,421,338,257,164,235,435,461,823,303
263,200,164,104,79,130,332,308,789,303
569,365,288,208,145,208,446,659,853,303
440,321,262,185,142,208,387,401,806,303
325,212,277,215,141,189,334,624,834,303
252,166,179,137,91,125,348,356,817,303
553,408,189,143,115,157,451,327,812,303
611,403,245,182,127,180,428,485,799,304
656,451,210,159,107,152,395,298,811,304
490,347,215,164,127,172,409,321,748,304
682,400,342,255,161,233,422,620,784,304
468,268,294,225,149,203,424,526,833,304
444,277,247,189,136,186,427,435,819,304
388,261,197,146,104,147,395,348,810,304
475,351,164,126,103,134,359,343,807,304
314,190,275,208,140,192,380,573,828,304
340,267,146,127,104,119,347,305,744,304
542,342,371,266,175,256,392,450,814,304
485,352,147,120,98,118,407,304,775,304
291,223,178,113,86,140,337,304,798,305
573,395,241,196,139,178,383,301,799,305
311,231,128,92,73,103,337,294,859,305
573,381,245,175,120,178,408,343,770,305
731,484,302,223,149,213,440,511,815,305
659,422,309,218,150,217,463,485,799,306
642,327,445,324,195,291,471,629,845,306
474,306,329,256,180,243,428,409,776,306
298,204,204,133,94,154,368,237,813,306
409,267,308,238,166,223,406,618,840,306
266,176,200,147,107,151,388,310,787,306
467,294,280,208,153,216,415,343,820,306
528,344,245,177,103,155,332,614,848,306
457,304,281,197,138,210,406,418,828,307
376,218,250,193,133,180,478,378,795,307
619,373,270,192,126,190,431,473,813,307
694,472,250,169,122,184,427,335,803,307
337,232,155,117,92,129,354,284,779,308
611,396,405,271,188,296,442,561,786,308
477,235,325,238,149,221,500,619,838,308
493,263,229,168,102,148,497,349,806,308
186,170,149,129,117,130,368,22,524,308
374,284,139,108,82,108,293,316,797,308
613,381,319,256,169,221,430,515,808,308
453,306,281,211,150,210,429,456,801,308
405,237,249,189,125,175,377,496,817,308
511,309,274,208,130,180,409,654,836,308
579,383,229,183,124,167,399,444,817,308
569,290,394,297,173,246,445,608,837,309
560,416,307,237,187,251,408,573,863,309
316,216,369,257,177,266,390,324,812,309
393,230,232,173,115,161,386,432,777,309
322,244,183,141,104,140,365,326,770,309
581,409,235,166,121,178,408,342,784,309
676,482,221,176,131,168,396,430,811,309
345,201,267,192,122,177,305,608,776,309
377,260,231,191,127,157,333,475,792,309
579,331,245,182,115,164,448,483,807,309
434,310,165,116,88,128,356,327,797,309
730,475,514,388,205,302,493,993,894,310
324,242,147,117,95,122,367,330,799,310
524,339,265,201,140,196,394,341,800,310
199,153,218,139,96,159,362,327,821,310
360,229,245,184,124,171,390,331,795,310
549,388,244,176,126,180,398,375,817,310
601,442,228,156,124,181,416,323,814,310
583,289,475,317,178,293,535,323,730,310
543,390,186,133,96,137,392,334,776,310
627,401,418,272,173,280,445,621,856,310
422,282,201,153,117,155,437,319,793,310
389,240,396,268,183,289,479,622,819,310
531,381,210,197,155,163,387,310,811,311
258,160,201,146,91,135,446,329,816,311
562,439,176,135,108,144,359,307,794,311
319,227,165,126,94,126,344,298,764,311
493,339,179,115,78,131,366,298,801,311
462,289,286,216,155,209,461,392,789,311
508,419,224,161,143,201,407,2,220,312
228,166,168,127,93,127,345,311,803,312
337,253,182,133,98,137,429,326,814,312
405,268,200,144,105,152,393,383,799,312
523,363,251,176,125,183,412,502,801,312
394,276,184,134,107,147,367,325,787,312
406,274,187,133,98,142,383,323,782,312
519,289,266,207,130,186,383,476,748,312
424,337,174,139,108,137,368,309,782,312
261,195,126,97,73,99,327,327,799,312
578,370,300,217,152,216,410,455,829,312
435,316,162,124,96,130,355,321,755,313
577,293,279,195,105,168,438,612,837,313
478,311,255,208,143,187,410,464,810,313
618,353,259,195,99,142,352,620,846,313
525,351,257,190,141,194,416,445,792,313
336,244,184,126,93,142,350,325,798,313
343,260,222,161,117,170,317,499,805,313
530,390,190,143,109,144,366,308,802,313
485,381,202,143,115,166,396,219,780,313
304,206,151,120,88,116,349,326,811,313
645,393,241,161,105,167,389,477,790,313
548,400,196,149,117,158,382,316,810,314
475,354,195,130,100,155,394,333,817,314
198,178,161,109,113,162,337,1,223,314
362,235,216,171,118,155,347,471,769,314
377,253,196,147,109,152,376,314,797,314
370,282,148,113,96,124,345,184,745,314
520,361,182,136,97,135,393,332,815,315
211,147,227,150,102,164,381,297,815,315
385,254,204,144,105,157,392,344,822,315
291,195,176,137,95,131,369,338,785,315
375,243,279,193,134,207,421,392,792,316
519,373,203,149,112,155,387,297,807,316
420,208,254,171,92,153,432,433,835,316
382,237,297,214,133,198,405,574,817,316
404,246,241,159,109,175,408,363,815,316
272,169,201,150,101,146,373,355,834,316
335,247,152,119,97,123,355,321,759,316
526,293,341,256,161,227,410,590,832,316
512,329,132,108,70,92,350,665,847,316
679,397,391,301,205,280,475,647,840,317
505,352,180,128,94,140,357,311,803,317
597,401,169,142,104,127,406,335,816,317
453,286,173,132,83,117,396,311,783,317
339,233,195,150,108,147,341,336,826,317
545,408,400,304,249,331,486,201,722,317
725,447,287,224,155,207,431,477,803,318
474,347,180,138,108,142,380,321,822,318
471,281,184,143,100,136,477,341,784,318
431,289,192,141,102,143,374,347,793,318
272,195,184,119,89,142,373,327,806,318
619,427,206,145,105,157,388,328,789,318
416,253,224,171,121,164,512,339,816,318
544,342,366,273,174,247,425,625,848,318
433,278,196,150,110,153,371,422,828,318
274,194,174,142,111,137,310,309,789,318
619,374,339,271,182,239,419,442,787,318
261,168,175,136,100,130,348,335,822,319
465,296,245,191,138,186,388,317,822,319
539,385,242,179,131,189,369,317,780,319
485,285,244,189,132,180,443,343,825,319
729,484,211,176,126,156,388,307,828,319
525,371,188,124,88,138,364,293,810,320
625,347,200,132,69,117,420,703,820,320
498,363,343,249,185,270,499,539,824,320
367,251,255,219,154,191,454,325,810,320
257,181,204,135,100,158,379,314,821,320
400,272,199,150,110,149,379,317,826,320
520,351,288,203,143,214,420,444,841,320
445,328,165,133,106,133,363,330,795,320
623,446,218,159,117,168,409,314,814,320
599,382,288,221,151,199,436,651,839,320
197,139,209,152,105,153,248,401,824,320
447,350,136,115,91,109,350,327,787,320
393,264,217,156,112,166,375,367,794,320
334,224,218,174,122,159,353,360,788,321
443,334,191,140,113,160,427,343,813,321
427,227,393,288,173,249,531,546,826,321
505,333,169,128,90,125,358,309,799,321
423,298,135,111,84,108,371,292,791,321
596,384,367,217,139,254,421,484,807,321
484,318,367,262,179,264,468,651,851,321
721,434,330,260,165,222,548,448,781,322
393,269,234,189,123,158,394,324,807,322
500,395,230,173,132,183,372,332,819,322
375,253,227,180,132,173,379,370,802,322
586,341,234,174,114,161,483,320,790,322
466,270,289,221,150,215,430,391,818,322
366,259,306,201,151,240,358,281,811,322
428,303,259,193,140,193,370,458,771,323
568,417,159,117,87,121,386,320,778,323
519,376,140,115,85,109,372,316,792,323
385,295,202,143,109,157,333,296,807,323
411,299,156,124,97,125,337,307,792,323
438,343,322,243,210,285,435,237,688,324
461,319,251,196,143,186,384,450,831,324
348,268,149,106,87,126,351,345,772,324
597,312,436,291,167,272,487,651,855,324
574,409,217,176,133,166,402,303,785,324
455,315,164,133,105,129,383,315,799,324
417,277,228,172,130,181,379,484,784,324
451,245,392,281,173,262,467,643,861,325
654,396,279,212,134,192,374,646,813,325
611,411,314,225,156,228,426,530,825,325
373,264,205,166,130,166,382,309,796,325
721,452,322,289,190,214,496,556,826,325
479,355,203,146,109,160,392,332,815,325
488,339,224,153,112,172,404,346,815,325
635,346,425,303,182,276,454,627,859,325
550,389,274,202,138,198,378,513,823,325
259,218,151,100,90,135,354,133,749,325
452,312,181,143,100,132,390,372,784,325
437,245,424,297,180,280,444,613,812,325
510,380,119,86,65,92,356,322,797,326
568,393,256,185,132,188,400,494,826,326
497,306,274,179,120,197,414,535,798,326
308,230,165,116,90,131,356,293,797,326
274,204,111,87,69,89,241,308,763,326
394,245,241,171,116,174,402,321,807,326
680,462,335,283,204,249,401,411,822,326
316,249,276,214,168,220,469,309,789,326
488,229,387,275,148,228,474,669,865,326
712,433,326,245,159,228,433,643,809,326
494,281,263,189,115,167,471,314,818,326
310,241,100,77,62,83,307,318,795,326
430,309,277,209,150,211,392,310,791,327
507,359,215,153,111,160,358,342,803,327
574,404,180,135,94,129,386,321,802,327
514,370,264,195,152,209,405,417,816,327
675,359,473,308,179,301,476,640,842,327
587,359,375,265,117,177,436,574,817,327
435,278,214,161,118,163,464,421,803,327
301,223,169,128,92,126,336,316,791,327
260,175,210,156,112,157,286,379,788,328
434,348,125,94,74,103,285,297,828,328
601,390,256,180,122,182,389,439,797,328
386,282,151,114,92,123,355,333,812,328
498,363,256,188,138,192,449,472,789,328
576,389,218,162,118,167,404,482,829,328
377,275,198,146,109,150,366,429,774,328
444,306,232,182,129,168,376,395,798,328
445,323,264,187,142,206,395,402,800,328
584,428,230,153,118,183,390,393,792,328
216,159,201,148,110,155,332,416,787,329
710,476,240,176,123,178,416,304,801,329
410,268,256,191,137,193,391,506,783,329
383,267,191,129,94,143,368,310,809,329
685,455,253,193,128,173,426,547,804,329
437,306,140,110,88,115,354,257,763,329
541,383,205,157,108,146,392,399,826,329
427,294,368,260,182,269,469,358,785,329
483,317,249,198,139,180,397,447,822,330
525,370,157,107,80,120,389,325,779,330
435,236,256,180,102,162,498,656,815,330
351,204,278,225,141,191,429,630,851,330
387,256,234,168,127,182,392,399,827,330
291,185,314,209,135,213,410,509,740,331
492,323,316,236,156,220,427,541,809,331
554,400,214,156,111,157,335,357,809,331
396,264,215,163,117,161,377,499,827,331
610,361,307,227,145,211,424,517,823,331
568,460,140,110,97,125,345,335,798,331
647,422,238,198,139,178,402,385,795,331
393,227,387,274,163,256,468,672,817,332
576,347,297,227,149,210,437,478,820,332
512,276,323,243,146,207,430,574,814,332
539,350,265,187,134,204,397,310,809,332
302,211,213,166,124,163,369,357,799,332
575,321,404,295,180,276,426,620,850,332
321,248,198,147,112,154,347,347,800,333
462,277,279,195,132,200,437,515,810,333
654,412,289,224,156,213,423,508,799,333
312,224,196,141,91,135,472,321,776,333
244,216,105,68,62,95,343,16,594,333
578,394,325,244,168,235,421,572,816,333
330,234,200,149,114,158,423,342,822,333
580,398,206,164,120,156,399,321,789,333
397,279,204,137,86,142,375,312,813,333
605,371,261,192,133,191,428,385,804,334
582,421,252,205,149,193,416,310,801,334
411,255,260,200,134,183,421,456,816,334
577,433,221,170,134,177,405,330,817,334
267,175,184,146,113,143,355,309,805,334
465,346,130,103,86,108,400,357,782,334
721,459,318,221,157,240,436,577,809,335
479,292,268,182,122,190,426,490,784,335
431,236,317,229,139,207,551,576,865,335
330,217,184,134,94,134,334,298,774,335
662,381,376,273,179,263,460,688,877,335
381,279,174,129,103,144,372,179,785,335
391,255,333,268,191,247,417,486,835,335
594,393,253,179,124,185,383,436,768,336
600,426,191,144,108,150,378,323,815,336
659,454,269,200,169,221,495,338,806,336
720,415,331,246,166,230,444,645,843,336
714,454,320,241,168,237,428,397,813,336
492,314,299,227,155,212,436,621,842,337
419,290,409,292,200,299,508,618,832,337
564,404,162,113,89,131,388,341,818,337
563,436,180,138,113,151,370,320,785,337
418,256,155,116,82,117,328,648,861,337
370,236,300,209,136,206,423,525,794,338
654,430,274,213,152,201,430,496,813,338
527,367,196,138,92,142,358,313,803,338
674,410,246,163,103,167,389,343,806,338
454,321,143,108,83,111,353,345,801,338
397,263,151,114,85,117,377,319,783,338
356,229,259,207,133,176,342,596,819,338
597,424,229,168,128,181,396,291,763,338
286,224,169,126,98,130,311,303,780,338
682,398,362,251,145,225,462,663,824,339
337,228,228,153,109,172,407,509,828,339
665,369,303,220,136,198,450,601,815,339
348,240,301,217,166,232,470,692,833,339
692,422,352,269,172,239,449,646,840,339
462,334,140,115,92,112,372,352,795,339
408,241,379,268,158,245,444,625,851,339
309,246,118,90,78,103,292,312,809,339
472,334,149,131,97,115,365,314,808,339
518,367,180,133,96,133,368,314,827,339
213,152,162,120,89,126,370,320,812,340
508,274,296,224,127,174,546,457,799,340
203,130,203,154,101,139,320,430,758,340
326,191,268,198,123,177,421,580,827,340
399,237,309,203,101,172,396,725,862,340
393,255,182,131,91,136,406,328,782,340
514,398,144,112,92,118,380,331,796,340
284,218,212,162,138,181,312,360,798,340
582,416,241,173,119,177,344,293,795,340
513,324,225,152,105,162,412,492,818,341
297,185,353,271,178,253,466,336,814,341
626,433,233,178,126,171,415,356,810,341
713,473,215,159,113,159,441,391,790,341
554,404,288,192,152,226,387,467,815,341
693,410,352,284,191,245,456,540,871,341
538,390,211,157,114,159,401,413,809,341
594,390,235,160,112,173,407,527,794,341
456,341,150,111,86,120,366,312,806,341
421,277,316,241,185,244,487,634,846,341
556,419,241,151,113,188,375,325,807,341
459,287,296,213,145,218,402,575,783,342
690,454,273,189,129,202,443,519,820,342
462,299,232,171,126,180,404,438,797,342
677,493,212,159,111,155,384,492,792,342
570,352,320,238,166,231,416,452,813,342
335,221,245,183,128,182,418,357,822,342
484,352,185,138,100,139,361,309,800,342
495,366,195,154,112,151,380,318,812,342
530,339,177,134,91,126,409,351,816,343
636,465,184,155,122,145,386,347,826,343
628,429,276,204,151,214,424,540,787,343
722,433,315,239,160,225,439,647,819,343
371,275,226,189,149,182,371,317,807,343
442,259,316,237,145,209,425,547,810,343
530,334,258,197,133,185,419,593,790,343
385,261,192,150,105,139,382,339,827,343
536,350,260,195,134,194,464,404,797,344
383,292,172,133,105,139,349,311,786,344
519,321,321,239,164,227,425,587,746,344
526,251,387,275,151,238,467,680,859,344
245,180,212,150,113,163,376,308,782,344
528,365,174,128,93,132,389,337,794,344
324,202,183,123,88,136,403,340,817,344
573,421,190,134,103,148,387,401,820,344
654,429,265,194,140,197,427,510,784,344
648,491,167,113,85,132,361,382,837,344
472,287,277,202,135,193,439,564,803,345
551,325,232,159,114,172,515,319,823,345
500,322,301,218,152,219,408,534,785,345
406,298,145,111,85,116,351,319,825,345
486,320,166,130,92,121,442,332,793,345
586,341,301,215,126,195,498,440,800,345
567,357,259,199,139,195,413,530,805,345
560,332,187,143,94,132,394,333,813,345
536,357,257,191,138,194,396,413,798,345
543,380,147,123,92,111,366,328,832,345
299,206,200,150,101,145,289,280,788,345
540,294,211,120,136,223,511,329,753,346
376,252,234,176,129,177,398,386,806,346
631,358,332,233,145,223,460,660,856,346
573,426,188,160,129,154,372,306,782,346
427,331,147,118,97,121,349,304,736,346
296,223,182,146,120,152,349,315,761,347
448,317,175,125,92,136,390,335,796,347
378,301,195,149,97,141,415,321,820,347
519,354,186,158,116,143,398,312,798,347
462,306,167,123,87,124,366,330,807,347
498,364,214,162,120,163,384,296,793,348
282,181,222,169,118,161,402,290,807,348
356,241,288,195,136,212,438,462,789,348
335,214,184,140,101,137,385,339,799,348
568,371,208,153,109,153,406,362,811,348
682,400,315,206,125,209,422,598,817,348
575,412,166,132,102,132,385,321,785,349
296,218,180,140,102,135,302,424,756,349
455,259,283,206,129,190,439,573,815,349
357,249,221,167,121,166,351,431,803,349
591,356,234,162,109,159,416,375,825,349
642,385,237,184,116,158,427,407,827,349
295,212,139,105,78,109,349,333,796,349
620,417,232,174,118,171,413,324,791,349
395,268,198,154,111,149,389,324,820,349
325,214,196,148,100,142,331,306,812,349
398,316,229,166,134,187,449,430,826,349
548,373,263,205,144,193,369,512,787,349
510,333,227,164,106,157,469,338,827,349
529,370,193,152,115,153,389,335,820,349
628,332,130,109,73,90,436,322,796,350
534,372,242,174,136,191,412,356,813,350
259,201,154,113,86,120,315,306,787,350
423,322,241,177,142,195,443,321,795,350
489,326,288,225,160,216,433,478,788,350
593,337,439,330,185,264,492,852,837,351
664,404,282,222,156,206,475,581,802,351
663,451,338,283,200,246,409,629,823,351
509,296,278,199,132,192,417,521,820,351
671,434,299,227,165,222,441,573,825,351
519,369,208,145,112,164,377,329,815,351
430,282,265,197,133,187,343,624,857,351
626,415,213,170,122,161,412,393,787,351
666,401,296,233,164,213,450,622,859,352
422,320,155,119,99,130,370,335,808,352
646,431,268,192,128,189,409,488,780,352
314,201,165,122,89,124,371,319,798,352
640,415,277,206,145,199,440,425,795,352
540,419,154,120,93,125,348,318,812,352
290,177,159,115,77,112,361,323,810,352
454,266,261,204,140,190,395,381,797,352
622,382,404,300,222,310,545,615,842,352
495,333,209,147,105,156,449,416,813,352
392,243,292,226,147,206,319,534,797,352
378,275,329,244,179,246,410,592,833,352
456,314,192,150,113,145,393,408,804,352
587,333,370,290,172,233,434,613,847,353
330,235,265,176,126,197,397,486,820,353
310,183,257,198,119,162,510,431,773,353
451,281,298,226,149,211,487,484,787,353
467,300,288,251,180,208,493,503,869,353
557,391,124,105,74,92,366,349,799,353
397,238,305,211,133,203,420,622,837,354
448,335,158,121,91,123,367,323,816,354
418,285,228,169,119,171,391,321,815,354
571,352,284,221,157,211,438,379,827,354
626,449,211,154,112,158,402,361,771,354
266,240,108,75,68,99,298,150,708,354
630,407,287,196,131,208,390,507,791,354
528,390,173,140,107,135,370,332,778,354
529,313,258,190,120,173,389,586,797,354
665,428,224,167,117,166,412,656,811,354
314,245,130,102,85,109,336,316,775,355
526,336,245,190,132,181,408,572,813,355
511,397,178,131,106,147,486,337,803,355
637,399,246,167,100,162,516,319,825,355
566,339,271,191,134,199,409,534,819,355
398,243,249,182,115,167,351,449,792,355
445,269,363,261,173,265,416,436,790,355
493,329,316,247,165,220,418,480,833,355
417,290,168,135,101,127,392,331,807,355
672,387,327,235,155,221,460,659,851,356
494,258,356,267,156,220,437,643,790,356
552,270,579,480,252,325,710,0,55,356
432,269,251,207,147,181,410,491,756,356
645,404,297,219,131,195,424,597,833,356
302,231,163,134,108,132,321,292,802,356
370,204,324,233,142,209,457,636,852,356
334,256,167,127,104,139,329,331,784,356
398,275,260,200,154,209,538,320,783,356
618,363,261,179,126,191,496,423,807,356
274,171,235,198,130,164,330,417,784,356
321,215,129,103,77,101,349,327,798,356
557,407,231,175,119,164,348,299,797,356
409,292,246,174,132,185,368,308,821,356
415,257,270,187,128,198,418,544,804,356
549,262,292,211,126,185,532,473,796,356
565,403,280,203,145,207,404,298,804,357
361,251,159,128,94,121,373,317,802,357
668,424,289,217,141,199,426,508,814,357
372,236,240,171,112,168,414,423,829,357
488,363,291,206,157,227,480,118,744,357
337,259,161,120,89,125,336,304,791,357
368,276,184,145,106,142,346,281,798,357
372,287,159,109,84,129,368,326,816,357
688,460,301,215,155,229,426,349,801,357
513,386,152,115,93,129,379,324,774,357
309,232,195,133,104,155,473,322,787,357
415,307,190,121,90,148,360,359,785,357
638,392,336,263,178,238,477,510,816,358
476,346,176,134,106,142,365,335,823,358
255,209,183,147,118,150,368,298,775,358
361,206,318,239,149,215,441,591,814,358
465,345,305,240,189,243,589,5,588,358
552,370,230,164,121,176,391,327,789,359
540,396,221,168,131,174,452,463,799,359
357,218,299,210,140,211,436,489,780,359
510,270,359,307,201,240,436,587,836,359
301,226,223,140,109,178,401,326,820,359
407,253,200,150,101,149,375,319,783,359
270,196,175,113,80,132,351,306,793,359
243,176,214,169,126,164,320,306,813,359
470,340,172,139,101,128,372,316,820,359
398,290,149,110,90,122,401,315,786,360
586,377,268,190,131,190,393,492,842,360
399,278,138,105,81,108,364,301,761,360
661,429,268,188,125,186,419,329,794,360
511,366,178,137,103,136,408,331,817,360
421,282,323,214,145,233,504,571,812,360
337,214,183,141,99,136,382,327,801,360
641,424,120,86,59,88,478,327,755,360
387,235,221,183,121,159,410,346,797,360
304,182,185,147,93,126,359,320,824,361
368,283,150,112,91,123,354,332,786,361
430,341,177,139,112,147,309,295,755,361
596,419,250,187,133,188,394,314,810,362
382,292,209,180,139,165,353,303,808,362
348,279,237,173,143,205,564,4,563,362
492,405,268,205,176,228,465,163,768,362
554,365,257,195,143,197,403,465,821,362
524,331,265,205,154,200,379,307,823,362
392,290,123,91,70,99,322,290,800,362
408,314,185,147,116,149,354,306,807,362
242,177,135,103,82,108,305,315,777,362
584,373,271,189,126,197,418,571,815,363
361,235,152,116,85,116,371,339,783,363
697,431,299,215,137,204,409,616,840,363
348,222,310,205,137,218,428,396,840,363
415,334,126,85,73,109,379,360,768,363
279,183,154,119,88,118,361,328,814,363
396,257,231,202,145,174,388,440,825,363
687,403,266,203,137,185,433,499,829,363
464,275,260,207,139,187,408,437,771,364
484,313,222,155,112,171,404,380,833,364
479,262,306,214,129,201,425,672,828,364
532,329,219,169,123,164,469,333,801,364
674,408,286,231,144,190,445,598,787,364
392,295,173,144,114,134,377,201,797,364
413,271,199,147,108,152,385,331,772,364
333,223,289,207,132,195,409,384,906,364
491,326,221,177,127,165,375,474,799,364
286,225,185,141,109,148,382,324,813,364
558,400,190,154,108,143,387,323,830,364
356,195,419,292,171,258,472,651,848,364
658,430,233,167,127,182,472,427,800,364
635,357,187,135,83,123,310,1015,831,365
609,393,304,216,151,225,457,430,806,365
448,303,272,196,143,209,388,398,818,365
519,301,251,182,113,174,429,424,816,365
667,380,448,361,225,299,554,402,815,365
667,433,260,174,116,184,397,514,784,365
546,357,207,151,102,145,401,309,814,365
631,420,225,180,135,173,424,373,802,365
258,198,145,113,87,114,289,303,736,365
409,313,140,114,88,115,331,279,787,365
338,182,141,115,62,83,582,0,169,365
680,408,315,254,167,218,433,640,821,365
592,380,265,189,134,202,415,371,815,365
551,430,212,178,155,182,393,63,630,366
626,386,242,196,135,178,419,453,793,366
670,447,307,230,150,211,414,314,801,366
669,440,272,181,116,186,422,356,809,366
703,389,443,311,202,308,459,645,847,366
537,307,207,157,106,144,494,331,782,366
428,304,166,133,102,132,370,318,806,366
714,390,270,209,129,181,426,637,848,366
650,404,317,249,169,228,433,427,796,366
348,235,217,155,113,164,374,412,808,366
529,348,318,207,145,232,429,418,829,366
251,184,156,115,94,128,398,320,796,366
501,388,157,112,91,130,362,340,838,366
527,365,189,143,108,148,396,348,797,367
432,291,169,132,101,132,380,314,799,367
574,376,182,139,96,135,455,320,789,367
252,184,229,147,107,174,379,308,765,367
680,471,221,157,116,169,411,423,790,367
635,393,290,224,154,209,506,510,807,367
707,377,398,311,166,230,398,934,825,367
421,256,366,262,169,250,454,608,828,367
578,422,220,149,109,169,394,398,783,367
512,380,142,94,77,118,379,331,790,367
192,167,124,92,77,107,359,27,603,367
346,225,229,176,125,167,401,408,758,367
632,346,447,350,222,301,438,591,831,367
543,426,158,112,83,126,346,311,801,367
514,270,323,243,155,223,440,584,815,368
543,368,252,175,122,183,386,323,818,368
671,381,415,285,169,269,458,599,822,368
374,245,181,129,92,139,383,344,813,368
564,329,334,245,158,226,478,562,820,368
239,182,163,136,107,129,318,308,762,368
269,222,115,82,78,107,334,46,664,368
673,381,383,284,175,256,479,669,850,368
339,260,221,165,128,175,372,299,785,368
727,441,498,362,236,341,538,559,832,368
629,433,240,170,116,173,400,447,816,368
388,259,228,172,118,164,333,511,770,368
526,323,287,225,155,206,426,490,800,368
600,384,374,281,179,251,401,548,827,368
457,310,152,105,76,115,363,296,827,369
669,474,200,151,111,152,417,354,799,369
421,299,182,146,113,140,359,309,803,369
636,457,218,170,129,171,393,313,818,369
672,414,297,205,130,207,432,568,825,369
403,247,216,167,111,157,408,503,791,369
499,307,323,273,186,231,425,558,802,369
649,433,246,179,122,179,411,478,807,369
599,396,330,222,147,240,421,564,849,369
593,430,222,160,117,171,381,396,786,369
426,311,190,138,108,152,373,315,813,370
513,299,445,320,197,300,456,624,844,370
377,241,220,163,106,155,386,420,785,370
589,337,380,283,170,243,431,591,810,370
504,342,200,139,100,150,393,352,818,370
528,318,322,253,170,225,416,644,844,370
578,318,342,225,138,228,457,516,818,370
515,294,313,243,149,214,459,669,833,370
492,332,199,169,127,151,413,356,791,370
498,370,165,122,99,135,353,310,808,370
509,344,218,150,98,148,436,320,786,370
452,356,146,97,81,125,366,259,775,371
552,390,249,185,134,191,404,308,823,371
323,258,128,108,92,112,352,193,786,371
686,391,315,242,156,216,468,647,849,371
452,205,360,275,158,223,530,690,820,371
348,241,205,162,126,161,401,321,789,371
488,381,184,125,101,153,357,329,815,371
527,348,400,295,214,313,484,407,785,371
681,467,261,191,139,199,412,312,800,371
556,379,221,180,139,170,381,377,783,372
486,259,321,252,168,220,424,623,821,372
226,168,164,129,99,128,329,313,793,372
322,240,187,125,96,146,427,349,791,372
660,388,328,222,150,237,437,620,848,372
438,330,188,140,124,168,437,332,786,372
670,458,217,159,113,160,411,333,820,372
675,373,363,303,160,210,465,629,905,372
422,276,299,201,141,217,428,395,819,373
359,199,383,265,165,258,416,549,805,373
215,165,160,118,96,133,412,322,800,373
360,246,151,118,92,119,358,320,805,373
337,257,152,120,90,119,347,328,780,373
519,370,409,255,221,354,529,238,720,373
369,261,355,245,180,271,428,446,836,373
314,207,230,163,114,169,371,320,825,373
513,409,290,205,167,247,428,166,714,374
201,147,203,140,100,151,360,321,826,374
586,316,403,285,170,269,455,641,837,374
439,247,365,250,154,241,454,640,839,374
383,249,357,249,162,244,439,585,833,374
492,315,315,223,151,223,400,437,801,374
358,277,152,118,95,127,322,306,798,374
689,420,501,357,164,247,591,457,794,374
722,479,250,181,129,182,442,517,821,375
264,236,120,83,78,114,332,1,227,375
613,388,221,182,129,161,423,338,811,375
535,367,153,116,85,120,361,332,815,375
501,317,266,201,140,193,448,660,832,375
726,460,276,183,130,204,476,398,801,375
273,200,186,137,105,149,379,313,805,375
643,392,303,195,127,212,409,535,799,376
655,440,231,181,130,169,423,472,785,376
562,277,289,228,160,216,588,469,815,376
399,270,202,155,109,150,384,348,807,376
629,446,181,142,113,147,387,333,804,376
396,267,237,183,141,184,391,370,781,376
403,272,197,154,116,154,384,311,814,376
552,398,212,163,120,164,380,336,776,376
383,272,196,152,111,144,347,260,779,376
257,166,222,178,124,157,361,335,816,376
657,366,295,206,130,202,468,551,776,377
269,188,127,117,88,98,600,0,212,377
698,445,264,202,143,194,441,411,782,377
417,276,245,192,136,178,386,315,813,377
617,424,244,184,126,175,500,376,809,378
513,368,182,143,111,145,395,437,778,378
642,432,266,192,122,185,373,548,846,378
367,253,286,215,154,215,374,462,804,378
504,372,285,204,155,226,420,423,821,378
487,299,308,210,150,235,422,621,821,378
491,296,397,297,186,268,453,646,865,378
559,401,115,102,73,83,384,357,766,378
639,420,217,166,118,160,415,406,801,379
699,431,308,222,110,166,417,733,829,379
342,234,182,128,98,146,363,297,825,379
349,199,371,286,143,210,400,601,841,379
487,323,214,164,119,161,405,383,760,379
257,159,252,182,118,171,406,479,795,379
357,230,237,173,117,168,299,433,747,379
631,422,197,144,102,149,395,364,818,379
652,372,318,240,136,197,390,817,838,379
445,309,258,208,156,201,386,294,796,379
352,274,148,117,96,125,353,316,811,380
703,458,221,179,117,149,411,334,809,380
503,382,151,116,92,123,339,325,817,380
407,254,189,152,106,139,402,446,807,381
255,204,161,111,87,130,309,304,817,381
541,360,290,233,154,203,403,471,805,381
438,313,291,195,149,229,373,445,812,381
514,347,217,160,108,153,480,341,825,381
409,315,176,148,110,136,343,315,783,381
438,293,220,173,128,170,375,502,780,381
605,377,299,225,158,223,438,613,795,381
459,338,192,151,112,149,357,311,801,381
465,339,239,179,138,185,367,742,849,381
658,436,309,212,140,220,411,424,832,381
484,342,226,169,126,174,415,314,784,381
487,271,383,259,159,248,621,8,619,381
725,435,317,251,173,229,447,646,823,382
445,332,160,114,81,121,340,312,771,382
643,472,203,158,121,158,403,331,826,382
527,350,242,176,121,179,401,352,783,382
327,250,157,116,91,127,350,321,803,382
496,287,276,214,137,187,421,492,834,382
346,240,231,176,130,170,378,298,742,382
352,239,177,136,100,138,366,314,808,382
706,482,301,220,158,223,414,393,769,382
443,257,223,166,112,161,394,523,791,383
269,199,174,132,107,144,324,317,790,383
430,315,211,159,126,172,396,313,788,383
563,399,256,166,119,195,420,493,822,383
384,279,138,115,83,103,332,306,784,383
700,460,298,223,146,214,407,361,805,383
652,335,525,376,192,286,463,602,873,383
676,459,267,195,137,196,425,533,872,383
721,430,265,195,120,181,434,660,836,383
508,297,325,255,164,225,408,595,832,383
468,338,171,129,102,138,387,340,808,383
454,315,200,134,105,161,340,328,810,384
354,229,203,167,125,152,432,339,813,384
393,311,176,140,111,141,359,327,799,384
396,257,154,109,80,115,390,333,791,384
358,243,213,182,133,161,377,313,805,384
616,386,249,193,131,178,428,482,819,384
582,401,173,143,106,136,435,331,865,384
609,373,432,338,191,261,555,638,849,384
160,134,138,103,87,119,375,3,495,384
720,453,394,318,186,257,446,659,842,384
393,293,185,130,98,145,376,316,808,384
635,438,197,162,112,143,399,307,784,385
516,321,197,151,104,140,418,362,811,385
324,218,200,155,118,158,461,357,808,385
382,224,225,164,115,164,404,447,814,385
476,295,274,207,138,193,431,513,785,385
189,151,197,164,151,182,405,1,180,385
461,217,387,292,187,262,528,473,825,386
516,295,430,284,186,299,455,666,796,386
722,457,272,206,143,199,415,548,774,386
506,257,241,174,90,134,450,1023,871,386
567,404,121,97,72,93,359,323,811,386
590,390,354,243,172,265,395,440,804,386
433,261,317,232,158,230,416,327,813,386
654,464,262,194,139,195,447,527,826,387
654,434,208,163,118,153,409,449,806,387
618,423,254,176,129,194,419,482,813,387
282,209,210,172,133,164,347,298,764,387
592,372,386,277,192,276,417,497,802,387
683,360,328,254,132,176,492,972,874,387
506,356,262,213,148,189,346,549,804,387
435,293,233,179,122,162,382,436,807,387
351,276,205,141,122,176,435,193,781,387
540,384,167,129,101,134,384,334,789,387
697,476,248,179,131,187,407,490,811,388
412,285,224,180,155,194,499,328,784,388
505,322,220,172,120,167,399,326,788,388
398,246,279,198,124,187,519,369,801,388
515,373,151,120,92,118,373,329,791,388
673,448,204,133,90,148,401,384,796,388
377,256,394,305,207,279,489,534,829,388
698,410,207,159,103,140,540,332,779,388
340,294,115,90,79,100,292,309,773,388
557,468,102,78,69,89,426,1,195,389
661,443,224,157,115,169,387,467,810,389
631,375,293,221,150,209,419,603,805,389
496,350,197,150,116,159,362,314,769,389
532,315,177,142,83,115,416,326,819,389
328,224,159,118,87,121,367,333,812,389
733,424,361,274,167,232,468,680,875,389
597,402,264,196,143,200,431,430,785,389
675,405,402,277,163,258,498,340,765,389
636,320,415,283,166,269,436,639,873,389
344,242,240,156,114,182,381,337,778,389
581,407,193,136,107,155,461,314,791,389
198,174,158,116,104,141,349,17,639,389
522,379,252,198,135,180,374,384,792,389
721,413,319,241,158,217,455,654,837,390
474,337,239,157,113,180,366,386,760,390
566,304,312,234,153,216,437,622,792,390
307,202,296,197,127,205,407,473,815,390
524,297,410,293,181,276,461,661,812,390
729,436,381,280,184,269,464,712,869,390
252,190,182,127,97,143,385,364,815,390
442,316,185,135,99,143,403,319,777,390
519,329,377,271,176,258,419,548,831,391
499,331,233,181,120,162,409,327,831,391
357,215,278,201,138,198,384,621,849,391
482,368,174,138,112,142,380,308,780,391
680,473,265,209,156,209,398,306,810,391
699,378,402,309,147,214,416,792,826,391
283,200,284,198,136,210,562,5,589,391
570,365,220,156,98,153,394,315,778,391
694,441,315,239,153,210,460,664,861,391
646,434,211,147,108,162,405,327,799,391
347,226,237,176,122,170,402,482,900,392
676,393,283,212,146,204,441,669,804,392
456,326,207,158,122,163,362,298,791,392
519,287,312,239,150,208,423,643,858,392
289,246,105,74,65,92,355,76,701,392
529,351,216,165,122,167,417,458,826,392
227,150,134,94,65,95,337,325,804,392
380,234,286,205,132,195,312,642,830,393
192,187,92,62,61,91,378,1,216,393
438,356,294,195,156,239,507,4,556,393
369,243,209,168,116,151,410,348,835,393
423,281,204,164,121,158,398,349,786,393
379,265,203,153,121,164,469,320,822,393
259,180,165,127,91,121,327,351,819,393
733,439,287,227,155,208,476,564,814,393
536,359,212,164,113,155,405,441,788,393
453,260,250,183,119,173,414,449,838,393
447,307,221,172,137,178,463,317,772,393
465,338,210,160,120,167,380,324,808,393
490,363,179,122,89,136,354,326,797,393
227,216,188,118,114,181,347,1,178,394
731,486,290,206,143,215,426,496,814,394
638,451,216,161,119,168,402,403,824,394
704,405,409,298,168,251,463,649,836,394
496,314,243,187,131,174,422,501,781,394
467,299,232,185,131,168,399,356,793,394
296,216,269,182,125,198,371,318,818,394
521,362,203,153,116,155,458,325,810,395
445,381,186,119,108,168,385,126,671,395
602,380,332,259,184,247,426,583,799,395
399,310,150,105,84,123,361,340,795,395
413,283,168,134,99,128,382,325,813,395
517,339,286,214,153,218,386,414,797,395
415,254,181,134,91,132,407,345,902,395
658,383,360,275,173,243,420,555,768,395
402,294,174,118,87,136,352,299,803,395
228,153,184,145,105,139,352,320,811,395
569,340,357,264,168,241,657,431,1023,395
622,428,196,171,119,143,400,331,822,396
717,463,274,192,126,193,442,519,818,396
643,394,276,207,136,190,434,482,778,396
466,337,257,187,144,206,384,309,808,396
381,261,246,180,125,187,402,307,815,397
382,220,176,133,93,129,393,514,807,397
406,325,154,120,97,123,328,291,790,397
487,301,328,244,163,243,441,626,807,397
635,340,379,268,152,231,547,659,828,397
370,211,265,186,121,183,413,453,788,397
612,410,295,223,155,221,431,539,828,397
538,358,217,167,116,163,387,355,777,397
437,319,215,190,147,167,378,306,802,397
574,320,385,276,172,263,445,641,847,397
566,327,293,248,160,202,411,571,803,397
496,343,213,168,123,157,382,498,769,397
476,240,261,197,126,178,514,462,817,398
408,245,158,113,76,113,400,328,831,398
239,170,220,162,109,153,423,362,801,398
521,322,331,260,180,236,431,562,773,398
498,331,459,317,208,325,465,788,851,398
422,276,189,132,93,139,365,310,808,398
658,374,293,212,131,204,446,566,799,398
424,309,204,135,96,152,386,314,821,399
546,327,387,288,193,275,537,325,800,399
522,303,358,261,159,235,436,542,832,399
583,305,475,326,182,294,476,613,868,399
252,201,210,136,106,171,367,329,822,399
608,444,155,118,89,121,383,330,813,399
338,210,199,159,110,142,380,485,811,399
595,422,260,202,145,189,401,314,803,399
469,295,130,92,64,95,341,423,819,399
437,287,238,191,144,184,398,449,786,400
236,204,133,96,84,114,524,2,522,400
488,282,223,168,114,151,527,324,805,400
518,343,312,234,153,220,395,307,807,400
585,324,268,204,134,183,413,604,771,400
680,393,348,260,157,223,431,518,817,400
694,473,225,156,107,165,411,478,794,400
368,200,109,49,71,176,550,34,627,400
497,336,196,160,106,139,383,346,795,400
665,425,263,197,135,192,426,548,816,400
438,284,180,148,103,130,394,337,795,400
511,335,130,110,79,97,385,664,819,401
610,362,279,206,134,193,420,637,816,401
404,235,290,224,145,204,425,465,810,401
492,332,170,129,94,125,387,322,800,401
276,235,164,126,111,144,348,316,790,401
375,264,113,95,73,88,350,338,792,401
629,407,332,230,165,249,501,571,841,401
583,431,176,131,105,143,377,294,787,401
312,218,189,138,98,142,371,328,789,401
624,435,256,183,137,202,423,321,813,401
390,254,226,150,92,148,403,337,794,401
376,293,167,126,105,140,372,324,814,401
468,327,158,139,102,120,366,346,814,402
727,469,115,86,68,89,464,1,174,402
412,240,336,249,150,221,411,645,831,402
597,448,181,152,120,146,394,526,803,402
247,214,226,185,175,211,345,1,210,402
699,396,271,212,122,162,438,580,802,402
464,292,188,146,100,134,438,417,799,402
693,483,198,148,107,147,478,332,806,402
633,418,233,179,124,170,412,433,816,402
381,269,155,113,91,127,356,323,805,402
501,291,264,184,121,187,436,562,820,402
478,411,125,76,68,112,392,210,716,403
709,412,415,326,203,277,459,615,815,403
412,233,316,239,156,220,427,636,865,403
300,203,202,142,97,142,449,317,804,403
530,367,183,131,96,139,389,335,782,403
587,378,229,184,127,165,408,389,781,403
660,406,315,245,162,226,500,518,791,403
558,395,263,206,148,201,404,324,801,403
655,455,282,206,155,221,420,408,798,404
537,360,257,185,131,195,390,468,795,404
591,421,235,182,123,166,491,328,824,404
490,324,186,139,104,141,386,336,817,404
342,234,146,102,77,116,369,294,800,404
600,424,144,123,78,96,389,329,789,404
428,291,184,148,109,135,379,368,817,404
542,294,323,244,149,210,458,643,846,404
490,368,140,119,93,113,340,300,769,405
519,281,316,237,147,212,448,622,831,405
650,372,246,205,160,188,540,477,826,405
634,437,286,209,146,210,435,606,839,405
240,158,215,162,110,150,285,473,813,405
688,406,314,270,179,221,433,641,843,405
369,259,176,137,105,141,366,321,848,405
678,465,225,195,137,167,400,315,767,406
522,349,322,231,161,241,430,436,844,406
362,269,129,101,81,106,341,311,810,406
292,231,226,147,115,183,381,395,819,406
601,405,274,201,139,203,416,438,779,406
342,197,212,157,103,150,421,342,809,406
606,401,280,182,122,202,424,485,775,407
730,421,453,316,191,295,583,14,647,407
534,321,417,292,165,260,453,578,856,407
395,290,182,136,102,141,334,314,811,407
696,391,267,196,113,165,522,1023,896,407
411,280,275,204,141,200,369,590,785,407
370,292,178,138,109,144,371,320,801,407
610,427,183,144,104,140,365,369,808,407
385,286,218,168,115,154,377,326,810,407
457,305,259,219,155,187,392,310,813,408
302,216,185,138,104,145,380,323,819,408
529,292,264,196,134,187,447,501,817,408
386,272,216,174,125,159,356,477,800,408
530,396,167,128,96,127,367,314,769,408
453,284,206,158,109,151,404,412,806,408
470,314,162,121,95,130,385,311,766,408
511,375,133,110,86,104,343,319,781,409
584,415,232,194,134,170,409,368,830,409
380,264,201,147,107,147,366,316,811,409
227,176,158,129,99,123,335,317,812,409
565,442,197,151,128,167,393,328,770,409
697,373,477,344,201,311,466,612,842,409
297,189,210,162,113,153,323,322,815,410
376,227,292,228,150,204,464,578,807,410
371,236,246,193,133,177,499,376,815,410
634,411,343,274,186,250,508,471,820,410
529,379,152,120,94,123,378,328,808,410
488,345,201,158,118,155,386,303,816,410
453,309,273,223,151,191,295,570,821,410
552,339,358,275,177,239,455,595,819,410
494,305,311,218,153,228,412,530,818,410
512,349,229,180,139,177,460,492,812,410
660,420,217,172,122,158,428,331,816,410
412,338,112,81,72,99,328,219,765,410
492,305,252,194,130,177,419,428,787,410
476,398,188,137,114,159,446,142,686,411
412,296,150,109,79,115,373,338,804,411
307,211,162,116,86,124,388,332,814,411
457,261,331,248,147,212,434,622,809,411
455,320,170,121,92,133,360,315,827,411
457,301,162,133,113,136,484,323,797,411
582,430,150,119,89,117,377,332,784,411
343,273,142,105,84,115,319,310,765,411
577,341,341,256,173,243,450,624,835,411
270,205,263,198,162,217,432,133,768,411
471,351,234,157,119,184,383,349,772,412
470,255,316,242,155,215,433,673,850,412
607,441,178,141,105,138,400,487,806,412
404,308,167,120,98,136,411,340,808,412
717,418,316,219,148,219,482,1023,854,412
590,331,307,218,143,218,445,601,804,412
518,409,191,133,112,165,395,326,819,412
521,360,211,137,98,160,370,309,804,412
542,422,158,119,96,130,348,338,826,412
277,212,206,157,128,169,380,362,818,413
498,360,140,108,88,114,414,333,767,413
500,401,156,107,91,135,390,227,790,413
499,337,276,202,138,200,383,636,819,413
354,229,245,182,129,179,379,411,806,413
430,327,182,143,111,143,372,323,804,413
674,392,346,231,147,236,423,565,830,413
439,276,277,191,124,191,430,524,821,413
599,403,196,151,107,146,386,355,799,413
424,285,187,141,113,153,440,331,790,414
613,321,338,232,142,220,445,624,803,414
590,375,326,242,170,241,432,471,800,414
590,404,154,126,97,115,399,434,820,414
560,312,605,404,218,350,499,868,870,414
270,223,176,128,93,134,297,367,788,414
294,222,118,102,80,97,337,335,792,415
517,352,253,187,142,195,404,499,798,415
303,259,143,109,94,124,438,13,620,415
702,470,265,205,142,192,430,516,773,415
561,352,232,172,115,163,495,325,778,415
701,474,310,235,176,241,431,342,797,416
496,323,277,207,135,192,385,343,827,416
326,228,152,116,79,109,362,329,760,416
603,353,352,240,156,244,442,560,860,416
265,230,109,102,85,89,570,1,201,416
357,250,172,128,96,134,382,331,775,416
292,212,141,109,80,111,341,316,812,416
448,308,247,195,144,189,388,319,822,416
366,245,169,134,98,132,352,298,802,416
278,182,219,154,107,155,327,361,774,417
407,233,241,177,121,173,410,348,816,417
529,381,166,130,100,132,373,327,800,417
498,331,248,190,138,186,399,462,783,418
512,366,150,117,90,119,370,332,806,418
549,328,334,251,156,225,430,527,832,418
643,441,224,175,132,174,387,332,812,418
557,352,170,149,109,123,382,339,810,418
617,421,252,168,125,196,416,460,827,418
660,444,222,176,126,167,404,465,785,418
387,302,179,141,118,150,433,333,804,418
498,358,230,164,114,169,400,462,780,418
391,209,240,178,121,169,474,478,805,418
615,380,243,186,128,175,413,549,811,418
655,396,196,130,84,137,422,374,814,419
691,476,272,185,128,195,476,402,800,419
586,359,370,264,178,262,535,455,814,419
601,313,434,347,242,308,461,1023,890,419
333,215,190,141,106,147,403,319,798,419
339,261,160,100,74,124,319,287,810,419
360,224,281,212,139,193,362,351,791,420
467,380,158,112,95,135,336,330,804,420
320,248,199,148,116,163,357,255,806,420
300,218,164,127,102,134,337,325,804,420
162,181,60,46,101,146,468,263,765,420
685,404,336,234,147,231,449,606,800,420
276,175,264,183,118,185,385,506,820,420
583,354,300,241,162,211,444,616,947,421
359,262,267,195,147,204,436,306,804,421
493,376,241,185,146,191,367,387,798,421
665,457,196,151,107,146,371,328,830,421
604,365,249,180,119,175,418,541,820,421
539,332,245,182,123,178,426,467,781,421
347,247,173,129,96,135,354,220,759,421
363,240,191,129,86,137,359,297,816,421
412,290,223,170,131,178,392,373,791,421
601,340,314,233,145,211,441,472,788,421
371,256,130,91,61,92,414,618,846,421
286,178,197,132,92,143,367,309,821,421
537,332,353,285,192,241,418,643,859,421
675,478,265,168,127,203,465,773,865,421
541,338,288,219,143,202,408,659,814,422
378,273,147,111,88,116,333,315,798,422
717,441,354,257,173,251,440,567,803,422
363,201,274,202,135,190,379,499,792,422
218,155,227,178,123,168,325,413,801,422
340,272,139,111,94,119,350,166,746,422
517,382,195,136,107,155,383,335,787,422
603,421,182,117,84,137,399,325,793,422
351,226,227,158,109,168,380,417,790,422
341,232,226,164,103,154,384,307,768,422
554,342,216,169,115,153,407,413,819,423
420,315,223,166,138,186,454,428,793,423
614,407,233,170,108,162,412,329,824,423
267,177,170,126,90,130,364,336,808,423
343,238,132,101,76,102,410,314,761,423
423,314,154,115,93,127,356,304,809,423
532,354,391,303,185,252,623,6,604,423
607,430,179,149,111,138,392,341,813,423
267,191,158,104,77,121,347,313,791,423
388,250,214,151,108,160,388,438,804,423
505,399,137,96,78,114,366,325,800,423
455,216,416,290,169,261,464,648,874,423
321,213,189,141,98,141,370,306,815,423
631,408,302,221,157,222,434,544,818,424
414,290,125,95,70,97,374,334,767,424
582,351,236,183,120,160,437,388,813,424
501,286,346,260,170,243,447,649,791,424
337,257,344,266,214,282,477,77,726,424
446,280,276,203,130,192,340,520,776,424
254,179,237,195,136,177,448,315,762,424
339,229,177,128,98,134,394,326,808,424
668,439,250,168,112,177,428,335,801,425
347,257,171,124,95,132,307,299,816,425
325,269,108,87,78,95,340,199,775,425
393,208,291,205,107,172,420,531,828,425
554,388,225,166,123,174,415,338,810,425
478,357,181,139,109,146,396,373,759,425
671,461,198,159,110,145,400,328,805,425
420,276,327,230,145,225,552,496,808,425
505,343,213,172,124,160,449,384,1016,426
595,372,309,236,146,201,402,654,778,426
387,257,208,133,100,163,464,320,804,426
288,168,328,231,143,217,378,600,795,426
572,423,247,177,135,195,391,310,799,426
701,469,296,203,140,215,438,455,774,426
593,448,188,139,100,147,367,319,781,427
607,451,112,70,60,96,373,294,755,427
639,423,179,125,86,130,415,332,815,427
599,397,217,174,127,161,407,344,825,427
538,360,173,138,97,130,398,337,822,427
614,357,302,217,148,218,455,605,812,427
597,362,313,227,153,217,436,538,808,427
332,238,244,170,127,190,404,423,771,427
678,375,310,224,129,199,447,651,831,427
555,431,110,85,71,94,349,333,802,427
605,384,252,201,139,178,398,499,790,427
444,226,259,222,128,159,641,0,115,427
365,262,206,156,117,159,351,377,804,428
375,265,328,251,186,252,370,471,828,428
669,430,322,231,156,227,439,499,812,428
511,339,236,192,145,182,483,310,769,428
508,363,239,173,131,187,402,375,739,428
451,373,186,146,123,159,293,281,767,428
244,174,226,158,116,175,358,300,791,428
489,343,229,171,133,184,389,335,795,428
298,194,213,144,97,154,399,328,799,428
571,429,185,142,112,149,395,319,792,429
482,324,175,132,97,131,391,326,791,429
512,333,281,205,142,204,438,452,819,429
484,309,483,373,241,331,516,429,824,429
518,369,224,184,138,173,379,333,791,429
342,219,114,86,63,86,382,380,812,429
533,372,209,168,128,159,391,384,764,429
612,381,269,214,134,181,405,465,838,429
284,229,147,105,84,120,291,258,788,429
677,448,202,153,107,146,419,340,828,430
626,420,321,250,184,249,409,471,790,430
176,141,202,144,110,161,297,311,804,430
338,287,110,90,72,90,299,299,787,430
446,324,243,188,133,170,479,478,803,430
627,382,415,288,187,287,458,613,840,430
427,278,266,209,142,191,396,325,821,430
500,372,176,125,99,143,385,344,773,430
679,484,221,157,123,176,404,406,777,430
658,441,270,220,161,202,410,528,803,431
422,287,192,147,104,144,387,324,813,431
548,399,156,120,91,121,346,313,827,431
548,306,346,264,157,222,454,669,856,431
406,258,318,208,138,222,392,596,842,431
464,349,177,147,116,144,379,336,806,432
423,226,371,285,180,245,456,559,833,432
329,224,249,170,110,176,379,279,819,432
686,425,340,251,164,236,425,303,804,432
325,249,181,146,117,150,372,221,752,432
367,273,173,138,105,134,361,339,799,432
349,196,362,248,157,246,390,569,858,433
724,468,310,230,169,231,427,434,795,433
580,327,321,240,150,214,445,592,822,433
395,267,161,109,78,121,364,325,803,433
539,374,250,180,124,183,363,532,801,433
351,282,182,154,124,150,368,313,801,433
275,209,149,107,81,115,323,305,797,433
495,278,154,117,75,106,454,590,829,433
660,459,302,251,184,232,439,327,800,433
335,206,251,189,123,177,341,609,820,434
563,383,304,204,151,234,408,391,802,434
615,432,139,97,70,107,374,331,810,434
168,132,173,113,84,135,345,298,805,434
534,391,169,119,85,128,369,332,799,434
413,239,287,209,143,208,394,532,792,434
632,414,292,187,129,213,440,442,825,434
502,330,171,127,92,129,388,325,818,434
439,301,212,152,111,161,378,325,794,434
359,256,269,194,132,197,391,446,790,434
493,300,325,213,141,231,436,370,823,434
603,388,285,218,157,218,431,329,794,435
612,443,236,171,121,178,376,337,817,435
626,380,296,212,151,222,544,433,813,435
391,247,225,183,125,164,393,359,827,435
635,422,196,147,104,144,409,433,766,435
497,358,516,360,246,373,584,3,618,435
674,412,294,218,144,215,450,486,788,435
328,168,191,133,80,128,487,625,878,435
633,351,310,228,158,225,559,454,811,435
453,323,254,201,151,202,397,301,812,436
421,303,138,113,89,108,353,307,781,436
489,383,167,115,93,138,371,332,804,436
436,308,212,155,110,163,368,303,807,436
722,407,399,298,191,265,443,634,834,436
731,472,256,173,120,185,431,376,808,436
611,428,196,141,102,150,390,339,824,436
404,321,99,71,61,85,305,326,820,436
551,359,282,218,155,202,356,313,809,437
579,362,409,291,185,271,506,660,860,437
388,288,135,105,80,107,325,306,789,437
576,359,136,107,71,97,360,677,810,437
591,418,205,164,119,155,419,321,803,437
645,409,308,226,153,213,423,586,817,437
291,207,164,127,96,126,353,319,801,437
349,262,205,157,124,164,381,323,804,437
456,273,368,265,169,244,423,474,820,437
270,197,247,166,115,183,357,409,800,438
604,399,145,105,76,108,362,325,801,438
215,205,145,99,100,143,340,1,229,438
655,348,308,232,148,205,438,593,786,438
562,399,281,204,147,212,414,350,779,438
607,337,322,236,164,233,531,570,808,438
386,257,231,159,113,171,354,400,796,438
654,359,396,301,226,294,545,660,857,438
490,338,206,148,103,153,392,386,821,438
459,267,310,243,158,212,414,604,823,438
329,254,152,124,106,130,350,245,788,439
414,295,135,100,81,111,344,323,805,439
444,214,380,295,176,244,491,630,865,439
402,347,114,78,71,104,377,1,212,439
478,290,346,256,166,236,568,5,595,439
377,205,192,142,87,123,405,362,841,439
361,251,195,137,103,153,387,326,819,439
621,412,240,190,134,173,420,377,779,439
449,327,183,128,94,142,384,339,819,439
671,422,253,203,130,172,423,323,797,440
471,253,366,282,145,211,539,448,866,440
637,423,299,218,148,219,438,583,783,440
690,405,302,225,137,200,412,525,835,440
370,248,187,133,101,144,386,325,797,440
364,275,180,128,91,138,357,301,794,440
633,449,265,195,138,205,406,312,793,440
326,230,234,156,117,181,401,424,810,440
488,383,139,89,77,123,398,213,747,441
666,448,321,235,160,231,382,531,770,441
609,414,230,175,126,174,396,296,813,441
616,424,437,336,236,312,548,665,844,441
507,336,160,123,89,118,406,347,817,441
408,295,185,132,97,141,397,369,800,441
481,295,271,207,139,187,411,415,810,441
462,281,311,218,141,219,426,601,825,441
726,459,273,193,131,203,415,437,805,442
533,377,197,139,106,152,379,317,774,442
215,169,119,85,64,94,317,114,751,442
474,311,219,153,108,161,410,359,807,442
638,391,245,158,100,170,452,432,805,442
493,343,237,159,108,173,365,302,827,442
255,189,177,136,109,144,316,314,812,443
688,477,221,161,115,165,427,374,818,443
384,265,197,141,106,156,387,312,798,443
385,271,235,178,131,177,450,323,816,443
330,255,189,121,98,158,430,328,779,443
461,332,234,174,127,178,347,505,797,443
566,390,202,150,116,160,405,368,811,444
597,368,370,283,192,260,433,596,816,444
613,406,309,252,160,206,384,612,799,444
512,379,221,169,129,175,366,294,789,444
318,227,129,99,76,102,344,325,771,444
672,406,368,280,187,261,436,553,842,444
242,167,196,146,101,139,344,296,792,444
535,341,189,125,79,131,378,306,792,445
555,404,149,115,90,121,352,322,815,445
495,382,227,161,127,182,393,297,817,445
348,236,170,126,89,127,588,1,194,445
517,341,252,215,149,183,386,475,797,445
444,263,353,283,183,240,427,640,865,445
444,326,252,188,146,200,386,339,810,445
445,276,349,240,157,253,418,602,830,445
278,192,289,191,124,201,414,500,810,445
459,270,357,241,151,246,434,576,845,445
379,239,215,153,108,162,398,464,796,445
364,233,280,219,162,210,414,518,830,445
517,357,204,153,113,152,349,496,792,445
466,333,195,150,107,148,381,320,814,445
625,395,365,266,182,263,446,553,829,446
309,193,132,106,64,88,573,1,175,446
558,372,187,136,97,138,389,331,792,446
240,208,131,93,84,118,384,95,601,446
322,234,174,143,110,137,352,320,811,446
324,252,160,111,86,126,366,327,769,446
454,332,234,181,147,192,388,452,813,446
369,206,313,226,129,203,420,576,839,446
423,354,269,178,140,215,562,5,577,446
461,284,287,220,139,191,399,560,831,446
563,310,338,258,160,227,451,620,836,446
545,404,217,171,132,171,393,373,797,446
598,350,281,200,129,192,422,478,839,446
721,452,272,219,150,193,426,429,812,446
525,328,273,203,142,199,410,502,799,446
552,341,208,154,104,148,399,486,791,447
603,437,216,165,129,168,394,349,804,447
559,347,319,240,163,231,419,614,824,448
647,451,186,148,112,146,398,336,792,448
402,243,204,138,86,142,347,322,795,448
470,316,148,118,86,111,379,328,795,448
472,287,282,193,132,202,425,503,812,448
688,414,355,272,180,248,452,574,854,448
633,467,195,145,111,155,390,333,801,449
262,244,103,74,72,99,376,2,187,449
182,143,196,129,96,154,379,310,822,449
445,249,347,263,169,242,443,634,817,449
406,270,206,146,105,154,400,357,801,449
384,245,178,128,91,132,391,341,793,449
329,212,165,127,92,121,379,339,818,449
330,220,170,129,93,127,365,304,806,449
607,381,261,181,116,178,474,536,816,449
537,375,238,169,120,173,392,313,824,449
315,221,169,124,91,130,380,362,768,449
405,276,222,170,122,173,362,301,788,450
430,274,232,190,127,167,371,304,803,450
452,357,154,130,109,131,338,243,768,450
489,315,259,201,140,188,462,504,804,450
616,456,173,138,110,141,387,342,813,450
563,382,278,197,139,200,439,377,807,450
530,329,283,209,141,200,561,332,809,450
566,390,184,138,106,143,379,330,819,450
384,233,274,207,135,193,409,609,829,451
447,328,195,154,123,158,390,322,808,451
572,404,311,224,177,249,403,305,802,451
440,293,191,147,110,150,378,481,805,451
445,333,130,94,73,103,345,329,808,451
428,258,332,239,146,222,405,630,847,452
313,224,190,136,102,149,386,330,810,452
373,253,204,153,114,154,385,328,820,452
244,160,200,131,95,150,415,313,794,452
477,313,287,221,135,191,460,492,829,452
693,367,377,263,174,260,525,543,829,452
634,396,289,219,142,200,435,490,833,452
548,314,403,282,183,271,500,643,856,452
414,304,167,124,94,129,366,327,808,452
524,414,257,175,154,225,475,166,655,453
526,386,300,206,158,238,389,331,777,453
440,316,254,181,128,189,402,356,810,453
619,424,242,214,155,182,400,298,822,453
450,257,333,242,146,223,442,636,838,453
574,440,242,205,178,208,400,331,790,453
674,424,279,208,135,197,416,360,794,453
651,448,246,181,125,180,410,352,814,453
298,210,261,205,156,199,336,366,805,453
443,291,210,176,122,152,392,517,951,453
462,292,270,178,117,189,369,318,812,453
406,288,234,187,137,179,383,319,816,453
318,166,305,219,128,194,400,574,811,454
214,155,188,143,110,146,339,317,772,454
398,270,214,172,132,167,442,327,804,454
570,396,216,175,131,168,401,366,785,454
603,381,126,98,67,89,445,431,802,454
308,277,108,95,90,102,396,1,230,454
491,375,181,113,86,141,442,329,806,454
326,260,104,73,59,85,307,259,744,454
467,302,301,222,154,217,507,425,820,455
478,335,258,203,147,195,400,547,804,455
621,389,245,190,118,171,416,328,809,455
443,320,138,101,77,110,347,315,780,455
407,250,200,147,96,137,409,344,817,455
365,249,371,268,186,264,431,454,815,455
450,325,160,118,90,124,341,320,815,456
191,139,228,170,124,173,382,301,850,456
660,380,411,319,190,270,432,938,871,456
261,193,172,134,110,141,466,216,797,456
327,250,208,147,115,168,358,309,786,456
638,393,234,164,102,155,414,352,813,456
661,445,281,214,148,204,377,594,793,456
669,414,198,145,102,142,396,634,854,456
531,316,311,237,162,220,396,667,810,457
341,214,240,173,112,168,401,300,791,457
559,334,283,185,140,223,524,458,968,457
340,226,234,173,116,164,406,493,809,457
676,412,321,217,148,228,402,513,790,457
570,323,271,208,134,190,404,351,824,458
376,276,268,214,163,206,337,407,811,458
471,339,196,155,118,155,373,315,785,458
702,418,199,145,91,135,429,676,830,458
674,452,509,347,259,398,576,14,669,458
461,264,348,274,189,252,525,633,838,458
607,341,608,437,221,336,519,647,875,458
489,308,270,218,160,203,485,426,804,458
567,293,397,270,160,259,476,616,831,459
621,427,229,163,122,177,414,309,823,459
676,380,367,267,166,244,455,631,831,459
381,218,303,224,145,208,434,514,819,459
615,417,223,153,105,163,419,477,814,459
392,277,192,148,103,137,351,319,774,459
623,432,228,200,147,171,392,332,806,459
326,215,177,120,86,135,391,331,824,460
311,225,105,81,78,99,398,1,185,460
487,370,160,130,103,130,376,321,816,460
548,363,158,122,83,116,392,329,827,460
299,196,141,107,78,106,344,312,786,460
609,426,223,163,131,183,408,412,800,460
509,360,311,224,156,224,415,513,803,460
417,217,198,143,98,141,503,333,816,461
585,317,380,284,165,239,348,797,859,461
695,442,256,187,131,191,414,524,755,461
498,292,338,237,158,236,438,618,822,461
614,397,330,238,156,237,399,504,811,461
501,325,173,137,115,147,489,335,805,461
636,431,270,205,123,167,542,358,830,461
297,212,265,211,154,206,390,339,798,461
258,167,208,156,111,155,374,364,813,462
382,268,156,112,89,125,373,341,817,462
594,393,231,174,128,176,409,577,820,462
685,485,291,259,192,225,418,429,809,462
335,297,140,87,79,127,365,111,704,462
298,212,118,87,59,89,379,78,685,462
521,389,196,151,121,160,398,344,830,462
285,183,216,144,96,155,448,318,801,462
665,483,204,166,131,165,396,341,792,462
473,311,228,154,110,172,405,487,807,462
274,216,160,121,101,134,345,344,794,463
439,311,167,123,95,131,373,327,800,463
516,281,443,317,205,306,554,676,853,463
443,312,254,180,128,187,388,290,798,463
263,166,199,134,95,148,458,363,793,463
640,470,186,141,106,144,383,313,809,463
270,214,264,187,129,193,422,2,241,463
692,487,240,193,139,184,427,334,792,463
409,273,188,148,109,143,391,368,754,463
481,323,192,161,105,135,399,337,824,463
400,288,114,82,61,86,364,411,806,463
718,477,290,232,157,210,423,479,802,463
314,243,196,152,116,153,341,321,814,464
420,299,165,130,93,122,380,320,798,464
546,308,421,278,161,261,468,632,828,464
386,260,202,166,116,149,341,450,798,464
684,443,244,218,146,176,426,342,812,464
209,146,244,175,126,179,367,385,816,464
459,353,154,109,85,126,362,323,814,464
545,329,372,264,173,267,448,535,840,464
466,235,247,183,106,156,426,406,826,465
360,272,101,72,63,88,398,179,786,465
370,219,212,158,104,148,430,330,817,465
627,380,260,201,127,174,431,552,807,465
566,424,185,142,112,150,450,328,771,465
523,308,421,286,166,268,439,610,876,465
551,395,212,155,106,160,393,330,772,465
472,353,150,100,74,114,350,315,803,465
426,269,203,138,102,156,455,332,788,465
391,234,226,173,121,163,401,307,893,465
379,274,148,96,71,115,367,326,823,465
655,455,168,136,102,127,406,389,793,466
507,360,202,164,126,160,365,311,776,466
637,420,370,288,197,262,418,580,826,466
621,425,234,184,138,182,394,446,819,466
515,280,355,248,153,227,446,628,821,466
706,428,355,255,160,234,450,576,819,466
375,281,185,133,107,155,356,297,797,466
511,341,249,183,120,173,386,405,756,466
469,370,144,95,75,120,350,327,766,466
503,337,208,151,112,163,397,347,819,466
608,424,142,112,78,108,370,333,961,466
465,262,246,190,120,165,435,546,767,466
380,235,291,219,145,206,420,616,837,466
498,414,94,69,60,83,316,325,808,467
291,194,246,197,161,204,383,1,206,467
284,206,169,112,79,129,356,312,764,467
350,249,146,122,88,106,337,307,778,467
684,414,394,314,192,252,445,635,858,467
569,398,194,140,103,146,389,420,800,467
362,312,154,115,110,144,346,76,677,467
711,447,503,352,239,364,431,548,813,467
623,359,285,197,119,188,445,556,829,467
262,173,172,130,103,137,396,339,791,467
332,233,162,128,101,128,372,335,768,467
449,263,317,230,148,214,436,618,851,468
446,331,167,126,100,135,374,332,812,468
540,345,201,160,105,136,426,331,815,468
324,231,218,164,126,166,382,284,784,468
639,421,265,195,132,191,416,492,794,468
364,216,353,239,157,248,429,570,858,468
295,180,155,116,79,112,392,339,784,468
723,428,241,178,110,159,432,390,816,468
378,283,191,138,108,150,371,320,779,468
679,390,381,275,182,272,511,644,833,469
540,368,219,148,109,167,403,473,793,469
356,213,155,115,76,109,396,348,812,469
324,205,196,147,108,148,383,314,805,469
550,296,299,232,144,198,434,444,826,469
591,420,167,118,87,131,383,332,826,469
426,291,178,127,88,133,397,329,781,469
437,235,323,241,150,211,447,600,824,469
433,288,224,172,126,177,406,426,815,469
313,250,154,105,86,127,380,299,778,469
474,323,241,165,114,176,408,402,817,469
629,446,254,187,139,200,395,365,809,470
254,188,248,180,137,195,358,394,820,470
485,310,262,203,137,188,404,350,809,470
538,307,465,359,222,308,440,583,859,470
604,368,255,180,121,183,460,533,825,470
310,156,321,231,145,213,367,611,803,470
577,384,317,251,192,251,474,332,803,470
371,277,216,156,124,178,363,298,768,470
425,327,173,131,106,144,367,300,795,470
598,390,206,148,106,156,399,467,799,470
411,282,190,144,104,143,332,329,805,471
516,395,188,129,100,153,350,298,774,471
408,248,236,162,114,170,422,392,807,471
374,244,253,178,130,193,351,478,793,471
409,258,263,209,149,194,387,483,799,471
564,320,296,217,134,197,394,579,820,471
345,272,115,84,69,96,356,212,762,472
496,370,182,150,123,150,389,332,805,472
199,144,258,202,141,187,365,399,780,472
377,295,108,84,64,86,324,325,807,472
658,409,255,205,147,193,416,455,802,472
378,258,201,146,113,160,391,377,804,472
465,273,247,193,119,161,411,642,814,472
384,253,219,173,119,159,318,596,806,473
595,464,245,162,140,211,439,2,207,473
540,303,247,186,120,169,424,508,814,473
650,457,242,178,128,182,397,324,794,473
302,160,341,264,162,218,414,638,837,473
595,438,173,138,108,136,395,322,891,473
400,285,228,176,130,178,394,313,809,473
517,360,268,191,144,206,411,405,826,473
460,364,313,223,173,251,519,8,593,474
267,162,257,186,121,182,303,558,824,474
385,237,219,167,119,162,459,329,806,474
164,150,111,82,77,104,333,25,615,474
516,377,172,129,101,136,366,341,815,474
405,253,293,217,147,204,342,642,811,474
681,468,286,204,154,222,426,502,805,474
558,435,176,132,107,143,348,313,818,474
390,264,219,178,132,169,377,322,825,474
533,394,200,165,124,152,402,300,791,474
476,292,220,156,96,146,407,351,822,474
491,332,218,163,123,172,387,319,795,475
582,391,282,221,164,216,418,412,809,475
625,417,219,160,114,162,399,314,781,475
673,468,188,156,117,144,400,422,775,475
572,324,376,273,157,243,490,663,827,475
549,366,198,149,108,150,396,325,784,475
587,435,261,176,134,205,411,327,781,475
380,251,333,249,166,235,436,589,837,475
566,361,172,118,79,123,403,470,795,476
434,299,196,160,122,154,396,335,752,476
539,350,250,185,131,185,396,508,817,476
439,299,262,183,135,200,401,432,793,476
493,367,147,106,87,123,365,244,779,476
393,267,254,206,149,197,394,352,784,476
362,194,313,235,145,207,439,628,992,476
529,308,322,248,153,212,396,611,851,477
329,209,238,184,127,175,395,415,798,477
343,205,251,165,103,170,408,342,803,477
395,225,326,256,163,222,383,637,815,477
527,361,248,185,133,183,307,642,825,477
225,166,107,98,82,91,379,117,635,477
533,356,202,159,118,149,321,439,742,477
439,306,226,152,104,167,362,314,793,477
633,488,250,198,158,208,402,346,784,477
483,384,144,110,90,121,336,322,816,478
432,243,168,122,84,122,385,318,776,478
328,244,118,95,76,96,517,3,524,478
579,341,305,240,164,219,500,652,848,478
385,291,256,192,148,200,495,49,566,478
610,435,177,136,107,140,389,327,805,478
279,208,194,140,107,157,375,325,805,478
536,264,265,225,160,190,515,518,795,479
227,154,161,130,97,123,311,320,826,479
245,227,135,96,90,125,341,72,704,479
317,211,254,184,126,184,404,468,787,479
693,483,206,145,103,154,407,451,793,479
515,306,326,237,146,214,456,627,998,479
492,359,191,141,117,162,475,325,798,479
366,262,194,148,117,157,365,345,782,480
469,337,158,119,82,118,363,338,816,480
526,326,366,311,205,252,407,603,829,480
327,178,336,240,149,216,474,639,870,480
513,353,187,143,103,142,386,325,794,480
564,393,169,127,94,131,382,330,766,480
473,333,190,142,104,148,375,318,802,480
381,228,295,235,154,202,299,552,794,480
460,311,225,177,137,177,386,323,803,480
389,305,158,110,89,131,370,340,759,480
710,412,159,127,73,100,385,953,859,481
370,244,190,141,107,150,391,336,802,481
542,336,125,95,65,89,414,363,822,482
733,456,317,241,170,234,449,585,811,482
435,265,270,205,142,201,407,331,809,482
552,315,492,387,230,329,703,0,94,482
392,277,186,137,102,145,363,326,753,482
540,405,219,172,140,178,380,307,793,482
661,437,407,299,210,294,449,588,789,482
537,364,192,153,117,148,405,324,809,482
523,300,377,296,175,247,420,416,826,483
254,144,203,159,105,142,363,334,816,483
337,226,219,171,119,156,388,370,806,483
499,337,345,254,188,265,436,494,824,483
406,274,196,139,102,149,374,375,802,483
183,153,150,116,89,119,262,300,771,483
362,242,354,236,166,253,528,23,629,483
245,224,115,64,60,108,306,89,683,484
406,250,243,175,116,173,407,399,818,484
497,362,205,166,129,158,381,438,782,484
345,222,292,221,156,216,381,615,816,484
459,269,307,233,146,207,424,565,830,484
720,436,343,249,171,243,535,484,819,484
583,388,386,293,190,259,446,504,816,485
495,367,211,152,126,177,369,308,816,485
344,214,291,230,140,191,310,549,822,485
734,431,353,270,179,240,446,543,804,485
448,300,229,174,123,172,409,545,823,485
521,388,269,211,176,225,480,491,795,485
399,246,258,213,152,190,420,444,801,485
369,302,121,95,77,100,447,313,798,486
495,354,176,135,106,139,400,291,733,486
305,225,131,96,75,105,326,336,816,486
225,153,224,155,107,167,369,342,815,486
215,176,184,128,113,162,365,123,742,486
633,473,251,208,170,207,415,319,792,486
354,300,175,133,110,147,348,299,809,486
457,258,263,190,115,178,416,588,833,486
246,176,148,123,90,111,372,185,744,486
539,348,226,181,133,174,387,458,818,486
464,288,221,171,117,154,397,509,821,486
598,454,129,97,79,104,344,337,796,486
623,355,311,242,158,213,434,615,837,487
422,259,362,259,164,236,442,655,852,487
523,387,179,133,106,145,378,324,790,487
349,199,270,182,121,190,406,425,810,487
389,300,124,79,61,100,313,317,806,487
436,290,200,146,106,152,399,342,811,487
482,331,185,133,101,148,463,323,803,487
473,309,189,153,111,146,390,317,786,487
407,236,425,308,180,278,443,573,821,488
673,407,322,247,166,236,449,544,833,488
325,252,223,155,123,181,487,321,810,488
416,305,147,109,87,121,372,265,754,488
485,324,205,142,97,148,398,368,805,488
378,287,171,114,92,141,375,318,809,488
408,301,337,223,161,260,560,3,576,488
686,397,325,221,135,218,449,661,845,488
443,234,215,180,114,141,426,525,789,488
613,381,224,168,117,161,499,358,810,488
585,422,207,162,129,168,377,307,810,489
260,172,131,105,76,98,324,335,790,489
473,274,297,229,155,212,391,502,809,489
471,241,407,304,169,241,468,605,795,489
606,415,246,177,124,182,407,317,797,489
243,162,247,188,133,184,344,305,814,489
405,293,186,141,129,170,443,325,785,489
604,376,347,239,148,230,449,555,834,489
355,230,208,160,114,153,390,350,821,489
267,196,160,121,98,131,319,310,806,489
322,240,163,111,86,131,355,290,795,489
625,445,221,154,118,173,416,361,824,490
679,404,272,224,151,187,410,639,844,490
552,389,192,146,108,144,386,311,770,490
446,329,247,169,131,201,415,325,805,490
346,234,215,151,108,161,394,333,820,491
463,256,334,254,152,216,439,621,828,491
212,159,132,100,75,102,320,308,767,491
475,323,219,171,123,165,356,529,766,491
446,268,341,276,172,225,372,617,836,491
649,477,206,148,113,164,388,331,801,491
694,469,255,204,153,195,418,435,817,491
325,215,338,255,154,217,329,613,848,491
309,182,220,159,100,140,478,323,812,491
566,292,326,233,160,237,493,658,846,492
538,372,302,213,161,240,401,367,792,492
493,357,466,301,213,352,458,788,869,492
304,195,220,168,115,158,402,381,805,492
327,253,189,137,110,153,343,342,803,492
318,217,209,135,93,151,371,316,818,492
533,348,240,167,113,176,410,439,775,492
423,309,203,141,109,160,390,310,801,492
379,293,138,112,87,111,359,231,788,493
500,370,151,117,93,121,386,349,778,493
288,196,284,195,128,195,415,505,981,493
482,285,299,212,136,210,422,536,864,493
471,303,215,162,111,161,384,379,828,493
326,236,202,159,121,159,371,352,818,493
416,337,147,111,92,125,347,316,794,493
534,427,114,76,63,98,302,325,810,493
511,410,247,173,141,205,443,495,798,493
572,372,270,178,116,184,377,520,783,494
307,259,105,81,76,97,405,64,718,494
405,289,162,123,96,132,385,325,808,494
439,295,233,172,118,167,401,403,811,494
508,345,274,215,153,206,413,451,783,494
272,199,118,90,68,92,310,298,823,494
324,201,246,187,114,162,350,421,805,494
629,457,365,253,182,266,530,625,814,494
499,235,243,172,115,174,523,416,914,494
398,290,198,159,120,154,385,322,786,494
372,277,109,70,52,85,343,305,818,495
478,271,357,289,175,227,413,638,846,495
404,308,137,98,76,112,354,331,748,495
421,229,321,221,139,221,413,405,797,495
649,339,372,291,138,185,584,329,798,495
690,434,293,204,147,220,464,541,794,495
286,191,242,183,129,178,293,539,816,495
673,428,296,223,148,207,521,531,784,495
699,401,227,166,129,177,456,440,820,495
218,143,178,129,81,128,520,370,827,495
400,257,286,192,123,197,418,441,811,496
332,220,260,202,146,194,385,328,800,496
713,456,283,204,140,207,440,475,834,496
490,314,193,146,100,140,391,325,797,496
530,291,356,268,175,240,453,668,840,496
220,138,227,177,123,166,323,398,795,496
584,449,172,132,107,143,388,321,794,497
496,349,214,136,96,162,374,291,799,497
619,436,323,233,158,232,384,425,811,497
605,371,278,209,139,198,416,561,814,497
657,457,295,212,161,232,414,414,815,497
545,380,181,147,115,143,394,320,810,497
642,327,347,253,141,211,449,672,882,497
540,352,247,194,138,181,411,455,818,497
514,318,356,254,160,245,453,634,840,497
444,316,173,118,84,128,374,336,816,498
353,215,294,233,147,202,393,315,766,498
269,171,206,151,112,159,386,354,803,498
651,467,232,177,135,181,386,454,809,499
582,404,171,136,96,127,377,306,798,499
306,203,147,114,83,110,340,319,814,499
358,259,151,131,102,121,325,300,782,499
532,356,281,210,149,211,409,495,800,499
534,308,234,174,124,178,504,327,795,499
234,185,213,163,131,178,477,12,615,499
461,283,283,201,133,198,458,402,812,499
335,245,177,120,92,141,375,330,811,499
396,266,176,126,94,135,379,326,824,500
650,453,261,198,149,203,415,472,785,500
287,176,293,193,133,208,488,449,822,500
579,408,237,159,117,182,380,432,769,500
433,303,215,153,117,168,398,329,803,500
482,255,367,288,169,235,399,829,859,500
429,313,155,114,89,125,366,319,788,500
437,301,197,154,111,147,379,324,817,500
452,337,247,172,128,193,363,302,770,500
572,385,191,154,111,144,396,347,788,500
658,423,288,201,143,209,399,879,819,500
546,388,180,126,99,144,376,317,811,501
675,351,360,263,127,196,476,641,861,501
421,233,387,272,161,250,468,644,854,501
496,284,293,189,120,196,488,520,836,501
367,235,165,130,91,121,379,320,808,501
297,171,256,187,135,188,481,411,802,501
534,347,394,282,170,244,324,967,854,501
500,289,302,225,151,213,429,586,801,501
684,452,301,239,167,223,407,534,815,501
649,330,346,265,144,216,499,679,832,502
379,238,127,89,61,90,365,332,803,502
319,220,199,159,117,150,310,461,778,502
429,303,209,151,118,164,396,343,793,502
701,467,251,194,135,184,423,362,826,502
328,244,163,123,96,132,367,325,794,502
706,370,344,244,128,196,578,324,797,502
671,491,188,142,112,153,406,395,770,502
574,404,263,198,141,196,422,445,828,502
397,268,229,154,112,179,388,299,802,503
574,349,223,161,103,152,414,457,795,503
421,269,394,301,198,278,594,4,585,503
436,268,229,157,104,159,418,490,824,503
595,411,308,219,171,247,430,615,804,503
558,347,300,203,135,216,427,574,815,503
328,189,262,179,117,184,420,507,838,503
485,266,362,302,181,226,441,636,869,503
291,200,143,109,85,115,366,329,802,504
609,445,162,137,106,128,367,328,821,504
394,228,165,119,83,120,457,354,800,504
417,259,224,162,110,164,416,361,757,504
417,247,195,151,105,140,447,316,972,504
550,358,261,192,133,184,409,336,817,504
457,314,240,209,154,181,392,412,767,504
550,383,293,214,165,233,397,439,792,505
300,187,230,173,129,178,392,341,825,505
461,296,251,203,137,179,396,372,762,505
414,258,244,206,142,178,417,373,804,505
695,438,262,200,145,193,429,553,815,505
684,477,341,224,172,275,524,358,793,505
476,274,303,218,147,217,489,514,837,505
278,216,167,143,114,137,312,317,798,505
545,345,254,189,124,174,420,501,806,506
488,365,224,173,132,171,396,412,790,506
294,191,271,189,133,202,316,512,800,506
583,378,226,172,127,177,419,362,818,506
558,312,435,309,174,266,466,611,920,506
539,347,379,296,187,262,454,633,824,506
282,169,267,206,124,173,330,626,843,506
365,246,257,188,134,192,411,481,795,506
438,291,194,145,102,143,378,312,790,507
564,407,147,103,77,115,386,320,779,507
305,246,196,136,107,159,334,292,789,507
559,386,236,177,123,172,412,316,810,507
494,393,186,137,112,155,345,582,788,507
395,258,186,140,106,146,386,313,759,507
598,446,216,166,127,170,371,310,808,507
434,234,369,270,148,227,472,682,869,508
482,301,269,202,142,199,405,380,791,508
488,338,163,124,90,124,378,324,809,508
553,297,345,255,160,233,454,662,824,508
488,376,152,85,150,235,532,202,735,508
502,357,201,158,110,144,441,362,785,508
342,218,205,146,103,150,386,349,809,508
572,379,181,130,98,140,440,319,823,508
463,313,197,160,116,145,371,318,792,508
692,430,195,144,99,141,402,632,795,509
722,452,299,227,149,204,438,403,774,509
436,309,157,116,87,124,337,312,795,509
384,268,187,145,109,147,369,389,808,509
603,411,255,190,143,200,398,367,799,509
463,319,230,150,103,169,405,317,818,509
507,394,186,131,101,148,367,310,810,509
539,404,184,137,114,156,366,323,808,509
286,221,160,104,84,130,351,321,761,510
673,428,259,197,134,184,437,485,830,510
217,167,170,124,93,136,305,315,814,510
498,331,208,147,105,154,376,610,860,510
611,405,237,162,112,173,401,451,777,511
245,182,217,171,123,160,357,318,815,511
536,372,243,165,121,179,376,451,820,511
331,205,208,140,92,146,397,374,812,511
691,424,285,211,138,198,440,570,828,511
488,318,183,136,95,135,389,340,797,511
499,281,308,222,152,219,428,623,797,511
451,276,309,243,157,199,410,386,818,511
435,275,263,191,144,205,419,393,783,511
419,300,258,166,122,202,381,340,808,511
540,361,295,194,135,218,460,426,817,511
383,238,287,210,125,188,359,593,830,511
290,225,188,141,113,153,332,315,816,511
298,199,209,149,104,154,358,324,797,511
391,283,215,157,120,173,357,337,800,511
415,298,205,160,130,168,366,292,775,512
667,428,295,228,165,226,411,413,820,512
597,316,218,168,115,151,559,368,810,512
308,223,179,133,103,144,379,320,799,512
402,234,191,154,113,143,484,320,818,512
371,313,190,145,129,172,386,90,648,512
252,202,139,117,98,119,290,311,802,512
360,226,221,181,125,158,447,320,792,512
302,233,168,129,102,135,332,317,820,512
642,402,286,209,132,196,420,487,817,512
581,413,190,147,106,145,381,307,785,512
617,420,168,132,90,121,374,336,803,512
470,248,309,247,156,203,453,629,828,513
378,295,115,106,85,94,304,300,759,513
419,303,154,122,94,119,365,312,809,513
274,161,214,144,85,139,396,321,800,513
348,230,191,131,90,137,349,305,827,513
383,314,142,110,93,120,329,305,823,513
379,272,351,270,165,224,532,443,825,513
679,400,450,333,227,315,598,6,626,514
400,218,314,249,151,207,428,621,867,514
654,446,249,194,143,191,403,458,792,514
516,271,396,285,172,262,457,646,829,514
550,378,275,199,146,212,423,510,822,514
680,470,254,209,157,196,395,314,807,515
678,457,300,238,165,216,418,471,812,515
364,249,253,208,148,192,542,8,559,515
332,234,136,96,68,102,372,350,813,515
458,321,195,146,110,151,382,302,807,515
371,282,187,149,118,153,362,317,821,515
292,193,322,252,174,239,379,354,814,515
486,334,210,157,114,161,389,336,823,515
560,383,182,158,113,133,395,403,799,515
644,426,266,184,131,202,419,494,839,515
611,425,258,174,119,188,401,450,787,515
342,229,148,102,73,112,357,344,776,515
542,398,236,157,108,173,404,362,796,516
491,321,295,215,158,220,431,545,794,516
467,267,409,298,175,253,450,590,830,516
322,205,250,205,133,179,324,577,795,516
274,216,168,124,96,133,302,343,812,516
490,373,177,142,113,144,375,322,813,516
531,369,117,87,61,91,402,339,796,516
466,323,209,145,107,162,384,308,805,517
498,284,285,211,141,198,400,568,813,517
474,322,176,129,93,131,387,308,821,517
346,237,186,145,109,146,375,371,775,517
566,369,234,182,135,179,439,338,784,517
422,223,306,238,161,216,435,634,810,517
336,241,125,100,73,94,286,299,781,517
662,433,298,203,147,223,433,532,816,517
367,233,248,161,117,185,372,320,815,517
547,285,406,263,160,268,434,580,805,517
284,193,176,124,91,134,358,320,809,518
247,176,180,112,83,141,372,334,816,518
476,289,337,253,177,255,414,451,810,518
612,378,324,226,142,221,430,609,824,518
582,390,237,172,120,172,410,345,791,518
411,265,294,202,140,215,391,517,791,518
397,261,214,168,126,171,390,390,796,518
317,244,196,141,109,157,366,291,784,518
398,310,203,136,110,168,380,334,813,518
510,375,229,181,142,185,388,315,776,518
514,322,308,221,151,224,446,647,836,518
639,424,271,209,147,203,428,441,820,518
533,297,358,267,142,206,361,701,857,519
633,405,249,188,128,177,429,462,820,519
689,393,336,276,169,222,445,663,860,519
391,315,172,138,118,150,422,327,800,519
655,385,292,206,140,212,468,399,807,520
597,376,239,193,142,179,400,310,800,520
356,265,130,94,74,106,313,316,807,520
575,427,192,153,120,154,385,351,806,520
437,306,188,131,93,140,389,320,794,520
438,263,342,254,164,238,469,423,818,520
306,209,266,213,144,192,340,461,812,520
388,243,213,154,105,150,362,323,817,520
355,246,263,201,153,206,435,322,803,520
618,365,285,240,150,184,418,523,808,520
404,297,234,190,147,183,298,536,806,520
322,244,198,166,130,158,379,322,786,521
648,454,240,190,151,192,400,326,817,521
616,361,463,359,238,316,455,839,873,521
441,338,160,124,98,130,337,318,739,521
602,411,183,151,104,131,398,328,824,521
374,274,203,142,110,159,363,308,815,521
426,287,181,150,115,144,370,332,776,521
334,244,125,97,80,101,367,235,777,521
630,432,240,176,118,170,484,361,811,521
350,230,203,139,107,160,389,293,768,521
701,397,406,310,178,266,469,1023,841,521
467,300,196,142,102,146,399,354,809,521
400,304,113,81,65,93,346,333,814,521
221,164,132,101,78,104,321,334,815,522
374,286,182,143,114,144,369,321,814,522
520,320,313,247,168,219,421,538,847,522
263,237,130,92,80,114,345,1,219,522
397,305,155,118,100,132,401,342,784,522
463,308,216,164,111,152,409,319,794,522
519,316,288,205,137,201,408,428,803,522
459,281,299,217,149,215,415,427,799,522
537,324,220,149,103,160,417,352,803,522
544,329,276,208,138,196,472,441,778,523
521,350,234,151,101,171,404,345,825,523
557,285,359,279,168,242,453,641,833,523
368,268,196,148,110,151,353,463,810,523
438,240,288,213,125,188,410,507,829,523
693,444,380,293,193,267,460,458,830,523
459,233,336,255,125,177,427,629,841,523
326,196,315,225,145,217,414,451,833,523
558,338,466,354,252,341,517,672,844,524
673,453,290,216,142,208,423,397,777,524
662,377,353,243,170,262,475,748,837,524
438,319,173,126,97,138,387,370,817,524
582,386,267,189,139,204,492,411,817,524
282,164,169,122,78,115,395,332,823,524
324,239,157,121,95,127,323,306,779,524
439,307,149,115,85,115,364,310,794,524
516,375,193,146,111,153,396,335,787,524
577,403,188,144,106,143,390,321,769,524
706,396,505,358,232,343,479,620,871,524
518,296,402,298,185,269,481,649,868,524
618,450,188,139,101,143,372,318,825,524
638,460,278,198,136,196,529,256,776,524
311,195,199,155,105,142,324,444,801,525
396,254,241,164,116,181,407,444,815,525
359,312,197,137,120,175,480,111,650,525
329,194,295,218,146,210,435,307,827,525
472,334,207,160,127,170,406,321,789,525
593,376,336,244,146,214,440,532,858,526
392,274,252,200,136,180,343,591,854,526
580,393,271,193,135,201,401,342,821,526
407,281,289,225,154,207,506,338,822,526
272,203,129,90,73,106,346,1,226,526
459,360,156,92,72,128,371,329,791,526
723,466,242,175,117,175,407,490,794,526
470,223,342,248,158,232,519,661,842,527
556,378,239,207,152,179,415,352,816,527
430,300,230,179,132,177,405,428,786,527
484,277,366,255,167,257,459,642,860,527
360,240,237,179,130,176,386,387,799,527
352,219,296,230,151,205,395,499,833,527
645,469,139,108,82,109,358,320,778,527
592,342,374,290,179,243,455,637,844,527
689,452,476,320,228,354,570,652,879,527
367,252,210,156,111,153,475,332,817,528
211,142,236,163,112,172,356,424,791,528
357,237,215,169,117,157,382,414,800,528
387,296,145,105,84,119,347,325,799,528
330,207,174,122,88,133,392,322,821,528
656,484,203,142,110,159,401,365,786,528
583,413,201,157,118,156,392,332,793,528
236,173,164,113,79,119,322,308,802,529
500,351,219,141,97,159,385,334,810,529
301,201,190,146,103,144,371,376,784,529
692,424,331,260,171,229,449,489,816,529
498,356,198,150,116,155,367,331,779,529
283,181,229,183,127,158,330,571,797,529
444,260,343,237,148,235,444,640,830,529
382,259,183,136,97,138,409,337,833,529
423,286,168,134,95,124,365,310,795,529
704,404,441,320,205,301,453,594,823,530
417,282,227,165,112,162,379,389,805,530
671,377,525,371,186,276,462,1023,862,530
450,304,176,126,91,134,393,334,800,530
588,373,266,205,144,194,435,576,803,530
332,242,251,180,134,196,397,317,809,530
682,455,227,182,130,168,429,346,818,530
461,321,141,98,72,108,332,321,794,530
409,243,156,122,80,106,386,508,816,530
406,285,220,170,129,170,369,312,806,530
333,187,273,224,145,188,393,375,783,531
669,348,421,283,164,258,464,800,871,531
462,253,348,263,147,212,447,691,867,531
521,326,462,324,220,326,522,640,873,531
582,426,167,145,108,128,381,321,825,531
630,426,274,211,146,197,365,452,786,531
206,154,177,123,90,134,370,366,810,531
590,403,275,188,132,204,397,320,816,531
360,241,179,140,101,133,361,348,784,531
398,293,235,177,121,167,339,645,800,531
724,456,327,238,152,224,444,564,823,531
417,251,298,215,145,213,408,382,818,531
438,344,105,88,73,89,333,328,777,532
546,355,206,141,100,150,481,358,816,532
450,254,269,199,129,187,404,642,823,532
404,269,208,166,113,151,382,310,810,532
468,327,294,210,159,231,388,361,790,532
404,253,166,130,89,120,365,322,809,532
511,285,143,111,69,98,345,626,856,532
383,236,281,224,143,194,410,533,811,532
541,359,289,213,143,204,417,632,834,532
469,284,285,203,136,201,438,531,788,532
496,335,209,160,122,163,400,321,824,532
465,260,287,209,129,188,436,440,817,533
658,436,303,243,186,242,415,392,802,533
589,405,261,206,147,198,404,367,772,533
398,252,178,121,83,131,396,341,784,533
698,442,316,250,181,234,456,651,844,533
574,331,342,232,147,231,442,609,858,533
575,392,273,212,149,201,433,663,859,533
727,486,267,198,130,189,432,492,827,533
468,328,175,133,95,128,394,350,793,533
375,201,277,201,121,180,414,547,832,534
450,316,167,133,101,135,379,331,770,534
548,352,228,177,124,168,408,367,799,534
419,259,263,199,135,192,404,545,804,534
270,196,157,118,83,116,319,323,767,535
400,264,147,125,101,119,406,314,793,535
367,225,309,243,187,244,462,625,817,535
252,200,121,86,64,94,300,327,775,535
547,404,171,116,93,139,341,319,796,535
343,254,145,97,70,108,316,294,825,535
488,328,264,204,147,196,415,324,826,535
661,412,339,252,165,240,437,707,843,535
346,233,201,158,115,152,301,648,835,535
668,452,240,180,125,174,407,332,794,536
492,252,399,288,163,244,504,632,854,536
723,454,341,248,151,224,479,431,779,536
374,244,185,140,99,137,388,360,788,536
662,442,338,271,190,244,423,575,817,536
623,351,337,254,141,196,456,516,826,536
696,378,298,228,142,195,409,623,820,536
549,383,171,142,105,129,425,311,1004,536
262,183,228,186,136,174,349,293,791,537
518,357,208,150,113,164,394,327,773,537
489,317,184,130,92,139,391,304,778,537
399,299,141,100,80,115,322,326,820,537
427,299,157,127,95,123,370,335,819,537
515,374,178,142,110,140,443,322,795,537
337,232,122,83,61,95,345,331,807,537
532,373,197,137,106,154,402,322,836,537
465,306,261,199,140,190,403,513,782,537
306,242,219,186,144,172,316,270,820,537
315,234,141,107,88,117,340,320,777,537
363,245,192,138,89,130,507,330,818,537
457,309,258,187,136,199,429,495,816,538
676,437,289,235,165,210,529,417,768,538
556,321,408,279,168,265,472,668,850,538
628,357,344,253,153,220,467,638,860,538
542,300,282,221,135,185,454,653,861,538
402,320,151,102,81,124,371,327,825,538
333,234,268,206,144,196,419,284,779,539
547,349,304,218,154,220,439,528,822,539
546,363,208,159,114,155,377,327,800,539
494,372,211,152,118,166,376,325,791,540
483,349,244,186,142,188,442,435,806,540
485,286,157,111,62,95,468,620,822,540
453,263,244,188,125,174,411,484,803,540
455,303,275,185,132,207,409,313,807,540
489,288,335,240,162,236,435,564,838,540
326,265,179,130,108,150,374,345,804,540
623,417,210,157,116,158,415,333,815,540
227,166,262,185,124,187,352,400,814,541
464,344,176,128,103,144,393,320,784,541
242,152,276,213,142,197,567,3,580,541
264,179,120,101,68,85,515,1,170,541
406,323,101,71,58,84,316,201,736,541
657,384,303,214,151,223,493,362,805,542
217,143,167,135,95,118,331,315,819,542
263,213,182,130,105,145,318,284,793,542
703,455,291,213,150,213,431,560,804,542
457,327,190,141,107,148,376,317,805,543
362,239,260,182,123,184,471,466,789,543
327,234,190,136,107,157,371,311,808,543
361,250,162,122,90,122,376,333,809,543
587,395,249,173,125,189,404,361,826,543
641,406,282,214,141,197,429,467,828,543
564,391,163,117,80,118,354,334,784,543
500,292,301,223,140,201,418,581,846,544
731,457,295,216,142,207,421,650,861,544
440,326,176,139,93,124,375,319,803,544
641,407,361,276,181,249,426,570,838,544
387,226,282,210,127,185,381,644,844,544
310,200,205,168,126,156,372,329,806,544
670,467,252,185,145,199,414,331,816,544
563,387,203,156,113,151,395,283,787,544
506,361,276,198,149,218,396,306,823,544
509,374,176,129,94,133,379,335,775,544
356,244,245,169,118,179,402,337,779,544
392,293,187,132,103,150,367,325,796,544
314,175,199,156,101,138,455,405,798,544
388,311,148,109,91,125,331,337,774,544
338,289,246,173,158,222,398,215,694,545
270,202,185,145,111,147,325,315,771,545
652,426,268,211,149,194,433,531,807,545
555,276,485,349,200,305,495,689,867,545
544,366,179,135,95,129,377,309,793,545
499,260,375,267,154,235,522,654,857,545
721,451,327,221,136,221,436,518,821,545
450,327,198,134,107,160,371,315,798,545
307,231,160,116,92,127,355,252,714,545
444,272,199,150,106,146,403,315,774,546
443,311,194,156,117,147,353,408,796,546
320,231,209,152,119,167,370,320,807,546
411,250,186,142,96,131,407,329,794,546
651,409,286,211,146,202,417,618,815,546
549,337,272,183,116,188,425,629,847,546
439,332,215,169,126,169,389,448,795,546
669,474,217,156,116,169,416,354,783,546
430,286,213,151,105,157,403,366,824,546
483,295,329,243,137,211,435,477,828,546
501,346,228,195,144,176,394,324,788,547
276,222,104,75,63,89,331,146,741,547
415,270,203,156,111,148,463,331,787,547
242,166,182,141,108,142,370,326,803,547
495,295,161,130,74,97,271,966,852,547
711,441,390,279,203,303,437,708,846,547
621,474,172,130,103,140,362,318,814,547
467,289,278,194,131,194,420,453,814,547
547,288,405,296,199,286,524,498,803,547
270,188,186,139,97,137,353,305,774,547
632,336,293,218,130,193,461,561,827,547
528,363,176,131,93,131,357,311,808,547
520,251,388,291,174,243,495,648,848,547
583,338,445,331,216,303,424,628,855,547
436,252,186,149,98,126,477,245,803,547
688,434,283,219,149,199,430,486,839,547
429,258,313,242,153,213,400,495,798,547
594,404,217,157,111,166,374,518,764,547
223,186,206,139,115,169,355,297,790,547
472,362,128,87,71,106,356,328,796,548
456,256,376,293,173,246,460,637,861,548
399,245,255,182,124,181,472,441,793,548
434,317,229,168,124,171,386,406,795,548
265,183,259,196,136,189,277,544,783,548
725,387,465,350,200,283,466,621,848,548
483,331,237,191,132,162,340,289,797,548
509,368,245,208,157,188,420,358,810,548
614,380,298,219,140,201,409,491,823,548
650,453,337,252,180,259,405,446,781,548
490,370,194,134,100,149,376,312,822,549
509,314,239,195,139,178,418,327,769,549
411,244,392,325,202,260,512,590,852,549
653,433,299,225,157,219,512,488,798,550
633,385,287,248,163,199,420,525,821,550
358,222,269,176,125,207,409,323,828,550
365,212,315,225,144,209,438,645,864,550
517,356,210,162,115,156,371,306,784,550
276,167,248,185,121,174,420,372,809,550
553,344,288,213,145,205,393,575,805,550
216,145,215,176,123,156,274,548,783,550
603,413,232,182,134,174,394,353,802,550
555,388,234,187,126,166,397,489,815,551
606,393,110,91,67,86,328,616,794,551
610,393,298,204,137,213,271,854,840,551
314,226,194,142,108,152,375,316,806,551
440,295,308,238,153,211,401,596,995,551
657,470,255,194,150,203,416,338,807,551
442,343,164,128,100,132,353,317,794,551
550,410,185,135,103,146,372,314,815,551
440,248,330,243,151,221,437,578,847,552
467,324,204,159,118,160,376,364,773,552
526,351,262,205,152,202,459,405,799,552
438,272,420,310,195,277,482,659,862,552
380,303,170,118,97,145,384,319,804,552
465,325,218,179,135,169,396,304,754,552
580,388,235,207,146,174,394,435,867,552
692,479,215,188,137,165,383,313,784,552
221,173,166,107,82,134,331,304,807,553
248,181,190,138,107,154,334,295,798,553
248,153,200,160,107,143,377,318,792,553
346,231,181,147,105,135,365,286,809,553
491,307,249,192,132,178,415,479,791,553
406,304,199,148,114,160,376,318,741,553
581,431,195,153,117,158,356,311,812,554
690,407,297,224,140,197,541,401,822,554
607,357,322,232,148,220,439,544,835,554
196,154,152,119,91,119,269,304,771,554
483,367,283,210,170,229,507,542,825,554
404,258,284,194,132,202,399,593,833,554
286,174,207,153,106,153,413,330,771,554
602,356,287,200,131,203,449,620,845,555
548,288,312,224,145,216,498,440,793,555
360,254,170,118,83,126,333,315,791,555
420,233,291,221,146,202,426,526,864,555
495,304,275,189,121,193,407,321,819,556
484,307,208,150,105,154,408,327,812,556
458,338,240,164,127,191,347,487,783,556
583,408,214,169,129,164,402,320,799,556
594,459,232,162,113,168,484,332,808,556
526,375,229,164,118,173,417,350,789,556
298,204,197,140,104,151,357,355,768,557
235,187,153,120,92,119,276,284,778,557
657,428,334,247,176,243,424,582,806,557
517,270,312,237,152,217,488,546,790,557
445,376,252,165,149,229,397,137,682,557
371,279,179,147,117,147,380,337,798,557
605,454,138,110,89,114,378,329,794,557
613,350,257,205,114,161,368,573,825,557
601,350,367,275,182,262,458,624,834,557
449,275,249,196,139,184,387,534,820,557
551,322,477,333,205,326,472,630,823,557
655,428,208,141,95,149,365,316,828,557
687,424,329,233,157,240,439,567,830,558
379,277,223,146,104,167,401,308,816,558
497,313,265,190,133,193,401,583,811,558
490,348,211,151,103,155,411,365,799,558
271,222,165,132,110,136,350,314,779,558
394,259,194,129,93,145,367,327,786,558
724,482,278,195,142,211,414,380,820,558
467,316,206,146,103,153,394,324,830,558
552,368,260,185,131,196,382,303,793,558
587,396,185,154,110,138,367,329,812,559
523,260,312,240,140,192,503,630,804,559
490,329,249,203,142,182,392,521,819,559
624,394,232,178,128,174,404,572,794,559
403,288,134,100,76,107,347,327,803,559
718,468,193,152,106,143,408,338,802,559
546,312,398,263,167,273,505,604,854,559
304,171,196,142,93,135,405,420,825,559
300,217,256,189,127,182,338,508,812,560
581,395,272,205,138,192,368,488,809,560
493,330,249,208,150,183,409,509,806,560
357,258,175,126,90,131,334,296,765,560
390,267,231,157,112,171,377,437,814,560
478,281,270,197,126,182,433,434,801,561
421,243,143,109,72,94,403,370,800,561
439,308,182,139,107,142,363,299,806,561
500,386,199,151,118,160,396,338,802,561
432,269,190,144,98,136,412,326,806,561
321,188,144,110,74,102,429,464,799,561
633,345,132,102,66,93,403,683,809,561
635,415,234,163,105,163,395,336,803,561
365,259,207,155,119,166,353,307,803,561
513,332,314,256,165,215,405,608,833,561
640,452,261,198,147,200,400,331,826,561
338,301,254,227,185,216,424,119,681,561
453,236,278,212,130,186,421,586,823,562
602,323,274,189,107,170,446,470,800,562
729,434,379,280,188,269,443,612,816,562
534,287,370,280,183,253,448,634,869,562
569,325,210,153,91,129,535,353,825,562
689,455,380,265,182,273,508,636,838,562
596,399,266,198,150,208,408,599,771,562
567,412,186,145,108,144,362,283,816,562
414,232,301,227,159,219,525,332,805,562
421,263,238,195,145,183,382,296,795,562
548,353,286,201,138,205,463,454,805,563
352,241,163,121,92,127,380,324,806,563
535,412,151,112,94,127,362,319,814,563
525,371,150,122,93,118,376,342,773,563
357,235,203,150,111,157,414,357,780,563
286,246,274,189,170,249,397,2,225,563
330,223,106,82,62,83,311,328,772,563
325,247,166,120,91,129,341,318,809,563
412,272,180,147,79,108,378,1,220,563
432,321,222,165,127,179,380,320,830,563
331,221,188,146,108,144,395,340,795,563
306,254,172,122,95,139,352,306,792,564
607,457,181,128,92,136,362,299,792,564
522,368,257,215,158,195,396,304,804,564
508,378,153,133,104,120,379,338,785,564
498,385,258,202,158,210,389,283,806,564
566,388,205,149,109,154,423,331,799,564
521,339,203,144,99,145,394,327,818,564
540,399,265,200,153,212,440,325,818,564
464,338,121,100,78,96,325,316,809,564
528,415,154,113,90,123,338,302,799,564
540,409,190,154,123,154,431,327,791,565
600,374,275,201,129,193,398,504,815,565
560,334,267,203,132,183,435,616,815,565
366,257,220,176,137,172,368,415,810,565
596,440,167,124,96,134,395,326,807,565
536,383,195,149,105,150,403,333,811,566
524,373,179,142,106,137,392,316,830,566
498,402,122,89,78,104,342,258,745,566
476,335,212,178,137,167,405,469,784,566
671,467,280,216,165,220,409,414,799,566
523,303,219,165,107,153,447,363,797,567
186,170,108,86,83,102,361,43,659,567
339,216,258,207,131,179,400,357,802,567
415,311,156,113,87,126,366,323,789,567
555,401,229,173,127,181,394,374,808,567
234,170,129,108,81,100,277,315,804,567
466,309,206,167,125,158,361,357,812,567
661,444,253,190,138,192,412,474,825,567
508,341,196,142,112,158,449,332,804,567
395,295,233,160,117,177,452,355,815,567
395,286,158,129,101,127,360,320,809,567
626,433,224,139,95,165,380,308,817,568
433,283,262,203,143,193,400,522,781,568
631,359,305,225,146,212,433,648,869,568
428,289,223,152,111,169,419,454,794,568
607,372,232,155,105,167,518,356,796,568
381,272,159,126,94,121,383,339,814,568
614,401,294,222,148,211,411,457,810,568
702,380,541,373,244,365,480,924,883,568
202,146,198,148,104,148,287,288,782,569
704,443,327,266,173,225,434,543,805,569
464,322,182,138,97,138,386,327,809,569
579,363,280,209,142,200,404,549,809,569
294,228,116,85,70,98,341,231,744,569
424,254,308,251,160,208,387,579,821,569
581,338,409,288,172,270,472,661,860,569
319,217,187,150,109,139,343,313,819,569
522,317,268,196,135,200,422,561,821,569
681,402,256,194,127,177,473,411,805,569
320,163,361,280,161,225,383,642,857,569
503,363,356,269,196,270,391,387,943,569
687,467,277,190,118,187,484,344,812,569
532,318,262,202,135,188,408,468,767,569
633,446,271,186,126,199,398,389,788,570
325,240,158,116,98,134,396,332,786,570
716,431,349,264,170,235,470,676,868,570
327,197,280,219,135,183,409,510,832,570
489,353,183,136,103,146,369,219,769,570
540,395,218,160,121,172,588,2,579,570
335,234,155,112,82,121,373,324,801,570
611,357,351,259,170,247,452,650,810,570
609,423,209,166,122,159,380,324,805,570
551,348,255,203,141,185,424,485,826,571
543,378,234,170,118,170,369,302,790,571
359,240,247,175,111,170,392,325,804,571
270,197,187,148,113,148,330,338,752,571
290,147,294,201,123,188,518,429,827,571
245,193,189,128,100,151,345,304,816,571
463,269,439,286,167,282,524,641,863,571
733,414,212,157,100,145,423,547,817,572
500,362,227,165,128,179,438,311,795,572
338,227,189,152,113,141,355,298,767,572
248,220,97,81,78,92,326,79,611,572
467,310,205,153,114,158,382,508,817,572
572,390,212,174,124,157,390,321,769,572
695,378,279,183,106,177,450,564,843,573
643,431,250,191,135,185,413,335,788,573
317,199,208,166,111,148,357,416,803,573
352,235,162,129,94,125,382,323,803,573
401,284,224,166,120,168,400,472,780,573
561,333,251,189,125,175,487,481,813,573
316,212,178,136,94,132,346,328,821,574
255,186,264,206,155,205,311,522,811,574
445,325,159,128,97,124,381,326,826,574
464,276,396,281,174,263,476,614,856,574
446,301,272,201,143,204,383,534,796,574
271,192,166,112,84,132,364,311,794,575
574,341,330,241,163,241,436,593,791,575
433,285,186,138,90,132,396,342,795,575
331,232,234,182,134,179,391,348,781,575
581,373,347,261,188,266,441,465,819,575
541,404,157,125,101,130,366,324,830,575
608,404,306,226,161,225,424,509,825,575
603,410,177,132,85,124,411,334,814,575
383,293,179,134,106,145,358,324,815,575
695,461,232,171,125,177,417,373,811,575
254,192,151,116,93,124,374,324,818,575
385,263,277,222,162,206,417,402,813,575
399,263,197,156,120,155,385,320,788,575
329,234,158,121,96,128,353,312,812,575
370,286,157,112,89,128,322,276,800,576
494,320,228,169,118,166,392,437,823,576
388,271,200,153,120,158,398,468,767,576
623,430,263,198,143,196,417,447,828,576
559,341,262,199,138,189,417,424,785,576
549,338,293,220,149,208,444,544,810,576
315,226,220,161,106,153,536,268,785,576
475,276,290,235,139,188,446,429,818,576
361,274,190,139,113,158,406,326,757,576
537,386,198,147,110,155,389,340,820,576
462,305,290,229,164,218,425,485,936,576
537,389,287,216,161,219,381,309,827,577
279,172,231,173,112,154,529,323,811,577
583,370,311,236,167,231,430,616,807,577
346,206,306,231,143,205,442,612,824,577
576,434,181,137,109,149,375,319,788,577
674,463,254,178,135,196,422,521,817,577
558,335,348,244,161,246,455,628,855,577
449,276,241,176,120,172,471,496,788,577
655,453,268,187,142,210,397,328,819,577
220,148,166,128,91,124,350,320,796,577
560,397,226,173,126,171,408,332,761,577
508,330,205,141,93,145,403,331,825,577
731,440,353,276,178,246,476,629,553,577
643,439,259,184,132,196,402,479,768,577
576,351,335,239,156,230,429,656,823,578
434,304,182,137,100,139,350,308,757,578
679,473,298,226,170,226,419,320,787,578
437,303,222,168,128,175,385,406,819,578
531,345,253,183,128,181,395,461,823,578
422,301,233,152,118,185,435,414,745,578
463,270,293,222,143,202,414,547,811,579
431,330,173,135,101,132,529,2,558,579
274,197,168,124,94,133,361,329,827,579
448,298,249,199,148,192,474,383,815,579
571,398,227,163,117,176,411,348,823,579
530,383,213,171,134,167,394,608,808,579
300,197,173,132,101,131,350,326,812,579
622,391,200,170,110,139,403,330,838,579
685,481,235,177,135,186,402,335,817,579
364,269,192,135,104,153,461,327,810,579
525,336,338,256,180,248,414,439,737,579
679,408,268,195,135,193,424,472,819,579
320,220,134,120,91,106,611,0,155,579
609,347,327,241,149,218,440,552,829,579
702,470,283,217,163,217,424,385,830,580
462,297,190,148,102,138,373,324,789,580
417,260,221,156,110,162,401,476,800,580
301,257,113,87,76,99,326,307,787,580
531,426,180,143,127,160,441,156,702,580
321,206,373,260,157,242,429,592,845,580
419,229,226,163,99,148,464,373,811,580
621,368,336,281,193,243,427,519,800,580
493,347,124,91,67,95,347,657,815,580
404,233,349,240,154,246,438,572,820,580
426,303,202,148,112,160,398,336,803,580
476,376,158,132,105,129,352,315,815,580
409,314,182,139,104,141,358,311,819,581
592,349,342,263,170,238,458,669,847,581
547,353,265,204,141,189,379,315,823,581
323,202,181,127,90,135,369,330,781,581
385,278,199,140,104,156,385,346,833,581
673,414,293,201,128,203,427,575,805,582
410,325,197,147,125,168,387,313,813,582
614,397,242,188,131,181,435,371,773,582
629,419,277,204,137,190,388,563,821,582
542,396,167,118,96,137,376,330,802,582
529,358,237,170,119,170,404,445,825,582
274,206,140,115,90,113,396,61,707,582
541,298,336,251,149,210,439,536,821,582
731,469,431,356,253,314,459,477,830,582
529,339,283,208,138,193,405,333,814,582
452,313,370,243,161,262,448,527,838,582
323,200,168,131,94,125,384,334,811,582
517,341,254,193,135,184,406,476,805,583
339,274,344,248,195,286,434,125,762,583
554,305,429,317,211,300,522,540,830,583
263,200,226,167,123,171,361,290,824,583
484,353,153,117,91,122,385,334,817,583
445,288,375,349,275,282,415,371,790,583
361,254,211,146,115,169,403,337,826,583
470,228,408,293,168,248,471,650,862,584
503,343,237,171,130,188,368,327,805,584
309,190,194,140,99,147,377,335,819,584
500,377,158,115,91,128,358,332,806,584
540,381,280,198,147,221,421,476,819,584
474,313,245,180,125,182,378,442,807,584
525,377,202,164,120,153,407,358,814,584
312,228,135,103,81,107,344,315,794,585
475,272,224,150,99,160,478,439,826,585
554,360,413,335,235,296,496,648,828,585
518,362,137,101,80,112,376,329,763,585
459,282,219,171,122,168,468,322,813,585
602,429,266,207,153,202,372,300,813,585
245,168,161,114,79,118,385,329,827,585
282,213,163,121,91,127,299,301,787,585
269,190,169,124,96,132,342,351,812,585
403,286,254,185,125,185,358,517,800,586
455,305,215,171,126,163,405,489,781,586
619,443,296,254,186,220,397,460,801,586
652,361,304,205,138,209,532,416,813,586
581,373,241,183,121,168,364,517,790,587
661,422,268,212,148,190,408,528,788,587
506,388,396,299,244,330,470,165,793,587
414,263,201,161,110,149,392,333,824,587
420,283,208,147,102,153,398,350,787,587
637,471,263,194,156,215,413,454,809,587
669,449,206,166,118,158,406,333,799,587
409,234,331,228,136,216,449,639,821,587
397,277,196,159,124,154,398,320,813,587
498,368,194,127,95,151,396,352,821,587
604,436,181,175,142,146,403,330,820,587
396,228,219,189,116,139,477,336,751,588
328,169,319,225,131,204,351,583,842,588
237,163,186,125,83,132,359,305,808,588
313,252,131,99,76,102,300,310,789,588
516,338,214,168,130,165,412,660,845,588
458,291,179,133,97,134,416,317,812,588
388,288,139,97,73,110,338,326,801,588
547,370,195,146,102,146,408,323,775,588
327,222,174,128,98,135,370,326,801,589
608,441,129,97,73,100,366,334,773,589
698,391,319,230,146,220,428,609,819,589
377,287,315,228,183,256,480,455,784,589
516,284,175,128,78,114,411,328,819,589
499,333,196,142,97,141,398,348,813,589
234,176,126,106,83,100,577,0,178,589
271,215,134,108,86,108,313,311,770,589
509,283,339,241,154,228,424,512,819,589
568,379,190,135,95,141,386,345,808,589
298,190,200,141,93,142,355,311,802,589
498,351,243,155,119,195,389,392,757,589
729,459,274,205,131,188,397,455,793,589
560,359,300,238,163,214,382,605,842,590
300,196,205,141,97,150,347,495,785,590
501,281,279,211,125,176,404,662,841,590
426,313,168,122,84,120,345,310,812,590
366,231,374,290,212,279,490,659,824,590
562,350,316,262,171,223,440,531,820,590
499,395,319,188,150,264,455,195,744,590
295,225,184,131,104,149,405,131,754,590
427,310,179,142,111,144,384,322,809,590
521,282,390,304,199,259,416,883,880,590
500,379,171,132,105,139,384,325,765,591
406,244,293,208,143,211,411,577,804,591
282,185,256,170,110,177,415,383,838,591
594,431,229,185,133,169,452,531,783,591
389,256,229,171,124,173,450,320,809,591
412,265,219,151,113,173,397,384,816,591
591,380,208,176,125,152,409,421,798,591
390,270,194,136,104,150,371,370,812,591
560,377,254,194,138,190,416,398,809,591
420,309,217,155,115,170,411,353,813,591
413,273,264,199,142,193,354,539,806,591
325,228,173,127,95,133,387,314,816,591
451,297,146,114,83,110,331,314,754,591
375,224,307,240,152,211,323,585,809,591
651,445,232,188,143,184,407,355,793,591
542,289,303,208,128,206,436,546,804,591
677,474,199,142,103,149,388,310,819,591
435,328,235,178,150,200,462,491,793,591
371,268,142,112,84,107,338,317,814,591
662,445,297,224,158,215,411,463,819,592
559,389,177,148,111,137,383,332,819,592
492,323,319,207,140,230,518,320,803,592
513,314,216,171,119,156,409,360,788,592
420,367,180,133,115,159,284,137,635,592
588,361,330,234,167,246,506,567,773,592
577,398,242,162,126,193,467,364,824,592
428,262,321,228,149,219,385,628,849,592
415,319,161,109,83,130,358,325,799,592
621,356,472,345,177,254,414,923,831,592
528,401,142,116,97,122,328,318,803,592
553,340,340,228,143,226,411,454,810,592
462,330,212,146,108,161,376,321,827,592
390,213,288,227,152,200,437,605,841,593
534,349,215,153,109,163,397,346,815,593
257,185,198,143,109,155,355,238,781,593
494,357,170,132,103,135,379,328,825,593
455,275,251,182,125,179,404,501,824,593
466,245,374,278,165,245,464,682,836,594
572,390,209,145,99,152,372,314,787,594
544,347,347,258,175,245,481,631,792,594
560,409,180,134,102,139,391,354,820,594
373,204,368,255,144,228,450,627,860,594
470,305,223,162,113,165,420,330,820,595
648,400,364,274,187,254,422,431,805,595
665,415,287,230,151,195,390,626,804,595
371,267,227,169,119,166,360,506,804,595
374,329,245,147,132,225,373,141,694,595
392,282,205,153,118,160,380,312,819,595
524,330,279,218,146,201,480,334,772,595
322,211,182,140,101,136,389,316,819,595
456,304,206,159,104,141,386,470,798,595
483,349,198,162,121,155,363,300,783,595
412,319,160,117,96,134,350,316,781,595
385,282,224,151,115,177,391,355,827,595
222,187,106,74,63,91,354,67,741,595
596,385,325,249,175,238,386,585,826,596
441,303,189,150,109,144,373,319,807,596
507,337,198,161,120,151,404,328,762,596
574,410,252,179,132,196,389,314,803,596
461,259,304,240,145,198,420,652,828,596
506,278,238,189,123,167,447,495,813,596
320,208,204,148,104,150,393,361,802,596
524,382,215,147,114,173,382,329,821,597
533,391,128,93,72,102,354,334,782,597
435,307,180,134,102,139,373,316,816,597
272,211,151,104,81,120,364,337,781,597
680,424,250,176,114,178,435,375,803,597
268,214,171,133,108,140,349,329,779,597
385,296,220,177,131,164,342,461,788,597
442,360,180,150,123,146,369,311,794,597
332,250,131,99,78,106,314,320,797,598
200,176,275,174,150,245,412,84,693,598
635,384,335,252,159,226,428,396,820,598
660,458,246,162,114,182,438,356,804,598
287,222,168,126,95,130,332,299,810,598
432,311,260,189,129,185,358,592,833,598
562,340,242,166,107,161,418,371,830,599
497,301,335,263,166,216,380,622,859,599
533,344,291,211,135,201,434,328,808,599
536,307,263,182,118,182,409,524,821,599
525,374,235,168,120,180,394,324,798,599
333,214,224,174,113,149,328,411,823,599
367,230,119,87,64,89,370,652,763,599
399,254,176,140,111,143,449,311,750,599
368,231,173,128,89,128,380,322,801,599
402,264,194,143,102,146,389,461,832,600
546,330,352,264,133,192,449,638,830,600
585,378,262,209,151,192,388,538,809,600
517,288,348,248,147,227,435,617,809,600
416,229,355,276,160,229,459,606,871,600
387,272,286,197,139,217,416,399,804,600
468,362,144,106,83,116,357,317,797,600
237,166,210,154,114,157,329,296,797,600
364,250,149,72,57,123,376,155,724,600
414,286,232,179,133,180,419,352,816,600
492,362,158,117,92,126,353,326,792,600
414,312,202,156,122,157,349,297,781,600
281,205,184,131,97,142,360,328,780,601
636,439,244,186,132,185,407,459,774,601
256,170,172,120,83,129,382,342,814,601
213,167,133,102,89,115,459,2,495,601
524,305,398,302,182,249,401,614,841,601
538,398,178,142,111,140,387,328,749,602
389,294,218,170,135,172,377,295,762,602
320,207,204,160,118,158,392,332,802,602
561,371,236,177,117,165,397,315,821,602
560,404,161,132,105,128,353,306,825,602
418,285,201,146,105,148,390,298,817,602
525,377,231,182,134,178,390,310,838,602
628,407,292,213,151,217,402,371,821,603
249,169,216,164,109,151,384,337,822,603
529,328,270,200,136,194,387,587,817,603
348,272,141,104,87,119,342,333,798,603
625,414,204,158,123,164,466,333,793,603
545,308,313,236,155,213,448,569,781,603
401,284,196,152,115,153,398,358,806,603
396,233,335,233,156,236,402,603,833,603
644,371,320,242,160,229,430,610,793,603
301,226,223,145,115,184,425,317,780,603
269,202,234,169,130,186,354,458,813,604
492,378,152,131,106,125,335,325,810,604
394,257,277,213,129,186,448,547,836,604
528,333,238,171,114,169,402,569,827,605
402,259,225,178,122,166,369,408,792,605
335,208,153,114,82,115,396,316,783,605
663,396,360,270,178,252,463,587,813,605
433,244,232,168,99,145,491,327,785,605
551,397,147,118,95,119,357,321,835,605
308,239,234,177,128,173,450,427,792,605
515,342,241,170,115,171,426,536,829,605
516,375,188,137,104,149,381,402,769,605
559,362,208,151,105,149,400,321,764,605
470,336,230,173,129,177,371,462,804,605
502,326,207,163,107,141,360,625,812,606
544,403,176,125,97,140,405,335,826,606
475,275,305,234,157,215,437,517,812,606
485,245,367,288,180,249,451,596,844,606
443,360,160,102,85,135,341,310,784,606
664,419,274,209,134,182,441,480,846,606
649,416,294,202,135,216,397,501,815,606
369,253,184,130,103,150,453,332,810,606
732,446,259,212,149,189,446,613,804,606
702,462,171,127,93,130,433,537,822,607
728,393,295,203,122,189,461,540,829,607
425,319,163,120,98,136,373,329,761,607
531,365,254,195,145,196,613,4,611,607
405,288,169,134,109,138,381,330,789,607
658,445,245,176,130,189,412,466,778,607
500,263,426,311,187,275,479,646,816,608
651,420,204,163,112,153,434,295,803,608
386,264,197,137,100,151,386,399,769,608
690,489,229,186,136,173,438,501,814,608
406,316,201,131,106,164,371,314,799,608
454,321,182,147,113,144,342,308,806,608
441,311,305,238,175,237,371,430,799,609
328,219,297,223,157,223,572,6,587,609
268,144,62,56,117,148,485,164,732,609
428,298,346,241,165,257,430,614,811,609
512,334,285,210,156,219,420,440,811,609
444,300,216,166,114,156,416,321,788,609
531,380,295,225,168,225,408,472,793,609
335,228,149,112,82,115,360,326,812,609
532,385,192,153,123,157,392,315,813,609
590,402,208,166,122,155,390,456,785,609
512,340,291,200,143,219,440,604,821,609
386,277,124,92,69,96,319,325,797,609
435,348,158,124,100,131,376,310,816,610
360,274,209,146,115,167,363,320,793,610
553,325,300,204,126,200,435,477,812,610
531,417,127,89,77,109,314,332,789,610
594,360,302,238,162,210,425,592,829,610
594,335,410,319,201,271,454,616,821,610
368,254,175,128,101,140,412,324,780,610
640,457,215,146,103,159,419,322,784,610
418,273,274,200,138,200,410,552,804,610
314,220,206,159,119,159,389,367,821,610
432,305,221,167,130,177,412,393,801,610
249,160,246,190,130,181,332,546,799,610
574,429,260,192,154,212,418,364,820,610
233,165,172,125,88,125,338,318,827,610
360,207,382,300,190,255,406,426,818,610
482,297,226,168,114,163,403,535,797,610
516,384,178,135,102,138,384,331,799,610
491,300,246,173,114,179,407,457,787,611
618,391,323,236,153,226,433,418,786,611
409,238,281,202,137,202,460,374,790,611
461,308,322,207,148,232,389,452,774,611
691,472,238,188,142,182,445,443,790,612
219,166,136,104,80,108,262,289,794,612
562,340,259,186,113,165,453,423,829,612
549,421,145,115,89,115,352,313,821,612
436,312,211,169,126,165,382,292,761,613
412,232,342,237,143,221,427,552,834,613
333,261,184,136,113,154,358,307,783,613
329,234,138,95,72,107,391,305,834,613
727,413,293,225,143,195,442,522,819,613
534,428,120,86,73,102,352,355,809,613
284,173,196,165,104,136,599,0,183,613
282,202,180,120,85,135,367,295,825,613
497,279,239,173,120,173,465,335,802,613
404,287,211,171,121,156,330,408,728,613
628,420,195,151,106,136,491,330,822,614
575,312,330,247,153,218,447,676,858,614
294,207,191,159,117,147,356,327,812,614
375,255,409,280,198,302,491,735,856,614
603,441,206,165,129,160,363,306,823,614
318,213,290,226,157,210,328,500,806,614
475,349,197,153,122,158,354,304,761,614
419,259,213,176,119,150,400,425,813,614
535,299,284,211,144,204,469,672,856,614
609,347,134,110,64,84,446,961,841,614
420,284,177,121,86,130,382,317,820,615
337,187,375,294,180,237,388,680,823,615
574,391,241,173,125,185,406,469,790,615
498,269,365,271,184,260,540,360,803,615
552,330,339,247,166,236,389,581,815,615
590,355,291,223,149,203,404,547,838,615
520,321,299,207,139,213,429,493,819,615
570,411,218,167,129,174,374,305,786,615
457,360,449,310,231,351,498,442,817,615
577,428,110,84,64,86,366,327,770,615
408,248,237,180,127,175,410,424,823,615
498,381,199,157,130,166,381,321,815,616
562,298,432,297,167,267,466,664,809,616
632,408,361,252,168,247,409,398,819,616
606,436,177,147,111,138,378,313,809,616
555,350,295,205,148,222,426,549,794,616
294,211,210,172,126,158,342,340,817,616
649,339,364,278,154,222,447,560,822,616
453,253,303,229,144,201,417,598,805,616
474,267,267,184,117,182,439,393,829,617
600,420,208,159,115,158,368,389,813,617
457,280,266,195,121,180,365,515,816,617
673,461,264,198,140,200,410,385,783,617
335,218,262,181,124,189,395,568,813,617
310,194,213,163,110,151,402,346,792,617
348,218,330,226,152,231,511,440,798,617
400,291,143,118,90,113,349,344,767,617
674,409,350,250,184,263,443,593,812,617
517,349,261,200,145,195,402,452,793,617
178,144,170,132,111,144,319,1,224,617
426,314,222,153,106,163,366,315,781,617
343,240,150,107,76,112,367,332,790,617
484,340,214,150,109,165,386,289,811,617
527,330,333,242,163,231,401,483,812,618
646,461,194,138,103,152,416,347,816,618
547,361,229,180,128,170,403,516,813,618
538,371,215,166,116,155,396,314,826,618
367,307,110,78,71,100,373,151,723,618
538,398,154,117,90,122,383,325,814,618
333,249,198,139,107,160,359,305,831,618
631,392,349,284,189,239,485,396,792,618
636,413,361,267,163,238,481,647,795,618
412,318,185,131,105,152,508,3,548,618
570,429,163,131,106,135,362,332,797,618
523,370,267,185,136,198,370,456,816,618
702,434,392,299,204,284,451,612,807,619
429,315,168,114,86,132,353,320,796,619
518,317,215,159,111,158,406,522,781,619
260,169,204,152,103,143,338,382,795,619
338,262,147,131,109,123,313,328,796,620
672,481,199,150,111,152,392,342,798,620
364,274,130,95,75,103,349,156,750,620
290,198,188,143,107,146,372,304,797,620
341,235,182,140,101,139,374,305,768,620
514,321,256,183,125,186,403,484,814,620
389,216,214,157,91,131,476,334,812,620
365,272,223,171,141,185,460,331,797,620
541,375,229,191,144,180,407,300,773,620
576,395,236,185,138,183,412,316,803,621
445,309,201,158,113,152,381,324,817,621
535,386,198,148,108,150,397,324,801,621
295,212,232,185,130,174,373,313,799,621
472,395,127,82,70,109,522,1,528,621
300,195,138,120,99,116,422,251,776,621
571,405,169,135,98,127,392,307,813,621
450,262,271,219,159,201,524,603,792,621
360,242,183,125,94,139,393,337,848,622
483,312,189,150,108,144,384,321,822,622
662,456,210,142,93,148,380,324,778,622
584,391,228,157,106,164,382,314,812,622
400,198,383,289,180,253,443,570,839,622
233,161,137,107,79,106,317,315,800,622
307,179,293,223,138,193,367,652,851,622
493,305,133,101,67,92,441,128,772,622
444,317,206,167,126,159,361,302,800,623
581,399,229,172,123,171,404,453,810,623
432,272,320,219,156,243,422,363,805,623
537,311,360,275,177,244,424,619,855,623
289,223,181,126,97,143,347,307,776,623
301,250,251,189,146,200,477,369,791,623
462,315,244,209,154,189,407,458,807,623
217,154,201,158,122,158,350,327,814,624
512,371,174,124,92,134,380,318,787,624
361,233,209,152,110,157,390,316,796,624
636,408,301,221,143,210,499,403,817,624
196,165,125,99,81,103,289,318,790,624
361,291,122,100,82,103,335,318,800,624
619,425,241,173,121,178,395,326,807,624
425,320,160,127,99,127,359,325,818,624
298,224,176,124,94,139,354,277,785,624
626,421,201,149,110,151,396,328,805,624
219,179,133,105,86,113,330,186,794,625
689,380,571,427,240,341,471,1023,880,625
192,149,131,89,69,104,421,346,779,625
338,258,240,162,120,182,401,291,912,625
658,374,344,254,118,175,384,843,817,625
498,267,303,226,143,208,442,672,847,625
584,351,287,216,153,204,418,671,843,625
681,367,433,304,183,282,472,662,858,625
338,271,266,183,149,224,567,7,583,626
628,350,333,232,139,220,428,576,824,626
508,397,130,97,78,106,329,267,793,626
640,431,271,204,145,200,389,639,827,626
370,260,135,113,83,101,346,332,804,626
602,380,290,215,140,204,423,635,829,626
519,403,184,134,107,151,406,300,781,626
461,324,157,137,103,121,366,322,793,626
370,239,175,121,84,129,394,336,797,626
315,189,165,134,94,120,362,298,791,626
379,219,240,171,119,177,482,310,901,626
466,334,202,152,109,153,389,320,778,627
398,274,146,117,87,108,370,328,806,627
562,378,265,198,141,197,415,425,804,627
393,290,227,162,120,174,390,310,795,627
389,244,334,222,147,237,438,557,773,627
392,270,301,198,134,222,398,391,790,627
624,364,232,162,103,159,425,427,798,627
635,446,203,171,127,160,396,308,837,627
550,378,148,118,90,114,393,323,800,627
357,322,114,84,82,108,382,1,216,627
653,457,295,198,138,218,415,335,800,627
405,274,185,133,103,143,454,312,792,627
265,161,317,229,145,213,430,530,811,628
383,274,173,127,97,134,359,244,790,628
679,450,297,213,144,216,477,536,809,628
569,328,416,303,186,281,463,609,823,628
400,266,194,135,99,148,397,325,784,628
502,303,318,226,154,232,439,467,832,629
471,323,190,148,107,140,399,345,807,629
493,313,319,232,162,236,386,410,802,629
534,389,103,73,56,82,326,331,803,629
502,270,322,245,156,218,437,461,828,629
349,208,220,168,108,153,410,410,820,629
356,243,209,163,115,155,381,401,817,629
461,348,275,196,146,211,427,375,783,629
469,256,306,206,128,204,417,512,798,629
500,348,234,183,125,165,416,328,803,629
357,268,149,106,77,112,326,307,775,629
221,154,162,127,94,125,328,320,805,629
314,220,219,155,114,171,383,324,771,629
548,353,234,174,117,170,416,539,785,630
330,260,158,121,103,134,355,317,804,630
678,393,322,235,146,217,442,539,795,630
680,451,209,151,98,146,409,421,807,630
498,384,139,101,78,112,353,326,750,630
472,304,222,178,130,171,390,378,803,630
314,228,181,138,101,137,366,320,788,630
273,177,149,108,78,114,408,73,736,630
410,240,402,288,172,261,449,628,844,630
542,305,366,296,183,251,457,545,825,630
474,348,127,94,73,101,341,334,817,631
540,373,143,102,74,105,355,326,784,631
290,199,174,139,103,129,337,311,819,631
516,359,209,175,132,162,394,292,805,631
401,287,189,144,109,147,360,425,808,631
432,271,215,156,105,152,415,372,791,632
506,323,243,195,129,175,386,306,824,632
435,330,197,149,119,162,360,305,795,632
650,499,279,213,167,224,480,366,786,632
474,292,291,224,152,204,414,542,825,632
174,148,140,111,98,123,457,11,530,632
545,355,202,152,106,151,409,300,802,632
430,308,274,190,146,222,382,302,801,632
609,436,175,117,83,134,375,331,812,632
561,414,179,140,106,135,370,323,828,633
484,281,257,196,118,168,485,381,791,633
597,374,249,207,142,180,408,468,783,633
550,372,288,209,150,214,428,618,844,633
595,383,300,239,163,222,419,538,796,633
505,358,198,151,114,155,392,376,801,633
538,322,431,335,216,302,436,441,830,633
621,444,227,167,120,168,410,333,811,633
538,382,178,132,93,129,371,315,804,633
398,324,168,120,98,142,301,279,759,633
598,434,161,126,93,126,373,325,781,634
586,418,149,120,86,112,371,317,872,634
441,276,116,52,101,201,496,131,645,634
617,412,263,193,132,190,458,351,906,634
303,230,165,125,98,133,344,319,800,634
430,302,185,136,105,145,454,326,798,634
418,240,245,215,141,173,458,483,792,634
525,330,277,202,127,185,415,489,821,634
503,341,316,233,171,239,520,591,853,634
299,214,110,76,56,87,345,332,790,634
535,367,251,182,130,188,405,395,793,634
605,390,269,223,138,173,398,564,822,634
438,289,199,162,119,152,377,345,774,634
439,292,236,175,120,170,354,512,782,634
291,181,151,118,92,120,406,319,802,635
401,299,206,133,94,156,341,279,811,635
426,254,209,150,101,153,387,319,941,635
506,381,212,152,118,170,379,307,809,635
449,377,123,94,81,105,370,1,210,635
575,379,216,160,113,162,385,449,785,635
528,337,275,189,128,198,413,545,815,635
429,271,253,189,136,188,414,499,821,636
430,285,234,163,114,168,389,484,797,636
477,347,225,174,127,170,380,366,795,636
591,453,255,185,135,197,390,313,811,636
314,198,203,159,108,144,423,329,773,636
485,364,145,115,88,116,381,324,794,636
374,263,346,249,200,278,458,495,830,636
479,286,350,233,150,241,389,493,823,636
505,388,158,111,87,128,353,314,819,636
286,234,146,104,85,119,256,279,788,636
659,355,542,397,224,335,486,617,860,636
250,192,171,133,104,137,329,309,785,636
515,327,332,239,172,253,479,558,771,636
535,397,158,107,77,118,357,312,787,636
516,352,283,217,147,205,423,461,823,637
600,369,313,229,153,217,350,634,846,637
238,181,127,82,63,101,335,326,800,637
367,247,204,150,110,153,383,324,831,637
365,297,133,96,82,115,312,299,811,637
417,270,202,133,91,148,407,360,812,637
418,260,205,170,126,157,459,328,766,638
426,277,196,144,102,142,407,328,772,638
648,420,315,246,172,233,429,526,812,638
457,293,231,191,137,171,396,414,803,638
397,288,219,173,130,170,335,375,795,638
469,336,176,149,111,137,396,335,816,638
269,201,220,157,113,163,330,337,809,638
299,204,218,163,121,167,370,325,822,638
660,457,422,288,206,316,530,677,867,638
462,279,270,204,126,179,501,438,810,638
403,240,287,206,136,204,470,446,845,639
429,303,167,129,90,124,376,320,773,639
574,307,408,292,174,266,504,680,852,639
594,409,281,197,143,215,417,541,811,639
486,272,395,308,154,216,396,889,850,639
379,277,166,119,85,128,358,321,799,639
574,451,168,123,104,142,346,328,810,639
323,239,170,116,83,131,360,326,826,639
416,277,281,224,158,207,380,456,795,639
368,219,244,174,108,162,373,448,778,639
437,242,368,254,154,243,451,608,819,639
556,376,223,176,129,169,421,474,793,640
436,302,213,142,101,163,374,397,782,640
474,339,181,137,106,140,398,344,803,640
665,451,234,176,126,177,403,490,751,640
331,262,116,81,66,97,339,331,770,641
525,398,158,121,93,126,379,327,819,641
394,265,292,217,162,222,506,370,828,641
569,387,241,174,128,187,465,457,811,641
640,389,336,261,158,219,432,607,814,641
401,252,199,149,100,142,382,315,806,641
416,289,299,208,152,233,418,418,812,641
349,245,156,109,79,120,376,340,793,641
305,281,173,106,107,170,375,1,199,641
449,312,221,155,116,172,401,463,811,641
552,358,317,223,166,242,483,555,758,641
372,310,126,94,77,105,327,317,811,642
546,323,228,178,133,173,489,364,886,642
401,268,207,172,131,162,398,320,784,642
285,225,226,166,130,182,340,220,787,643
583,318,350,243,155,232,530,567,814,643
340,248,202,149,114,158,367,388,803,643
392,259,211,161,113,157,371,335,759,643
400,319,79,55,116,162,531,73,672,643
294,228,159,119,96,129,329,311,781,643
475,302,287,259,179,206,412,490,812,643
413,272,242,183,135,188,386,382,776,644
354,183,260,179,115,176,537,333,819,644
619,364,356,270,173,238,473,641,835,644
515,373,216,163,120,164,381,423,788,644
620,440,381,248,175,282,521,284,728,644
522,326,226,186,123,160,399,463,788,644
337,261,195,139,116,165,379,1,206,644
345,258,333,251,180,256,371,643,839,644
611,408,257,199,134,184,405,540,809,644
375,300,138,108,88,115,334,230,784,644
480,363,221,170,133,174,384,316,809,644
492,325,248,207,139,180,399,331,802,644
336,253,194,157,131,164,352,223,763,645
587,428,181,130,101,146,381,325,795,645
547,381,209,165,115,152,394,318,797,645
368,281,183,141,119,154,343,308,795,645
436,268,178,140,93,121,361,310,745,645
314,221,206,169,128,161,396,302,788,645
463,217,362,265,155,229,478,623,912,645
364,276,143,112,90,117,357,327,796,645
538,299,336,221,130,219,460,524,826,645
618,367,366,304,211,265,399,605,842,645
648,460,139,112,77,99,348,366,818,645
546,378,203,152,106,147,391,342,785,645
507,354,158,130,94,120,383,335,805,646
534,333,345,279,177,224,448,618,811,646
551,333,206,164,106,147,415,347,794,646
561,372,257,194,138,195,429,484,793,646
393,217,367,268,165,237,441,569,837,646
569,404,298,213,171,247,488,568,801,646
393,299,234,168,125,182,407,314,773,646
382,290,202,138,107,166,365,322,815,646
279,190,167,123,92,130,371,335,818,646
393,282,188,143,107,148,395,322,816,647
595,412,366,265,183,256,562,614,832,647
706,467,327,244,167,238,403,419,789,647
320,238,186,119,87,146,340,307,778,647
590,384,192,171,127,147,391,542,843,648
387,221,346,244,145,230,446,642,863,648
241,179,187,144,108,145,345,316,801,648
344,237,238,172,126,187,355,480,778,648
355,235,274,181,127,197,301,626,791,648
497,332,192,146,111,150,447,399,799,648
423,268,258,208,145,190,406,572,821,648
605,438,167,125,93,130,360,327,820,648
223,167,164,109,83,130,339,305,832,648
434,279,245,180,125,177,427,316,821,649
583,457,153,126,104,131,325,301,773,649
465,321,254,190,142,201,384,532,802,649
654,429,245,198,136,177,434,390,796,649
343,251,203,145,103,149,368,305,796,649
565,312,219,167,113,155,507,371,810,649
319,232,147,109,83,115,320,313,806,650
629,414,316,249,163,221,381,652,859,650
349,218,192,149,102,136,349,495,812,650
409,316,142,107,86,117,335,323,791,650
393,262,230,156,110,168,395,418,816,650
490,321,259,197,147,201,456,366,792,650
313,207,280,207,124,184,371,276,811,650
638,417,390,261,190,301,498,76,705,650
407,266,241,179,125,174,398,384,792,651
680,403,145,109,67,93,382,621,850,651
521,294,425,333,202,279,442,643,836,651
685,451,195,146,109,146,408,406,810,651
597,355,388,291,174,252,460,537,839,651
730,395,398,299,152,218,433,710,860,651
518,337,321,219,152,238,413,402,805,651
309,205,155,112,82,117,382,293,801,651
355,188,431,333,180,253,553,639,849,652
645,380,160,119,57,96,387,597,841,652
676,435,262,208,138,181,416,559,798,652
377,300,155,115,91,126,332,313,802,652
314,207,138,104,74,103,340,307,795,652
626,369,352,255,128,192,533,493,857,652
526,256,320,229,133,208,472,609,796,652
323,238,185,127,96,144,391,339,803,652
590,388,252,196,130,178,433,380,818,652
562,405,166,124,94,129,387,319,791,653
614,438,139,111,80,105,373,324,811,653
602,388,259,185,125,186,418,491,825,653
593,401,192,145,106,147,436,346,761,653
328,221,179,134,93,131,366,386,758,653
525,371,188,143,107,146,370,369,801,653
473,304,178,128,90,134,381,322,787,653
501,276,386,283,179,259,454,623,836,654
628,423,280,214,147,201,420,372,778,654
689,445,240,177,122,174,428,534,782,654
674,353,695,491,196,306,514,1018,885,654
253,187,287,191,135,219,368,345,788,654
456,292,294,238,163,210,381,572,812,654
450,290,216,167,118,158,368,376,825,655
653,449,195,153,111,146,377,330,802,655
278,190,163,113,80,123,430,329,772,655
603,430,191,139,103,149,366,302,812,655
448,275,277,197,141,209,419,568,759,656
222,164,165,128,108,141,461,5,525,656
336,238,206,147,108,161,355,293,832,656
390,256,276,191,131,199,425,437,803,656
450,270,365,261,159,244,446,627,846,656
588,293,264,188,111,167,453,437,821,656
416,302,164,127,101,132,368,314,748,656
598,386,267,206,143,195,409,474,830,656
437,262,247,176,118,179,398,524,752,656
195,189,89,65,66,87,315,1,189,656
519,370,267,195,133,192,465,496,819,657
481,353,130,101,78,103,336,323,786,657
524,362,267,213,150,191,386,467,804,657
196,148,203,155,119,161,311,296,795,658
510,368,149,124,93,113,376,333,808,658
484,294,290,205,131,198,446,599,818,658
662,386,447,367,224,287,466,791,869,658
549,297,245,188,128,173,428,364,822,658
576,427,183,144,114,148,383,354,809,658
240,168,229,173,127,175,358,306,812,658
515,356,198,154,114,152,389,312,813,659
644,453,225,168,119,165,371,296,807,659
475,369,176,130,100,135,388,323,765,659
430,283,173,120,88,133,377,320,816,659
517,367,154,123,91,119,359,297,803,659
499,298,292,234,154,204,439,530,785,659
238,181,193,151,121,155,368,322,798,659
665,395,229,195,137,168,448,340,771,660
405,273,166,119,84,122,370,312,777,660
444,204,187,138,68,100,419,599,833,660
535,382,152,117,86,114,376,327,800,660
437,250,267,205,132,189,433,508,783,660
455,339,194,153,117,152,373,319,819,660
674,459,238,178,140,189,409,521,828,660
465,323,242,174,122,180,400,464,818,660
593,383,206,168,124,157,478,328,787,660
675,392,340,280,183,233,424,603,870,660
697,421,417,285,187,289,440,644,860,661
494,325,212,173,126,166,393,323,804,661
693,411,347,266,179,243,468,655,865,661
366,276,184,153,119,144,345,405,786,661
460,357,123,91,74,102,341,313,777,661
681,434,364,248,150,237,542,455,821,661
694,478,268,195,148,207,417,376,821,661
494,290,279,190,119,191,432,491,777,661
557,382,163,119,84,122,373,330,792,661
641,436,319,256,179,231,409,639,828,661
436,324,147,117,91,114,366,312,795,661
398,268,256,189,130,185,407,407,807,662
426,312,221,169,132,178,400,326,803,662
342,213,253,185,130,189,411,508,820,662
451,303,185,141,101,136,395,389,797,662
320,251,189,128,102,157,353,384,827,662
454,281,233,177,125,171,413,347,797,662
327,262,118,99,77,92,310,182,660,662
439,257,339,242,158,239,440,562,844,662
526,342,311,210,148,230,373,468,798,662
466,339,168,127,98,134,358,324,781,663
462,359,229,148,111,180,377,311,801,663
597,359,289,210,129,188,474,515,821,663
500,288,264,199,134,185,425,505,806,663
378,262,215,146,102,157,394,325,816,663
330,194,255,188,125,185,390,427,819,663
499,366,203,162,127,164,461,329,786,663
294,177,264,190,111,170,483,296,788,663
282,186,183,139,103,141,365,311,795,663
514,321,286,223,148,200,408,488,806,663
182,152,195,140,118,167,384,2,184,664
266,214,167,112,93,143,368,251,779,664
408,283,208,161,125,166,385,309,782,664
597,366,357,283,190,252,599,4,596,664
434,253,314,235,161,229,492,444,822,664
686,445,282,225,154,206,422,505,807,664
311,249,155,112,96,134,354,320,804,664
500,373,173,116,86,132,384,339,775,664
415,277,255,184,133,184,494,471,821,664
421,230,262,195,122,178,398,557,817,665
623,394,270,187,130,194,429,521,809,666
545,338,290,216,147,211,423,511,823,666
361,246,278,195,142,218,566,6,599,666
283,238,99,70,62,86,325,221,768,666
269,198,188,138,119,162,431,452,821,666
326,221,191,130,95,146,393,332,830,666
270,197,203,157,124,168,375,211,748,666
357,242,213,161,108,154,370,367,817,666
590,400,346,263,186,261,479,466,770,666
315,206,175,128,95,136,419,331,801,666
552,352,314,233,160,225,406,546,830,666
384,293,179,124,101,149,404,294,811,667
389,294,190,150,114,147,399,302,782,667
495,290,281,228,146,188,407,649,814,667
473,286,378,277,187,275,459,616,809,667
597,394,231,181,133,172,371,297,814,667
590,318,339,232,131,208,462,648,887,667
381,277,225,161,122,173,363,372,818,667
511,321,292,206,143,216,499,452,796,668
672,399,367,237,149,245,502,555,788,668
365,235,244,178,128,183,458,453,820,668
390,317,98,63,55,86,365,124,754,668
520,305,283,196,127,197,452,449,834,668
569,408,213,172,121,158,403,326,812,668
477,372,230,184,144,187,454,301,805,668
714,474,220,170,117,158,413,327,794,668
570,365,258,221,144,177,390,446,771,668
217,142,248,194,133,179,353,338,817,668
412,271,237,181,129,176,399,318,827,668
461,326,209,161,108,149,325,292,811,668
386,232,316,269,169,214,384,591,795,668
345,248,195,131,91,142,368,298,807,668
357,252,169,122,84,121,370,325,802,668
306,199,209,146,105,155,374,315,795,668
512,390,140,117,92,109,354,314,755,668
592,359,271,195,118,178,407,611,870,669
387,272,190,134,98,148,379,332,798,669
580,409,227,158,115,175,375,308,786,669
716,469,298,232,164,216,422,480,805,669
330,210,272,210,138,187,369,433,855,669
367,272,170,126,99,137,368,385,783,669
332,263,191,132,108,163,373,327,794,669
380,262,167,115,83,126,366,316,787,669
421,259,288,226,142,201,404,648,801,669
488,279,257,182,117,180,398,418,817,669
412,275,207,179,124,150,401,322,794,669
467,323,261,181,134,199,381,300,797,669
398,231,325,233,143,213,532,442,802,669
692,430,279,228,151,197,437,402,828,670
506,339,404,304,220,304,441,508,858,670
727,401,328,241,141,210,465,662,808,670
235,196,122,101,84,101,465,5,545,670
417,285,321,227,161,239,403,382,803,670
520,326,301,228,156,215,491,549,843,670
317,233,180,127,100,147,333,319,815,670
415,267,212,159,113,161,371,434,796,670
252,180,212,160,117,163,388,303,791,670
590,417,239,180,135,184,406,306,790,670
402,280,179,141,107,143,389,327,787,670
445,246,436,328,199,273,558,274,808,671
481,328,233,175,122,167,342,474,791,671
714,441,328,252,164,226,448,567,870,671
541,386,196,152,112,150,376,315,804,671
554,390,246,191,139,187,368,515,803,671
571,430,233,177,135,182,413,317,800,672
522,374,161,130,96,123,377,323,801,672
366,202,373,288,184,256,447,593,845,672
567,374,344,255,190,258,449,580,843,672
477,357,119,80,63,96,338,338,790,672
377,215,437,336,189,269,447,595,847,672
536,367,189,143,106,145,367,307,777,672
583,405,190,152,113,146,405,328,812,672
607,367,303,242,158,209,423,591,827,672
716,431,309,240,164,204,461,633,954,672
513,389,244,171,138,196,386,302,842,672
503,354,239,167,124,187,393,313,776,673
706,435,319,230,158,227,509,526,813,673
388,288,134,92,72,109,343,325,782,673
720,418,633,500,263,354,461,1023,845,673
311,248,162,132,106,131,318,296,796,673
616,355,345,238,157,238,435,537,859,674
521,398,145,109,89,120,370,330,793,674
729,468,292,209,152,222,440,458,819,674
629,367,362,246,167,255,455,622,828,674
414,297,103,76,61,85,353,225,676,674
196,156,114,79,65,95,396,14,544,674
455,311,202,149,97,142,382,320,808,674
717,484,339,240,166,250,421,530,839,674
556,437,140,103,85,117,363,320,797,674
715,476,343,255,175,244,434,659,848,674
564,374,230,167,106,157,375,515,819,674
367,233,186,145,106,140,389,340,828,675
458,310,229,192,141,172,374,299,760,675
534,377,245,185,131,183,366,301,822,675
415,302,156,116,90,123,331,308,817,675
290,241,95,63,54,82,300,134,750,675
437,341,160,124,97,129,367,316,794,675
631,453,152,121,92,117,382,341,823,675
411,272,361,259,172,256,427,627,820,675
712,473,219,164,116,167,407,338,819,676
641,458,193,147,114,151,416,340,816,676
454,328,168,122,92,131,378,337,816,676
593,408,323,225,164,245,409,405,815,676
521,334,231,170,110,158,399,404,796,676
451,314,204,144,109,161,390,370,772,677
286,221,128,102,87,110,333,246,809,677
559,328,340,265,156,218,430,522,823,678
690,464,248,186,127,184,416,376,788,678
434,333,133,106,83,105,342,327,804,678
403,313,119,89,73,101,309,311,789,678
635,359,369,266,166,252,452,628,831,679
658,399,364,240,160,255,443,547,825,679
401,296,173,133,103,139,364,322,794,679
503,367,237,172,131,187,376,434,800,679
442,307,200,152,111,154,378,301,798,679
487,345,217,170,127,167,378,489,823,679
533,356,318,237,177,241,431,473,794,679
512,370,159,121,96,125,390,338,796,679
533,374,266,204,143,189,342,634,809,679
416,285,158,130,98,124,389,312,797,679
458,324,199,150,112,155,378,318,792,679
419,290,196,141,109,153,397,367,771,679
303,250,161,116,99,138,510,7,570,679
198,142,162,121,92,124,249,283,783,679
343,216,341,228,135,217,414,282,825,680
405,249,271,201,133,195,411,450,811,680
350,215,294,225,160,218,372,552,810,680
491,344,279,203,143,204,356,603,841,680
554,357,196,152,104,142,382,337,799,680
330,244,159,128,100,126,365,322,815,680
732,455,381,279,190,278,456,612,834,680
473,303,205,160,106,138,383,299,809,680
460,313,213,140,102,167,392,393,784,680
597,401,255,202,140,186,469,456,822,681
400,253,250,208,133,175,426,374,830,681
249,172,305,192,120,206,425,336,827,681
401,252,187,135,80,120,393,322,828,681
405,229,347,247,140,219,463,554,804,681
548,397,165,122,90,127,385,344,810,681
603,425,157,118,93,128,406,341,825,681
312,199,215,164,112,154,364,436,801,681
429,277,207,151,106,154,408,295,811,681
512,327,310,237,175,234,427,562,759,681
438,277,192,127,85,136,390,382,832,682
352,203,263,188,125,185,413,515,821,682
530,361,265,198,150,201,407,541,803,682
273,207,185,157,123,145,315,294,797,682
576,390,282,214,158,227,424,424,812,682
720,435,253,181,116,174,446,468,942,682
682,361,504,372,164,249,452,944,877,682
401,303,113,85,66,90,301,308,780,682
280,203,232,190,143,179,302,431,817,682
548,396,163,117,87,125,365,309,819,682
334,224,170,123,90,132,359,321,814,682
611,429,306,206,157,242,413,504,810,683
229,157,233,170,121,170,302,446,790,683
571,320,296,229,145,196,437,425,814,683
642,480,170,129,94,129,404,327,775,683
645,404,138,107,68,97,406,632,827,683
693,392,426,298,170,264,462,607,816,683
432,321,165,119,96,136,367,324,802,683
539,327,272,193,123,191,495,368,801,684
482,352,200,137,104,158,388,325,828,684
376,262,312,235,173,228,352,533,827,684
313,230,172,131,105,142,348,298,785,684
588,398,171,133,94,127,394,325,820,684
235,148,219,163,108,152,400,442,822,684
432,267,164,130,93,124,384,357,821,684
323,204,218,161,115,168,388,320,813,685
423,287,240,170,121,181,395,566,806,685
447,242,215,165,101,138,395,379,823,685
352,259,245,181,132,185,342,353,819,685
296,225,115,93,77,97,315,321,813,685
470,323,169,129,93,128,379,278,811,685
431,265,260,193,132,183,427,340,982,685
344,190,187,130,81,121,344,580,841,686
530,289,358,259,153,234,445,621,833,686
455,335,145,117,85,109,367,312,797,686
435,299,179,157,122,140,360,316,823,686
646,361,338,256,158,220,442,628,797,686
504,377,176,144,113,141,405,338,803,686
328,170,282,199,109,170,437,605,879,686
439,330,192,142,110,151,364,319,785,686
478,269,408,305,200,283,445,449,794,686
365,251,201,135,95,150,359,413,784,687
328,230,231,180,132,175,352,420,799,687
407,230,308,220,146,216,386,602,840,687
480,324,223,164,130,178,472,413,817,687
423,318,230,161,123,181,361,324,810,687
481,347,182,143,108,144,360,309,790,687
474,303,249,182,130,183,395,549,811,687
511,358,113,102,78,88,364,314,787,687
353,192,253,169,103,166,417,444,810,688
493,341,237,197,153,183,404,393,820,688
595,402,334,231,161,248,421,470,814,688
442,326,240,197,145,179,386,310,795,688
357,234,230,174,124,173,385,313,768,688
568,409,226,161,125,180,396,345,762,688
408,278,216,133,92,161,346,195,780,688
320,207,386,277,174,256,461,635,869,689
510,412,185,140,111,153,356,315,805,689
366,232,269,182,122,193,367,413,808,689
555,380,381,276,217,309,493,641,842,689
552,404,200,132,102,161,365,318,817,689
478,360,111,82,62,87,332,332,795,689
443,261,351,233,157,249,439,654,857,689
461,347,141,115,90,114,328,331,806,689
536,397,185,144,114,150,394,319,809,689
590,396,174,131,94,130,369,343,803,689
565,352,209,161,111,151,423,627,825,690
251,165,212,163,112,152,334,457,804,690
273,214,161,122,101,136,321,312,795,690
430,294,325,236,170,242,503,567,812,690
465,326,240,173,124,181,384,481,833,690
383,288,237,185,142,179,523,324,780,690
592,375,248,199,141,177,429,330,832,690
207,162,185,146,107,138,309,294,769,690
367,235,328,241,184,254,469,307,970,691
602,398,218,181,122,157,421,358,798,691
489,293,217,154,104,156,429,352,812,691
521,299,309,235,147,208,432,592,806,692
255,192,124,99,78,100,237,267,739,692
292,201,196,147,109,150,391,325,795,692
346,223,238,189,132,172,373,519,827,692
671,385,453,313,201,311,473,649,828,692
262,191,170,137,107,135,284,286,780,693
264,183,200,163,113,145,445,326,798,693
382,278,158,109,87,128,406,330,813,693
347,250,192,145,106,142,343,308,814,693
585,417,210,144,96,148,395,328,823,693
497,327,317,235,152,225,392,299,825,693
388,282,142,113,89,117,338,322,810,694
259,172,161,121,86,122,354,335,815,694
376,258,195,152,122,158,358,295,804,694
531,382,163,133,100,128,376,330,815,694
519,353,214,155,111,164,414,381,786,694
531,347,225,182,133,172,393,463,779,694
411,305,165,121,95,132,367,321,778,694
502,350,111,83,61,85,385,326,787,695
329,242,251,171,119,178,511,352,810,695
358,266,152,119,86,114,345,331,804,695
465,284,204,150,99,142,483,332,803,695
408,300,187,137,102,146,407,330,796,695
577,369,213,171,128,165,442,327,796,695
534,307,326,258,167,225,437,588,840,695
665,430,483,329,254,388,566,502,802,696
443,318,223,145,109,171,394,265,780,696
214,143,187,136,99,140,332,307,805,696
496,352,224,169,130,173,391,334,817,696
351,244,181,134,105,145,365,332,802,696
684,444,249,181,124,181,429,565,820,696
618,405,214,157,107,154,429,329,809,696
354,255,273,203,143,207,366,366,813,696
370,247,249,177,122,182,427,392,781,696
500,288,285,215,145,204,411,561,809,696
711,456,212,174,123,153,371,422,988,696
402,268,244,167,115,179,382,364,802,696
487,284,172,124,92,129,474,337,807,697
599,366,251,170,109,171,395,360,818,697
545,404,304,217,150,223,463,79,718,697
207,138,171,129,93,128,363,326,777,697
322,241,150,115,89,119,341,314,759,697
693,418,203,134,150,194,513,328,769,697
311,245,122,99,76,97,320,313,804,697
470,330,188,131,88,137,329,269,795,697
697,432,319,262,180,229,449,543,814,697
611,345,431,332,214,290,428,638,859,697
600,411,184,139,96,133,393,440,810,698
706,467,257,206,147,188,418,587,813,698
435,283,313,251,127,167,383,594,829,698
271,192,139,90,61,99,383,314,811,698
602,413,196,158,114,147,393,326,828,698
585,451,203,165,132,164,386,333,789,699
543,372,264,199,132,187,417,477,802,699
552,336,249,198,136,175,420,532,837,699
366,233,291,222,156,213,368,578,835,699
411,305,139,122,96,112,474,321,798,699
478,325,215,152,104,160,390,336,818,699
411,250,263,190,123,183,416,467,758,700
418,256,282,236,166,206,437,473,831,700
476,303,283,200,134,205,407,525,791,700
346,242,235,155,108,173,401,306,776,700
301,173,239,193,131,166,485,405,788,701
553,349,271,202,136,197,404,450,803,701
688,454,253,191,134,187,408,466,809,701
395,262,376,263,161,249,438,579,850,701
646,434,318,223,158,242,410,430,799,701
648,418,227,198,140,169,407,325,781,701
732,449,242,176,116,170,520,457,811,701
487,325,296,226,183,246,466,509,795,701
458,225,342,257,147,214,463,487,815,701
495,307,273,207,147,201,379,580,809,701
596,418,195,140,105,152,383,348,791,701
461,259,303,184,105,193,499,369,831,702
505,282,269,194,119,182,422,484,811,702
546,393,218,159,119,169,385,322,786,702
287,172,260,193,127,184,454,461,794,702
607,351,288,210,159,220,499,710,825,702
570,384,197,143,102,147,394,323,753,702
341,259,170,116,90,137,427,327,797,702
308,171,342,230,129,210,446,445,798,702
653,436,276,201,140,202,405,429,782,702
670,356,387,285,168,237,475,493,821,702
692,428,487,361,223,315,469,637,848,702
303,216,197,148,109,150,379,316,806,702
316,236,157,126,108,135,354,318,783,703
385,293,112,84,63,88,304,304,782,703
569,407,210,153,105,156,411,326,802,703
378,308,99,72,61,86,317,255,770,703
662,394,301,233,164,216,513,526,821,703
721,476,203,151,99,142,416,332,805,703
283,162,297,206,134,205,370,367,815,703
429,310,243,165,128,197,378,297,811,704
415,293,212,167,125,162,390,346,819,704
500,377,175,126,100,141,387,328,816,704
583,314,346,244,156,234,547,660,839,704
366,252,285,219,159,215,386,227,813,704
665,432,234,189,122,162,431,579,821,704
598,383,228,173,118,172,406,323,778,704
444,321,178,136,107,144,380,316,763,705
714,464,335,242,184,260,501,536,819,705
686,405,298,206,120,189,384,487,828,705
603,399,297,239,172,217,437,540,797,705
548,358,381,277,193,280,431,366,840,705
380,260,299,209,142,218,490,373,816,705
426,269,303,214,139,211,433,569,844,705
325,265,140,113,93,119,344,170,779,706
298,190,240,161,108,170,385,422,768,706
319,219,130,97,76,104,318,316,758,706
652,340,521,362,188,291,416,1018,868,706
379,295,144,104,80,114,364,255,795,706
562,411,185,147,109,144,384,343,772,707
490,316,263,200,144,194,405,395,779,707
458,318,242,192,128,168,508,331,817,707
231,205,91,64,61,85,340,67,688,707
387,282,189,151,119,149,354,321,806,707
668,406,314,229,146,227,431,612,821,707
416,312,224,168,136,188,374,310,806,707
473,382,137,102,84,114,316,238,795,707
367,261,154,109,84,125,372,329,811,707
514,375,226,169,121,167,462,381,820,707
444,319,202,169,124,155,377,318,811,707
403,313,145,123,94,115,329,300,828,707
346,202,202,146,98,143,400,327,810,707
277,148,234,174,102,149,369,553,825,707
397,274,172,127,96,132,376,322,803,708
299,208,175,116,80,128,322,286,822,708
331,249,242,184,142,191,460,336,768,708
299,177,377,259,152,240,460,633,806,708
461,295,248,184,130,186,417,495,755,708
223,198,99,84,76,88,532,2,155,708
583,321,300,241,152,203,427,648,818,708
534,325,320,239,152,219,439,542,799,708
469,311,327,245,176,247,420,681,854,709
628,382,340,267,190,250,513,332,810,709
356,238,189,156,112,143,344,303,818,709
395,229,227,163,92,141,513,340,811,709
480,288,280,213,136,192,369,593,848,709
476,341,135,107,81,105,346,325,806,709
515,379,169,128,100,136,370,325,797,709
253,153,138,109,76,102,355,296,781,709
366,266,268,179,126,201,386,398,783,710
274,178,269,206,139,191,335,489,800,710
559,388,258,189,143,203,411,413,802,710
488,301,469,364,228,312,459,623,847,710
669,443,225,164,110,163,380,296,953,710
461,360,170,118,95,140,339,334,795,710
679,387,343,262,175,242,426,629,829,710
401,350,171,124,114,155,391,2,186,710
438,275,226,179,121,158,417,478,820,710
509,373,144,96,72,112,359,307,791,710
563,400,213,175,136,171,393,336,821,710
363,277,154,122,94,121,353,314,786,711
273,196,212,152,118,170,385,357,814,711
360,247,234,166,123,180,393,315,817,711
307,205,129,95,68,97,392,78,652,711
323,209,284,210,146,208,395,286,810,711
497,337,215,145,102,158,371,303,805,711
732,394,409,307,197,278,553,666,854,711
411,270,318,225,156,233,437,514,816,711
453,317,189,136,100,146,381,321,800,712
454,350,178,131,101,142,368,324,795,712
524,348,236,168,120,177,393,522,803,712
424,314,162,117,95,134,442,321,784,713
670,496,336,236,198,286,473,261,717,713
683,411,287,208,127,186,454,652,852,713
668,354,348,264,169,235,428,634,814,713
495,340,349,256,189,266,392,606,804,713
283,173,177,130,90,129,367,315,806,713
733,478,279,228,153,197,436,529,752,714
475,333,168,133,98,131,384,331,806,714
731,461,280,204,130,192,483,388,791,714
536,312,297,239,152,204,426,462,803,714
466,354,155,114,92,129,353,306,792,714
626,388,259,205,144,186,419,467,798,714
550,352,313,231,159,227,392,619,811,714
272,201,150,110,83,118,334,316,776,714
462,279,245,190,126,168,490,330,875,714
532,375,196,148,109,149,387,512,741,714
303,202,180,129,96,138,389,333,811,715
367,243,256,184,125,182,387,453,810,715
344,247,319,233,174,247,461,44,644,715
594,364,248,184,125,179,417,585,786,715
486,366,144,122,99,119,352,330,786,715
529,367,161,128,100,127,370,320,781,715
608,426,268,227,155,191,413,360,802,715
536,361,237,177,129,179,407,400,800,715
502,332,220,169,123,164,402,431,808,715
423,297,188,145,111,147,362,342,821,716
327,234,242,189,144,191,404,364,805,716
553,321,300,235,153,200,419,596,859,716
231,168,179,151,114,140,337,290,785,716
239,159,201,144,94,141,337,429,800,716
344,211,178,135,100,137,443,325,819,716
612,450,173,132,100,136,359,334,819,716
666,462,209,151,105,150,388,332,821,716
575,382,227,168,118,166,404,369,830,716
321,254,169,137,113,140,381,328,787,717
302,217,179,121,91,140,370,334,826,717
564,360,241,174,128,182,403,332,831,717
310,205,198,152,104,146,402,333,818,717
565,412,272,193,141,200,400,421,775,717
247,138,222,156,102,151,532,156,748,717
514,315,298,207,140,215,409,463,810,717
705,444,217,156,119,172,459,582,844,717
480,342,164,118,90,130,375,339,746,717
257,193,102,86,78,90,334,1,222,718
541,337,404,258,154,271,433,788,824,718
509,363,240,171,130,192,396,310,793,718
424,277,268,199,145,202,469,520,804,718
595,433,141,98,71,108,376,342,824,718
458,335,285,196,133,208,441,284,780,718
258,198,187,144,114,150,260,276,794,718
443,315,192,150,112,146,385,324,803,718
533,321,272,193,128,193,420,575,837,718
463,343,162,121,95,128,382,319,760,718
277,197,228,165,120,171,299,346,803,719
625,430,241,183,135,185,405,423,790,719
612,413,253,193,125,172,373,557,802,719
446,257,396,271,199,298,546,353,820,719
357,230,154,123,85,111,347,332,819,719
562,395,222,172,126,173,404,265,811,719
676,396,428,295,176,274,459,598,841,719
711,446,123,90,59,86,395,653,834,719
546,339,231,170,103,152,447,478,816,719
564,307,525,378,193,297,451,1023,890,719
384,272,156,128,89,115,351,309,814,719
442,303,208,155,115,162,390,320,814,719
574,368,186,140,95,135,409,382,836,719
639,473,227,164,133,184,404,318,789,720
463,296,258,177,122,190,425,575,769,720
571,345,282,215,144,200,417,617,819,720
722,429,312,236,155,215,451,627,815,720
607,329,325,259,172,226,430,669,823,720
706,485,218,171,132,170,413,451,809,720
600,327,351,260,164,241,432,584,838,720
600,354,347,268,188,258,443,548,812,720
357,210,378,266,165,252,427,596,845,720
638,383,296,233,144,202,417,439,785,720
587,428,223,170,136,181,375,324,829,720
323,250,219,163,130,174,424,309,816,720
396,262,257,192,134,192,508,336,792,720
295,218,215,145,107,163,387,350,825,720
618,406,270,201,143,203,436,385,826,721
668,422,297,224,154,211,422,503,813,721
301,206,169,135,107,136,368,313,783,721
466,373,230,174,143,194,451,322,770,721
666,358,420,293,180,279,505,564,825,721
547,349,258,192,136,187,439,497,823,721
487,336,350,257,204,275,477,659,795,721
665,436,217,167,119,162,412,403,788,721
391,287,206,148,105,154,377,295,808,721
582,324,344,258,147,215,447,664,842,721
445,265,420,289,185,291,460,611,856,721
444,307,192,146,113,152,368,362,793,721
487,287,299,216,146,210,441,595,811,722
629,393,374,308,195,249,525,658,848,722
511,306,274,202,133,193,414,632,837,722
517,390,253,193,149,204,384,323,791,722
627,337,326,244,142,204,450,494,818,722
442,262,311,239,154,215,411,615,851,722
515,392,147,104,84,121,362,323,809,722
471,330,120,100,71,91,380,310,863,722
358,228,344,259,176,249,375,611,812,722
231,160,168,116,89,132,355,330,810,723
400,291,207,158,124,168,369,323,811,723
539,404,232,192,158,191,395,320,805,723
293,216,151,131,101,117,332,324,807,723
359,211,271,210,132,179,384,494,803,723
555,349,263,202,135,182,399,512,820,723
208,159,175,130,97,138,355,325,773,723
391,235,225,163,104,154,396,368,821,723
409,275,184,139,103,142,349,328,811,723
337,269,112,86,68,91,323,149,745,723
515,353,300,205,147,228,394,435,773,723
460,311,241,188,134,180,412,437,744,723
664,393,268,197,132,185,437,462,807,724
438,269,174,124,82,123,386,334,799,724
384,242,344,252,164,232,450,478,772,724
318,206,174,137,103,135,347,320,799,724
705,392,395,304,153,219,475,589,833,724
424,267,168,129,88,124,377,323,784,724
572,344,248,189,115,160,413,354,822,724
317,201,227,153,107,167,396,317,814,724
442,319,202,167,130,159,379,317,819,725
432,232,335,270,160,214,466,626,816,725
575,337,284,207,132,190,429,597,824,725
395,217,326,241,154,217,422,627,882,725
638,427,292,231,173,227,416,491,797,725
404,315,160,124,101,133,357,316,785,725
201,168,186,153,116,144,327,246,751,725
333,227,268,174,125,201,427,320,813,725
410,291,194,144,112,153,372,301,783,725
500,346,184,141,106,145,392,346,807,725
525,336,266,187,132,199,420,503,810,726
566,406,239,182,144,195,489,382,830,726
514,394,112,82,67,93,342,309,791,726
394,282,204,142,96,148,403,343,800,726
547,310,244,183,125,176,456,436,789,726
409,249,208,158,109,151,367,316,824,726
404,287,167,114,85,128,355,309,789,727
225,167,213,142,91,145,384,329,822,727
489,313,337,227,153,243,435,569,836,727
656,461,292,211,149,219,402,498,779,727
406,255,289,208,140,205,439,501,819,727
296,235,242,176,134,190,439,67,702,727
507,298,332,250,157,223,429,621,802,727
480,376,226,153,130,194,442,233,774,727
472,283,313,235,154,219,408,518,803,727
649,486,194,140,109,156,382,348,816,728
419,281,237,188,136,173,511,328,810,728
532,337,287,228,169,218,438,553,834,728
609,399,259,208,152,193,418,381,832,728
345,242,181,137,106,142,389,323,816,728
558,354,286,215,163,219,497,493,821,728
511,324,202,162,107,142,388,334,780,728
537,389,171,136,103,138,341,309,813,729
657,431,242,203,137,176,419,322,788,729
718,428,349,275,174,231,427,657,842,729
600,359,288,210,138,203,440,525,812,730
258,185,237,189,143,185,537,4,475,730
401,230,292,205,144,217,509,343,798,730
418,274,189,167,127,146,378,340,785,730
589,383,221,164,121,170,384,424,825,730
271,220,188,118,93,152,359,310,798,730
196,162,205,163,141,180,348,2,194,730
518,359,178,129,97,140,379,316,810,731
577,376,121,97,65,87,381,618,820,731
463,247,315,218,129,201,452,557,822,731
276,243,118,90,79,104,314,95,617,731
711,425,390,292,185,257,429,497,816,731
476,298,343,262,185,247,433,504,842,731
675,399,326,232,151,223,447,663,847,732
271,179,233,181,123,166,327,503,803,732
510,303,269,193,130,188,414,483,818,732
387,249,171,128,93,132,375,318,802,732
384,306,176,138,115,147,349,298,784,732
620,389,290,209,130,191,431,558,836,732
473,293,245,189,117,154,488,426,825,732
705,480,276,196,148,216,407,442,764,732
499,354,206,153,114,163,381,320,798,733
583,324,292,214,142,201,425,587,823,733
705,415,128,86,55,87,404,640,861,733
556,356,360,244,172,263,407,310,816,733
707,465,259,189,138,197,431,464,814,733
497,307,282,206,131,196,413,354,822,733
713,488,237,188,136,179,400,450,768,733
566,429,173,132,103,138,396,333,813,733
617,381,255,201,141,190,424,402,822,733
541,312,336,256,161,226,439,618,806,734
459,303,337,261,183,252,429,720,843,734
488,372,144,109,85,118,343,315,812,734
445,280,267,182,118,185,381,351,851,734
598,402,182,144,110,144,391,444,797,734
345,246,155,129,94,117,379,326,824,734
579,423,173,133,100,136,376,327,829,734
428,310,181,140,99,138,388,340,885,734
493,393,138,98,84,119,360,318,786,734
615,389,286,241,167,201,432,491,770,735
607,412,193,149,109,146,386,353,800,735
503,346,231,151,112,180,474,415,812,735
577,308,382,264,175,269,451,636,809,735
546,357,244,195,142,188,422,425,758,735
532,364,236,181,134,173,417,477,798,735
606,441,175,126,100,141,368,322,822,735
612,327,428,316,192,286,449,599,809,735
438,392,97,39,97,204,512,71,606,735
437,309,158,120,96,128,371,312,797,735
574,353,294,191,131,213,414,528,818,736
380,277,162,132,103,129,367,239,799,736
511,348,298,222,157,224,413,462,759,736
269,162,232,175,115,164,319,505,791,736
204,157,182,132,104,143,277,286,778,736
381,283,131,99,74,102,336,328,825,736
447,307,216,160,124,167,390,317,785,736
412,210,383,291,156,227,478,631,830,737
643,456,281,211,155,212,398,335,791,737
496,236,381,275,158,235,475,662,848,737
670,466,197,161,117,148,380,314,782,737
696,393,507,369,203,299,552,556,837,737
542,357,335,258,180,246,433,460,826,737
341,219,198,147,101,142,376,365,817,738
452,306,217,173,128,168,387,451,783,738
635,419,304,217,147,217,419,481,807,738
549,378,162,112,79,122,377,333,802,738
536,397,156,123,100,127,376,315,768,738
662,419,122,86,59,89,386,665,824,738
462,226,231,177,90,139,670,0,107,739
581,409,230,159,119,179,399,394,799,739
454,326,145,104,78,113,346,316,772,739
425,258,237,169,117,176,400,422,827,739
505,383,223,164,121,172,387,316,769,739
513,376,177,121,99,145,352,384,820,739
641,393,454,335,216,308,418,937,892,739
513,363,213,145,98,158,364,307,811,739
402,254,233,171,119,173,414,436,822,739
670,398,329,250,166,230,439,492,797,739
634,392,358,293,195,249,426,607,836,739
707,476,250,184,136,195,416,447,815,739
333,211,318,225,144,216,416,594,862,740
356,251,196,146,111,155,346,301,791,740
575,387,179,134,101,138,398,338,822,740
473,381,138,106,88,117,367,276,821,740
603,428,192,134,99,148,395,334,778,740
695,479,294,185,129,211,423,608,843,740
482,298,182,133,87,121,513,314,801,740
480,360,230,158,117,178,392,304,807,741
594,348,341,251,160,238,443,628,817,741
367,219,325,221,154,239,527,461,819,741
406,248,280,212,146,202,382,507,820,741
403,293,181,147,106,135,339,323,757,741
336,253,114,94,76,92,311,324,779,741
423,326,178,144,115,146,380,323,769,741
697,483,219,154,109,163,388,439,816,741
665,455,236,200,144,176,399,466,798,741
499,277,287,231,147,195,416,666,825,741
239,169,174,144,108,132,354,385,816,741
370,279,165,122,95,134,372,326,782,741
525,398,167,118,91,129,387,333,794,741
571,325,288,194,127,199,443,582,836,741
345,235,193,138,103,147,395,334,784,741
620,387,313,245,166,227,418,617,800,742
721,457,262,209,139,189,438,357,806,742
589,417,285,237,169,214,408,320,805,742
567,366,278,209,146,199,476,597,806,742
495,271,422,323,184,268,463,646,853,742
578,343,311,214,140,214,439,630,871,742
583,426,167,136,106,132,387,326,801,743
488,357,165,139,109,133,395,323,787,743
389,235,236,172,115,170,366,481,780,743
478,314,191,132,89,141,375,333,791,743
568,339,257,194,149,200,495,437,793,743
627,347,265,193,136,195,510,508,810,743
533,389,319,244,198,263,473,327,795,744
424,310,168,112,83,134,375,320,808,744
476,310,269,214,149,202,406,494,804,744
620,346,306,232,145,210,439,639,840,744
338,266,135,87,69,109,310,293,822,744
319,215,234,193,146,182,349,292,793,744
435,296,213,164,108,149,412,368,774,744
624,336,548,411,218,297,402,784,838,744
427,268,206,149,99,148,376,293,777,745
539,343,374,285,187,261,484,332,824,745
258,235,179,124,107,156,452,68,662,745
336,211,228,160,110,166,393,391,806,745
222,157,213,170,120,157,341,346,788,745
482,301,241,205,133,162,370,450,809,746
208,152,202,130,93,154,344,280,796,746
387,288,66,44,90,136,508,55,676,746
515,323,298,231,153,206,426,447,777,746
344,245,162,123,95,131,360,323,811,746
674,377,364,262,169,245,462,653,845,746
443,259,357,264,166,242,456,652,849,746
450,324,266,223,177,211,396,312,801,747
407,321,155,112,86,124,353,326,794,747
336,226,188,138,108,149,392,332,782,747
573,313,130,93,61,89,442,714,815,748
531,368,226,155,116,171,392,317,815,748
440,311,207,152,116,160,354,316,753,748
406,287,239,194,147,184,323,466,764,748
639,390,252,191,133,185,411,318,802,748
681,432,193,151,105,134,478,331,794,748
456,297,331,233,160,238,396,456,807,749
511,371,150,123,94,115,374,319,803,749
539,317,298,230,154,211,433,630,821,749
600,307,408,274,161,259,474,644,859,749
614,441,171,145,107,131,388,350,810,749
472,302,248,177,126,187,423,546,795,749
392,292,218,164,128,176,389,334,807,749
538,356,184,129,91,137,376,329,819,749
468,295,313,235,150,210,447,574,851,749
340,210,214,169,119,160,387,299,813,750
401,299,274,185,151,228,369,195,771,750
318,221,289,218,148,203,351,512,808,750
561,373,261,158,115,204,409,400,804,750
379,229,380,252,159,253,408,465,827,750
458,368,208,147,120,173,359,316,780,750
458,318,313,253,181,239,421,626,819,750
656,350,419,320,196,270,470,642,844,751
549,308,353,252,154,229,491,641,860,751
429,307,183,136,104,145,366,304,794,751
527,371,186,148,117,149,396,399,814,751
605,411,410,316,230,306,506,608,828,751
329,286,141,100,94,132,358,1,228,751
393,264,185,149,109,139,389,329,823,751
549,400,204,154,113,153,420,434,811,751
584,425,233,174,129,180,375,313,814,752
651,400,289,209,144,209,442,509,794,752
354,206,377,253,168,265,455,484,780,752
626,419,353,254,194,276,534,618,802,752
439,333,344,261,214,290,537,14,574,752
480,355,224,163,126,183,409,370,812,752
600,394,461,335,271,378,524,291,758,752
304,184,315,227,143,210,458,617,842,752
562,378,292,212,151,218,416,386,811,752
354,241,252,186,136,188,325,532,778,752
573,298,397,264,169,271,487,942,883,753
317,201,242,182,122,174,376,536,783,753
534,338,279,191,127,199,471,450,785,753
462,346,189,130,100,151,368,311,792,753
493,369,212,161,120,166,391,315,795,753
455,350,195,138,107,156,346,304,784,753
517,394,164,123,101,134,355,319,772,753
591,396,247,191,138,190,419,364,810,753
260,189,178,131,96,133,354,340,807,754
451,348,135,104,86,113,336,315,810,754
255,207,128,99,83,105,311,324,782,754
284,199,251,170,119,188,393,434,813,754
402,319,161,129,108,135,351,325,772,754
363,310,166,112,97,143,410,99,704,754
392,197,347,246,133,203,394,635,846,754
389,266,197,151,106,146,385,323,818,754
455,314,214,159,120,163,462,322,800,754
417,296,139,103,80,112,359,342,808,755
279,209,140,109,85,113,338,219,776,755
390,310,183,136,108,152,336,329,799,755
395,256,239,169,120,176,400,433,792,755
295,199,191,149,106,141,367,304,802,755
429,275,214,167,119,158,393,320,845,755
663,394,393,309,199,269,450,616,790,755
267,222,175,127,104,145,358,311,756,755
532,322,229,171,123,172,461,508,793,755
392,252,289,198,134,201,420,549,817,756
450,338,199,148,109,153,372,310,789,756
309,224,223,160,119,170,379,405,793,756
543,309,319,227,141,211,425,634,812,756
506,335,278,216,158,218,413,477,805,756
209,147,170,118,91,133,400,130,766,756
313,216,194,135,100,152,360,280,808,756
694,386,425,275,152,260,464,660,834,756
485,294,251,183,122,175,417,374,807,756
566,375,282,206,152,215,424,595,775,757
382,195,362,272,161,232,438,628,817,757
491,270,239,178,118,167,476,397,819,757
580,391,143,105,75,106,601,1,580,757
644,365,146,193,115,92,875,0,1023,757
504,265,313,239,138,197,428,579,839,758
254,176,152,124,93,117,347,321,781,758
711,472,328,212,147,242,443,630,815,758
334,233,143,105,81,112,368,232,804,758
624,359,376,265,128,186,504,603,854,758
508,342,232,182,125,168,422,320,779,758
255,187,159,123,91,124,357,302,796,758
483,280,319,257,173,225,403,629,830,758
654,462,243,188,137,186,379,448,810,758
415,294,189,148,113,152,357,311,760,758
304,190,278,187,117,190,394,502,795,758
499,351,215,152,110,163,391,275,790,758
666,421,221,151,108,164,409,320,795,758
407,276,180,134,96,135,477,327,822,758
582,383,238,176,127,176,453,317,840,759
402,293,177,118,87,139,360,318,812,759
560,360,304,222,156,218,461,500,1018,759
296,189,180,138,100,138,374,314,795,759
270,187,201,152,110,152,297,453,794,759
627,469,186,142,106,146,380,330,810,760
268,172,208,136,93,152,370,323,817,760
495,291,348,279,184,248,450,630,863,760
534,413,200,136,106,162,439,332,816,760
529,307,330,234,152,224,453,648,812,760
447,345,120,105,88,102,375,322,809,760
182,145,122,104,84,102,294,223,773,760
529,263,215,174,113,148,509,324,793,760
502,376,258,195,148,201,406,413,813,760
514,298,224,170,108,151,417,447,808,761
298,207,210,153,112,162,375,312,814,761
465,253,269,187,122,187,403,628,841,761
482,307,219,147,105,162,417,482,753,761
606,435,227,188,134,171,400,407,819,761
507,333,265,194,142,204,397,449,796,761
327,175,285,212,130,174,544,302,787,761
587,387,218,161,109,154,367,637,786,761
259,164,256,198,137,184,486,310,814,761
482,314,201,155,108,147,392,329,799,761
489,350,157,123,92,122,376,415,770,762
402,288,237,196,138,172,377,295,772,762
420,295,216,170,117,156,399,341,828,762
259,184,181,129,98,144,381,317,805,762
331,246,295,242,191,240,516,126,740,762
667,393,285,237,144,183,413,349,776,762
452,288,203,150,106,149,399,329,822,762
375,229,259,187,123,178,414,547,816,762
411,339,136,103,90,117,336,229,804,762
382,229,242,177,116,170,417,438,804,762
393,285,139,112,82,104,326,297,810,762
582,361,271,217,150,196,424,549,807,762
511,311,422,290,196,306,505,471,783,762
513,251,391,292,129,182,435,791,850,762
583,363,304,200,127,204,414,524,804,762
461,278,210,157,115,160,442,180,783,763
626,398,285,224,146,199,420,550,779,763
511,336,178,127,95,137,397,334,812,763
220,176,147,99,77,118,351,311,810,763
297,220,211,150,104,152,342,355,799,763
474,306,189,141,99,137,401,330,801,764
407,280,171,108,77,130,395,333,885,764
423,297,208,162,120,156,401,341,833,764
458,341,168,111,76,122,440,332,750,764
649,400,332,244,152,226,444,629,834,764
576,295,336,244,133,198,457,769,865,765
585,413,199,146,103,145,406,406,803,765
670,420,322,234,151,227,418,415,821,765
361,252,205,153,125,171,467,309,813,765
466,277,326,268,177,225,420,520,801,765
584,380,116,85,58,85,400,578,853,765
528,305,340,260,163,233,453,599,816,765
280,220,119,94,75,96,311,239,780,765
418,302,208,153,114,158,361,364,806,766
726,412,381,264,126,192,475,704,864,766
330,200,142,109,69,91,461,649,788,766
638,441,251,191,137,187,491,357,815,766
559,381,259,170,112,183,391,302,828,766
273,194,216,149,109,163,359,311,763,766
599,417,184,132,100,147,387,335,808,766
656,414,242,181,120,167,387,373,820,766
578,372,239,194,138,177,417,462,781,767
297,214,258,173,124,196,410,444,807,767
585,405,245,170,127,191,402,359,829,767
283,163,206,139,81,129,421,715,843,767
313,237,161,136,111,134,353,299,739,767
452,274,192,143,100,139,393,356,825,767
423,309,182,143,104,141,388,332,816,767
540,329,274,198,131,195,419,466,809,768
554,379,236,172,116,170,395,310,821,768
358,215,166,122,85,123,430,328,824,768
321,204,173,135,97,130,373,325,822,768
589,405,288,223,167,225,425,421,842,768
189,156,131,98,80,109,287,320,807,768
377,275,193,148,108,146,355,322,818,768
388,287,180,137,108,143,368,324,802,768
368,265,176,116,83,135,381,317,821,768
526,351,224,155,108,166,377,333,800,769
559,392,245,183,136,188,492,451,806,769
622,419,440,316,222,317,513,701,859,769
450,310,244,187,130,182,381,591,798,769
343,226,122,87,59,87,338,350,738,769
618,436,130,100,75,100,353,336,808,769
568,354,339,245,166,244,412,553,817,769
472,255,431,326,182,268,427,568,862,769
730,448,287,220,143,197,416,411,809,769
360,258,151,116,91,123,370,330,811,769
408,246,224,151,105,164,404,379,826,769
309,234,122,92,71,99,350,251,798,770
329,230,197,134,102,155,365,316,785,770
453,288,261,190,131,193,434,470,823,770
522,364,212,157,118,161,376,384,797,770
547,296,345,244,149,226,459,618,812,770
439,341,253,188,151,211,582,1,565,770
362,206,232,170,117,168,471,327,769,771
677,398,316,252,176,233,430,450,889,771
584,380,171,129,90,126,402,294,796,771
555,339,372,274,179,255,577,6,601,771
489,299,347,236,165,248,544,533,816,771
365,307,276,200,179,247,424,6,482,771
439,232,299,215,142,211,431,657,840,771
473,349,175,132,101,137,355,287,776,772
513,369,211,155,120,166,383,332,819,772
347,242,157,127,97,123,333,324,815,772
542,280,263,185,100,157,505,1023,882,772
587,424,214,155,118,167,503,327,792,772
418,252,182,145,106,140,470,324,803,772
233,162,202,149,109,153,382,311,788,772
715,489,277,211,144,197,427,386,811,772
697,463,184,129,85,129,425,483,808,772
246,169,181,141,98,128,346,309,830,773
584,377,239,181,122,169,419,423,811,773
653,491,192,153,122,157,396,334,803,773
468,282,272,190,117,182,451,458,827,773
338,267,169,124,103,140,326,291,769,773
385,259,236,156,109,178,373,301,802,773
553,375,187,133,98,141,400,337,810,773
304,240,122,94,75,101,346,320,801,773
657,425,278,207,137,189,430,463,792,773
361,192,392,293,172,245,224,956,845,773
514,300,310,212,125,201,469,388,813,773
414,286,211,149,110,165,379,313,797,773
489,301,173,129,76,113,385,225,783,774
321,244,186,128,101,151,354,314,780,774
435,252,259,201,135,179,406,498,821,774
485,264,467,344,212,314,585,6,613,774
644,427,212,149,101,151,411,332,807,774
615,448,192,143,109,149,379,323,812,774
531,304,345,256,162,233,500,587,816,774
726,397,547,405,200,299,479,906,840,774
569,407,209,153,115,164,388,334,777,774
500,313,258,186,131,186,466,366,771,774
510,335,255,174,117,181,380,297,820,774
263,169,225,163,115,169,371,311,803,774
298,205,244,179,124,172,344,518,820,775
482,376,154,124,108,133,414,225,766,775
552,389,175,132,101,137,392,326,871,775
277,182,327,237,157,233,386,395,824,775
612,384,254,190,126,179,466,451,798,775
497,346,221,154,117,178,396,328,802,775
608,410,266,196,140,199,429,455,835,775
518,345,171,130,91,123,366,326,813,775
578,330,266,202,125,181,418,592,820,775
444,311,213,176,135,162,530,346,770,776
681,426,192,151,98,133,482,320,833,776
559,336,261,180,120,188,423,324,819,776
424,312,180,145,122,151,367,313,802,776
438,346,143,99,80,119,339,336,815,776
554,335,212,151,104,150,411,429,820,776
318,241,141,97,77,117,344,318,816,777
389,274,243,189,134,176,292,410,788,777
332,208,165,128,92,126,408,322,798,777
557,362,308,213,144,219,505,481,803,777
429,237,274,200,132,192,449,588,821,777
407,257,183,133,97,137,465,330,797,778
619,435,251,172,128,194,410,322,792,778
727,456,310,223,153,225,446,665,866,778
520,357,203,148,110,157,398,338,795,778
592,363,270,201,135,194,434,399,825,778
584,409,250,184,133,191,405,324,814,778
461,288,321,229,162,237,505,631,837,778
583,375,256,194,132,190,413,302,833,778
587,439,188,141,117,156,377,336,783,778
253,222,155,119,101,133,355,1,310,778
588,400,132,95,68,99,369,323,781,778
355,274,179,127,100,141,351,315,778,778
463,309,203,150,120,165,435,322,791,778
324,200,193,160,112,140,375,312,795,778
249,155,252,190,128,180,252,531,829,779
654,350,408,310,139,187,537,762,860,779
195,145,158,116,92,126,326,317,767,779
543,291,283,210,133,191,425,580,824,779
470,358,191,138,110,154,367,305,811,779
385,303,136,90,78,119,330,334,797,779
557,373,256,181,141,206,408,423,785,779
556,403,156,118,90,121,392,373,814,779
597,386,260,194,136,186,488,406,823,779
478,351,156,120,93,123,374,333,825,779
556,295,353,252,148,230,433,648,836,779
611,345,233,182,139,181,498,339,826,779
525,334,313,222,142,221,431,553,814,780
596,352,255,188,120,168,494,342,807,780
574,451,177,137,119,153,514,173,716,780
385,294,151,117,93,124,363,317,788,780
379,211,203,143,107,158,483,328,813,780
367,274,146,115,93,120,342,302,781,780
486,335,227,162,129,184,485,323,794,780
345,204,283,215,143,200,420,497,829,780
711,446,289,225,162,218,495,424,812,780
403,233,365,267,188,264,439,471,808,780
719,480,295,240,178,221,454,416,780,781
415,304,200,137,106,160,428,324,793,781
452,327,192,130,98,151,417,317,790,781
399,266,220,175,134,171,360,512,815,781
510,292,298,238,159,207,427,540,798,781
482,319,179,137,102,139,369,319,796,781
646,374,282,225,148,193,514,615,821,781
631,400,280,215,144,199,422,463,826,781
513,249,373,261,160,247,467,598,849,782
604,353,270,202,137,189,507,437,823,782
540,368,272,204,145,201,355,511,800,782
515,391,119,87,70,98,340,320,741,782
428,277,200,154,110,149,407,347,774,782
351,262,109,76,61,91,318,320,742,782
535,381,200,153,117,162,374,283,816,782
635,358,343,261,165,232,451,653,841,782
417,307,238,167,124,184,365,303,776,783
285,205,141,106,80,111,347,330,806,783
558,330,326,245,155,222,432,481,788,783
196,161,141,105,79,113,295,305,760,783
392,279,235,169,126,187,402,350,818,783
648,379,206,156,76,114,476,318,834,783
688,457,239,187,139,184,427,459,805,784
362,269,151,118,88,111,320,316,804,784
472,354,244,196,147,189,395,439,796,784
704,476,284,198,145,213,420,492,792,784
386,231,340,254,167,238,493,498,862,784
719,486,268,210,149,198,430,357,812,784
551,390,264,176,133,207,386,319,774,785
677,414,295,228,157,211,421,607,805,785
365,238,304,221,143,210,427,437,829,785
438,328,144,109,87,118,350,317,789,785
219,177,243,174,135,193,321,351,794,785
627,451,273,209,158,213,395,414,811,785
250,182,129,102,77,99,283,304,763,785
246,166,203,154,106,146,373,316,806,786
599,485,161,122,104,135,404,290,794,786
643,468,230,181,147,192,461,435,804,786
487,389,172,131,106,143,367,319,800,787
581,379,241,187,120,168,407,575,759,787
407,296,168,137,110,139,355,313,817,787
514,264,356,266,156,227,471,647,854,787
403,286,180,120,87,137,363,331,823,787
726,454,286,205,140,206,419,525,794,787
392,226,279,215,139,191,410,564,821,788
412,279,168,129,91,126,369,327,806,788
561,375,518,349,248,386,640,6,615,788
296,189,228,169,117,167,360,438,820,788
386,292,192,128,100,152,371,310,817,788
183,165,135,110,106,129,343,48,650,789
416,304,143,108,83,111,357,320,808,789
570,398,229,161,119,179,395,396,807,789
429,241,403,273,167,263,470,648,837,789
387,269,320,231,159,230,441,637,844,789
476,325,224,167,126,174,403,346,808,789
363,210,234,178,134,182,505,333,796,789
488,316,163,120,76,112,376,341,817,789
413,255,243,175,127,184,407,380,804,789
375,244,199,161,126,156,454,326,791,789
321,226,148,108,84,118,341,331,794,789
685,451,177,136,90,124,397,323,808,789
535,380,157,122,93,121,371,302,811,790
356,215,355,261,160,230,471,650,821,790
426,304,150,120,91,119,373,254,789,790
646,406,256,193,151,203,483,419,794,790
513,271,194,125,70,118,479,714,851,790
732,447,326,231,156,232,455,571,809,790
336,223,223,176,125,172,370,399,800,790
397,279,168,132,103,137,377,321,800,790
357,275,291,229,184,238,467,331,821,790
444,323,244,191,144,190,384,337,816,790
452,310,225,174,124,165,358,327,788,790
456,293,220,161,117,164,386,367,818,790
509,391,270,211,146,200,586,3,573,790
300,189,250,178,124,181,368,352,819,790
613,422,215,166,125,170,399,295,806,791
495,294,321,251,169,225,417,387,793,791
569,347,401,322,218,273,389,563,806,791
684,387,349,266,170,231,453,597,836,791
379,307,150,112,90,124,360,318,817,791
349,245,161,120,91,128,356,301,801,791
430,333,211,159,122,169,425,305,764,791
554,391,254,161,116,189,452,324,792,791
462,293,261,181,121,189,421,521,812,791
610,382,270,194,130,197,414,442,822,791
634,417,217,153,103,156,403,379,808,792
396,277,291,223,179,235,412,310,814,792
397,257,256,195,140,192,400,549,780,792
652,424,211,164,116,150,421,339,830,792
280,211,180,128,96,144,345,303,749,792
639,357,344,257,163,235,444,774,861,792
597,370,302,230,146,201,428,652,848,792
478,307,234,169,118,167,372,471,819,792
623,449,186,132,102,149,369,318,811,793
633,366,392,295,182,259,434,600,825,793
671,457,353,258,181,256,492,553,830,793
559,415,202,163,129,167,394,333,795,793
636,391,351,267,183,251,430,646,841,793
456,315,180,134,96,137,385,315,805,793
568,361,253,184,126,177,408,319,826,793
498,274,187,127,83,128,458,616,848,794
571,394,269,199,143,196,389,327,819,794
268,178,232,172,128,179,362,328,805,794
502,240,422,329,189,261,456,680,879,794
402,268,223,162,116,164,406,307,804,794
412,270,277,203,136,194,516,396,818,794
644,406,252,184,118,174,402,340,778,794
611,420,287,208,143,208,400,386,814,795
607,385,309,231,145,208,416,619,821,795
302,235,198,150,110,147,312,346,805,795
556,398,200,148,113,155,379,302,814,795
511,375,198,138,110,163,374,326,779,795
645,438,355,252,197,277,515,645,862,795
387,271,218,162,116,157,381,322,815,795
333,236,212,188,141,161,394,305,785,795
624,453,213,168,130,170,430,341,799,796
392,283,157,119,91,127,379,337,827,796
629,413,286,204,144,218,428,375,815,796
282,181,226,167,118,164,318,536,813,796
425,277,248,173,127,189,475,452,809,796
562,363,248,169,112,175,426,419,841,796
571,413,142,95,70,111,419,183,786,796
482,355,218,153,117,169,397,319,783,796
696,458,224,166,116,165,378,313,761,797
468,324,177,129,96,140,386,331,792,797
680,428,343,253,167,240,426,491,779,797
428,225,335,250,159,225,428,610,824,797
450,335,146,120,95,117,372,332,798,797
330,175,237,173,103,154,425,378,816,797
371,220,329,219,128,209,429,423,808,797
527,311,180,141,89,118,494,402,830,797
333,247,164,111,89,138,374,327,776,797
377,268,242,185,133,180,369,480,803,797
451,246,287,215,137,195,428,454,820,797
560,300,366,264,148,221,438,607,850,797
307,199,372,265,162,245,441,613,842,798
420,273,253,198,140,181,417,450,815,798
584,309,277,219,134,178,562,333,794,798
346,297,120,99,84,106,594,1,546,798
566,403,176,132,104,144,403,330,795,798
529,394,213,138,105,166,391,342,789,798
525,332,202,138,99,154,385,327,818,798
478,357,200,153,120,162,384,317,811,798
280,154,284,223,133,183,427,485,850,798
515,343,212,154,105,152,393,320,794,799
443,263,302,224,143,213,421,582,820,799
424,259,243,183,120,165,365,524,819,799
316,210,336,243,164,236,384,648,811,799
559,388,149,118,86,113,402,330,825,799
348,255,248,184,134,191,390,416,800,799
670,412,343,223,152,247,455,485,797,799
528,376,169,133,100,129,437,329,823,800
462,261,370,268,158,239,448,546,819,800
525,302,343,268,201,262,496,559,772,800
448,329,202,152,127,168,410,314,814,800
462,275,288,211,141,208,408,450,817,801
529,307,319,255,153,206,439,348,849,801
461,328,179,135,103,141,366,321,771,801
623,386,286,219,145,200,407,595,811,801
640,420,285,217,149,212,405,429,812,801
392,333,198,159,139,176,439,38,644,801
270,169,280,191,116,184,393,531,842,801
375,228,294,202,130,206,420,575,804,801
731,455,399,266,181,286,451,528,806,801
667,443,312,221,147,220,435,507,815,801
644,434,243,181,129,182,397,322,788,801
396,308,253,179,140,202,455,340,788,801
277,219,117,94,80,99,316,320,774,801
555,391,130,97,70,98,355,320,788,801
474,376,145,123,107,124,337,316,816,801
529,385,127,91,71,103,339,315,812,801
359,226,207,144,96,149,397,325,828,802
661,439,272,211,146,199,423,527,818,802
546,379,181,131,97,140,395,330,834,802
368,278,208,144,115,168,407,355,806,802
496,381,227,165,136,195,374,323,807,802
327,232,205,147,110,156,413,305,809,802
270,223,121,81,67,100,523,2,521,802
643,426,207,166,120,155,407,416,811,802
630,394,317,250,183,234,451,568,833,802
674,438,218,165,108,151,460,436,793,802
428,329,128,88,70,105,337,312,793,802
391,228,309,226,152,221,415,551,811,803
457,313,189,145,102,138,397,354,795,803
572,385,249,183,144,203,470,470,812,803
530,384,211,166,130,172,396,453,808,803
358,221,251,190,130,180,433,372,823,803
408,271,230,155,101,164,397,311,809,803
328,219,200,137,100,151,381,335,836,803
341,247,206,139,102,155,333,293,808,804
391,284,205,144,110,158,389,335,797,804
711,408,402,316,197,267,447,622,844,804
247,203,129,85,70,108,325,253,778,804
400,275,245,178,127,181,362,433,794,804
455,309,151,114,81,112,376,325,776,804
324,202,265,182,131,208,452,342,823,804
602,427,176,132,99,135,421,321,800,804
561,364,224,185,127,159,393,401,790,804
213,192,162,119,107,145,323,1,201,804
414,255,334,234,151,230,413,447,833,804
405,314,151,113,95,128,354,327,825,804
640,356,361,263,166,236,556,480,819,805
396,218,223,152,98,151,414,441,797,805
684,418,385,295,199,277,431,513,821,805
276,252,94,78,76,89,369,1,216,805
347,215,321,238,153,220,339,631,836,805
305,221,213,143,106,162,359,350,818,805
227,167,200,146,113,157,335,297,810,805
657,347,309,239,132,188,448,644,832,805
309,247,174,142,107,132,299,317,784,805
436,317,191,126,96,152,399,320,795,805
207,153,196,144,101,140,398,341,824,805
506,376,165,124,94,131,363,318,804,805
656,398,215,165,119,159,485,347,816,806
711,461,221,169,112,155,418,370,770,806
578,390,260,200,148,198,395,517,793,806
526,384,157,124,95,123,383,306,799,806
465,311,225,159,116,168,381,496,787,806
494,336,207,176,135,161,378,352,813,806
538,321,327,231,153,223,436,533,794,806
204,158,133,105,86,110,315,325,811,806
475,347,173,132,98,136,356,202,772,806
378,263,208,149,114,162,358,312,792,806
360,235,235,164,114,170,377,335,817,807
512,326,267,198,127,181,405,423,788,807
223,182,170,113,93,142,367,310,807,807
655,477,156,109,81,121,388,320,773,807
456,293,230,159,105,162,428,419,800,807
581,390,184,134,97,138,395,342,789,807
442,278,200,149,109,150,394,350,815,808
543,313,378,252,163,255,534,570,825,808
442,290,240,174,126,177,410,373,794,808
486,345,170,121,92,135,373,317,787,808
479,349,209,162,125,168,409,426,933,808
260,197,154,121,96,125,348,328,771,808
503,304,261,176,108,176,417,534,804,808
304,215,231,176,130,179,365,380,770,808
479,332,168,119,86,127,391,350,819,808
464,337,183,139,110,145,381,322,817,808
259,227,104,78,73,98,324,98,686,809
431,283,216,158,103,151,393,316,785,809
397,266,208,163,120,160,389,435,780,809
617,413,215,154,110,158,414,346,811,809
565,305,361,279,163,225,539,637,830,809
418,262,326,253,178,235,395,594,839,809
464,290,197,147,103,142,407,314,794,809
435,357,223,199,175,192,368,320,823,809
701,491,176,139,103,138,408,339,817,809
380,290,103,77,61,84,338,286,808,810
361,252,284,232,175,216,386,459,757,810
324,200,206,148,103,150,378,393,793,810
396,257,294,209,144,212,389,499,815,810
400,320,199,134,112,168,357,279,809,810
484,347,217,182,127,157,389,302,814,810
522,334,268,203,152,209,479,399,802,810
424,271,316,221,148,231,419,584,836,811
708,452,243,182,128,179,423,526,810,811
200,143,233,156,107,173,377,224,785,811
652,405,354,254,177,253,447,506,813,811
328,190,241,178,115,163,264,567,795,811
623,418,242,183,140,187,417,401,817,812
411,311,156,107,88,130,341,343,811,812
375,251,188,149,104,142,366,320,809,812
248,185,127,95,70,96,316,318,799,812
444,283,168,117,78,123,391,316,812,812
547,359,225,176,121,164,390,510,792,812
391,346,130,94,82,115,360,121,698,812
534,370,184,139,103,141,472,315,796,812
487,349,227,167,123,175,423,412,816,812
518,267,398,290,171,254,443,606,849,812
172,165,107,74,75,106,352,1,201,812
381,269,174,142,101,128,332,305,798,813
373,259,171,135,103,135,329,311,784,813
624,448,450,336,248,326,545,623,871,813
544,288,363,260,169,250,467,564,842,813
461,245,310,240,143,209,437,673,857,813
320,218,179,140,103,136,358,371,803,813
551,374,249,175,124,186,400,315,796,814
551,345,314,236,161,225,423,535,821,814
620,426,229,161,113,170,411,331,827,814
443,288,215,157,114,164,414,312,809,814
617,410,447,327,222,330,498,342,788,814
648,402,464,328,204,323,443,448,838,814
487,315,187,143,98,137,391,313,821,814
468,367,258,189,161,221,381,312,789,814
459,294,314,224,143,213,439,633,822,815
324,240,190,141,107,146,357,318,803,815
548,373,282,205,173,240,463,486,814,815
432,295,220,166,126,170,388,316,804,815
578,364,233,170,108,157,423,342,828,815
367,260,272,210,161,217,440,450,814,815
491,304,196,146,102,143,402,342,816,815
531,314,360,266,176,249,452,564,829,815
261,222,124,87,75,110,436,4,471,815
487,367,250,194,147,194,365,451,771,815
394,324,146,108,90,122,357,320,848,815
576,373,237,166,119,178,467,325,813,815
638,469,202,141,106,157,395,328,819,815
358,276,116,97,83,98,344,331,791,815
701,478,312,195,146,244,421,557,807,815
725,464,352,250,167,256,406,452,805,816
678,436,302,232,169,233,434,468,784,816
702,483,247,184,142,197,443,376,804,816
517,316,302,221,155,223,423,350,985,816
414,241,253,197,122,171,412,571,810,816
487,334,144,107,74,105,371,683,801,816
543,351,209,169,119,156,444,319,805,816
543,413,133,112,88,105,339,315,808,816
591,391,228,178,119,159,430,335,792,816
321,234,133,102,77,101,332,322,761,817
420,290,189,150,114,148,387,318,790,817
645,403,320,228,149,224,512,606,819,817
515,399,180,148,117,146,372,323,798,817
460,313,301,195,124,205,415,296,801,817
584,396,241,189,134,183,379,441,809,817
494,345,224,170,117,158,368,519,776,817
626,439,209,150,108,158,383,292,808,818
450,311,182,136,95,137,376,368,802,818
715,476,327,238,168,239,426,366,796,818
644,469,230,179,124,169,405,351,795,818
370,213,261,187,123,188,422,478,814,818
429,258,286,225,141,193,428,343,826,818
456,283,231,179,122,166,418,390,827,819
412,263,204,150,96,141,371,301,786,819
391,244,315,242,154,213,433,596,989,819
619,415,298,204,138,209,423,464,808,820
606,386,250,189,130,186,470,347,800,820
710,447,262,167,118,198,392,497,788,820
432,303,241,200,144,180,376,288,799,820
574,349,297,235,157,210,433,443,803,820
500,246,346,235,146,225,525,469,807,820
281,240,196,133,121,179,382,3,218,820
589,387,268,205,150,206,430,497,832,820
508,382,161,120,91,125,363,326,809,820
601,408,404,342,240,286,559,320,799,821
328,203,214,165,114,156,388,486,794,821
566,388,241,165,108,164,428,387,832,821
517,325,239,188,124,172,399,378,811,821
563,404,181,132,101,143,374,324,780,821
251,195,145,94,78,124,409,52,694,821
590,443,166,113,87,133,344,323,771,821
363,266,320,227,161,244,389,357,813,821
721,442,301,217,154,223,434,487,815,821
322,229,185,135,101,141,359,292,789,821
639,382,223,176,119,161,413,550,800,821
578,293,362,270,141,205,469,702,848,821
536,393,197,158,116,148,396,301,812,821
238,149,238,150,100,169,419,410,774,821
321,219,292,216,142,206,320,561,809,821
399,258,417,280,161,267,473,637,851,822
545,373,214,170,127,166,407,402,816,822
497,308,299,193,130,213,437,482,804,822
353,278,192,144,111,152,385,331,803,822
601,401,248,192,137,184,423,372,800,822
644,450,259,193,144,201,424,492,809,822
517,400,142,111,91,119,362,313,796,822
658,436,247,198,145,184,421,379,811,822
344,234,291,199,137,213,421,562,830,823
597,395,208,144,96,153,387,349,806,823
324,228,179,138,103,137,390,313,788,823
544,342,380,266,195,289,492,594,813,823
329,204,265,207,147,199,423,425,811,823
630,457,181,129,100,144,389,323,810,823
371,242,214,162,118,162,367,487,809,824
406,281,169,141,111,136,393,333,780,824
346,258,201,163,131,161,372,136,732,824
293,202,117,97,74,91,301,317,771,824
701,489,308,224,154,221,413,453,821,824
661,401,162,122,67,95,379,580,834,824
643,481,244,169,143,210,412,295,744,824
704,378,431,315,187,281,465,434,812,824
472,319,194,129,91,144,469,330,790,824
578,409,208,152,110,158,390,412,805,824
313,245,215,184,146,175,354,320,810,824
372,232,245,177,124,184,407,414,824,824
205,131,190,154,113,143,329,331,807,825
656,423,262,206,144,190,420,366,789,825
456,276,324,241,159,230,438,649,862,825
619,324,172,130,76,106,374,1012,856,825
455,320,171,126,91,127,388,328,819,825
404,279,172,137,101,127,381,185,781,825
652,388,244,192,144,186,510,324,825,825
453,293,225,171,116,162,413,464,790,825
575,344,220,161,111,161,431,333,775,825
391,288,180,128,101,144,378,336,768,826
602,327,224,157,97,151,414,786,862,826
497,377,166,125,102,138,360,326,795,826
486,335,212,147,110,165,387,323,809,826
302,218,192,136,105,153,389,329,826,826
396,271,244,173,122,184,386,437,781,826
305,256,127,90,79,108,351,1,216,826
539,294,268,200,126,182,440,540,815,826
711,466,244,189,133,181,414,354,806,827
348,220,169,126,95,131,371,331,768,827
287,204,192,143,109,151,351,285,778,827
455,289,215,150,104,156,410,495,788,827
328,217,236,165,116,175,382,308,779,827
726,436,279,196,121,189,516,371,816,827
610,395,391,296,201,281,460,612,845,828
592,350,565,413,245,359,555,637,859,828
424,214,299,228,149,208,485,477,800,828
434,245,384,261,147,239,439,518,771,828
385,256,341,240,174,264,603,3,76,828
243,209,218,154,148,208,565,4,51,828
548,314,408,311,187,275,438,549,836,828
503,343,278,195,149,210,377,370,788,828
697,394,400,307,196,269,455,649,840,829
593,334,367,274,174,253,431,511,801,829
491,360,188,129,94,146,357,312,758,829
609,362,455,330,217,317,551,8,600,829
532,304,335,259,164,227,457,604,867,829
533,407,166,114,89,133,420,167,793,829
406,318,189,138,128,172,427,255,741,829
433,238,275,212,132,186,415,464,826,829
370,229,254,178,117,177,378,544,815,830
277,217,222,173,133,175,456,118,735,830
527,386,186,156,123,155,447,327,786,830
239,199,125,94,80,108,300,165,749,830
644,357,141,98,64,99,457,592,799,830
469,311,315,221,150,217,422,592,845,830
593,439,176,130,109,148,377,336,811,830
491,329,253,179,124,188,395,326,826,830
403,280,187,131,98,147,402,335,774,831
591,358,281,222,147,194,429,657,788,831
545,365,303,215,148,222,411,328,802,831
689,455,267,189,130,195,420,500,806,831
378,255,202,152,118,159,447,360,793,831
572,353,322,242,169,239,442,611,873,832
431,286,209,151,107,157,390,441,808,832
437,299,267,211,159,211,405,353,797,832
406,234,263,197,126,182,417,339,821,832
688,443,442,337,232,324,499,613,824,832
468,305,263,194,138,196,461,345,809,832
658,432,252,169,115,185,422,507,815,832
551,417,217,165,121,166,373,295,792,832
464,326,228,164,117,171,520,2,548,832
562,402,182,150,114,143,361,314,801,832
357,275,265,184,140,213,334,268,786,833
545,374,254,200,144,191,407,414,831,833
462,276,265,190,132,195,405,474,805,833
654,373,213,182,110,136,677,0,85,833
289,179,124,80,53,88,468,331,800,833
505,309,232,171,121,173,414,453,807,833
300,220,201,158,121,155,326,331,806,833
389,230,277,198,131,197,432,454,792,833
358,277,160,126,97,127,336,316,757,833
391,273,155,107,79,118,360,314,782,833
475,312,228,166,124,176,392,346,814,833
547,350,219,157,119,169,473,359,807,833
531,387,160,130,101,126,360,323,793,833
615,451,292,205,149,224,480,513,807,833
676,402,294,208,130,200,454,592,822,834
571,398,200,141,104,156,411,324,799,834
409,330,136,106,89,115,342,322,772,834
503,357,155,117,88,121,380,355,804,834
439,312,318,233,170,243,390,299,778,834
586,425,186,130,91,138,385,321,759,834
349,264,167,123,95,132,320,348,810,835
472,269,247,180,113,164,422,345,848,835
580,410,179,120,81,131,442,310,811,835
546,388,250,184,132,189,410,314,792,835
416,200,158,101,56,99,509,1023,826,835
499,321,247,181,132,181,492,371,796,836
296,190,211,161,111,151,379,388,835,836
433,316,183,135,98,139,371,324,814,836
573,360,262,199,133,183,417,404,791,836
468,326,211,163,119,160,393,335,784,836
549,355,217,160,110,156,430,450,806,836
488,350,203,157,119,154,383,326,815,836
286,178,255,199,137,185,371,479,775,836
391,229,260,182,126,187,398,464,765,836
674,451,259,206,156,207,432,464,798,837
674,481,197,156,115,150,411,327,797,837
516,400,265,190,156,222,406,308,805,837
576,395,280,202,151,216,393,493,822,837
232,165,152,134,98,115,273,284,776,837
446,368,134,94,78,113,390,236,779,837
422,297,231,165,123,176,358,436,764,837
687,450,273,200,133,196,431,354,831,837
542,277,409,277,161,266,442,602,849,838
181,165,147,116,106,135,410,46,674,838
468,280,215,164,103,149,391,660,830,838
413,251,294,224,149,212,418,384,791,838
354,227,297,198,126,199,383,483,820,838
450,365,194,132,104,158,397,370,802,838
418,290,256,170,116,183,476,327,881,838
645,388,408,311,195,264,483,646,851,839
341,234,302,220,147,215,417,466,814,839
419,326,138,103,82,116,357,306,829,839
292,212,176,128,99,139,354,382,801,839
278,239,115,85,74,103,337,179,750,839
534,361,266,207,150,200,427,457,784,839
464,317,142,97,71,109,380,337,798,839
370,216,227,183,119,158,429,485,814,839
396,295,151,106,85,121,368,323,771,839
714,441,282,198,129,197,429,538,810,839
606,405,180,141,103,136,411,322,813,839
487,338,185,162,125,144,393,323,796,839
340,246,240,176,134,185,388,337,783,839
553,343,197,154,106,143,402,446,806,839
710,438,420,316,224,308,542,666,852,839
443,306,191,158,111,141,370,296,801,840
669,431,231,173,121,169,412,457,790,840
426,223,444,349,202,278,435,609,858,840
348,223,214,163,116,163,368,304,823,840
441,337,201,150,116,155,438,312,797,841
631,416,217,155,108,160,407,406,815,841
494,304,281,212,150,200,405,493,819,841
488,303,315,217,146,219,446,598,824,841
609,431,216,161,125,173,456,327,815,841
476,278,336,245,166,244,478,571,808,841
239,187,250,197,139,186,305,448,764,841
499,375,148,111,91,126,361,322,794,841
267,222,125,98,83,108,322,323,799,841
311,218,149,119,87,113,346,318,805,842
467,247,357,281,188,252,458,468,847,842
279,220,184,137,111,147,329,290,793,842
492,358,227,168,138,187,458,358,816,842
512,337,279,207,145,207,394,611,814,842
506,294,264,196,126,189,410,537,821,842
515,386,165,124,90,126,376,315,754,842
315,225,191,150,111,144,356,310,787,842
352,267,239,157,125,196,383,305,813,842
324,229,271,208,156,208,334,493,821,842
541,348,280,189,130,207,415,383,831,842
702,448,364,256,179,273,427,491,834,843
727,479,420,292,203,311,432,470,824,843
225,161,191,144,112,151,327,313,813,843
551,372,227,169,123,172,387,363,811,843
617,433,302,238,175,233,413,536,818,844
524,410,118,93,74,96,325,308,764,844
616,338,275,206,133,184,425,671,840,844
448,301,198,142,103,148,393,351,796,844
398,279,184,132,101,146,398,326,807,844
359,233,216,144,106,165,395,330,812,844
231,163,195,145,104,144,314,379,808,844
590,356,369,286,190,255,451,644,869,844
666,411,360,258,170,254,447,655,844,845
595,396,343,257,185,254,409,392,795,845
728,477,278,199,133,195,440,471,801,845
636,423,229,172,123,173,478,393,811,846
504,309,306,240,162,224,404,644,833,846
564,387,216,178,133,167,385,310,807,846
445,270,247,183,120,171,413,586,773,846
483,382,176,122,105,154,388,130,730,846
415,242,240,192,142,185,458,464,813,846
640,453,227,164,120,173,395,299,782,846
460,246,289,225,132,188,415,581,847,846
341,243,198,155,132,169,431,339,824,846
374,261,172,134,101,134,383,326,825,847
576,378,318,213,144,230,455,601,796,847
464,338,205,159,135,175,466,340,805,847
471,274,333,243,157,228,428,559,832,847
620,448,176,131,97,135,387,325,828,847
308,197,152,109,79,117,473,1,522,847
345,250,172,122,95,140,378,331,789,847
456,277,250,191,131,182,421,505,807,847
731,462,308,242,162,218,437,655,811,847
677,429,383,260,175,268,453,567,818,847
374,259,260,168,116,191,377,296,829,848
730,429,312,229,153,221,448,598,814,848
338,243,163,117,86,128,372,322,815,848
302,206,126,99,77,100,316,322,779,848
412,259,224,175,124,164,400,335,800,848
486,340,222,164,114,167,412,381,761,848
297,209,177,134,102,139,358,317,758,848
409,257,197,150,105,144,398,336,800,848
355,261,161,113,89,127,356,340,789,849
625,375,278,213,129,180,373,597,802,849
345,262,182,128,99,147,453,321,814,849
430,227,280,233,147,177,536,321,802,849
341,190,336,235,131,200,504,478,846,849
500,318,378,274,191,274,448,547,833,849
454,295,227,179,142,185,468,339,838,849
382,300,131,90,76,112,353,329,807,849
326,250,241,181,147,200,405,402,809,849
184,148,186,118,89,147,334,300,824,849
348,224,231,156,104,162,363,277,816,849
553,295,240,174,111,161,443,647,836,849
284,194,288,231,158,209,322,609,816,850
275,194,142,117,90,113,361,326,815,850
384,206,363,243,137,219,482,515,818,850
330,244,197,132,102,153,391,349,797,850
458,301,322,236,161,233,426,618,840,851
307,158,179,141,87,120,616,0,246,851
667,454,226,171,120,164,415,334,814,851
584,319,381,288,189,270,435,574,814,851
272,202,145,105,84,119,347,309,800,851
326,280,157,122,116,146,403,1,206,851
547,353,257,205,142,186,405,427,782,851
412,259,216,150,102,159,403,390,837,851
425,314,148,109,78,110,386,269,808,852
426,273,241,191,130,171,392,444,823,852
657,420,262,190,125,184,419,427,828,852
448,313,212,167,120,158,391,317,789,852
394,246,225,177,125,164,409,431,815,852
444,231,391,269,167,256,441,566,846,852
486,365,131,99,81,107,336,318,803,852
474,319,202,151,106,149,385,330,816,852
504,277,330,228,144,227,446,660,835,852
412,259,249,191,138,187,402,462,829,852
547,334,300,229,148,200,427,634,824,852
468,316,224,179,131,167,460,313,795,853
715,450,232,184,131,168,409,518,772,853
330,242,182,139,105,142,353,307,816,853
464,281,204,159,100,144,385,342,815,853
577,358,485,362,252,367,440,402,842,853
544,376,224,152,108,166,403,330,826,853
409,281,206,155,108,154,335,369,766,853
499,340,145,109,73,106,389,308,822,854
485,291,285,225,152,202,415,545,838,854
332,263,137,116,99,114,309,298,813,854
419,319,175,133,108,147,363,296,803,854
437,280,246,170,124,187,378,358,806,854
464,269,360,291,165,228,423,662,858,854
598,363,187,142,103,137,471,332,811,854
456,230,293,221,137,191,433,627,827,854
586,351,296,227,143,200,430,423,795,854
621,382,313,248,169,224,449,448,790,854
300,252,123,92,78,105,320,323,809,855
610,404,286,206,153,219,461,403,829,855
289,250,172,130,117,152,350,1,210,855
463,244,355,255,134,203,430,618,860,855
519,372,250,182,132,187,388,317,807,855
732,421,341,254,157,233,461,537,812,855
525,360,214,167,123,165,425,327,795,855
221,171,293,209,155,227,383,457,785,855
435,238,216,160,99,142,413,426,807,855
341,245,189,148,105,137,422,315,782,855
531,341,276,200,135,197,418,350,786,855
481,314,180,134,92,132,458,310,810,856
570,410,207,168,127,161,386,313,788,856
384,242,179,135,110,147,479,317,781,856
392,223,269,203,120,171,530,389,812,856
231,173,105,83,65,85,327,304,764,856
496,361,211,176,133,164,360,307,820,856
497,277,181,126,81,121,486,707,852,856
283,220,147,120,96,119,320,213,744,856
580,285,328,241,158,227,544,590,818,857
527,296,329,250,170,233,497,635,815,857
667,420,312,228,151,224,437,512,842,857
562,363,276,206,143,201,418,519,802,857
645,408,335,237,165,244,421,603,794,857
434,328,152,129,106,126,328,298,803,857
439,242,351,221,137,228,442,548,832,857
320,233,188,129,97,149,373,309,815,857
521,392,237,172,130,190,393,326,814,857
207,193,116,90,89,112,320,1,222,857
650,407,376,288,194,269,521,628,823,858
329,226,181,143,104,137,377,313,797,858
526,367,246,182,134,189,455,373,785,858
252,199,99,73,62,83,290,316,774,858
679,430,285,214,146,204,494,348,784,858
318,224,205,157,111,153,383,325,798,859
665,461,191,132,90,141,389,304,817,859
518,377,220,164,124,172,369,435,789,859
585,306,421,301,134,207,464,954,872,859
271,200,179,142,113,145,350,307,804,859
459,322,172,133,100,134,332,300,824,859
645,442,234,195,144,177,396,345,817,859
623,426,225,173,126,173,392,422,814,859
449,321,191,144,110,148,446,326,802,860
641,437,236,163,117,180,410,521,774,860
588,416,198,147,112,155,402,310,798,860
404,261,168,139,107,131,356,313,806,860
245,162,206,150,104,150,380,303,825,860
357,293,121,87,74,104,327,313,766,860
635,449,268,225,174,206,402,311,810,860
218,148,189,130,99,148,329,284,806,860
396,298,183,130,99,144,342,304,793,860
327,220,302,213,146,220,394,528,804,861
351,283,143,112,90,118,326,298,807,861
530,289,472,358,227,316,518,594,810,861
204,163,108,73,61,91,345,23,625,861
718,452,317,221,149,230,425,627,841,861
537,360,194,149,109,151,391,388,812,862
517,320,441,315,192,297,468,636,874,862
451,341,240,183,140,185,337,438,816,862
662,449,272,205,152,211,418,431,782,862
386,232,258,191,124,182,411,420,798,862
630,446,167,122,88,126,395,322,828,862
509,370,240,163,116,176,498,323,812,862
343,259,158,113,92,130,420,59,712,862
585,381,328,268,176,227,398,547,791,862
297,193,208,160,108,149,400,345,790,862
497,302,261,186,129,187,414,459,817,863
362,224,211,159,112,156,390,471,790,863
675,377,171,121,77,113,437,664,831,863
626,373,312,234,156,221,438,499,801,863
393,291,153,117,94,124,419,312,791,863
568,390,159,112,77,118,383,321,827,863
575,448,139,100,82,116,354,322,786,863
505,374,142,112,89,114,343,327,821,863
311,175,348,237,128,211,438,564,805,863
271,198,133,107,68,87,395,139,731,863
591,443,343,255,205,280,509,46,732,864
197,160,150,113,90,125,274,293,798,864
345,225,186,134,92,135,400,321,798,864
316,246,193,157,116,151,340,301,770,864
298,215,195,145,103,148,380,323,824,864
350,233,186,140,106,143,381,319,805,864
467,347,302,256,187,236,423,320,815,864
547,388,215,172,132,173,402,345,793,864
580,416,214,167,127,163,402,396,800,864
402,230,352,240,153,240,463,659,840,864
487,363,198,145,115,160,364,327,835,865
663,419,307,220,144,221,426,591,801,865
638,432,344,281,201,257,427,647,801,865
282,186,183,161,111,135,385,329,816,865
585,372,215,168,117,159,410,522,805,865
626,452,176,129,96,140,400,326,791,866
685,418,351,248,158,240,430,586,849,866
533,381,201,148,114,161,393,329,811,867
391,252,272,180,128,206,380,290,791,867
387,255,233,178,119,167,410,477,797,867
331,242,182,146,111,144,328,289,809,867
347,233,193,140,101,148,371,341,770,867
298,192,210,168,114,150,339,458,807,867
563,346,297,229,149,201,404,630,782,867
433,261,329,265,185,240,425,599,792,868
552,374,236,184,140,184,413,376,808,868
482,300,386,285,194,279,449,633,824,868
435,280,239,180,124,172,386,418,808,868
543,378,236,172,130,185,417,422,812,869
394,263,467,347,212,304,504,614,838,869
380,255,209,150,115,165,374,397,833,869
343,228,209,154,112,158,404,336,787,869
547,334,408,308,200,283,497,624,841,869
508,311,302,229,159,216,420,556,832,869
540,407,196,136,105,158,366,328,807,870
445,260,272,205,132,188,427,640,795,870
568,323,287,225,132,181,420,588,788,870
327,230,136,99,74,104,374,325,787,870
567,358,248,175,123,184,452,328,804,870
442,314,245,190,141,191,386,400,799,870
333,214,185,141,96,133,379,317,778,870
516,370,159,111,84,126,379,335,782,871
683,482,280,202,157,219,429,531,750,871
575,317,531,366,231,349,480,604,820,872
570,387,259,177,125,194,411,319,828,872
499,324,323,214,143,231,431,531,855,872
622,434,169,136,102,130,400,327,834,872
535,291,432,317,196,286,543,661,864,873
344,234,229,170,120,172,403,436,811,873
482,346,198,132,97,149,390,332,811,874
602,391,140,103,70,102,433,409,802,874
562,374,226,147,98,162,402,505,767,874
272,171,288,189,122,199,392,424,813,874
259,181,152,111,80,117,334,318,823,874
520,390,145,117,88,111,359,320,812,874
376,282,156,115,93,127,352,334,813,874
383,239,225,182,132,169,381,305,814,874
308,229,149,105,79,117,343,310,782,874
360,240,184,126,86,132,353,308,798,874
590,354,313,201,130,219,425,443,800,875
269,188,203,159,124,162,446,4,497,875
498,342,213,161,121,164,378,308,790,875
675,488,193,144,109,149,395,345,797,875
306,224,111,98,75,85,566,0,177,875
607,386,257,182,122,183,417,467,791,875
625,427,282,201,148,215,441,413,802,875
343,285,117,95,81,98,308,169,769,875
242,170,188,146,110,150,309,301,780,875
386,264,152,111,83,118,334,494,823,875
292,219,196,156,122,155,336,326,800,876
600,371,352,272,175,248,511,560,821,876
581,342,310,253,185,230,491,650,854,876
520,330,218,167,117,159,487,320,769,876
368,253,184,132,101,145,374,323,806,876
527,366,261,190,135,202,378,309,812,876
419,217,377,286,167,241,456,524,824,877
496,282,294,199,132,204,442,546,841,877
182,154,148,124,112,132,348,2,469,877
406,290,263,207,156,205,424,326,803,877
438,336,235,166,127,188,357,368,795,877
479,337,197,143,109,157,434,324,816,877
418,278,254,174,116,180,384,407,801,877
541,428,145,104,86,124,361,334,821,878
460,272,310,240,170,229,432,372,850,878
221,171,113,80,67,97,375,33,654,878
377,273,225,168,117,162,503,324,794,878
650,425,233,203,137,169,412,348,807,878
498,334,217,171,125,162,401,336,798,878
711,475,243,181,126,176,418,482,749,878
288,199,181,128,95,138,373,324,815,878
583,374,312,227,156,224,430,600,821,878
592,371,263,196,137,189,420,513,800,879
726,472,435,275,181,306,425,573,781,879
340,301,103,66,58,92,356,188,686,879
600,414,178,133,94,134,381,329,820,879
397,289,166,107,75,121,366,309,777,879
351,225,221,155,115,166,461,362,811,880
586,352,244,199,134,172,394,533,817,880
476,301,185,130,93,137,371,508,820,880
395,269,188,148,116,148,387,323,812,880
435,258,311,225,134,197,440,548,831,880
195,183,138,91,88,132,372,4,522,880
663,414,124,91,58,85,373,571,856,880
391,268,208,127,87,154,361,298,788,880
488,349,250,190,152,205,493,340,814,880
675,399,400,286,174,260,458,619,860,881
616,438,229,159,119,177,379,318,818,881
491,276,238,188,118,160,440,400,808,881
405,265,201,154,101,133,413,343,812,881
434,257,226,164,112,168,476,330,786,881
632,399,243,196,138,181,405,292,797,882
387,301,251,168,123,195,376,297,824,882
537,284,381,289,171,242,489,670,830,882
497,279,316,231,148,217,417,646,847,882
648,382,354,241,141,219,464,639,845,882
691,437,250,188,132,182,419,501,787,882
463,264,276,201,118,182,467,616,837,882
534,367,279,225,168,214,395,529,793,882
445,307,189,156,110,139,394,329,807,883
333,242,163,107,80,125,354,322,810,883
445,249,330,262,163,213,367,527,797,883
268,188,196,137,97,144,387,469,808,883
708,443,252,197,143,195,432,459,800,883
566,433,198,157,116,154,435,308,803,883
555,329,381,263,165,255,519,579,812,883
228,151,229,150,106,168,362,299,825,883
443,300,275,193,144,214,407,395,812,883
567,345,261,198,135,185,411,308,794,884
498,278,299,214,133,201,444,647,804,884
494,417,114,84,75,101,331,340,794,884
566,381,199,159,122,157,476,331,810,884
571,296,377,275,157,237,466,605,846,884
422,296,200,163,116,146,376,329,806,884
673,427,374,298,202,265,540,602,818,885
378,235,293,197,132,206,483,541,793,885
481,373,150,120,96,124,376,326,806,885
402,326,142,106,90,121,361,273,787,885
494,336,226,156,104,162,374,281,788,885
556,417,245,188,152,203,493,335,788,885
572,369,274,206,139,198,412,510,747,885
471,259,327,245,149,211,427,582,789,886
466,281,270,196,134,192,486,396,794,887
294,194,282,194,128,194,564,419,1023,887
347,242,153,106,82,122,369,330,790,887
412,241,313,228,155,219,496,414,879,887
635,340,421,317,213,286,511,831,857,888
570,411,203,155,118,159,383,315,821,888
407,286,147,115,86,112,376,312,810,888
369,198,225,170,117,160,535,335,788,888
366,242,182,126,84,131,399,332,807,888
704,487,203,156,109,146,421,330,782,889
461,308,172,122,84,125,363,314,800,889
402,291,181,133,99,140,363,270,790,889
403,227,285,219,138,193,424,453,808,889
400,321,174,132,112,148,336,314,778,889
346,240,206,151,116,163,372,321,784,889
397,267,247,162,113,182,396,429,817,889
534,391,160,128,102,127,353,318,810,889
611,332,347,254,161,236,483,582,817,890
583,378,213,149,114,169,434,400,794,890
475,333,260,177,128,196,396,418,838,890
534,355,216,155,112,165,392,328,825,890
436,212,334,246,145,206,552,353,834,890
567,376,216,142,94,149,368,297,802,890
326,230,195,135,95,147,387,319,805,891
687,386,374,272,181,261,447,490,780,891
564,383,181,142,103,135,451,323,807,891
528,343,306,232,148,209,401,643,849,891
517,307,623,428,216,338,544,465,813,891
385,248,136,98,69,100,352,324,799,891
464,244,384,293,172,246,461,673,853,892
575,431,192,147,116,155,392,332,824,892
718,452,273,194,135,201,422,602,808,892
536,382,199,143,108,152,392,326,806,892
239,169,205,168,122,154,337,452,785,893
556,420,191,143,117,158,375,330,800,893
267,180,211,184,131,158,318,361,800,893
487,306,299,241,167,213,402,623,829,893
402,251,243,183,131,182,412,484,815,893
409,258,207,151,103,151,397,356,818,893
720,414,438,297,179,296,529,575,814,893
613,344,333,252,164,226,437,525,819,893
534,388,251,174,135,201,393,399,794,894
390,256,219,181,126,158,368,493,802,894
500,319,213,173,125,160,403,457,795,894
480,350,225,175,125,172,363,306,784,894
676,358,343,238,129,202,472,649,833,894
530,261,230,162,112,170,541,333,825,894
472,309,273,210,148,200,401,348,820,894
466,320,165,113,78,123,398,368,806,895
564,420,186,146,114,149,388,312,793,895
601,315,342,254,153,225,468,648,820,895
597,362,300,187,126,219,483,402,836,895
677,447,342,246,180,248,422,455,828,895
316,213,214,156,110,160,366,412,800,895
516,379,155,118,92,126,365,322,801,895
204,163,133,105,85,109,269,309,807,895
435,249,317,228,156,228,503,461,800,895
480,230,411,304,173,257,479,677,861,895
473,278,162,113,76,117,485,627,848,896
707,484,260,198,131,184,416,382,811,896
213,155,207,142,99,153,383,353,777,896
504,332,251,202,144,180,435,521,775,896
395,288,181,141,104,140,348,308,778,896
276,176,301,208,132,201,417,528,830,896
563,334,331,245,170,245,427,525,803,896
563,376,353,240,167,255,425,321,841,896
425,279,198,149,109,154,393,323,788,896
317,250,156,122,98,129,338,305,813,897
265,192,235,165,119,181,322,479,792,897
300,206,172,131,95,129,359,331,795,897
666,390,395,286,190,281,468,640,824,897
640,412,207,166,114,149,406,304,767,897
538,338,480,339,229,345,631,4,623,897
366,213,323,237,154,225,367,630,857,897
597,395,364,264,179,258,540,555,831,897
438,309,150,113,88,120,347,322,791,897
369,261,227,149,113,175,411,407,807,897
410,297,209,159,119,163,332,404,806,897
397,265,190,141,105,147,386,330,767,898
388,283,254,207,154,197,292,563,813,898
448,320,203,174,131,160,408,327,808,898
608,441,148,112,84,117,370,327,803,898
361,236,231,187,139,177,375,377,796,898
525,389,228,150,106,174,389,314,817,898
308,205,199,154,111,151,386,331,818,898
492,297,177,128,89,127,405,576,780,898
392,250,196,153,102,136,438,311,788,898
418,243,309,209,133,205,427,465,798,898
612,402,363,276,182,250,459,430,815,898
695,407,226,171,126,169,507,334,790,899
455,307,158,133,101,122,370,318,786,899
528,384,196,164,131,154,368,452,770,899
350,252,201,161,118,152,377,327,806,899
465,361,111,93,76,91,320,254,788,899
429,291,147,109,82,114,350,325,812,899
348,235,185,132,99,143,397,332,777,899
549,333,308,199,139,226,432,599,812,899
533,337,249,184,126,182,426,319,765,900
154,145,127,84,82,123,295,1,265,900
587,390,292,227,163,222,494,508,783,900
404,294,191,143,114,155,353,296,814,901
289,217,204,158,123,163,372,311,811,901
363,248,190,144,99,141,404,346,783,901
415,339,121,88,75,106,332,316,746,901
517,297,372,278,168,238,459,562,828,901
575,405,209,157,114,160,399,352,781,901
380,296,137,110,87,111,330,310,781,901
546,308,341,248,161,239,405,650,833,901
370,298,152,108,90,126,342,296,775,901
646,458,248,187,137,192,396,303,809,901
425,263,333,258,184,252,479,345,814,901
723,445,201,151,98,138,428,475,821,902
334,204,283,206,134,196,438,596,767,902
478,301,203,173,123,145,382,508,763,902
303,237,194,145,119,159,349,313,825,902
396,269,168,136,103,128,355,305,816,902
639,373,319,239,153,216,441,579,821,902
407,238,238,186,120,161,410,362,797,902
244,201,96,72,62,84,309,136,744,902
586,331,311,209,134,212,449,556,842,902
635,448,264,185,125,194,409,416,766,902
352,238,132,99,74,103,361,347,810,903
348,256,171,136,109,136,336,311,781,903
377,284,293,194,141,223,371,280,818,903
489,334,203,141,108,161,382,367,755,903
380,278,178,147,105,131,325,291,819,903
323,222,200,146,113,158,377,318,790,903
416,296,194,148,113,153,389,351,806,903
472,315,212,161,120,165,402,415,743,903
577,393,182,124,86,130,360,317,770,904
707,458,234,165,106,162,415,338,806,904
489,326,279,212,142,195,399,531,809,904
515,399,175,135,110,143,378,298,801,904
428,289,201,154,118,156,356,330,807,904
537,312,309,231,156,222,429,541,805,904
712,442,358,294,195,243,461,689,850,904
425,288,180,142,100,132,380,444,802,905
236,164,159,117,86,120,326,325,806,905
224,158,172,135,103,135,313,316,805,905
610,410,347,247,183,266,384,555,807,905
574,366,295,226,149,203,430,330,813,905
386,245,249,171,117,181,379,379,792,905
356,225,257,172,119,188,415,469,805,905
470,357,194,134,115,167,464,326,802,905
556,347,258,180,112,174,425,472,804,905
495,389,177,145,114,141,368,310,812,906
436,322,221,153,113,172,425,296,782,906
573,422,167,123,95,133,358,315,811,906
340,222,161,127,94,124,352,319,781,906
632,444,205,143,108,163,399,321,825,906
535,282,315,243,153,213,458,560,814,906
360,243,108,79,58,82,336,320,782,906
356,213,357,238,145,239,411,585,843,906
342,204,303,230,145,204,426,522,842,907
387,236,308,214,135,211,405,357,794,907
441,348,159,122,95,128,348,301,779,907
417,338,169,116,104,153,412,115,779,907
641,485,204,157,132,175,399,309,761,907
553,396,229,168,129,177,406,322,819,907
599,374,255,189,128,179,461,490,842,907
377,241,237,188,131,173,458,349,815,907
459,311,182,129,86,129,366,291,811,907
490,312,223,163,116,167,469,358,814,908
351,250,193,145,99,138,369,308,847,908
611,320,359,262,159,234,459,620,847,908
653,364,400,292,180,262,471,632,872,908
484,327,183,143,103,137,443,320,739,908
471,304,219,154,125,182,494,329,805,908
507,419,105,90,79,92,359,323,990,908
490,364,122,99,76,95,342,312,755,909
335,228,231,168,127,183,389,367,815,909
381,298,161,138,109,132,335,297,769,909
631,422,439,310,210,313,447,660,805,909
528,328,218,181,125,159,466,336,803,909
502,336,249,187,140,191,401,476,790,910
623,408,280,203,142,207,425,506,808,910
616,406,270,216,154,199,463,525,807,910
411,220,261,184,111,171,425,603,842,910
664,377,381,270,166,254,410,596,843,911
268,160,326,244,147,211,357,612,820,911
453,319,168,124,96,133,359,323,814,911
202,181,102,71,64,93,312,32,656,911
561,405,208,149,112,164,450,338,820,911
535,337,318,228,163,240,434,572,821,911
645,424,432,296,187,289,469,638,839,911
651,367,368,257,163,237,433,599,831,911
226,170,145,126,103,118,344,181,752,912
582,396,267,192,143,211,415,382,781,912
448,252,171,94,162,218,537,154,697,912
474,264,340,245,155,227,441,581,823,912
456,336,199,157,123,161,352,415,796,912
354,262,150,105,81,120,317,294,798,912
492,269,330,223,134,214,450,590,838,912
654,452,229,170,123,174,373,326,796,912
718,420,334,260,161,223,463,619,845,912
273,229,195,141,115,159,295,282,804,912
446,266,291,226,152,207,413,587,829,912
656,464,225,158,114,169,397,316,828,913
589,388,245,173,125,183,396,292,805,913
463,343,196,125,92,153,376,336,822,913
346,250,169,134,102,129,375,327,761,913
603,321,346,257,136,200,450,627,856,913
311,219,205,161,120,158,398,311,792,913
570,436,124,84,69,103,358,272,738,913
291,174,212,149,99,145,493,324,826,913
563,312,253,220,138,171,665,0,114,913
396,276,276,214,160,211,405,296,798,913
218,201,94,62,56,84,328,1,197,913
341,203,300,219,133,193,371,564,843,913
384,229,310,223,142,215,421,404,836,913
335,246,165,123,95,130,335,307,808,914
598,402,206,141,98,151,402,326,785,914
371,268,298,228,164,220,337,623,793,914
453,341,107,92,73,86,345,327,791,914
523,370,240,161,119,186,384,423,802,914
392,260,223,153,106,164,381,311,803,914
371,231,268,177,110,179,391,465,807,914
340,234,350,239,163,256,425,639,854,914
589,317,393,262,156,256,462,536,819,915
310,214,267,181,131,205,392,390,799,915
353,280,260,187,149,209,460,331,812,915
657,431,285,202,132,203,418,323,830,915
349,236,160,115,91,129,443,225,776,915
488,388,173,117,91,139,342,322,762,915
543,386,183,141,107,142,385,326,796,915
583,391,179,119,88,136,465,319,803,915
450,329,162,128,101,130,371,313,790,916
245,187,167,128,96,125,298,378,816,916
610,419,252,188,136,188,417,424,795,916
376,295,127,102,83,100,355,112,686,916
408,254,326,220,140,229,439,478,808,916
481,319,275,227,165,209,426,366,784,916
641,422,245,182,132,182,421,459,822,916
693,461,236,192,140,176,412,513,816,916
494,365,211,172,136,171,392,318,825,916
279,198,328,229,159,243,433,499,755,916
338,186,442,323,173,258,468,592,865,916
476,269,321,237,149,218,401,647,850,917
367,241,215,172,130,170,459,314,808,917
602,439,199,148,114,159,408,344,825,917
546,279,351,268,149,217,431,547,825,917
485,240,369,269,165,237,467,660,866,917
497,368,140,107,85,114,341,306,799,917
570,362,181,131,85,128,415,352,820,917
474,341,189,135,106,150,398,332,800,917
558,347,199,157,103,138,408,328,808,918
524,361,116,88,65,90,337,317,796,918
608,426,212,156,120,166,398,334,806,918
540,352,243,183,135,189,400,389,809,918
481,342,184,133,101,143,395,349,834,918
617,426,182,143,99,130,375,324,821,918
671,381,432,280,184,300,443,630,824,919
233,185,228,154,117,180,341,278,776,919
467,310,133,98,72,102,375,591,821,919
460,294,197,167,118,141,377,306,767,919
541,354,358,272,171,241,390,620,829,919
467,299,326,257,176,225,376,620,802,920
656,402,338,265,165,227,424,627,817,920
372,231,255,171,110,180,410,493,803,920
455,369,118,91,80,104,349,322,778,920
603,401,276,196,137,201,407,321,777,920
592,402,256,202,150,193,399,516,776,920
672,396,308,234,162,221,434,630,798,920
361,208,191,143,92,133,415,375,817,920
470,303,276,217,157,206,409,389,820,920
255,235,122,99,95,116,336,34,555,920
563,387,174,133,99,136,381,308,803,921
558,287,298,225,116,167,434,672,849,921
727,447,342,227,139,225,434,573,838,921
733,460,299,220,153,216,445,615,824,921
525,329,349,242,162,248,505,576,818,921
491,367,192,142,110,157,382,319,790,922
718,444,342,247,160,240,433,552,777,922
484,331,176,124,94,137,391,316,808,922
589,454,142,95,79,120,377,335,788,922
276,198,111,85,67,89,329,315,803,922
422,312,187,138,99,141,352,302,775,922
280,225,165,122,93,130,355,348,816,922
576,334,360,259,187,274,522,631,836,922
596,408,293,219,162,226,511,528,803,923
217,157,177,149,108,129,348,314,789,923
630,432,184,133,97,139,400,322,806,923
683,469,401,310,240,309,552,620,812,923
467,274,314,232,148,211,435,625,861,923
549,313,358,240,128,202,464,626,859,923
562,346,368,260,165,251,438,624,866,923
454,274,329,251,160,226,358,553,814,923
372,260,209,152,106,152,379,392,808,924
370,251,120,82,61,93,398,327,845,924
382,288,198,145,109,152,325,295,803,924
622,402,216,166,108,141,478,317,819,924
690,434,233,165,111,166,430,388,800,924
212,157,165,121,90,128,332,329,806,924
390,292,140,95,79,117,338,321,801,924
532,309,304,232,159,216,430,581,801,924
432,285,182,133,100,142,368,366,808,924
351,286,122,81,71,107,381,219,764,925
441,289,212,161,116,162,387,408,804,925
519,337,278,223,159,209,384,433,797,925
343,200,255,202,131,173,408,299,787,925
656,370,435,342,265,332,502,757,878,926
618,460,184,160,121,146,357,313,772,926
391,280,182,141,109,144,381,330,757,926
630,464,261,201,155,207,388,325,780,926
473,358,142,105,87,120,372,326,790,926
267,214,158,111,86,126,352,307,794,926
366,275,246,190,153,202,343,293,783,926
337,265,143,102,81,117,343,322,793,926
387,253,189,127,85,132,436,317,815,927
576,403,255,162,115,189,414,374,803,927
453,293,197,153,108,145,400,446,796,927
259,193,293,202,144,217,391,525,811,927
470,304,278,214,150,200,433,622,1008,927
345,227,220,164,110,154,322,518,814,928
502,253,380,260,155,245,460,679,866,928
672,452,227,173,117,165,384,318,796,928
461,359,156,131,110,133,373,304,817,928
443,303,175,130,96,134,384,321,809,928
407,251,349,261,172,248,445,591,815,928
475,339,204,158,114,157,396,320,766,928
611,356,448,312,191,301,460,533,796,928
367,287,172,121,95,142,365,181,724,928
644,403,242,166,68,107,421,474,802,928
317,242,156,122,94,124,333,316,738,928
706,382,339,262,143,202,474,737,840,929
274,211,133,114,91,106,318,300,806,929
405,265,216,154,107,159,374,288,781,929
628,346,232,191,125,164,474,473,821,929
595,436,116,95,76,93,329,306,772,929
633,421,258,186,126,188,406,464,805,930
426,259,438,308,187,293,513,625,838,930
555,349,351,249,165,246,397,530,782,930
694,452,377,253,166,263,523,613,818,930
607,365,283,204,127,185,450,128,719,930
260,183,122,102,81,99,319,326,799,930
322,229,151,121,95,121,346,322,808,930
636,401,233,158,103,160,398,325,823,930
551,391,200,151,116,164,374,306,787,930
289,210,186,131,103,146,351,323,770,930
438,256,236,187,132,169,411,328,806,931
453,347,181,131,102,145,362,322,807,931
687,433,428,299,203,305,454,630,851,931
676,395,299,225,145,206,438,607,833,931
591,406,226,164,113,165,400,335,804,931
524,287,389,289,185,272,481,605,850,931
291,255,193,155,135,170,368,2,192,931
604,416,258,182,137,201,415,403,834,931
617,409,273,207,144,201,501,312,819,931
649,436,332,286,211,252,436,657,838,932
360,237,148,118,83,106,424,318,761,932
657,398,298,222,158,221,425,546,819,932
502,357,162,117,88,132,361,308,801,932
690,480,302,229,165,227,401,450,792,932
336,207,246,186,129,181,387,400,796,932
711,459,292,241,182,226,494,469,813,932
474,308,212,160,109,151,408,350,819,932
268,222,102,78,66,86,335,194,789,933
324,223,187,143,105,142,381,333,804,933
257,184,254,177,132,200,415,330,834,933
379,244,229,179,122,169,397,352,820,933
656,347,300,226,130,183,428,456,825,933
725,467,306,203,138,217,428,463,779,933
529,310,351,270,174,240,432,624,812,933
367,243,237,174,128,180,405,486,813,933
219,171,159,117,95,131,301,235,791,933
673,473,241,190,141,185,412,313,809,934
270,192,215,163,107,150,370,315,798,934
392,305,148,114,97,126,350,326,822,934
332,221,215,185,140,159,370,366,793,934
438,255,267,181,125,199,400,498,824,934
472,276,274,201,138,197,402,587,834,934
389,283,225,170,125,171,430,382,817,934
248,163,151,114,81,115,327,321,807,934
389,242,225,170,132,180,467,399,798,934
326,224,280,203,142,208,379,479,821,934
360,236,186,131,94,141,375,368,812,934
357,238,178,129,84,125,384,491,776,934
379,274,175,123,93,136,371,344,775,935
614,438,248,176,131,194,410,318,809,935
395,252,278,189,131,199,419,515,766,935
512,305,359,240,149,237,443,639,848,935
512,331,240,165,111,168,475,486,824,935
478,281,366,252,176,272,413,650,846,935
547,342,387,299,203,272,524,608,845,935
604,403,250,201,146,187,413,320,775,936
558,379,225,168,124,172,410,453,769,936
352,262,162,122,94,126,366,309,815,936
454,297,245,196,142,184,445,304,798,936
405,294,177,141,105,138,340,300,786,936
435,258,308,230,146,210,441,605,817,936
482,329,296,215,151,223,471,641,859,937
596,430,228,176,131,175,391,323,764,937
340,210,335,229,134,220,449,652,821,937
433,242,282,207,141,202,479,415,831,937
609,421,300,217,150,216,397,414,837,938
610,409,250,207,167,205,502,409,800,938
418,226,310,228,142,204,418,559,815,938
461,310,182,141,97,132,376,337,819,938
433,214,424,312,182,271,523,659,861,938
443,306,235,171,133,184,388,444,772,938
441,259,316,229,141,210,377,500,799,938
397,269,206,158,110,152,380,297,802,938
599,421,353,245,177,267,588,5,613,939
607,441,183,131,106,150,390,329,812,939
458,339,205,154,114,157,367,311,807,939
313,209,215,153,110,161,396,345,792,939
351,232,304,225,160,228,393,273,815,939
537,337,311,231,158,222,421,482,778,939
565,299,324,262,164,221,437,650,842,939
536,303,301,223,133,193,423,587,830,939
732,451,386,282,197,280,432,597,804,939
197,152,154,120,93,124,319,319,806,939
335,271,160,112,90,129,361,327,796,939
281,247,104,72,65,93,410,4,521,939
530,363,160,127,89,118,381,331,808,940
368,218,287,192,132,207,464,353,801,940
359,256,156,120,89,120,360,314,810,940
308,219,186,144,104,143,371,384,793,940
348,261,157,106,86,129,403,108,719,940
366,242,340,231,163,251,388,419,808,940
308,192,278,229,148,192,339,469,800,941
455,286,218,144,104,162,437,496,809,941
543,387,255,201,157,205,499,358,806,941
500,367,117,88,66,90,316,667,765,941
647,432,207,175,137,163,492,324,816,941
606,322,345,248,170,249,535,617,778,941
671,425,207,157,101,141,516,644,815,941
417,331,162,138,117,137,409,321,759,941
407,291,161,119,94,132,374,312,798,941
546,378,199,141,103,155,381,324,794,941
446,313,191,134,99,148,388,328,824,942
647,424,231,188,138,174,415,556,800,942
502,351,182,138,100,139,363,327,821,942
619,434,236,181,139,187,423,312,801,942
410,287,233,149,106,175,404,361,820,942
608,445,187,157,116,141,384,331,819,943
308,208,216,161,115,157,369,382,804,943
453,291,353,234,159,250,430,618,849,943
243,167,244,198,137,178,317,434,766,943
212,158,206,146,117,167,342,317,783,943
334,233,198,151,109,152,378,321,793,943
414,277,251,199,146,187,400,463,802,943
358,203,262,200,134,184,406,442,798,943
502,338,219,174,121,160,411,324,769,944
706,431,273,206,149,206,429,374,807,944
324,233,173,134,102,137,366,311,771,944
353,257,184,133,103,146,356,318,802,944
457,297,209,169,119,152,391,451,803,944
349,232,161,120,87,120,377,317,814,944
587,393,272,205,135,189,385,543,800,944
343,229,186,143,102,138,458,340,818,944
513,323,244,189,139,182,403,496,804,945
570,347,430,268,179,312,445,460,827,945
342,240,324,229,160,237,445,637,826,945
426,289,225,181,130,167,367,436,818,945
492,380,157,124,105,134,357,316,768,946
318,211,244,176,125,176,277,599,815,946
726,420,527,450,254,318,473,811,842,946
478,330,193,147,104,143,360,304,783,946
640,441,296,236,177,225,411,319,813,946
496,316,116,93,66,87,381,659,772,946
706,446,240,185,125,174,390,505,792,946
505,328,431,288,213,334,487,638,871,946
586,359,451,354,244,320,509,669,860,946
311,238,183,152,111,140,304,276,805,946
549,416,174,134,103,139,389,337,811,946
252,171,222,163,111,159,302,406,794,946
499,362,268,200,160,224,464,318,775,946
458,312,205,148,108,156,391,333,816,946
434,295,238,184,123,172,394,558,1001,946
431,324,203,151,117,159,391,232,766,947
425,286,223,161,110,160,363,384,803,947
471,284,294,214,136,201,432,345,825,947
464,285,286,212,132,194,436,508,820,947
375,291,177,135,117,152,381,330,776,947
385,243,273,191,131,201,473,359,823,947
665,439,210,164,118,158,401,332,796,947
544,290,359,259,164,244,453,662,858,947
611,440,235,182,137,178,386,310,827,947
597,361,209,163,101,139,407,334,800,947
660,371,348,254,165,238,447,599,815,948
490,258,302,219,126,191,435,487,806,948
296,202,139,108,80,107,346,322,818,948
558,347,193,137,91,135,438,647,832,948
430,316,255,194,140,190,385,298,822,948
355,246,208,134,98,162,376,329,812,948
573,387,228,175,126,169,398,318,789,949
529,322,234,172,124,173,543,334,793,949
696,444,271,208,139,194,425,435,788,949
492,339,193,152,113,149,360,302,755,949
544,352,190,134,89,135,398,339,822,949
567,306,321,232,139,205,439,574,804,949
461,279,243,197,127,165,371,525,820,949
466,287,216,170,115,153,391,478,792,949
400,281,223,169,130,174,392,301,802,949
630,437,171,136,103,131,395,331,817,949
471,290,361,244,168,267,428,602,861,949
245,209,146,113,96,125,344,1,212,950
403,272,266,185,132,200,382,409,821,950
477,333,225,171,126,173,429,322,791,950
421,311,144,101,81,117,364,336,797,950
529,360,201,154,106,145,386,316,838,950
343,249,200,144,104,151,364,318,814,951
321,206,263,176,116,189,419,447,826,951
436,316,174,122,95,138,369,328,795,951
505,310,236,194,128,164,417,565,811,951
409,265,246,186,130,178,393,290,801,951
290,230,126,95,79,106,319,308,771,951
493,338,200,156,100,136,513,460,809,951
357,252,173,129,95,130,376,312,823,951
696,453,264,193,119,175,384,585,819,951
659,402,246,158,107,173,411,455,755,951
304,249,99,68,58,88,328,167,737,951
509,316,381,300,191,264,452,712,850,951
567,407,146,117,93,119,381,338,770,951
577,374,253,184,138,194,481,441,815,952
549,409,153,122,97,124,351,319,815,952
172,155,187,127,107,164,524,3,511,952
644,417,167,136,82,108,422,1,192,952
451,325,216,161,125,171,362,310,771,952
414,257,198,144,97,141,405,374,791,952
344,231,185,136,103,142,379,330,814,952
342,213,223,161,108,162,420,412,807,952
673,443,242,177,125,180,415,337,790,952
606,317,204,145,73,113,381,1011,857,953
428,338,133,105,81,108,342,320,800,953
316,251,175,117,92,144,572,2,568,953
612,447,200,161,123,161,384,323,786,953
394,262,123,72,46,86,347,309,795,954
703,446,271,200,146,207,428,585,787,954
659,458,247,180,130,189,408,439,754,954
548,375,219,158,121,172,402,339,782,954
524,315,278,181,119,194,424,370,800,954
515,371,197,142,108,156,396,429,805,954
373,283,176,120,93,141,356,412,803,954
371,267,187,145,118,157,380,312,800,954
432,231,334,224,141,227,426,577,796,955
284,213,176,130,100,139,377,319,803,955
644,378,336,235,151,224,418,542,830,955
560,349,360,265,182,251,555,499,818,955
413,238,331,249,159,222,450,613,836,955
230,174,174,139,109,139,326,304,804,955
428,290,153,112,82,118,388,320,777,956
488,314,255,181,125,190,402,445,793,956
601,390,228,174,112,158,404,315,817,956
339,265,141,101,80,116,290,294,807,956
644,426,214,166,114,156,369,301,812,956
607,363,536,385,240,358,495,856,857,956
406,284,226,180,137,177,383,305,814,957
406,240,321,246,160,219,517,375,824,957
681,475,244,197,143,188,401,427,785,957
708,460,259,182,130,194,420,538,754,957
452,334,223,169,131,180,379,294,817,957
618,420,256,171,132,203,443,316,831,957
680,437,183,158,104,125,384,310,799,958
546,264,341,258,174,234,519,507,799,958
570,355,371,289,175,244,421,533,838,958
559,395,253,182,143,197,458,339,796,958
625,320,337,267,166,219,456,657,822,958
324,253,154,117,96,131,346,327,813,958
530,390,189,156,130,157,471,327,763,958
631,430,182,137,105,142,399,374,775,958
679,429,320,237,158,228,424,650,804,958
423,303,189,150,109,142,376,328,787,958
341,253,202,149,114,161,400,303,795,958
363,219,239,178,120,171,404,320,808,958
532,353,201,149,103,146,408,511,810,959
509,345,211,146,109,162,394,471,808,959
606,413,398,313,201,269,442,519,776,959
665,488,138,99,79,112,381,341,789,959
345,266,194,153,117,153,347,316,808,960
639,412,340,233,156,238,401,432,806,960
310,190,172,130,93,129,432,319,795,960
435,292,202,175,126,151,391,370,814,960
359,275,214,174,139,171,363,311,782,960
501,375,105,78,62,85,344,334,789,960
570,444,122,85,68,101,337,328,816,960
613,422,201,165,122,153,380,331,782,960
368,271,289,213,167,231,490,79,700,960
308,222,229,158,123,185,343,313,812,960
274,155,210,169,107,141,480,319,811,960
537,374,167,144,107,125,385,306,790,960
535,375,230,178,140,186,391,309,783,961
327,215,141,108,77,106,364,329,786,961
374,276,185,146,105,137,330,298,830,961
430,253,170,132,86,115,390,335,799,961
298,218,151,119,94,122,326,307,786,961
595,422,219,148,108,167,418,303,807,961
626,329,329,237,135,205,473,663,816,961
328,192,254,193,138,181,525,332,802,961
661,357,492,360,221,326,489,658,848,961
352,251,186,129,98,147,346,317,793,961
292,191,297,221,145,206,421,514,824,962
355,193,190,124,72,116,614,1,122,962
399,282,174,143,108,138,354,319,814,962
576,387,111,78,57,85,381,343,771,962
517,308,214,151,117,170,487,328,790,962
345,199,240,174,118,166,417,350,820,962
539,317,310,232,157,221,413,564,779,962
469,302,220,163,116,161,398,379,812,962
583,298,324,243,141,202,446,592,818,962
495,273,306,230,141,199,511,477,824,962
496,231,453,372,187,249,675,0,130,962
428,303,178,135,110,147,466,334,764,962
268,187,155,127,96,121,342,318,774,962
615,363,353,257,172,251,460,650,837,962
677,359,311,225,148,212,560,358,820,962
610,393,252,202,143,184,412,513,791,963
663,402,284,226,154,203,425,586,803,963
442,298,176,137,100,135,454,318,788,963
195,146,224,139,106,178,374,307,797,963
317,258,151,98,83,130,319,308,750,963
541,390,301,210,152,219,360,511,795,963
661,399,270,187,122,187,428,405,808,963
519,390,185,131,107,153,390,352,789,963
222,181,99,65,56,86,339,75,722,963
470,371,211,137,108,172,371,322,778,964
594,393,177,147,104,130,390,317,814,964
348,276,227,175,145,191,391,345,775,964
427,301,196,149,109,149,387,365,783,964
403,249,220,160,107,154,377,345,824,964
618,480,158,106,88,133,415,271,682,964
563,362,309,233,171,233,416,586,832,965
348,257,159,121,94,126,340,293,791,965
190,149,259,194,149,200,361,291,810,965
485,378,286,202,161,231,504,558,791,965
633,391,268,217,145,193,428,550,825,965
429,302,183,132,101,145,402,314,796,965
426,266,179,131,94,132,365,316,801,965
365,254,414,338,249,299,412,655,849,965
493,360,190,159,125,148,391,319,795,965
325,191,230,180,122,166,392,353,811,965
503,322,267,193,129,189,425,377,823,965
544,269,343,247,145,208,553,373,828,966
375,273,117,91,72,94,336,327,750,966
567,383,255,198,139,194,389,457,801,966
433,298,241,189,139,190,386,307,829,966
260,176,240,173,121,173,381,438,804,966
283,179,177,121,83,127,448,313,741,966
692,465,254,188,133,189,410,474,802,966
721,450,256,177,121,186,431,415,793,966
347,238,222,174,122,162,387,350,824,966
171,128,220,161,114,162,316,462,797,966
254,185,196,153,117,155,364,333,810,967
662,438,139,122,86,102,385,469,831,967
579,418,177,136,103,137,389,322,804,967
641,429,196,134,92,145,401,377,793,967
674,429,326,255,164,228,438,627,832,967
289,193,186,136,104,145,352,314,819,967
329,242,209,151,113,156,319,404,778,967
211,152,200,135,92,147,384,361,817,967
706,395,404,337,202,258,514,527,835,967
230,216,113,89,87,107,302,63,630,967
389,268,207,146,103,154,396,444,802,968
577,421,216,175,141,178,412,416,811,968
264,173,179,124,86,132,376,332,798,968
380,211,278,212,133,190,347,641,853,968
538,315,164,145,71,85,633,0,154,968
375,260,291,248,189,231,402,361,788,968
512,335,161,132,94,119,384,316,814,968
696,448,241,187,124,172,415,310,796,968
533,428,206,160,140,178,395,486,795,968
613,341,292,198,123,195,529,429,793,968
616,399,288,212,138,202,380,541,819,968
432,285,129,84,58,95,406,399,797,969
636,346,316,247,149,207,420,638,831,969
281,177,239,170,110,162,356,509,791,969
455,276,304,234,158,219,439,601,810,969
301,193,225,169,119,162,326,455,828,969
279,186,358,270,181,257,349,588,840,970
614,453,219,144,103,168,470,346,815,970
545,390,158,111,83,121,401,340,795,970
454,243,293,221,137,190,454,532,926,970
431,244,325,247,149,217,401,613,846,970
501,402,278,192,167,238,416,223,749,970
301,217,128,88,66,101,339,298,774,970
542,317,391,287,169,242,397,633,856,970
706,425,252,175,107,166,424,445,812,970
490,339,212,141,97,151,402,324,822,971
445,276,248,166,108,168,483,323,789,971
643,411,291,218,146,206,407,480,816,971
709,477,225,185,134,166,414,323,810,971
236,185,150,106,82,120,328,297,783,971
446,286,258,199,138,186,419,465,800,971
623,431,181,140,104,139,390,329,788,971
473,341,175,126,100,142,364,303,571,971
636,431,184,141,97,135,400,324,815,971
440,264,238,168,112,171,419,474,826,971
414,316,182,146,113,144,342,262,793,971
272,212,162,133,97,123,324,313,771,971
314,229,160,113,89,133,360,324,806,972
454,342,227,184,137,176,413,169,764,972
554,352,274,220,151,200,414,615,815,972
628,437,280,202,141,211,433,388,805,972
352,230,167,122,79,117,386,315,776,972
243,176,237,165,117,171,368,309,820,972
430,348,146,106,85,120,390,1,203,972
225,169,196,136,96,151,381,292,819,972
524,297,332,256,157,223,455,653,847,972
363,238,222,159,112,163,389,362,840,972
670,490,272,206,145,202,403,386,805,972
407,281,277,187,131,206,509,332,822,973
349,234,366,263,182,264,523,6,600,973
397,290,166,123,93,125,366,327,777,973
575,390,263,172,118,191,395,442,827,973
503,258,410,299,177,266,447,637,849,973
700,441,286,214,145,201,428,461,815,973
338,192,123,117,72,82,560,1,169,973
613,339,403,306,194,270,460,832,823,973
490,364,198,162,119,150,399,322,811,973
357,179,369,273,124,192,436,701,860,974
693,484,262,195,148,204,425,449,803,974
457,272,234,189,132,168,395,343,827,974
545,400,196,156,127,159,393,374,821,974
555,314,303,200,119,202,426,613,813,974
477,321,211,154,110,158,394,310,818,974
469,306,210,167,113,150,398,406,815,974
611,328,388,292,173,252,456,634,838,974
206,159,158,129,96,124,330,338,779,974
494,292,147,122,88,112,595,0,173,974
526,278,376,258,154,247,460,651,796,974
660,431,347,252,171,254,421,641,814,975
496,338,194,130,88,143,400,327,792,975
551,328,298,208,130,201,421,611,844,975
399,299,208,150,108,156,493,318,800,975
394,306,168,135,108,134,336,311,806,975
465,309,216,160,113,159,402,446,825,975
692,445,321,229,158,231,416,614,816,975
487,355,210,176,143,174,397,399,776,975
508,348,190,149,105,140,456,321,801,975
576,396,173,133,108,142,429,319,812,976
436,260,273,214,145,192,435,519,750,976
378,259,156,113,81,121,371,326,766,976
428,296,174,127,101,140,368,315,802,976
593,405,261,194,138,195,416,334,816,976
696,425,274,224,155,196,435,517,838,976
427,266,204,145,104,154,410,485,779,976
447,266,200,144,89,132,408,322,822,976
323,212,195,143,96,141,387,328,779,977
445,360,141,107,87,117,331,314,797,977
634,397,332,272,150,196,442,518,831,977
572,380,231,185,127,163,380,451,776,978
291,223,161,124,99,131,322,295,789,978
387,243,210,143,96,155,403,431,806,978
412,326,159,116,95,134,358,323,814,978
443,296,133,102,69,98,351,641,851,978
568,396,176,125,88,129,382,323,792,978
288,176,205,167,112,148,365,450,775,979
708,437,310,243,154,214,447,581,811,979
293,184,245,182,114,160,357,556,795,979
472,282,286,219,142,200,399,590,818,979
491,332,260,205,144,189,394,567,794,979
445,331,152,110,82,115,355,301,776,979
588,329,286,217,124,175,423,620,858,979
444,333,136,97,71,104,355,325,827,979
697,382,503,368,228,332,483,629,872,979
283,200,174,142,106,134,410,321,813,980
526,372,189,152,108,139,359,420,784,980
366,272,158,133,104,123,333,311,809,980
510,315,361,266,176,253,409,549,818,980
355,228,273,187,121,189,391,482,838,980
441,248,206,152,97,147,436,627,527,980
371,291,170,109,83,139,326,297,801,980
520,264,290,222,134,193,460,552,799,980
387,238,267,178,108,183,420,425,803,980
567,400,250,203,153,191,405,326,821,980
193,150,204,157,129,168,338,295,780,980
506,383,148,118,95,124,351,318,805,980
250,181,249,196,144,190,328,304,837,980
327,265,102,82,69,87,373,211,733,980
556,393,185,142,102,142,380,346,807,981
494,282,341,238,158,242,425,623,829,981
636,433,207,166,121,160,420,354,812,981
550,299,256,185,105,153,541,325,784,981
684,440,276,222,151,192,428,534,802,981
494,312,231,167,114,172,412,315,788,981
442,224,287,201,112,177,445,629,823,981
549,390,207,140,108,168,396,335,802,981
233,147,249,175,115,170,357,261,821,981
354,236,184,126,95,144,437,315,796,981
328,236,164,126,99,131,339,311,824,982
656,407,187,153,99,127,395,336,831,982
285,220,138,122,98,113,298,301,811,982
596,425,270,192,151,221,422,339,792,982
301,184,178,119,78,125,405,351,800,982
649,416,219,161,107,157,414,332,821,982
534,368,209,158,115,155,397,308,784,983
474,353,198,159,119,151,372,306,796,983
449,284,311,226,151,220,412,579,841,983
453,265,234,178,118,166,384,548,805,983
655,403,249,183,139,196,456,476,807,983
511,329,172,129,85,120,387,328,820,984
658,447,331,259,182,241,444,464,786,984
445,366,105,78,69,95,389,78,703,984
554,360,231,164,113,167,364,405,818,984
619,337,315,239,149,202,432,450,794,984
636,441,225,190,138,167,422,324,760,984
702,422,333,218,135,224,442,513,837,984
464,342,349,231,184,282,477,379,795,984
574,322,551,385,198,302,421,935,842,984
492,336,189,131,97,147,394,361,786,985
323,287,121,102,101,120,363,1,199,985
565,362,323,265,201,247,418,618,807,985
403,265,324,230,141,216,406,417,826,985
273,178,202,152,109,148,372,320,823,985
204,173,105,70,64,98,311,84,731,985
715,426,304,218,145,214,436,641,769,985
513,309,284,201,124,194,417,552,820,985
498,382,164,128,103,135,357,277,794,986
344,211,233,188,127,163,376,306,805,986
548,361,212,148,103,152,419,369,818,986
357,261,170,128,102,138,352,333,802,986
448,315,211,140,100,160,374,321,806,986
535,321,184,144,90,124,395,308,792,986
484,358,217,147,116,178,360,313,830,986
638,443,278,210,152,213,438,473,823,986
726,449,282,242,163,195,500,499,823,987
722,447,294,220,150,211,451,458,798,987
472,285,228,170,105,150,404,309,822,987
377,242,177,128,90,133,389,332,811,987
592,427,347,250,188,263,472,161,759,987
615,433,244,205,156,190,408,321,798,987
496,248,313,219,124,194,440,577,796,987
696,379,323,246,134,192,504,580,806,987
465,314,229,169,123,172,420,511,793,987
258,179,228,170,126,175,336,496,807,987
367,263,220,167,126,170,365,306,806,988
583,360,174,135,88,122,398,334,768,988
598,344,281,204,127,184,436,476,838,988
583,406,305,214,160,236,456,463,792,988
531,398,189,140,110,152,404,322,817,988
408,272,220,164,117,166,398,362,784,988
440,268,265,196,135,189,421,557,816,989
580,361,422,341,218,286,438,627,857,989
380,279,204,149,112,155,386,341,816,989
424,285,223,164,124,177,390,315,793,989
656,349,381,297,181,254,458,655,817,989
636,437,206,147,104,151,403,339,788,989
395,236,278,196,131,196,434,411,824,989
411,303,193,137,105,151,375,313,808,990
566,345,293,220,140,202,445,641,832,990
616,397,229,166,117,164,396,434,780,990
251,199,162,131,107,132,307,279,820,990
270,247,122,98,89,110,297,306,799,990
508,385,221,163,118,167,393,295,804,990
416,274,223,165,118,164,389,541,811,990
533,361,311,218,156,233,416,435,818,990
559,417,200,149,124,166,382,324,780,990
378,254,192,139,101,142,375,281,776,990
436,338,173,130,99,134,376,321,809,990
640,401,253,169,113,185,428,552,791,990
516,298,247,194,127,171,464,335,804,990
648,391,267,202,129,188,434,464,821,990
503,304,294,241,155,199,428,516,821,991
632,349,458,312,184,294,467,618,868,991
329,224,213,173,135,167,385,331,791,991
372,320,163,129,116,147,410,1,205,991
563,408,202,129,96,158,388,319,797,991
619,318,409,314,204,276,475,621,856,991
633,445,170,140,104,130,398,326,798,991
338,263,178,141,117,149,350,320,775,991
725,463,255,174,115,177,420,382,828,992
578,322,287,208,124,185,424,531,818,992
562,368,212,168,117,151,401,323,804,992
403,250,208,156,111,155,389,399,793,992
491,323,258,207,133,179,369,551,794,992
661,446,215,157,117,166,396,467,759,992
597,436,157,123,92,119,363,310,798,992
212,160,167,127,98,132,335,320,794,992
411,263,182,130,92,136,395,327,777,993
270,198,164,143,109,126,360,318,799,993
734,433,235,179,127,174,512,345,829,993
321,192,254,203,128,169,350,653,825,993
257,166,168,136,89,119,355,318,815,993
536,362,320,212,161,250,496,512,816,993
666,385,358,288,183,242,430,581,825,993
497,358,163,117,89,128,364,332,817,994
624,425,243,185,137,187,412,321,801,994
483,348,200,144,111,159,368,311,804,994
409,267,314,230,148,214,398,503,808,994
682,450,234,185,141,180,470,419,789,994
560,365,273,216,154,201,417,476,786,994
706,458,295,213,151,222,415,440,818,994
681,404,333,284,194,236,439,370,815,994
656,477,239,186,148,192,397,501,793,994
489,384,167,132,107,140,350,307,783,994
657,435,306,226,138,200,409,638,843,995
326,233,178,129,102,143,352,321,810,995
562,429,156,124,99,126,387,314,802,995
455,336,173,125,93,132,371,370,757,995
579,342,320,258,174,220,559,483,808,995
544,313,325,229,153,228,489,644,834,995
475,294,328,248,156,220,457,620,816,995
537,325,129,101,123,156,481,171,687,995
297,189,281,200,129,193,311,599,800,995
450,256,310,228,145,212,444,651,832,995
408,254,242,178,117,171,419,558,780,996
581,381,238,189,143,187,427,374,755,996
585,361,136,111,78,96,373,622,820,996
422,236,279,213,138,196,429,657,851,996
679,455,180,134,95,131,389,313,812,996
632,433,273,200,138,202,431,526,949,996
464,262,280,228,154,195,415,646,783,996
295,218,284,213,163,227,395,326,805,996
199,168,117,96,85,104,333,1,210,997
238,165,170,128,87,122,350,308,823,997
629,427,208,162,119,159,414,341,812,997
633,328,380,310,181,243,458,660,830,997
463,302,202,150,112,158,384,319,773,997
497,327,159,114,83,120,358,318,824,997
498,399,163,115,96,141,336,312,803,997
590,311,353,260,161,234,455,642,853,997
640,369,251,198,136,181,425,325,776,997
481,285,238,186,122,163,423,437,849,997
464,288,177,131,93,128,411,331,777,997
510,291,221,169,124,166,478,370,812,997
409,299,129,92,72,105,349,320,786,998
411,227,251,166,110,173,414,478,785,998
324,249,194,133,104,155,350,340,771,998
681,402,332,224,132,217,427,555,806,998
525,409,276,190,142,213,379,294,820,998
451,336,273,204,156,216,454,332,786,998
385,263,136,102,73,105,363,330,814,998
652,444,271,198,140,202,432,331,803,998
456,370,190,128,100,154,347,309,781,998
379,318,106,81,71,94,354,51,706,998
623,414,248,177,125,184,382,439,828,998
662,401,247,177,121,177,418,605,844,999
365,242,226,168,126,175,412,376,800,999
341,229,160,133,99,123,348,320,798,999
553,333,339,255,172,246,441,531,826,1000
406,313,263,201,157,207,465,303,796,1000
351,244,156,110,82,120,358,327,798,1000
279,181,314,224,159,230,359,412,781,1000
525,322,281,214,142,196,433,602,842,1000
483,258,344,245,149,230,457,585,835,1001
428,256,229,182,117,156,488,309,796,1001
438,302,162,130,93,120,370,319,766,1001
315,245,110,87,71,90,324,326,781,1001
465,331,143,104,81,113,356,328,768,1001
639,359,451,379,242,315,459,651,822,1002
502,363,262,209,160,206,415,341,810,1002
402,244,225,174,121,157,383,297,816,1002
639,466,172,134,101,132,376,316,796,1002
646,450,318,243,179,249,429,317,774,1002
414,268,119,95,68,89,342,646,863,1002
286,248,127,85,76,113,342,206,745,1003
520,312,330,264,174,230,444,640,834,1003
547,378,222,182,132,165,406,340,783,1004
293,218,211,158,118,159,356,320,819,1004
533,388,158,107,80,125,378,240,805,1004
590,429,189,147,116,152,347,305,809,1004
554,307,340,254,170,243,451,647,832,1004
395,271,230,168,123,172,382,450,809,1004
321,262,227,148,102,162,517,331,804,1004
605,404,303,190,126,216,430,461,771,1004
354,275,199,143,114,159,437,332,776,1005
308,233,169,146,113,134,351,301,811,1005
494,350,230,161,116,174,499,320,792,1005
466,299,301,242,162,216,402,357,802,1005
686,450,265,182,129,192,465,347,799,1005
659,436,267,193,139,203,446,385,808,1006
487,329,227,174,132,176,476,320,789,1006
423,284,178,140,108,141,381,326,785,1006
468,341,158,129,97,125,385,322,770,1006
434,331,187,123,107,165,467,335,787,1006
318,247,118,88,70,97,350,326,807,1006
423,300,216,154,107,159,390,379,832,1006
468,284,229,180,131,171,471,329,789,1007
312,225,215,160,111,163,322,316,817,1007
644,468,178,147,113,142,393,407,785,1007
373,241,300,247,172,226,486,327,808,1007
505,287,344,254,158,237,443,568,814,1007
571,314,322,242,134,196,403,627,886,1007
475,321,215,166,118,165,378,396,805,1007
463,287,389,275,191,293,409,350,815,1008
396,326,169,131,113,141,363,319,789,1008
386,271,201,147,114,160,367,312,818,1008
372,296,158,119,96,130,352,318,803,1008
290,203,242,175,119,174,396,358,822,1008
581,340,490,374,208,309,515,643,845,1008
589,322,382,291,146,211,468,757,871,1009
290,162,44,19,59,116,493,25,568,1009
601,454,150,110,88,122,380,332,785,1009
572,392,287,219,169,228,393,492,749,1009
331,231,310,223,162,235,455,187,763,1009
502,411,135,104,88,115,329,295,749,1009
405,259,222,176,129,164,411,389,811,1009
626,396,271,203,135,195,406,390,824,1009
405,296,248,171,137,203,405,348,826,1009
370,198,172,121,72,113,581,1,195,1009
260,168,140,111,83,108,345,303,806,1010
469,350,248,166,132,205,366,293,820,1010
392,288,197,130,98,156,395,323,797,1010
453,319,274,194,146,216,407,540,776,1010
567,401,252,199,152,195,398,298,768,1010
435,266,220,161,109,161,406,329,787,1010
637,398,282,210,153,210,424,372,803,1010
595,349,335,246,171,243,502,600,850,1010
539,393,151,111,84,118,356,328,772,1010
604,426,185,140,103,144,385,314,796,1011
468,325,232,163,121,182,401,347,823,1011
490,281,244,173,125,181,472,475,814,1011
545,275,371,279,165,242,482,623,855,1011
691,410,307,226,152,214,439,575,776,1011
719,418,491,356,244,358,549,658,849,1011
734,467,328,232,158,236,462,475,836,1011
417,252,230,170,113,159,395,550,805,1012
234,162,255,201,143,189,332,467,779,1012
450,341,197,144,116,163,358,330,774,1012
606,402,486,363,239,343,550,536,802,1012
685,410,176,148,112,138,494,327,783,1012
714,458,313,241,153,224,440,518,787,1012
561,353,339,237,163,243,429,560,842,1012
639,331,267,210,141,188,532,323,782,1012
468,307,312,235,163,223,345,631,802,1012
583,328,439,295,193,315,439,873,886,1012
358,246,242,178,129,185,382,346,815,1013
550,405,126,101,80,102,372,326,804,1013
673,399,313,250,164,215,415,610,829,1013
406,321,215,157,124,179,438,328,766,1013
223,150,237,189,134,174,332,394,811,1013
321,260,148,115,88,114,446,53,677,1013
488,316,234,175,119,171,419,415,809,1013
329,273,133,99,80,110,319,319,753,1013
587,375,250,186,134,184,421,476,771,1013
544,395,170,134,102,133,388,335,825,1014
338,251,133,100,76,104,333,326,822,1014
553,274,431,312,164,243,408,870,856,1014
376,308,131,92,78,112,322,156,762,1014
575,353,306,231,154,221,428,644,833,1014
586,376,301,245,162,208,411,453,818,1014
393,226,294,227,146,203,387,597,820,1014
476,300,225,147,99,160,404,314,827,1014
489,357,198,165,131,158,406,328,784,1014
636,461,218,179,132,165,420,344,813,1014
557,403,217,163,137,182,408,464,832,1014
492,349,194,144,106,146,395,315,774,1014
512,358,394,268,192,297,439,599,864,1014
494,283,237,165,111,172,449,591,780,1015
474,339,230,167,120,174,366,293,819,1015
307,211,127,96,71,96,372,207,791,1015
569,423,222,162,116,167,448,390,795,1015
397,253,227,172,119,167,376,321,786,1015
546,358,361,263,195,276,529,606,833,1016
438,279,158,109,83,125,465,331,808,1016
440,344,149,120,100,126,370,318,814,1016
699,448,312,234,162,225,544,341,840,1016
576,376,298,197,134,216,408,415,826,1016
237,187,173,122,92,136,332,293,812,1016
568,394,292,202,150,220,434,560,806,1016
456,358,174,115,94,143,365,292,783,1016
549,408,221,174,142,186,390,314,776,1016
459,308,272,190,145,210,427,477,792,1017
503,265,196,145,79,113,376,1023,890,1017
603,412,277,201,142,202,407,301,823,1017
460,319,197,163,120,152,386,399,803,1017
372,268,175,128,101,142,354,358,791,1017
248,174,243,162,107,169,424,345,787,1018
356,258,234,163,109,166,380,340,820,1018
410,298,187,127,90,140,388,308,802,1018
601,439,219,181,144,176,384,302,817,1018
672,454,229,172,127,174,401,389,828,1018
487,350,302,232,168,229,462,524,832,1018
651,407,317,258,168,215,427,546,811,1018
537,399,207,160,128,172,405,323,811,1018
247,187,184,129,94,139,377,315,813,1018
348,227,229,175,123,166,372,362,821,1018
480,354,128,87,66,101,319,309,805,1019
241,173,213,154,115,164,317,361,813,1019
428,305,181,142,121,158,406,240,732,1019
374,256,202,145,107,156,396,370,821,1019
419,248,222,160,103,154,413,481,822,1019
473,365,223,183,152,186,425,319,802,1019
604,392,269,195,137,196,384,605,830,1019
630,425,302,230,150,207,381,490,809,1019
376,239,247,173,116,178,417,358,799,1020
570,393,246,180,137,192,415,324,791,1020
579,356,231,162,108,161,392,346,823,1020
705,441,219,163,103,150,420,409,768,1020
728,432,273,202,130,181,449,510,810,1020
347,229,176,125,91,131,376,319,819,1020
669,414,254,188,131,180,427,502,798,1020
486,366,179,145,105,134,369,298,794,1020
542,285,320,233,146,215,452,630,875,1020
681,461,330,220,170,264,408,504,815,1020
628,427,237,174,125,176,403,326,809,1021
613,387,177,138,90,124,384,313,806,1021
460,340,191,156,121,155,358,300,799,1021
703,458,360,256,177,263,426,539,807,1021
410,247,238,181,120,165,392,550,822,1021
301,215,136,106,83,107,316,323,812,1021
550,421,188,130,102,149,366,319,801,1021
447,353,130,103,82,107,349,300,772,1021
698,492,250,183,139,195,401,317,806,1022
378,302,142,113,96,124,341,324,786,1022
408,293,190,140,110,154,345,309,777,1022
544,352,246,159,111,179,405,361,817,1022
439,235,359,248,147,233,453,623,832,1022
386,275,173,125,92,133,365,318,818,1023
556,339,260,177,125,192,488,499,774,1023
438,246,287,215,141,204,419,458,783,1023
646,357,264,191,122,181,470,460,788,1023
310,250,169,132,106,142,359,314,809,1023
668,423,209,145,94,144,448,542,826,1023
612,453,222,158,125,182,369,307,795,1023
